serial,property,apartment,fwVer,fwVerTi,gain,up_ppk,dn_ppk,qual,tnormStddev
79464101,Blue Sky Village MHC,21,16131,296,55,3040,3035,100,639
70272479,Eastwood Hills MHC,EH7,16185,314,55,3036,2793,100,1187
72380999,Aurora MHC,260,16131,296,50,2999,2854,100,390
70266620,PW2,3124LINDA,17037,344,47,2942,2820,100,2128
72381559,Rustic Acres MHC,54,16185,314,55,2919,2820,100,287
70260342,Kingsbrook MHC,306CA,16131,296,55,2895,2881,100,848
65825047,Estancia MHP,134,16185,314,50,2886,2987,100,113
75361038,Parkway MHC,65,16130,296,55,2852,2775,100,866
72386574,Chickadee Lane MHC,822-CHICKADEE,16185,314,45,2846,2850,100,1038
72383464,Whispering Pines Mobile Estates,404,16185,314,55,2814,2902,100,95
79461966,Paola MHC,14,16185,314,50,2805,2678,100,402
79455703,Shirlee's MHP,7,17032,344,47,2794,2909,100,788
72384587,Virginia Beach,168,17037,344,47,2778,2949,100,1548
79461909,Shirlee's MHP,1,17032,344,55,2777,2760,100,4252
79461131,Holly Tree MHP,32,16185,314,50,2776,2685,100,4559
72714977,Kay Bee Mobile Villa MHP,8,16131,296,45,2768,2593,100,2015
79455877,Shirlee's MHP,5,17032,344,44,2755,2861,100,1021
72390287,Virginia Beach,82,17037,344,53,2754,2753,100,1135
75363125,Kay Lou MHC,2621-M,16131,296,50,2741,2699,100,1725
79459408,Shirlee's MHP,15,17032,344,53,2740,2796,100,2441
70258619,Green Grove Trailer Court MHC,21,16131,296,45,2726,2710,100,1099
72385006,Virginia Beach,148,17037,344,41,2723,2583,100,3155
79463319,Virginia Beach,171,17037,344,55,2720,2733,100,365
72382995,Virginia Beach,93,17037,344,44,2705,2736,100,1421
79465835,Rustic Acres MHC,1,17037,344,41,2687,2824,66,5278
70268923,Rustic Acres MHC,44,16185,314,55,2679,2716,100,50
70262447,Whispering Pines Mobile Estates,317,17037,344,50,2642,2498,66,5213
70272222,Rusk MHC,2A,17037,344,47,2639,2669,100,2421
72385733,Virginia Beach,207,17037,344,44,2624,2524,100,1784
79459929,Shirlee's MHP,9,17032,344,47,2609,2773,100,397
70263254,PW2,5189JUSTIN,16185,314,55,2585,2333,100,4808
72716113,Riverview Apartments MF,28,17037,344,44,2580,2565,100,2480
75373819,Rush MHC,10,17037,344,47,2538,2516,100,1160
65826979,PW2,3107LINDA,16185,314,45,2517,2538,100,2262
75366706,Roosevelt MHC,18,16131,296,50,2510,2513,100,437
75367571,Stafford MHC,526,17037,344,44,2508,2503,100,4825
70272669,Parker MHC,29,17037,344,47,2500,2501,100,2887
75361244,Cactus Flower,Laundry,17037,344,50,2493,2301,100,2356
72392325,Virginia Beach,143,17037,344,50,2491,2736,100,3494
72387259,Crystal Acres MHC,45,17032,344,44,2481,2669,100,2013
70271877,Hillview MHC,19A,17037,344,55,2471,2367,100,322
72383928,Sunnyvale MHP,119,16131,296,45,2454,2465,100,2713
72724075,Oak Forest Estate MHC,32,17037,344,50,2448,2564,100,1075
72382508,Virginia Beach,195,17037,344,41,2441,2613,100,890
77053264,Aurora MHC,210,16131,296,45,2434,2599,100,1720
75367100,Shady Lane MHP,5033 Spruce Lane,17037,344,41,2434,2393,100,1111
75361251,Broadway MHP DesMoines,26,17037,344,35,2419,2604,100,3322
79461768,Shady Lane MHP,21 Maple Lane,17028,341,44,2411,2574,100,2200
65824586,Ontario Place MHC,5,16185,314,40,2402,2370,100,2859
79466676,Shirlee's MHP,6,17032,344,55,2350,2333,100,443
72391418,Sunview MHP,21,17037,344,41,2347,2753,66,6738
70262256,Ontario Place MHC,58,16185,314,50,2345,2275,100,478
72381633,Crystal Acres MHC,43A,17032,344,47,2345,2342,100,469
79458236,Broadway MHP DesMoines,14,17037,344,50,2304,2303,100,3847
77055632,Kingsbrook MHC,724MI,16131,296,45,2293,2201,100,307
79462733,Holly Tree MHP,83,16185,314,40,2281,2164,100,509
79462022,Holly Tree MHP,68,16185,314,40,2273,2207,100,290
72385741,Roosevelt MHC,59,16131,296,40,2266,2277,100,328
79465926,Grand Valley Estates MHC,12-WOODLYNVALLEY-DR,17037,344,32,2256,2239,100,281
72382722,Ponderosa MHC,17,17037,344,35,2252,2143,100,701
72392309,Virginia Beach,132,17037,344,38,2250,2195,100,416
75374494,Highlands MHC,9A,17037,344,44,2249,2331,100,572
75366326,Oswego MHP,LOT12,17037,344,44,2242,2228,100,380
75363885,Kay Lou MHC,2604-M,16131,296,50,2241,2276,100,245
77058370,Oak Forest Estate MHC,22,17037,344,35,2239,2223,100,161
75366912,Virginia Beach,86,17037,344,38,2239,2192,100,478
68584240,Parkview MHP,42,17037,344,44,2238,2192,100,376
65829684,Ponderosa MHC,27,17037,344,44,2209,2192,100,472
75365625,Grand Valley Estates MHC,136-SONOMAVALLEY-DR,17037,344,35,2204,2233,100,302
75365567,Roosevelt MHC,85,16131,296,50,2204,2245,100,495
72380049,Virginia Beach,215,17037,344,47,2200,2252,100,410
79456487,Virginia Beach,201,17037,344,38,2189,2213,100,468
75368181,Broadway MHP DesMoines,25,17037,344,44,2186,2328,100,793
72724216,Shelby's Trailer Park,LOT16,16131,296,35,2183,2154,100,220
72381708,Rusk MHC,54,17037,344,38,2177,2064,100,250
72380452,Sunnyvale MHP,133,16131,296,40,2176,2168,100,564
70267495,Parkview MHP,12,16185,314,40,2174,2285,100,332
70266117,Backwater MHC,38,17032,344,41,2173,2265,100,628
75372910,Running Springs MHP,15,17037,344,38,2172,2174,100,289
72386228,Virginia Beach,199,17037,344,41,2158,2220,100,204
72379447,Ontario Place MHC,99,16185,314,55,2149,2140,100,376
72391269,Holly Tree MHP,76,16185,314,50,2144,2207,100,298
77061804,Hydetown Mobile Estates,5,16131,296,55,2143,2160,100,346
75496388,Virginia Beach,91,17037,344,41,2140,2038,100,265
75371227,Heritage Apartments,201,16131,296,35,2140,2077,100,66
70260474,Backwater MHC,46,17032,344,35,2126,2053,100,221
75365484,Roosevelt MHC,95,16131,296,50,2123,2208,100,260
70259740,Country Squire MHC,53B,16185,314,40,2122,2159,100,627
79466452,Shady Lane MHP,144 Shady Lane - Test,17028,341,44,2119,2125,100,248
70263288,Piney Park,42,16185,314,35,2113,2052,100,92
72389115,Crystal Acres MHC,7,17032,344,50,2112,1974,100,108
79461040,Roosevelt MHC,106,16131,296,40,2110,2181,100,212
75368488,Broadway MHP DesMoines,8,17037,344,47,2106,2134,100,131
72380288,Rusk MHC,58,17037,344,47,2104,2100,100,181
75369494,Pleasant Acres,33,16131,296,35,2102,2061,100,350
79461388,Holly Tree MHP,58,16185,314,35,2093,1998,100,243
75363505,Pleasant Acres,42,17037,344,35,2085,2054,100,130
79461537,Virginia Beach,15,17037,344,35,2085,1974,100,34
65830047,Oakwood MHP,90,16185,314,45,2080,2109,100,234
72382656,Virginia Beach,248,17037,344,38,2053,2081,100,41
77053868,The Oaks MHC,12,16131,296,55,2045,1981,100,246
75365146,Grand Valley Estates MHC,53-GRANDVALLEY-DR,17037,344,41,2014,1870,100,350
72383647,Hillview MHC,2,17037,344,53,2013,1931,100,282
79456115,Broadway MHP DesMoines,16,17037,344,53,2013,1921,100,258
75367506,Roosevelt MHC,6,17037,344,47,2008,1944,100,106
79463145,Kay Bee Mobile Villa MHP,57,16131,296,35,2007,2071,100,142
77054049,Aurora MHC,124,16131,296,30,2006,1938,100,162
72723762,Coleman Village MHC,150,17037,344,53,2006,1960,100,199
72390154,Virginia Beach,172,17037,344,44,1993,1834,100,288
79462774,Ontario Place MHC,62,17037,344,35,1991,1976,100,164
75366300,Kay Lou MHC,2602-I,16131,296,40,1991,1980,100,176
72389222,Canada,A1TC,17037,344,44,1990,2100,100,222
75365260,Willapa Shores,9,17028,341,38,1984,1910,100,264
72393018,Stafford MHC,520,17037,344,50,1981,2052,100,133
70262553,Virginia Beach,225,17037,344,35,1977,1981,100,135
79463558,Virginia Beach,131,17037,344,29,1973,2003,100,174
70261001,PW2,3132LINDA,16185,314,45,1971,1954,100,247
72379264,Crystal Acres MHC,1,17037,344,50,1961,2121,100,460
79461271,Paola MHC,19,17037,344,35,1960,1978,100,461
72721287,Kay Bee Mobile Villa MHP,59,16131,296,50,1960,1952,100,137
70263619,Ponderosa MHC,64,17037,344,35,1956,1933,100,173
72383332,Virginia Beach,98,17037,344,44,1952,1896,100,183
72724471,Riverview Apartments MF,25,17037,344,44,1951,1981,100,32
75363323,River Bend,30,17037,344,50,1951,1937,100,302
75369676,Oak Tree MHP,15,16130,296,35,1948,1963,100,183
75369965,Highland Terrace,A,16185,314,35,1946,1994,100,111
75363596,Big Country Mobile Home & RV Park,3606-B,17037,344,38,1937,1962,100,221
72719216,Riverview Apartments MF,29,17037,344,44,1935,1958,100,39
70268832,Shady Lane MHP,116 Shady Lane,17028,341,26,1932,1975,100,41
70269707,Country Squire MHC,5,16185,314,45,1929,1874,100,84
72386251,Virginia Beach,43,17037,344,41,1924,1926,100,204
75367878,Grand Valley Estates MHC,4-DOUBLETREE-CT,17037,344,44,1922,1891,100,442
70263049,Chickadee Lane MHC,201-TOWHEE,16185,314,50,1916,2010,100,274
75367928,Parkway MHC,51,17032,344,44,1914,2021,100,102
75366573,Roosevelt MHC,89,16131,296,40,1908,1853,100,150
65824917,Shady Lane MHP,40 Maple Lane APT #0,17028,341,26,1901,1910,100,42
72720628,Kachina,2,16131,296,55,1898,1918,100,133
75372654,Noble Estates MHC,562,17037,344,32,1898,2050,100,359
72378779,Holly Tree MHP,36,16185,314,35,1885,1915,100,25
79461529,Country Squire MHC,74,16185,314,40,1879,1837,100,65
70261472,Piney Park,11,16185,314,45,1876,1829,100,263
70268774,Rusk MHC,37,17037,344,38,1876,1872,100,77
75372548,Virginia Beach,92,17037,344,44,1875,1862,100,46
72715180,Little Acres MHC,3,17037,344,35,1867,1858,100,243
79458392,Broadway MHP DesMoines,13,17037,344,41,1866,1709,100,447
75366540,Roosevelt MHC,91,16131,296,35,1865,1818,100,201
75371813,Broadway MHP DesMoines,22,17037,344,50,1864,1994,100,500
72720578,Backwater MHC,12,17032,344,35,1862,1941,100,87
72714910,Roosevelt MHC,86,16131,296,50,1853,1979,100,120
75364057,Rusk MHC,7,17037,344,47,1852,1982,100,492
75361723,Heritage Apartments,B5,16131,296,40,1849,1923,100,74
75363588,Pleasant Acres,9,16131,296,35,1846,1895,100,730
75372050,Rusk MHC,16,17037,344,47,1841,1856,100,317
75361194,Stafford MHC,254,17037,344,41,1839,1900,100,42
75369890,Grand Valley Estates MHC,4-DOUBLETREE-DR,17037,344,38,1838,1942,100,41
72392580,Westview Mobile Estates MHC,119,17037,344,50,1838,1850,100,185
75360196,Roosevelt MHC,124,16131,296,40,1838,1949,100,184
75368439,Shady Lane MHP,44 Shady Lane,17028,341,41,1836,1889,100,119
65824388,Parkview MHP,D68,17037,344,44,1834,1785,100,398
72383803,Minot Gardens MHC,1,17037,344,32,1834,1844,100,23
77059246,Steve Schneiter 5YR 5plex-CO,1579,17037,344,35,1830,1840,100,51
72719315,Parker MHC,41,17037,344,38,1828,1852,100,252
79460315,Oswego MHP,LOT15,17037,344,50,1826,1742,100,287
65823950,Parkway MHC,17,17032,344,41,1824,1953,100,97
65830088,Forest at Sherman MHC,56,17037,344,35,1823,2053,100,226
72389750,Westview Mobile Estates MHC,117,17037,344,38,1820,1971,100,177
72387267,La Comunidad MHC,22,17037,344,35,1816,1888,100,377
72719620,Rusk MHC,23,17037,344,47,1814,1756,100,301
72382011,Rustic Acres MHC,50,17037,344,44,1812,1773,100,74
70266778,Chickadee Lane MHC,403-QUAILRUN,16185,314,50,1808,1982,100,379
75374593,Parkwood,5192JUSTIN,17037,344,38,1801,1833,100,34
72391996,Lafountaine MHC,136CC,16131,296,40,1795,1847,100,42
79462725,Holly Tree MHP,80,16185,314,40,1795,1855,100,75
72390626,Roosevelt MHC,142,16131,296,30,1787,1884,100,174
75371441,Rusk MHC,46,17037,344,35,1778,1818,100,128
75362283,Big Country Mobile Home & RV Park,3607-D,17037,344,41,1777,1765,100,201
72382631,Virginia Beach,228,17037,344,35,1774,1794,100,59
72722186,Backwater MHC,47,17032,344,32,1771,1755,100,30
72722046,Crystal Acres MHC,16,17032,344,38,1769,1756,100,38
77059287,Piney Park,7,16185,314,45,1768,1763,100,425
65828520,Shady Lane MHP,40 Maple Lane APT #4,17028,341,26,1765,1792,100,170
79460638,Grand Valley Estates MHC,4-BONEVALLEY-DR,17037,344,32,1765,1897,100,51
72380916,Virginia Beach,198,17037,344,41,1764,1899,100,206
65827720,Parkview MHP,20,16185,314,40,1759,1723,100,177
75368173,Heritage Apartments,B6,16131,296,50,1755,1749,100,82
79463160,Grand Valley Estates MHC,31-IMPERIALVALLEY-DR,17037,344,38,1755,1788,100,822
72716519,Riverview Apartments MF,APT16,17037,344,38,1749,1734,100,31
72720875,Kingsbrook MHC,301CA,16131,296,35,1749,1764,100,127
72722574,Riverview Apartments MF,2,17037,344,41,1746,1700,100,218
79462048,Holly Tree MHP,39,17037,344,35,1746,1707,100,785
75364024,Roosevelt MHC,41,16185,314,35,1740,1777,100,39
72722343,Kay Bee Mobile Villa MHP,35,16131,296,40,1739,1763,100,82
72380015,Whispering Pines Mobile Estates,127,16131,296,35,1734,1742,100,59
79463517,Crystal Acres MHC,15,17032,344,44,1731,1577,100,59
70262587,Virginia Beach,7,17037,344,38,1726,1670,100,47
75361921,Broken Arrow MHP,6119-197TH-ST,16131,296,45,1721,1765,100,57
79459507,Virginia Beach,48,17037,344,26,1717,1748,100,22
72384850,Ibiza Village2,5,17037,344,53,1713,1966,100,364
79466460,Grand Valley Estates MHC,1-AMOSVALLEY-DR,17037,344,29,1711,1744,100,94
72384066,Sunnyvale MHP,130,16185,314,35,1710,1738,100,195
70271448,Virginia Beach,189,17037,344,50,1709,1685,100,241
75365807,Kay Lou MHC,708-K,16131,296,50,1706,1721,100,68
70259179,Aurora MHC,191,16131,296,50,1698,1690,100,171
75368926,Haven MHP,23,16131,296,55,1696,1744,100,294
65830567,Estancia MHP,138,16185,314,55,1693,1825,100,195
72390451,Virginia Beach,111,17037,344,44,1693,1728,100,90
72719356,Roosevelt MHC,102,17037,344,38,1691,1500,100,46
79461321,Roosevelt MHC,47,16131,296,40,1690,1613,100,23
75368652,Grand Valley Estates MHC,4-IMPERIALVALLEY-DR,17037,344,38,1689,1581,100,251
79464390,Paola MHC,15,17037,344,35,1688,1790,100,169
72386509,Chickadee Lane MHC,928-TOWHEE,16185,314,45,1688,1692,100,42
70267966,Shady Lane MHP,40 Maple Lane APT #5,17028,341,26,1687,1682,100,19
72391954,Rusk MHC,48,17037,344,38,1684,1722,100,104
70269301,Crystal Acres MHC,41,17032,344,41,1683,1721,100,196
75360410,Noble Estates MHC,522,17032,344,35,1683,1424,100,272
70263767,Oak Forest Estate MHC,4,17037,344,44,1681,1785,100,402
72383431,Virginia Beach,97,17037,344,35,1680,1659,100,32
65822697,Parkview MHP,22,16130,296,50,1678,1733,100,295
70271802,Country Squire MHC,38,16185,314,40,1677,1664,100,39
79454474,Broadway MHP DesMoines,2,17037,344,44,1674,1731,100,52
72391772,Backwater MHC,39,17032,344,35,1674,1671,100,29
72720248,Kay Bee Mobile Villa MHP,4,16131,296,35,1673,1681,100,44
75371847,Parkwood,5206JUSTIN,17037,344,29,1670,1489,100,225
72392176,Virginia Beach,47,17037,344,41,1670,1591,100,51
72388760,Roosevelt MHC,R,16131,296,45,1669,1615,100,86
72382854,Chickadee Lane MHC,826-CHICKADEE,16185,314,35,1666,1659,100,30
70269475,Ponderosa MHC,9,17037,344,29,1663,1625,100,112
79460851,Virginia Beach,123,17037,344,26,1663,1660,100,44
75370914,Johnson's Trailer Park,34,17037,344,44,1661,1640,100,216
72714423,GenII Water Flow,NEW-3,17037,344,38,1659,1828,100,1704
70265192,Kingsbrook MHC,3215W,16131,296,35,1656,1690,100,39
70268915,Holly Tree MHP,56,16185,314,35,1655,1712,100,103
79465660,Heritage Apartments,D5,16131,296,40,1655,1648,100,106
75368694,Grand Valley Estates MHC,19-IMPERIALVALLEY-DR,17037,344,29,1655,1661,100,118
75362358,Grand Valley Estates MHC,45-GRANDVALLEY-DR,17037,344,35,1654,1552,100,768
75368256,Grand Valley Estates MHC,15-AMOSVALLEY-DR,17037,344,32,1654,1654,100,68
79466148,Heritage Apartments,E8,16131,296,35,1649,1709,100,88
72390196,Virginia Beach,174,17037,344,35,1647,1640,100,18
79468045,Haven MHP,19,16131,296,30,1646,1682,100,32
72390220,Virginia Beach,108,17037,344,35,1646,1712,100,81
75372795,Grand Valley Estates MHC,47-IMPERIALVALLEY-DR,17037,344,35,1645,1703,100,98
65829577,Holly Tree MHP,73,16185,314,25,1645,1641,100,41
79466296,Rustic Acres MHC,69,17037,344,32,1645,1615,100,53
72716279,Kingsbrook MHC,2810V,16131,296,40,1645,1651,100,37
77055400,Holly Tree MHP,50,17037,344,26,1644,1625,100,112
75362655,Big Country Mobile Home & RV Park,3606-D,17037,344,29,1642,1626,100,90
72391558,Parkview MHP,11,17037,344,44,1642,1616,100,95
77054619,Piney Park,16,16185,314,35,1638,1680,100,257
72721873,Hillview MHC,18,16131,296,55,1637,1685,100,255
72382433,Virginia Beach,183,17037,344,38,1636,1520,100,551
72716170,Crystal Acres MHC,17,17032,344,38,1634,1645,100,37
70273246,Deer Lake MHC,7,16131,296,55,1633,1628,100,157
72392598,Virginia Beach,138,17037,344,41,1631,1581,100,137
70267750,Virginia Beach,30,17037,344,29,1627,1665,100,23
79466353,Paola MHC,5,17037,344,35,1625,1604,100,49
75365914,Pleasant Acres,32,16131,296,35,1618,1701,100,30
65825385,Aurora MHC,149,16131,296,50,1615,1615,100,111
77058461,Kingsbrook MHC,722EL,16131,296,55,1613,1639,100,182
72390279,Kay Lou MHC,2617-M,17032,344,35,1610,1599,100,38
70264088,Carolina Springs MHP,CSP111-1769-GILMOREST,16131,296,50,1608,1574,100,164
75367647,Grand Valley Estates MHC,16-DOUBLETREE-CT,17037,344,26,1606,1536,100,124
73276865,Lake of the Pines Community Association,115-KMB,17037,344,32,1604,1564,100,29
70262389,Rusk MHC,14,17037,344,38,1597,1621,100,42
72390295,Virginia Beach,67,17037,344,53,1596,1605,100,86
72388034,Virginia Beach,193,17037,344,41,1595,1638,100,31
79464168,Holly Tree MHP,79,16185,314,30,1594,1615,100,62
65827761,Estancia MHP,123,16185,314,55,1591,1598,100,499
72390436,Kay Lou MHC,704-K,16131,296,45,1591,1499,100,66
72385204,Ponderosa MHC,24,17037,344,38,1590,1534,100,101
75362168,Grand Valley Estates MHC,48-GRANDVALLEY-DR,17037,344,29,1590,1642,100,128
72385923,Kay Bee Mobile Villa MHP,16,16131,296,30,1587,1521,100,40
75362846,Shelby's Trailer Park,LOT12,16131,296,30,1586,1548,100,139
72714563,Oak Grove MHC,B,16131,296,35,1586,1594,100,27
79461073,Holly Tree MHP,34,16185,314,30,1586,1584,100,36
72382326,Virginia Beach,237,17037,344,26,1584,1577,100,82
72388307,Parkway MHC,43,17032,344,38,1581,1601,100,73
72388828,Westview Mobile Estates MHC,30,17037,344,41,1579,1506,100,65
75371342,Roosevelt MHC,81,16131,296,55,1576,1587,100,151
72383381,Virginia Beach,212,17037,344,35,1575,1533,100,38
72715453,Backwater MHC,35,17032,344,32,1572,1647,100,28
72389016,Ponderosa MHC,23,17037,344,50,1570,1545,100,263
75367662,Big Country Mobile Home & RV Park,3501-D,16130,296,30,1568,1554,100,180
70262058,Kingsbrook MHC,710GR,16131,296,35,1564,1617,100,56
77056184,Aurora MHC,240,16131,296,40,1557,1597,100,31
72715149,Rusk MHC,27,17037,344,47,1556,1488,100,359
70272123,Carolina Springs MHP,CSP43-1745-GIBSONST,16131,296,30,1553,1579,100,27
75368736,Willapa Shores,5,17028,341,44,1551,1658,100,48
72387325,Rusk MHC,50,17037,344,55,1550,1386,100,207
72384512,Virginia Beach,54,17037,344,44,1547,1503,100,59
72722020,Hillview MHC,14,16131,296,45,1543,1614,100,87
65825542,Carolina Springs MHP,CSP4-1788-GIBSONST,17037,344,35,1542,1524,100,57
77061457,Piney Park,C,16185,314,35,1542,1517,100,132
65831078,PW2,3139LINDA,17037,344,44,1541,1564,100,64
72722921,Crystal Acres MHC,25,17032,344,47,1540,1550,100,93
72383779,Virginia Beach,38,17037,344,47,1539,1538,100,88
72714290,Kingsbrook MHC,611FE,16131,296,30,1537,1580,100,30
72380106,Virginia Beach,88,17037,344,38,1531,1449,100,108
75370500,Tuttle Estates MHC,14,16130,296,30,1530,1520,100,53
72722897,Riverview Apartments MF,APT27,17037,344,38,1524,1580,100,41
72723051,Little Acres MHC,9,17037,344,41,1523,1555,100,110
75369882,Grand Valley Estates MHC,18-DOUBLETREE-CT,17037,344,41,1521,1546,100,91
72386152,Virginia Beach,160,17037,344,35,1519,1506,100,36
72392382,Holly Tree MHP,55,16185,314,30,1518,1523,100,51
79454565,Holly Tree MHP,33,16185,314,35,1518,1554,100,104
75361681,Hillview MHC,21A,17037,344,38,1516,1488,100,145
72385170,Virginia Beach,192,17037,344,47,1516,1582,100,78
72717897,Azulejo,1502,17037,344,32,1514,1494,100,66
70271646,Riverview Apartments MF,15,17037,344,35,1514,1444,100,46
65827670,Parkview MHP,83,17037,344,32,1511,1538,100,153
72388737,Chickadee Lane MHC,208-WHIPPOORWILL,16185,314,35,1506,1452,100,29
75370823,Grand Valley Estates MHC,13-GRANDVALLEY-DR,17037,344,35,1502,1537,100,23
77056721,Piney Park,30,16185,314,30,1500,1484,100,61
72715628,Roosevelt MHC,24,16131,296,50,1500,1530,100,162
70265143,Kingsbrook MHC,2806V,16131,296,40,1494,1595,66,5173
72379538,Crystal Acres MHC,50,17037,344,50,1494,1488,100,113
72387507,Backwater MHC,36,17037,344,41,1493,1518,100,48
72379181,Grand Central MHP,23,17037,344,47,1493,1528,100,108
79455810,Shirlee's MHP,10,17032,344,26,1487,1469,100,33
72715115,Eastwood Hills MHC,EH241,16185,314,50,1485,1530,100,91
72388505,Kay Bee Mobile Villa MHP,54,16131,296,35,1483,1434,100,33
79461644,Rustic Acres MHC,67,17037,344,29,1481,1516,100,54
75367613,Haven MHP,18,16131,296,30,1480,1497,100,89
72721675,Sunview MHP,22,17037,344,35,1477,1504,100,88
77036863,Sky Run,19,16131,296,45,1473,1554,100,54
75361673,Kay Bee Mobile Villa MHP,85,16165,302,45,1472,1469,100,91
77041962,Shady Lane MHP,40 Maple Lane APT #1,17028,341,26,1471,1471,100,16
70272305,Hoosier Park MHC,2,17037,344,53,1471,1508,100,114
72385881,Virginia Beach,222,17037,344,29,1469,1433,100,23
79455778,Parkwood,3237MARY,17037,344,26,1468,1453,100,67
72386442,Virginia Beach,164,17037,344,44,1468,1445,100,66
72716154,Oak Grove MHC,102,16131,296,30,1467,1424,100,47
75366961,Roosevelt MHC,93,16131,296,50,1467,1410,100,82
75373827,Shelby's Trailer Park,LOT36,16131,296,35,1466,1538,100,68
79461461,Grand Valley Estates MHC,23-AMOSVALLEY-DR,17037,344,41,1464,1534,100,578
79464762,Virginia Beach,64,17037,344,26,1464,1477,100,48
65824008,Kingsbrook MHC,602FE,16131,296,30,1462,1519,100,23
79454458,Rustic Acres MHC,41,17037,344,32,1460,1441,100,230
70262454,Grand Central MHP,20,16131,296,50,1460,1545,100,116
75367365,Grand Valley Estates MHC,7-LOVELLVALLEY-DR,17037,344,29,1459,1458,100,90
70259732,Oak Forest Estate MHC,37,17037,344,35,1458,1477,100,41
72379629,Backwater MHC,29,17032,344,35,1456,1460,100,44
72383274,Virginia Beach,114,17037,344,32,1453,1412,100,38
75374502,Estancia MHP,167,17037,344,38,1450,1486,100,65
72381773,Ontario Place MHC,91,16185,314,35,1449,1435,100,47
72390899,Virginia Beach,34,17037,344,26,1448,1455,100,15
72390089,Piney Park,55,16185,314,35,1444,1462,100,40
79455091,Grand Valley Estates MHC,24-WOODLYNVALLEY-DR,17037,344,29,1444,1401,100,76
75360691,Pleasant Acres,17,17037,344,41,1443,1807,100,164
75370096,Grand Valley Estates MHC,35-IMPERIALVALLEY-DR,17037,344,29,1442,1488,100,262
75362267,Shelby's Trailer Park,LOT40,16131,296,45,1442,1428,100,91
72379348,Crystal Acres MHC,51,17032,344,44,1439,1502,100,51
72389172,Parkview MHP,38,17037,344,41,1438,1454,100,125
72714076,Little Acres MHC,10,17037,344,29,1434,1396,100,41
75364107,Virginia Beach,112,17037,344,35,1433,1463,100,39
70261142,Ontario Place MHC,88,17037,344,41,1430,1443,100,69
75369023,Heritage Apartments,E5,16131,296,50,1430,1518,100,76
75364420,Grand Valley Estates MHC,18-LEHIGHVALLEY-DR,17037,344,29,1429,1486,100,185
75361020,Heritage Apartments,B4,16131,296,40,1428,1571,100,45
75364917,Big Country Mobile Home & RV Park,3603-D,17037,344,32,1424,1519,100,68
79465447,Kay Lou MHC,2611-I,17037,344,26,1423,1485,100,33
72390345,Roosevelt MHC,5,16131,296,35,1420,1409,100,32
72719729,Riverview Apartments MF,APT20,17037,344,35,1420,1414,100,34
72719018,Kay Bee Mobile Villa MHP,9,16131,296,35,1418,1440,100,146
75367035,Roosevelt MHC,87,16131,296,35,1416,1404,100,25
75372886,Roosevelt MHC,51,16131,296,40,1414,1382,100,145
72719760,Rusk MHC,9,17037,344,41,1411,1363,100,104
75369221,Haven MHP,15,16131,296,40,1408,1431,100,53
70259484,Kingsbrook MHC,690AS,16131,296,35,1407,1341,100,39
75367944,The O in La Marque,8,17037,344,41,1407,1313,100,46
72390253,Virginia Beach,187,17037,344,41,1404,1401,100,48
79458954,Virginia Beach,209,17037,344,35,1403,1388,100,39
79463533,Virginia Beach,75,17037,344,29,1402,1395,100,51
72385659,Virginia Beach,85,17037,344,38,1402,1412,100,147
79467070,Broadway MHP DesMoines,7,17037,344,41,1400,1366,100,44
72385980,Roosevelt MHC,131,16131,296,40,1398,1418,100,124
72392846,Roosevelt MHC,141,16131,296,30,1397,1436,100,25
72382045,Crystal Acres MHC,23,17037,344,47,1395,1473,100,99
72383571,Virginia Beach,41,17037,344,38,1394,1405,100,38
75360188,Kay Lou MHC,2603-I,16131,296,35,1394,1440,100,39
79460547,Kay Lou MHC,2626-I,16131,296,35,1393,1456,100,47
75369056,Grand Valley Estates MHC,33-STONEVALLEY-DR,17037,344,32,1392,1444,100,103
72718549,GenII Water Flow,NEW-5,17037,344,35,1390,1433,100,483
72385089,Rustic Acres MHC,68,16185,314,35,1389,1284,100,76
72382730,Country Squire MHC,46,16185,314,30,1386,1379,100,30
77054056,Oak Forest Estate MHC,14,17037,344,38,1383,1435,100,65
75371185,Grand Valley Estates MHC,22-AMOSVALLEY-DR,17037,344,38,1383,1366,100,66
72719273,Shelby's Trailer Park,LOT05,16131,296,30,1381,1362,100,32
72389024,Kay Lou MHC,2601-M,16131,296,30,1380,1363,100,25
72385428,Backwater MHC,43,17032,344,32,1380,1367,100,20
72718812,Little Acres MHC,5,17037,344,29,1378,1407,100,66
75364339,Big Country Mobile Home & RV Park,3605-C,16130,296,30,1377,1373,100,27
72383795,Carolina Springs MHP,CSP150-1860-BLAKEST,16131,296,30,1376,1357,100,30
77058669,Kingsbrook MHC,736MI,16131,296,25,1374,1396,100,29
70268212,Wildwood Estates MHC,42,17037,344,44,1372,1496,100,213
75364701,Flower Mound MHC,25,17037,344,41,1372,1409,100,36
70266968,Rustic Acres MHC,59,17037,344,26,1370,1380,100,70
75365419,Kay Lou MHC,2607-I,16131,296,50,1369,1330,100,112
72721246,Rusk MHC,42,17037,344,47,1368,1347,100,85
72386129,Westview Mobile Estates MHC,15,17037,344,38,1368,1434,100,40
72719141,Freedom MHP,77,16131,296,40,1367,1349,100,57
65823489,Shady Lane MHP,138,17028,341,26,1365,1348,100,24
77057281,Piney Park,62,16185,314,50,1362,1366,100,105
79461602,Virginia Beach,176,17037,344,26,1362,1306,100,39
70264211,Rustic Acres MHC,29,17037,344,35,1360,1352,100,64
77054957,Shady Lane MHP,40 Maple Lane APT #2,17028,341,26,1358,1374,100,17
77041954,Piney Park,71,16185,314,25,1356,1368,100,44
79464721,Kay Lou MHC,705-T,16131,296,40,1352,1391,100,198
72383829,Whispering Pines Mobile Estates,230,17037,344,26,1348,1340,100,19
65830112,Holly Tree MHP,8,16185,314,50,1347,1398,100,153
72386905,Chickadee Lane MHC,401-TOWHEE,16185,314,35,1347,1327,100,34
72714399,Kay Bee Mobile Villa MHP,44,16131,296,45,1346,1347,100,66
79462964,Virginia Beach,208,17037,344,38,1346,1344,100,51
75360378,Kay Bee Mobile Villa MHP,79,16131,296,35,1345,1366,100,27
70265275,Rusk MHC,21,17037,344,47,1343,1381,100,119
75368140,Grand Valley Estates MHC,14-WOODLYNVALLEY-DR,17037,344,26,1343,1380,100,56
72724034,Parkview MHP,13,17037,344,41,1342,1404,100,56
72384678,Crystal Acres MHC,13,17037,344,35,1340,1475,100,21
70267461,Kay Bee Mobile Villa MHP,52,16131,296,50,1337,1455,100,134
75370757,Kingsbrook MHC,660AS,16131,296,35,1337,1509,100,86
79466106,Kay Lou MHC,710-T,17037,344,26,1336,1348,100,71
79463210,Rustic Acres MHC,7,17037,344,35,1335,1304,100,78
77060236,Piney Park,38,16185,314,35,1331,1285,100,27
72716733,Ponderosa MHC,5,17037,344,38,1331,1334,100,137
72722459,Spruce Valley Condominiums,313,16185,314,35,1331,1364,100,81
65827514,PW2,5197JUSTIN,17037,344,44,1328,1363,100,368
70260052,Ontario Place MHC,141,17037,344,44,1328,1259,100,47
72383712,Crystal Acres MHC,44,17032,344,32,1328,1305,100,31
72390337,Virginia Beach,104,17037,344,35,1328,1347,100,1317
65826318,The Oaks MHC,22,16131,296,30,1327,1329,100,32
72392101,Kay Lou MHC,2611-M,17037,344,26,1326,1402,100,34
72390386,Virginia Beach,70,17037,344,32,1325,1296,100,27
72717095,Crystal Acres MHC,47,17032,344,35,1321,1312,100,32
75361293,Johnson's Trailer Park,10,17037,344,47,1317,1307,100,69
79466387,The O in La Marque,16,17037,344,35,1317,1335,100,33
79455570,Roosevelt MHC,40,16131,296,30,1317,1299,100,20
79460497,Rustic Acres MHC,6,17037,344,29,1313,1380,100,286
75362457,Grand Valley Estates MHC,18-AMOSVALLEY-DR,17037,344,29,1311,1327,100,69
72385501,Ponderosa MHC,19,17037,344,38,1309,1306,100,123
77056523,Oak Forest Estate MHC,38,17037,344,44,1306,1282,100,179
72390527,Parkview MHP,54,17037,344,29,1306,1282,100,173
70271034,Kingsbrook MHC,508ED,16131,296,50,1305,1360,100,134
72388950,Roosevelt MHC,149,16131,296,55,1304,1281,100,230
75365864,Kay Lou MHC,2600-M,16131,296,45,1304,1286,100,84
70260706,Ibiza Village2,19,17037,344,47,1302,1302,100,78
75372035,The O in La Marque,3,17037,344,29,1302,1337,100,1141
75374734,Grand Valley Estates MHC,25-AMOSVALLEY-DR,17037,344,29,1302,1352,100,463
75362598,Heritage Apartments,A1,16131,296,40,1301,1322,100,88
72714753,Kingsbrook MHC,2611T,16131,296,35,1298,1339,100,58
72722004,Kay Bee Mobile Villa MHP,5,16131,296,35,1298,1310,100,48
70266554,Piney Park,34,16185,314,40,1297,1308,100,113
77054254,Kingsbrook MHC,708GR,16131,296,35,1297,1308,100,34
77041681,Canada,LVB19,16185,314,55,1297,1299,100,114
75368363,Hydetown Mobile Estates,19,17037,344,26,1294,1215,100,17
72388851,Virginia Beach,100,17037,344,35,1294,1341,100,43
70266372,Sunview GenII,19,17037,344,35,1292,1340,100,31
65828595,Parkwood,3133LINDA,17037,344,35,1291,1285,100,92
70259633,Kingsbrook MHC,2605T,16131,296,40,1291,1320,100,52
75366409,Hydetown Mobile Estates,18,17037,344,35,1290,1285,100,45
72387044,Rusk MHC,17,17037,344,26,1289,1238,100,29
72392671,Pleasant Acres,23,16131,296,30,1288,1260,100,33
72380759,Kay Lou MHC,2617-I,16131,296,40,1285,1226,100,58
72714936,Tuttle Estates MHC,7,17037,344,44,1285,1301,100,60
79466262,Grand Valley Estates MHC,14-AMOS,17037,344,29,1283,1307,100,514
75362531,Noble Estates MHC,526,17037,344,32,1283,1252,100,37
68584505,Coleman Village MHC,173,16185,314,50,1283,1304,100,75
72387572,Green Acres MHC,10,17037,344,41,1282,1209,100,77
72392838,Kay Bee Mobile Villa MHP,81,16131,296,50,1281,1262,100,310
77061978,Parkview MHP,30,17037,344,26,1280,1282,100,26
70263486,Rustic Acres MHC,56,16185,314,35,1279,1301,100,51
77057596,The Oaks MHC,37,16131,296,55,1278,1273,100,105
72386418,Virginia Beach,23,17037,344,38,1278,1290,100,210
72382581,Oak Forest Estate MHC,6,17037,344,26,1276,1276,100,44
70259120,Aurora MHC,155,16131,296,40,1275,1290,100,96
79461081,Grand Valley Estates MHC,20-STONEVALLEY-DR,17037,344,35,1275,1254,100,131
70267826,Ontario Place MHC,133,17037,344,38,1271,1214,100,44
70262579,Virginia Beach,66,17037,344,35,1270,1344,100,23
72385113,Chickadee Lane MHC,916-TOWHEE,17037,344,26,1269,1286,100,22
75364602,Grand Valley Estates MHC,58-GRANDVALLEY-DR,17037,344,26,1268,1299,100,62
75361392,Grand Valley Estates MHC,21-LOVELLVALLEY-DR,17037,344,32,1267,1258,100,119
72387150,Country Squire MHC,64A,16185,314,30,1267,1221,100,358
77060988,Aurora MHC,10,17037,344,26,1266,1227,100,159
72720016,Hillview MHC,19,16131,296,45,1266,1209,100,60
75364628,Roosevelt MHC,50,16131,296,35,1266,1311,100,29
72382920,Ontario Place MHC,64,16185,314,30,1265,1248,100,55
72382961,Chickadee Lane MHC,804-CHICKADEE,16185,314,30,1264,1274,100,44
72386897,Kingsbrook MHC,746AS,16131,296,30,1264,1279,100,26
75365427,Shady Lane MHP,132 Shady Lane,17028,341,38,1263,1303,100,52
72380809,Virginia Beach,22,17037,344,38,1263,1254,100,64
70265101,Roosevelt MHC,20,16131,296,35,1261,1296,100,35
72391004,Virginia Beach,76,17037,344,44,1261,1256,100,58
72724398,Tuttle Estates MHC,9,17037,344,26,1261,1289,100,43
70266141,Crystal Acres MHC,39,17032,344,41,1261,1260,100,133
75364271,Kay Lou MHC,703-K,16131,296,25,1260,1255,100,23
70262983,Pleasant Acres,20,16131,296,35,1259,1368,100,28
79461883,Auburn MHC,14,17037,344,44,1259,1284,100,53
65822226,Virginia Beach,52,17037,344,44,1259,1215,100,44
72378126,Oak Forest Estate MHC,28-CANTFINDATLOT,17037,344,47,1258,1254,100,181
72393042,Virginia Beach,1,17037,344,35,1255,1286,100,36
72380593,Virginia Beach,226,17037,344,35,1255,1172,100,27
79460976,The O in La Marque,8,16185,314,40,1254,1207,100,41
75373009,Noble Estates MHC,558,17037,344,29,1253,1269,100,359
72388117,Virginia Beach,36,17037,344,26,1253,1283,100,28
75368207,River Bend,40,17037,344,44,1252,1213,100,158
75366268,Grand Valley Estates MHC,4-STONEVALLEY-DR,17037,344,32,1252,1289,100,112
72720958,Kingsbrook MHC,305CA,16131,296,40,1250,1244,100,60
75505691,Shirlee's MHP,16,17032,344,32,1250,1189,100,44
72391905,Backwater MHC,30,17037,344,29,1249,1232,100,19
79457097,Shirlee's MHP,4,17032,344,38,1249,1257,100,53
72389149,Lafountaine MHC,102PV,16131,296,25,1248,1243,100,33
77057430,Minot Gardens MHC,51,17037,344,44,1248,1226,100,65
77061887,Kingsbrook MHC,741AS,16131,296,25,1247,1248,100,22
75369486,Shady Lane MHP,63 Shady Lane,17037,344,26,1247,1319,100,37
75362143,Country Edge MHC,401.5,16131,296,30,1243,1273,100,74
72386343,Chickadee Lane MHC,927-TOWHEE,16185,344,35,1243,1297,100,3207
79464408,Grand Valley Estates MHC,15-GRANDVALLEY-DR,17037,344,32,1242,1280,100,180
72386715,Virginia Beach,152,17037,344,41,1242,1205,100,56
72722913,Riverview Apartments MF,13,17037,344,32,1241,1119,100,31
72384181,Sunnyvale MHP,121,16131,296,40,1240,1338,100,83
75370773,The O in La Marque,22,16185,314,40,1238,1270,100,34
79456966,Grand Valley Estates MHC,20-DOUBLETREE-CT,17037,344,29,1238,1171,100,33
75366938,Shady Lane MHP,29 Maple Lane,17037,344,26,1237,1271,100,20
70268329,Steve Schneiter 5YR 5plex-CO,1595,17028,341,35,1236,1240,100,46
75367977,Oak Forest Estate MHC,34,17037,344,35,1235,1174,100,36
79460679,Auburn MHC,5,17037,344,44,1234,1204,100,74
77053165,Kingsbrook MHC,2803V,16131,296,30,1234,1257,100,43
70263718,Kingsbrook MHC,734EL,16131,296,35,1234,1218,100,49
72723036,Virginia Beach,233,17037,344,38,1232,1202,100,45
70262678,CJ,118,16131,296,50,1228,1181,100,139
72718721,Riverview Apartments MF,5,17037,344,26,1225,1188,100,18
72722301,Tuttle Estates MHC,4,17037,344,29,1225,1235,100,51
72714498,Noble Estates MHC,534,17037,344,26,1225,1284,100,56
72381567,Rusk MHC,19,17037,344,29,1224,1242,100,43
72714019,Hillview MHC,12,17037,344,44,1223,1247,100,720
72716907,Kay Bee Mobile Villa MHP,32,16131,296,30,1223,1238,100,66
72389099,Roosevelt MHC,153,16131,296,35,1222,1171,100,115
75366888,Noble Estates MHC,557,17037,344,38,1222,1247,100,89
65828017,Country Squire MHC,18,16185,314,25,1221,1214,100,18
75374882,Kay Lou MHC,710-K,17037,344,35,1220,1289,100,52
72721238,Eastwood Hills MHC,EH9,17037,344,38,1219,1266,100,218
72723366,Shelby's Trailer Park,LOT37,17037,344,38,1217,1206,100,130
72721154,Riverview Apartments MF,4,17037,344,29,1215,1219,100,25
75368413,Grand Valley Estates MHC,7-STONEVALLEY-DR,17037,344,29,1214,1366,100,1729
79454367,Virginia Beach,11,17037,344,32,1214,1172,100,35
70259187,Rusk MHC,51,17037,344,44,1213,1216,100,73
72383654,Ibiza Village2,7,17037,344,50,1212,1240,100,132
75369791,Roosevelt MHC,48,16131,296,35,1212,1244,100,29
72720263,8 OnElaine,"2314-1102,1202",17037,344,50,1211,1237,100,139
75370427,Hydetown Mobile Estates,42,17037,344,29,1207,1168,100,26
79454326,The O in La Marque,5,16185,314,30,1204,1204,100,31
79462899,Heritage Apartments,E4,16131,296,40,1204,1226,100,78
75374726,Grand Valley Estates MHC,46-LOVELLVALLEY-DR,17037,344,26,1202,1223,100,105
72382714,Virginia Beach,6,17037,344,32,1202,1147,100,38
75372456,Noble Estates MHC,516,16185,314,55,1202,1120,100,134
72388174,Virginia Beach,157,17037,344,35,1201,1207,100,25
75370211,Oak Tree MHP,0,16130,296,35,1199,1183,100,29
72385840,Virginia Beach,95,17037,344,32,1199,1192,100,45
72723077,Backwater MHC,6,17032,344,32,1198,1199,100,40
72379975,Virginia Beach,135,17037,344,35,1197,1149,100,33
77061762,Piney Park,28,16185,314,30,1196,1176,100,36
70269509,Roosevelt MHC,151,16131,296,35,1196,1226,100,41
72715008,Eastwood Hills MHC,EH50,16131,296,35,1195,1130,100,64
72381419,Ontario Place MHC,63,17037,344,29,1194,1211,100,26
75368710,Roosevelt MHC,34,16131,296,45,1194,1165,100,80
72386434,Stafford MHC,509,16131,296,45,1194,1213,100,75
72382441,Country Squire MHC,3520,16185,314,45,1194,1219,100,86
75361731,Noble Estates MHC,505,17037,344,41,1194,1144,100,51
72387556,Rusk MHC,13,17037,344,38,1193,1222,100,136
75370468,Noble Estates MHC,508,17032,344,26,1191,1187,100,36
65826078,Hydetown Mobile Estates,2,16131,296,30,1189,1182,100,32
72385238,Ponderosa MHC,14,17037,344,26,1187,1215,100,111
65828652,PW2,5186JOHN,16185,314,30,1186,1241,100,1942
79460745,Virginia Beach,84,17037,344,35,1185,1236,100,56
72392408,Holly Tree MHP,29,16185,314,35,1185,1198,100,41
75360220,Heritage Apartments,C4,16131,296,45,1185,1186,100,75
72383233,Virginia Beach,96,17037,344,29,1182,1162,100,31
79453633,Ibiza Village,8,17037,344,53,1182,1181,100,183
72383548,Holly Tree MHP,46,16185,314,35,1180,1203,100,216
79463087,Auburn MHC,23,17037,344,35,1179,1226,100,187
72391848,Rusk MHC,26,17037,344,26,1179,1167,100,54
75360063,Ponderosa MHC,68,17037,344,26,1178,1183,100,374
72724232,Roosevelt MHC,66,16131,296,50,1177,1150,100,363
77057570,Holly Tree MHP,16,17037,344,38,1176,1153,100,58
75372522,Hydetown Mobile Estates,4,17037,344,26,1174,1198,100,579
75366516,Willapa Shores,7,17028,341,41,1174,1169,100,57
75369015,Virginia Beach,69,17037,344,26,1174,1171,100,23
75368678,Grand Valley Estates MHC,7-LEHIGHVALLEY-DR,17037,344,32,1173,1122,100,61
77055467,Chickadee Lane MHC,825T,16131,296,25,1171,1149,100,20
72392390,Stafford MHC,113,17037,344,44,1171,1157,100,253
72378977,Whispering Pines Mobile Estates,322,16131,296,30,1171,1184,100,29
70267222,Maple Run MHP,18,17037,344,26,1170,1053,100,457
75362226,Roosevelt MHC,11,16131,296,25,1168,1143,100,32
75365088,Broadway MHP DesMoines,5,17037,344,35,1168,1202,100,31
75366094,Grand Valley Estates MHC,16-SHENNADOH-DR,17037,344,26,1167,1166,100,26
70258692,Rusk MHC,40,17037,344,44,1166,1165,100,73
75371276,Grand Valley Estates MHC,30-IMPERIALVALLEY-DR,17037,344,26,1165,1217,100,87
79464150,Rustic Acres MHC,53,16185,314,30,1163,1146,100,36
77061291,Parkwood,3398DONNA,16185,314,40,1163,1167,100,159
75374999,Pleasant Acres,11,16131,296,35,1161,1175,100,68
79454482,Grand Valley Estates MHC,108-SONOMAVALLEY-DR,17037,344,26,1161,1161,100,118
72383423,Stafford MHC,552,16131,296,50,1160,1214,100,157
79455646,Willapa Shores,19,17028,341,44,1160,1105,100,79
75373751,Roosevelt MHC,Q,16131,296,55,1159,1159,100,158
72723671,Oak Forest Estate MHC,19,17037,344,38,1159,1138,100,233
75371805,Grand Valley Estates MHC,8-DOUBLETREE-DR,17037,344,32,1159,1208,100,139
75373124,Hydetown Mobile Estates,24,16131,296,25,1157,1155,100,171
79463384,Heritage Apartments,E2,16131,296,50,1156,1149,100,135
70261290,PW2,5181JUSTIN,17037,344,41,1155,1204,100,56
75372639,Big Country Mobile Home & RV Park,3509-A,17037,344,26,1154,1154,100,24
75363083,Grand Valley Estates MHC,7-BONEVALLEY-DR,17037,344,26,1153,1210,100,59
77042085,Holly Tree MHP,61,16185,314,30,1151,1088,100,100
79465702,Kay Lou MHC,705-K,17037,344,41,1150,1162,100,51
72378423,Virginia Beach,244,17037,344,32,1150,1175,100,30
70263726,Chickadee Lane MHC,404-QUAILCIRCLE,16185,314,30,1149,1161,100,1825
75366581,Ibiza Village,17,17028,343,53,1147,1168,100,187
72378795,Carolina Springs MHP,CSP88-1712-GILMOREST,16131,296,50,1145,1120,100,357
75363091,Holly Tree MHP,6,16185,314,30,1145,1130,100,35
75369551,Pace East,45,16131,296,55,1144,1179,100,285
72378811,Piney Park,25,16185,314,45,1144,1137,100,67
75373389,Roosevelt MHC,32,16131,296,30,1144,1143,100,15
72385543,Ponderosa MHC,13,17037,344,32,1140,1182,100,118
75362234,Broadway MHP DesMoines,29,17037,344,44,1140,1206,100,76
77061283,Holly Tree MHP,78,16185,314,30,1139,1137,100,37
77053249,Kingsbrook MHC,735EL,16131,296,25,1138,1154,100,25
75367589,Virginia Beach,113,17037,344,29,1138,1123,100,24
70264187,Alta Vista MHC,46,16131,296,45,1135,1162,100,66
72392127,Stafford MHC,126,17037,344,55,1135,1104,100,169
72384538,Stafford MHC,547,16185,314,35,1133,1106,100,41
79462998,The O in La Marque,13,16185,314,40,1133,1200,100,54
75364503,Grand Valley Estates MHC,11-STONEVALLEY-DR,17037,344,35,1133,1196,100,79
72379942,Pleasant Acres,25,16131,296,35,1133,1036,100,51
65825799,The Oaks MHC,34,16131,296,55,1132,1128,100,573
68587987,Oakwood MHP,108,16185,314,40,1131,1120,100,98
75361616,Highland Terrace,59,16185,314,40,1131,1163,100,1187
72380312,Hoosier Park MHC,13,17032,344,47,1130,1120,100,280
72720032,Noble Estates MHC,519,17032,344,26,1130,1133,100,115
65828199,Estancia MHP,107,16128,295,35,1129,1098,100,61
72385626,Ponderosa MHC,7,17037,344,29,1129,1170,100,60
79455265,Stafford MHC,382,16185,314,40,1129,1173,100,61
72715040,Riverview Apartments MF,APT26,17037,344,32,1126,1089,100,35
75366045,Kay Lou MHC,2609-M,16131,296,30,1126,1121,100,29
77055129,Green Grove Trailer Court MHC,27,16131,296,45,1125,1128,100,71
75368876,Grand Valley Estates MHC,20-LOVELLVALLEY-DR,17037,344,29,1125,1148,100,100
72382094,Ontario Place MHC,85,17037,344,44,1124,1112,100,90
75360402,Kingsbrook MHC,770SU,16131,296,40,1123,1113,100,85
75360303,Ontario Place MHC,9,17037,344,35,1122,1124,100,164
72381252,Ibiza Village2,10,17037,344,50,1122,993,100,119
72721410,Crystal Acres MHC,14,17032,344,44,1122,1067,100,65
65828967,Aurora MHC,234,16131,296,50,1121,1081,100,148
75369072,Grand Valley Estates MHC,25-WOODLYNVALLEY-DR,17037,344,29,1121,1148,100,30
72385964,Virginia Beach,LAUNDRY,17037,344,35,1120,1137,100,256
77054122,Oak Forest Estate MHC,16,17037,344,32,1119,1128,100,251
75370328,Big Country Mobile Home & RV Park,3504-C,16130,296,30,1119,1140,100,27
77056119,Kingsbrook MHC,109AB,16131,296,40,1118,1138,100,44
72386335,Virginia Beach,247,17037,344,38,1118,1125,100,43
79466247,Kay Lou MHC,2609-I,16131,296,35,1116,1172,100,30
70262546,Virginia Beach,241,17037,344,29,1116,1101,100,73
72379454,Hoosier Park MHC,16,17037,344,44,1115,1114,100,114
75363331,Tuttle Estates MHC,13,16130,296,30,1115,1106,100,32
75362952,Bob Muye 5YR,ROBERT,16193,320,35,1115,1126,100,49
75366813,Grand Valley Estates MHC,22-SHENNADOH-DR,17037,344,26,1114,1129,100,123
65827027,Aurora MHC,227,16131,296,30,1111,1157,100,48
72716105,Kingsbrook MHC,302CA,16131,296,40,1111,1105,100,40
79462287,Grand Valley Estates MHC,6-SHENNADOH-DR,17037,344,26,1110,1147,100,58
75365500,Grand Valley Estates MHC,10-WOODLYNVALLEY-DR,17037,344,26,1109,1118,100,105
79460471,Lakeview MHC,15,17037,344,44,1108,1309,100,92
75374585,Parker MHC,53,17037,344,41,1108,1167,100,868
79455380,Virginia Beach,56,17037,344,32,1107,1134,100,886
77028506,Kingsbrook MHC,784AS,16185,314,40,1106,1090,100,70
79467138,Heritage Apartments,D8,16131,296,50,1106,1133,100,156
72723788,Coleman Village MHC,125,17037,344,44,1105,1124,100,82
75374544,Oswego MHP,LOT26,17037,344,26,1105,1088,100,28
79466270,Rustic Acres MHC,21,17037,344,26,1104,1098,100,32
75370062,Big Country Mobile Home & RV Park,3600-E,17037,344,29,1103,1127,100,37
72388141,Virginia Beach,185,17037,344,50,1102,1134,100,119
75366284,Kay Lou MHC,2500-I,16131,296,25,1101,1111,100,28
75367456,Heritage Apartments,B8,16185,314,35,1101,1095,100,63
70272610,Rustic Acres MHC,17,17037,344,26,1100,1119,100,49
70264534,Steve Schneiter 5YR 5plex-CO,1589,17028,341,47,1100,1067,100,114
75366011,Shady Lane MHP,96 Shady Lane,17037,344,26,1100,1172,100,25
70258932,Ontario Place MHC,154,17037,344,26,1099,1063,100,28
75372472,Bob Muye 5YR,SPRING,16193,320,55,1099,1101,100,146
79462766,Kay Lou MHC,2508-I,16131,296,35,1098,1077,100,53
79462923,Virginia Beach,109,17037,344,32,1098,1200,100,24
72724208,Running Springs MHP,18,17037,344,53,1097,1125,100,235
65825815,Aurora MHC,215,16131,296,30,1096,1133,100,33
65830054,Eastwood Hills MHC,TR330,16185,314,35,1094,1120,100,419
72380742,Chickadee Lane MHC,809-MOCKINGBIRD,16185,314,35,1094,1182,100,43
72391012,The Oaks MHC,17,16131,296,30,1093,1097,100,33
72722558,Rusk MHC,39,17037,344,38,1093,1072,100,367
75369411,Big Country Mobile Home & RV Park,3608-D,17037,344,38,1093,1104,100,46
75369163,Roosevelt MHC,70,16131,296,50,1093,1189,100,77
70272347,Parker MHC,9,17037,344,47,1092,1037,100,136
77029207,Holly Tree MHP,4,17037,344,26,1091,1084,100,24
72717236,Oak Tree MHP,6,16131,296,30,1090,1069,100,32
72717707,Spruce Valley Condominiums,411,16185,314,35,1090,1088,100,121
77041996,Holly Tree MHP,65,16185,314,20,1089,1096,100,722
65829395,Oaklawn Park HOA,3336SOC,16185,314,35,1089,1092,100,63
72382318,Virginia Beach,141,17037,344,35,1089,1120,100,29
75372555,Grand Valley Estates MHC,17-DOUBLETREE-CT,17037,344,26,1086,1129,100,150
75371144,Virginia Beach,71,17037,344,26,1085,1097,100,117
70261308,Aurora MHC,266,16185,314,40,1084,1093,100,51
75370302,Estancia MHP,66,16128,295,30,1084,1089,100,28
75371292,Big Country Mobile Home & RV Park,3510-D,16130,296,45,1083,1071,100,106
70267701,Stafford MHC,314,16131,296,30,1080,1103,100,39
72715321,Parkview MHP,48,16185,314,25,1079,1087,100,40
75367738,Grand Valley Estates MHC,55-GRANDVALLEY-DR,17037,344,35,1078,1092,100,108
75367027,Grand Valley Estates MHC,1-DOUBLETREE-DR,17037,344,26,1077,1074,100,24
77041871,Canada,LVC12,16185,314,25,1076,1039,100,32
75371318,Big Country Mobile Home & RV Park,3606-C,16130,296,30,1076,1072,100,33
72386269,Virginia Beach,65,17037,344,35,1076,1011,100,24
77053223,Lafountaine MHC,109FL,16131,296,25,1075,1064,100,128
70261779,La Comunidad MHC,39,17037,344,35,1074,940,100,55
79460901,Holly Tree MHP,35,16185,314,25,1074,1088,100,48
72715461,Big Country Mobile Home & RV Park,3508-E,16130,296,30,1074,1047,100,32
75367076,Pleasant Acres,29,16131,296,30,1073,1164,100,22
72716204,Roosevelt MHC,92,16131,296,45,1073,1100,100,80
72716592,Kay Bee Mobile Villa MHP,93,16131,296,30,1072,1092,100,69
72723903,Sunview MHP,7,17037,344,44,1072,1070,100,140
68612637,Parkview MHP,80,17037,344,26,1072,1178,66,7527
72714704,Piney Park,45,17037,344,35,1071,1091,100,43
75366102,Grand Valley Estates MHC,11-SHENNADOH-DR,17037,344,35,1071,1143,100,41
75366169,Auburn MHC,26,17037,344,32,1070,1022,100,61
79465884,The O in La Marque,21 ,16185,314,35,1069,1123,100,58
75360097,Grand Valley Estates MHC,18-BONEVALLEY-DR,17037,344,29,1069,1044,100,79
72383456,Ponderosa MHC,53,17037,344,29,1067,1203,100,43
75371870,Grand Valley Estates MHC,25-LOVELLVALLEY-DR,17037,344,26,1065,1091,100,64
72382664,Virginia Beach,205,17037,344,32,1065,1056,100,40
77055145,The Oaks MHC,20,16131,296,40,1064,1068,100,66
75360766,Holly Tree MHP,30,16185,314,30,1064,1035,100,130
70267735,Ontario Place MHC,68,17037,344,32,1062,1079,100,46
70271711,Eastwood Hills MHC,EH81,16131,296,40,1062,1079,100,47
75363729,Big Country Mobile Home & RV Park,3506-B,17037,344,29,1062,1015,100,76
72388521,Lafountaine MHC,109CC,16131,296,25,1061,1084,100,26
70272560,Rustic Acres MHC,62,17037,344,38,1061,1013,100,83
72393059,Country Squire MHC,71,16185,314,30,1061,1020,100,51
75368827,Virginia Beach,103,17037,344,32,1061,1100,100,17
75360964,Grand Valley Estates MHC,52-GRANDVALLEY-DR,17037,344,29,1058,1094,100,105
72388190,Ponderosa MHC,15,17037,344,41,1058,1064,100,598
79466890,Stafford MHC,290,16185,314,30,1058,1048,100,25
72381161,Ontario Place MHC,39,17037,344,29,1057,1032,100,27
72380221,Lakeroad Village RV Park,7,16131,296,40,1056,1047,100,51
70269996,Rustic Acres MHC,26,16185,314,35,1056,1043,100,35
75368702,Grand Valley Estates MHC,51-GRANDVALLEY-DR,17037,344,35,1055,1139,100,101
72719927,Kay Bee Mobile Villa MHP,89,16185,314,45,1054,1045,100,205
70263866,Kingsbrook MHC,672AS,16131,296,25,1053,1062,100,43
72388281,Virginia Beach,125,17037,344,38,1053,1073,100,56
77057372,Aurora MHC,204,16131,296,30,1052,1082,100,174
70263981,Sunview MHP,17,17037,344,32,1050,1036,100,35
79467013,Grand Valley Estates MHC,29-STONEVALLEY-DR,17037,344,35,1050,1048,100,2964
72389628,Kay Lou MHC,2615-M,16131,296,40,1050,1031,100,77
77057984,Aurora MHC,147,17037,344,26,1049,1063,100,105
72390113,Ponderosa MHC,20,17037,344,32,1047,1080,100,302
75362960,Oak Forest Estate MHC,8,17037,344,38,1047,1095,100,44
75367449,Grand Valley Estates MHC,6-AMOSVALLEY-DR,17037,344,32,1047,1036,100,121
72389966,Virginia Beach,99,17037,344,35,1047,1081,100,39
75372324,Oswego MHP,LOT14,16185,314,50,1046,1084,100,185
77056820,Minot Gardens MHC,68,17037,344,26,1045,1074,100,22
72382763,Virginia Beach,224,17037,344,35,1044,1049,100,50
72380445,Brighton Court MHP,6,16185,314,50,1044,1037,100,217
75360550,Big Country Mobile Home & RV Park,3508-D,17037,344,32,1044,1028,100,295
70269756,Piney Park,17,17037,344,26,1043,981,100,69
75369130,Kay Lou MHC,2621-I,16131,296,40,1043,1075,100,44
75362622,Virginia Beach,29,17037,344,26,1042,1053,100,42
79461891,The O in La Marque,19,16185,314,45,1041,1049,100,88
75374338,Oswego MHP,LOT10,16185,314,50,1041,1044,100,235
72722434,Hillview MHC,15A,17037,344,35,1041,983,100,50
75370146,Roosevelt MHC,67,17037,344,47,1041,1115,100,139
75368017,Stafford MHC,370,17037,344,29,1041,963,100,29
70266844,Deer Lake MHC,10,16131,296,50,1040,1023,100,78
72380056,Grand Valley Estates MHC,21-DOUBLETREE-CT,17037,344,26,1040,1011,100,21
70272586,Parkview MHP,72,16185,314,35,1039,1060,100,78
70264286,Aurora MHC,184,16131,296,25,1037,1049,100,26
79461107,Holly Tree MHP,74,17037,344,32,1037,1060,100,64
68588324,Aurora MHC,208,16131,296,30,1036,1048,100,28
75366425,Haven MHP,20,16131,296,50,1036,1104,100,117
72391038,Holly Tree MHP,9,16185,314,30,1035,966,100,42
75363174,Roosevelt MHC,110,16185,314,55,1035,1062,100,216
72389545,Stafford MHC,121,17037,344,41,1034,1006,100,53
79465439,Grand Valley Estates MHC,6-SONOMAVALLEY-DR,17037,344,29,1033,1075,100,77
75366987,Lake Charles Duplexes,867B,17037,344,26,1032,1024,100,53
72378571,Rustic Acres MHC,10,17037,344,32,1032,1048,100,39
75374247,Roosevelt MHC,101,16185,314,45,1032,1054,100,129
75374940,Broken Arrow MHP,6108-198TH-ST,16131,296,40,1032,1116,100,47
72721865,Kay Bee Mobile Villa MHP,14,17037,344,50,1031,1004,100,187
77056218,Kingsbrook MHC,780FA,16131,296,20,1030,1065,100,24
77055558,Pleasant Acres,45,16185,314,30,1028,997,100,30
77057695,Kingsbrook MHC,610AS,16131,296,25,1028,1044,100,68
77041848,Piney Park,32,16185,314,25,1026,1025,100,30
72390659,Oak Forest Estate MHC,3,17037,344,26,1026,998,100,30
79454839,Auburn MHC,18,17037,344,26,1026,1062,100,33
79458178,Virginia Beach,10,17037,344,32,1025,1012,100,30
79454896,Grand Valley Estates MHC,111-SHENNADOH-DR,17037,344,26,1025,984,100,2095
75365310,The O in La Marque,7,16185,314,35,1024,1029,100,57
72385212,Roosevelt MHC,159,16131,296,30,1023,1058,100,26
79460190,Virginia Beach,144,17037,344,26,1023,975,100,30
70263833,Coleman Village,138,17037,344,35,1022,1043,100,103
72390329,Virginia Beach,165,17037,344,38,1022,1009,100,59
79455323,Grand Valley Estates MHC,61-GRANDVALLEY-DR,17037,344,29,1021,1045,100,80
79462618,Grand Valley Estates MHC,12-DOUBLETREE-CT,17037,344,29,1021,1059,100,52
75367241,Highland Terrace,46,16185,314,30,1019,1004,100,39
70268337,Maple Run MHP,20,16131,296,50,1018,1029,100,188
77052167,Chickadee Lane MHC,801T,17037,344,26,1017,1059,100,25
72723416,Rusk MHC,52,17037,344,47,1017,1008,100,666
72379827,Virginia Beach,166,17037,344,41,1017,974,100,56
70265622,Whispering Pines Mobile Estates,714,16185,314,25,1015,999,100,137
72379512,Rusk MHC,22,17037,344,50,1015,1001,100,115
72379900,Running Springs MHP,5,16185,314,50,1014,1034,100,153
72719067,Spruce Valley Condominiums,303,16185,314,45,1014,1006,100,105
72387622,La Comunidad MHC,56,16185,314,25,1013,1049,100,43
72724497,Kay Bee Mobile Villa MHP,18,16131,296,30,1013,1023,100,41
72386483,Minot Gardens MHC,82,17037,344,26,1010,990,100,31
75366250,The O in La Marque,4,16185,314,35,1006,1025,100,68
77060889,Green Grove Trailer Court MHC,17,16131,296,30,1005,1009,100,25
79453450,Kay Lou MHC,2606-M,16131,296,40,1005,1039,100,75
75371136,Grand Valley Estates MHC,10-BONEVALLEY-DR,17037,344,32,1002,1016,100,81
77058834,Aurora MHC,241,17037,344,29,1001,952,100,25
79454730,Grand Valley Estates MHC,5-GRANDVALLEY-DR,17037,344,26,1001,983,100,41
79463277,Kingsbrook MHC,763AS,16131,296,25,1001,1042,100,44
70261837,Coleman Village,131,17037,344,38,1000,979,100,71
72385246,Virginia Beach,9,17037,344,38,1000,1019,100,121
70270127,Piney Park,21,16185,314,25,999,1027,100,66
72391731,Flower Mound,24,16185,314,50,997,969,100,273
72719497,Shelby's Trailer Park,LOT10,16131,296,30,997,951,100,83
72720636,Kay Bee Mobile Villa MHP,25,16131,296,45,996,983,100,152
72391434,Carolina Springs MHP,CSP15-1768-GIBSONST,16131,296,30,995,994,100,299
72384389,Rusk MHC,44,17037,344,41,995,1013,100,63
75370286,Shelby's Trailer Park,LOT32,16131,296,35,994,1015,100,45
79461198,Country Squire MHC,60B,16185,314,40,994,987,100,39
75364719,Highland Terrace,34,16185,314,30,994,1003,100,42
72390246,Holly Tree MHP,59,16185,314,25,993,991,100,65
70266489,Ontario Place MHC,101,17037,344,26,993,983,100,35
75374379,Big Country Mobile Home & RV Park,3505-D,16130,296,25,993,973,100,23
65824784,Alta Vista MHC,1,16185,314,35,991,1019,100,48
72720206,Hillview MHC,22,16185,314,50,991,990,100,166
65826243,Forest at Sherman MHC,94,16185,314,30,990,999,100,25
72720057,Kingsbrook MHC,113AB,16131,296,35,990,979,100,54
72378548,Backwater MHC,27,17032,344,35,990,1002,100,55
79454870,Broadway MHP DesMoines,20,17037,344,35,989,1004,100,28
75365575,Oswego MHP,LOT30,17037,344,47,988,1030,100,153
75361905,The O in La Marque,13,17037,344,29,988,982,100,38
75371615,Heritage Apartments,A3,16131,296,30,988,1070,100,34
70270192,Crystal Acres MHC,34,17032,344,35,987,993,100,81
72718176,Spruce Valley Condominiums,406,16185,314,40,986,989,100,136
70271380,Ontario Place MHC,18,17037,344,35,986,1035,100,77
72378993,Ontario Place MHC,70,16185,314,45,986,938,100,86
70264666,Kingsbrook MHC,783AS,16131,296,25,984,1034,100,35
70262371,Rustic Acres MHC,46,16185,314,30,984,979,100,19
70271216,Wildwood Estates MHC,26,17037,344,26,984,1009,100,84
70261803,Sunview MHP,29,17037,344,38,983,971,100,43
79464424,Shirlee's MHP,2,17032,344,44,982,983,100,168
77042226,Kingsbrook MHC,747MI,16131,296,30,981,966,100,51
72718366,Spruce Valley Condominiums,401,16185,314,45,981,922,100,112
79460810,Country Squire MHC,51B,16185,314,30,981,973,100,37
72721121,Rusk MHC,28,17037,344,32,980,968,100,34
77054528,Oak Forest Estate MHC,39,17037,344,26,980,968,100,114
79466908,Virginia Beach,151,17037,344,26,980,1083,100,40
72389958,Virginia Beach,213,17037,344,29,980,967,100,32
72714597,Riverview Apartments MF,APT24,17037,344,32,979,989,100,99
72717244,Bishop 10th St Association,723102,16185,314,45,979,989,100,93
75363034,Lakeview MHC,21,16185,314,50,979,1023,100,209
72387580,Virginia Beach,194,17037,344,26,979,938,100,33
77057018,Holly Tree MHP,52,16185,314,25,978,975,100,80
70263973,Parkview MHP,B7,16130,296,40,978,987,100,57
75374577,Noble Estates MHC,539,17037,344,26,978,971,100,86
65825989,Green Grove Trailer Court MHC,31,16131,296,35,977,959,100,64
65825633,Forest at Sherman MHC,89,16131,296,40,976,974,100,99
68588134,Parkview MHP,78,16185,314,55,975,983,100,913
70268105,Aurora MHC,201,16131,296,25,975,995,100,68
79454797,Heritage Apartments,C5,16131,296,35,975,921,66,6773
75372019,Big Country Mobile Home & RV Park,3601-C,17037,344,26,975,988,100,150
72719430,Rusk MHC,8,17037,344,41,974,994,100,75
72386889,Parkview MHP,4,17037,344,41,974,1008,100,79
72383985,Sunnyvale MHP,129,16131,296,30,974,980,100,129
79454011,Virginia Beach,59,17037,344,26,974,980,100,69
70268220,Minot Gardens MHC,92,16131,296,25,973,1015,100,28
72720602,Little Acres MHC,1,17037,344,38,972,977,100,78
79462709,Roosevelt MHC,123,16131,296,40,972,992,100,64
79461610,Pelican Shores North HOA,12600,17037,344,47,972,821,33,24182
77061986,Piney Park,51,16185,314,30,971,979,100,114
70260383,Estancia MHP,102,16185,314,55,971,962,100,273
75360592,Kay Lou MHC,2625-I,16131,296,30,970,955,100,29
72718150,Kachina,5,16131,296,50,970,953,100,128
75371235,Roosevelt MHC,83-A,16185,314,45,970,1103,100,60
75361962,Willapa Shores,8,17028,341,29,970,998,100,29
72721501,Parker MHC,25,16185,314,35,969,984,100,161
75366672,Grand Valley Estates MHC,54-GRANDVALLY-DR,17037,344,38,969,1016,100,83
79455422,Shady Lane MHP,76 Shady Lane,17028,341,26,968,974,100,32
75369684,Big Country Mobile Home & RV Park,3602-E,17037,344,26,967,945,100,154
77053330,Kingsbrook MHC,663EL,16131,296,35,966,995,100,33
72381328,Carolina Springs MHP,CSP70-1804-GILMOREST,16131,296,25,965,936,100,190
72722582,Little Acres MHC,7,17037,344,38,965,990,100,139
75374353,Roosevelt MHC,103,16185,314,55,964,946,100,251
79461545,Paola MHC,4,16185,314,30,963,1010,100,45
70261894,Roosevelt MHC,15,16185,314,55,963,960,100,346
72724281,Shelby's Trailer Park,LOT07,16131,296,40,963,978,100,84
72716220,Oak Tree MHP,12,16131,296,30,963,989,100,50
70270804,Alta Vista MHC,42,16185,314,35,963,977,100,63
70271521,Coleman Village,174,17037,344,38,962,965,100,85
72379439,Flower Mound MHC,28,17037,344,38,961,931,100,296
72720222,Riverview Apartments MF,22,17037,344,53,961,953,100,101
72723911,Big Country Mobile Home & RV Park,3502-B,17037,344,32,961,968,100,60
77057620,Holly Tree MHP,28,16185,314,35,960,990,100,739
75366359,Ontario Place MHC,53,16185,314,30,960,954,100,125
72720297,Rusk MHC,1,17037,344,32,960,942,100,361
70260912,Circle N Trailer Park,8,16185,314,55,960,813,100,293
72385147,Roosevelt MHC,NOTLOT111,16185,314,30,960,990,100,19
70269285,La Comunidad MHC,33,16185,314,30,960,930,100,80
75362754,Heritage Apartments,E1,16131,296,40,960,965,100,118
75364883,Shady Lane MHP,5019 Spruce Lane,17037,344,32,960,990,100,55
72389230,Virginia Beach,126,17037,344,32,960,927,100,38
72389578,Virginia Beach,219,17037,344,26,959,1016,100,25
75362788,The O in La Marque,4,16185,314,25,958,980,100,21
79465264,Virginia Beach,234,17037,344,29,957,960,100,48
75369866,Grand Valley Estates MHC,5-LEHIGHVALLEY-DR,17037,344,29,957,941,100,161
75370971,Broken Arrow MHP,6128-198TH-ST,16131,296,40,957,963,100,48
72380346,La Comunidad MHC,10,16185,314,25,957,967,100,62
75369346,Broken Arrow MHP,6105-197TH-ST (wrong),16131,296,35,956,988,100,43
77028589,Chickadee Lane MHC,804M,16185,314,20,955,951,100,48
72385196,Chickadee Lane MHC,801-TOWHEE,16185,314,35,955,960,100,76
75372258,Big Country Mobile Home & RV Park,3502-C,16130,296,30,955,952,100,35
70261647,Kingsbrook MHC,105AB,16131,296,20,954,985,100,82
72378068,Roosevelt MHC,158,17037,344,35,954,912,100,53
77057240,Kingsbrook MHC,604FE,16131,296,25,953,968,100,30
72723580,Running Springs MHP,13,16185,314,40,953,974,100,120
72385782,Westview Mobile Estates MHC,7,16185,314,45,953,967,100,99
65828223,Parkview MHP,A3,17037,344,26,953,873,100,116
75364669,Roosevelt MHC,147,16131,296,30,953,926,100,50
72390303,Virginia Beach,150,17037,344,29,953,943,100,28
77042234,The Oaks MHC,1,16131,296,25,952,940,100,98
77058024,Canada,LVC6,16185,314,35,952,998,100,84
70259054,Ontario Place MHC,104,17037,344,47,952,936,100,99
72383100,Virginia Beach,220,17037,344,26,952,955,100,1614
70262868,Virginia Beach,204,17037,344,38,951,907,100,69
72386558,Virginia Beach,142,17037,344,41,950,963,100,263
75367316,Oakwood MHP,118,16185,314,30,950,971,100,65
72378225,Virginia Beach,26,17037,344,41,950,961,100,67
77036954,Kingsbrook MHC,771SU,16131,296,25,949,937,100,47
72379215,La Comunidad MHC,5,16185,314,35,949,928,100,107
70266232,Sunnyvale MHP,122,16131,296,45,948,925,100,111
72723069,Spruce Valley Condominiums,314,16185,314,50,947,974,100,257
70266455,Hoosier Park MHC,4AB,17032,344,41,947,1001,100,59
75360709,Kay Bee Mobile Villa MHP,87,16131,296,30,946,941,100,28
72716014,Riverview Apartments MF,33,17037,344,35,945,1004,100,30
72381732,Hoosier Park MHC,12,17032,344,50,944,1019,100,119
75367746,Noble Estates MHC,550,17037,344,35,944,865,100,173
70270267,La Comunidad MHC,130,17037,344,41,943,929,100,78
72390170,Stafford MHC,571,16185,314,55,943,945,100,230
77061341,Kingsbrook MHC,615FE,16131,296,35,942,979,100,76
65823224,Canada,E2TC,16185,314,45,942,955,100,85
72381344,Ontario Place MHC,34,16185,314,30,942,960,100,64
75361624,Parkwood,5196JUSTIN,16185,314,25,942,932,100,29
79466791,Kay Lou MHC,706-T,16131,296,35,941,938,100,95
72383084,Virginia Beach,179,17037,344,29,941,965,100,26
72715156,Wildwood Village MHC,17,16185,314,35,939,926,100,77
65824214,Canada,A21TC,17037,344,29,938,913,100,37
75373298,Coleman Village MHC,157,17037,344,41,938,933,100,63
75363356,Noble Estates MHC,509,16185,314,30,938,888,100,50
70264898,Estancia MHP,89,16185,314,25,938,950,100,59
77061812,Holly Tree MHP,25,16185,314,35,937,941,100,54
72390741,Virginia Beach,121,17037,344,35,937,969,100,275
70272388,Spruce Valley Condominiums,402,16185,314,40,936,946,100,77
72386798,Roosevelt MHC,155,16131,296,40,935,935,100,241
75362044,Cactus Flower,5,16185,314,30,934,962,100,53
70272545,La Comunidad MHC,32,16185,314,35,934,938,100,65
79454508,Grand Valley Estates MHC,116-SHENNADOH-DR,17037,344,29,934,889,100,28
65831474,The Oaks MHC,25,16131,296,40,933,995,100,461
72718507,Bishop 10th St Association,723108,16185,314,35,933,908,100,34
70258726,Kingsbrook MHC,616MI,16131,296,30,931,981,100,25
72384785,Ponderosa MHC,1,17037,344,29,931,951,100,75
70272917,Ontario Place MHC,79,17037,344,35,931,908,100,63
79461115,Shady Lane MHP,15 Maple Lane,17037,344,32,931,952,100,42
65824545,PW2,5215JOHN,16185,314,45,930,949,100,112
72383787,Virginia Beach,181,17037,344,35,930,919,100,35
70258650,2Freedom,26,17037,344,38,929,883,100,674
75362242,Sunview MHP,31,17037,344,35,929,888,100,54
75373520,Roosevelt MHC,117,16131,296,50,929,938,100,123
72381765,Ontario Place MHC,149,16185,314,35,929,956,100,45
79461099,Grand Valley Estates MHC,15-SONOMAVALLEY-DR,17037,344,32,929,986,100,108
72386863,Virginia Beach,28,17037,344,32,929,907,100,32
72385477,Kingsbrook MHC,204BE,16185,314,30,928,951,100,22
72380296,La Comunidad MHC,119,16185,314,30,928,936,100,87
72720347,Piney Park,31,16185,314,40,927,938,100,66
75372043,Lantana Trail,3612-7,16131,296,30,927,902,100,63
72720164,Oak Tree MHP,24,16130,296,35,927,911,100,46
70259195,Ontario Place MHC,4,16185,314,40,926,928,100,143
72713862,Eastwood Hills MHC,TR337,16131,296,40,926,902,100,63
75371789,Roosevelt MHC,77,17037,344,32,926,988,100,23
82377623,Virginia Beach,81,17037,344,26,924,968,100,27
75370054,Oak Forest Estate MHC,23,17037,344,29,923,888,100,84
72716022,Rusk MHC,25,17037,344,32,922,958,100,38
79454284,Paola MHC,1,17037,344,26,922,918,100,46
70273063,GenII Water Flow,NEW-1,17037,344,29,921,920,100,32
65831649,Green Grove Trailer Court MHC,5,16131,296,40,920,920,100,93
77061028,Kingsbrook MHC,758AS,16131,296,30,920,914,100,72
72387689,Rusk MHC,33,17037,344,41,920,943,100,56
72382979,Virginia Beach,83,17037,344,41,920,927,100,62
79462972,Oswego MHP,LOT23,16185,314,30,919,974,100,59
79464267,Virginia Beach,61,17037,344,26,918,890,100,31
72380247,La Comunidad MHC,60,16185,314,35,918,928,100,286
79467104,Heritage Apartments,D3,16131,296,35,918,911,100,63
65824842,Alta Vista MHC,54,16185,314,35,917,932,100,65
72383373,Parkview MHP,34,17037,344,29,917,905,100,238
72389933,Ponderosa MHC,56,17037,344,32,916,886,100,213
75369007,Grand Valley Estates MHC,5-DOUBLETREE-DR,17037,344,35,916,917,100,54
77055293,Kingsbrook MHC,776SU,16131,296,30,915,927,100,34
75371433,Grand Valley Estates MHC,19-AMOSVALLEY-DR,17037,344,26,915,952,100,93
79454037,Shady Lane MHP,58 Shady Lane,17028,341,26,915,905,100,30
79460554,Paola MHC,6,17037,344,26,914,895,100,77
72385576,Virginia Beach,214,17037,344,32,913,919,100,48
79455752,Shirlee's MHP,13,17032,344,26,913,907,100,30
75360568,Oaklawn Park HOA,3465SOC,16185,314,30,912,906,100,56
79466007,Shady Lane MHP,126 Shady Lane,17037,344,29,912,902,100,46
77060970,Aurora MHC,141D,16185,314,35,911,927,100,386
70270697,PW2,3231MARY,16185,314,25,911,922,100,120
72390808,Kingsbrook MHC,502ED,16131,296,25,911,963,100,59
72379397,Ontario Place MHC,138,16185,314,40,911,931,100,51
75370443,Big Country Mobile Home & RV Park,3507-C,16130,296,30,911,923,100,25
65822507,PW2,5213JOHN,16185,314,30,910,915,100,102
77055582,Holly Tree MHP,51,16185,314,20,910,899,100,392
79466866,Oswego MHP,LOT32,16185,314,30,910,933,100,36
72391541,Backwater MHC,41,17037,344,29,910,931,100,35
75361350,Estancia MHP,85,16185,314,40,909,938,100,302
75361764,Oaklawn Park HOA,3461SOC,16185,314,30,909,949,100,397
75361434,Roosevelt MHC,120,16131,296,45,909,930,100,377
72723952,Roosevelt MHC,146,16131,296,40,908,949,100,80
65824107,Green Grove Trailer Court MHC,33,16131,296,35,907,942,100,53
72388901,Lafountaine MHC,116ND,16131,296,20,907,893,100,33
70262777,Virginia Beach,249,17037,344,32,907,879,100,36
72721915,Kay Bee Mobile Villa MHP,37,16131,296,40,906,925,100,45
75369403,Big Country Mobile Home & RV Park,3503-C,17037,344,26,906,916,100,31
75364875,Heritage Apartments,B3,16131,296,50,905,933,100,117
75368520,Grand Valley Estates MHC,28-IMPERIALVALLEY-DR,17037,344,29,905,865,100,255
75368835,Virginia Beach,245,17037,344,26,905,928,100,34
75370633,Shelby's Trailer Park,LOT22,16131,296,25,904,883,100,31
79462915,Backcountry MHC,28,17037,344,26,904,926,100,77
70267479,Kingsbrook MHC,617FE,16131,296,40,903,851,100,69
75372118,Roosevelt MHC,44,16185,314,30,902,895,100,38
75372290,Grand Valley Estates MHC,9-LEHIGHVALLEY-DR,17037,344,26,902,932,100,248
77053827,Oak Forest Estate MHC,33,17037,344,26,901,939,100,119
70266422,Backwater MHC,34,17032,344,32,901,928,100,24
75362135,Roosevelt MHC,60,16185,314,50,901,891,100,186
79462261,Grand Valley Estates MHC,24-IMPERIALVALLEY-DR,17037,344,26,899,928,100,65
72384561,La Comunidad MHC,112,16185,314,40,899,918,100,112
75368199,Noble Estates MHC,513,16131,296,25,899,904,100,28
79455992,Grand Valley Estates MHC,39-GRANDVALLEY-DR,17037,344,26,899,916,100,156
65825062,Virginia Beach,197,17037,344,35,899,939,100,46
72717350,Azulejo,1104,16131,296,30,898,871,100,821
72720925,Crystal Acres MHC,35,17032,344,41,898,871,100,86
77058974,High Street,110,16131,296,40,898,900,100,77
72382375,Virginia Beach,89,17037,344,26,898,894,100,38
72720313,Hillview MHC,3,16131,296,35,897,877,100,86
72718515,8 OnElaine,2314-1101,16131,296,35,897,852,100,139
72392622,Westview Mobile Estates MHC,32,17037,344,32,897,883,100,118
79462931,Grand Valley Estates MHC,30-DOUBLETREE-DR,17037,344,32,897,943,100,128
75362184,Holly Tree MHP,40,16185,314,30,897,885,100,229
72392283,Virginia Beach,210,17037,344,35,897,912,100,41
70272727,Carolina Springs MHP,CSP110-1765-GILMOREST,16131,296,25,895,891,100,25
70269384,La Comunidad MHC,139,16185,314,25,895,916,100,72
70269608,Pelican Shores North HOA,12612,17028,341,44,895,896,100,114
79464507,Virginia Beach,110,17037,344,26,895,901,100,31
70269863,Green Grove Trailer Court MHC,4,16131,296,40,894,907,100,49
70265069,Rustic Acres MHC,27,17037,344,35,894,908,100,56
75373710,Highlands MHC,10A,17037,344,38,893,957,100,2106
79465488,The O in La Marque,20,16185,314,45,892,930,100,102
79463541,Kay Lou MHC,2618-I,16131,296,35,892,848,100,58
70259351,Ontario Place MHC,151,16185,314,30,891,891,100,40
72390998,Oak Forest Estate MHC,29,17037,344,29,891,868,100,2311
70264310,Hoosier Park MHC,15,17032,344,50,891,905,100,180
72387655,Stafford MHC,522,17037,344,41,890,905,100,204
79460422,Kay Lou MHC,2512-I,17032,344,35,890,923,100,95
70273360,Coleman Village,183,16185,314,30,889,857,100,130
75374320,Oswego MHP,LOT22,17037,344,26,888,905,100,59
70263536,CJ,127,16131,296,40,887,896,100,75
75369437,Stafford MHC,566,16185,315,40,887,905,100,67
72719588,Backwater MHC,1,17032,344,29,886,898,100,25
70268303,Country Squire MHC,62A,16185,314,30,886,845,100,73
75360139,Grand Valley Estates MHC,16-AMOSVALLEY-DR,17037,344,26,886,924,100,75
75364677,Roosevelt MHC,99,16131,296,35,886,827,100,125
77041780,W Poplar St Triplex,1,16185,314,35,885,879,100,42
70259146,Green Grove Trailer Court MHC,28,16131,296,35,885,899,100,42
75367555,Roosevelt MHC,78,16131,296,45,885,952,100,303
72714803,Oaklawn Park HOA,3324SOC,16185,314,30,885,885,100,147
72715529,North Ewing Townhomes,204,16185,314,50,885,880,100,244
70265655,Carolina Springs MHP,CSP123-385-RIVERBASINCT,17037,344,29,884,881,100,220
79462576,Noble Estates MHC,521,17037,344,26,884,928,100,96
72381385,Rustic Acres MHC,64,16185,314,45,883,905,100,99
70268550,Coleman Village,103,16185,314,30,882,885,100,69
75370690,Coleman Village MHC,175,16128,295,55,882,885,100,202
75360899,Broken Arrow MHP,6117-198TH-ST,16131,296,35,882,903,100,25
72715792,Hillview MHC,2A,16131,296,35,881,880,100,58
70265606,Whispering Pines Mobile Estates,513,16185,314,30,881,830,100,831
65827621,Parkview MHP,6,17037,344,32,881,908,100,59
75368785,Grand Valley Estates MHC,18-HERITAGEVALLEY-DR,17037,344,26,880,890,100,45
70262181,Ontario Place MHC,61,17037,344,32,880,802,100,76
79464556,Grand Valley Estates MHC,9-BONEVALLEY-DR,17037,344,26,880,909,100,169
72722152,Virginia Beach,74,17037,344,26,880,902,100,43
75368793,The O in La Marque,11,16185,314,35,879,885,100,356
72380304,Hoosier Park MHC,11AB-MISSINGMETER,17037,344,38,879,880,100,304
72389727,Virginia Beach,127,17037,344,35,878,866,100,48
75363307,Noble Estates MHC,565,17032,344,29,877,879,100,65
77055426,Kingsbrook MHC,703GR,16131,296,45,876,910,100,104
65826433,Kingsbrook MHC,809OA,16185,314,25,876,842,100,42
75367803,Heritage Apartments,E3,16131,296,45,876,907,100,87
75364248,Big Country Mobile Home & RV Park,3603-C,17037,344,26,875,851,100,46
70271331,PW2,5207JUSTIN,16185,314,30,875,881,100,105
75364487,Oak Forest Estate MHC,26,17037,344,29,875,876,100,58
70272966,Chickadee Lane MHC,820C,16185,314,35,874,887,100,48
72385972,Ponderosa MHC,66,17037,344,38,873,879,100,60
72378589,Roosevelt MHC,152,16131,296,35,873,897,100,220
72390972,Virginia Beach,49,17037,344,26,873,890,100,23
79461834,Stafford MHC,286,17037,344,29,872,914,100,29
75362804,Shelby's Trailer Park,LOT27,16131,296,45,871,865,100,146
79461222,Holly Tree MHP,86,16185,314,25,871,861,100,120
70260698,Aurora MHC,196,16131,296,25,870,884,100,26
75370609,Kay Lou MHC,2514-I,16131,296,50,870,873,100,126
75362713,Virginia Beach,243,17037,344,26,869,805,100,44
79455935,Grand Valley Estates MHC,50-GRANDVALLEY-DR,17037,344,29,869,876,100,89
72385816,Virginia Beach,94,17037,344,38,869,874,100,100
70268808,Arizona Manor,13,16185,314,35,868,843,100,63
75361095,Shelby's Trailer Park,LOT04,17037,344,26,868,903,100,104
70260797,Ontario Place MHC,129,17037,344,26,868,856,100,30
77060343,Riverview Apartments MF,31,17037,344,29,867,802,100,38
72387499,Backwater MHC,17,17032,344,26,867,842,100,25
72721345,Kachina,4,16185,314,45,867,855,100,86
72378191,Virginia Beach,37,17037,344,26,867,889,100,43
72385097,Virginia Beach,211,17037,325,40,867,860,100,63
72723895,Hillview MHC,27,16185,314,35,866,888,100,47
72381914,Rustic Acres MHC,39,17037,344,29,866,865,100,61
77058099,Parkview MHP,C56,16185,314,40,866,906,100,74
75363695,Pleasant Acres,19,16185,314,30,866,906,100,30
70263957,PW2,3117CINDY,16185,314,30,865,908,100,41
75364388,Oswego MHP,LOT01,16185,314,45,864,903,100,83
72723705,Parker MHC,15,16185,314,25,864,891,100,37
72716253,Riverview Apartments MF,14,17037,344,38,864,869,100,73
75370922,Roosevelt MHC,139,16131,296,35,864,881,100,79
75366144,Grand Valley Estates MHC,8-HERITAGEVALLEY-DR,17037,344,29,864,917,100,172
72720685,Eastwood Hills MHC,EH45,16185,314,30,864,873,100,37
72392143,Virginia Beach,50,17037,344,26,864,880,100,34
77054437,Alta Vista MHC,43,16131,296,30,863,840,100,52
77054114,Piney Park,D,17037,344,32,863,901,100,49
72387374,Backwater MHC,14,17037,344,41,863,890,100,70
72719117,Noble Estates MHC,510,17037,344,35,863,876,100,69
72716196,Spruce Valley Condominiums,307,16185,314,45,862,868,100,99
75366417,Johnson's Trailer Park,5,17037,344,38,862,891,100,65
75367019,Grand Valley Estates MHC,4-SHENNADOH-DR,17037,344,26,862,869,100,143
72389974,Ontario Place MHC,97,16185,314,30,862,848,100,46
75372985,Roosevelt MHC,118,16131,296,35,862,845,100,46
72713920,Spruce Valley Condominiums,309,16185,314,50,861,828,100,473
75372811,Grand Valley Estates MHC,34-IMPERIALVALLEY-DR,17037,344,29,861,834,100,108
75374346,Sunview MHP,9,17037,344,44,861,869,100,147
72382672,Green Grove Trailer Court MHC,10,16131,296,40,860,841,100,43
72391194,Flower Mound,22,17037,344,44,860,918,100,271
70262348,Rustic Acres MHC,12,16185,314,35,859,822,100,50
72390535,La Comunidad MHC,64,16185,314,40,859,885,100,2182
72717012,Kay Bee Mobile Villa MHP,20,16131,296,30,859,849,100,44
75361509,Noble Estates MHC,538,17037,344,32,859,847,100,31
65829312,Virginia Beach,145,17037,344,55,859,838,100,212
72391640,Crystal Acres MHC,28,17032,344,32,859,864,100,41
79459267,Oswego MHP,LOT06,16185,314,30,858,860,100,118
70272735,Country Squire MHC,58A,16185,314,30,858,868,100,49
72721212,North Ewing Townhomes,106,16185,314,40,858,847,100,92
70262272,Rustic Acres MHC,49,17037,344,29,857,923,100,78
75365880,CJ,132 exclude tenant,16131,296,40,857,874,100,84
75368389,Auburn MHC,25,17037,344,35,857,857,100,40
79460596,Lake Charles Duplexes,874A,16131,296,55,856,819,100,292
72384124,La Comunidad MHC,149,17037,344,32,856,894,100,239
72717046,Kay Bee Mobile Villa MHP,70,16131,296,40,856,921,100,55
79454722,Put In Bay Condos,105-205,16131,296,25,856,902,100,32
72723465,Shelby's Trailer Park,LOT18,16131,296,35,855,829,100,56
70271364,PW2,3114CHARI,16185,314,30,855,915,100,73
70261613,Sunview MHP,30,17037,344,38,855,860,100,195
79465272,The O in La Marque,5,16185,314,30,855,880,100,70
75370815,Grand Valley Estates MHC,9-AMOSVALLEY-DR,17037,344,35,855,829,100,163
75363190,Grand Valley Estates MHC,17-AMOSVALLEY-DR,17037,344,32,855,886,100,73
70261944,Green Grove Trailer Court MHC,24,16131,296,35,854,873,100,51
72390618,Westview Mobile Estates MHC,12,17037,344,26,854,895,100,42
70273030,Ontario Place MHC,90,16185,314,35,854,873,100,79
70259864,East Barre MHP,3,16185,314,45,854,816,100,373
72383860,Virginia Beach,167,17037,344,26,854,895,100,31
77060442,Kingsbrook MHC,201BE,16131,296,30,853,868,100,46
79461990,Virginia Beach,154,17037,344,29,853,859,100,34
72724133,Big Country Mobile Home & RV Park,3610-C,16131,296,40,853,848,100,178
72715933,Wildwood Village MHC,4,16185,314,55,853,865,100,284
72714720,Eastwood Hills MHC,EH60,17037,344,41,852,928,100,69
70267578,Piney Park,47,16185,314,40,852,848,100,67
72384777,Country Squire MHC,6B,16185,314,35,852,850,100,72
75367308,Mountaineer Village MHC,38,17037,344,41,852,824,100,86
75366029,Shady Lane MHP,148 Shady Lane,17037,344,26,852,853,100,28
72718234,Crystal Acres MHC,37,17032,344,38,851,868,100,50
75372167,Estancia MHP,7,17037,344,35,851,848,100,67
75364891,Haven MHP,13,16131,296,35,851,862,100,44
77053454,Coleman Village MHC,134,16185,314,40,849,843,100,104
72386087,Stafford MHC,117,16185,314,35,849,834,100,60
72391079,Country Squire MHC,59A,16185,314,50,848,813,100,273
75364206,Pleasant Acres,13,16131,296,30,848,890,100,46
75363901,Shady Lane MHP,75 Shady Lane,17037,344,26,848,851,100,17
72381971,Ontario Place MHC,57,17037,344,38,847,834,100,88
72718564,Wildwood Estates MHC,15,16185,314,45,847,816,100,157
75360600,Roosevelt MHC,45,17037,344,32,847,843,100,40
75364099,Noble Estates MHC,541,16185,314,25,846,823,100,49
72383241,Virginia Beach,182,17037,344,35,845,857,100,45
65824982,Forest at Sherman MHC,61,17037,344,35,844,839,100,61
77054155,Piney Park,63,16185,314,40,843,858,100,190
70266463,Grand Central MHP,24,16185,314,45,843,841,100,121
72384819,Chickadee Lane MHC,806-CHICKADEE,16185,314,30,841,853,100,38
68612751,Piney Park,54,16185,314,30,840,821,100,99
72719869,Spruce Valley Condominiums,312,16185,314,50,840,849,100,279
77057364,Holly Tree MHP,23,16185,314,20,840,852,100,52
72722228,Hillview MHC,16,16131,296,45,840,827,100,117
72715107,Backwater MHC,37,17032,344,29,840,838,100,27
72378761,Parkway MHC,15,17032,344,38,839,839,100,63
75366318,The O in La Marque,15,16185,314,25,839,869,100,321
75374643,Roosevelt MHC,88,16131,296,30,839,837,100,35
72722061,Kay Bee Mobile Villa MHP,76,16131,296,40,838,840,100,60
65830740,Parkview MHP,76,17037,344,32,838,993,100,183
79466635,Auburn MHC,1,17037,344,35,838,836,100,54
68588225,Parker MHC,38,16185,314,25,837,817,100,59
79462741,Rustic Acres MHC,61,17037,344,26,837,846,100,55
72380437,Chickadee Lane MHC,811C,16185,314,25,837,814,100,54
72714209,Kay Bee Mobile Villa MHP,7,16131,296,30,837,839,100,68
79454755,Kay Lou MHC,707-T,16131,296,30,834,839,100,49
75370963,Grand Valley Estates MHC,20-IMPERIALVALLEY-DR,17037,344,26,834,882,100,71
75368397,Shady Lane MHP,168 Shady Lane,17028,341,38,834,847,100,83
72718051,Spruce Valley Condominiums,403,16185,314,45,833,813,100,116
72383597,Ontario Place MHC,29,17037,344,41,833,815,100,82
79467435,Shirlee's MHP,12,17032,344,41,833,805,100,58
72385717,Virginia Beach,27,17037,344,32,833,869,100,171
70261126,Kingsbrook MHC,501ED,16131,296,25,832,795,100,54
72380544,La Comunidad MHC,146,16185,314,35,831,839,100,41
75361319,Circle N Trailer Park,7,17037,344,38,831,853,100,65
65823299,Parkview MHP,1,16185,314,45,831,849,100,135
72722293,Spruce Valley Condominiums,405,16185,314,40,830,849,100,375
75365492,Lantana Trail,3612-3,16185,314,35,830,769,100,74
72379744,Virginia Beach,203,17037,344,32,830,821,100,39
72383589,Kay Lou MHC,707-K,16131,296,45,828,824,100,122
75373025,Needham MHP,13,16131,296,35,827,823,100,56
72379843,Virginia Beach,57,17037,344,38,827,838,100,60
79457683,Grand Valley Estates MHC,19-SONOMAVALLEY-DR,17037,344,26,826,833,100,101
79455794,Grand Valley Estates MHC,1-IMPERIALVALLEY-DR,17037,344,26,826,796,100,74
75365062,Oaklawn Park HOA,2626EOC,16185,314,30,826,838,100,353
72387242,Sunview MHP,8,17037,344,41,826,860,100,86
72718077,Lantana Trail,3618-1,16185,314,30,825,831,100,3417
75366110,Heritage Apartments,D6,16131,296,35,825,799,100,54
77054601,Piney Park,65,16185,314,30,824,817,100,49
72721279,Kay Bee Mobile Villa MHP,6,16131,296,30,824,855,100,109
72381500,Ontario Place MHC,22,16185,314,35,823,864,100,64
70266513,Ontario Place MHC,69,16185,314,40,823,775,100,244
79462949,Haven MHP,5,16131,296,35,823,887,100,34
77055772,Kingsbrook MHC,2603T,16131,296,20,822,822,100,26
70266869,Freedom MHP,22,16131,296,40,821,846,100,63
75369171,Heritage Apartments,A5,16131,296,40,821,957,100,73
75361277,Big Country Mobile Home & RV Park,3610-E,17037,344,32,821,762,100,77
77053983,Kingsbrook MHC,784FA,16185,314,45,820,825,100,190
72390733,Oak Forest Estate MHC,25,17037,344,35,819,797,100,73
72723697,Roosevelt MHC,13,16131,296,45,819,859,100,232
75363406,Wildwood Village MHC,27,16185,314,40,819,834,100,69
75362481,Kay Lou MHC,2608-M,16131,296,45,819,831,100,91
72391129,Ontario Place MHC,56,17037,344,38,818,818,100,202
70266182,La Comunidad MHC,133,16185,314,35,818,807,100,51
79460992,Kay Bee Mobile Villa MHP,58,16185,314,25,817,810,100,130
75367670,Broken Arrow MHP,6123-198TH-ST,17032,344,32,817,845,100,69
75361566,Southern Cross MHC,8,16185,314,30,816,822,100,39
72381849,Ontario Place MHC,60,16185,314,25,816,813,100,134
72716972,Eastwood Hills MHC,EH51,16185,314,35,816,778,100,50
72715495,Bishop 10th St Association,723104,16185,314,35,816,829,100,60
70265481,Parkview MHP,71,16130,296,40,815,808,100,99
75364974,Oaklawn Park HOA,2636EOD,16185,314,35,815,825,100,48
65826771,Virginia Beach,80,17037,344,32,815,798,100,40
72382169,Virginia Beach,62,17037,344,26,815,810,100,52
72713912,Shelby's Trailer Park,LOT09,16131,296,30,814,875,100,28
72716956,Crystal Acres MHC,33,17032,344,44,813,833,100,113
72383910,La Comunidad MHC,98,16185,314,45,813,813,100,97
72720479,Wildwood Estates MHC,19,16185,314,35,813,824,100,216
72383035,Virginia Beach,79,17037,344,44,813,829,100,60
77053561,Parkview MHP,63,16185,314,35,812,819,100,63
70270408,Oak Tree GenII,9,16131,296,20,812,810,100,119
70260276,Roosevelt MHC,132,16131,296,25,812,815,100,23
72720115,Kingsbrook MHC,312CA,16131,296,40,812,799,100,72
77052035,Parkview MHP,B27,17037,344,44,812,830,100,134
75367530,Shelby's Trailer Park,LOT31,16131,296,40,811,804,100,130
70260045,Arizona Manor,7,16185,314,25,811,811,100,37
79454292,Stafford MHC,239,17037,344,41,811,793,100,131
77058537,Kingsbrook MHC,704GR,16131,296,20,810,811,100,118
70260524,Forest at Sherman MHC,97,16185,314,25,810,811,100,59
77056978,Canada,LVC7,16185,314,25,810,803,100,54
72379223,Dorr Drive MHP,8,16185,314,40,810,836,100,236
75369387,Pleasant Acres,15,16131,296,25,810,800,100,29
72378258,Virginia Beach,156,17037,344,26,809,806,100,60
72378852,La Comunidad MHC,26,16185,314,30,809,836,100,100
72723309,Kay Bee Mobile Villa MHP,43,16131,296,25,809,811,100,211
65825146,Parkview MHP,E79,17037,344,41,809,838,100,53
75365070,Big Country Mobile Home & RV Park,3601-B,16185,314,35,809,816,100,38
77041889,Holly Tree MHP,43,16185,314,20,808,794,100,215
70263106,Sunview MHP,25,17037,344,38,808,814,100,63
72388810,Trans Canada,E19TC,16185,314,25,808,905,100,109
72390691,Virginia Beach,33,17037,344,29,808,796,100,35
79463038,Auburn MHC,19,17037,344,35,808,844,100,51
77057646,Lafountaine MHC,100BS,16131,296,30,807,827,100,55
79464739,Oswego MHP,LOT03,16185,314,45,807,844,100,104
72721105,Parker MHC,27,16185,314,35,807,791,100,74
77058610,Holly Tree MHP,17,17037,344,44,806,817,100,81
77058917,Ontario Place MHC,152,16185,314,35,806,865,100,64
75374023,Roosevelt MHC,21,16131,296,25,806,800,100,33
77041707,Carolina Springs MHP,CSP103-1753-GILMOREST,17037,344,26,805,848,100,35
77028548,Chickadee Lane MHC,805T,16185,314,30,805,850,100,71
75365989,The O in La Marque,1,16185,314,30,805,815,100,61
72385022,Stafford MHC,146,16131,296,40,805,796,100,91
79466643,Kingsbrook MHC,801HU,16131,296,35,805,785,100,55
72718341,Ponderosa MHC,6,17037,344,41,804,819,100,285
72717905,North Ewing Townhomes,201,16185,314,50,804,791,100,223
72390048,Virginia Beach,87,17037,344,32,804,714,100,51
79461255,Shirlee's MHP,8,17032,344,44,804,847,100,136
65829270,Forest at Sherman MHC,58,16185,314,35,803,814,100,61
75369379,Kay Lou MHC,2520-I,16131,296,35,803,790,100,74
72716261,Alta Vista MHC,57,16185,314,35,803,803,100,56
75369775,Big Country Mobile Home & RV Park,3604-E,16130,296,25,802,782,100,46
79463590,Auburn MHC,24,17037,344,32,802,804,100,45
72723408,Country Edge MHC,4061-2,16131,296,35,801,812,100,63
65822432,Taylor St Triplex,2,16185,314,30,801,807,100,29
72723267,Spruce Valley Condominiums,310,16185,314,45,801,820,100,243
70269574,Virginia Beach,232,17037,344,26,801,797,100,41
72378308,La Comunidad MHC,55,16185,314,45,799,803,100,147
72380494,La Comunidad MHC,142,16185,314,30,799,790,100,57
77029595,Chickadee Lane MHC,834,16185,314,30,798,794,100,54
70265432,Ontario Place MHC,71,16185,314,30,798,784,100,50
72386764,Canada,E15TC,16185,314,40,797,759,100,73
70262355,Whispering Pines Mobile Estates,802,16185,314,25,797,819,100,75
70271703,Wildwood Village MHC,21,16185,314,45,797,760,100,101
72717038,Eastwood Hills MHC,EH11,16185,314,40,797,818,100,114
72391236,La Comunidad MHC,65,16185,314,35,796,739,100,578
72387366,Rustic Acres MHC,36,16185,314,30,796,781,100,55
70262538,Ontario Place MHC,84,16185,314,30,796,821,100,33
79460646,Grand Valley Estates MHC,29-DOUBLETREE-DR,17037,344,29,796,821,100,102
72720727,Spruce Valley Condominiums,305,16185,314,30,795,833,100,55
70266356,Country Squire MHC,54B,16185,314,45,795,856,100,203
70271489,Coleman Village,101,16185,314,35,795,805,100,89
70265887,Ibiza Village2,9,17028,343,53,795,802,100,227
72380536,Highland Terrace,45,16185,314,35,795,794,100,69
75361210,Willapa Shores,6,17028,341,26,795,800,100,47
72380197,Virginia Beach,186,17037,344,44,795,801,100,83
65827290,PW2,5203JOHN,16185,314,35,794,779,100,84
70270333,PW2,3111LINDA,16185,314,35,794,777,100,157
72717566,Bishop 10th St Association,723107,16185,314,30,794,765,100,58
77053819,Big Country Mobile Home & RV Park,3507-A,17037,344,41,794,787,100,211
72381443,Carolina Springs MHP,CSP12-1778-GIBSONST,16131,296,25,793,778,100,54
70270101,Country Squire MHC,17,16185,314,40,793,802,100,78
70265085,Kay Bee Mobile Villa MHP,74,16185,314,55,793,776,100,303
70271679,Parker MHC,14,16185,314,40,793,795,100,93
70271687,Wildwood Estates MHC,44,16185,314,30,792,790,100,32
72717251,Spruce Valley Condominiums,409,16185,314,40,792,787,100,88
65826805,Oakwood MHP,100,16185,314,35,791,791,100,62
72716444,Piney Park,67,16185,314,25,791,797,100,168
70273410,Kingsbrook MHC,666AS,16131,296,25,791,823,100,32
75361541,Estancia MHP,63,16185,314,25,791,814,100,32
75369148,Lakeview MHC,20,362,209,18,791,488,100,
65829544,Wildwood Village MHC,7,16185,314,30,790,792,100,52
79463483,Backcountry MHC,19,16185,314,20,790,761,100,61
75369239,Grand Valley Estates MHC,28-DOUBLETREE-CT,17037,344,26,790,779,100,73
72392069,Crystal Acres MHC,27,17037,344,26,790,797,100,34
70260318,La Comunidad MHC,92,16185,314,30,790,785,100,91
77052282,Chickadee Lane MHC,810M,16185,314,25,789,781,100,30
75360287,Estancia MHP,40,16185,314,35,789,818,100,85
72391814,Holly Tree MHP,27,17037,344,38,788,723,100,60
77029439,Fowler Apts MF,701,16185,314,55,787,797,100,237
70271539,Coleman Village,114,16185,314,35,786,818,100,140
72390980,Ponderosa MHC,63,17037,344,26,786,804,100,115
72384165,La Comunidad MHC,121,16185,314,35,786,771,100,132
75363364,Lakeview MHC,11,16185,314,30,786,773,100,46
72717814,Pace East,88,16131,296,55,784,848,100,373
72719307,Little Acres MHC,8,17037,344,26,784,820,100,59
72385485,Crystal Acres MHC,42,17032,344,29,784,734,100,30
75361822,Broken Arrow MHP,6103-197TH-ST,16131,296,30,784,801,100,32
70269277,La Comunidad MHC,79,16185,314,35,783,777,100,62
72718408,Spruce Valley Condominiums,304,16185,314,45,783,770,100,166
72382573,Virginia Beach,73,17037,344,29,783,767,100,41
72721790,Spruce Valley Condominiums,301,16185,314,45,783,784,100,129
72716139,Spruce Valley Condominiums,407,16185,314,45,782,774,100,304
72378597,Parkview MHP,69,17037,344,26,782,775,100,42
65831250,Parkview MHP,C37,16185,314,25,782,767,100,137
79466361,Heritage Apartments,A8,16131,296,25,782,846,100,55
72384322,Virginia Beach,42,17037,344,41,782,769,100,85
77041376,Parkway MHC,37,17032,344,44,781,787,100,857
77029314,Holly Tree MHP,71,16185,314,35,781,800,100,73
79460505,The O in La Marque,12,17037,344,32,781,798,100,42
77060897,Oak Forest Estate MHC,35,17037,344,26,780,785,100,267
77053462,Canada,LVB6,16185,314,35,780,812,100,241
75361426,Highlands MHC,15,16185,314,30,780,768,100,95
70260268,Aurora MHC,252,16185,314,30,780,783,100,172
75362036,Hydetown Mobile Estates,1,17037,344,26,780,769,100,28
72719679,Tuttle Estates MHC,2,17037,344,41,780,788,100,86
75372449,Roosevelt MHC,23,16185,314,40,780,822,100,124
75369098,Shady Lane MHP,5013 Spruce Lane,17037,344,26,780,774,100,47
72381427,Holly Tree MHP,49,16185,314,30,779,789,100,36
79466544,Lakeview MHC,7,16185,314,25,779,807,100,75
77056630,The Oaks MHC,31,16131,296,35,778,783,100,181
72390238,Ponderosa MHC,29,17037,344,38,778,814,100,150
72388968,Chickadee Lane MHC,802-CHICKADEE,16185,314,30,778,772,100,43
75364172,Shelby's Trailer Park,LOT39,16131,296,25,778,788,100,40
70272826,Country Squire MHC,41,16185,314,30,778,765,100,50
79460620,The O in La Marque,2,16185,314,30,777,783,100,58
75374536,Kay Lou MHC,2616-M,16131,296,25,777,824,100,25
77061580,PW2,5199JOHN,16185,314,35,776,774,100,87
72714969,Parker MHC,3,16185,314,30,776,774,100,179
70261209,Ontario Place MHC,136,16185,314,35,776,778,100,41
77052233,Maple Run MHC,137,16131,296,20,776,788,100,127
70269434,Rustic Acres MHC,16,17037,344,47,775,825,100,148
72384108,La Comunidad MHC,46,16185,314,50,775,804,100,185
72715057,Spruce Valley Condominiums,412,16185,314,35,774,785,100,77
79460661,The O in La Marque,7,17037,344,26,774,795,100,39
70272412,Parker MHC,32,16185,314,35,774,861,100,69
72716857,Wildwood Village MHC,12,16185,314,40,774,779,100,90
75362689,Big Country Mobile Home & RV Park,3508-B,16185,314,30,774,779,100,46
70258882,Westview Mobile Estates MHC,101,17037,344,44,773,740,100,182
75374072,Oak Forest Estate MHC,5,17037,344,26,773,760,100,81
72380700,Virginia Beach,44,17037,344,32,773,735,100,79
72383522,Parkway MHC,23,17032,344,26,772,756,100,25
77061432,Carolina Springs MHP,CSP106-390-RIDGELINECT-1OF2,16131,296,55,772,820,100,376
72382649,Ponderosa MHC,26,17037,344,47,772,744,100,199
79461727,The O in La Marque,10,16185,314,40,772,775,100,82
70267792,Chickadee Lane MHC,819T,16185,314,40,772,757,100,148
75363554,Oak Forest Estate MHC,15,17037,344,41,772,729,100,2156
72717145,Piney Park,14B,16185,314,25,771,796,100,62
70264492,Aurora MHC,185,16131,296,35,771,759,100,69
70266257,Ontario Place MHC,32,16185,314,40,771,773,100,128
72722954,Wildwood Estates MHC,4,17037,344,32,771,777,100,55
72389495,Stafford MHC,529,16131,296,35,770,764,100,59
72392796,Holly Tree MHP,72,16185,314,25,770,772,100,27
79462493,Heritage Apartments,A4,16131,296,35,770,784,100,109
75360667,Parkway MHC,40,17032,344,41,770,775,100,143
79454599,Broadway MHP DesMoines,15,17037,344,35,770,777,100,37
72384611,Virginia Beach,161,17037,344,29,770,781,100,39
72378167,Virginia Beach,72,17037,344,38,770,770,100,95
70273592,Kay Lou MHC,2623-M,16131,296,25,769,761,100,42
72384660,Ontario Place MHC,38,16185,314,40,769,748,100,77
72724273,Hillview MHC,26,17037,344,32,769,768,100,69
75361715,Oswego MHP,LOT08,16185,314,45,769,810,100,128
72391608,Backwater MHC,18,17032,344,29,769,756,100,34
72721162,Parker MHC,26,16185,314,40,769,814,100,1748
72718325,Wildwood Estates MHC,45,16185,314,30,769,783,100,58
72387960,La Comunidad MHC,36,16185,314,35,768,823,100,82
72722269,Kay Bee Mobile Villa MHP,60,16185,314,55,768,760,100,299
72716501,Rusk MHC,35,17037,344,41,768,745,100,74
75369577,Broken Arrow MHP,6106-198TH-ST (wrong),16131,296,30,768,762,100,110
75365526,Stafford MHC,374,17037,344,38,768,780,100,80
70269525,Virginia Beach,115,17037,344,32,768,770,100,43
72719539,Highlands MHC,4A,16185,314,25,767,766,100,45
79463475,Paola MHC,9,16185,314,35,767,769,100,95
72718903,Wildwood Estates MHC,11,16185,314,40,767,724,100,50
75369635,Heritage Apartments,D2,16131,296,40,767,783,100,115
70260201,Maple Run MHC,19,362,209,18,766,831,100,
70273444,PW2,5215JUSTIN,16185,314,25,766,804,100,41
72380882,Kingsbrook MHC,770FA,16131,296,30,766,754,100,67
70269541,Ponderosa MHC,A,17037,344,29,766,742,100,37
72383050,Virginia Beach,90,17037,344,35,766,773,100,48
70261514,La Comunidad MHC,20B,16185,314,25,766,713,100,32
72384264,La Comunidad MHC,143,16185,314,25,766,781,100,55
72380353,La Comunidad MHC,95,16185,314,25,766,794,100,53
72719323,Wildwood Estates MHC,14,16185,314,35,766,777,100,127
70272016,Wildwood Estates MHC,8A,16185,314,45,766,768,100,85
70271729,Riverview Apartments MF,3,17037,344,29,766,781,100,23
72716295,8 OnElaine,2318-1102,16185,314,35,766,759,100,78
70273022,La Comunidad MHC,23,16185,314,30,766,776,100,180
70269046,Carolina Springs MHP,CSP82-1736-GILMOREST,16131,296,20,766,781,100,52
79454169,Stafford MHC,406,16185,314,35,766,786,100,64
70262959,Virginia Beach,12,17037,344,29,766,782,100,28
70267339,Kingsbrook MHC,101AB,16131,296,55,765,785,100,177
72388562,Virginia Beach,235,17037,344,26,765,778,100,38
79454250,Grand Valley Estates MHC,13-WOODLYNVALLEY-DR,17037,344,26,765,798,100,66
79465736,Virginia Beach,4,17037,344,26,765,844,100,36
72390501,Virginia Beach,184,17037,344,44,764,821,100,120
70265119,Kingsbrook MHC,785SU,16131,296,35,764,765,100,46
72378902,Mountaineer Village MHC,34,16131,296,35,764,771,100,58
72716337,Riverview Apartments MF,APT19,17037,344,26,764,738,100,39
72378910,Ontario Place MHC,55,16185,314,40,763,763,100,80
70272107,La Comunidad MHC,138,16185,314,30,763,781,100,72
75368959,Virginia Beach,128,17037,344,26,763,788,100,45
65824149,Oaklawn Park HOA,3537SOC,16185,314,30,762,776,100,77
72724455,Piney Park,18,16185,314,25,762,687,100,115
65822721,Ponderosa MHC,49,17037,344,26,762,754,100,567
70271943,La Comunidad MHC,144,16185,314,25,762,755,100,117
75363950,Shelby's Trailer Park,LOT14,16131,296,30,762,725,100,100
72721691,Riverview Apartments MF,12 filter poor isolation,17037,344,26,762,768,100,58
79465918,Put In Bay Condos,111-211,16185,314,30,762,773,100,140
72392739,Chickadee Lane MHC,812-CHICKADEE,16185,314,30,761,769,100,50
72383399,Virginia Beach,136,17037,344,29,761,761,100,44
77041673,Canada,LVA16,16185,314,40,760,772,100,66
70264070,Ontario Place MHC,75,16185,314,30,760,763,100,46
72386285,La Comunidad MHC,93,16185,314,50,760,810,100,1008
75368454,Oswego MHP,LOT05,16185,314,30,760,763,100,84
75368470,Ibiza Village,15,17037,344,53,760,785,100,208
77059873,Alta Vista MHC,10,16185,314,55,759,665,100,306
75360626,Noble Estates MHC,551,16185,314,30,759,751,100,85
72382284,Parkview MHP,5,16130,296,35,759,767,100,45
72714001,Wildwood Village MHC,28,16185,314,30,759,789,100,48
79460612,Kingsbrook MHC,783OA,16185,314,30,759,689,100,41
75362747,Oswego MHP,LOT02,16185,314,50,759,755,100,220
65828033,Minot Gardens MHC,94,17037,344,26,759,764,100,34
75368801,Southern Cross MHC,12,16185,314,25,758,743,100,27
79466569,The O in La Marque,11,16185,314,30,758,754,100,32
72715396,Azulejo,903,16131,296,35,757,753,100,91
72716238,Spruce Valley Condominiums,410,16185,314,40,757,740,100,110
72721816,Parker MHC,30,16131,296,25,757,760,100,55
70260565,Whispering Pines Mobile Estates,210,16131,296,25,757,760,100,30
75365906,Virginia Beach,78,17037,344,26,757,759,100,96
65828918,Oak Forest Estate MHC,9,17037,344,41,756,741,100,100
72383266,Pace East,12,16131,296,35,756,775,100,49
75374148,Mill Creek Estates,312L,16131,296,35,756,724,100,70
72390063,Virginia Beach,120,17037,344,44,756,759,100,113
77057729,Alta Vista MHC,12,16185,314,40,755,763,100,110
70269764,La Comunidad MHC,22A,16185,314,40,755,765,100,86
75361954,Roosevelt MHC,L,16131,296,25,755,755,100,30
75373884,Estancia MHP,47,16128,295,35,755,769,100,42
75365534,Broadway MHP DesMoines,21,17037,344,32,755,774,100,48
72382680,Virginia Beach,218,17037,344,26,755,750,100,63
65824594,Sky Run,24,16131,296,20,754,751,100,20
72386178,Stafford MHC,139,16185,314,35,754,777,100,72
72385790,Canada,LVA19,16161,296,35,754,785,100,69
72716824,Parker MHC,37,16185,314,50,754,783,100,187
65827787,Oakwood MHP,110,16185,314,25,753,740,100,61
70269640,Piney Park,10,16185,314,30,753,707,100,322
70258924,Coleman Village,185,16185,314,35,753,739,100,80
75374908,Grand Valley Estates MHC,18-STONEVALLEY-DR,17037,344,32,753,783,100,176
72383415,Virginia Beach,55,17037,344,29,753,739,100,36
70269491,Country Squire MHC,52B,16185,314,35,752,750,100,60
70266364,Dorr Drive MHP,9,16185,314,25,752,756,100,34
72391699,Rusk MHC,12,17037,344,32,752,742,100,54
70265457,La Comunidad MHC,125,16185,314,30,752,811,100,54
72719554,Big Country Mobile Home & RV Park,3604-B,17037,344,26,752,752,100,128
75372720,Oakwood MHP,19,16185,314,30,751,717,100,440
75370534,Big Country Mobile Home & RV Park,3510-C,16130,296,35,751,754,100,63
72723572,Oak Forest Estate MHC,24,17037,344,32,751,770,100,53
75361459,Haven MHP,8,16131,296,35,751,755,100,150
79461289,Kay Bee Mobile Villa MHP,56,16131,296,25,750,734,100,36
70270705,Kingsbrook MHC,675EL,16131,296,30,750,788,100,55
70265804,Westview Mobile Estates MHC,20,16185,314,35,750,747,100,174
75364222,Hydetown Mobile Estates,28,16185,314,25,750,747,100,24
70268667,Backwater MHC,5,17037,344,41,750,761,100,137
72717004,Eastwood Hills MHC,EH53,16185,314,40,750,787,100,104
75362671,Roosevelt MHC,9,16185,314,40,750,744,100,76
68618733,La Comunidad MHC,75,16185,314,35,749,763,100,83
70258999,La Comunidad MHC,88,16185,314,40,749,765,100,65
72714985,Riverview Apartments MF,11,17037,344,29,749,783,100,35
70263114,Aurora MHC,239,16131,296,20,748,758,100,37
70269343,Backwater MHC,28,17032,344,38,748,747,100,73
72720040,Eastwood Hills MHC,EH35,16185,314,35,748,725,100,62
65822127,The Oaks MHC,11 Oaks,16131,296,35,747,762,100,82
77059444,Piney Park,5,16185,314,30,747,775,100,233
72718531,Kay Bee Mobile Villa MHP,29,16131,296,40,747,748,100,106
75364867,Grand Valley Estates MHC,20-AMOSVALLEY-DR,17037,344,26,747,752,100,85
65829981,Estancia MHP,119,16128,295,45,746,745,100,107
77056291,Aurora MHC,255,16131,296,35,746,764,100,85
72392465,Stafford MHC,515,16128,295,40,746,737,100,136
72387911,Stafford MHC,521,16185,314,40,746,781,100,2174
79465991,Heritage Apartments,C1,16185,314,35,746,745,100,113
72386640,Virginia Beach,149,17037,344,32,746,760,100,36
65823034,Alta Vista MHC,16,16185,314,30,745,748,100,51
70265077,Coleman Village,143,16185,314,20,745,771,100,91
75374742,Kay Lou MHC,2628-I,16131,296,50,745,742,100,148
77055251,Canada,LVJ12,17037,344,44,745,751,100,180
79455158,Grand Valley Estates MHC,5-SONOMAVALLEY-DR,17037,344,38,745,713,100,57
70264047,Piney Park,68,17037,344,47,744,760,100,191
72718226,Spruce Valley Condominiums,408,16185,314,40,744,737,100,288
75362093,Roosevelt MHC,108,16185,314,35,744,747,100,75
75365468,Stafford MHC,333,16185,314,35,744,756,100,77
72724513,Hillview MHC,15,16185,314,40,743,803,100,111
72392648,Stafford MHC,278,16185,314,20,743,713,100,28
72718135,Eastwood Hills MHC,TR310,16185,314,40,743,765,100,71
75371474,Roosevelt MHC,31,16131,296,40,743,758,100,100
79465843,Grand Valley Estates MHC,5-IMPERIALVALLEY-DR,17037,344,26,743,768,100,47
77061531,Alta Vista MHC,11,16185,314,40,741,755,100,123
72392572,Stafford MHC,309,16131,296,40,741,739,100,61
70270499,La Comunidad MHC,123,16185,314,45,741,719,100,148
65831805,La Comunidad MHC,120,16185,314,40,740,736,100,78
65822390,Eastwood Hills MHC,TR319,16185,314,45,740,755,100,127
75374221,Shelby's Trailer Park,LOT17,16131,296,35,740,718,100,118
72383225,Stafford MHC,159,17037,344,38,740,757,100,238
72381005,Ponderosa MHC,32,17037,344,32,740,740,100,255
65831383,Forest at Sherman MHC,96,17037,344,44,739,783,100,98
72386947,La Comunidad MHC,97,16185,314,55,738,751,100,427
72386780,Holly Tree MHP,15,16185,314,25,737,775,100,54
70265531,Chickadee Lane MHC,811T,16185,314,25,737,741,100,35
72379660,La Comunidad MHC,106,16185,314,35,737,746,100,55
72378878,Backwater MHC,3,17037,344,44,737,738,100,175
72383993,La Comunidad MHC,91,16185,314,45,737,730,100,132
75373660,Noble Estates MHC,540,17037,344,38,737,848,100,91
72384959,Rustic Acres MHC,32,17037,344,32,736,724,100,85
72381526,Stafford MHC,512,16185,314,40,736,729,100,78
65830294,Aurora MHC,125,16131,296,30,736,805,100,45
72722699,Hillview MHC,10,16185,314,45,736,742,100,103
72718101,Wildwood Estates MHC,22,17037,344,35,736,754,100,69
72721949,Kay Bee Mobile Villa MHP,69,16131,296,50,736,732,100,360
75364438,Forest at Sherman MHC,53,16185,314,35,736,727,100,90
72385436,Crystal Acres MHC,38,17032,344,32,735,761,100,49
75366219,Grand Valley Estates MHC,23-IMPERIALVALLEY-DR,17037,344,26,735,754,100,81
77061879,Alta Vista MHC,41,16185,314,30,734,770,100,53
70264880,Oak Forest Estate MHC,2,17037,344,35,734,701,100,45
70267446,La Comunidad MHC,19,16185,314,25,734,740,66,5296
79459200,Oswego MHP,LOT19,17037,344,35,734,731,100,64
72714415,Estancia MHP,98,17037,344,35,734,743,100,80
70268964,Crystal Acres MHC,42A,17032,344,35,733,726,100,65
72724489,Wildwood Estates MHC,34,16185,314,35,733,747,100,54
72722376,Kay Bee Mobile Villa MHP,51,16131,296,45,733,749,100,148
75365237,Noble Estates MHC,553,16130,296,30,733,726,100,34
72382755,Virginia Beach,21,17037,344,35,733,734,100,55
77059972,Westview Mobile Estates MHC,213,16185,314,25,732,744,100,86
72392168,Ponderosa MHC,62,17037,344,26,732,742,100,218
70269558,La Comunidad MHC,129,16185,314,25,732,740,100,74
72389305,Whispering Pines Mobile Estates,113,16131,296,25,732,782,100,49
77058727,Holly Tree MHP,11,16185,314,25,731,757,100,35
72383506,Virginia Beach,46,17037,344,32,731,748,100,35
77029496,Canada,F8TC,16185,314,30,730,736,100,68
75371250,Highlands MHC,14A,17037,344,32,730,770,100,71
72717160,Wildwood Village MHC,24,16185,314,35,730,744,100,66
70265549,La Comunidad MHC,20A,16185,314,40,729,735,100,410
75364651,Pleasant Acres,3,16131,296,25,729,721,100,36
72383662,Virginia Beach,130,17037,344,32,729,745,100,43
65828645,The Oaks MHC,38,16131,296,35,728,701,100,55
75364842,Lake Charles Duplexes,871B,17037,344,47,728,714,100,136
70267271,PW2,3358DONNA,16185,314,30,727,690,100,78
70262710,Stafford MHC,326,16185,314,40,727,737,100,102
75366847,Estancia MHP,137,17037,344,35,727,712,100,49
75361376,Midtown MHP,10,16185,314,25,727,707,100,43
72722384,Wildwood Village MHC,2,16185,314,30,727,716,100,58
70259153,Oak Forest Estate MHC,27,17037,344,35,726,692,100,139
65829700,Holly Tree MHP,70,16185,314,20,726,718,100,129
79455281,The O in La Marque,18,16185,314,30,726,733,100,29
75370740,Grand Valley Estates MHC,21-AMOSVALLEY-DR,17037,344,26,726,720,100,66
72386541,Virginia Beach,240,17037,344,35,726,736,100,67
72381807,PW2,3123CINDY,16185,314,40,726,736,100,96
65828165,The Oaks MHC,9,16131,296,30,725,710,100,130
70270945,Kingsbrook MHC,402DO,16131,296,25,725,733,100,97
72379249,Rustic Acres MHC,33,16185,314,35,725,700,100,94
72378316,La Comunidad MHC,151,16185,314,40,725,719,100,83
75369478,Oaklawn Park HOA,3514SOC,16185,314,25,725,744,100,61
75372746,Oaklawn Park HOA,3541SOC,16185,314,30,725,748,100,102
72383159,Virginia Beach,68,17037,344,32,725,728,100,86
70266265,La Comunidad MHC,76,16185,314,25,724,721,100,78
72392929,Parkview MHP,17,17037,344,35,724,714,100,87
70265994,La Comunidad MHC,74,16185,314,50,724,713,100,211
75364479,Roosevelt MHC,136,16131,296,40,724,738,100,99
72722996,Estancia MHP,92,17037,344,26,724,720,100,47
72389990,Virginia Beach,221,17037,344,35,724,720,100,43
65822630,Forest at Sherman MHC,63,16185,314,40,723,717,100,95
65826219,PW2,5196JASON,16185,314,30,723,740,100,41
70273006,La Comunidad MHC,85,16185,314,25,723,701,100,3433
79453898,Grand Valley Estates MHC,4-AMOSVALLEY-DR,17037,344,26,723,702,100,1431
77041665,Kingsbrook MHC,733AS,16131,296,20,722,740,100,36
75370708,Big Country Mobile Home & RV Park,3510-E,16185,314,30,722,738,100,75
70260391,Parkview MHP,D74,16185,314,40,722,723,100,101
75365682,Alta Vista MHC,35,17037,344,26,722,725,100,25
70269236,La Comunidad MHC,51,16185,314,25,721,708,100,80
79454920,Oswego MHP,LOT11,17037,344,26,720,758,100,107
79465496,Paola MHC,24,17037,344,26,720,720,100,50
75370567,Cactus Flower,6,16185,314,35,720,709,100,83
70264583,Ontario Place MHC,3,17037,344,29,720,713,100,58
75373264,Wildwood Estates MHC,51,17037,344,32,720,756,100,69
72723754,CJ,126,16131,296,45,720,755,100,95
77059907,Deer Lake MHC,1,16185,314,25,719,718,100,48
77059980,Kingsbrook MHC,767SU,16131,296,25,719,720,100,71
70266679,Aurora MHC,226,16131,296,25,718,716,100,43
75360527,Roosevelt MHC,10,16131,296,30,718,736,100,45
75371680,Big Country Mobile Home & RV Park,3511-A,17037,344,26,718,731,100,83
79466999,Auburn MHC,15,17037,344,32,718,686,100,38
72380213,La Comunidad MHC,71,16185,314,25,717,721,100,39
72724182,Parkview MHP,A2,16185,314,35,717,739,100,112
79466304,Shady Lane MHP,5027 Spruce Lane,17037,344,35,717,761,100,78
72392879,Virginia Beach,129,17037,344,29,717,697,100,85
65825088,The Oaks MHC,14,16131,296,45,716,675,100,168
77058222,Forest at Sherman MHC,3,16185,314,40,716,706,100,77
70268626,Ontario Place MHC,137,16185,314,25,716,711,100,84
72724240,Coleman Village MHC,181,16185,314,40,716,715,100,64
75368918,Tuttle Estates MHC,19,17037,344,47,716,701,100,176
70265705,Ibiza Village2,3,17037,344,47,715,720,100,163
70258643,La Comunidad MHC,115,16185,314,35,715,721,100,61
72385345,Virginia Beach,31,17037,344,29,715,743,100,69
79461560,Paola MHC,23,17037,344,38,714,769,100,43
72389057,Kay Bee Mobile Villa MHP,86,16131,296,30,714,715,100,37
72387291,La Comunidad MHC,54,16185,314,40,714,708,100,94
75372415,Coleman Village MHC,104,16185,314,25,714,691,100,50
72390204,Virginia Beach,242,17037,344,35,714,709,100,66
72392721,Ponderosa MHC,22,17037,344,41,713,719,100,85
72387739,La Comunidad MHC,113,16185,314,30,713,716,100,252
72384686,La Comunidad MHC,140,16185,314,25,713,688,100,85
72715479,Parker MHC,8,16185,314,35,713,735,100,62
70267883,Minot Gardens MHC,3,17037,344,26,713,690,100,31
72717640,Kay Bee Mobile Villa MHP,36,16131,296,40,712,744,100,147
72723994,Tuttle Estates MHC,3,17037,344,38,712,734,100,56
72379868,Virginia Beach,32,17037,344,44,712,713,100,86
72392770,Stafford MHC,101,16131,296,45,711,720,100,155
70268816,La Comunidad MHC,136,16185,314,35,711,670,100,68
75371094,CJ,121,16185,314,35,711,714,100,68
65830856,Alta Vista MHC,34,16185,314,40,710,685,100,97
79464093,Ontario Place MHC,98,16185,314,20,710,717,100,37
79463079,The O in La Marque,14,16185,314,30,710,727,100,45
75374205,Shelby's Trailer Park,LOT38,16131,296,35,710,696,100,81
72381401,Rustic Acres MHC,3,16185,314,30,710,717,100,80
75367159,Kay Lou MHC,2506-I,16131,296,35,710,709,100,79
72388604,Chickadee Lane MHC,805-CHICKADEELANE,16185,314,25,709,696,100,42
75368512,The O in La Marque,18,16185,314,40,709,666,100,97
72717608,Patrick 5YR,2,16193,320,35,709,695,100,458
75368603,Roosevelt MHC,79,16185,314,35,709,702,100,58
72715354,Bishop 10th St Association,727101,16185,314,35,709,710,100,55
72390311,Stafford MHC,275,16131,296,50,708,687,100,214
72384751,Rusk MHC,45,17037,344,29,708,736,100,49
72716758,Sunview MHP,28,17037,344,44,708,704,100,103
79466379,Shady Lane MHP,106 Shady Lane,17028,341,32,708,716,100,31
79459283,Ibiza Village,1,17028,343,38,708,680,100,117
77055087,Canada,F7TC,362,209,18,707,770,100,
70261456,Oak Tree GenII,25,16131,296,35,707,703,100,51
72723622,Sunview MHP,29B,17037,344,41,707,681,100,132
79465504,The O in La Marque,10,16185,314,35,707,743,100,63
77060228,Holly Tree MHP,3,16185,314,25,707,714,100,49
72390857,La Comunidad MHC,80A,16185,314,25,707,704,100,29
72719513,Kay Bee Mobile Villa MHP,19,16131,296,40,707,695,100,169
75370641,Heritage Apartments,C6,16131,296,40,707,750,100,92
70259666,Piney Park,24,16185,314,35,706,719,100,170
70265978,Parkview MHP,9,17037,344,38,706,714,100,93
75373629,Roosevelt MHC,145,16131,296,40,706,699,100,81
65824990,Holly Tree MHP,10,16185,314,20,705,727,100,62
72390758,Stafford MHC,538,17037,344,26,705,685,100,53
72390162,Stafford MHC,171,16185,314,35,705,678,100,71
70262884,Holly Tree MHP,22,16185,314,20,705,738,100,37
70264724,Estancia MHP,80,16185,314,35,705,706,100,39
70272537,Oakwood MHP,115,16185,314,40,704,701,100,123
72718911,Wildwood Estates MHC,2,16185,314,40,704,715,100,626
72715685,Kingsbrook MHC,777AS,16131,296,40,704,647,100,72
75368884,Stafford MHC,322,17037,344,38,704,808,100,229
75362887,Shady Lane MHP,66 Shady Lane,17037,344,26,704,702,100,38
65825237,Kachina,17-311,16185,314,35,703,684,100,70
70270648,Aurora MHC,253,16131,296,25,703,686,100,37
72381393,Carolina Springs MHP, CSP3-1790-GIBSONST,16131,296,20,703,736,100,54
75366003,Broken Arrow MHP,6105-198TH-ST,17037,344,50,703,728,100,179
70259039,Coleman Village,178,17037,344,26,702,682,100,98
72385915,Stafford MHC,530,16185,314,35,702,718,100,71
70260169,Backwater MHC,20,17037,344,44,702,717,100,97
72381716,Backwater MHC,44,17032,344,29,702,714,100,34
79462758,Heritage Apartments,B1,16131,296,40,702,705,100,87
79462717,Lakeview MHC,19,16185,314,35,702,726,100,388
79466858,Shady Lane MHP,154 Shady Lane,17028,341,26,702,762,100,43
72384405,Roosevelt MHC,129,16131,296,45,700,704,100,118
79455331,Lake Charles Duplexes,871A,16131,296,45,700,757,100,101
75366623,Noble Estates MHC,537,17037,344,29,700,711,100,55
75366078,Kingsbrook MHC,636AS,16131,296,40,700,705,100,121
72390873,Kingsbrook MHC,612FE,16131,296,35,699,669,100,64
65827142,Parkview MHP,21,16185,314,35,699,714,100,57
72722723,Coleman Village MHC,118,16185,314,45,699,659,100,149
75362192,Big Country Mobile Home & RV Park,3507-D,16185,314,25,699,700,100,53
72714282,Eastwood Hills MHC,EH255,16185,314,35,699,661,100,121
77057802,Sky Run,17,16131,296,40,698,707,100,82
77056648,Sky Run,26,16131,296,30,698,703,100,49
75374361,Lakeview MHC,23,16185,314,20,698,712,100,100
72389263,Virginia Beach,14,17037,344,32,698,704,100,35
75365393,Stafford MHC,502,16185,314,30,697,712,100,56
70265697,Sunview MHP,26,17037,344,32,697,698,100,92
70260540,Whispering Pines Mobile Estates,528,16131,296,25,697,677,100,390
75362390,Shelby's Trailer Park,LOT29,16131,296,35,697,688,100,75
70272693,Parker MHC,52,16185,314,25,697,707,100,81
72717467,Wildwood Estates MHC,27B,16185,314,35,697,703,100,39
65827175,Minot Gardens MHC,64,16131,296,20,697,685,100,176
75362507,Wildwood Village MHC,11,16185,314,30,697,755,100,61
65826185,Forest at Sherman MHC,88,16185,314,50,696,672,100,310
72389354,Stafford MHC,214,16185,314,35,696,676,100,71
72385105,Virginia Beach,35,17037,344,32,696,757,100,78
77055871,Chickadee Lane MHC,800T,16185,314,20,695,710,100,66
77058883,PW2,5212JASON,16185,314,55,695,718,100,425
70261977,Deer Lake MHC,5,16131,296,45,695,688,100,145
72384355,Stafford MHC,321,16185,314,30,695,664,100,45
72392424,Westview Mobile Estates MHC,112,16185,314,45,695,682,100,202
72387952,La Comunidad MHC,45,16185,314,25,695,682,100,62
65826052,Forest at Sherman MHC,69,16185,314,40,694,684,100,120
77056333,Chickadee Lane MHC,807T,17037,344,26,694,716,100,75
79454060,The O in La Marque,20,16185,314,35,694,718,100,51
75362697,The O in La Marque,21,17037,344,26,694,717,100,21
70272180,Crystal Acres MHC,6,17037,344,38,694,692,100,190
72380510,Rusk MHC,4,17037,344,32,694,621,100,85
75368868,Grand Valley Estates MHC,22-BONEVALLEY-DR,17037,344,38,694,705,100,109
77057208,Holly Tree MHP,48,16185,314,45,693,678,100,149
72384793,Rustic Acres MHC,48,16185,314,40,693,718,100,756
75371953,Roosevelt MHC,36,17037,344,41,693,714,100,98
72717087,Wildwood Estates MHC,27,16185,314,35,693,694,100,85
72722509,Wildwood Village MHC,9,17037,344,32,693,644,100,48
79455356,Broadway MHP DesMoines,24,17037,344,38,693,694,100,92
77029546,Holly Tree MHP,14,16185,314,20,692,710,100,72
72380023,Carolina Springs MHP,CSP24-1732-GIBSONST,16131,296,35,692,661,100,61
72380924,Virginia Beach,158,17037,344,29,692,742,100,77
75372274,Virginia Beach,51,17037,344,29,692,703,100,48
65829023,Kingsbrook MHC,715EL,16131,296,25,691,707,100,35
70264997,Alta Vista MHC,5,16185,314,25,691,687,100,44
70264625,PW2,5211JUSTIN,16185,314,25,691,698,100,350
70259906,PW2,5188JASON,16185,314,25,691,686,100,78
75361160,Pleasant Acres,36,16185,314,35,691,698,100,88
65821996,Kingsbrook MHC,3207W,16131,296,25,690,723,100,81
77028688,Holly Tree MHP,63,16185,314,20,690,703,100,31
70270085,Trans Canada,F4TC,16185,314,35,690,706,100,63
72383027,Stafford MHC,183,16185,314,35,690,682,100,62
72384058,La Comunidad MHC,63,16185,314,30,690,674,100,78
79455711,Heritage Apartments,A2,16131,296,40,690,698,100,83
72384488,Virginia Beach,200,17037,344,26,690,704,100,32
75366854,Stafford MHC,394,17037,344,32,690,695,100,78
77056341,The Oaks MHC,35,16185,314,30,689,689,100,32
75369510,Running Springs MHP,4,16185,314,35,689,667,100,98
72381286,Dorr Drive MHP,1,16185,314,35,689,685,100,231
72721840,Eastwood Hills MHC,EH44,16185,314,40,689,698,100,95
72723093,Parker MHC,6,17037,344,32,689,667,100,61
70272073,Kay Bee Mobile Villa MHP,30,16131,296,20,689,677,100,126
72715990,Backwater MHC,7,17032,344,41,688,689,100,82
77056507,PW2,3125CINDY,17037,344,41,688,688,100,83
79455216,Kay Lou MHC,701-T,16131,296,35,688,699,100,53
70265580,La Comunidad MHC,72A,16185,314,40,688,690,100,78
77056655,Kingsbrook MHC,773AM,16131,296,50,687,717,100,149
65822655,Coleman Village MHC,122,16185,314,35,687,653,100,89
75368975,Kay Lou MHC,2607-M,16131,296,40,687,712,100,90
65828785,Kingsbrook MHC,409DO,16131,296,20,686,712,100,51
77029397,Holly Tree MHP,44,16185,314,20,686,677,100,22
75369288,Kay Lou MHC,2619-I,16131,296,35,686,702,100,70
75365435,Broken Arrow MHP,6123-197TH-ST,16131,296,30,686,671,100,57
72389131,Stafford MHC,206,16131,296,35,685,680,100,64
72380635,Flower Mound,15,16185,314,35,685,632,100,51
77059147,Maple Run MHP,105,16131,296,50,684,702,100,231
70260235,Coleman Village,111,16185,314,35,684,691,100,65
70268949,Stafford MHC,not 401,16185,314,35,684,686,100,107
72384397,Highland Terrace,11,16185,314,35,684,663,100,47
70272503,Wildwood Estates MHC,12,16185,314,40,684,712,100,86
72715784,Estancia MHP,6,17037,344,38,684,682,100,101
75365401,Noble Estates MHC,533,16185,314,25,684,682,100,71
79459416,Oakwood MHP,66,16022,260,18,684,716,100,
65831409,La Comunidad MHC,73,17037,344,38,683,639,100,165
79454433,The O in La Marque,9,16185,314,35,683,697,100,78
72380973,Rustic Acres MHC,19,17037,344,35,683,679,100,94
72722160,Oaklawn Park HOA,3517SOC,16185,314,30,683,656,100,121
72720073,Wildwood Estates MHC,5,16185,314,30,683,701,100,55
75368967,Haven MHP,14,16131,296,35,683,712,100,115
77056481,Forest at Sherman MHC,52,16185,314,50,682,688,100,4824
77060202,Canada,C4TC,17037,344,44,682,615,100,540
70270812,Ontario Place MHC,77,16185,314,35,682,695,100,95
72385873,Stafford MHC,556,17037,344,35,682,681,100,59
75369049,Roosevelt MHC,17,16131,296,35,682,701,100,52
65826193,Green Grove Trailer Court MHC,22,16131,296,55,681,657,100,296
77056069,Holly Tree MHP,64,16185,314,20,681,687,100,41
70270283,Piney Park,2,16185,314,55,681,662,100,275
75362176,Oaklawn Park HOA,3354SOC,16185,314,30,681,693,100,33
79453658,Grand Valley Estates MHC,3-AMOSVALLEY-DR,17037,344,26,680,693,100,640
79463400,Holly Tree MHP,77,16185,314,25,680,701,100,21
70263346,Sunview GenII,18,17037,344,26,679,695,100,130
72379611,Backwater MHC,23,17032,344,41,679,723,100,188
72719810,Wildwood Estates MHC,A4,16185,314,30,679,650,100,41
75370039,Grand Valley Estates MHC,12-SONOMAVALLEY-DR,17037,344,29,679,689,100,131
72385709,Virginia Beach,180,17037,344,29,679,676,100,100
68618634,Estancia MHP,145,16185,314,45,678,703,100,134
65824800,Oak Forest Estate MHC,1,17037,344,32,678,723,100,134
70265945,Flower Mound MHC,20,16185,314,35,678,661,100,183
65828553,Virginia Beach,227,17037,344,26,678,692,100,58
72380890,Stafford MHC,223,16185,314,45,678,680,100,105
70266984,Browns MHP,21,17037,344,32,677,666,100,267
79465561,Grand Valley Estates MHC,3-SONOMAVALLEY-DR,17037,344,38,677,737,100,84
75366086,Grand Valley Estates MHC,6-DOUBLETREE-DR,17037,344,32,676,712,100,73
72388653,Stafford MHC,527,16185,314,35,675,600,100,355
70269459,Stafford MHC,504,17037,344,47,675,678,100,162
70268782,Crystal Acres MHC,31,17032,344,35,675,684,100,70
72381757,Dorr Drive MHP,16,16185,314,40,675,686,100,90
72382813,Virginia Beach,8,17037,344,26,675,678,100,36
65828710,Canada,D4TC,362,209,18,674,775,100,
79466510,The O in La Marque,3,16185,314,25,674,693,100,27
72714522,Hillview MHC,11,16185,314,40,674,663,100,70
75370948,Roosevelt MHC,84,16185,314,35,674,667,100,74
75364768,Pleasant Acres,39,16131,296,25,674,668,100,47
65823927,Alta Vista MHC,44 better than 30385,16185,314,25,673,726,100,72
77058545,Country Squire MHC,53A,16185,314,40,673,690,100,78
70259773,Coleman Village,115,17037,344,32,673,695,100,75
72719844,Parker MHC,44,16185,314,40,673,668,100,66
75368116,Pleasant Acres,4,16131,296,25,673,656,100,59
75360477,Haven MHP,10,16131,296,25,673,670,100,31
72718259,Kay Bee Mobile Villa MHP,82,16131,296,40,672,678,100,98
65826334,Sky Run,21,16131,296,25,671,669,100,37
77054197,Kingsbrook MHC,783AM,16131,296,20,671,699,100,30
77052142,Lakeview MHC,27,16131,296,25,671,684,100,189
70262744,Virginia Beach,17,17037,344,26,671,653,100,45
79460687,The O in La Marque,12,16185,314,40,670,646,100,71
75360873,Kay Lou MHC,2614-M,16131,296,35,670,686,100,59
72378886,Whispering Pines Mobile Estates,524,16131,296,30,670,693,100,41
70272313,Rustic Acres MHC,47,17037,344,26,670,701,100,39
79463178,Grand Valley Estates MHC,6-BONEVALLEY-DR,17037,344,41,670,671,100,87
75367043,Shelby's Trailer Park,LOT35,16131,296,35,669,665,100,108
72719943,Wildwood Village MHC,22,16185,314,35,669,655,100,85
75361079,Heritage Apartments,A6,16131,296,35,669,692,100,96
65824412,Holly Tree MHP,84,16185,314,45,668,677,100,192
77056606,Kingsbrook MHC,405DO,16185,314,40,668,644,100,93
70259690,Jefferson,4,16131,296,45,668,658,100,322
70270366,Kingsbrook MHC,774AS,16131,296,35,668,677,100,102
72389594,Ontario Place MHC,145,16185,314,25,668,660,100,39
72385634,La Comunidad MHC,6,16185,314,40,668,666,100,68
72391509,Backwater MHC,31,17037,344,29,668,621,100,31
75361814,Alta Vista MHC,49,16131,296,25,668,686,100,81
72391855,La Comunidad MHC,2,16185,314,40,667,664,100,81
70266018,Coleman Village MHC,108,16185,314,25,667,668,100,49
72383290,Parkway MHC,57,17032,344,35,666,644,100,47
77053405,Piney Park,58,16185,314,25,666,681,100,255
72389198,Stafford MHC,267,16131,296,35,666,692,100,93
70266471,Rustic Acres MHC,66,17037,344,26,666,704,100,47
75367688,Kay Lou MHC,704-T,16131,296,35,665,702,100,53
77028498,Aurora MHC,Office,16185,314,20,665,658,100,34
72719505,Ponderosa MHC,30,17037,344,35,664,629,100,101
72382748,8 OnElaine,2314-1202,16185,314,35,664,658,100,75
72380619,Carolina Springs MHP,CSP78-1752-GILMOREST,16131,296,30,664,640,100,68
72720834,Kay Bee Mobile Villa MHP,62,16131,296,35,664,656,100,121
79466965,The O in La Marque,16,16185,314,30,663,663,100,37
75361897,Big Country Mobile Home & RV Park,3505-A,16131,296,20,663,661,100,64
65828421,Parkview MHP,44,16185,314,25,663,647,100,139
75366615,Broken Arrow MHP,6112-198TH-ST,17032,344,47,663,636,100,225
70259583,La Comunidad MHC,77,16185,314,30,662,672,100,45
75374213,Shelby's Trailer Park,LOT21,16131,296,20,662,691,100,47
70261118,The Oaks MHC,2,16131,296,35,661,672,100,87
70267594,Coleman Village,130,16185,314,25,661,654,100,80
79454318,Lake Charles Duplexes,840B,16131,296,55,661,730,100,204
70258858,Carolina Springs MHP,CSP20-1748-GIBSONST,16131,296,25,661,632,100,74
72379694,Backwater MHC,42,17032,344,26,661,625,100,33
72380775,La Comunidad MHC,134,16185,314,35,661,690,100,91
72391483,Brighton Court MHP,19,16185,314,35,661,699,100,90
72722756,Eastwood Hills MHC,EH18,16185,314,30,661,691,100,64
79454748,Oswego MHP,LOT28,17037,344,47,661,689,100,587
72717129,Pace East,20,16131,296,35,660,595,100,140
72393034,Stafford MHC,551,16131,296,40,660,678,100,72
72381492,Country Squire MHC,56B,16185,314,25,660,599,100,37
72389537,Ponderosa MHC,47,17037,344,26,659,664,100,210
72387184,Crystal Acres MHC,43-1OF2,17037,344,26,659,644,100,34
75363414,Shelby's Trailer Park,LOT15,16131,296,40,659,686,100,127
72717590,Parker MHC,33,16131,296,45,659,771,100,95
70273238,Roosevelt MHC,143,17037,344,29,658,664,100,59
70266240,Coleman Village MHC,123,16185,314,25,658,648,100,84
72724190,Shelby's Trailer Park,LOT01,16131,296,30,658,656,100,47
72717269,Eastwood Hills MHC,EH87,16185,314,40,658,650,100,161
72717293,Wildwood Estates MHC,49,16185,314,40,658,675,100,78
79454953,Oswego MHP,LOT13,16185,314,40,658,646,100,101
72722772,Spruce Valley Condominiums,306,16185,314,35,657,639,100,79
72715909,Hillview MHC,8,16185,314,35,657,667,100,80
77054353,Chickadee Lane MHC,821T,16185,314,20,657,679,100,125
77029355,Holly Tree MHP,47,16185,314,45,657,606,100,138
70268451,Country Squire MHC,70,16185,314,30,657,680,100,65
72386319,Stafford MHC,243,16185,314,50,657,639,100,217
72719240,Kay Bee Mobile Villa MHP,68,16131,296,45,657,676,100,211
75373033,Big Country Mobile Home & RV Park,3602-B,17037,344,26,657,637,100,40
72383324,Virginia Beach,3,17037,344,32,657,678,100,131
72386095,Ponderosa MHC,10,17037,344,35,656,651,100,93
70272198,La Comunidad MHC,132,16185,314,35,656,654,100,84
72378738,La Comunidad MHC,14,16185,314,50,656,614,100,330
75367266,Stafford MHC,550,16185,314,35,656,717,100,46
70267917,Aurora MHC,188,17037,344,41,655,662,100,77
72387929,Stafford MHC,390,16131,296,40,655,645,100,80
72388869,Westview Mobile Estates MHC,31,16185,314,40,655,733,100,368
75360733,Big Country Mobile Home & RV Park,3502-A,17037,344,35,655,691,100,101
72718085,Kingsbrook MHC,2604T,16185,314,30,655,669,100,56
75374056,Estancia MHP,2,16185,314,30,655,599,100,92
77029231,Holly Tree MHP,66,16185,314,50,654,696,100,205
77055277,The Oaks MHC,7,16131,296,30,654,654,100,48
70259062,Flower Mound MHC,27,16185,314,35,654,559,100,64
75365302,Shady Lane MHP,33 Maple Lane,17028,341,44,654,651,100,105
77055509,Kachina,13,16185,314,35,653,673,100,194
79466254,Heritage Apartments,C3,16131,296,45,653,663,100,113
79460778,Paola MHC,11,16185,314,25,652,677,100,133
72386301,Stafford MHC,353,16128,295,45,652,671,100,214
65828777,The Oaks MHC,19,16131,296,35,651,665,100,58
75360758,Roosevelt MHC,121,16131,296,30,651,645,100,58
72390865,Virginia Beach,206,17037,344,26,651,632,100,290
77055111,Kingsbrook MHC,407DO,16131,296,35,650,669,100,52
72380429,La Comunidad MHC,145,17037,344,26,650,624,100,66
79455372,Kay Lou MHC,708-T,16131,296,35,650,639,100,90
75370997,Auburn MHC,20,17037,344,35,649,700,100,52
77061721,Holly Tree MHP,13,16185,314,30,648,671,100,46
72385691,Virginia Beach,139,17037,344,35,648,658,100,64
70270622,Coleman Village,184,16185,314,25,647,680,100,104
75374288,Roosevelt MHC,133,16131,296,25,647,653,100,47
77059220,Chickadee Lane MHC,810T,16185,314,25,646,637,100,33
70263528,Virginia Beach,238,17037,344,38,646,689,100,69
70266331,Coleman Village,169,16185,314,35,646,634,100,141
70269178,Rustic Acres MHC,31,17037,344,26,646,648,100,27
72381963,La Comunidad MHC,18,16185,314,40,646,642,100,196
70265176,Highland Terrace,37,16185,314,45,646,649,100,128
75373876,Oak Forest Estate MHC,12,17037,344,41,646,646,100,102
72715875,Rusk MHC,11,17037,344,50,645,655,100,182
72392218,Kingsbrook MHC,748AS,16131,296,25,645,640,100,47
70267925,Ontario Place MHC,50,16185,314,35,645,671,100,88
72715974,Kay Bee Mobile Villa MHP,21,16131,296,25,645,665,100,52
72715677,Kay Bee Mobile Villa MHP,2,16131,296,30,645,641,100,65
75371086,Kay Lou MHC,2620-I,16131,296,45,645,644,100,72
77058073,Chickadee Lane MHC,829,16185,314,25,644,631,100,30
77056432,Holly Tree MHP,85,16185,314,25,644,639,100,53
77028902,Eastwood Hills MHC,TR307,16185,314,50,644,631,100,555
75371409,Pace East,22,16131,296,35,644,613,100,1269
75371573,Shelby's Trailer Park,LOT25,16131,296,35,644,652,100,77
65822234,Carolina Springs MHP,CSP73-1768-GILMOREST,362,209,17,643,701,100,
65828132,The Oaks MHC,18,16131,296,40,643,642,100,81
72384041,La Comunidad MHC,108,16185,314,30,643,654,100,88
72384140,La Comunidad MHC,103,16185,314,25,643,672,100,123
75363992,Shady Lane MHP,84 Shady Lane,17028,341,29,643,627,100,100
72719851,Piney Park,66,16185,314,35,642,642,100,66
72390840,La Comunidad MHC,68,16185,314,40,642,650,100,144
72392275,Stafford MHC,310,16185,314,30,642,656,100,79
72719133,Kay Bee Mobile Villa MHP,83,16131,296,25,642,633,100,106
75360949,Roosevelt MHC,W,16131,296,40,642,654,100,91
72721477,Hillview MHC,28,16185,314,30,641,646,100,43
75370831,The O in La Marque,15,16185,314,25,641,688,100,1397
70259575,La Comunidad MHC,94,17037,344,29,641,647,100,83
72387176,Grand Central MHP,7,16185,314,35,641,662,100,72
75372613,Estancia MHP,16,16185,314,30,641,595,100,157
72389347,Virginia Beach,117,17037,344,29,641,624,100,36
65830377,Green Grove Trailer Court MHC,26,16131,296,35,640,630,100,57
79466056,Oswego MHP,LOT34,17037,344,53,640,716,100,292
70271414,La Comunidad MHC,150,16185,314,30,640,650,100,91
72379579,Rusk MHC,3,17037,344,38,640,616,100,57
72384231,Grand Central MHP,1891,16185,314,40,640,603,100,76
75361632,Roosevelt MHC,127,16131,296,35,640,670,100,82
75366722,Kingsbrook MHC,311CA,16131,296,35,640,636,100,414
75364305,Kay Lou MHC,706-K,17037,344,35,640,728,100,394
75373454,Coleman Village MHC,129,16185,314,30,639,665,100,64
72393026,Westview Mobile Estates MHC,22,16185,314,30,639,631,100,107
72719687,Virginia Beach,13,17037,344,41,639,645,100,189
72392713,Ontario Place MHC,16,16185,314,25,639,611,100,97
77058719,Pelican Shores North HOA,12604,17028,341,38,639,635,100,77
72716030,Kay Bee Mobile Villa MHP,84,16131,296,25,639,629,100,230
77054544,Kingsbrook MHC,754AS,16131,296,40,638,659,100,81
70265390,PW2,3247MARY,16185,314,45,638,646,100,157
72382896,Ponderosa MHC,46,17037,344,41,638,587,100,514
70261985,Holly Tree MHP,62,16185,314,30,638,659,100,31
70262439,La Comunidad MHC,27,16185,314,40,638,624,100,134
77060145,Parkview MHP,40,17037,344,32,638,644,100,62
75365013,Heritage Apartments,C7,16131,296,40,638,653,100,368
75366557,Kingsbrook MHC,667MI,16185,314,55,638,642,100,297
79466700,Broken Arrow MHP,6113-198TH-ST,17032,344,35,638,649,100,62
70263817,Virginia Beach,190,17037,344,29,638,644,100,42
72380163,Virginia Beach,118,17037,344,35,638,652,100,44
72717392,Piney Park,36,16185,314,35,637,652,100,63
70259898,Roosevelt MHC,T,16131,296,30,637,662,100,52
72720719,Forest at Sherman MHC,4,16131,296,35,637,656,100,54
72721725,Wildwood Estates MHC,17,16185,314,20,637,655,100,78
75369742,Big Country Mobile Home & RV Park,3504-B,16185,314,25,637,643,100,35
77057992,Holly Tree MHP,26,16185,314,20,636,619,100,30
77055699,Alta Vista MHC,8,16131,296,25,636,668,100,85
70260037,Forest at Sherman MHC,90,16185,314,50,636,678,100,258
72389255,Stafford MHC,147,17037,344,32,636,620,100,45
70261373,Dorr Drive MHP,12,17037,344,29,636,654,100,59
70267669,La Comunidad MHC,126,16185,314,25,636,639,100,47
72721972,521 Melba Condominiums,101,16185,314,35,636,624,100,74
75364297,Lakeview MHC,18,362,209,18,636,412,100,
77057273,Green Grove Trailer Court MHC,32,16131,296,40,634,652,100,86
77056879,Canada,F3TC,16185,314,35,634,624,100,86
77061424,Canada,C16TC,16185,314,35,634,624,100,115
70265911,Country Squire MHC,54A,16185,314,35,634,637,100,57
70259286,Hoosier Park MHC,3,17037,344,44,634,643,100,169
72387010,La Comunidad MHC,21,16185,314,40,634,629,100,145
72714258,Kay Bee Mobile Villa MHP,106,16131,296,30,634,636,100,93
75367563,Lakeview MHC,25,16185,314,30,634,670,100,65
72721196,Eastwood Hills MHC,TR312,17037,344,41,633,642,100,126
70263825,Aurora MHC,23,17037,344,26,633,654,100,70
70258411,Coleman Village,119,16185,314,55,633,641,100,235
79466320,The O in La Marque,6,16185,314,30,633,639,100,47
72381245,Rustic Acres MHC,60,16185,314,25,633,627,100,76
70271927,Parker MHC,28,16185,314,25,633,648,100,47
70264161,Kingsbrook MHC,203BE,16131,296,30,632,634,100,42
72384546,La Comunidad MHC,53,16185,314,30,632,698,100,151
75372332,Roosevelt MHC,100,16185,314,30,632,585,100,44
79455117,Lakeview MHC,26,362,209,18,632,417,100,
79463228,Oswego MHP,LOT27,17037,344,50,631,666,100,147
70269467,La Comunidad MHC,82,16185,314,30,631,628,100,60
72718580,Riverview Apartments MF,23,17037,344,44,631,630,100,150
72381997,La Comunidad MHC,35,16184,314,40,630,608,100,103
72723390,Wildwood Estates MHC,39,16185,314,35,630,646,100,46
75367761,Big Country Mobile Home & RV Park,3511-B,16130,296,30,630,642,100,60
75367357,Broken Arrow MHP,6124-198TH-ST,16131,296,30,630,630,100,85
70265671,Whispering Pines Mobile Estates,602,16131,296,25,629,650,100,28
77057091,Kingsbrook MHC,772MI,16131,296,30,628,632,100,42
72384942,Lafountaine MHC,111BS,16131,296,35,628,630,100,67
72391616,Whispering Pines Mobile Estates,532,16185,314,20,628,618,100,60
72384462,Stafford MHC,517,16128,295,35,628,646,100,143
75373165,Estancia MHP,97,16128,295,20,628,633,100,54
70259567,Coleman Village,137,16185,314,20,628,622,100,57
75374528,Oswego MHP,LOT07,17037,344,50,628,637,100,146
65831821,Alta Vista MHC,26,16185,314,35,627,610,100,116
65826730,Parker MHC,23,16185,314,45,627,656,100,184
72389917,Sara Drive MHP,1039,16131,296,55,627,623,66,5262
72715834,North Ewing Townhomes,102,16185,314,35,627,639,100,126
72723549,Pleasant Acres,47,16131,296,25,627,642,100,48
77061333,Kingsbrook MHC,706GR,16131,296,30,626,641,100,70
70258585,Sunview GenII,1,17037,344,32,626,616,100,37
79455224,The O in La Marque,17,17037,344,38,626,591,100,69
72724372,Wildwood Estates MHC,33,16185,314,40,626,662,100,114
72722053,8 OnElaine,2314-1201,16185,314,40,626,625,100,93
77028803,Kingsbrook MHC,702GR,16131,296,30,625,636,100,217
79466411,Paola MHC,3,16185,314,35,625,612,100,101
79462600,Grand Valley Estates MHC,112-SHENNADOH-DR,17037,344,32,625,641,100,107
70259013,Aurora MHC,271,16185,314,25,624,636,100,41
70261696,Maple Run MHC,53,362,209,17,624,642,100,
77060111,Aurora MHC,249,17037,344,26,624,618,100,34
75362580,Virgina Beach,77,17037,344,29,624,632,100,146
65827589,Holly Tree MHP,7,16185,314,20,623,628,100,41
77061366,Chickadee Lane MHC,827,16185,314,25,623,636,100,38
70263643,Coleman Village,149,16185,314,20,623,627,100,38
70263684,Parkview MHP,82,17037,344,32,623,631,100,61
70262280,La Comunidad MHC,30,16185,314,35,623,612,100,114
65829478,Carolina Springs MHP,CSP19-1752-GIBSONST,16131,296,25,622,641,100,40
79463418,Paola MHC,8,17037,344,29,622,639,100,378
72384173,Virginia Beach,202,17037,344,29,622,617,100,111
70269004,Stafford MHC,173,16185,314,35,622,630,100,127
72718317,Little Acres MHC,2,17037,344,41,622,642,100,138
72719414,Big Country Mobile Home & RV Park,3503-A,16130,296,25,622,645,100,75
79461487,Lakeview MHC,31,17037,344,29,622,655,100,55
72386590,Westview Mobile Estates MHC,205,16185,314,30,621,644,100,61
75368645,The O in La Marque,1,16185,314,30,621,680,100,44
77055319,Canada,LVA1,362,209,18,621,722,100,
75362333,Wildwood Village MHC,19,16185,314,30,621,606,100,49
72384900,Broadway MHP DesMoines,11,17037,344,41,621,627,100,108
65831862,PW2,5211JOHN,17037,344,47,620,630,100,147
75366771,The O in La Marque,6,16185,314,25,620,617,100,38
77058008,Holly Tree MHP,2,16185,314,45,619,618,100,155
77052191,Holly Tree MHP,1,16185,314,20,619,661,100,43
70265515,Whispering Pines Mobile Estates,706,362,209,18,619,648,100,
72391707,Rusk MHC,34,17037,344,38,619,615,100,73
72387069,La Comunidad MHC,67,16185,314,25,619,635,100,325
72719695,Big Country Mobile Home & RV Park,3604-C,17037,344,26,619,585,100,53
75370476,Roosevelt MHC,58,16131,296,25,619,633,100,36
75365898,Shady Lane MHP,136 Shady Lane,17028,341,29,619,617,100,45
79455786,Virginia Beach,122,17037,344,29,619,600,100,200
70260185,Kachina,7,16131,296,25,618,592,100,25
72384207,La Comunidad MHC,117,16185,314,35,618,610,100,177
72387747,La Comunidad MHC,49,17037,344,35,618,634,100,104
72389479,Backwater MHC,45,17037,344,26,617,635,100,272
72380130,La Comunidad MHC,57,16185,314,25,617,592,100,37
72391293,Whispering Pines Mobile Estates,133,362,209,17,617,689,100,
72718309,North Ewing Townhomes,108,16185,314,35,617,627,100,64
65826276,Forest at Sherman MHC,85,16185,314,40,616,627,100,398
72378829,Country Squire MHC,7,17037,344,29,616,672,100,86
72387465,La Comunidad MHC,148,16185,314,30,616,622,100,60
72717475,North Ewing Townhomes,206,16185,314,45,616,624,100,257
65825286,Ontario Place MHC,135,17037,344,32,615,616,100,39
72391970,Canada,LVB1,16185,314,30,615,608,100,51
72386665,Avetis 5YR,ADU1,16128,295,45,615,614,100,1147
72722822,Eastwood Hills MHC,EH91,16185,314,35,615,573,100,58
72719125,Kay Bee Mobile Villa MHP,38,16185,314,40,615,622,100,105
79463285,River Bend,7,17037,344,35,615,617,100,103
79461669,Broken Arrow MHP,6116-198TH-ST,16131,296,40,615,635,100,59
72382144,Virginia Beach,175,17037,344,29,615,619,100,34
70260573,Swan Lake Estates,SL117,16193,320,50,614,641,100,212
79465280,Virginia Beach,106,17037,344,26,614,628,100,70
72716089,Piney Park,19A,17037,344,44,613,663,100,104
72384579,Stafford MHC,546,16185,314,30,613,576,100,50
75363141,Oakwood MHP,16,16022,260,18,613,625,100,
72717434,North Ewing Townhomes,203,16185,314,55,613,604,100,372
75364511,Stafford MHC,510,16185,314,35,612,619,100,66
72718689,Riverview Apartments MF,10,17037,344,26,612,608,100,39
65830732,Aurora MHC,207,16131,296,25,611,632,100,43
79462832,Kay Bee Mobile Villa MHP,63,16185,314,25,611,633,100,164
72720404,Rusk MHC,20,17037,344,41,611,600,100,150
72383746,La Comunidad MHC,109,16185,314,25,611,594,100,91
65830583,PW2,3112CHARI,16185,314,25,610,645,100,55
75360840,The O in La Marque,17,16185,314,30,610,643,100,51
72391913,La Comunidad MHC,86,16185,314,35,610,611,100,55
72720735,Kay Bee Mobile Villa MHP,71,16131,296,40,610,614,100,132
79468177,Broken Arrow MHP,6115-197TH-ST,17032,344,29,610,584,100,64
70262660,Virginia Beach,134,17037,344,32,610,607,100,49
70258973,Kingsbrook MHC,652MI,16131,296,35,609,590,100,47
70267149,Ontario Place MHC,86,16185,314,30,609,615,100,127
72386525,Stafford MHC,549,16185,314,35,608,617,100,73
72382771,Pace East,97,16131,296,30,608,634,100,172
72387812,Grand Central MHP,22,16185,314,35,608,618,100,74
72715776,Wildwood Village MHC,29,17037,344,35,608,632,100,111
70264765,Alta Vista MHC,3,16185,314,25,607,611,100,142
70268261,Maple Run MHC,93,362,209,18,607,653,100,
72384595,La Comunidad MHC,114,16185,314,40,607,582,100,140
75370088,Lake of the Pines Community Association,225-BIR,15155,260,18,607,601,100,
65822176,Maple Run MHC,16,362,209,18,606,665,100,
72722467,Kingsbrook MHC,202BE,16131,296,35,606,591,100,73
75367845,Grand Valley Estates MHC,47-GRANDVALLEY-DR,17037,344,26,606,636,100,69
65823687,Forest at Sherman MHC,80,16185,314,35,605,601,100,58
77055335,Canada,LVA24,16185,314,30,605,619,100,30
72381435,Rusk MHC,32,17037,344,29,605,588,100,72
72387077,La Comunidad MHC,50A,17037,344,38,605,596,100,65
72380031,Virginia Beach,162,17037,344,26,605,609,100,77
72717780,Wildwood Estates MHC,A7,16185,314,40,605,591,100,93
70271356,Alta Vista MHC,30,16131,296,30,605,596,100,42
79453781,Lakeview MHC,14,17037,344,32,605,624,100,79
72722905,Estancia MHP,181,16185,314,45,604,602,100,135
72379967,Stafford MHC,405,16185,314,40,603,602,100,73
70260714,Kingsbrook MHC,121AB,16131,296,35,603,629,100,52
72719174,Kay Bee Mobile Villa MHP,92,16185,314,30,603,582,100,96
75366292,Roosevelt MHC,3,17037,344,35,603,594,100,61
79454532,Kingsbrook MHC,784MI,16131,296,20,603,592,100,57
77055244,Kingsbrook MHC,2802V,16131,296,40,602,609,100,88
70267800,La Comunidad MHC,137,16185,314,35,602,603,100,211
75363398,Estancia MHP,90,16185,314,30,602,609,100,109
65828009,Oaklawn Park HOA,3364SOC,16185,314,30,601,611,100,49
65827795,Alta Vista MHC,37,16185,314,35,601,601,100,156
70273428,Oak Forest Estate MHC,13,17037,344,29,601,601,100,101
72718440,Eastwood Hills MHC,EH54,16185,314,40,601,583,100,71
72714829,Estancia MHP,109,16185,314,35,601,604,100,97
75374817,Roosevelt MHC,94,16185,314,30,601,608,100,44
79454888,Stafford MHC,317,16185,314,30,601,619,100,112
77029454,TN4,1,16131,296,25,600,595,100,28
72388711,Westview Mobile Estates MHC,231,17037,344,38,600,576,100,133
79455562,Kay Lou MHC,700-K,17037,344,29,600,612,100,79
72722327,Eastwood Hills MHC,TR313,16185,314,35,600,566,100,355
72380478,La Comunidad MHC,58,16185,314,35,600,577,100,89
72384074,Brighton Court MHP,5,16185,314,35,600,577,100,117
77029041,Chickadee Lane MHC,810,16185,314,20,599,588,100,35
72384496,Stafford MHC,540,16185,314,35,599,614,100,85
72378274,Ponderosa MHC,8,17037,344,41,599,611,100,122
70263783,La Comunidad MHC,21A,16185,314,35,599,591,100,94
75366193,J&L MHP,1453,15154,260,17,599,614,100,
75365658,Grand Valley Estates MHC,2-DOUBLETREE-DR,17037,344,26,599,634,100,24
72717285,North Ewing Townhomes,109,16185,314,30,599,597,100,62
70267644,Lakeview MHC,30,16185,314,35,598,563,100,137
72383118,Stafford MHC,166,16185,314,30,598,636,100,55
75373561,Roosevelt MHC,33,16185,314,35,598,607,100,51
72724505,Hillview MHC,7,16131,296,40,597,630,100,100
79461685,8 OnElaine,"2318-1101,1201",17037,344,44,597,624,100,118
65829288,Chickadee Lane MHC,803T,16185,314,35,597,598,100,77
72386012,Stafford MHC,402,16185,314,25,597,595,100,42
72392804,Kingsbrook MHC,788FA,16131,296,35,597,597,100,71
72379371,La Comunidad MHC,11,16185,314,35,597,617,100,342
70265986,Wildwood Estates MHC,A10,16131,296,40,597,604,100,111
75360105,Roosevelt MHC,56,16185,314,35,597,596,100,86
72723929,Roosevelt MHC,16,16185,314,40,597,597,100,102
72720420,Eastwood Hills MHC,EH1,17037,344,35,597,603,100,111
72717384,Spruce Valley Condominiums,404,16185,314,35,596,595,100,118
77060210,Kingsbrook MHC,763AM,16131,296,25,596,562,100,32
75373314,Estancia MHP,150,17037,344,35,596,572,100,2065
77054684,Holly Tree MHP,81,16185,314,20,595,570,100,165
70268410,PW2,5193JASON,17037,344,41,595,570,100,67
70273295,The Oaks MHC,24,16131,296,25,595,620,100,77
72381518,Ontario Place MHC,143,16185,314,20,595,592,100,31
77036632,Kingsbrook MHC,781FA,16131,296,20,594,637,100,62
75364800,Paradise Village Cooperative MHC,34,15154,260,18,594,587,100,
72389065,Canada,LVA12,16185,314,30,594,610,100,87
72392010,Ontario Place MHC,45,16185,314,35,594,563,100,64
72380460,La Comunidad MHC,100,16185,314,20,594,577,100,139
72719778,Wildwood Estates MHC,52,16185,314,35,594,630,100,73
75372100,Big Country Mobile Home & RV Park,3506-C,16185,314,25,594,614,100,63
72714530,Riverview Apartments MF,21,17037,344,29,594,574,100,30
75364149,Wildwood Village MHC,10,17037,344,32,594,627,100,53
65822879,Forest at Sherman MHC,1,16185,314,25,593,590,100,118
70268097,Mountaineer Village MHC,20,16131,296,20,593,583,100,121
77055038,Parkway MHC,35,17032,344,35,593,572,100,183
70261639,Whispering Pines Mobile Estates,107,362,209,18,593,644,100,
72388927,Lafountaine MHC,111FL,16131,296,35,593,594,100,48
72378860,Ontario Place MHC,27,16185,314,20,593,610,100,45
72387598,La Comunidad MHC,141,16185,314,35,593,618,100,96
79466346,Grand Valley Estates MHC,7-AMOSVALLEY-DR,17037,344,26,593,597,100,47
75371854,Fair Meadows MHC,243,16131,296,45,593,626,100,147
75500130,Virginia Beach,63,17037,344,32,593,602,100,54
65828074,Kingsbrook MHC,664MI,16131,296,20,592,585,100,33
70269913,Oakwood MHP,11,16185,314,20,592,602,100,50
72390675,CJ,115,362,209,0,592,680,100,
77059527,Canada,LVJ3,16185,314,25,592,654,100,130
75373835,Roosevelt MHC,122,16131,296,35,592,605,100,81
72716840,Bishop 10th St Association,723106,16185,314,30,592,572,100,159
70265333,Piney Park,15,16185,314,35,591,574,100,73
77036889,Pelican Shores North HOA,12636,17028,343,47,591,606,100,118
79454268,Kay Lou MHC,2510-I,16131,296,35,591,639,100,68
72716683,Bishop 10th St Association,727108,16185,314,35,591,590,100,92
77055566,Estancia MHP,20,16185,314,30,590,624,100,80
77057448,Canada,LVA20,16185,314,25,590,581,100,42
70261928,The Oaks MHC,10,16131,296,35,590,627,100,66
70262793,Pace East,16,16131,296,30,590,594,100,42
75371417,Roosevelt MHC,126,16131,296,25,590,586,100,47
75368934,Kingsbrook MHC,786AM,16131,296,25,590,571,100,65
72718788,Oak Grove MHC,U,16131,296,40,589,552,100,122
70266414,Coleman Village,165,16185,314,25,589,596,100,101
72380171,Pace East,29,16131,296,50,589,634,100,295
72716055,Spruce Valley Condominiums,308,16185,314,45,588,592,100,177
72388398,Stafford MHC,142,16131,296,25,588,573,100,43
75370658,Pleasant Acres,37,16185,314,25,588,573,100,38
70269335,Carolina Springs MHP,CSP72-1816-GILMOREST,362,209,23,587,628,100,
72718374,Wildwood Village MHC,26,16185,314,40,587,600,100,93
75373231,Stafford MHC,179,16128,295,35,587,569,100,102
75366862,Parkwood,5196JOHN,16185,314,25,587,585,100,109
75364586,Shady Lane MHP,103 Shady Lane,17028,341,32,587,572,100,66
72721048,North Ewing Townhomes,103,16185,314,45,587,569,100,284
75362614,Virginia Beach,18,17037,344,32,587,598,100,37
72390469,Running Springs MHP,14,16185,314,45,586,603,100,112
75363182,Pleasant Acres,35,16185,314,25,586,560,100,40
70271224,Maple Run MHP,118,362,209,18,585,640,100,
72381468,Country Squire MHC,37,16185,314,30,585,634,100,65
79466080,Haven MHP,22,16131,296,25,585,577,100,33
70259161,Aurora MHC,273,16185,314,35,584,592,100,74
75373181,Pleasant Acres,18,17037,344,29,584,603,100,54
75373538,Roosevelt MHC,35,16131,296,40,584,576,100,105
70268725,Arizona Manor,12,16185,314,35,583,589,100,76
72716816,Kay Bee Mobile Villa MHP,45,16131,296,35,583,586,100,106
75370377,Big Country Mobile Home & RV Park,3500-A,16131,296,30,583,582,100,43
65822960,Forest at Sherman MHC,93,16185,314,30,581,589,100,104
77029157,Canada,B2TC,16185,314,25,581,593,100,152
70265721,La Comunidad MHC,81,16185,314,30,581,569,100,73
72714274,Oaklawn Park HOA,2619EOC,16185,314,25,581,599,100,313
75365328,Stafford MHC,543,16185,314,30,581,597,100,34
75371110,Grand Valley Estates MHC,44-IMPERIALVALLEY-DR,17037,344,32,579,590,100,147
70260284,Forest at Sherman MHC,95,16185,314,40,579,581,100,171
75368215,Big Country Mobile Home & RV Park,3501-C,16130,296,25,579,570,100,49
75362408,Roosevelt MHC,49,16185,314,25,579,583,100,46
70271091,Maple Run MHC,23,362,209,18,579,620,100,
77041327,Chickadee Lane MHC,206W,16185,314,45,578,550,100,274
75366177,Highlands MHC,5A,16185,314,30,578,582,100,215
77059402,Piney Park,22,16185,314,30,578,587,100,110
70259435,Kingsbrook MHC,628MI,16131,296,20,578,572,100,20
72383001,CJ,120,17037,344,38,578,573,100,60
70266307,Backwater MHC,4,17032,344,35,578,594,100,69
75363372,Roosevelt MHC,64,16131,296,35,578,571,100,68
70269095,Virginia Beach,147,17037,344,29,578,561,100,40
75360832,Stafford MHC,567,16185,314,35,578,561,100,88
72388075,Virginia Beach,20,17037,344,26,578,534,100,157
77052258,Holly Tree MHP,67,16185,314,20,577,555,100,40
79456180,The O in La Marque,2,16185,314,25,577,588,100,32
72387762,La Comunidad MHC,101,16185,314,45,577,536,100,219
72382888,Virginia Beach,188,17037,344,26,577,576,100,44
65823638,Parkwood,3382DONNA,16131,296,45,576,576,100,128
65830799,Lafountaine MHC,110GT,16131,296,50,576,617,100,373
70262496,Virginia Beach,216,17037,344,26,576,556,100,44
75360675,Noble Estates MHC,529,17032,344,26,576,530,100,50
79463004,Lantana Trail,3620-6,16185,314,25,575,559,100,86
72381211,Ontario Place MHC,140,16185,314,40,575,565,100,149
70266737,La Comunidad MHC,72,16185,314,40,575,592,100,97
72717723,Wildwood Estates MHC,43,16185,314,40,575,649,100,96
75361525,Oaklawn Park HOA,3459SOC,16185,314,25,575,579,100,831
70273154,Coleman Village,141,15154,260,25,575,560,100,
79456016,Shirlee's MHP,14,17037,344,47,575,563,100,423
70264203,Country Squire MHC,43,16185,314,30,574,571,100,44
75361236,Shelby's Trailer Park,LOT20,16193,320,30,574,551,100,257
77056283,Canada,LVB14,362,209,18,574,325,100,
72383092,Chickadee Lane MHC,820M,16185,314,35,574,562,100,75
72379504,Ibiza Village2,14,17037,344,44,574,582,100,174
77060285,Kingsbrook MHC,759AM,16131,296,40,573,550,100,77
79453930,Paradise Village Cooperative MHC,25,15154,260,18,573,594,100,
72388059,Coleman Village MHC,113,15154,260,18,573,553,100,
72714134,Bishop 10th St Association,727105,16185,314,45,573,562,100,146
72713805,Needham MHP,8,16185,314,25,572,564,100,39
70270580,Estancia MHP,162,16185,314,25,572,576,100,28
75366458,Grand Valley Estates MHC,24-SHENNADOH-DR,17037,344,29,572,551,100,289
70264435,PW2,5205JOHN,16022,260,18,572,580,100,
72716923,Oak Tree MHP,20,16193,320,55,572,502,100,383
75362820,Highlands MHC,13,362,209,39,572,594,100,
75363166,Virginia Beach,236,17037,344,26,572,572,100,70
65824875,PW2,5189JASON,16185,314,20,571,567,100,31
70260888,La Comunidad MHC,116,16185,314,40,571,570,100,87
72721543,Wildwood Village MHC,6,16185,314,25,571,578,100,61
65825153,Green Grove Trailer Court MHC,13,17037,344,32,570,585,100,82
77036657,Holly Tree MHP,37,16185,314,20,570,595,100,39
72721030,Piney Park,27,16185,314,35,570,588,100,77
75365021,Grand Valley Estates MHC,1-BONEVALLEY-DR,17037,344,41,570,569,100,108
72717319,Kay Bee Mobile Villa MHP,48,16131,296,30,570,620,100,552
65827928,PW2,5198JOHN,16185,314,30,569,569,100,92
65831326,Parkway MHC,24,16022,260,29,569,563,100,
79461586,Lake Charles Duplexes,840A,17037,344,50,568,598,100,428
75362200,Pace East,53,16131,296,20,568,568,100,36
79456149,The O in La Marque,9,16185,314,30,568,583,100,41
72392531,Stafford MHC,163,16185,314,35,568,593,100,104
72713854,Tuttle Estates MHC,10,16130,296,40,568,554,100,74
77028597,Aurora MHC,245,16131,296,30,568,582,100,46
70263932,Aurora MHC,40,16022,260,41,567,584,100,
70267008,Maple Run MHP,113,362,209,18,567,623,100,
72378241,Stafford MHC,545,16185,314,30,567,558,100,64
72379090,Country Squire MHC,3,16185,314,25,567,573,100,107
72380320,La Comunidad MHC,147,16185,314,30,567,579,100,49
72718960,Parker MHC,50,16185,314,35,567,573,100,86
75372407,Lake of the Pines Community Association,1019-LOPB,15154,260,18,567,618,100,
79459473,Shirlee's MHP,3,17032,344,50,567,556,100,334
75368462,Island Club MHC,108,16131,296,55,566,580,100,394
75362317,Running Springs MHP,19,16131,296,25,566,579,100,50
72383365,Stafford MHC,106,16131,296,30,566,582,100,81
72385352,Oak Forest Estate MHC,7,17037,344,26,566,602,100,382
72387341,Backwater MHC,11,17032,344,44,566,594,100,272
72724042,Riverview Apartments MF,18,17037,344,29,566,586,100,56
75372217,Roosevelt MHC,22,16185,314,30,566,541,100,90
72713763,Noble Estates MHC,555,16131,296,20,566,555,100,39
75361012,Lakeview MHC,32,362,209,17,566,346,100,
70269145,Swan Lake Estates,SL155,16185,314,25,565,553,100,49
72723283,Crystal Acres MHC,19,17032,344,38,565,570,100,181
65829429,Aurora MHC,78,16022,260,18,565,561,100,
72718630,Oak Grove MHC,K,362,209,26,565,605,100,
77029140,Kingsbrook MHC,732AS,16131,296,40,565,556,100,128
75368900,Stafford MHC,155,16185,314,25,565,571,100,72
70263999,Crystal Acres MHC,26,17032,344,38,565,563,100,140
65823893,Maple Run MHC,64,362,209,17,564,587,100,
70271919,Hillview MHC,4A,17037,344,32,564,561,100,71
75373512,Kay Bee Mobile Villa MHP,47,16131,296,30,564,557,100,69
72388695,Carolina Springs MHP,CSP41-1737-GIBSONST,362,209,18,564,591,100,
72384892,Country Squire MHC,58B,16185,314,35,564,558,100,57
72717806,Freedom MHP,47,16022,260,26,564,549,100,
70266042,La Comunidad MHC,16,16185,314,30,564,543,100,270
75369874,Alta Vista MHC,2,16131,296,30,564,574,100,57
72724331,Piney Park,9,16185,314,35,563,570,100,88
70272784,Carolina Springs MHP,CSP33-1713-GIBSONST,16131,296,25,563,560,100,125
75373991,Roosevelt MHC,96,16131,296,30,562,591,100,46
75371391,Roosevelt MHC,52,16185,314,25,562,590,100,52
65827845,Forest at Sherman MHC,76,17037,344,32,562,499,100,152
70259476,Backwater MHC,10,17032,344,44,562,561,100,168
72379256,Rusk MHC,43,17037,344,29,561,542,100,925
79463335,Oswego MHP,LOT18,16185,314,45,561,551,100,118
77052050,Whispering Pines Mobile Estates,536,362,209,25,560,576,100,
70258379,PW2,5203JUSTIN,16185,314,20,560,583,100,725
72386921,Ponderosa MHC,16,17037,344,44,560,554,100,236
75362549,Stafford MHC,386,16185,314,35,560,559,100,101
65828983,PW2,5209JASON,16131,296,25,559,557,100,97
65830930,Lakeview MHC,8,16185,314,45,559,557,100,273
72392028,Pace East,23,16131,296,35,559,568,100,62
65825112,Ontario Place MHC,131,16185,314,25,559,542,100,67
79456271,Stafford MHC,358,17037,344,38,559,562,100,120
72720784,Kay Bee Mobile Villa MHP,67,16131,296,35,559,583,100,157
70262769,Parkview MHP,23,16130,296,30,559,564,100,70
75361749,Auburn MHC,17,17037,344,38,558,535,100,138
79465512,The Oaks MHC,11 Laurel,16131,296,40,558,598,100,94
72382938,Kay Lou MHC,2613-M,17032,344,38,558,593,100,234
70270200,Whispering Pines Mobile Estates,303,16022,260,18,558,563,100,
75365476,Alta Vista MHC,25,16131,296,20,558,570,100,99
65823356,Alta Vista MHC,36,16131,296,35,557,554,100,63
65823125,Estancia MHP,148,15147,256,41,557,601,100,
65824552,Forest at Sherman MHC,81,16185,314,40,557,552,100,129
79465462,Paradise Village Cooperative MHC,15,16131,296,25,557,586,100,52
75360337,Southern Cross MHC,10,16185,314,35,557,566,100,58
72383639,Stafford MHC,557,16131,296,35,557,571,100,68
70262785,Stafford MHC,537,17037,344,32,557,562,100,51
72716436,Eastwood Hills MHC,EH58,16185,314,35,557,566,100,88
65829239,Alta Vista MHC,21,16131,296,35,556,556,100,120
75367712,Roosevelt MHC,109,16131,296,35,556,562,100,64
75366136,Big Country Mobile Home & RV Park,3510-B,16131,296,20,556,550,100,44
68593050,Oakwood MHP,51,16185,314,30,555,565,100,112
70272271,Azulejo,404,362,209,27,555,622,100,
72718978,Highlands MHC,2,16185,314,35,555,529,100,129
72389842,Pace East,31,16185,314,40,555,530,100,1646
75369247,The Oaks MHC,15,16131,296,45,555,531,100,185
75360204,Oak Tree MHP,7,16130,296,30,555,557,100,72
75364644,Big Country Mobile Home & RV Park,3502-E,16130,296,25,555,589,100,88
65825310,Kingsbrook MHC,761FA,16131,296,35,554,597,100,59
72716576,Azulejo,904,16131,296,55,554,571,100,405
70273451,Coleman Village,121,16185,314,30,554,551,100,72
72386772,Pace East,93,16131,296,50,554,494,100,239
77061275,Piney Park,50,16185,314,25,554,569,100,49
70262199,Holly Tree MHP,69,16185,314,30,554,558,100,54
72381799,Ontario Place MHC,23,16185,314,30,554,569,100,57
65831870,Coleman Village MHC,107,15154,260,33,554,526,100,
75373918,Roosevelt MHC,57,16131,296,45,553,573,100,171
72717681,Eastwood Hills MHC,EH32,16185,314,25,553,567,100,46
72718093,Eastwood Hills MHC,EH206,16131,296,35,553,534,100,64
70266398,Carolina Springs MHP,CSP133-1854-BLAKEST,362,209,18,552,589,100,
75360931,Oswego MHP,LOT09,16185,314,20,552,566,100,45
72383555,Virginia Beach,170,17037,344,29,552,585,100,41
70260078,The Oaks MHC,3,16131,296,35,551,543,100,1743
75364925,Brian Fries 5YR,FRONT,362,209,33,551,615,100,
79462865,Noble Estates MHC,523,16185,314,35,551,556,100,79
75366698,Southern Cross MHC,6,362,209,39,551,622,100,
70262082,La Comunidad MHC,4,362,209,38,551,614,100,
72717772,Tuttle Estates MHC,5,17037,344,35,551,602,100,75
75371334,Roosevelt MHC,19,16185,314,25,551,540,100,65
75364610,Oswego MHP,LOT17,16185,314,40,551,550,100,170
72382987,Westview Mobile Estates MHC,216,16185,314,35,550,549,100,83
70271794,Oak Tree MHP,16,16130,296,25,550,577,100,113
75363612,Lake of the Pines Community Association,115-BRI,16022,260,18,550,566,100,
77055350,Aurora MHC,218,16022,260,32,549,556,100,
72385386,Stafford MHC,507,16185,314,35,549,537,100,127
72715511,Parker MHC,40,16185,314,30,549,543,100,87
75374403,Mill Creek Estates,399L,363,219,21,549,576,100,
65829353,Lakeview MHC,24,362,209,32,548,553,100,
77059956,Coleman Village,171,16185,314,50,548,562,100,267
70263460,Rustic Acres MHC,11,17037,344,29,548,573,100,66
70267743,Ontario Place MHC,73,17037,344,32,548,526,100,336
72392986,Crystal Acres MHC,36,17032,344,38,548,544,100,4036
75360436,Estancia MHP,136,15147,256,22,548,566,100,
65831219,Parker MHC,36,16185,314,35,548,538,100,64
65831045,Kingsbrook MHC,738AS,16131,296,35,547,537,100,138
65826508,Parker MHC,54,16185,314,25,547,558,100,36
77029330,Chickadee Lane MHC,814T,16185,314,35,547,542,100,86
70273139,Oaklawn Park HOA,3341SOC,15090,254,23,547,571,100,
72387705,La Comunidad MHC,131,16185,314,25,547,544,100,60
65823802,Parkview MHP,B52,16130,296,20,547,548,100,42
65823901,Alta Vista MHC,20,16185,314,35,546,615,100,113
77059477,PW2,3393DONNA,16022,260,24,546,546,100,
75360642,Oakwood MHP,65,16022,260,18,546,545,100,
77061523,Hydetown Mobile Estates,7,15091,255,29,545,586,100,
70260532,PW2,5212JUSTIN,16022,260,17,545,550,100,
70260128,Broken Arrow MHP,6119-198TH-ST,16131,296,25,545,551,100,71
70272974,Holly Tree MHP,82,16185,314,30,545,533,100,67
72387168,Coleman Village MHC,102,16185,314,40,545,582,100,86
72387275,Backwater MHC,40,17032,344,38,545,547,100,103
65822291,La Comunidad MHC,50,16185,314,35,545,533,100,77
75360352,Roosevelt MHC,111,16131,296,35,545,541,100,99
72715537,Azulejo,101,362,209,25,544,594,100,
77059584,Piney Park,61,16185,314,40,544,552,100,152
72714951,Wildwood Estates MHC,A3,16185,314,40,544,577,100,123
72718937,Coleman Village MHC,132,16185,314,30,544,536,100,133
75369528,Roosevelt MHC,113,16185,314,35,544,539,100,129
75373447,Kay Lou MHC,2615-I,16131,296,30,544,530,100,84
72385360,Virginia Beach,53,17037,344,29,544,525,100,37
68584471,PW2,5216JUSTIN,16185,314,35,543,531,100,103
75363281,Rustic Acres MHC,15,17037,344,32,543,549,100,52
70271984,Maple Run MHP,22,362,209,37,543,557,100,
72382797,Westview Mobile Estates MHC,8,362,209,30,543,573,100,
70263064,Stafford MHC,506,17037,344,38,543,515,100,73
72719208,Oaklawn Park HOA,3389SOC,16185,314,30,543,512,100,74
75368009,Kay Lou MHC,2613-I,17037,344,35,543,533,100,80
72379405,La Comunidad MHC,12,16185,314,25,542,549,100,394
75364164,Oaklawn Park HOA,3447SOC,15090,254,25,542,617,100,
70264351,Parkway MHC,61,16022,260,18,541,538,100,
75366755,The O in La Marque,14,16185,314,25,541,536,100,33
72718481,Kay Bee Mobile Villa MHP,72,16131,296,25,541,551,100,51
79453476,Heritage Apartments,D7,16131,296,25,541,553,100,54
79464465,Shirlee's MHP,11,17032,344,44,541,546,100,125
77056556,Holly Tree MHP,12,16185,314,20,540,554,100,70
77058479,Canada,LVA23,362,209,18,540,580,100,
79466031,Auburn MHC,13,17037,344,29,540,552,100,46
70264484,Grand Central MHP,14,16185,314,35,540,538,100,79
72391681,Maple Run MHP,143,362,209,23,540,555,100,
75372282,Shelby's Trailer Park,LOT13,16131,296,30,540,523,100,46
75367837,Lakeview MHC,29,362,209,17,540,329,100,
72723515,Rusk MHC,15,17037,344,26,539,529,100,109
75363661,Pace East,105,16131,296,40,539,527,100,118
70270630,Maple Run MHP,135,362,209,37,539,565,100,
79462246,Paola MHC,20,16185,314,20,539,535,100,55
75369502,Pace East,11,16185,314,55,539,510,100,696
70269087,Glenn Dorado,113-213,17037,344,50,539,535,100,260
70262512,Virginia Beach,124,17037,344,32,539,536,100,50
72389685,Westview Mobile Estates MHC,229,362,209,28,538,552,100,
70258841,Carolina Springs MHP,CSP42-1741-GIBSONST,16131,296,25,538,545,100,60
72378688,La Comunidad MHC,104,16185,314,35,538,578,100,80
75364198,Estancia MHP,30,15147,256,18,538,594,100,
75361756,Lake Charles Duplexes,867A,16022,260,37,537,529,100,
70262306,Whispering Pines Mobile Estates,522,16185,314,35,537,466,100,86
75374965,Coleman Village MHC,145,17037,344,29,537,531,100,107
72716121,Hillview MHC,17,17037,344,38,537,542,100,83
77062141,Parkview MHP,28,16185,314,30,537,541,100,52
77059881,Kingsbrook MHC,691MI,16131,296,40,536,578,100,105
72378217,Stafford MHC,114,363,219,18,536,599,100,
72388596,Stafford MHC,409,16185,314,30,536,555,100,51
72721584,Kay Bee Mobile Villa MHP,66,16185,314,45,536,517,100,325
72718739,Wildwood Estates MHC,6,16185,314,40,536,526,100,96
72716147,521 Melba Condominiums,103,16185,314,40,536,530,100,100
72723739,Oaklawn Park HOA,3381SOC,15090,254,28,536,587,100,
75369627,Grand Valley Estates MHC,29-LOVELLVALLEY-DR,17037,344,26,536,525,100,212
79461396,Backcountry MHC,5728-46,16185,314,25,535,528,100,39
79453773,Stafford MHC,302,17037,344,44,535,540,100,94
72382474,Stafford MHC,397,16185,314,20,534,531,100,47
77058172,Arizona Manor,14,362,209,39,534,557,100,
72386459,Carolina Springs MHP,CSP95-1721-GILMOREST,362,209,18,534,570,100,
72381120,Rustic Acres MHC,57,16185,314,30,534,531,100,83
72385378,Virginia Beach,LAUNDRY-POOL,17037,344,35,534,517,100,56
72722111,Freedom MHP,56,16131,296,25,534,525,100,100
65827233,Estancia MHP,65,15147,256,29,533,557,100,
77060178,Canada,LVA15,362,209,22,533,603,100,
70267081,Maple Run MHP,45,362,209,22,533,572,100,
77042044,Aurora MHC,232,16131,296,50,533,531,100,294
72384736,Whispering Pines Mobile Estates,204,362,209,17,533,567,100,
77054239,Carolina Springs MHP,CSP93-1713-GILMOREST,362,209,30,532,601,100,
77060186,Kingsbrook MHC,304CA,16131,296,30,532,527,100,64
70259096,Aurora MHC,267,16185,314,35,532,537,100,129
70269228,The Oaks MHC,16,16131,296,40,532,516,100,138
79460026,Auburn MHC,6,17037,344,32,532,581,100,64
72718853,Eastwood Hills MHC,EH61,16131,296,35,532,523,100,80
75370450,Stafford MHC,226,363,219,35,532,558,100,
70261845,Estancia MHP,84,15147,256,32,532,546,100,
79461552,Paola MHC,2,17037,344,29,531,563,100,75
79465876,Auburn MHC,8,17037,344,32,531,521,100,66
72391368,Ontario Place MHC,78,16185,314,40,531,551,100,129
77061705,Aurora MHC,221,17037,344,38,531,526,100,132
72382102,Crystal Acres MHC,43-2OF2,17032,344,26,531,551,100,42
75363919,Willapa Shores,10,17028,341,41,531,545,100,113
72382490,Virginia Beach,102,17037,344,26,531,532,100,47
79466924,Virginia Beach,19,17037,344,32,531,551,100,48
65825716,Alta Vista MHC,15,363,219,28,530,563,100,
77053546,Sky Run,13,16131,296,25,530,535,100,39
72378498,Westview Mobile Estates MHC,220,17037,344,50,530,527,0,65535
70262728,Stafford MHC,105,16131,296,30,530,517,100,54
77056622,Lafountaine MHC,103FL,16131,296,40,529,529,100,86
77054932,Canada,A19TC,362,209,18,529,580,100,
75374106,Mission Apartments,8916,16131,296,50,529,536,100,378
72719711,Parker MHC,51,16185,314,35,529,542,100,115
72720594,Tuttle Estates MHC,11,16130,296,30,529,525,100,39
75369718,Big Country Mobile Home & RV Park,3504-D,16131,296,25,529,520,100,62
65831375,Forest at Sherman MHC,87,362,209,37,528,579,100,
72392457,Stafford MHC,542,363,219,35,528,563,100,
72388844,Kachina,8,17037,344,47,528,530,100,196
72378183,Ponderosa MHC,61,17037,344,32,528,535,100,252
70262694,Backwater MHC,2,17032,344,38,528,556,100,81
72389214,Stafford MHC,568,16131,296,30,528,523,100,52
79453435,Grand Valley Estates MHC,135-SONOMAVALLEY-DR,17037,344,35,528,568,100,398
72716469,Hillview MHC,6,16185,314,40,527,516,100,88
72721931,Wildwood Estates MHC,21,16185,314,35,527,539,100,99
75368041,Estancia MHP,155,17037,344,32,527,528,100,91
75370138,Estancia MHP,10,15147,256,32,527,548,100,
72386293,Stafford MHC,247,17037,344,32,526,531,100,50
79466114,Lake Charles Duplexes,868B,16185,314,50,526,539,100,483
72384694,Mountaineer Village MHC,HOME,15085,254,22,526,538,100,
72714043,Kay Bee Mobile Villa MHP,13,16131,296,25,526,532,100,271
65830781,Eastwood Hills MHC,EH19,16185,314,35,525,513,100,110
65830237,Kingsbrook MHC,768AS,16022,260,32,525,513,100,
77054379,Holly Tree MHP,53,16185,314,20,525,560,100,37
72717228,Stafford MHC,227,16185,314,40,525,529,100,107
79460695,Paola MHC,18,16185,314,20,525,570,100,111
72380858,Westview Mobile Estates MHC,107,16185,314,35,525,530,100,76
72391210,Country Squire MHC,59B,16185,314,30,525,506,100,142
72379033,Ibiza Village2,13,17037,344,35,525,543,100,158
75368769,Parkwood,5194JASON,16022,260,20,525,550,100,
72381179,Ontario Place MHC,46,16185,314,30,524,523,100,204
75367183,Stafford MHC,525,363,219,32,524,562,100,
72720271,Kay Bee Mobile Villa MHP,17,16131,296,40,524,515,100,122
75367985,Lakeview MHC,10,362,209,18,524,321,100,
72391665,La Comunidad MHC,7,16022,260,35,524,511,100,
79460208,Broadway MHP DesMoines,10,17037,344,26,524,536,100,33
65822622,Forest at Sherman MHC,60,16185,314,30,523,563,100,118
79467005,Stafford MHC,345,16185,314,30,523,553,100,706
70268576,Coleman Village,120,16185,314,30,523,524,100,79
75360253,Kay Lou MHC,2622-M,17037,344,29,523,514,100,50
72723440,Roosevelt MHC,135,16131,296,20,523,513,100,39
72719794,North Ewing Townhomes,209,16185,314,35,523,534,100,119
75371516,Running Springs MHP,3,16185,314,20,522,522,100,65
72390667,Kay Lou MHC,2619-M,16131,296,25,522,481,100,52
79461180,The O in La Marque,22,17037,344,29,522,507,100,65
72714332,Wildwood Village MHC,18 ,362,209,34,522,551,100,
72721741,Estancia MHP,180,16185,314,40,522,575,100,98
75365740,Haven MHP,21,16131,296,55,522,540,100,317
77028910,Trans Canada,C12TC,362,209,28,521,546,100,
70271638,Rusk MHC,31,17037,344,32,521,515,100,46
70260375,Kingsbrook MHC,749EL,16022,260,39,521,502,100,
70266109,Mountaineer Village MHC,22,15085,254,25,521,555,100,
75368579,Roosevelt MHC,97,16131,296,25,521,542,100,44
72715032,Lake of the Pines Community Association,2251-CLR,16022,260,18,521,525,100,
75366870,Ibiza Village,20,17037,344,47,521,517,100,226
75364982,Oakwood MHP,95,16022,260,22,521,540,100,
77061465,Piney Park,35A,16185,314,25,520,517,100,58
70258684,High Street,11,16022,260,28,520,516,100,
75361145,Running Springs MHP,6,16185,314,30,520,510,100,59
70269962,La Comunidad MHC,111,16185,314,40,520,549,100,274
75360725,Stafford MHC,325,363,219,39,520,561,100,
70266083,La Comunidad MHC,44,16185,314,25,520,600,100,137
72715818,521 Melba Condominiums,102,16185,314,40,520,511,100,115
75367605,Roosevelt MHC,63,16131,296,30,520,507,100,98
72382540,Virginia Beach,231,17037,344,26,520,535,100,40
72389602,Stafford MHC,230,363,219,28,519,591,100,
72387424,Crystal Acres MHC,49,17032,344,32,519,521,100,164
70265523,La Comunidad MHC,69,16185,314,35,519,517,100,87
75373058,Pleasant Acres,38,17037,344,26,519,537,100,42
72723358,Country Edge MHC,416,362,209,41,518,464,100,
70272677,Paradise Village Cooperative MHC,14,15154,260,28,518,509,100,
75365674,Mill Creek Estates,630C,16131,296,35,518,535,100,109
75372753,Oaklawn Park HOA,3401SOC,15090,254,32,518,562,100,
75361467,Estancia MHP,172,15147,256,18,518,548,100,
70264526,Maple Run MHP,29,16131,296,45,517,512,100,189
72382698,Westview Mobile Estates MHC,207,362,209,18,517,572,100,
75374486,Estancia MHP,45,16185,314,45,517,517,100,207
75368744,Kingsbrook MHC,578MI,16131,296,40,517,546,100,143
65824610,Maple Run MHC,38,362,209,18,516,531,100,
70268378,Piney Park,6,16185,314,25,516,522,100,57
70263734,Parkwood,5210JUSTIN,16022,260,26,516,509,100,
72378530,Stafford MHC,294,17037,344,38,516,503,100,140
70265770,Ibiza Village2,18,17037,344,44,516,498,100,159
72715859,Kay Bee Mobile Villa MHP,75,16131,296,25,516,573,66,8409
75372266,Roosevelt MHC,73,17037,344,41,516,509,100,86
75370187,Mill Creek Estates,323S,363,219,17,516,557,100,
75373504,Pleasant Acres,7,16185,314,25,516,509,100,57
77055707,Oaklawn Park HOA,3448SOC,15090,254,22,515,533,100,
70263940,High Street,13,15147,256,28,515,544,100,
72713821,Eastwood Hills MHC,TR315,362,209,33,515,527,100,
75373785,Estancia MHP,121,15147,256,19,515,549,100,
75374460,Alta Vista MHC,33,17037,344,32,515,518,100,63
79462121,Rustic Acres MHC,38,17037,344,32,514,514,100,212
70266349,Roosevelt MHC,75,16185,314,25,514,515,100,30
72388166,Whispering Pines Mobile Estates,240,362,209,31,514,564,100,
72718457,Kay Bee Mobile Villa MHP,100,16131,296,35,514,506,100,84
75361574,Roosevelt MHC,112,17037,344,38,514,507,100,100
77061630,Maple Run MHC,142,362,209,21,514,538,100,
75360469,Oswego MHP,LOT25,17037,344,47,514,520,100,166
65830260,Trans Canada,F14TC,362,209,27,514,536,100,
72718424,Bishop 10th St Association,723101,16185,314,35,514,499,100,116
65829296,PW2,3396DONNA,16022,260,18,513,514,100,
77061739,Aurora MHC,109,16022,260,17,513,499,100,
72722848,Hillview MHC,JACKS-HOUSE,17037,344,29,513,541,100,200
79463111,Kay Bee Mobile Villa MHP,46,16131,296,30,513,510,100,62
65825963,Sara Drive MHP,1023,16131,296,50,513,512,100,316
75369858,Oaklawn Park HOA,2627EOC,15090,254,28,513,581,100,
70264575,Maple Run MHP,39,362,209,18,513,535,100,
75362895,Heritage Apartments,D4,16131,296,30,513,521,100,76
75365823,Oswego MHP,LOT36,17037,344,38,512,527,100,84
72384363,Stafford MHC,337,363,219,37,512,544,100,
72391178,La Comunidad MHC,25,16185,314,35,512,528,100,90
72390030,Virginia Beach,159,17037,344,26,512,513,100,41
65824925,Westview Mobile Estates MHC,222,362,209,23,511,508,100,
70258957,Aurora MHC,229,16130,296,35,511,530,100,74
70259674,Aurora MHC,130,16022,260,18,511,524,100,
72385527,Kay Lou MHC,700-R,16131,296,40,511,466,100,1556
72718671,Little Acres MHC,4,17037,344,35,511,520,100,135
72716162,Terrace on the Greens,21,362,209,23,511,528,100,
72716915,Freedom MHP,3,363,219,30,511,581,100,
70268683,Virginia Beach,177,17037,344,44,511,492,100,120
65828447,PW2,5190JOHN,16185,314,25,510,506,100,119
72389800,Stafford MHC,222,363,219,33,510,573,100,
70268659,Westview Mobile Estates MHC,115,16185,314,30,510,517,100,58
70262942,Lafountaine MHC,127CC,16131,296,20,510,541,100,165
72384421,Stafford MHC,377,16185,314,35,510,509,100,127
75365948,J&L MHP,1437,15154,260,19,510,555,100,
75370153,Oak Tree MHP,21,16131,296,35,510,511,100,198
77053520,Kingsbrook MHC,771EL,16131,296,35,509,499,100,84
70268535,Roosevelt MHC,72,16185,314,35,509,516,100,151
70262405,Parkway MHC,7,16022,260,25,509,528,100,
70269368,Pace East,58,16131,296,35,509,514,100,101
70264559,Aurora MHC,202,16022,260,18,509,496,100,
65831938,Estancia MHP,21,15147,256,29,509,514,100,
77058271,Holly Tree MHP,54,16185,314,30,508,484,100,89
72718333,Green Acres MHC,21,16022,260,34,508,502,100,
65826953,Aurora MHC,182,16131,296,40,508,512,100,151
65827340,Kingsbrook MHC,760MI,17037,344,32,508,491,100,84
70261811,Aurora MHC,76,16022,260,35,508,487,100,
70268030,Kingsbrook MHC,104AB,16131,296,35,508,536,100,224
72388703,Lafountaine MHC,101PV,16131,296,25,508,538,100,1733
72721170,Parker MHC,24,362,209,32,508,536,100,
70273642,Paradise Village Cooperative MHC,11,15154,260,22,508,500,100,
65831011,Parkway MHC,38,16022,260,41,507,511,100,
77029751,Pleasant Acres,1,16185,314,20,507,530,100,27
77058693,Maple Run MHP,90,362,209,28,507,537,100,
77028563,Maple Run MHP,54,362,209,18,507,544,100,
77059030,Coleman Village,105,16185,314,20,507,502,100,96
72387143,Carolina Springs MHP,CSP27-1714-GIBSONST,16131,296,20,507,494,100,62
65826797,PW2,5206JOHN,16022,260,22,506,498,100,
77041913,The Oaks MHC,13,16131,296,35,506,506,100,98
70273485,PW2,3111CINDY,16185,314,20,506,521,100,79
70273386,Coleman Village,112,15154,260,18,506,500,100,
72382623,Stafford MHC,138,363,219,30,506,583,100,
72390261,Stafford MHC,572,16185,314,40,506,567,100,90
72716246,Oaklawn Park HOA,3322SOC,15090,254,30,506,556,100,
72717665,Kay Bee Mobile Villa MHP,3,16131,296,25,506,510,100,134
75374270,Roosevelt MHC,71,16185,314,40,506,475,100,72
77058255,Browns MHP,33,15154,260,30,505,488,100,
75363489,Hydetown Mobile Estates,10,15091,255,18,505,548,100,
72382128,Alta Vista MHC,48,16185,314,20,505,516,100,48
72387796,Sunnyvale MHP,124,362,209,22,505,524,100,
75372787,Broken Arrow MHP,6115-198TH-ST,16131,296,35,505,494,100,58
72720503,Azulejo,501,17037,344,44,504,429,100,222
65825740,PW2,5205JASON,16185,314,30,503,515,100,68
72721659,Ponderosa MHC,43,17037,344,29,503,517,100,372
70264815,PW2,5214JUSTIN,16185,314,50,503,511,100,244
75361855,Highlands MHC,8A,16185,314,30,503,516,100,291
72722319,Eastwood Hills MHC,TR328,362,209,29,503,536,100,
70261704,Coleman Village,168,15154,260,30,503,488,100,
65824511,Estancia MHP,135,16128,295,40,503,510,100,172
72380668,Carolina Springs MHP,CSP141-1831-BLAKEST,362,209,18,502,558,100,
65826268,Sara Drive MHP,1026,362,209,33,502,542,100,
75374833,Highlands MHC,6A,362,209,29,502,531,100,
65829122,Parkview MHP,64,16130,296,25,502,485,100,108
72381682,Whispering Pines Mobile Estates,224,16131,296,30,502,496,100,54
79461172,Backcountry MHC,3,15154,260,18,501,512,100,
72386327,Stafford MHC,569,16022,260,25,501,516,100,
75372647,High Street,22,16022,260,32,501,517,100,
72389693,Stafford MHC,554,16131,296,30,501,471,100,138
75369601,Grand Central MHP,4,15090,254,29,501,528,100,
72723655,Estancia MHP,14,15147,256,34,501,541,100,
72389669,Westview Mobile Estates MHC,225,16185,314,25,500,522,100,55
77061168,Canada,C9TC,362,209,22,500,563,100,
72378654,Pace East,26,16131,296,50,500,494,100,262
72392044,Carolina Springs MHP,CSP134-1851-BLAKEST,362,209,17,499,547,66,
72392523,Parkview MHP,41,17037,344,35,499,484,100,295
75368074,Roosevelt MHC,8,16185,314,35,499,513,100,130
72380841,Canada,F10TC,16185,314,45,498,529,100,190
77058438,Kingsbrook MHC,759EL,16022,260,26,498,509,66,
70273311,Maple Run MHP,40,362,209,18,498,522,66,
70260607,Coleman Village,154,15154,260,27,498,496,66,
72718432,Eastwood Hills MHC,EH208A ,362,209,26,498,527,66,
72721113,Eastwood Hills MHC,EH65,362,209,36,498,515,66,
75372894,Oaklawn Park HOA,2624EOD,15090,254,22,498,545,66,
65824461,Coleman Village MHC,159,16185,314,20,498,509,100,37
77057976,Oaklawn Park HOA,3348SOC,15090,254,31,497,532,66,
70260300,Lakeroad Village RV Park,26,16022,260,38,497,494,66,
77059998,Maple Run MHP,138,362,209,23,497,513,66,
72379157,Whispering Pines Mobile Estates,301,362,209,17,497,531,66,
72384553,Carolina Springs MHP,CSP142-1829-BLAKEST,362,209,25,497,546,66,
72382136,Coleman Village MHC,135,15154,260,24,497,497,66,
65823596,Alta Vista MHC,38,363,219,23,496,557,66,
65827043,Eastwood Hills MHC,EH98,362,209,38,496,515,66,
65830096,Parkway MHC,5,16022,260,18,496,491,66,
72717822,Azulejo,1202,362,209,29,496,482,66,
70263031,Azulejo,301,362,209,31,496,540,66,
70265382,Oaklawn Park HOA,3557SOC,15090,254,32,496,510,66,
70258494,PW2,5201JOHN,16022,260,18,496,504,66,
72389081,The Oaks MHC,29,16131,296,20,496,506,100,63
70258874,Backwater MHC,15,17037,344,44,496,507,100,169
72720339,Wildwood Estates MHC,25,16185,314,35,496,502,100,321
75371714,Roosevelt MHC,4,16131,296,35,496,489,100,89
75369536,Oaklawn Park HOA,3450SOC,15090,254,18,496,536,66,
65830666,Estancia MHP,103,16185,314,35,495,497,100,106
72718606,Azulejo,1302,362,0,0,495,565,0,
70263171,Maple Run MHP,15,16022,260,40,495,510,66,
77058453,Canada,C3TC,362,209,21,495,535,66,
72392119,Stafford MHC,250,363,219,35,495,537,66,
72722517,Hillview MHC,24,16185,314,30,495,475,100,66
72723945,Estancia MHP,106,16185,314,20,495,466,100,94
72723234,Hydetown Mobile Estates,13,15091,255,18,495,539,66,
72390725,Backwater MHC,26-1OF2,17032,344,38,495,494,100,106
77057950,Kingsbrook MHC,806HU,16131,296,30,494,499,100,55
72392093,Carolina Springs MHP,CSP136-1843-BLAKEST,362,209,27,494,561,66,
75370245,Highlands MHC,15A,362,209,18,494,548,66,
72715313,Eastwood Hills MHC,EH33,362,209,22,494,524,66,
65830245,The Oaks MHC,5,16131,296,35,493,489,100,97
70270143,The Oaks MHC,33,16131,296,30,493,501,100,60
72385287,Canada,LVA9,362,209,30,493,507,66,
72380981,Carolina Springs MHP,CSP107-391-RIDGELINECT,362,209,18,493,538,66,
72391376,Grand Central MHP,12,16185,314,45,493,499,100,410
72714035,Eastwood Hills MHC,TR327,16185,314,35,493,481,100,341
72391400,Whispering Pines Mobile Estates,511,362,209,28,493,502,66,
75369213,Oakwood MHP,80,16022,260,18,493,494,66,
65830526,176 N Highland Ave,FIRSTNORTH,16022,260,22,492,498,66,
77029488,Pleasant Acres,30,16185,314,20,492,488,100,79
75364594,Paradise Village Cooperative MHC,37,15154,260,18,492,511,66,
70261712,Roosevelt MHC,93-A,16185,314,25,492,484,100,50
72386699,Westview Mobile Estates MHC,33,362,209,27,492,553,66,
72378233,Canada,F15TC,362,209,27,492,545,66,
72723838,Roosevelt MHC,M,16131,296,35,492,521,100,103
75371821,Stafford MHC,361,363,219,18,492,287,66,
65823315,Oakwood MHP,35,16022,260,18,491,507,66,
77028613,Aurora MHC,50,16022,260,17,491,483,66,
77029553,Aurora MHC,99,16022,260,29,491,496,66,
72384280,Highland Terrace,53,16185,314,55,491,524,100,454
72723325,Oak Grove MHC,100,362,209,35,490,508,66,
70264690,Aurora MHC,107,16022,260,23,490,487,66,
72715750,Paradise Village Cooperative MHC,8,15154,260,40,490,481,66,
75360246,Heritage Apartments,E6,16131,296,30,490,526,100,185
65822598,Forest at Sherman MHC,86,16185,314,25,489,498,100,42
70261423,Estancia MHP,46,15147,256,29,489,474,66,
75373967,Ponderosa MHC,31,17037,344,35,489,493,100,78
75365765,Parkwood,3247MARY,16022,260,29,489,498,66,
75374445,Parkwood,3398DONNA,16022,260,18,489,505,66,
72717749,Bishop 10th St Association,723105,16185,314,35,489,490,100,95
75365203,Johnson's Trailer Park,7,17037,344,32,488,504,100,93
77056143,Alta Vista MHC,27,16131,296,30,488,506,100,55
77061036,The Oaks MHC,27,16131,296,20,488,480,100,49
79460521,Blue Sky Village MHC,15,15154,260,27,488,497,66,
70273600,Westview Mobile Estates MHC,118,17037,344,35,488,507,100,125
70262363,Ontario Place MHC,25,16022,260,32,488,457,66,
75372357,Oaklawn Park HOA,2647EOD,15090,254,23,488,516,66,
72717988,Azulejo,1204,16131,296,20,487,496,100,41
65822051,Kingsbrook MHC,2602T,16131,296,40,487,492,100,73
70270135,Maple Run MHP,35,362,209,33,487,509,66,
72384025,La Comunidad MHC,128,362,209,37,487,521,66,
72723085,Roosevelt MHC,27,17037,344,38,487,490,100,88
70266406,Whispering Pines Mobile Estates,208,362,209,18,487,510,66,
79455257,Fair Meadows MHC,247,16022,260,18,487,489,66,
72381658,The Oaks MHC,26,16131,296,25,487,480,100,87
72383472,Virginia Beach,250,17037,344,26,487,514,100,36
65821970,Estancia MHP,52,15147,256,33,486,513,66,
70272115,Aurora MHC,63,16022,260,30,486,484,66,
75374395,Paradise Village Cooperative MHC,17,15154,260,22,486,504,66,
72388802,Pace East,15,16131,296,25,486,482,100,46
70269160,Crystal Acres MHC,22,17037,344,32,486,503,100,39
72390378,Canada,LVA3,16022,260,33,485,477,66,
72383357,Stafford MHC,513,363,219,32,485,495,66,
72722731,Eastwood Hills MHC,TR304,16022,260,35,485,474,66,
75370278,Roosevelt MHC,39,16131,296,30,485,460,100,58
75362309,Oaklawn Park HOA,3351SOC,15090,254,30,485,538,66,
65831342,Alta Vista MHC,29,16131,296,40,485,514,100,127
72723689,Shelby's Trailer Park,LOT34,16131,296,30,484,474,100,84
72391632,East Barre MHP,7,362,209,18,484,507,66,
72717558,Parker MHC,7,16185,314,35,484,516,100,151
75368090,Roosevelt MHC,14,16185,314,25,484,478,100,33
79454417,Oswego MHP,LOT21,17037,344,47,484,494,100,170
75370625,Riverview Apartments MF,APT1,17037,344,41,484,527,100,129
65829940,Oaklawn Park HOA,3327SOC,15090,254,30,483,498,66,
70267131,Aurora MHC,110,16022,260,37,483,503,66,
70264344,Maple Run MHP,25,362,209,35,483,560,66,
70259237,Whispering Pines Mobile Estates,923,362,209,18,483,522,66,
72717947,Wildwood Estates MHC,30,17037,344,32,483,506,100,39
72378936,Whispering Pines Mobile Estates,313,362,209,18,483,550,66,
72719075,Azulejo,1503,362,209,35,482,526,66,
70264179,Aurora MHC,248,16022,260,21,482,483,66,
72714175,Azulejo,1301,362,209,25,482,509,66,
75374676,Mill Creek Estates,615C,363,219,23,482,510,66,
75366433,Stafford MHC,234,16185,314,35,481,497,100,217
77056986,Downtown Metro,200,362,209,39,481,516,66,
77053421,Canada,A15TC,362,209,18,481,532,66,
72390949,Maple Run MHP,119,362,209,18,481,521,66,
70265267,La Comunidad MHC,28B,16185,314,35,481,484,100,148
65826011,Fair Meadows MHC,115,16022,260,37,480,488,66,
77058487,Oak Forest Estate MHC,11,17037,344,29,480,497,100,56
70259930,Coleman Village,166,15154,260,18,480,493,66,
72717186,Kachina,19-309A,16131,296,35,480,492,100,101
70271653,Kay Bee Mobile Villa MHP,103,16131,296,30,480,474,100,98
72717533,Crystal Acres MHC,46,17037,344,41,479,480,100,106
77056010,Hydetown Mobile Estates,33,15091,255,24,479,508,66,
70259708,Green Grove Trailer Court MHC,30,16131,296,35,479,483,100,186
72384843,Carolina Springs MHP,CSP46-1757-GIBSONST,362,209,24,479,518,66,
75370203,Oaklawn Park HOA,3445SOC,15090,254,18,479,512,66,
72724166,Estancia MHP,169,15147,256,35,479,502,66,
75364545,Heritage Apartments,A7,16131,296,30,479,475,100,122
77054163,Aurora MHC,179,16022,260,30,478,480,66,
77028852,Kingsbrook MHC,759AS,16131,296,35,478,469,100,71
72379553,Rusk MHC,18,17037,344,35,478,433,100,216
72715412,Kay Bee Mobile Villa MHP,31,16131,296,25,478,426,100,122
79462006,Virginia Beach,155,17037,344,26,478,480,100,38
77052134,Westview Mobile Estates MHC,230,362,209,37,477,514,66,
72382615,Westview Mobile Estates MHC,16,16185,314,25,477,486,100,281
72386848,Whispering Pines Mobile Estates,219,362,209,17,477,549,66,
70272776,Whispering Pines Mobile Estates,101,362,209,17,477,500,66,
70262157,Carolina Springs MHP,CSP84-1728-GILMOREST,16131,296,25,477,492,100,91
75370880,Roosevelt MHC,119,16185,314,40,477,495,100,107
75369452,Heritage Apartments,B7,16131,296,25,477,489,100,134
75368348,Running Springs MHP,9,17037,344,38,476,472,100,285
72379363,La Comunidad MHC,15,16185,314,40,476,472,100,207
72382193,Virginia Beach,25,17037,344,35,476,492,100,66
75368165,Oakwood MHP,17,16022,260,30,476,487,66,
65824321,Parkview MHP,C62,16130,296,20,476,464,100,38
72388422,Westview Mobile Estates MHC,228,362,209,32,475,497,66,
75367233,Oaklawn Park HOA,3421SOC,15090,254,26,475,489,66,
75368124,Oaklawn Park HOA,3352SOC,15090,254,19,475,504,66,
70270119,Coleman Village,152,15154,260,18,475,473,66,
65829205,Forest at Sherman MHC,2,16185,314,40,474,467,100,159
70259260,Carolina Springs MHP,CSP98-1733-GILMOREST,362,209,29,474,506,66,
75373793,Freedom MHP,52,363,219,32,474,491,66,
72716873,Eastwood Hills MHC,EH13,362,209,41,474,521,66,
75363109,Oaklawn Park HOA,3529SOC,15090,254,23,474,516,66,
70267297,Maple Run MHP,55,362,209,18,474,477,66,
79467062,Lakeview MHC,5,362,209,17,474,317,66,
65822424,Lakeview MHC,13,362,209,30,473,500,66,
65824776,Oaklawn Park HOA,2625EOC,15090,254,18,473,467,66,
77028746,Sky Run,3,16131,296,20,473,478,100,36
77054296,Kingsbrook MHC,795FA,16131,296,30,473,482,100,61
75371011,Coleman Village MHC,110,15154,260,18,473,459,66,
70263742,Aurora MHC,194,16022,260,41,473,489,66,
70265507,Sunnyvale MHP,132,362,209,22,473,504,66,
70272339,Paradise Village Cooperative MHC,19,15154,260,23,473,488,66,
70273345,Aurora MHC,67,16022,260,26,473,475,66,
79460224,Alta Vista MHC,52,363,219,25,473,275,66,
77041772,Estancia MHP,58,15147,256,18,472,523,66,
77036905,Sara Drive MHP,1018,362,209,26,472,517,66,
79458517,Paola MHC,22,16185,314,30,472,485,100,64
72392358,The Oaks MHC,32,16131,296,20,472,469,100,38
70262298,Ontario Place MHC,42,17037,344,35,472,460,100,129
72383977,La Comunidad MHC,13,16185,314,30,472,453,100,307
72387473,Green Acres MHC,25,362,209,30,472,496,66,
75372126,Oaklawn Park HOA,3432SOC,15090,254,22,472,501,66,
75370781,Oaklawn Park HOA,3334SOC,15090,254,30,472,511,66,
75360212,Heritage Apartments,E7,16131,296,30,472,503,100,71
65830393,PW2,5192JASON,16185,314,55,471,452,100,425
77057919,Sky Run,18,16131,296,30,471,461,100,62
70263312,Aurora MHC,259,16022,260,22,471,484,66,
70258734,Estancia MHP,143,15147,256,31,471,500,66,
72380072,Lafountaine MHC,102HT,16131,296,30,471,463,100,369
75365617,Highlands MHC,16A,362,209,22,471,506,66,
72379041,Flower Mound MHC,36,362,209,41,471,499,66,
70265499,La Comunidad MHC,50B,16185,314,45,471,473,100,177
72716949,Eastwood Hills MHC,EH68,362,209,32,471,509,66,
72724380,Coleman Village MHC,117,15154,260,32,471,457,66,
72721188,Paradise Village Cooperative MHC,6,15154,260,34,471,491,66,
75367134,Oaklawn Park HOA,3411SOC,15090,254,29,471,471,66,
72716352,Eastwood Hills MHC,EH37,16185,314,35,470,449,100,78
70260409,High Street,18,15147,256,17,470,471,66,
70268014,Freedom MHP,21,363,219,35,470,502,66,
72383613,Stafford MHC,544,16131,296,35,470,477,100,79
77052316,Aurora MHC,212,16022,260,18,470,459,66,
72724349,Hillview MHC,22A,17037,344,38,470,478,100,70
72715222,Parker MHC,18,362,209,33,470,490,66,
72715388,521 Melba Condominiums,104,16185,314,45,470,498,100,204
72720933,Eastwood Hills MHC,TR302,16185,314,35,470,450,100,78
75360915,Parkwood,3104LINDA,16022,260,17,470,489,66,
70264757,Maple Run MHC,34,362,209,17,469,511,66,
75373280,Hydetown Mobile Estates,36,15091,255,22,469,499,66,
70272743,Ontario Place MHC,83,16185,314,30,469,463,100,53
72387713,Green Acres MHC,18,16131,296,30,469,452,100,174
72721956,Kay Bee Mobile Villa MHP,53,16131,296,55,469,470,100,932
75371656,Roosevelt MHC,65,16185,314,35,469,466,100,97
75360444,Oaklawn Park HOA,2632EOC,15090,254,30,469,527,66,
70270689,Parkway MHC,10,16022,260,18,468,446,66,
65830484,Estancia MHP,147,15147,256,28,468,457,66,
65824750,Kingsbrook MHC,3209W,16022,260,30,468,461,66,
77056705,Kingsbrook MHC,625EL,16131,296,25,468,472,100,35
77028704,Canada,LVB24,362,209,33,468,560,66,
75373405,Shelby's Trailer Park,LOT28,16131,296,40,468,465,100,175
72390907,Riley Lane,10,15154,260,22,468,477,66,
75366342,Kay Lou MHC,2614-I,16131,296,25,468,490,100,59
75360717,Roosevelt MHC,115,16131,296,20,468,464,100,46
75360485,Roosevelt MHC,160,16131,296,30,468,463,100,56
75371664,Country Edge MHC,520-3,362,209,18,467,504,66,
65826706,Estancia MHP,36,15147,256,38,467,457,66,
72717848,Roper Center Commercial Bldg,23,15090,254,22,467,501,66,
72387093,Crystal Acres MHC,12,17037,344,38,467,479,100,55
75372571,Estancia MHP,28,15147,256,20,467,495,66,
75368264,Fair Meadows MHC,263,16022,260,31,467,482,66,
68593019,Aurora MHC,32,16022,260,29,466,450,66,
70271661,Rusk MHC,24,17037,344,41,466,485,100,571
75367399,Running Springs MHP,11,17037,344,41,466,482,100,187
72717624,Kay Bee Mobile Villa MHP,98,16131,296,25,466,471,100,24
75367829,Parkwood,5204JUSTIN,16022,260,23,466,472,66,
72723341,North Ewing Townhomes,205,16185,314,45,466,488,100,226
77041293,Fair Meadows MHC,157,16022,260,37,465,456,66,
70261407,High Street,8,16022,260,22,465,449,66,
70264591,Maple Run MHP,116,16022,260,24,465,498,66,
70266521,Maple Run MHC,15,16022,260,18,465,467,66,
79454706,Trans Canada,LVB16,362,209,25,465,289,66,
70273097,Ontario Place MHC,65,16185,314,25,465,394,100,290
72714738,Kingsbrook MHC,811HU,16128,295,20,465,502,100,47
65824628,Alta Vista MHC,53,363,219,34,464,500,66,
77061192,PW2,5198JUSTIN,16022,260,20,464,447,66,
70264245,Jefferson,2,363,219,18,464,519,66,
75371375,Cactus Flower,1-BACK-UP HWA,362,209,18,464,478,66,
72723531,Southern Cross MHC,14,362,209,18,464,511,66,
70272131,Green Acres MHC,24,362,209,18,464,494,66,
72720495,Eastwood Hills MHC,TR320,362,209,39,464,471,66,
75362069,Mill Creek Estates,318S,363,219,21,464,468,66,
75362911,Oaklawn Park HOA,3332SOC,15090,254,27,464,492,66,
72379892,Lakeroad Village RV Park,50,362,209,36,463,464,66,
65827746,Whispering Pines Mobile Estates,105,362,209,18,463,508,66,
65827647,PW2,3367DONNA,16022,260,23,463,463,66,
70272164,La Comunidad MHC,105,16185,314,35,463,476,100,85
75372076,Mill Creek Estates,376L,363,219,22,463,524,66,
75364446,Oaklawn Park HOA,3385SOC,15090,254,22,463,496,66,
79453724,Parkwood,3359DONNA,16022,260,17,463,469,66,
79457105,Oakwood MHP,94,16022,260,29,463,462,66,
65827712,The Oaks MHC,21,16131,296,40,462,459,100,271
77055368,Canada,A3TC,362,209,24,462,493,66,
72383688,Westview Mobile Estates MHC,110,362,209,22,462,519,66,
77057810,Singing Pines,17,362,209,18,461,473,66,
70260995,Coleman Village,139,17037,344,35,461,491,100,147
72392416,Stafford MHC,501,16131,296,30,461,460,100,92
72388257,Westview Mobile Estates MHC,5,362,209,18,461,488,66,
72390055,Stafford MHC,575,363,219,32,461,470,66,
72388273,Whispering Pines Mobile Estates,504,362,209,18,461,505,66,
65831235,Parkview MHP,APTUPPERLOWER,16130,296,25,461,473,100,45
77057562,Canada,F1TC,362,209,27,460,511,66,
72717525,Needham MHP,20,362,209,35,460,490,66,
79461016,Paradise Village Cooperative MHC,31,15154,260,28,460,430,66,
72388232,Aurora MHC,230,16131,296,35,460,449,100,133
72386400,Westview Mobile Estates MHC,235,362,209,30,460,524,66,
72383142,Broadway MHP DesMoines,23,17037,344,50,460,417,100,338
70261274,La Comunidad MHC,61,362,209,36,460,488,66,
72720438,Paradise Village Cooperative MHC,20,15154,260,22,460,464,66,
75362127,Roosevelt MHC,105,16185,314,20,460,452,100,42
65828801,Hoosier Park MHC,14,17032,344,38,459,460,100,125
77059303,Estancia MHP,130,15147,256,39,459,478,66,
79454524,Lake Charles Duplexes,869B,16022,260,35,459,482,66,
72386103,Westview Mobile Estates MHC,100,362,209,23,459,519,66,
72389719,Stafford MHC,560,363,219,32,459,548,66,
72379108,La Comunidad MHC,34,16185,314,30,459,470,100,81
75373272,Highlands MHC,5,362,209,39,459,460,66,
75361475,Grand Valley Estates MHC,17-SHENNADOH-DR,17037,344,26,459,466,100,138
65822200,Sara Drive MHP,1027,362,209,36,458,481,66,
65824669,Eastwood Hills MHC,EH73,362,209,20,458,484,66,
70263809,Carolina Springs MHP,CSP127-1889-BLAKEST,16131,296,20,458,452,100,45
75371904,Kay Bee Mobile Villa MHP,105,16131,296,50,458,504,100,328
75365518,Grand Valley Estates MHC,8-AMOSVALLEY-DR,17037,344,38,457,473,100,61
77060350,Westview Mobile Estates MHC,224,362,209,18,457,508,66,
77056036,Eastwood Hills MHC,TR303,362,209,35,457,488,66,
77028647,Canada,LVA5,362,209,18,457,520,66,
70265283,Sara Drive MHP,1033,362,209,35,457,478,66,
70270598,Maple Run MHP,59,362,209,31,457,475,66,
72389792,Westview Mobile Estates MHC,108,16185,314,30,457,399,100,108
75361699,Oaklawn Park HOA,2628EOC,16022,260,23,457,471,66,
72719661,Oaklawn Park HOA,3493SOC,15090,254,26,457,464,66,
72719224,Parker MHC,55,16185,314,35,457,454,100,95
79460786,Broadway MHP DesMoines,12,17037,344,38,457,473,100,76
75373397,Southern Cross MHC,1A,362,209,18,456,486,66,
72378555,Dorr Drive MHP,18,16185,314,30,456,497,66,5222
72719026,Eastwood Hills MHC,TR332,362,209,41,456,465,66,
70270473,Maple Run MHP,107,362,209,18,456,488,66,
70259716,Maple Run MHP,112,362,209,18,455,477,66,
75360071,Oaklawn Park HOA,2614EOC,15090,254,22,455,472,66,
72392978,Virginia Beach,137,17037,344,32,455,456,100,84
65826581,Sara Drive MHP,1007,362,209,32,454,480,66,
65822994,PW2,3115LINDA,16022,260,30,454,442,66,
70264104,High Street,3,15147,256,26,454,504,66,
75361129,Highlands MHC,1A,362,209,32,454,488,66,
70272362,Whispering Pines Mobile Estates,523,362,209,21,454,488,66,
70265663,Chickadee Lane MHC,914T,16185,314,30,454,472,100,34
72713847,Eastwood Hills MHC,EH227A,362,209,31,454,500,66,
75360329,Oaklawn Park HOA,2624EOC,15090,254,18,454,484,66,
75364404,Fair Meadows MHC,150,16022,260,32,453,450,66,
72389784,Stafford MHC,110,363,219,28,453,529,66,
70263023,Stafford MHC,118,363,219,35,453,501,66,
77055285,Canada,E7TC,362,209,33,453,469,66,
79454649,The O in La Marque,19,17037,344,35,453,451,100,93
72380403,Parkway MHC,31,16022,260,18,453,496,66,
70267453,Whispering Pines Mobile Estates,606,362,209,31,453,468,66,
72387283,Green Acres MHC,9,362,209,21,453,478,66,
70272453,Parker MHC,56,362,209,32,453,493,66,
72391095,Whispering Pines Mobile Estates,222,362,209,17,453,512,66,
68584554,Whispering Pines Mobile Estates,232,362,209,30,453,503,66,
70271778,Stafford MHC,306,17037,344,50,452,383,0,65535
70259989,Green Grove Trailer Court MHC,3,16131,296,30,452,471,100,81
70260094,Aurora MHC,113,16022,260,30,452,467,66,
75369999,High Street,12,16022,260,28,452,454,66,
72722236,Estancia MHP,173,17037,344,35,452,503,100,606
75373900,Estancia MHP,32,16185,314,35,452,441,100,105
72716931,Mill Creek Estates,322S,363,219,20,452,489,66,
72720743,Azulejo,704,362,209,29,451,488,66,
77055749,Kingsbrook MHC,601FE,16131,296,40,451,446,100,110
72390139,Westview Mobile Estates MHC,99,362,209,28,451,510,66,
72386913,Kingsbrook MHC,688MI,16185,314,25,451,473,100,35
70266224,Backwater MHC,22,17037,344,35,451,450,100,114
70268790,Whispering Pines Mobile Estates,205,362,209,22,451,488,66,
77041822,Maple Run MHC,70,16022,260,18,451,522,66,
72378621,Carolina Springs MHP,CSP62-1828-GILMOREST,362,209,18,450,479,66,
65831631,PW2,5211JASON,16185,314,25,450,454,100,65
65827258,Forest at Sherman MHC,64,362,209,33,450,439,66,
72715305,Oak Grove MHC,P,362,209,22,450,509,66,
77051961,Parkway MHC,16,16022,260,31,450,428,66,
72716410,Needham MHP,1,362,209,28,450,483,66,
72721907,Rusk MHC,6,17037,344,32,450,466,100,66
70266216,The Oaks MHC,23,16131,296,20,450,443,100,66
70258577,Maple Run MHP,111,362,209,23,450,494,66,
70259856,Oaklawn Park HOA,3539SOC,15090,254,28,450,471,66,
70258395,Coleman Village,155,15154,260,22,450,453,66,
72387333,Crystal Acres MHC,42B,17037,344,35,450,453,100,72
70273469,Maple Run MHP,21,362,209,18,450,470,66,
70263759,Paradise Village Cooperative MHC,24,15154,260,23,450,458,66,
75372712,Estancia MHP,1,15147,256,38,450,475,66,
75361400,Oaklawn Park HOA,3499SOC,15090,254,20,450,482,66,
75368553,Oaklawn Park HOA,3423SOC,15090,254,26,450,460,66,
65822853,Parkway MHC,6,16022,260,27,449,440,66,
75361152,Kay Lou MHC,2606-I,17037,344,26,449,471,100,157
70260854,Maple Run MHP,28,362,209,18,449,482,66,
72386681,Maple Run MHP,75,362,209,20,449,500,66,
75371631,Noble Estates MHC,515,16130,296,25,449,438,100,85
72720750,Estancia MHP,93,15147,256,38,449,487,66,
70258510,Maple Run MHP,50,362,209,18,448,494,66,
72385600,CJ,135,17037,344,32,448,433,100,99
70269202,Carolina Springs MHP,CSP135-1848-BLAKEST,362,209,18,448,501,66,
70269327,Flower Mound,17,362,209,41,448,471,66,
72714548,Eastwood Hills MHC,TR336,362,209,31,448,483,66,
65830757,Estancia MHP,87,16022,260,23,448,453,66,
75369254,Parkwood,3101LINDA,16022,260,18,448,470,66,
77057141,Aurora MHC,116B,16022,260,32,447,441,66,
70271422,Maple Run MHP,14,362,209,30,447,475,66,
70263221,Ontario Place MHC,19,16185,314,30,447,437,100,92
65822002,Canada,C7TC,362,209,29,447,452,66,
75368330,Estancia MHP,9,17037,344,47,447,447,100,324
75364263,Mill Creek Estates,300U,363,219,24,447,494,66,
72723713,Oaklawn Park HOA,3317SOC,15090,254,30,447,506,66,
72388935,Westview Mobile Estates MHC,226,362,209,17,446,507,66,
70259823,Eastwood Hills MHC,EH202,362,209,37,446,476,66,
70272719,Paradise Village Cooperative MHC,28,15154,260,22,446,434,66,
79460737,J&L MHP,1458,15154,260,28,446,448,66,
75370484,Highlands MHC,14,362,209,31,445,497,66,
79461511,Lake Charles Duplexes,842B,16131,296,50,445,424,100,301
72722962,Hillview MHC,20,17037,344,50,445,444,100,944
70268162,Ibiza Village2,12,17037,344,44,445,453,100,203
72720461,Oaklawn Park HOA,3410SOC,15090,254,29,445,476,66,
75369429,Oaklawn Park HOA,3488SOC,15090,254,18,445,505,66,
72391277,Whispering Pines Mobile Estates,200,362,209,17,445,459,66,
65828496,Kingsbrook MHC,607FE,16131,296,25,444,437,100,34
77054551,Green Grove Trailer Court MHC,29,16131,296,30,444,450,100,76
77058057,The Oaks MHC,30,16131,296,30,444,460,100,128
70269723,Oaklawn Park HOA,3391SOC,15090,254,31,444,459,66,
75362523,Paradise Village Cooperative MHC,7,15154,260,31,444,455,66,
72717327,Paradise Village Cooperative MHC,16,15154,260,23,444,450,66,
72722863,Wildwood Village MHC,1,362,209,35,444,469,66,
72721022,Flower Mound MHC,8,362,209,21,444,470,66,
72390600,Virginia Beach,146,17037,344,29,444,445,100,76
70271315,Aurora MHC,192,16022,260,22,443,448,66,
70263213,Maple Run MHP,56,362,209,25,443,484,66,
72390121,Stafford MHC,255,16185,314,40,443,434,100,163
72713896,CJ,111,362,209,39,443,464,66,
72717657,Oak Grove MHC,112,362,209,35,442,474,66,
70262504,Stafford MHC,576,363,219,41,442,516,66,
72380551,Carolina Springs MHP,CSP149-1856-BLAKEST,362,209,32,442,490,66,
72724364,Mission Apartments,8936,16131,296,55,442,456,100,764
72722988,Eastwood Hills MHC,TR309,362,209,27,442,438,66,
75369080,Haven MHP,2,16131,296,20,442,431,100,95
65824768,Estancia MHP,122,15147,256,29,441,453,66,
65830161,Estancia MHP,154,15147,256,32,441,463,66,
77052084,Fair Meadows MHC,162,16022,260,27,441,443,66,
72382458,Stafford MHC,570,16131,296,35,441,455,100,110
75363067,Oaklawn Park HOA,3376SOC,15090,254,26,441,491,66,
70267693,Sunnyvale MHP,101,362,209,22,441,467,66,
70258429,La Comunidad MHC,62,16185,314,20,441,460,100,119
72714126,Eastwood Hills MHC,EH99,16131,296,40,441,439,100,107
72378944,Whispering Pines Mobile Estates,209,362,209,25,441,482,66,
75367084,Grand Valley Estates MHC,5-DOUBLETREE-CT,17037,344,29,441,460,100,82
70259997,Green Grove Trailer Court MHC,6,16131,296,30,440,447,100,52
70259625,Carolina Springs MHP,CSP74-1766-GILMOREST,362,209,23,440,476,66,
72391566,Whispering Pines Mobile Estates,814,362,209,35,440,496,66,
72387994,La Comunidad MHC,99,16185,314,35,440,456,100,72
75368082,Oaklawn Park HOA,2615EOC,15090,254,28,440,476,66,
70262215,Carolina Springs MHP,CSP158-1880-BLAKEST,362,209,29,439,458,66,
72385675,Virginia Beach,163,17037,344,29,439,439,100,63
75372951,Roosevelt MHC,114,16185,314,35,439,434,100,66
75367779,Midtown MHP,6,15090,254,29,439,455,66,
72720511,Oaklawn Park HOA,3356SOC,16131,296,20,439,430,100,36
75370161,Oaklawn Park HOA,2628EOD,15090,254,26,439,458,66,
75363653,Oaklawn Park HOA,3422SOC,15090,254,18,439,444,66,
75365229,Estancia MHP,12,16022,260,27,439,439,66,
65831730,PW2,3389DONNA,16022,260,32,438,434,66,
75361269,Stafford MHC,536,363,219,32,438,500,66,
70259781,Maple Run MHP,122,362,209,32,438,464,66,
72721303,Eastwood Hills MHC,EH24,362,209,27,438,459,66,
70265259,Coleman Village,133,15154,260,39,438,435,66,
72717483,Azulejo,1501,362,209,25,437,475,66,
77062125,Fair Meadows MHC,101,16022,260,28,437,435,66,
70259401,Parkway MHC,28,16022,260,30,437,437,66,
79461057,Fair Meadows MHC,209,16022,260,32,437,451,66,
70266059,Carolina Springs MHP,CSP152 110-BLAKEST 110 Loucada,362,209,22,437,470,66,
72378787,Ontario Place MHC,6,16022,260,18,437,430,66,
72383951,Green Acres MHC,11,362,209,21,437,462,66,
75369460,Big Country Mobile Home & RV Park,3610-D,17037,344,41,437,419,100,854
72720131,Ridge Crest MHC,105,362,209,31,437,477,66,
75361780,Big Country Mobile Home & RV Park,3505-B,16185,314,25,437,445,100,110
65830039,Backcountry MHC,22,16185,314,20,436,436,100,37
77060293,Maple Run MHC,145,362,209,28,436,483,66,
68618758,Kingsbrook MHC,769AM,16131,296,20,436,419,100,61
70264682,Stafford MHC,362,16022,260,35,436,453,66,
70265465,Maple Run MHP,57,362,209,23,436,476,66,
72392085,Whispering Pines Mobile Estates,813,362,209,31,436,447,66,
75367902,Freedom MHP,36,363,219,22,436,465,66,
75362259,Oaklawn Park HOA,3490SOC,15090,254,23,436,476,66,
75372027,Estancia MHP,51,15147,256,18,436,484,66,
65822861,Oaklawn Park HOA,3449SOC,15090,254,18,435,445,66,
65824438,Arizona Manor,1,362,209,18,435,419,66,
77059964,Maple Run MHP,84,362,209,20,435,441,66,
72386962,Hoosier Park MHC,7,17032,344,35,435,433,100,228
70272354,Kay Bee Mobile Villa MHP,10,16131,296,30,435,441,100,58
72718820,Needham MHP,21,362,209,32,435,469,66,
70270549,Maple Run MHP,10,362,209,20,435,476,66,
65824065,Aurora MHC,157,16022,260,23,434,432,66,
77041756,Oaklawn Park HOA,3594SOC,15090,254,30,434,435,66,
77054247,Eastwood Hills MHC,EH71,362,209,33,434,448,66,
72383704,Westview Mobile Estates MHC,18,362,209,18,434,478,66,
72382334,Canada,LVB15,362,209,41,434,420,66,
72392861,Paradise Village Cooperative MHC,13,15154,260,19,434,442,66,
72383126,Maple Run MHP,12,362,209,21,434,482,66,
65823380,Aurora MHC,244,16022,260,30,433,433,66,
77057604,Parkway MHC,3,16022,260,18,433,420,66,
72723333,103 West Broadway,113-2,362,209,29,433,460,66,
79462154,Paradise Village Cooperative MHC,39,15154,260,19,433,428,66,
70261829,Aurora MHC,170,16022,260,18,433,423,66,
70269855,Coleman Village,151,15154,260,23,433,419,66,
72388745,Westview Mobile Estates MHC,6,362,209,22,433,478,66,
72380874,Canada,F5TC,362,209,35,433,467,66,
70263437,Whispering Pines Mobile Estates,913,16022,260,17,433,449,66,
70259807,Ontario Place MHC,36,16185,314,35,433,432,100,68
72384348,Stafford MHC,218,16022,260,22,433,429,66,
70263270,Parkwood,3130LINDA,16022,260,28,433,431,66,
72719232,Parker MHC,12,16185,314,35,433,443,100,91
72720149,Eastwood Hills MHC,EH218,362,209,26,433,467,66,
75362341,Oaklawn Park HOA,3482SOC,15090,254,18,433,467,66,
75362150,Oaklawn Park HOA,3342SOC,15090,254,23,433,461,66,
75365245,Country Edge MHC,414.5,362,209,22,432,474,66,
72392937,Dorr Drive MHP,6,16185,314,20,432,441,100,42
70269772,Sunnyvale MHP,106,362,209,23,432,473,66,
75363521,Highlands MHC,16,362,209,36,432,478,66,
75361640,Oaklawn Park HOA,3512SOC,15090,254,25,432,457,66,
65827423,Maple Run MHC,144,362,209,22,432,428,66,
75365955,Oakwood MHP,113,16022,260,23,432,444,66,
75362424,Parkwood,3378DONNA,16022,260,26,432,421,66,
75371995,Parkwood,3386DONNA,16022,260,17,432,435,66,
72379934,Virginia Beach,16,17037,344,35,432,424,100,97
65829080,Aurora MHC,118,16022,260,19,431,434,66,
77060996,Downtown Metro,201,362,209,33,431,476,66,
77057935,Aurora MHC,254,16022,260,21,431,421,66,
77058750,Sara Drive MHP,1004,362,209,28,431,451,66,
68612462,Parkway MHC,32,16022,260,20,431,441,66,
70269376,Westview Mobile Estates MHC,4,362,209,20,431,463,66,
72716980,Eastwood Hills MHC,EH77,362,209,32,431,451,66,
75371557,Mill Creek Estates,570P,363,219,20,431,449,66,
65823836,Parker MHC,20,362,209,23,431,452,66,
77036665,Green Acres MHC,1,362,209,29,430,449,66,
75371367,Coleman Village MHC,176,15154,260,30,430,437,66,
70262827,Stafford MHC,167,363,219,35,430,435,66,
72719489,Highlands MHC,02A,16185,314,30,430,437,100,67
72722707,Patrick 5YR,3,362,209,30,430,457,66,
75374783,Heritage Apartments,B2,16131,296,25,430,438,100,82
65825849,Aurora MHC,131,16022,260,18,429,423,66,
65825484,Forest at Sherman MHC,100,362,209,28,429,448,66,
77028738,Downtown Metro,101,362,209,25,429,494,66,
77053231,Lakeview MHC,9,362,209,24,429,433,66,
79462816,Backcountry MHC,35,15154,260,22,429,442,66,
65827092,Fair Meadows MHC,201,16022,260,30,429,429,66,
72720289,Azulejo,803,362,209,22,429,465,66,
70263379,Kingsbrook MHC,640AS,16131,296,25,429,443,100,76
70270150,The Oaks MHC,28,16131,296,20,429,438,100,61
72384470,Whispering Pines Mobile Estates,312,362,209,27,429,479,66,
70265226,Ibiza Village2,11,17037,344,41,429,439,100,2976
72384629,Flower Mound MHC,14,362,209,41,429,455,66,
72382078,Crystal Acres MHC,40,17032,344,38,429,445,100,96
72387861,Brighton Court MHP,4,15090,254,32,429,447,66,
75368108,Oaklawn Park HOA,3455SOC,15090,254,18,429,457,66,
72379595,Whispering Pines Mobile Estates,117,362,209,18,429,453,66,
72723960,Country Edge MHC,517-4,362,209,18,428,411,66,
77057034,Oaklawn Park HOA,3323SOC,15090,254,32,428,437,66,
72392267,Stafford MHC,531,363,219,28,428,497,66,
75368611,Hydetown Mobile Estates,23,16131,296,40,428,408,100,166
70272214,Mountaineer Village MHC,10,15085,254,18,428,494,66,
72721402,Freedom MHP,7,363,219,29,428,505,66,
65828504,Oakwood MHP,49,16022,260,23,427,440,66,
65824719,Sara Drive MHP,1034,362,209,31,427,453,66,
70267974,Estancia MHP,165,15147,256,18,427,420,66,
70260946,PW2,3109CINDY,16022,260,37,427,418,66,
72378472,Glenn Dorado,105,362,209,23,427,482,66,
70265572,Whispering Pines Mobile Estates,227,362,209,26,427,455,66,
72389610,Stafford MHC,231,16131,296,30,427,443,100,64
72720156,Eastwood Hills MHC,TR335,362,209,32,427,449,66,
75365666,Oaklawn Park HOA,2620EOC,15090,254,22,427,422,66,
72715727,Azulejo,1002,362,209,32,426,451,66,
70269418,Carolina Springs MHP,CSP8-1784-GIBSONST,362,209,20,426,417,66,
72379124,La Comunidad MHC,28,16185,314,30,426,418,100,108
72378464,Canada,LVB20,362,209,37,426,432,66,
72720412,Eastwood Hills MHC,TR316,16131,296,35,426,442,100,237
77028795,Whispering Pines Mobile Estates,710,362,209,31,426,460,66,
75368942,Fair Meadows MHC,194,16022,260,17,426,456,66,
65825955,Estancia MHP,86,15147,256,21,425,454,66,
70258593,Fair Meadows MHC,169,16022,260,31,425,420,66,
70262934,Kingsbrook MHC,687EL,16131,296,30,425,439,100,64
65822341,Aurora MHC,198,16022,260,18,425,404,66,
65829221,Roosevelt MHC,62,16131,296,55,425,458,100,747
72714373,Eastwood Hills MHC,EH23,362,209,25,425,469,66,
72720008,Freedom MHP,45,363,219,30,425,480,66,
79462329,Oakwood MHP,60,16022,260,18,425,416,66,
70270424,Maple Run MHP,43,362,209,25,424,442,66,
70265291,Estancia MHP,18,15147,256,28,424,460,66,
70267123,Maple Run MHC,94,362,209,32,424,473,66,
70259849,Estancia MHP,22,15147,256,29,424,467,66,
79453971,Kay Lou MHC,703-T,16131,296,30,424,458,100,87
75374619,Highlands MHC,12A,362,209,35,424,441,66,
72714613,Kingsbrook MHC,107AB,16131,296,20,424,426,100,32
75373173,Oaklawn Park HOA,3434SOC,15090,254,18,424,439,66,
77057216,PW2,3109LINDA,17037,344,29,423,419,100,59
77062117,Canada,LVJ11,362,209,24,423,442,66,
72388794,Westview Mobile Estates MHC,120,362,209,22,423,453,66,
72389032,Westview Mobile Estates MHC,116,16185,314,30,423,405,100,88
72388554,Circle N Trailer Park,14,15085,254,30,423,464,66,
70262967,Arizona Manor,9,16185,314,20,423,432,100,48
72381138,Canada,D6TC,16022,260,31,423,408,66,
72391319,Rustic Acres MHC,52,16131,296,20,423,424,100,46
70260250,Flower Mound MHC,9,362,209,36,423,430,66,
72721881,Maple Run MHC,132,362,209,23,423,431,66,
72719570,Eastwood Hills MHC,TR339,362,209,28,423,442,66,
75362853,Oaklawn Park HOA,3457SOC,15090,254,23,423,459,66,
65828835,Maple Run MHC,61,362,209,17,422,430,66,
65826458,Aurora MHC,183,16131,296,20,422,454,100,57
75363216,Southern Cross MHC,11,362,209,26,422,484,66,
70272057,Maple Run MHP,13,16022,260,30,422,404,66,
70258460,Maple Run MHP,72,362,209,18,422,458,66,
72390774,Kachina,18A,362,209,22,422,466,66,
75365138,Lake Charles Duplexes,870A,16022,260,32,422,423,66,
70265689,Carolina Springs MHP,CSP160-1888-BLAKEST,362,209,27,422,459,66,
72391061,Carolina Springs MHP,CSP126-399-RIVERBASINCT,362,209,25,422,442,66,
70262124,Carolina Springs MHP,CSP6-1786-GIBSONST,362,209,18,422,453,66,
75373637,Oaklawn Park HOA,3506SOC,15090,254,29,422,436,66,
65830500,Forest at Sherman MHC,78,16185,314,35,421,431,100,96
77056374,Freedom MHP,33,363,219,29,421,452,66,
77056911,High Street,23,15147,256,27,421,448,66,
72719448,Freedom MHP,40,363,219,38,421,439,66,
75363844,Oaklawn Park HOA,3427SOC,15090,254,28,421,476,66,
75369916,Oaklawn Park HOA,3321SOC,15090,254,32,421,457,66,
70265960,Aurora MHC,58,16022,260,28,420,400,66,
77061069,Maple Run MHP,9,362,209,18,420,471,66,
72723598,CJ,105 exclude tenant,17037,344,50,420,531,0,65535
75374684,Estancia MHP,100,15147,256,30,420,427,66,
79467997,Parkwood,3376DONNA,16022,260,17,420,417,66,
65830971,Alta Vista MHC,51,363,219,23,419,444,66,
72721683,Azulejo,303,362,209,22,419,461,66,
70260730,Aurora MHC,5,16022,260,23,419,424,66,
70266950,Maple Run MHP,87,362,209,33,419,443,66,
70271059,Maple Run MHP,67,362,209,22,419,464,66,
75363836,Hydetown Mobile Estates,26,15091,255,17,419,429,66,
75370716,Estancia MHP,157,15147,256,29,419,428,66,
68612504,PW2,5213JUSTIN,16022,260,18,418,414,66,
70267214,Azulejo,1001,362,209,21,418,455,66,
70272156,Carolina Springs MHP,CSP59-1795-GIBSONST,362,209,17,418,416,66,
72387440,Backwater MHC,9,17032,344,26,418,412,100,54
72719455,Parker MHC,4,362,209,31,418,432,66,
75363703,Lake of the Pines Community Association,123-BRI,16022,260,18,418,413,66,
72380148,Virginia Beach,169,17037,344,29,418,412,100,77
65825070,Oaklawn Park HOA,3431SOC,15090,254,26,417,437,66,
65822663,Oaklawn Park HOA,3441SOC,15090,254,31,417,435,66,
72715131,Eastwood Hills MHC,EH204,362,209,36,417,472,66,
75361707,Heritage Apartments,C8,16131,296,45,417,413,100,216
79459994,Paradise Village Cooperative MHC,36,15154,260,17,416,420,66,
70266323,Coleman Village,140,15154,260,33,416,412,66,
72716527,Eastwood Hills MHC,EH40,362,209,36,416,450,66,
72720966,Oaklawn Park HOA,3311SOC,15090,254,20,416,454,66,
75371565,Oaklawn Park HOA,3549SOC,16022,260,30,416,435,66,
75362010,Oaklawn Park HOA,2630EOC,15090,254,26,416,433,66,
72383316,Hoosier Park MHC,1,17037,344,32,416,431,100,66
75360618,Country Edge MHC,505-1,362,209,17,415,449,66,
72388786,Stafford MHC,341,16022,260,32,415,417,66,
72717996,Eastwood Hills MHC,EH84,362,209,23,415,455,66,
75370765,Tuttle Estates MHC,17,17037,344,47,415,387,100,236
75363513,Oaklawn Park HOA,3403SOC,15090,254,27,415,424,66,
65829569,Trans Canada,E18TC,362,209,30,415,435,66,
77036640,Canada,D3TC,362,209,32,414,448,66,
72388182,Westview Mobile Estates MHC,237,362,209,17,414,437,66,
77056531,Canada,LVC4,362,209,31,414,474,66,
70273162,Aurora MHC,56,16022,260,29,414,424,66,
72378670,Mountaineer Village MHC,3,15085,254,20,414,419,66,
70270721,La Comunidad MHC,66,362,209,32,414,432,66,
70272487,Eastwood Hills MHC,EH70,362,209,32,414,436,66,
72724174,Oaklawn Park HOA,3366SOC,15090,254,24,413,427,66,
72723812,Eastwood Hills MHC,EH12,362,209,24,413,415,66,
72383852,Oaklawn Park HOA,3498SOC,15090,254,28,413,461,66,
70267362,Coleman Village,170,15154,260,32,413,418,66,
75366664,Estancia MHP,77,15147,256,36,413,457,66,
79461123,Paradise Village Cooperative MHC,27,15154,260,32,412,421,66,
75373744,Coleman Village MHC,158,15154,260,31,412,427,66,
75372183,Hydetown Mobile Estates,27,15091,255,28,412,426,66,
72715230,Oaklawn Park HOA,3475SOC,15090,254,22,412,432,66,
77028886,Kingsbrook MHC,410DO,16131,296,35,411,410,100,157
70259336,Aurora MHC,195,16022,260,18,411,425,66,
70267818,Maple Run MHP,69,362,209,31,411,406,66,
79463772,Lake Charles Duplexes,869A,17037,344,44,411,421,100,158
72719646,Hillview MHC,23,16131,296,40,411,409,100,91
72715982,Eastwood Hills MHC,EH93,362,209,35,411,441,66,
70270796,Maple Run MHP,58,362,209,18,410,416,66,
70264138,Parkway MHC,30,16022,260,22,410,414,66,
72389818,Westview Mobile Estates MHC,19,362,209,26,410,462,66,
72388380,Westview Mobile Estates MHC,98,362,209,18,410,437,66,
75363638,Oaklawn Park HOA,3320SOC,15090,254,20,410,445,66,
65826029,Eastwood Hills MHC,TR306,362,209,28,410,432,66,
75366797,Estancia MHP,105,15147,256,18,410,397,66,
65828660,Oaklawn Park HOA,3489SOC,15090,254,21,409,436,66,
65829031,Maple Run MHC,82,362,209,17,409,430,66,
70261332,Coleman Village,177,15154,260,18,409,415,66,
72380627,Whispering Pines Mobile Estates,612,362,209,22,409,458,66,
72378928,Whispering Pines Mobile Estates,703,362,209,18,409,442,66,
72381377,Whispering Pines Mobile Estates,608,362,209,18,409,447,66,
72714266,Kay Bee Mobile Villa MHP,61,16131,296,30,409,399,100,225
77054007,Estancia MHP,38,15147,256,39,408,411,66,
70266877,NotOntario-may be Pace or VA Bch or Stafford,412,17037,344,38,408,403,100,107
70262918,Whispering Pines Mobile Estates,130,362,209,18,408,424,66,
72721634,Eastwood Hills MHC,EH39,362,209,22,408,444,66,
72720552,Kay Bee Mobile Villa MHP,24,16131,296,30,408,395,100,241
72721089,Eastwood Hills MHC,EH88,362,209,37,408,405,66,
79466437,Auburn MHC,10,17037,344,35,407,401,100,116
65822036,Estancia MHP,120,16022,260,24,407,404,66,
77054346,Kingsbrook MHC,765FA,16022,260,41,407,412,66,
72714464,Azulejo,203,362,209,27,407,474,66,
72720230,Paradise Village Cooperative MHC,30,15154,260,28,407,411,66,
75371243,Stafford MHC,158,363,219,23,407,455,66,
65826482,Trans Canada,D12TC,362,209,33,407,409,66,
75366532,Oakwood MHP,112,16022,260,33,407,398,66,
75369122,Parkwood,3249MARY,16022,260,27,407,428,66,
77061119,Alta Vista MHC,55,16185,314,25,406,465,100,150
70265895,Flower Mound MHC,12,362,209,35,406,438,66,
72720560,Eastwood Hills MHC,EH16,362,209,32,406,424,66,
75372464,Pleasant Acres,21,16131,296,20,406,408,100,44
70260755,Maple Run MHP,32,362,209,28,406,451,66,
70271406,Aurora MHC,167,16022,260,28,406,408,66,
65825898,Estancia MHP,176,15147,256,32,406,395,66,
65830005,Fair Meadows MHC,173,16022,260,35,405,411,66,
65827365,Fair Meadows MHC,186,16022,260,26,405,424,66,
77058131,Westview Mobile Estates MHC,10,362,209,25,405,407,66,
72719471,Stafford MHC,271,363,219,35,405,422,66,95
72724422,Roper Center Commercial Bldg,29,15090,254,41,405,424,66,
70265853,Backwater MHC,24,17032,344,38,405,391,100,225
70260649,Coleman Village,162,15154,260,18,405,406,66,
70261431,Aurora MHC,136,16022,260,41,405,419,66,
75360923,Estancia MHP,56,15147,256,26,405,450,66,
70267784,Oakwood MHP,8,16022,260,20,404,403,66,
72382789,Glenn Dorado,204,362,209,23,404,420,66,
70266067,Carolina Springs MHP,CSP140-1833-BLAKEST,16131,296,20,404,402,100,45
70263411,Carolina Springs MHP,CSP157-111-LOUCADACT,362,209,21,404,440,66,
70270531,Maple Run MHP,49,362,209,22,404,397,66,
72718044,Backwater MHC,25,17032,344,35,404,381,100,81
65823430,Sara Drive MHP,1017,362,209,34,403,412,66,
65828934,Eastwood Hills MHC,EH96,362,209,18,403,432,66,
72388489,Stafford MHC,334,16185,314,35,403,410,100,121
72385766,Whispering Pines Mobile Estates,300,362,209,35,403,431,66,
70266992,Carolina Springs MHP,CSP18-1756-GIBSONST,362,209,38,403,438,66,
70265739,Ibiza Village2,4,362,205,41,403,370,66,144
70263494,East Barre MHP,5,362,209,30,403,407,66,
72721006,Big Country Mobile Home & RV Park,3504-A,16131,296,20,403,403,100,365
72716691,Kingsbrook MHC,2805V,16131,296,20,403,394,100,198
70267099,Maple Run MHP,65,362,209,28,403,431,66,
65828249,Estancia MHP,39,15147,256,36,403,429,66,
75369767,Big Country Mobile Home & RV Park,3608-C,16130,296,25,403,402,100,58
65830021,Fair Meadows MHC,6151,16022,260,22,402,402,66,
77029124,Aurora MHC,112,16022,260,30,402,402,66,
77057828,Aurora MHC,116C,16022,260,29,402,397,66,
77059360,Aurora MHC,21,16022,260,33,402,391,66,
70261191,High Street,2275,15147,256,23,402,426,66,
70273170,Maple Run MHP,106,362,209,17,402,433,66,
72386137,Stafford MHC,251,363,219,32,402,437,66,
70272842,Mountaineer Village MHC,27,15085,254,17,402,432,66,
72391327,Maple Run MHP,128,362,209,22,402,440,66,
72720024,Eastwood Hills MHC,EH14,362,209,33,402,401,66,
72723291,Eastwood Hills MHC,EH57,362,209,30,402,440,66,
72721832,Freedom MHP,34,363,219,25,402,384,66,
79465157,Oakwood MHP,82,16022,260,18,402,377,66,
77056804,Canada,B14TC,362,209,35,401,433,66,
77053876,Sara Drive MHP,1035,362,209,33,401,454,66,
70273212,Westview Mobile Estates MHC,109,362,209,32,401,359,66,
70263700,The Oaks MHC,36,16131,296,40,401,393,100,143
72388125,Ponderosa MHC,28,17037,344,35,401,429,100,1799
75367415,Southern Cross MHC,18,362,209,24,401,437,66,
77056242,Canada,B12TC,16022,260,22,401,405,66,
65823463,Delaware St Quadplex,B,362,209,18,401,410,66,
72719265,Eastwood Hills MHC,TR308,362,209,32,401,413,66,
72718879,Paradise Village Cooperative MHC,38,15154,260,28,401,408,66,
70261399,Maple Run MHP,1,362,209,30,401,401,66,
75369338,Lake of the Pines Community Association,350-LLV,15155,260,17,401,413,66,
75366979,Grand Valley Estates MHC,14-SHENNADOH-DR,17037,344,26,401,470,100,49
75364537,Stafford MHC,274,16185,314,25,401,392,100,42
72721600,Oak Grove MHC,D,362,209,22,400,440,66,
77041715,Aurora MHC,151,16022,260,28,400,393,66,
72719968,Azulejo,401,362,209,18,400,440,66,
70273527,Maple Run MHP,6,362,209,32,400,431,66,
75374031,Southern Cross MHC,12A,362,209,18,400,419,66,
75372829,Wildwood Estates MHC,A9,16131,296,55,400,418,100,618
75364636,Estancia MHP,153,15147,256,26,400,442,66,
75368223,Kingsbrook MHC,781SU,16022,260,22,400,397,66,
75360972,Broken Arrow MHP,6107-198TH-ST,17037,344,38,400,403,100,168
77057687,Sara Drive MHP,1002,362,209,25,399,440,66,
77054940,Oaklawn Park HOA,3444SOC,15090,254,23,399,416,66,
77053793,Fair Meadows MHC,235,16022,260,26,399,382,66,
72389651,Westview Mobile Estates MHC,27,362,209,20,399,428,66,
72392630,Roosevelt MHC,138,16131,296,30,399,403,100,76
70262165,Whispering Pines Mobile Estates,400,16131,296,20,399,406,100,60
72392192,Carolina Springs MHP,CSP120-394-RIVERBASINCT,362,209,22,399,513,66,
72720453,Eastwood Hills MHC,EH205,362,209,39,399,429,66,
75364990,Heritage Apartments,D1,16131,296,35,399,435,100,91
75361202,Roosevelt MHC,104,16131,296,25,399,407,100,300
65823810,Westview Mobile Estates MHC,34,362,209,36,398,426,66,
65832019,Parkway MHC,53,16022,260,27,398,447,66,
65822218,Aurora MHC,153,16022,260,22,398,380,66,
77057679,Aurora MHC,152,16022,260,32,398,448,66,
77054726,Canada,LVA14,362,209,37,398,430,66,
72717053,Azulejo,102,362,209,23,398,407,66,
70263429,Whispering Pines Mobile Estates,103,362,209,30,398,447,66,
70269269,Sunnyvale MHP,109,362,209,18,398,431,66,
70269111,Eastwood Hills MHC,EH22,362,209,30,398,431,66,
75372514,Estancia MHP,35,15147,256,35,398,426,66,
70263502,Whispering Pines Mobile Estates,306,362,209,23,398,432,66,
75367894,Big Country Mobile Home & RV Park,3501-B,16130,296,30,398,391,100,91
65823711,Oaklawn Park HOA,2622EOC,15090,254,22,397,413,66,
77058107,Kachina,14,17037,344,50,397,421,100,370
70261381,High Street,120,15147,256,23,397,428,66,
70265200,Alta Vista MHC,7,16131,296,30,397,320,100,57
70260425,Maple Run MHP,134,362,209,26,397,414,66,
70271075,Maple Run MHP,78,362,209,23,397,409,66,
70264567,Maple Run MHP,103,16022,260,32,397,408,66,
70265093,Estancia MHP,41,15147,256,35,397,408,66,
72388067,Stafford MHC,518,363,219,32,397,456,66,
72390824,Stafford MHC,213,363,219,28,397,422,66,
70268691,East Barre MHP,2,16022,260,32,397,395,66,
72391921,Flower Mound,29,362,209,39,397,433,66,
72717509,Eastwood Hills MHC,EH25,362,209,34,397,422,66,
72718002,Maple Run MHC,7,362,209,18,397,418,66,
72719802,Kay Bee Mobile Villa MHP,22,16131,296,40,397,405,100,483
75369114,Parkwood,3400DONNA,16022,260,17,397,385,66,
65828488,PW2,3406DONNA,16022,260,26,396,374,66,
75360576,Country Edge MHC,517-1,362,209,19,396,427,66,
65825864,Westview Mobile Estates MHC,11,362,209,20,396,399,66,
75362929,The Oaks MHC,39,16131,296,35,396,400,100,99
70271505,Flower Mound MHC,31,362,209,40,396,426,66,
72718655,Parker MHC,10,362,209,23,396,442,66,
72715826,Eastwood Hills MHC,EH86,362,209,31,396,449,66,
75373926,Estancia MHP,146,15147,256,32,396,386,66,
75371540,Oaklawn Park HOA,3504SOC,15090,254,22,396,415,66,
72391491,Whispering Pines Mobile Estates,406,362,209,24,396,428,66,
72724109,Estancia MHP,72,15147,256,17,396,418,66,
72379587,La Comunidad MHC,14A,362,209,35,396,426,66,
68612520,Oaklawn Park HOA,2616EOC,15090,254,23,395,407,66,
77028639,Freedom MHP,25,363,219,41,395,395,66,
70272933,Mountaineer Village MHC,7,15085,254,18,395,405,66,
72387515,Flower Mound,30,362,209,32,395,398,66,
72391723,Sunnyvale MHP,103,362,209,25,395,421,66,
72722764,Eastwood Hills MHC,TR314,362,209,28,395,422,66,
70272230,Paradise Village Cooperative MHC,9,15154,260,32,395,398,66,
70264609,Maple Run MHP,5,362,209,17,395,431,66,
75368033,Stafford MHC,573,363,219,19,395,266,66,
72381195,Lakeroad Village RV Park,49,362,209,33,394,404,66,
65824636,Eastwood Hills MHC,EH101,362,209,33,394,406,66,
72385949,Pace East,43,16131,296,35,394,397,100,246
72720180,Azulejo,402,16022,260,26,394,392,66,
70260151,Maple Run MHP,89,362,209,22,394,432,66,
77059550,Aurora MHC,15,16022,260,26,394,387,66,
70263155,Green Acres MHC,14,16022,260,25,394,396,66,
72724356,Stafford MHC,202,363,219,41,394,387,66,
77057455,Eastwood Hills MHC,EH75,362,209,21,394,410,66,
72381831,Whispering Pines Mobile Estates,139,362,209,17,394,422,66,
65826896,Green Acres MHC,6,362,209,17,393,428,66,
77054981,PW2,3355DONNA,16022,260,24,393,399,66,
70260326,Oaklawn Park HOA,2630EOD,15090,254,29,393,391,66,
70273204,Stafford MHC,516,363,219,30,393,426,66,
72379306,Westview Mobile Estates MHC,1,362,209,17,393,428,66,
70269194,Mountaineer Village MHC,31,15085,254,18,393,456,66,
72720065,Eastwood Hills MHC,TR321,362,209,30,393,425,66,
65823422,Maple Run MHC,133,362,209,17,393,416,66,
65825252,Sara Drive MHP,1021,362,209,30,392,409,66,
72716741,Azulejo,1203,362,209,28,392,388,66,
77028456,Coleman Village MHC,147,15154,260,30,392,380,66,
75362416,Southern Cross MHC,9,362,209,22,392,417,66,
72723382,Coleman Village MHC,128,15154,260,30,392,400,66,
77060459,Canada,F2TC,362,209,29,392,431,66,
72382383,Azulejo,1401,362,209,17,392,456,66,
72387051,Green Acres MHC,19,362,209,33,392,428,66,
72721626,Eastwood Hills MHC,TR322,362,209,33,392,428,66,
72721014,Oaklawn Park HOA,3442SOC,15090,254,24,392,419,66,
72718663,Eastwood Hills MHC,EH82,362,209,29,392,427,66,
75368322,Fair Meadows MHC,267,16022,260,32,392,418,66,
65830401,Oaklawn Park HOA,2623EOC,15090,254,18,391,385,66,
65829908,Westview Mobile Estates MHC,21,362,209,24,391,387,66,
77054866,Downtown Metro,102,362,209,33,391,412,66,
77029090,Parkway MHC,26,16022,260,32,391,393,66,
75363786,Paradise Village Cooperative MHC,22,15154,260,25,391,384,66,
70260193,Parkway MHC,1,16022,260,25,391,414,66,
70266893,Coleman Village,116,15154,260,22,391,382,66,
72390147,Stafford MHC,259,17037,344,50,391,391,100,350
70263585,Whispering Pines Mobile Estates,121,362,209,32,391,427,66,
72721220,Eastwood Hills MHC,EH47,362,209,33,391,413,66,
75373769,Oaklawn Park HOA,3344SOC,15090,254,25,391,402,66,
65826250,Carolina Springs MHP,CSP116-395-BAINBRIDGECT,362,209,23,390,409,66,
68588183,Browns MHP,16,15154,260,41,390,408,66,
77055673,Aurora MHC,134,17037,344,44,390,402,100,180
77060194,Estancia MHP,61,15147,256,23,390,390,66,
70260219,Maple Run MHP,125,362,209,20,390,430,66,
75371532,Cactus Flower,4-BACK-UP HWA,16185,314,55,390,411,100,546
72380726,Lafountaine MHC,115BS,16131,296,30,390,387,100,51
72716329,Eastwood Hills MHC,EH52,362,209,31,390,404,66,
72722525,Maple Run MHC,74,362,209,21,390,410,66,
75361061,J&L MHP,1439,15154,260,30,390,413,66,
70259021,Paradise Village Cooperative MHC,12,15154,260,27,390,381,66,
72722400,Wildwood Village MHC,25,362,209,32,390,409,66,
75374692,Estancia MHP,142,15147,256,17,390,412,66,
75369312,Parkwood,5190JUSTIN,16022,260,17,390,397,66,
75362051,Oakwood MHP,72 ,16022,260,33,390,389,66,
65826789,PW2,5210JOHN,16022,260,23,389,396,66,
77058701,Canada,LVB17,362,209,26,389,434,66,
75374866,Southern Cross MHC,5,16185,314,35,389,383,100,198
72389073,Stafford MHC,109,363,219,32,389,440,66,
77059352,Aurora MHC,140,16022,260,18,389,402,66,
70272578,Carolina Springs MHP,CSP11-1780-GIBSONST,362,209,18,389,420,66,
65829452,Aurora MHC,233,16022,260,21,389,384,66,
75360683,Brighton Court MHP,18,15090,254,30,389,408,66,
72389107,Stafford MHC,134,363,219,26,389,414,66,
72714340,Eastwood Hills MHC,TR326,362,209,23,389,418,66,
75360535,Oak Tree MHP,13,16130,296,20,389,477,100,208
75374635,Mill Creek Estates,318L,363,219,23,389,402,66,
72723556,Estancia MHP,67,15147,256,37,389,361,66,
65825625,Aurora MHC,61,16022,260,23,388,384,66,
77059436,Aurora MHC,211,16022,260,22,388,389,66,
77057547,PW2,5197JASON,16022,260,26,388,408,66,
77036921,Canada,LVB18,16022,260,23,388,368,66,
70272081,Maple Run MHP,46,362,209,23,388,412,66,
70268600,PW2,3127CINDY,16022,260,35,388,383,66,
72379009,Flower Mound MHC,10,362,209,18,388,438,66,
72718267,Maple Run MHC,17,362,209,23,388,421,66,
77055061,Maple Run MHC,27,362,209,18,388,411,66,
72724265,Estancia MHP,70,15147,256,35,388,408,66,
75362739,Parkwood,3248MARY,16022,260,22,388,395,66,
75366763,Oakwood MHP,32,16022,260,21,388,394,66,
65831334,PW2,5209JOHN,16022,260,32,387,392,66,
65828512,Oaklawn Park HOA,3402SOC,15090,254,18,387,419,66,
65830229,Lakeview MHC,17,362,209,24,387,397,66,
72384157,Lakeroad Village RV Park,27,16193,320,40,387,386,100,105
77055921,Canada,C5TC,362,209,21,387,431,66,
65827696,Sky Run,20,16131,296,50,387,379,0,65535
72721782,Azulejo,1201,362,209,18,387,430,66,
72389586,Stafford MHC,534,363,219,23,387,422,66,
70273113,Whispering Pines Mobile Estates,539,362,209,27,387,408,66,
70259245,Carolina Springs MHP,CSP159-1884-BLAKEST,362,209,22,387,414,66,
75363794,Southern Cross MHC,15,362,209,33,387,408,66,
72723168,Kay Bee Mobile Villa MHP,94,16165,302,50,387,382,100,287
72724448,Ridge Crest MHC,2,362,209,23,387,437,66,
72387226,Parkway MHC,25,16022,260,32,386,375,66,
77054015,Arizona Manor,5,17037,344,44,386,351,100,314
70270663,Maple Run MHP,79,362,209,22,386,428,66,
72389776,Stafford MHC,175,16022,260,35,386,394,66,
72390642,Stafford MHC,318,363,219,30,386,436,66,
70266281,Roper Center Commercial Bldg,41,15090,254,32,386,429,66,
72391871,Carolina Springs MHP,CSP87-1716-GILMOREST,362,209,23,386,427,66,
72387408,Flower Mound,7,362,209,33,386,410,66,
75370179,Oaklawn Park HOA,3446SOC,15090,254,26,386,409,66,
65823331,Fair Meadows MHC,105,16022,260,28,385,368,66,
77052183,Kachina,15,16131,296,40,385,389,100,190
70263148,Aurora MHC,256,16022,260,32,385,357,66,
79458038,Kay Lou MHC,703-R,16131,296,25,385,361,100,127
72386707,Lantana Trail,3620-1,15154,260,18,385,385,66,
70262173,Mountaineer Village MHC,15,15085,254,18,385,423,66,
72721451,Paradise Village Cooperative MHC,40,15154,260,30,385,389,66,
65823752,Oaklawn Park HOA,3471SOC,15090,254,23,384,402,66,
72392945,Stafford MHC,242,363,219,28,384,414,66,
72721097,Oak Grove MHC,E,362,209,23,384,419,66,
77054130,Alta Vista MHC,9,363,219,22,384,401,66,
75366201,Southern Cross MHC,2,362,209,21,384,398,66,
79466023,Lake Charles Duplexes,842A,16022,260,41,384,383,66,
72724315,Eastwood Hills MHC,EH63,362,209,37,384,406,66,
72723473,Oaklawn Park HOA,3368SOC,15090,254,18,384,458,66,
72719398,Estancia MHP,59,15147,256,26,384,381,66,
72718887,103 West Broadway,113-4,362,209,23,383,405,66,
70261555,High Street,7,15147,256,27,383,420,66,
77056960,Parkway MHC,47,16022,260,30,383,399,66,
72392549,Aurora MHC,115,16022,260,25,383,374,66,
72392499,Stafford MHC,151,363,219,33,383,419,66,
72392606,Stafford MHC,505,363,219,35,383,409,66,
70272867,Carolina Springs MHP,CSP117-399-BAINBRIDGECT,362,209,17,383,363,66,
70262611,Carolina Springs MHP,CSP155-119-LOUCADACT,362,209,20,383,417,66,
70273543,Carolina Springs MHP,CSP145-1834-BLAKEST,362,209,17,383,402,66,
75362119,Highlands MHC,12,362,209,35,383,388,66,
75373983,Roosevelt MHC,46,16185,314,30,383,381,100,72
65831276,PW2,5203JASON,16022,260,27,382,383,66,
77061614,Aurora MHC,263,16022,260,25,382,361,66,
77059295,Kingsbrook MHC,721EL,16022,260,35,382,382,66,
72387770,La Comunidad MHC,72B,362,209,36,382,403,66,
72387853,Brighton Court MHP,8,15090,254,32,382,374,66,
75374130,Hydetown Mobile Estates,9,15091,255,18,382,401,66,
75374189,Estancia MHP,31,15147,256,18,382,426,66,
72719638,Parker MHC,13,362,209,30,382,396,66,
77057588,Sky Run,25,16131,296,20,381,378,100,30
65824404,Aurora MHC,225,16022,260,22,381,400,66,
72723028,Azulejo,1403,362,209,22,381,439,66,
77055913,Canada,LVC11,362,209,24,381,415,66,
70268402,Maple Run MHP,123,362,209,28,381,398,66,
70264500,Maple Run MHP,24,362,209,30,381,473,66,
72386608,Aurora MHC,222,16022,260,20,381,396,66,
72381260,Mountaineer Village MHC,16,15085,254,23,381,406,66,
70265796,Ontario Place MHC,2,16022,260,20,381,353,66,
65823406,PW2,3121CINDY,16022,260,23,380,358,66,
65826417,Lafountaine MHC,105CC,16131,296,20,380,366,100,32
65824933,Parkway MHC,58,16022,260,26,380,388,66,
70268501,Piney Park,13,16185,314,45,380,398,100,296
70271430,Aurora MHC,127,16022,260,29,380,374,66,
77061309,Canada,LVJ10,362,209,23,380,416,66,
72388091,Stafford MHC,262,363,219,30,380,422,66,
72385998,Stafford MHC,553,363,219,32,380,425,66,
72382706,Stafford MHC,532,363,219,32,380,461,66,
72382003,Carolina Springs MHP,CSP97-1729-GILMOREST,362,209,21,380,426,66,
72384710,Carolina Springs MHP,CSP50-1773-GIBSONST,362,209,21,380,420,66,
72720826,Eastwood Hills MHC,EH20,362,209,31,380,424,66,
75362101,Oaklawn Park HOA,3509SOC,15090,254,17,380,347,66,
68584349,Sara Drive MHP,1012,362,209,27,379,421,66,
75372860,Brighton Court MHP,2,15090,254,33,379,416,66,
70266208,Brighton Court MHP,20,15090,254,32,379,414,66,
72719364,Estancia MHP,55,15147,256,30,379,382,66,
70272008,Estancia MHP,91,15147,256,29,378,441,66,
72715164,Roper Center Commercial Bldg,21,15090,254,38,378,388,66,
75372589,Hydetown Mobile Estates,41,15091,255,31,378,406,66,
75373140,Eastwood Hills MHC,EH214,362,209,32,378,392,66,
70259971,Parkway MHC,56,16022,260,30,377,380,66,
77057323,Sara Drive MHP,1022,362,209,0,377,393,66,
72388372,Stafford MHC,277,16022,260,38,377,360,66,
70262249,Carolina Springs MHP,CSP156-115-LOUCADACT,362,209,22,377,388,66,
70272552,Carolina Springs MHP,CSP21-1744-GIBSONST,362,209,18,377,405,66,
70258791,Flower Mound MHC,11,362,209,26,377,410,66,
72718283,Eastwood Hills MHC,EH2,362,209,30,377,402,66,
72713904,Eastwood Hills MHC,EH89,362,209,22,377,397,66,
70267370,Coleman Village,167,15154,260,18,376,381,66,
75373843,Southern Cross MHC,22,362,209,35,376,380,66,
72384249,La Comunidad MHC,9,16185,314,20,376,377,100,154
72719158,Forest at Sherman MHC,54,362,209,24,376,429,66,
75364115,Fair Meadows MHC,6159,16022,260,17,376,390,66,
65823497,Oaklawn Park HOA,3440SOC,15090,254,23,375,401,66,
65827035,Sara Drive MHP,1005,362,209,34,375,364,66,
72716303,Maple Run MHC,31,362,209,20,375,399,66,
75374478,Oaklawn Park HOA,3443SOC,15090,254,24,375,371,66,
75360881,Oaklawn Park HOA,3467SOC,15090,254,18,375,402,66,
65830864,Parker MHC,39,16022,260,39,375,369,66,
72724141,Southern Cross MHC,1,362,209,32,374,390,66,
70271273,Aurora MHC,186,16022,260,21,374,378,66,
70265028,Maple Run MHP,76,16022,260,22,374,375,66,
70261217,Roosevelt MHC,I,16022,260,24,374,388,66,
70261092,Parkway MHC,62,16022,260,30,374,392,66,
72380098,Aurora MHC,89,16022,260,34,374,384,66,
70272990,Carolina Springs MHP,CSP131-1875-BLAKEST,362,209,20,374,389,66,
75360386,Oaklawn Park HOA,3313SOC,15090,254,28,374,400,66,
77053835,The Oaks MHC,6,16131,296,35,373,380,100,115
70270572,Coleman Village,172,15154,260,22,373,380,66,
70270382,Whispering Pines Mobile Estates,129,16185,314,25,373,370,100,368
75373066,Hydetown Mobile Estates,25,15091,255,17,373,382,66,
72717418,Estancia MHP,144,15147,256,20,373,382,66,
75367498,Oaklawn Park HOA,3477SOC,15090,254,19,373,363,66,
75369593,Broadway MHP DesMoines,17,17037,344,35,373,381,100,132
77041947,Lakeview MHC,6,362,209,22,372,385,66,
70267180,Maple Run MHP,86,362,209,26,372,391,66,
70267073,Coleman Village,163,15154,260,17,372,371,66,
70264112,Stafford MHC,246,363,219,28,372,412,66,
72381641,Westview Mobile Estates MHC,29,362,209,22,372,407,66,
75367720,Kay Lou MHC,2518-I,16131,296,45,372,366,100,185
72391202,Mountaineer Village MHC,18,15085,254,31,372,403,66,
70271760,Eastwood Hills MHC,EH83,362,209,33,372,388,66,
75362861,Mill Creek Estates,559V,363,219,17,372,388,66,
77056663,Canada,E23TC,362,209,24,371,420,66,
77053199,Canada,A5TC,362,209,21,371,421,66,
77060277,Kingsbrook MHC,3205W,16022,260,18,371,388,66,
77056564,Canada,D22TC,362,209,22,371,438,66,
72389362,Stafford MHC,519,363,219,32,371,392,66,
70264252,Whispering Pines Mobile Estates,917,362,209,30,371,381,66,
72718036,Highlands MHC,3,362,209,30,371,422,66,
75373207,Oaklawn Park HOA,3400SOC,15090,254,39,371,384,66,
75365161,Estancia MHP,96,15147,256,27,371,378,66,
65830278,Whispering Pines Mobile Estates,700,362,209,18,370,388,66,
77042051,176 N Highland Ave,FIRSTSOUTH,16022,260,22,370,365,66,
77057877,Fowler Apts MF,707,16022,260,27,370,372,66,
77058792,Taylor St Triplex,1,362,209,18,370,366,66,
72715289,Azulejo,802,362,209,27,370,407,66,
72385857,Stafford MHC,559,363,219,23,370,386,66,
72388414,Westview Mobile Estates MHC,219,362,209,18,370,383,66,
72387317,Carolina Springs MHP,CSP48-1765-GIBSONST,362,209,27,370,397,66,
75364693,Oaklawn Park HOA,2645EOD,15090,254,18,370,396,66,
72384017,Sunnyvale MHP,125,362,209,18,370,385,66,
72721550,Stafford MHC,342,363,219,35,370,413,66,101
72723218,Eastwood Hills MHC,EH4,362,209,37,370,390,66,
72716634,Kachina,1,362,209,31,370,390,66,
75370724,Estancia MHP,95,15147,256,18,370,383,66,
72385451,Flower Mound,18,362,209,27,370,409,66,
75374767,Estancia MHP,128,15147,256,26,370,401,66,
70262520,Lakeroad Village RV Park,46,362,209,39,369,362,66,
65826391,Parkway MHC,64,16022,260,24,369,381,66,
72717491,Needham MHP,15,362,209,39,369,396,66,
75364933,Lantana Trail,3612-8,15154,260,26,369,381,66,
70258833,Maple Run MHP,60,362,209,26,369,385,66,
70270036,Coleman Village,126,15154,260,18,369,366,66,
72387838,Stafford MHC,210,363,219,35,369,416,66,
72388778,Stafford MHC,122,363,219,23,369,422,66,
72380486,Carolina Springs MHP,CSP47-1761-GIBSONST,16022,260,17,369,352,66,
72715081,Eastwood Hills MHC,EH42,362,209,41,369,395,66,
72718796,Eastwood Hills MHC,EH90,16022,260,33,369,381,66,
75366490,Estancia MHP,99,15147,256,18,369,390,66,
75372209,Estancia MHP,8,15147,256,33,369,378,66,
77057166,Aurora MHC,178,16022,260,41,369,369,66,
70265218,Aurora MHC,139,16022,260,35,368,343,66,
70264617,PW2,5214JASON,16022,260,24,368,377,66,
70268766,Glenn Dorado,205,362,209,23,368,407,66,
65831094,Parkway MHC,52,16022,260,25,367,361,66,
70258452,Maple Run MHP,121,16022,260,39,367,372,66,
72385311,Stafford MHC,154,16185,314,35,367,353,100,109
72392184,Stafford MHC,378,16022,260,33,367,375,66,
70265820,Stafford MHC,555,363,219,41,367,408,66,
70269905,La Comunidad MHC,135,362,209,18,367,402,66,
72718804,Wildwood Estates MHC,32,362,209,20,367,392,66,
72719828,Riverview Apartments MF,30 start 9/1,17037,344,47,367,369,100,306
72379652,Oaklawn Park HOA,2631EOC,16022,260,27,367,382,66,
75363059,Oaklawn Park HOA,3325SOC,15090,254,29,367,400,66,
75370419,Oaklawn Park HOA,3501SOC,15090,254,23,367,394,66,
77056440,Aurora MHC,217,16022,260,20,367,365,66,
72381815,Whispering Pines Mobile Estates,308,362,209,22,367,429,66,
65826524,Parkway MHC,44,16022,260,26,366,370,66,
65830815,Parkway MHC,12,16022,260,27,366,348,66,
70264773,Forest at Sherman MHC,84,362,209,33,366,392,66,
75364552,Needham MHP,3,362,209,37,366,386,66,
72392374,Aurora MHC,220,16131,296,25,366,364,100,42
72388406,Westview Mobile Estates MHC,23,362,209,27,366,376,66,
77060475,Canada,E16TC,362,209,23,366,413,66,
72386632,Canada,F11TC,362,209,29,366,368,66,
75370849,Hydetown Mobile Estates,16,15091,255,18,366,394,66,
72381336,Whispering Pines Mobile Estates,228,362,209,17,366,392,66,
77058966,Steve Schneiter 5YR 5plex-CO,1581,16022,260,35,366,364,66,
65831607,PW2,5210JASON,16022,260,26,365,375,66,
72723101,Country Edge MHC,408-1,362,209,17,365,386,66,
77060251,Canada,LVB11,362,209,37,365,397,66,
75366037,Oaklawn Park HOA,3496SOC,15090,254,18,365,393,66,
68588175,Trans Canada,LVA7,362,209,33,365,385,66,
77060855,Sara Drive MHP,1029,362,209,30,364,368,66,
72389982,Parkway MHC,50,16022,260,28,364,379,66,
72720610,Oak Tree MHP,23,16131,296,25,364,404,100,47
72387887,Lakeroad Village RV Park,54,362,209,28,363,373,66,
77053256,Canada,B10TC,362,209,25,363,402,66,
72388752,Stafford MHC,561,16022,260,33,363,360,66,
72378639,Westview Mobile Estates MHC,24,362,209,23,363,382,66,
72386392,Pace East,56,16131,296,25,363,364,100,59
72385121,Whispering Pines Mobile Estates,315,362,209,17,363,381,66,
72722749,Oak Tree MHP,4,16131,296,20,363,400,100,60
65824446,Lakeview MHC,22,362,209,35,363,355,66,
79461701,Trans Canada,LVJ8,362,209,18,363,216,66,
65827662,Browns MHP,4,15154,260,39,362,378,66,
65829809,Browns MHP,25,15154,260,28,362,344,66,
65831698,Parkway MHC,9,16022,260,28,362,348,66,
65830344,Eastwood Hills MHC,EH72,362,209,29,362,388,66,
72379280,Flower Mound MHC,19,16185,314,40,362,373,100,304
72381575,Flower Mound MHC,4,362,209,18,362,384,66,
72717517,Eastwood Hills MHC,EH62,362,209,30,362,383,66,
75374098,Oaklawn Park HOA,3531SOC,15090,254,18,362,347,66,
79460729,Riley Lane,8,15154,260,32,361,357,66,
72381096,Mountaineer Village MHC,1,15085,254,23,361,373,66,
72714746,Roper Center Commercial Bldg,25,15090,254,18,361,399,66,
72722368,Hillview MHC,9,16131,296,30,361,317,100,86
72715941,Azulejo,901,362,209,23,361,432,66,
79461230,Heritage Apartments,C2,16131,296,30,361,361,100,92
72385402,Virginia Beach,246,17037,344,29,361,365,100,71
77053504,Parkway MHC,59,16022,260,17,360,356,66,
70272040,Maple Run MHP,117,362,209,18,360,397,66,
72384801,Westview Mobile Estates MHC,28,362,209,18,360,385,66,
75373132,Southern Cross MHC,23,362,209,35,360,371,66,
77055863,Canada,LVA17,362,209,33,360,387,66,
70270002,La Comunidad MHC,96,16185,314,40,360,353,100,246
72391137,Maple Run MHP,51,362,209,17,360,397,66,
79466536,Fair Meadows MHC,165,16022,260,28,360,367,66,
65830427,The Oaks MHC,8,16131,296,30,359,364,100,81
77055236,Maple Run MHC,3,362,209,23,359,396,66,
77029512,Aurora MHC,71,16022,260,17,359,369,66,
70272099,Coleman Village,148,15154,260,23,359,378,66,
75367092,High Street,14,16022,260,26,359,343,66,
75369585,Fair Meadows MHC,282,16022,260,29,359,350,66,
75363778,Country Edge MHC,521-7,362,209,18,358,396,66,
75362325,Country Edge MHC,412,362,209,23,358,380,66,
77054189,Singing Pines,41,362,209,41,358,386,66,
77052019,Taylor St Triplex,617 1/2,362,209,18,358,371,66,
70264872,Maple Run MHP,48,362,209,26,358,411,66,
77056275,Canada,LVJ7,362,209,20,358,398,66,
72389560,Westview Mobile Estates MHC,25,362,209,22,358,393,66,
72387879,Sunnyvale MHP,123,362,209,28,358,396,66,
75370401,Circle N Trailer Park,9,15085,254,30,358,365,66,
77058263,Sara Drive MHP,1001,362,209,30,357,369,66,
70260177,Alta Vista MHC,19,363,219,32,357,406,66,
72716097,Maple Run MHC,71,362,209,22,357,376,66,
77060095,Kingsbrook MHC,808MI,16022,260,30,356,351,66,
75372001,Southern Cross MHC,4,362,209,28,356,369,66,
70271307,Aurora MHC,117D,16022,260,39,356,344,66,
70262892,Stafford MHC,533,363,219,26,356,397,66,
75366151,Eastwood Hills MHC,EH28,362,209,31,356,376,66,
72383969,Green Acres MHC,12,362,209,25,356,386,66,
70268956,Whispering Pines Mobile Estates,217,16022,260,17,356,359,66,
75370047,Fair Meadows MHC,141,16022,260,32,356,353,66,
75364313,Oakwood MHP,23,16022,260,24,356,369,66,
65829510,Estancia MHP,11,16128,295,30,355,369,100,93
77053926,Fair Meadows MHC,250,16022,260,32,355,358,66,
70261654,Aurora MHC,166,16022,260,29,355,342,66,
77059824,Maple Run MHP,95,362,209,32,355,383,66,
72390410,Canada,LVC9,362,209,24,355,400,66,
72714662,Patrick 5YR,1,362,209,27,355,351,66,
72715578,Alta Vista MHC,58,363,219,27,355,416,66,
75363620,Kingsbrook MHC,783EL,16022,260,18,355,358,66,
75373199,Trans Canada,LVA4,362,209,28,355,394,66,
70260458,Lakeroad Village RV Park,51,362,209,24,354,384,66,
70271133,Sara Drive MHP,1008,362,209,29,354,365,66,
72388430,Westview Mobile Estates MHC,111,362,209,18,354,384,66,
72381062,Mountaineer Village MHC,12,15085,254,23,354,386,66,
70260961,Maple Run MHP,141,362,209,18,353,383,66,
70267321,Maple Run MHP,44,362,209,18,353,357,66,
72387937,Westview Mobile Estates MHC,236,362,209,38,353,374,66,
75366821,Hydetown Mobile Estates,22,15091,255,18,353,390,66,
72381104,Carolina Springs MHP,CSP92-1709-GILMOREST,362,209,17,353,372,66,
72384504,Flower Mound MHC,13,362,209,30,353,363,66,
72723507,Mill Creek Estates,536V,363,219,21,353,385,66,
77055459,Aurora MHC,203,16131,296,35,353,343,100,91
65824040,Estancia MHP,149,15147,256,19,353,357,66,
70266539,Lakeroad Village RV Park,25,362,209,27,352,363,66,
65829130,Sara Drive MHP,1010,362,209,17,352,378,66,
72718275,Oak Grove MHC,N,362,209,30,352,371,66,
70265473,Estancia MHP,3,15147,256,24,352,388,66,
70259328,Maple Run MHP,101,362,209,22,352,364,66,
70273337,Coleman Village,161,15154,260,23,352,343,66,
65830443,Parkway MHC,46,16022,260,26,352,352,66,
72379801,Stafford MHC,338,16022,260,30,352,353,66,
70272248,Mountaineer Village MHC,42,15085,254,23,352,364,66,
75375004,Parkwood,3366DONNA,16022,260,32,352,346,66,
75373736,Parkwood,5188JUSTIN,16022,260,22,352,359,66,
77059022,Paradise Village Cooperative MHC,35,15154,260,17,351,353,66,
70268642,Oaklawn Park HOA,2629EOC,15090,254,19,351,353,66,
72392663,Westview Mobile Estates MHC,104,362,209,25,351,360,66,
72378266,Westview Mobile Estates MHC,3,362,209,24,351,382,66,
70272818,Maple Run MHP,140,362,209,30,351,362,66,
75364032,Estancia MHP,76,15147,256,24,351,378,66,
72716667,Eastwood Hills MHC,EH92,362,209,33,351,366,66,
72724117,Estancia MHP,164,15147,256,18,351,356,66,
72391467,Whispering Pines Mobile Estates,119,362,209,18,351,369,66,
75361228,Estancia MHP,26,15147,256,35,351,383,66,
65826342,Estancia MHP,101,15147,256,37,350,359,66,
65823075,Estancia MHP,43,15147,256,26,350,365,66,
77028696,Canada,B21TC,362,209,25,350,384,66,
72714639,Azulejo,204,362,209,18,350,373,66,
70270507,Maple Run MHP,41,362,209,18,350,380,66,
77041335,Canada,LVB9,362,209,24,350,360,66,
72389339,Canada,E1TC,362,209,33,350,367,66,
72380601,La Comunidad MHC,37,362,209,22,350,513,66,
72717202,Estancia MHP,171,15147,256,23,350,352,66,
75370807,Kay Lou MHC,2610-I,16131,296,30,350,389,100,88
65831771,Oakwood MHP,20,16022,260,18,349,352,66,
65822119,TN4,1257 E Center,362,209,25,349,346,66,
72388158,Stafford MHC,503,363,219,25,349,369,66,
72384983,Pleasant Acres,46,16131,296,25,349,367,100,47
75372621,Oaklawn Park HOA,3480SOC,15090,254,37,349,362,66,
65825294,Eastwood Hills MHC,TR305,362,209,41,348,355,66,
72721147,Green Acres MHC,4,362,209,33,348,362,66,
77060061,Alta Vista MHC,56,363,219,23,348,390,66,
72717376,Needham MHP,22,362,209,35,348,372,66,
77059592,PW2,3130CHARI,16022,260,26,348,350,66,
70261605,Aurora MHC,11,16022,260,24,348,338,66,
70269053,Maple Run MHP,8,362,209,18,348,376,66,
72386467,Westview Mobile Estates MHC,203,362,209,21,348,376,66,
72383563,Stafford MHC,238,16022,260,41,348,370,66,
75374007,Oaklawn Park HOA,3527SOC,15090,254,23,348,346,66,
72391343,Ibiza Village2,6,17037,344,41,348,353,100,169
72723127,Eastwood Hills MHC,EH227B,16022,260,30,348,360,66,
77056689,Canada,LVC5,362,209,21,347,353,66,
72722673,Southern Cross MHC,3,362,209,21,347,381,66,
72386350,Stafford MHC,235,363,219,32,347,379,66,
77059683,Maple Run MHP,129,362,209,17,347,360,66,
77059915,Maple Run MHP,83,362,209,29,347,370,66,
70262116,Whispering Pines Mobile Estates,201,362,209,18,347,392,66,
72391939,Carolina Springs MHP,CSP153-114-LOUCADACT,362,209,28,347,367,66,
72387481,Oaklawn Park HOA,2622EOD,15090,254,20,347,403,66,
70270960,Brighton Court MHP,15,15090,254,24,347,346,66,
72715099,Eastwood Hills MHC,EH6,362,209,36,347,370,66,
75362366,Lake of the Pines Community Association,2210-CLR,15154,260,17,347,352,66,
75362812,Oaklawn Park HOA,2621EOC,15090,254,23,347,375,66,
72719950,Oaklawn Park HOA,3503SOC,15090,254,17,347,384,66,
65831417,Sara Drive MHP,1032,362,209,21,346,355,66,
77056747,Shady Grove,2018-03,362,209,31,346,354,66,
77042119,PW2,3102LINDA,16022,260,19,346,335,66,
72391962,Westview Mobile Estates MHC,227,362,209,23,346,375,66,
72385550,Carolina Springs MHP,CSP115-391-BAINBRIDGECT,362,209,17,346,398,66,
72385493,Backwater MHC,13,17037,344,38,346,327,100,127
72384728,Lakeroad Village RV Park,4,362,209,37,346,377,66,
75370237,Oaklawn Park HOA,2643EOD,15090,254,24,346,372,66,
72381302,Whispering Pines Mobile Estates,136,362,209,27,346,362,66,
79460794,Broken Arrow MHP,6120-198TH-ST,17037,344,44,346,375,100,295
65824792,Forest at Sherman MHC,62,362,209,27,345,347,66,
72392515,Stafford MHC,170,363,219,28,345,356,66,
70268709,Whispering Pines Mobile Estates,234,362,209,22,345,380,66,
70266158,Backwater MHC,19,17032,344,41,345,336,100,254
72382052,Maple Run MHP,81,362,209,18,345,385,66,
72380379,Sunnyvale MHP,112,362,209,21,345,410,66,
75363232,Highlands MHC,6,16022,260,26,345,351,66,
72381724,La Comunidad MHC,90,362,209,41,345,366,66,
65822457,Sara Drive MHP,1009,362,209,23,344,369,66,
65830138,Estancia MHP,131,15147,256,32,344,354,66,
65830286,Oaklawn Park HOA,3590SOC,15090,254,29,344,355,66,
75360238,Paradise Village Cooperative MHC,10,15154,260,24,344,349,66,
70260748,Montgomery St Duplex,2,362,209,30,344,362,66,
72720842,Roosevelt MHC,N,16185,314,35,344,350,100,100
75370955,Noble Estates MHC,501,17037,344,32,344,311,100,4528
65828728,Browns MHP,5,15154,260,23,343,357,66,
77054403,Canada,LVB25,362,209,22,343,382,66,
77054668,Alta Vista MHC,14,363,219,23,343,370,66,
70265416,Oaklawn Park HOA,3454SOC,15090,254,34,343,411,66,0
72714241,Eastwood Hills MHC,EH66,362,209,37,343,364,66,
70268428,Coleman Village,180,15154,260,22,342,359,66,
72388026,Canada,C18TC,362,209,18,342,378,66,
77054692,Canada,B5TC,362,209,32,342,382,66,
70269020,Flower Mound,6,362,209,32,342,353,66,
72721329,Maple Run MHC,73,362,209,19,342,376,66,
72724125,Estancia MHP,74,15147,256,27,342,367,66,
79462642,Ibiza Village,16,17028,343,44,342,343,100,275
65824347,Estancia MHP,127,15147,256,31,341,357,66,
72718291,Azulejo,702,362,209,23,341,382,66,
72717137,Azulejo,801,362,209,23,341,368,66,
72389636,Stafford MHC,125,363,219,33,341,376,66,
72387358,Whispering Pines Mobile Estates,216,362,209,29,341,361,66,
72714944,Freedom MHP,59,363,219,24,341,346,66,
75372696,Big Country Mobile Home & RV Park,3500-E,16130,296,20,341,343,100,47
77057463,Canada,LVC2,362,209,18,340,358,66,
77059543,Oaklawn Park HOA,3592SOC,15090,254,23,340,355,66,
70262314,Carolina Springs MHP,CSP89-1708-GILMOREST,362,209,18,340,380,66,
72721261,Eastwood Hills MHC,EH55,362,209,30,340,359,66,
72722244,Eastwood Hills MHC,EH85,362,209,34,340,347,66,
75361947,Mill Creek Estates,354U,363,219,18,340,366,66,
72719422,Estancia MHP,75,16022,260,38,340,324,66,
70270671,High Street,5,15147,256,20,339,344,66,
70268568,Maple Run MHP,63,362,209,22,339,374,66,
79463434,Lake Charles Duplexes,870B,16022,260,35,339,352,66,
72384413,Stafford MHC,514,363,219,26,339,394,66,
72714878,Maple Run MHC,88,362,209,18,339,377,66,
65825559,Estancia MHP,83,15147,256,35,339,335,66,
77052274,Aurora MHC,19,16022,260,21,338,343,66,
70261860,Aurora MHC,12,16022,260,25,338,330,66,
70269632,Maple Run MHP,136,362,209,22,338,359,66,
70270341,Coleman Village,153,15154,260,22,338,344,66,
72392135,Stafford MHC,562,363,219,35,338,373,66,
72385188,Kachina,16,362,209,20,338,369,66,
72379074,Carolina Springs MHP,CSP25-1728-GIBSONST,362,209,23,338,342,66,
77054270,Roper Center Commercial Bldg,27,15090,254,25,338,374,66,
70273576,Whispering Pines Mobile Estates,215,16022,260,23,338,331,66,
72721253,Eastwood Hills MHC,TR325,362,209,23,338,355,66,
70267891,Estancia MHP,170,15147,256,30,338,373,66,
65830708,Oaklawn Park HOA,3407SOC,15090,254,22,337,342,66,
75374791,Paradise Village Cooperative MHC,23,15154,260,22,337,364,66,
70267552,Eastwood Hills MHC,EH103,362,209,29,337,372,66,
72387754,Roper Center Commercial Bldg,35,15090,254,22,337,376,66,
72387630,Flower Mound MHC,33,362,209,39,337,368,66,
72387606,Sunnyvale MHP,110,362,209,18,337,344,66,
70266810,Terrace on the Greens,19,362,209,25,337,360,66,
75363315,Oaklawn Park HOA,3436SOC,15090,254,17,337,355,66,
72717756,Oaklawn Park HOA,3370SOC,15090,254,23,337,351,66,
65830385,Alta Vista MHC,44,16131,296,20,337,334,100,31
65831185,Oaklawn Park HOA,2617EOC,15090,254,33,336,330,66,
75360428,Coleman Village MHC,144,15154,260,26,336,331,66,
70261688,Sara Drive MHP,1006,362,209,22,336,360,66,
70263205,Whispering Pines Mobile Estates,510,362,209,17,336,349,66,
72380684,Grand Central MHP,1893,16022,260,28,336,326,66,
72723192,Freedom MHP,48,16022,260,26,336,340,66,
75361772,Mill Creek Estates,545V,363,219,17,336,362,66,
75368447,Parkwood,3126LINDA,16022,260,26,336,333,66,
70266190,Lakeroad Village RV Park,6,362,209,26,335,364,66,
77061515,Canada,F10ATC,362,209,33,335,358,66,
70273071,Carolina Springs MHP,CSP137-1839-BLAKEST,362,209,20,335,359,66,
70266273,Dorr Drive MHP,2,15085,254,24,335,359,66,
77054205,Papa Ken,MAIN,362,209,39,335,364,66,
75363117,Oaklawn Park HOA,3420SOC,15090,254,25,335,353,66,
79460539,Parkwood,3362DONNA,16022,260,23,335,350,66,
65829171,Fair Meadows MHC,190,16022,260,35,334,329,66,
70270242,High Street,4,15147,256,22,334,323,66,
70259658,Aurora MHC,161,16022,260,21,334,342,66,
72390766,Whispering Pines Mobile Estates,412,362,209,18,334,361,66,
72387192,Canada,B11TC,362,209,23,334,353,66,
75374049,Estancia MHP,25,15147,256,26,334,349,66,
72714506,Alta Vista MHC,39,363,219,35,334,379,66,
65827688,Estancia MHP,129,15147,256,18,333,335,66,
70269392,Maple Run MHP,42,362,209,17,333,370,66,
72388885,Fair Meadows MHC,202,16022,260,22,333,336,66,
77036871,Canada,LVA21,362,209,25,333,361,66,
70259229,Whispering Pines Mobile Estates,712,362,209,21,333,357,66,
70272834,Carolina Springs MHP,CSP138-1837-BLAKEST,362,209,23,333,333,66,
72379298,La Comunidad MHC,1,362,209,31,333,352,66,
72379058,La Comunidad MHC,110,362,209,33,333,360,66,
72378647,Whispering Pines Mobile Estates,236,362,209,21,333,359,66,
65822440,Sara Drive MHP,1045,362,209,32,332,349,66,
65831391,Forest at Sherman MHC,92,362,209,39,332,346,66,
65827001,Estancia MHP,34,15147,256,29,332,336,66,
65829924,Sara Drive MHP,1024,362,209,34,332,334,66,
77058016,Oaklawn Park HOA,3428SOC,15090,254,20,332,344,66,
77060046,Canada,B13TC,16022,260,23,332,336,66,
72714100,103 West Broadway,117-3,362,209,35,332,342,66,
70265366,High Street,9,15147,256,17,332,349,66,
72392960,Stafford MHC,162,363,219,28,332,366,66,
72384256,Sunnyvale MHP,120,362,209,18,332,335,66,
72380338,Grand Central MHP,2,15090,254,26,332,359,66,
75373777,Estancia MHP,151,15147,256,29,332,331,66,
75362556,Mill Creek Estates,388L,363,219,17,332,359,66,
68588126,PW2,5188JOHN,16022,260,19,331,335,66,
77057661,Kingsbrook MHC,782AM,16022,260,25,331,327,66,
70258387,Aurora MHC,261,16022,260,23,331,330,66,
70265812,Maple Run MHP,97,362,209,18,331,387,66,
70264237,Ontario Place MHC,1,16022,260,17,331,362,66,
77055046,Canada,LVB4,362,209,17,331,337,66,
65831292,Aurora MHC,6,16131,296,25,331,323,100,85
72387549,Grand Central MHP,10,15090,254,29,331,342,66,
72387671,Grand Central MHP,15,16022,260,33,331,326,66,
72381625,Fair Meadows MHC,255,16022,260,18,331,347,66,
72714928,Big Country Mobile Home & RV Park,3609-D,16130,296,25,331,337,100,117
75367175,Oaklawn Park HOA,3350SOC,15090,254,24,331,341,66,
75374858,Paradise Village Cooperative MHC,4,15154,260,26,330,338,66,
77061648,Canada,LVA22,362,209,32,330,421,66,
70271067,Oaklawn Park HOA,3343SOC,15090,254,23,330,348,66,
77059196,PW2,3246MARY,16022,260,35,330,327,66,
72722806,Estancia MHP,71,15147,256,28,330,348,66,
72381823,Whispering Pines Mobile Estates,604,362,209,18,330,327,66,
72378746,Carolina Springs MHP,CSP118-1741-GILMOREST,362,209,32,330,356,66,
72715701,Eastwood Hills MHC,TR338,16022,260,33,330,344,66,
77041368,Oaklawn Park HOA,3491SOC,15090,254,28,329,356,66,
70258569,Aurora MHC,121,16022,260,18,329,348,66,
70268543,Coleman Village,164,15154,260,25,329,334,66,
72723614,Stafford MHC,219,16022,260,26,329,334,66,
70261548,La Comunidad MHC,47,362,209,27,329,370,66,
65824289,The Oaks MHC,4,16131,296,35,328,342,100,103
65830013,Parkway MHC,39,16022,260,26,328,317,66,
75373413,Paradise Village Cooperative MHC,3,15154,260,29,328,340,66,
70266729,Aurora MHC,262,16022,260,26,328,326,66,
77059766,PW2,3126CHARI,16022,260,22,328,321,66,
72380122,Westview Mobile Estates MHC,239,362,209,17,328,348,66,
72381948,Mountaineer Village MHC,23,15085,254,22,328,370,66,
72379330,Mountaineer Village MHC,6,15085,254,17,328,315,66,
77055616,Canada,LVA2,362,209,18,328,348,66,
72722814,Parker MHC,43,362,209,32,328,344,66,
75361491,Estancia MHP,64,15147,256,28,328,341,66,
70262595,Browns MHP,41,15154,260,41,327,330,66,
72388547,Stafford MHC,305,16131,296,30,327,317,100,138
72386020,Canada,LVB3,362,209,41,327,361,66,
72722335,Midtown MHP,7,15090,254,26,327,360,66,
75368355,Estancia MHP,23,15147,256,26,327,335,66,
72722277,Maple Run MHC,109,362,209,22,327,349,66,
65824222,Lantana Trail,3612-1,15154,260,25,326,329,66,
77054882,Aurora MHC,199,16022,260,28,326,334,66,
70271281,Forest at Sherman MHC,67,362,209,30,326,346,66,
70258627,Stafford MHC,574,363,219,30,326,364,66,
70263577,Carolina Springs MHP,CSP80-1744-GILMOREST,362,209,21,326,362,66,
70262900,Mountaineer Village MHC,8,15085,254,24,326,366,66,
75372431,Estancia MHP,116,15147,256,28,326,366,66,
75372506,Oaklawn Park HOA,3408SOC,15090,254,27,326,385,66,
75367118,Oaklawn Park HOA,2641EOD,15090,254,20,326,325,66,
72718598,Westmoreland,400-D,15154,260,27,325,298,66,
72381906,Carolina Springs MHP,CSP128-1885-BLAKEST,16022,260,32,325,322,66,
72378985,Fair Meadows MHC,136,16022,260,32,325,320,66,
65824909,Alta Vista MHC,6,363,219,23,324,376,66,
65829155,Forest at Sherman MHC,82,362,209,36,324,345,66,
77057174,Downtown Metro,203,362,209,35,324,348,66,
77056135,Parkway MHC,20,16022,260,18,324,320,66,
72387002,La Comunidad MHC,87,362,209,21,324,335,66,
72722178,Wildwood Estates MHC,A11,362,209,33,324,344,66,
72723986,Oaklawn Park HOA,2618EOC,15090,254,21,324,351,66,
72386731,Stafford MHC,135,16131,296,40,324,334,100,164
70273014,Mountaineer Village MHC,11,15085,254,18,323,316,66,
72383738,Whispering Pines Mobile Estates,214,16131,296,30,323,311,100,84
72378563,Flower Mound MHC,34,362,209,33,323,326,66,
72714647,Paradise Village Cooperative MHC,32,15154,260,17,323,331,66,
75374668,Midtown MHP,3,15090,254,21,323,335,66,
79463632,Virginia Beach,191,17037,344,38,323,313,100,130
72715065,Azulejo,1003,362,209,23,322,357,66,
70258437,Maple Run MHP,131,362,209,30,322,350,66,
72381187,Whispering Pines Mobile Estates,715,362,209,26,322,343,66,
70262132,Carolina Springs MHP,CSP130-1877-BLAKEST,362,209,17,322,350,66,
70260490,East Barre MHP,6,362,209,28,322,324,66,
72381153,Maple Run MHP,104,362,209,22,322,344,66,
72716568,Wildwood Estates MHC,A1,362,209,39,322,338,66,
79460588,Oaklawn Park HOA,3596SOC,15090,260,23,322,324,66,
75370351,Oaklawn Park HOA,3551SOC,15090,254,28,322,345,66,
75368546,Estancia MHP,24,15147,256,32,322,310,66,
65822895,Shenandoah Dr Triplex,11,362,209,24,321,332,66,
65825880,Sara Drive MHP,1041,362,209,29,321,341,66,
77060129,Parkway MHC,55,16022,260,25,321,318,66,
70269731,Oaklawn Park HOA,3426SOC,15090,254,24,321,335,66,
72379470,Whispering Pines Mobile Estates,803,362,209,18,321,351,66,
70269715,Flower Mound,5,362,209,28,321,338,66,
65830906,Oakwood MHP,42,16022,260,23,320,324,66,
77055517,Downtown Metro,103,362,209,33,320,330,66,
75365690,Fair Meadows MHC,286,16022,260,32,320,312,66,
72385535,Kachina,10,362,209,25,320,361,66,
70269400,Sunnyvale MHP,111,362,209,22,320,347,66,
72718861,Parker MHC,5,362,209,32,320,345,66,
72718200,Freedom MHP,54,363,219,29,320,338,66,
75370559,Oaklawn Park HOA,3345SOC,15090,254,26,320,348,66,
65831706,Oakwood MHP,12,16022,260,17,319,306,66,
77059899,Parkway MHC,60,16022,260,24,319,317,66,
70267115,Estancia MHP,159,15147,256,33,319,339,66,
72388992,Stafford MHC,143,363,219,23,319,361,66,
70266505,Carolina Springs MHP,CSP114-390-BAINBRIDGECT,362,209,30,319,339,66,
75371458,Oaklawn Park HOA,2634EOD,15090,254,23,319,366,66,
72723648,Oaklawn Park HOA,3469SOC,15090,254,18,319,349,66,
77056549,Aurora MHC,176,16022,260,24,319,322,66,
79463137,Fair Lane MHC,21,16131,296,45,318,323,100,283
77029082,Kingsbrook MHC,3201W,16131,296,25,318,317,100,77
79465850,Paradise Village Cooperative MHC,33,15154,260,17,318,330,66,
75372381,Estancia MHP,139,15147,256,26,318,343,66,
72714654,Lake of the Pines Community Association,107-ASP,16022,260,17,318,328,66,
77057786,Forest at Sherman MHC,57,362,209,39,317,322,66,
77055301,Canada,LVJ5,362,209,21,317,344,66,
70265044,Kingsbrook MHC,760FA,16022,260,18,317,313,66,
70267636,Coleman Village,106,15154,260,30,317,316,66,
75372159,Oaklawn Park HOA,3372SOC,15090,254,30,317,338,66,
65831722,Fair Meadows MHC,6155,16022,260,26,316,321,66,
65822556,Estancia MHP,88,15147,256,30,316,324,66,
72382425,Westview Mobile Estates MHC,217,362,209,22,316,344,66,
72382821,Canada,F16TC,16022,260,41,316,312,66,
65823737,Aurora MHC,122,16022,260,17,316,325,66,
70261670,Mountaineer Village MHC,43,15085,254,31,316,333,66,
72716618,Eastwood Hills MHC,EH94,362,209,18,316,336,66,
70266919,Parker MHC,16,362,209,41,316,336,66,
65823042,Sara Drive MHP,1038,362,209,17,315,322,66,
65825930,PW2,3122LINDA,16022,260,22,315,331,66,
72724430,Paradise Village Cooperative MHC,1,15154,260,18,315,326,66,
77054387,Fowler Apts MF,501,362,209,37,315,379,66,
70270788,Flower Mound,3,362,209,37,315,327,66,
70272438,Eastwood Hills MHC,EH208B,362,209,32,315,325,66,
72722079,Mountaineer Village MHC,25,15085,254,24,315,351,66,
75367142,Lake of the Pines Community Association,2321-WDC,15155,260,22,315,330,66,
72722798,Needham MHP,2 ,362,209,18,314,333,66,
72389156,Stafford MHC,563,16022,260,35,314,313,66,
72717541,Eastwood Hills MHC,EH49,362,209,30,314,335,66,
72716311,Kay Bee Mobile Villa MHP,64,16131,296,20,314,310,100,137
75361582,Oaklawn Park HOA,3547SOC,16022,260,24,314,301,66,
65822010,Estancia MHP,133,15147,256,32,313,325,66,
70260623,Aurora MHC,27,16022,260,17,313,316,66,
70261886,Estancia MHP,111,15147,256,25,313,323,66,
70259427,PW2,3122CHARI,16022,260,18,313,306,66,
65825302,Aurora MHC,133,16022,260,24,313,317,66,
77053900,Canada,LVB7,362,209,28,313,323,66,
72718762,Wildwood Estates MHC,48,362,209,26,313,341,66,
65822788,Parkway MHC,2,16022,260,41,312,307,66,
70268394,Maple Run MHP,30,362,209,23,312,334,66,
77055020,Canada,LVB2,362,209,22,312,350,66,
72379488,Broadway MHP DesMoines,19,17037,344,44,312,295,100,252
72722889,Eastwood Hills MHC,EH80,362,209,41,312,325,66,
72719976,Kay Bee Mobile Villa MHP,96,16131,296,25,312,315,100,103
72713771,Estancia MHP,126,15147,256,29,312,354,66,
70272651,Wildwood Village MHC,20,362,209,32,312,303,66,
75373322,Estancia MHP,132,15147,256,32,312,329,66,
65826292,PW2,3394DONNA,16022,260,17,311,310,66,
65828314,W Poplar St Triplex,2,362,209,25,311,324,66,
72383514,Westview Mobile Estates MHC,13,362,209,18,311,312,66,
70263510,Whispering Pines Mobile Estates,541,362,209,23,311,341,66,
77058529,Canada,LVA8,362,209,21,311,345,66,
70268246,Sunnyvale MHP,128,362,209,17,311,341,66,
72381450,La Comunidad MHC,29,16022,260,25,311,311,66,
72714381,Eastwood Hills MHC,EH29,362,209,30,311,328,66,
75363745,Oaklawn Park HOA,2633EOC,15090,254,19,311,336,66,
65823067,Eastwood Hills MHC,EH69,362,209,33,310,316,66,
72385907,Stafford MHC,215,363,219,41,310,298,66,
72387382,Flower Mound MHC,26,362,209,28,310,340,66,
75364966,Midtown MHP,4,15090,254,23,310,336,66,
72722145,Azulejo,1402,362,209,41,309,351,66,
70267719,Kingsbrook MHC,2607T,16022,260,24,309,307,66,
72719885,Kay Bee Mobile Villa MHP,39,16131,296,20,309,311,100,66
79462568,Backcountry MHC,44,16022,260,24,308,297,66,
65823851,Maple Run MHC,80,362,209,22,308,335,66,
77058602,Hydetown Mobile Estates,14,15091,255,18,308,345,66,
70263395,Estancia MHP,33,15147,256,26,308,336,66,
72379116,Whispering Pines Mobile Estates,531,362,209,25,308,373,66,
72391475,Carolina Springs MHP,CSP63-1824-GILMOREST,363,219,18,308,332,66,
72719786,Eastwood Hills MHC,EH56,362,209,37,308,299,66,
65826300,Oaklawn Park HOA,3340SOC,15090,254,23,307,325,66,
65827134,Canada,LVA18,362,209,18,307,346,66,
65828462,Parkway MHC,54,16022,260,28,307,325,66,
77041350,Canada,LVB8,362,209,20,307,344,66,
72379678,La Comunidad MHC,28A,362,209,32,307,310,66,
75362879,Estancia MHP,161,15147,256,35,307,298,66,
65827159,Oaklawn Park HOA,3326SOC,15090,254,21,306,311,66,
72390477,Parkway MHC,63,16022,260,25,306,307,66,
72392242,Stafford MHC,511,363,219,33,306,331,66,
72382557,Westview Mobile Estates MHC,106,362,209,19,306,306,66,
72390543,Westview Mobile Estates MHC,232,362,209,18,306,303,66,
72384132,Green Acres MHC,16,362,209,33,306,316,66,
72716386,Maple Run MHC,114,362,209,23,306,328,66,
70267032,Maple Run MHP,127,362,209,26,306,321,66,
75369031,Parkwood,3364-DONNA,16022,260,18,306,321,66,
70271372,Fair Meadows MHC,270,16022,260,23,305,313,66,
70270614,Stafford MHC,350,363,219,26,305,327,66,
65831896,Wildwood Village MHC,5,362,209,30,304,320,66,
77054064,Canada,LVB12,362,209,22,304,341,66,
70264716,Maple Run MHC,33,362,209,19,304,331,66,
70260599,Kay Bee Mobile Villa MHP,78,16131,296,25,304,299,100,100
72382342,176 N Highland Ave,FLOOR2,16022,260,36,304,306,66,
75361442,Oaklawn Park HOA,3349SOC,15090,254,19,304,314,66,
72391228,Carolina Springs MHP,CSP2-1794-GIBSONST,362,209,30,303,312,66,
72720172,Wildwood Estates MHC,36,362,209,21,303,330,66,
72714233,Wildwood Estates MHC,9,362,209,28,303,321,66,
72713839,Estancia MHP,110,16022,260,22,303,317,66,
77061010,Aurora MHC,216,16022,260,30,302,310,66,
77058032,Arizona Manor,8,362,209,24,302,297,66,
77057380,Oaklawn Park HOA,3374SOC,15090,254,31,302,308,66,
77061085,Canada,LVD4,362,209,20,302,327,66,
70271125,Maple Run MHP,37,362,209,17,302,313,66,
75360543,Roosevelt MHC,2,16185,314,40,302,297,100,196
65827852,Sara Drive MHP,1036,362,209,18,301,304,66,
77029629,Aurora MHC,156,16022,260,17,301,295,66,
77059832,Maple Run MHP,85,362,209,21,301,317,66,
65822846,Estancia MHP,104,15147,256,41,300,299,66,
70269921,Aurora MHC,175,16022,260,41,300,298,66,
70258940,Aurora MHC,165,16022,260,24,300,303,66,
70266935,PW2,3135LINDA,16022,260,17,300,295,66,
70265754,Carolina Springs MHP,CSP86-1720-GILMOREST,362,209,19,300,331,66,
70260615,Flower Mound MHC,35,362,209,26,300,336,66,
70265424,Shenandoah Dr Triplex,12,362,209,34,300,312,66,
72721618,Eastwood Hills MHC,EH95,362,209,30,300,299,66,
75369064,Trans Canada,LVA13,362,209,26,300,311,66,
65824370,PW2,3119LINDA,16022,260,17,299,295,33,
70271398,High Street,6,15147,256,20,299,319,33,
77056127,Canada,LVB13,362,209,18,299,351,33,
70271737,Maple Run MHC,102,362,209,19,299,317,33,
70268071,Maple Run MHP,124,362,209,18,299,309,33,
77061184,Eastwood Hills MHC,TR301,362,209,30,299,320,33,
72724000,Estancia MHP,57,15147,256,28,299,320,33,
79460885,Fair Lane MHC,24,15154,260,27,298,301,33,
77056028,Paradise Village Cooperative MHC,2,15154,260,18,298,292,33,
75371912,Highlands MHC,3A,362,209,23,298,309,33,
75366565,Paradise Village Cooperative MHC,29,15154,260,26,298,300,33,
72389529,Stafford MHC,528,363,219,23,298,341,33,
70269038,La Comunidad MHC,78,362,209,24,298,325,33,
72383068,Whispering Pines Mobile Estates,500,362,209,27,298,322,33,
72714324,Kachina,9,362,0,0,297,325,0,
77036707,Canada,LVA11,362,209,22,297,328,33,
72388133,Stafford MHC,535,363,219,17,297,307,33,
72389123,Stafford MHC,150,16131,296,25,297,290,100,92
77057539,Singing Pines,31,362,209,24,296,287,33,
79455406,Blue Sky Village MHC,24,15154,260,25,296,295,33,
70270994,Maple Run MHP,126,362,209,29,296,311,33,
72387101,Stafford MHC,539,16131,296,30,296,309,100,141
75360741,Freedom MHP,105,363,219,23,296,307,33,
75361889,Estancia MHP,5,15147,256,21,296,301,33,
77041301,Oaklawn Park HOA,3511SOC,15090,254,22,295,310,33,
70261597,Maple Run MHP,66,362,209,18,295,322,33,
70268204,Kingsbrook MHC,683EL,16022,260,30,295,293,33,
70263916,Whispering Pines Mobile Estates,801,362,209,30,295,311,33,
70261563,Parker MHC,17,362,209,23,295,324,33,
70270838,Maple Run MHP,100,362,209,34,294,322,33,
70259070,Brighton Court MHP,9,15090,254,27,294,311,33,
75364008,Oaklawn Park HOA,3473SOC,15090,254,20,294,306,33,
72715883,Estancia MHP,177,15147,256,37,294,304,33,
75362762,Fair Meadows MHC,113,16022,260,18,294,295,33,
65823448,Fair Meadows MHC,251,16022,260,17,293,294,33,
75368983,Paradise Village Cooperative MHC,26,15154,260,17,293,312,33,
72716725,Eastwood Hills MHC,TR329,362,209,18,293,322,33,
72719083,Eastwood Hills MHC,EH26,362,209,23,293,314,33,
79460950,J&L MHP,1444,15154,260,24,293,288,33,
65830997,Westview Mobile Estates MHC,221,362,209,32,292,295,33,
65823521,Sara Drive MHP,1043,362,209,28,292,307,33,
65825203,Aurora MHC,148,16022,260,18,292,273,33,
75371730,Highlands MHC,4,362,209,20,292,290,33,
70261035,Whispering Pines Mobile Estates,137,362,209,22,292,312,33,
72391749,Suncrest Dr MF,8,362,209,27,292,268,33,
70267305,Maple Run MHP,62,362,209,41,292,321,33,
75373355,Estancia MHP,140,15147,256,31,292,290,33,
70259914,Parkway MHC,45,16022,260,25,291,304,33,
70267859,Deer Lake MHC,3,362,209,17,291,303,33,
72716402,Westmoreland,412,15154,260,23,291,292,33,
65825443,Suncrest Dr MF,5,362,209,24,290,306,33,
77029165,Canada,LVD3,362,209,17,290,328,33,
75370120,Hydetown Mobile Estates,38,16022,260,29,290,284,33,
65827209,Estancia MHP,156,15147,256,36,290,290,33,
65823729,Eastwood Hills MHC,EH76,362,209,31,289,299,33,
65827555,Sara Drive MHP,1028,362,209,25,289,284,33,
65831920,Estancia MHP,54 ,15147,256,33,289,308,33,
77058230,Oakwood MHP,79,16022,260,26,289,299,33,
65825419,Lakeview MHC,28,362,209,29,289,305,33,
77059600,Oaklawn Park HOA,3452SOC,15090,254,17,289,290,33,
72720354,Eastwood Hills MHC,EH59,362,209,21,289,309,33,
75372134,Forest at Sherman MHC,83,362,209,31,289,303,33,
70270861,Maple Run MHP,77,362,209,33,288,312,33,
72384926,PW2,3140LINDA,16022,260,30,288,293,33,
70271588,Aurora MHC,144,16022,260,19,288,294,33,
72724224,Eastwood Hills MHC,EH31,362,209,34,288,322,33,
68593134,Oaklawn Park HOA,3521SOC,15090,254,21,287,295,33,
68612850,Oaklawn Park HOA,3409SOC,15090,254,23,287,310,33,
68612587,PW2,5201JASON,16022,260,20,287,278,33,
70267867,Carolina Springs MHP,CSP100-1805-GILMOREST,362,209,23,287,303,33,
72717020,Backwater MHC,26-2OF2,17032,344,44,286,307,100,898
72392820,Parkway MHC,4,16022,260,26,286,272,33,
72379017,Flower Mound MHC,1,16022,260,35,286,280,33,
70271018,Eastwood Hills MHC,EH30,362,209,33,286,312,33,
75362994,Oaklawn Park HOA,3315SOC,15090,254,23,286,295,33,
72387127,Whispering Pines Mobile Estates,101A,362,209,23,286,281,33,
75366953,Shady Lane MHP,152 Shady Lane,17037,344,38,286,287,100,123
65822481,Sara Drive MHP,1031,362,209,33,285,292,33,
65830617,Sara Drive MHP,1040,362,209,31,285,292,33,
72386186,Stafford MHC,130,363,219,37,285,292,33,
77054718,Canada,LVJ6,362,209,20,285,286,33,
72719182,Stafford MHC,290,363,219,35,285,303,33,163
72392481,Stafford MHC,313,363,219,25,285,319,33,
72714779,Roosevelt MHC,134,16022,260,33,285,268,33,
70273105,Whispering Pines Mobile Estates,203,362,209,18,285,290,33,
79466627,Parkwood,3402DONNA,16022,260,17,285,287,33,
65825104,Westview Mobile Estates MHC,215,362,209,19,284,307,33,
77061549,Downtown Metro,202,362,209,28,284,283,33,
65824818,Parkway MHC,11,16022,260,28,284,306,33,
70270564,Maple Run MHP,108,362,209,0,284,300,33,
72378720,La Comunidad MHC,1A,362,209,18,284,307,33,
72723119,Eastwood Hills MHC,EH21,362,209,32,284,279,33,
72722871,Eastwood Hills MHC,EH78,362,209,34,284,306,33,
75371896,Highlands MHC,10,362,209,21,284,296,33,
70267263,Maple Run MHP,98,362,209,17,283,302,33,
72392689,East Barre MHP,4,362,209,41,283,282,33,
75369981,Oaklawn Park HOA,3430SOC,15090,254,18,283,293,33,
72717855,Relix Ridge,200N,362,209,22,283,302,33,
70261589,Aurora MHC,80,16022,260,30,282,295,33,
65825195,Forest at Sherman MHC,98,362,209,22,281,290,33,
75364396,Highlands MHC,7A,362,209,23,281,294,33,
75363562,Southern Cross MHC,17,16022,260,28,281,276,33,
72387564,Brighton Court MHP,7,15090,254,26,281,290,33,
65827076,Sara Drive MHP,1030,362,209,24,280,286,33,
65824560,Sara Drive MHP,1013,362,209,28,280,300,33,
70263650,Roosevelt MHC,130,16022,260,29,280,274,33,
72391053,Carolina Springs MHP,CSP129-1881-BLAKEST,362,209,21,280,270,33,
72389289,Whispering Pines Mobile Estates,211,16022,260,23,279,279,33,
72717178,Azulejo,103,362,209,23,278,332,33,
72392226,Canada,LVB23,362,209,18,278,297,33,
65824172,Estancia MHP,174,15147,256,21,277,269,33,
77051995,Fowler Apts MF,502,362,209,39,277,300,33,
77058685,Parkway MHC,49,16022,260,25,277,269,33,
70263007,North Creek Dr Duplex,8,362,209,25,277,296,33,
75364255,Oaklawn Park HOA,3383SOC,15090,254,21,277,290,33,
70273634,La Comunidad MHC,107,16022,260,39,276,276,33,
75369569,Oaklawn Park HOA,3347SOC,15090,254,24,276,301,33,
75365443,Highlands MHC,11,362,209,35,275,291,33,
77028860,Coleman Village MHC,124,15154,260,18,275,274,33,
70272297,Mountaineer Village MHC,26,15085,254,17,275,291,33,
65826680,Parkway MHC,18,16022,260,25,273,273,33,
77055418,Canada,F17TC,362,209,33,273,304,33,
72378480,Stafford MHC,266,16022,260,32,273,276,33,
72387390,Delaware St Quadplex,A,362,209,19,273,271,33,
72721428,Mountaineer Village MHC,44,15085,254,29,273,300,33,
75363687,Wildwood Estates MHC,A2,362,209,26,273,305,33,
77029363,Eastwood Hills MHC,EH74,362,209,34,272,295,33,
75372993,Stafford MHC,366,363,219,18,272,286,33,
72715503,Eastwood Hills MHC,EH64,362,209,33,272,286,33,
79462808,J&L MHP,1441,15154,260,17,270,265,33,
75369932,Midtown MHP,2,15090,254,22,270,301,33,
75363224,Oaklawn Park HOA,3519SOC,15090,254,24,270,293,33,
77051987,Aurora MHC,177,16022,260,25,270,269,33,
77060079,Canada,E5TC,362,209,17,269,289,33,
70269517,Mountaineer Village MHC,13,15085,254,20,269,263,33,
65825807,Estancia MHP,166 ,15147,256,32,268,278,33,
65822283,Sara Drive MHP,1014,362,209,19,266,283,33,
72390485,Stafford MHC,349,363,219,28,266,283,33,
70270358,Sunnyvale MHP,113,362,209,24,266,296,33,
72716535,Eastwood Hills MHC,EH8,16131,296,30,265,261,100,258
72715586,Eastwood Hills MHC,EH210,362,209,21,265,288,33,
70268931,Paradise Village Cooperative MHC,21,15154,260,23,265,282,33,
77059659,Maple Run MHP,130,362,209,28,265,312,33,
77056093,Arizona Manor,11,362,209,28,264,276,33,
65824230,Aurora MHC,8,16022,260,23,264,262,33,
75362473,Fair Meadows MHC,109,16022,260,25,264,272,33,
72392002,Carolina Springs MHP,CSP94-1717-GILMOREST,16022,260,18,264,263,33,
70265937,Sunnyvale MHP,105,16131,296,20,264,254,100,53
72386061,Canada,A11TC,362,209,32,263,257,33,
75370435,Coleman Village MHC,156,15154,260,26,263,254,33,
65830534,Maple Run MHC,139,362,209,26,263,263,33,
75368991,Oakwood MHP,107,16022,260,24,263,269,33,
65830831,W Poplar St Triplex,3,362,209,31,262,269,33,
77054536,Canada,F18TC,362,209,17,262,282,33,
77056853,Eastwood Hills MHC,EH97,362,209,32,262,276,33,
70270754,PW2,5198JASON,16022,260,30,262,264,33,
70264807,Maple Run MHP,26,362,209,18,262,283,33,
75373645,Freedom MHP,38,363,219,25,262,272,33,
72715891,Wildwood Estates MHC,8,362,209,22,262,274,33,
72391574,Carolina Springs MHP,CSP121-390-RIVERBASINCT,362,209,20,261,290,33,
70266497,Mountaineer Village MHC,9,15085,254,27,261,288,33,
70259872,La Comunidad MHC,80,362,209,31,261,286,33,
75373652,Oaklawn Park HOA,3406SOC,15090,254,25,261,266,33,
65822168,Oaklawn Park HOA,3360SOC,15090,254,23,260,265,33,
70260862,PW2,3250MARY,16022,260,25,260,281,33,
70259492,Maple Run MHP,36,362,209,32,260,250,33,
77056895,Kingsbrook MHC,701GR,16131,296,35,260,258,100,101
72382037,Rustic Acres MHC,65,16185,314,25,260,259,100,72
70268758,La Comunidad MHC,89,16022,260,41,260,262,33,
72717673,Eastwood Hills MHC,TR333,362,209,25,260,281,33,
70267255,Kachina,18,16185,314,30,259,255,100,89
72387978,Sunnyvale MHP,115,16131,296,25,259,261,100,177
75365872,Mill Creek Estates,365L,363,219,25,259,280,33,
77053173,Carolina Springs MHP,CSP85-1724-GILMOREST,362,209,21,258,285,33,
72388976,Stafford MHC,276,363,219,18,257,295,33,
72390832,Carolina Springs MHP,CSP105-394-RIDGELINECT,16022,260,18,257,261,33,
72715214,Maple Run MHC,4,362,209,17,257,277,33,
77053355,TN4,1257.5 E Center,362,209,27,255,277,33,
75363968,Oaklawn Park HOA,3362SOC,15090,254,19,255,266,33,
70262488,Carolina Springs MHP,CSP132-1857-BLAKEST,362,209,31,254,289,33,
75373579,Oaklawn Park HOA,3451SOC,15090,254,21,254,288,33,
75361327,Oaklawn Park HOA,3387SOC,15090,254,32,254,269,33,
65826607,Aurora MHC,143,16022,260,17,254,273,33,
65822192,The Oaks MHC,40,16131,296,25,253,251,100,76
65827803,Sara Drive MHP,1016,362,209,18,252,264,33,
65831987,Sara Drive MHP,1025,16022,260,32,251,258,33,
72380577,La Comunidad MHC,122,362,209,20,251,293,33,
72720677,Riverview Apartments MF,APT34,17037,344,41,251,227,100,153
72714308,Eastwood Hills MHC,TR318,362,209,24,251,260,33,
75370229,Oaklawn Park HOA,3424SOC,15090,254,21,250,264,33,
72387523,Brighton Court MHP,3,15090,254,20,249,277,33,
72387721,Lakeroad Village RV Park,48,362,209,26,248,260,33,
72723887,Highlands MHC,7,362,209,32,248,268,33,
72379132,Coleman Village MHC,146,15154,260,27,248,244,33,
72720321,Oaklawn Park HOA,3404SOC,15090,254,25,248,253,33,
65826920,Sara Drive MHP,1015,362,209,33,247,252,33,
72383761,Stafford MHC,329,16022,260,41,247,260,33,
72388018,Suncrest Dr MF,7,362,209,25,247,251,33,
70266943,Maple Run MHP,47,362,209,22,246,281,33,
72722632,Wildwood Estates MHC,46,362,209,31,246,262,33,
72724539,Eastwood Hills MHC,EH3,362,209,29,246,257,33,
72393000,Canada,LVC10,362,209,23,245,262,33,
65831490,Sara Drive MHP,1047,362,209,26,244,261,33,
70259922,Coleman Village,109,15154,260,23,244,245,33,
72722855,Maple Run MHC,115,362,209,18,244,244,33,
75371078,Oaklawn Park HOA,3429SOC,15090,254,18,244,249,33,
77054627,Carolina Springs MHP,CSP106-390-RIDGELINECT-2OF2,17037,344,44,243,252,100,266
70270606,Kingsbrook MHC,768AM,16022,260,41,243,228,33,
72392887,Stafford MHC,303,363,219,26,242,307,33,
75373470,Mission Apartments,8914,16131,296,45,242,249,100,387
70270028,Maple Run MHP,91,362,209,0,242,252,33,
79466395,Hillview MHC,29,17037,344,44,242,247,100,290
65830872,Suncrest Dr MF,6,362,209,24,240,255,33,
70261746,Aurora MHC,141A,16022,260,17,240,239,33,
77058214,Fair Meadows MHC,254,16022,260,41,238,240,33,
72717210,Freedom MHP,44,363,219,23,237,246,33,
70265309,Maple Run MHP,99,16022,260,17,236,259,33,
70262009,Oakwood MHP,102,16022,260,19,236,222,33,
65829494,Forest at Sherman MHC,65,362,209,41,234,239,33,
72380114,Flower Mound,2,362,209,22,234,263,33,
77058305,Alta Vista MHC,22,363,219,21,230,238,33,
70264005,Aurora MHC,193,16022,260,41,227,211,33,
70271893,Eastwood Hills MHC,TR331,362,209,30,227,237,33,
72718069,Needham MHP,14,362,209,22,226,235,33,
70263122,Aurora MHC,25,16022,260,29,225,225,33,
72718770,103 West Broadway,117-1,362,209,41,223,245,33,
70262207,Oakwood MHP,83,16022,260,21,223,227,33,
77059428,PW2,3365DONNA,16022,260,32,222,210,33,
72722491,Oaklawn Park HOA,3346SOC,15090,254,27,220,227,33,
75367811,Oaklawn Park HOA,3330SOC,15090,254,26,220,243,33,
72720529,Kay Bee Mobile Villa MHP,1,16131,296,35,218,211,100,304
72718010,Kingsbrook MHC,117AB,16022,260,30,215,214,33,
70266695,Flower Mound MHC,21,362,209,41,214,215,33,
70273394,Aurora MHC,187,16185,314,30,205,198,100,105
75374155,Roosevelt MHC,68,16185,314,50,200,180,100,135
70264781,Maple Run MHP,96,362,209,41,195,230,33,
70272206,La Comunidad MHC,8,16185,314,35,179,178,100,398
70272396,Estancia MHP,178,15147,256,41,137,150,33,
75365104,Parkwood,3368DONNA,17037,344,55,114,100,0,0
72378605,Ponderosa MHC,45,17037,344,55,95,98,66,14163
77058644,Canada,B8TC,16022,260,41,91,94,0,
70259518,Piney Park,69,16185,314,55,90,99,66,10432
75365054,Haven MHP,6,16131,296,55,86,116,0,0
75370799,Roosevelt MHC,150,16022,260,41,38,37,0,
75372233,Roosevelt MHC,82,16185,314,45,34,44,66,10474
65828942,Fair Meadows MHC,177,16022,260,41,25,28,0,
65831318,Opekiska St Duplex,A,362,209,41,24,28,0,
72722640,Maple Run MHC,2,362,265,35,0,0,0,
