group,lever,serial,id,apt,tier,reported,draws,pos,neg,waterFlowDir_to_write
103 West Broadway,362/209,72714100,0d3c9ff0-d4c8-11f0-b691-d965a62fa4fa,117-3,PIN-B,FLIPPED,FLIPPED,215,1177,2
176 N Highland Ave,16022/260,77042051,52bbc040-26ce-11f0-8272-45e3ef110760,FIRSTSOUTH,PIN,FLIPPED,FLIPPED,7,1025,2
176 N Highland Ave,16022/260,72382342,5ab1ab40-8379-11f0-8b4a-0d0197d44616,FLOOR2,PIN,NOT FLIPPED,NOT FLIPPED,1769,156,1
8 OnElaine,15154/260,72718515,fb5b28c0-d7a0-11f0-b691-d965a62fa4fa,2314-1101,PIN,NOT FLIPPED,NOT FLIPPED,4014,0,1
8 OnElaine,15154/260,72717962,7e18c2a0-d79b-11f0-b691-d965a62fa4fa,2314-1102,PIN,NOT FLIPPED,NOT FLIPPED,5656,0,1
8 OnElaine,15154/260,72716295,c0a35bf0-c75e-11f0-9842-6d029661c338,2318-1102,PIN,FLIPPED,FLIPPED,2,2469,2
Alta Vista MHC-CUST,363/219,65824784,24f44770-e5a8-11ef-a76f-4d93d4a482f0,1,PIN,FLIPPED,FLIPPED,4,5641,2
Alta Vista MHC-CUST,363/219,65825716,e8428130-e641-11ef-bcd4-5bcca9a9134f,15,PIN-B,NOT FLIPPED,NOT FLIPPED,1933,678,1
Alta Vista MHC-CUST,363/219,65823034,76f6bc20-e313-11ef-a5fd-a97d57576080,16,PIN,NOT FLIPPED,NOT FLIPPED,5142,0,1
Alta Vista MHC-CUST,363/219,75369874,9e9d5760-47f4-11f1-969c-6109d9dfb138,2,PIN,FLIPPED,FLIPPED,48,5243,2
Alta Vista MHC-CUST,363/219,65823901,14cb9650-be5c-11ef-8f43-73c96c0de66f,20,PIN,FLIPPED,FLIPPED,59,5099,2
Alta Vista MHC-CUST,363/219,75365476,212ab880-47fa-11f1-969c-6109d9dfb138,25,PIN,FLIPPED,FLIPPED,4,5773,2
Alta Vista MHC-CUST,363/219,65831821,f0c4a280-cf70-11ef-8f43-73c96c0de66f,26,PIN,FLIPPED,FLIPPED,13,5767,2
Alta Vista MHC-CUST,363/219,77056143,e44d4d80-35a6-11f0-8e55-b138a1c03c8e,27,PIN,FLIPPED,FLIPPED,0,5322,2
Alta Vista MHC-CUST,363/219,65831342,accc2810-c795-11ef-8f43-73c96c0de66f,29,PIN,NOT FLIPPED,NOT FLIPPED,5918,0,1
Alta Vista MHC-CUST,363/219,70271356,fee915f0-5213-11f0-acb1-514e01860b07,30,PIN,FLIPPED,FLIPPED,0,4300,2
Alta Vista MHC-CUST,363/219,65830856,1ef32de0-c943-11ef-8f43-73c96c0de66f,34,PIN,NOT FLIPPED,NOT FLIPPED,5396,0,1
Alta Vista MHC-CUST,363/219,65823356,fdeb0410-c730-11ef-8f43-73c96c0de66f,36,PIN,NOT FLIPPED,NOT FLIPPED,5727,0,1
Alta Vista MHC-CUST,363/219,65827795,eda56120-cf70-11ef-8f43-73c96c0de66f,37,PIN,NOT FLIPPED,NOT FLIPPED,5336,11,1
Alta Vista MHC-CUST,363/219,65823596,7b272f90-c7ad-11ef-8f43-73c96c0de66f,38,PIN,FLIPPED,FLIPPED,17,4660,2
Alta Vista MHC-CUST,363/219,77061879,93bb26e0-3dbb-11f0-8e55-b138a1c03c8e,41,PIN,FLIPPED,FLIPPED,0,5643,2
Alta Vista MHC-CUST,363/219,77054437,111e69e0-26b4-11f0-8272-45e3ef110760,43,PIN,NOT FLIPPED,NOT FLIPPED,5397,0,1
Alta Vista MHC-CUST,363/219,65830385,aa94bd60-b8e9-11ef-8f43-73c96c0de66f,44,PIN,FLIPPED,FLIPPED,0,5765,2
Alta Vista MHC-CUST,363/219,65823927,41bcf580-c93f-11ef-8f43-73c96c0de66f,44 better than 30385,PIN,NOT FLIPPED,NOT FLIPPED,5415,0,1
Alta Vista MHC-CUST,363/219,70264997,685d4dc0-62a0-11f0-8658-7f4e94e41769,5,PIN,FLIPPED,FLIPPED,0,5565,2
Alta Vista MHC-CUST,363/219,65824842,1f945190-cf72-11ef-8f43-73c96c0de66f,54,PIN,NOT FLIPPED,NOT FLIPPED,5183,0,1
Alta Vista MHC-CUST,363/219,77061119,54914bc0-269b-11f0-8272-45e3ef110760,55,PIN,FLIPPED,FLIPPED,17,5577,2
Alta Vista MHC-CUST,363/219,77055699,5be67980-3da3-11f0-8e55-b138a1c03c8e,8,PIN,NOT FLIPPED,NOT FLIPPED,5863,9,1
Arizona Manor,362/209,77058172,584d8840-26ce-11f0-8272-45e3ef110760,14,PIN,NOT FLIPPED,NOT FLIPPED,4241,0,1
Blue Sky Village MHC,15154/260,79455406,79accbc0-3a9d-11f1-b198-172a4a9f25c9,24,PIN,NOT FLIPPED,NOT FLIPPED,5326,106,1
Brian Fries 5YR,362/209,75364925,6c559910-f624-11f0-b153-63024d3301e1,FRONT,PIN-B,NOT FLIPPED,NOT FLIPPED,2312,498,1
Brighton Court MHP,15090/254,70270960,1b8879d0-ad3b-11f0-98a7-c3bc57f9afe3,15,PIN,FLIPPED,FLIPPED,7,510,2
Brighton Court MHP,15090/254,75360683,1fb17b20-f65a-11f0-b153-63024d3301e1,18,PIN,NOT FLIPPED,NOT FLIPPED,4126,203,1
Brighton Court MHP,15090/254,75372860,1ffa1ce0-f65a-11f0-b153-63024d3301e1,2,PIN,NOT FLIPPED,NOT FLIPPED,5631,33,1
Brighton Court MHP,15090/254,70266208,67176eb0-ad3b-11f0-98a7-c3bc57f9afe3,20,PIN,FLIPPED,FLIPPED,0,5701,2
Brighton Court MHP,15090/254,72387523,8beaf290-ad43-11f0-98a7-c3bc57f9afe3,3,PIN,NOT FLIPPED,NOT FLIPPED,5558,44,1
Brighton Court MHP,15090/254,72387861,7f24fd30-ad43-11f0-98a7-c3bc57f9afe3,4,PIN,FLIPPED,FLIPPED,0,4193,2
Brighton Court MHP,15090/254,72384074,6626ac70-ad43-11f0-98a7-c3bc57f9afe3,5,PIN,FLIPPED,FLIPPED,0,5083,2
Brighton Court MHP,15090/254,72380445,09615aa0-ad41-11f0-98a7-c3bc57f9afe3,6,PIN,FLIPPED,FLIPPED,71,3589,2
Brighton Court MHP,15090/254,72387564,7a74e2a0-ad43-11f0-98a7-c3bc57f9afe3,7,PIN,FLIPPED,FLIPPED,2,5864,2
Brighton Court MHP,15090/254,72387853,7a65a060-ad43-11f0-98a7-c3bc57f9afe3,8,PIN,NOT FLIPPED,NOT FLIPPED,5572,0,1
Brighton Court MHP,15090/254,70259070,35042700-ad32-11f0-98a7-c3bc57f9afe3,9,PIN,FLIPPED,FLIPPED,13,5528,2
Brown's MHP-CUST,15154/260,68588183,0a2bb470-b9aa-11ef-8f43-73c96c0de66f,16,PIN,FLIPPED,FLIPPED,0,2896,2
Brown's MHP-CUST,15154/260,65829809,00d04d20-e653-11ef-bcd4-5bcca9a9134f,25,PIN,FLIPPED,FLIPPED,6,5736,2
Brown's MHP-CUST,15154/260,77058255,5448bc80-3d01-11f0-8e55-b138a1c03c8e,33,PIN,FLIPPED,FLIPPED,9,5713,2
Brown's MHP-CUST,15154/260,70262595,127509a0-9f9c-11f0-b5af-5dfa9891b485,41,PIN,FLIPPED,FLIPPED,1,4332,2
Brown's MHP-CUST,15154/260,65828728,50527ee0-c78b-11ef-8f43-73c96c0de66f,5,PIN,FLIPPED,FLIPPED,3,5379,2
CJ,362/209,72392788,9d571960-9a69-11f0-b5af-5dfa9891b485,102,PIN,FLIPPED,FLIPPED,0,5366,2
CJ,362/209,72383217,9e68d780-9a69-11f0-b5af-5dfa9891b485,103 exclude tenant,PIN,NOT FLIPPED,NOT FLIPPED,5649,0,1
CJ,362/209,70262678,9d8ecb30-9a69-11f0-b5af-5dfa9891b485,118,PIN,FLIPPED,FLIPPED,0,4601,2
CJ,362/209,72379835,99495950-9a69-11f0-b5af-5dfa9891b485,122 exclude tenant,PIN,FLIPPED,FLIPPED,1,5814,2
CJ,362/209,72723754,365f4240-0e6e-11f1-85e5-65eb60735c3d,126,PIN,FLIPPED,FLIPPED,0,5295,2
CJ,362/209,70263536,e8f94af0-842a-11f0-8b4a-0d0197d44616,127,PIN,FLIPPED,FLIPPED,0,5621,2
CJ,362/209,75365880,2affec50-0e6f-11f1-85e5-65eb60735c3d,132 exclude tenant,PIN,FLIPPED,FLIPPED,0,5708,2
Cactus Flower,362/209,75371375,c9d8fc30-f651-11f0-b153-63024d3301e1,1-BACK-UP HWA,PIN-B,NOT FLIPPED,NOT FLIPPED,2658,374,1
Cactus Flower,362/209,75362044,cd2a9830-f651-11f0-b153-63024d3301e1,5,PIN,FLIPPED,FLIPPED,4,3638,2
Carolina Springs MHP-CUST,362/209,70272727,7cd4b600-9fd9-11f0-b5af-5dfa9891b485,CSP110-1765-GILMOREST,PIN,NOT FLIPPED,NOT FLIPPED,5403,0,1
Carolina Springs MHP-CUST,362/209,70266505,70e3b210-9e53-11f0-b5af-5dfa9891b485,CSP114-390-BAINBRIDGECT,PIN,NOT FLIPPED,NOT FLIPPED,1736,101,1
Carolina Springs MHP-CUST,362/209,70272867,407fda30-9e6d-11f0-b5af-5dfa9891b485,CSP117-399-BAINBRIDGECT,PIN-B,NOT FLIPPED,NOT FLIPPED,3821,796,1
Carolina Springs MHP-CUST,362/209,72381906,ec916260-9fa0-11f0-b5af-5dfa9891b485,CSP128-1885-BLAKEST,PIN,FLIPPED,FLIPPED,0,5715,2
Carolina Springs MHP-CUST,362/209,72391053,72074350-9e7b-11f0-b5af-5dfa9891b485,CSP129-1881-BLAKEST,PIN-B,NOT FLIPPED,NOT FLIPPED,2353,398,1
Carolina Springs MHP-CUST,362/209,70272990,39297340-9e77-11f0-b5af-5dfa9891b485,CSP131-1875-BLAKEST,PIN-B,FLIPPED,FLIPPED,462,2911,2
Carolina Springs MHP-CUST,362/209,70273071,434baf70-9fa1-11f0-b5af-5dfa9891b485,CSP137-1839-BLAKEST,PIN-B,NOT FLIPPED,NOT FLIPPED,2226,692,1
Carolina Springs MHP-CUST,362/209,70272834,2e319dc0-9fa1-11f0-b5af-5dfa9891b485,CSP138-1837-BLAKEST,PIN-B,NOT FLIPPED,NOT FLIPPED,2569,439,1
Carolina Springs MHP-CUST,362/209,72391434,1bab54a0-9e54-11f0-b5af-5dfa9891b485,CSP15-1768-GIBSONST,PIN,FLIPPED,FLIPPED,0,5554,2
Carolina Springs MHP-CUST,362/209,70266059,fc089bf0-9e6a-11f0-b5af-5dfa9891b485,CSP152 110-BLAKEST 110 Loucada,PIN-B,FLIPPED,FLIPPED,499,2644,2
Carolina Springs MHP-CUST,362/209,70259245,28337f60-9fa1-11f0-b5af-5dfa9891b485,CSP159-1884-BLAKEST,PIN-B,NOT FLIPPED,NOT FLIPPED,3341,463,1
Carolina Springs MHP-CUST,362/209,72391228,41462860-9fd6-11f0-b5af-5dfa9891b485,CSP2-1794-GIBSONST,PIN-B,NOT FLIPPED,NOT FLIPPED,3060,946,1
Carolina Springs MHP-CUST,362/209,70272552,1f184280-9fa1-11f0-b5af-5dfa9891b485,CSP21-1744-GIBSONST,PIN-B,NOT FLIPPED,NOT FLIPPED,956,226,1
Carolina Springs MHP-CUST,362/209,72388695,d6da99b0-8500-11f0-8b4a-0d0197d44616,CSP41-1737-GIBSONST,PIN-B,FLIPPED,FLIPPED,7,3155,2
Carolina Springs MHP-CUST,362/209,70272123,81ed1750-9e70-11f0-b5af-5dfa9891b485,CSP43-1745-GIBSONST,PIN,FLIPPED,FLIPPED,1,5438,2
Carolina Springs MHP-CUST,362/209,72378621,9eba8e40-84a2-11f0-8b4a-0d0197d44616,CSP62-1828-GILMOREST,PIN-B,NOT FLIPPED,NOT FLIPPED,1522,500,1
Carolina Springs MHP-CUST,362/209,72381328,5673c590-9e77-11f0-b5af-5dfa9891b485,CSP70-1804-GILMOREST,PIN,NOT FLIPPED,NOT FLIPPED,5051,0,1
Carolina Springs MHP-CUST,362/209,70259625,700d0120-9e53-11f0-b5af-5dfa9891b485,CSP74-1766-GILMOREST,PIN-B,FLIPPED,FLIPPED,846,1947,2
Carolina Springs MHP-CUST,362/209,70269418,a38da460-9e70-11f0-b5af-5dfa9891b485,CSP8-1784-GIBSONST,PIN-B,FLIPPED,FLIPPED,612,3234,2
Carolina Springs MHP-CUST,362/209,70262157,63969d20-9fd9-11f0-b5af-5dfa9891b485,CSP84-1728-GILMOREST,PIN,NOT FLIPPED,NOT FLIPPED,5143,0,1
Carolina Springs MHP-CUST,362/209,77053173,9e022f20-2639-11f0-8272-45e3ef110760,CSP85-1724-GILMOREST,PIN-B,NOT FLIPPED,NOT FLIPPED,2750,865,1
Carolina Springs MHP-CUST,362/209,72391871,5e19c410-9fd6-11f0-b5af-5dfa9891b485,CSP87-1716-GILMOREST,PIN-B,FLIPPED,FLIPPED,1422,2886,2
Carolina Springs MHP-CUST,362/209,72378795,809df300-9fd9-11f0-b5af-5dfa9891b485,CSP88-1712-GILMOREST,PIN-B,NOT FLIPPED,NOT FLIPPED,178,2,1
Carolina Springs MHP-CUST,362/209,72381104,29250b50-9fa1-11f0-b5af-5dfa9891b485,CSP92-1709-GILMOREST,PIN-B,FLIPPED,FLIPPED,173,1947,2
Carolina Springs MHP-CUST,362/209,65825666,47270210-01e6-11f0-92a4-09772dfb61f8,CSP96-1725-GILMOREST,PIN,NOT FLIPPED,NOT FLIPPED,5388,0,1
Cedarbrook Estates MHC,16185/314,79461651,0b00e470-48be-11f1-bc16-b52012ce6db2,35,PIN,NOT FLIPPED,NOT FLIPPED,103,3,1
Cedarbrook Estates MHC,16185/314,79460570,b1a7f7b0-48bd-11f1-bc16-b52012ce6db2,43,PIN,NOT FLIPPED,NOT FLIPPED,5656,0,1
Chickadee Lane MHC,16185/314,77041327,cbeec770-2609-11f0-8272-45e3ef110760,206W,PIN,NOT FLIPPED,NOT FLIPPED,5029,24,1
Chickadee Lane MHC,16185/314,72388737,f5f14a30-8495-11f0-8b4a-0d0197d44616,208-WHIPPOORWILL,PIN,FLIPPED,FLIPPED,0,5095,2
Chickadee Lane MHC,16185/314,72386905,7658d810-9976-11f0-b5af-5dfa9891b485,401-Quail or TOWHEE?,PIN,NOT FLIPPED,NOT FLIPPED,5066,10,1
Chickadee Lane MHC,16185/314,70266778,06944c50-a92d-11f0-98a7-c3bc57f9afe3,403-QUAILRUN,PIN,NOT FLIPPED,NOT FLIPPED,5602,8,1
Chickadee Lane MHC,16185/314,70263726,b862ac30-84a5-11f0-8b4a-0d0197d44616,404-QUAILCIRCLE,PIN,FLIPPED,FLIPPED,0,4788,2
Chickadee Lane MHC,16185/314,72385196,74f3b9d0-842d-11f0-8b4a-0d0197d44616,801-TOWHEE,PIN,NOT FLIPPED,NOT FLIPPED,5576,0,1
Chickadee Lane MHC,16185/314,65829288,8dae09f0-2639-11f0-8272-45e3ef110760,803T,PIN,NOT FLIPPED,NOT FLIPPED,5363,20,1
Chickadee Lane MHC,16185/314,72382961,08afe250-842b-11f0-8b4a-0d0197d44616,804-CHICKADEE,PIN,FLIPPED,FLIPPED,0,5384,2
Chickadee Lane MHC,16185/314,77028589,a549d360-260b-11f0-8272-45e3ef110760,804M,PIN,NOT FLIPPED,NOT FLIPPED,5618,0,1
Chickadee Lane MHC,16185/314,72388604,8c42ace0-842d-11f0-8b4a-0d0197d44616,805-CHICKADEELANE,PIN,FLIPPED,FLIPPED,0,3554,2
Chickadee Lane MHC,16185/314,72384819,b4bdb350-8495-11f0-8b4a-0d0197d44616,806-CHICKADEE,PIN,FLIPPED,FLIPPED,0,5797,2
Chickadee Lane MHC,16185/314,72380742,35a345f0-849d-11f0-8b4a-0d0197d44616,809-MOCKINGBIRD,PIN,NOT FLIPPED,NOT FLIPPED,5262,0,1
Chickadee Lane MHC,16185/314,77052282,8dd281e0-2639-11f0-8272-45e3ef110760,810M,PIN,NOT FLIPPED,NOT FLIPPED,5366,0,1
Chickadee Lane MHC,16185/314,72380437,88183a20-9e65-11f0-b5af-5dfa9891b485,811C,PIN,FLIPPED,FLIPPED,0,5585,2
Chickadee Lane MHC,16185/314,70265531,932c1af0-9fdf-11f0-b5af-5dfa9891b485,811T,PIN,FLIPPED,FLIPPED,0,5716,2
Chickadee Lane MHC,16185/314,72390444,72c8e330-8430-11f0-8b4a-0d0197d44616,815-TOWHEE,PIN,FLIPPED,FLIPPED,0,5567,2
Chickadee Lane MHC,16185/314,70272966,b298cfd0-9e65-11f0-b5af-5dfa9891b485,820C,PIN,NOT FLIPPED,NOT FLIPPED,5433,0,1
Chickadee Lane MHC,16185/314,72383092,fea75f80-9e66-11f0-b5af-5dfa9891b485,820M,PIN,NOT FLIPPED,NOT FLIPPED,5363,0,1
Chickadee Lane MHC,16185/314,72386574,67acc670-84a2-11f0-8b4a-0d0197d44616,822-CHICKADEE,PIN,NOT FLIPPED,NOT FLIPPED,1140,267,1
Chickadee Lane MHC,16185/314,77055467,cf8fbbf0-2609-11f0-8272-45e3ef110760,825T,PIN,NOT FLIPPED,NOT FLIPPED,5663,0,1
Chickadee Lane MHC,16185/314,72382854,bfde0f00-8495-11f0-8b4a-0d0197d44616,826-CHICKADEE,PIN,FLIPPED,FLIPPED,0,3899,2
Chickadee Lane MHC,16185/314,77061366,9f4c3b50-2639-11f0-8272-45e3ef110760,827,PIN,FLIPPED,FLIPPED,0,5645,2
Chickadee Lane MHC,16185/314,77029595,e8fc7330-263b-11f0-8272-45e3ef110760,834,PIN,NOT FLIPPED,NOT FLIPPED,5567,0,1
Chickadee Lane MHC,16185/314,72386509,c99cb7d0-8495-11f0-8b4a-0d0197d44616,928-TOWHEE,PIN,FLIPPED,FLIPPED,0,5748,2
Circle N Trailer Park,15085/254,72388554,f4d49230-842a-11f0-8b4a-0d0197d44616,14,PIN,NOT FLIPPED,NOT FLIPPED,2332,0,1
Circle N Trailer Park,15085/254,75374841,2f32c880-0c6a-11f1-8768-5551e7a34f27,23,PIN,NOT FLIPPED,NOT FLIPPED,5119,108,1
Circle N Trailer Park,15085/254,75370401,ffeb7140-0c90-11f1-8768-5551e7a34f27,9,PIN,FLIPPED,FLIPPED,0,5824,2
Coleman Village MHC-CUST,15154/260,72387168,9b4290d0-9fc5-11f0-b5af-5dfa9891b485,102,PIN,NOT FLIPPED,NOT FLIPPED,5223,0,1
Coleman Village MHC-CUST,15154/260,70268550,06fcfd70-6677-11f0-8658-7f4e94e41769,103,PIN,FLIPPED,FLIPPED,0,2966,2
Coleman Village MHC-CUST,15154/260,77059030,a7923a10-66b4-11f0-8658-7f4e94e41769,105,PIN,FLIPPED,FLIPPED,0,1205,2
Coleman Village MHC-CUST,15154/260,70267636,b6ce4a40-668d-11f0-8658-7f4e94e41769,106,PIN,FLIPPED,FLIPPED,0,5675,2
Coleman Village MHC-CUST,15154/260,65831870,0c1a3290-c943-11ef-8f43-73c96c0de66f,107,PIN,FLIPPED,FLIPPED,3,5480,2
Coleman Village MHC-CUST,15154/260,70266018,7493e0a0-aabb-11f0-98a7-c3bc57f9afe3,108,PIN,NOT FLIPPED,NOT FLIPPED,4812,0,1
Coleman Village MHC-CUST,15154/260,70259922,d377f2c0-666c-11f0-8658-7f4e94e41769,109,PIN,FLIPPED,FLIPPED,0,4128,2
Coleman Village MHC-CUST,15154/260,75371011,af44cfd0-01ef-11f1-af1d-29d4205d602a,110,PIN,FLIPPED,FLIPPED,5,5138,2
Coleman Village MHC-CUST,15154/260,70273386,67718ae0-6695-11f0-8658-7f4e94e41769,112,PIN,NOT FLIPPED,NOT FLIPPED,5714,0,1
Coleman Village MHC-CUST,15154/260,72388059,e1a6dde0-837f-11f0-8b4a-0d0197d44616,113,PIN,NOT FLIPPED,NOT FLIPPED,5262,0,1
Coleman Village MHC-CUST,15154/260,70266893,3b49d3b0-667b-11f0-8658-7f4e94e41769,116,PIN,NOT FLIPPED,NOT FLIPPED,4866,0,1
Coleman Village MHC-CUST,15154/260,72724380,5f9ee360-c4f7-11f0-9842-6d029661c338,117,PIN,FLIPPED,FLIPPED,1,5564,2
Coleman Village MHC-CUST,15154/260,72722723,91a68160-c4f7-11f0-9842-6d029661c338,118,PIN,FLIPPED,FLIPPED,0,5512,2
Coleman Village MHC-CUST,15154/260,70258411,93e49700-666f-11f0-8658-7f4e94e41769,119,PIN-B,NOT FLIPPED,NOT FLIPPED,1406,415,1
Coleman Village MHC-CUST,15154/260,70268576,544c40f0-666c-11f0-8658-7f4e94e41769,120,PIN,FLIPPED,FLIPPED,0,5774,2
Coleman Village MHC-CUST,15154/260,70273451,924a6f00-666f-11f0-8658-7f4e94e41769,121,PIN,NOT FLIPPED,NOT FLIPPED,5544,0,1
Coleman Village MHC-CUST,15154/260,65822655,5d11fa70-b97b-11ef-8f43-73c96c0de66f,122,PIN,NOT FLIPPED,NOT FLIPPED,1839,0,1
Coleman Village MHC-CUST,15154/260,70266240,7e46b730-9fc6-11f0-b5af-5dfa9891b485,123,PIN,NOT FLIPPED,NOT FLIPPED,5805,1,1
Coleman Village MHC-CUST,15154/260,77028860,52b2ca40-3db1-11f0-8e55-b138a1c03c8e,124,PIN,FLIPPED,FLIPPED,0,3811,2
Coleman Village MHC-CUST,15154/260,70270036,8f01d3b0-666f-11f0-8658-7f4e94e41769,126,PIN,FLIPPED,FLIPPED,4,5845,2
Coleman Village MHC-CUST,15154/260,72723382,ca50f1f0-01ef-11f1-af1d-29d4205d602a,128,PIN,FLIPPED,FLIPPED,0,5752,2
Coleman Village MHC-CUST,15154/260,75373454,5d996ee0-01de-11f1-af1d-29d4205d602a,129,PIN,NOT FLIPPED,NOT FLIPPED,5806,0,1
Coleman Village MHC-CUST,15154/260,70267594,ca38cb70-6672-11f0-8658-7f4e94e41769,130,PIN,FLIPPED,FLIPPED,0,5849,2
Coleman Village MHC-CUST,15154/260,72718937,9852ba10-c4f7-11f0-9842-6d029661c338,132,PIN,NOT FLIPPED,NOT FLIPPED,232,0,1
Coleman Village MHC-CUST,15154/260,70265259,8ee41280-666f-11f0-8658-7f4e94e41769,133,PIN,FLIPPED,FLIPPED,30,5453,2
Coleman Village MHC-CUST,15154/260,72382136,95acbf10-9fa2-11f0-b5af-5dfa9891b485,135,PIN,FLIPPED,FLIPPED,0,2951,2
Coleman Village MHC-CUST,15154/260,70266323,67dbd9b0-667a-11f0-8658-7f4e94e41769,140,PIN,FLIPPED,FLIPPED,0,5586,2
Coleman Village MHC-CUST,15154/260,70273154,931252e0-666f-11f0-8658-7f4e94e41769,141,PIN,FLIPPED,FLIPPED,0,5516,2
Coleman Village MHC-CUST,15154/260,75360428,ab74ebd0-01de-11f1-af1d-29d4205d602a,144,PIN,FLIPPED,FLIPPED,0,206,2
Coleman Village MHC-CUST,15154/260,72379132,99b61250-9fa2-11f0-b5af-5dfa9891b485,146,PIN,FLIPPED,FLIPPED,2,1973,2
Coleman Village MHC-CUST,15154/260,77028456,f3d1ae10-3d92-11f0-8e55-b138a1c03c8e,147,PIN,FLIPPED,FLIPPED,0,5607,2
Coleman Village MHC-CUST,15154/260,70272099,a63eb800-66b4-11f0-8658-7f4e94e41769,148,PIN,FLIPPED,FLIPPED,0,5741,2
Coleman Village MHC-CUST,15154/260,70263643,c0c842a0-6672-11f0-8658-7f4e94e41769,149,PIN,NOT FLIPPED,NOT FLIPPED,5665,0,1
Coleman Village MHC-CUST,15154/260,70269855,14e99880-6677-11f0-8658-7f4e94e41769,151,PIN,NOT FLIPPED,NOT FLIPPED,5668,0,1
Coleman Village MHC-CUST,15154/260,70270119,93ca7f50-666f-11f0-8658-7f4e94e41769,152,PIN,FLIPPED,FLIPPED,0,5530,2
Coleman Village MHC-CUST,15154/260,70270341,967ef0f0-666f-11f0-8658-7f4e94e41769,153,PIN,FLIPPED,FLIPPED,0,5092,2
Coleman Village MHC-CUST,15154/260,70260607,b6858470-666c-11f0-8658-7f4e94e41769,154,PIN,FLIPPED,FLIPPED,0,5725,2
Coleman Village MHC-CUST,15154/260,75370435,2753f7e0-0c99-11f1-8768-5551e7a34f27,156,PIN,FLIPPED,FLIPPED,0,5673,2
Coleman Village MHC-CUST,15154/260,75373744,f6367400-01dd-11f1-af1d-29d4205d602a,158,PIN,FLIPPED,FLIPPED,0,5425,2
Coleman Village MHC-CUST,15154/260,70273337,92e17ee0-666f-11f0-8658-7f4e94e41769,161,PIN,FLIPPED,FLIPPED,0,62,2
Coleman Village MHC-CUST,15154/260,70260649,d7e3b150-666c-11f0-8658-7f4e94e41769,162,PIN,FLIPPED,FLIPPED,27,2876,2
Coleman Village MHC-CUST,15154/260,70267073,894c5610-667a-11f0-8658-7f4e94e41769,163,PIN,FLIPPED,FLIPPED,0,5494,2
Coleman Village MHC-CUST,15154/260,70268543,a6510780-66b4-11f0-8658-7f4e94e41769,164,PIN,FLIPPED,FLIPPED,0,1056,2
Coleman Village MHC-CUST,15154/260,70266414,b74a3400-666c-11f0-8658-7f4e94e41769,165,PIN,FLIPPED,FLIPPED,0,3867,2
Coleman Village MHC-CUST,15154/260,70259930,06b4f7f0-6677-11f0-8658-7f4e94e41769,166,PIN,FLIPPED,FLIPPED,0,4230,2
Coleman Village MHC-CUST,15154/260,70267370,a3129310-666c-11f0-8658-7f4e94e41769,167,PIN,FLIPPED,FLIPPED,0,5634,2
Coleman Village MHC-CUST,15154/260,70261704,09c81ed0-668c-11f0-8658-7f4e94e41769,168,PIN,FLIPPED,FLIPPED,0,1973,2
Coleman Village MHC-CUST,15154/260,70266331,b2b13630-66b4-11f0-8658-7f4e94e41769,169,PIN,FLIPPED,FLIPPED,0,4788,2
Coleman Village MHC-CUST,15154/260,70267362,b1204ab0-666c-11f0-8658-7f4e94e41769,170,PIN,FLIPPED,FLIPPED,0,1878,2
Coleman Village MHC-CUST,15154/260,77059956,189baf90-666d-11f0-8658-7f4e94e41769,171,PIN,FLIPPED,FLIPPED,10,4885,2
Coleman Village MHC-CUST,15154/260,70270572,b6b85440-666c-11f0-8658-7f4e94e41769,172,PIN,FLIPPED,FLIPPED,0,5136,2
Coleman Village MHC-CUST,15154/260,68584505,a12f9910-be35-11ef-8f43-73c96c0de66f,173,PIN,NOT FLIPPED,NOT FLIPPED,5377,0,1
Coleman Village MHC-CUST,15154/260,75370690,ff4ecab0-01dd-11f1-af1d-29d4205d602a,175,PIN,NOT FLIPPED,NOT FLIPPED,1193,120,1
Coleman Village MHC-CUST,15154/260,75371367,f62b0250-01dd-11f1-af1d-29d4205d602a,176,PIN,NOT FLIPPED,NOT FLIPPED,5704,0,1
Coleman Village MHC-CUST,15154/260,70261332,ec0a3b40-666c-11f0-8658-7f4e94e41769,177,PIN,FLIPPED,FLIPPED,0,2485,2
Coleman Village MHC-CUST,15154/260,70268428,ba4b17f0-666c-11f0-8658-7f4e94e41769,180,PIN,FLIPPED,FLIPPED,0,5650,2
Coleman Village MHC-CUST,15154/260,70273360,915f24a0-666f-11f0-8658-7f4e94e41769,183,PIN,FLIPPED,FLIPPED,0,4061,2
Coleman Village MHC-CUST,15154/260,70270622,5f9a07b0-668c-11f0-8658-7f4e94e41769,184,PIN,NOT FLIPPED,NOT FLIPPED,5775,1,1
Coleman Village MHC-CUST,15154/260,70258924,ca6071b0-66b4-11f0-8658-7f4e94e41769,185,PIN,FLIPPED,FLIPPED,0,5788,2
Country Edge MHC,362/209,75362143,60f46110-f0c4-11f0-8900-8bd481ce9a44,401.5,PIN,FLIPPED,FLIPPED,0,5751,2
Country Edge MHC,362/209,72723408,4b71f0a0-f0c4-11f0-8900-8bd481ce9a44,4061-2,PIN,NOT FLIPPED,NOT FLIPPED,4914,22,1
Country Edge MHC,362/209,72723101,54cdb8f0-f0c4-11f0-8900-8bd481ce9a44,408-1,PIN-B,NOT FLIPPED,NOT FLIPPED,3474,375,1
Country Edge MHC,362/209,75365245,6408cd00-f0c4-11f0-8900-8bd481ce9a44,414.5,PIN-B,NOT FLIPPED,NOT FLIPPED,3421,668,1
Country Edge MHC,362/209,72723960,604646c0-f0c4-11f0-8900-8bd481ce9a44,517-4,PIN-B,FLIPPED,FLIPPED,337,2089,2
Country Squire MHC,16185/314,70270101,17fd9440-9e67-11f0-b5af-5dfa9891b485,17,PIN,NOT FLIPPED,NOT FLIPPED,220,0,1
Country Squire MHC,16185/314,72379090,239aa260-9e59-11f0-b5af-5dfa9891b485,3,PIN,FLIPPED,FLIPPED,0,5508,2
Country Squire MHC,16185/314,72382441,85b709a0-842f-11f0-8b4a-0d0197d44616,3520 Miller Bridge R,PIN,FLIPPED,FLIPPED,0,5700,2
Country Squire MHC,16185/314,70271802,c1568a20-c6c0-11f0-9842-6d029661c338,38,PIN,FLIPPED,FLIPPED,0,5343,2
Country Squire MHC,16185/314,70272826,3e4b0ff0-9e59-11f0-b5af-5dfa9891b485,41,PIN,FLIPPED,FLIPPED,0,5687,2
Country Squire MHC,16185/314,72382730,b08bfbc0-9976-11f0-b5af-5dfa9891b485,46,PIN,FLIPPED,FLIPPED,0,5706,2
Country Squire MHC,16185/314,70269707,b4cd3280-51e6-11f0-acb1-514e01860b07,5,PIN,FLIPPED,FLIPPED,0,474,2
Country Squire MHC,16185/314,79460810,56c56340-3f31-11f1-b39d-b550dfb4ab8b,51B,PIN,FLIPPED,FLIPPED,0,5547,2
Country Squire MHC,16185/314,70269491,b2ee14b0-9341-11f0-ac3b-59f8170a8dd3,52B,PIN,NOT FLIPPED,NOT FLIPPED,5665,0,1
Country Squire MHC,16185/314,77058545,9d6fb320-2639-11f0-8272-45e3ef110760,53A,PIN,NOT FLIPPED,NOT FLIPPED,5430,0,1
Country Squire MHC,16185/314,70259740,e3ef3e60-629d-11f0-8658-7f4e94e41769,53B,PIN,FLIPPED,FLIPPED,0,3608,2
Country Squire MHC,16185/314,70265911,5c3c5a30-9e65-11f0-b5af-5dfa9891b485,54A,PIN,FLIPPED,FLIPPED,0,296,2
Country Squire MHC,16185/314,72381492,683d18e0-9e67-11f0-b5af-5dfa9891b485,56B,PIN,FLIPPED,FLIPPED,0,5564,2
Country Squire MHC,16185/314,70272735,00a82e00-9e66-11f0-b5af-5dfa9891b485,58A,PIN,NOT FLIPPED,NOT FLIPPED,5654,0,1
Country Squire MHC,16185/314,72391210,68d72610-9e53-11f0-b5af-5dfa9891b485,59B,PIN,FLIPPED,FLIPPED,22,5361,2
Country Squire MHC,16185/314,70268303,d157d720-520e-11f0-acb1-514e01860b07,62A,PIN,NOT FLIPPED,NOT FLIPPED,5677,0,1
Country Squire MHC,16185/314,72387150,656a4fb0-a971-11f0-98a7-c3bc57f9afe3,64A,PIN,FLIPPED,FLIPPED,0,5680,2
Country Squire MHC,16185/314,72384777,3d6fdf40-9e66-11f0-b5af-5dfa9891b485,6B,PIN,FLIPPED,FLIPPED,1,5141,2
Country Squire MHC,16185/314,70268451,6ba68970-5246-11f0-acb1-514e01860b07,70,PIN,NOT FLIPPED,NOT FLIPPED,5348,1,1
Country Squire MHC,16185/314,72393059,a14563c0-84e2-11f0-8b4a-0d0197d44616,71,PIN,NOT FLIPPED,NOT FLIPPED,5686,0,1
Country Squire MHC,16185/314,79461529,6f14fd70-3f31-11f1-b39d-b550dfb4ab8b,74,PIN,FLIPPED,FLIPPED,0,5713,2
Dorr Drive MHP,15085/254,72381286,4ac98670-a959-11f0-98a7-c3bc57f9afe3,1,PIN,FLIPPED,FLIPPED,35,5569,2
Dorr Drive MHP,15085/254,72383753,2a56cb00-a959-11f0-98a7-c3bc57f9afe3,17,PIN,NOT FLIPPED,NOT FLIPPED,5370,8,1
Dorr Drive MHP,15085/254,70266273,b5329ff0-a95a-11f0-98a7-c3bc57f9afe3,2,PIN,NOT FLIPPED,NOT FLIPPED,4948,0,1
Dorr Drive MHP,15085/254,72392937,8c42e910-842f-11f0-8b4a-0d0197d44616,6,PIN,FLIPPED,FLIPPED,20,5497,2
Dorr Drive MHP,15085/254,72379223,63074650-a959-11f0-98a7-c3bc57f9afe3,8,PIN,NOT FLIPPED,NOT FLIPPED,5461,70,1
Dorr Drive MHP,15085/254,70266364,9fe59a60-a939-11f0-98a7-c3bc57f9afe3,9,PIN,FLIPPED,FLIPPED,0,5855,2
Downtown Metro,362/209,77055517,bb8078a0-260b-11f0-8272-45e3ef110760,103,PIN-B,NOT FLIPPED,NOT FLIPPED,1815,396,1
Downtown Metro,362/209,77060996,8e4cbaf0-2639-11f0-8272-45e3ef110760,201,PIN-B,NOT FLIPPED,NOT FLIPPED,1950,500,1
East Barre MHP,362/209,70263494,893789d0-aabb-11f0-98a7-c3bc57f9afe3,5,PIN-B,FLIPPED,FLIPPED,1250,2751,2
East Barre MHP,362/209,70260490,85c71b30-aabb-11f0-98a7-c3bc57f9afe3,6,PIN-B,FLIPPED,FLIPPED,140,1011,2
Eastwood Hills MHC-CUST,362/209,72720560,97491280-c458-11f0-9842-6d029661c338,EH16,PIN-B,NOT FLIPPED,NOT FLIPPED,2448,974,1
Eastwood Hills MHC-CUST,362/209,72718283,428b31b0-c458-11f0-9842-6d029661c338,EH2,PIN-B,FLIPPED,FLIPPED,351,2041,2
Eastwood Hills MHC-CUST,362/209,70259823,4f71c750-c89e-11f0-9842-6d029661c338,EH202,PIN-B,FLIPPED,FLIPPED,169,2908,2
Eastwood Hills MHC-CUST,362/209,72720453,07027640-c8d0-11f0-9842-6d029661c338,EH205,PIN-B,NOT FLIPPED,NOT FLIPPED,861,421,1
Eastwood Hills MHC-CUST,362/209,72718093,b047e040-c8bd-11f0-9842-6d029661c338,EH206,PIN,FLIPPED,FLIPPED,0,5753,2
Eastwood Hills MHC-CUST,362/209,72723119,39bbcae0-c458-11f0-9842-6d029661c338,EH21,PIN-B,NOT FLIPPED,NOT FLIPPED,1707,723,1
Eastwood Hills MHC-CUST,362/209,75373140,82f67f10-012b-11f1-8726-d3fa6d0d96af,EH214,PIN-B,NOT FLIPPED,NOT FLIPPED,1804,771,1
Eastwood Hills MHC-CUST,362/209,70269111,e4db8740-c6c3-11f0-9842-6d029661c338,EH22,PIN-B,FLIPPED,FLIPPED,615,2171,2
Eastwood Hills MHC-CUST,362/209,72714282,8429cf60-c88a-11f0-9842-6d029661c338,EH255,PIN,NOT FLIPPED,NOT FLIPPED,4581,128,1
Eastwood Hills MHC-CUST,362/209,72714381,f0419e80-c6c3-11f0-9842-6d029661c338,EH29,PIN-B,FLIPPED,FLIPPED,110,884,2
Eastwood Hills MHC-CUST,362/209,72720040,f3fa2d90-c8cf-11f0-9842-6d029661c338,EH35,PIN,NOT FLIPPED,NOT FLIPPED,5510,0,1
Eastwood Hills MHC-CUST,362/209,72723218,70759460-c45a-11f0-9842-6d029661c338,EH4,PIN,NOT FLIPPED,NOT FLIPPED,3983,240,1
Eastwood Hills MHC-CUST,362/209,72720685,17965d50-c4cf-11f0-9842-6d029661c338,EH45,PIN,FLIPPED,FLIPPED,3,5112,2
Eastwood Hills MHC-CUST,362/209,72717541,49799f20-c43a-11f0-9842-6d029661c338,EH49,PIN,FLIPPED,FLIPPED,0,528,2
Eastwood Hills MHC-CUST,362/209,72716972,d03f1360-c439-11f0-9842-6d029661c338,EH51,PIN,FLIPPED,FLIPPED,14,5144,2
Eastwood Hills MHC-CUST,362/209,72723291,62e64d60-c4cf-11f0-9842-6d029661c338,EH57,PIN-B,FLIPPED,FLIPPED,496,1662,2
Eastwood Hills MHC-CUST,362/209,72715099,bce8a150-c6c3-11f0-9842-6d029661c338,EH6,PIN-B,NOT FLIPPED,NOT FLIPPED,2273,1000,1
Eastwood Hills MHC-CUST,362/209,70272479,474425e0-c458-11f0-9842-6d029661c338,EH7,PIN,FLIPPED,FLIPPED,62,4917,2
Eastwood Hills MHC-CUST,362/209,77054247,cb3f1e40-35a6-11f0-8e55-b138a1c03c8e,EH71,PIN-B,NOT FLIPPED,NOT FLIPPED,2936,162,1
Eastwood Hills MHC-CUST,362/209,65823729,2b891290-c943-11ef-8f43-73c96c0de66f,EH76,PIN-B,NOT FLIPPED,NOT FLIPPED,1969,872,1
Eastwood Hills MHC-CUST,362/209,72722871,7f608780-c88a-11f0-9842-6d029661c338,EH78,PIN-B,FLIPPED,FLIPPED,460,3019,2
Eastwood Hills MHC-CUST,362/209,72722889,923ae260-c88a-11f0-9842-6d029661c338,EH80,PIN-B,NOT FLIPPED,NOT FLIPPED,2312,493,1
Eastwood Hills MHC-CUST,362/209,72722244,4f914440-c4cf-11f0-9842-6d029661c338,EH85,PIN-B,NOT FLIPPED,NOT FLIPPED,2418,941,1
Eastwood Hills MHC-CUST,362/209,72715826,f066f4b0-c8cf-11f0-9842-6d029661c338,EH86,PIN-B,FLIPPED,FLIPPED,1108,2515,2
Eastwood Hills MHC-CUST,362/209,72721089,abeeaa70-c81c-11f0-9842-6d029661c338,EH88,PIN-B,NOT FLIPPED,NOT FLIPPED,3715,323,1
Eastwood Hills MHC-CUST,362/209,72713904,5aa08200-c458-11f0-9842-6d029661c338,EH89,PIN-B,NOT FLIPPED,NOT FLIPPED,2358,771,1
Eastwood Hills MHC-CUST,362/209,72718796,439045a0-c458-11f0-9842-6d029661c338,EH90,PIN,FLIPPED,FLIPPED,0,3937,2
Eastwood Hills MHC-CUST,362/209,72722822,683a4220-c458-11f0-9842-6d029661c338,EH91,PIN,NOT FLIPPED,NOT FLIPPED,5237,55,1
Eastwood Hills MHC-CUST,362/209,77061184,4ea378e0-26ce-11f0-8272-45e3ef110760,TR301,PIN,FLIPPED,FLIPPED,47,3724,2
Eastwood Hills MHC-CUST,362/209,77056036,47295d80-3cf6-11f0-8e55-b138a1c03c8e,TR303,PIN-B,FLIPPED,FLIPPED,769,2316,2
Eastwood Hills MHC-CUST,362/209,72722988,433d7ab0-c88a-11f0-9842-6d029661c338,TR309,PIN-B,FLIPPED,FLIPPED,890,1829,2
Eastwood Hills MHC-CUST,362/209,72722764,3268d810-c8d0-11f0-9842-6d029661c338,TR314,PIN-B,FLIPPED,FLIPPED,689,1542,2
Eastwood Hills MHC-CUST,362/209,72720412,ec249010-c8cf-11f0-9842-6d029661c338,TR316,PIN,FLIPPED,FLIPPED,55,5064,2
Eastwood Hills MHC-CUST,362/209,72714308,9b0b81b0-c88a-11f0-9842-6d029661c338,TR318,PIN-B,NOT FLIPPED,NOT FLIPPED,2266,591,1
Eastwood Hills MHC-CUST,362/209,65822390,4042b190-c93f-11ef-8f43-73c96c0de66f,TR319,PIN,FLIPPED,FLIPPED,22,4343,2
Eastwood Hills MHC-CUST,362/209,72720065,b29d7b30-c81c-11f0-9842-6d029661c338,TR321,PIN-B,FLIPPED,FLIPPED,747,3532,2
Eastwood Hills MHC-CUST,362/209,72721253,a6b54310-c4e4-11f0-9842-6d029661c338,TR325,PIN-B,NOT FLIPPED,NOT FLIPPED,2564,1237,1
Eastwood Hills MHC-CUST,362/209,72716725,73e36350-c4fc-11f0-9842-6d029661c338,TR329,PIN-B,NOT FLIPPED,NOT FLIPPED,2990,744,1
Eastwood Hills MHC-CUST,362/209,65830054,b0294800-1ba3-11f0-8272-45e3ef110760,TR330,PIN,FLIPPED,FLIPPED,76,1587,2
Eastwood Hills MHC-CUST,362/209,72714548,971ca4c0-c42b-11f0-9842-6d029661c338,TR336,PIN-B,FLIPPED,FLIPPED,511,2726,2
Eastwood Hills MHC-CUST,362/209,72715701,27353c40-c4cf-11f0-9842-6d029661c338,TR338,PIN,NOT FLIPPED,NOT FLIPPED,5799,10,1
Estancia MHP-CUST,15147/256,75370138,89eb78f0-06af-11f1-a3d9-c99c67c82bc1,10,PIN,FLIPPED,FLIPPED,0,5614,2
Estancia MHP-CUST,15147/256,75374684,0256c570-06be-11f1-a3d9-c99c67c82bc1,100,PIN,NOT FLIPPED,NOT FLIPPED,5182,4,1
Estancia MHP-CUST,15147/256,65826342,58c82220-e304-11ef-a5fd-a97d57576080,101,PIN,NOT FLIPPED,NOT FLIPPED,5884,0,1
Estancia MHP-CUST,15147/256,70260383,b6b284e0-668d-11f0-8658-7f4e94e41769,102,PIN,FLIPPED,FLIPPED,2,3792,2
Estancia MHP-CUST,15147/256,65830666,22549000-e4dc-11ef-a76f-4d93d4a482f0,103,PIN,NOT FLIPPED,NOT FLIPPED,5568,19,1
Estancia MHP-CUST,15147/256,65822846,144a0750-26b4-11f0-8272-45e3ef110760,104,PIN,FLIPPED,FLIPPED,2,2352,2
Estancia MHP-CUST,15147/256,75366797,d5d345c0-06bb-11f1-a3d9-c99c67c82bc1,105,PIN,FLIPPED,FLIPPED,0,5822,2
Estancia MHP-CUST,15147/256,65828199,76bcc060-e313-11ef-a5fd-a97d57576080,107,PIN,NOT FLIPPED,NOT FLIPPED,5551,0,1
Estancia MHP-CUST,15147/256,72714829,ecdabda0-06bd-11f1-a3d9-c99c67c82bc1,109,PIN,FLIPPED,FLIPPED,0,5774,2
Estancia MHP-CUST,15147/256,65829510,55c2fb30-e111-11ef-a5fd-a97d57576080,11,PIN,NOT FLIPPED,NOT FLIPPED,3863,9,1
Estancia MHP-CUST,15147/256,70261886,01b8a5b0-6133-11f0-9fcd-87e94e720126,111,PIN,FLIPPED,FLIPPED,1,5494,2
Estancia MHP-CUST,15147/256,75372431,d1808d70-06bb-11f1-a3d9-c99c67c82bc1,116,PIN,FLIPPED,FLIPPED,0,5432,2
Estancia MHP-CUST,15147/256,65822036,e86129a0-e308-11ef-a5fd-a97d57576080,120,PIN,NOT FLIPPED,NOT FLIPPED,4962,10,1
Estancia MHP-CUST,15147/256,75373785,c852b2f0-06bb-11f1-a3d9-c99c67c82bc1,121,PIN,NOT FLIPPED,NOT FLIPPED,4212,10,1
Estancia MHP-CUST,15147/256,65824768,24d4ab30-e4dc-11ef-a76f-4d93d4a482f0,122,PIN,NOT FLIPPED,NOT FLIPPED,4888,13,1
Estancia MHP-CUST,15147/256,65827761,a257e580-bdbe-11ef-8f43-73c96c0de66f,123,PIN,NOT FLIPPED,NOT FLIPPED,30,12,1
Estancia MHP-CUST,15147/256,72713771,e32d3dc0-06bb-11f1-a3d9-c99c67c82bc1,126,PIN,NOT FLIPPED,NOT FLIPPED,5470,21,1
Estancia MHP-CUST,15147/256,65824347,104bb090-26b4-11f0-8272-45e3ef110760,127,PIN,FLIPPED,FLIPPED,30,5055,2
Estancia MHP-CUST,15147/256,75374767,75d30450-06a5-11f1-a3d9-c99c67c82bc1,128,PIN,FLIPPED,FLIPPED,1,1175,2
Estancia MHP-CUST,15147/256,77059303,71d0a260-5c21-11f0-9fcd-87e94e720126,130,PIN,FLIPPED,FLIPPED,1,5854,2
Estancia MHP-CUST,15147/256,75373322,cb442d90-06bb-11f1-a3d9-c99c67c82bc1,132,PIN,FLIPPED,FLIPPED,11,4670,2
Estancia MHP-CUST,15147/256,65822010,d8938040-e30d-11ef-a5fd-a97d57576080,133,PIN,FLIPPED,FLIPPED,6,4466,2
Estancia MHP-CUST,15147/256,65825047,a5f37d30-be4a-11ef-8f43-73c96c0de66f,134,PIN,NOT FLIPPED,NOT FLIPPED,2535,217,1
Estancia MHP-CUST,15147/256,75360436,d68ea680-06bb-11f1-a3d9-c99c67c82bc1,136,PIN,NOT FLIPPED,NOT FLIPPED,5240,27,1
Estancia MHP-CUST,15147/256,65830567,2cad68c0-e657-11ef-bcd4-5bcca9a9134f,138,PIN,NOT FLIPPED,NOT FLIPPED,5607,0,1
Estancia MHP-CUST,15147/256,75372381,de356bd0-06bb-11f1-a3d9-c99c67c82bc1,139,PIN,FLIPPED,FLIPPED,0,5328,2
Estancia MHP-CUST,15147/256,72723655,ff91d910-06bd-11f1-a3d9-c99c67c82bc1,14,PIN,NOT FLIPPED,NOT FLIPPED,5785,1,1
Estancia MHP-CUST,15147/256,75374692,ea6496e0-06a4-11f1-a3d9-c99c67c82bc1,142,PIN,FLIPPED,FLIPPED,0,723,2
Estancia MHP-CUST,15147/256,70258734,feb55b50-6133-11f0-9fcd-87e94e720126,143,PIN,FLIPPED,FLIPPED,0,5763,2
Estancia MHP-CUST,15147/256,72717418,d6a589e0-06bb-11f1-a3d9-c99c67c82bc1,144,PIN,FLIPPED,FLIPPED,22,5325,2
Estancia MHP-CUST,15147/256,75373926,d6227730-06bb-11f1-a3d9-c99c67c82bc1,146,PIN,NOT FLIPPED,NOT FLIPPED,5852,0,1
Estancia MHP-CUST,15147/256,65830484,683342f0-e4dd-11ef-a76f-4d93d4a482f0,147,PIN,NOT FLIPPED,NOT FLIPPED,2537,0,1
Estancia MHP-CUST,15147/256,65823125,7bced210-e308-11ef-a5fd-a97d57576080,148,PIN,NOT FLIPPED,NOT FLIPPED,540,5,1
Estancia MHP-CUST,15147/256,75373777,d9cf5290-06bb-11f1-a3d9-c99c67c82bc1,151,PIN,FLIPPED,FLIPPED,0,5672,2
Estancia MHP-CUST,15147/256,75364636,d6b0d480-06bb-11f1-a3d9-c99c67c82bc1,153,PIN,NOT FLIPPED,NOT FLIPPED,5594,4,1
Estancia MHP-CUST,15147/256,65830161,26e987c0-e5a8-11ef-a76f-4d93d4a482f0,154,PIN,NOT FLIPPED,NOT FLIPPED,5297,70,1
Estancia MHP-CUST,15147/256,65827209,af5e7500-e58c-11ef-a76f-4d93d4a482f0,156,PIN,NOT FLIPPED,NOT FLIPPED,3684,0,1
Estancia MHP-CUST,15147/256,75372613,0c488c30-06be-11f1-a3d9-c99c67c82bc1,16,PIN,NOT FLIPPED,NOT FLIPPED,5148,0,1
Estancia MHP-CUST,15147/256,72724117,d97a54c0-06bb-11f1-a3d9-c99c67c82bc1,164,PIN,FLIPPED,FLIPPED,0,5293,2
Estancia MHP-CUST,15147/256,70267974,d82cc0f0-5223-11f0-acb1-514e01860b07,165,PIN,FLIPPED,FLIPPED,1,5710,2
Estancia MHP-CUST,15147/256,70267891,00b4eb10-c89e-11f0-9842-6d029661c338,170,PIN,NOT FLIPPED,NOT FLIPPED,5831,0,1
Estancia MHP-CUST,15147/256,72717202,1b9a4b50-c89e-11f0-9842-6d029661c338,171,PIN,FLIPPED,FLIPPED,17,5220,2
Estancia MHP-CUST,15147/256,65824172,2ddfa730-e657-11ef-bcd4-5bcca9a9134f,174,PIN,NOT FLIPPED,NOT FLIPPED,5770,11,1
Estancia MHP-CUST,15147/256,65825898,f8258de0-e669-11ef-bcd4-5bcca9a9134f,176,PIN,NOT FLIPPED,NOT FLIPPED,5566,3,1
Estancia MHP-CUST,15147/256,72715883,187bc1b0-c8a8-11f0-9842-6d029661c338,177,PIN,FLIPPED,FLIPPED,11,3323,2
Estancia MHP-CUST,15147/256,70265291,feaee820-6132-11f0-9fcd-87e94e720126,18,PIN,NOT FLIPPED,NOT FLIPPED,2723,52,1
Estancia MHP-CUST,15147/256,72722905,97b03230-c42b-11f0-9842-6d029661c338,181,PIN,FLIPPED,FLIPPED,1,5713,2
Estancia MHP-CUST,15147/256,75374056,e5cd0d60-06a4-11f1-a3d9-c99c67c82bc1,2,PIN,FLIPPED,FLIPPED,24,1525,2
Estancia MHP-CUST,15147/256,65831938,ca43ee60-be52-11ef-8f43-73c96c0de66f,21,PIN,FLIPPED,FLIPPED,0,5671,2
Estancia MHP-CUST,15147/256,70259849,d20bf1f0-66b4-11f0-8658-7f4e94e41769,22,PIN,NOT FLIPPED,NOT FLIPPED,5832,0,1
Estancia MHP-CUST,15147/256,75361228,eb1cd110-06a9-11f1-a3d9-c99c67c82bc1,26,PIN,NOT FLIPPED,NOT FLIPPED,5582,0,1
Estancia MHP-CUST,15147/256,75372571,cfdfd5c0-06bb-11f1-a3d9-c99c67c82bc1,28,PIN,NOT FLIPPED,NOT FLIPPED,3085,0,1
Estancia MHP-CUST,15147/256,70265473,1e398330-5bb1-11f0-9fcd-87e94e720126,3,PIN,FLIPPED,FLIPPED,4,5398,2
Estancia MHP-CUST,15147/256,75364198,ef871160-069b-11f1-a3d9-c99c67c82bc1,30,PIN,NOT FLIPPED,NOT FLIPPED,5317,14,1
Estancia MHP-CUST,15147/256,75374189,de2843e0-06a4-11f1-a3d9-c99c67c82bc1,31,PIN,FLIPPED,FLIPPED,0,4851,2
Estancia MHP-CUST,15147/256,75373900,fdd709b0-06bd-11f1-a3d9-c99c67c82bc1,32,PIN,NOT FLIPPED,NOT FLIPPED,5624,0,1
Estancia MHP-CUST,15147/256,70263395,0a844e20-5bb0-11f0-9fcd-87e94e720126,33,PIN,NOT FLIPPED,NOT FLIPPED,2215,127,1
Estancia MHP-CUST,15147/256,65827001,54307450-e111-11ef-a5fd-a97d57576080,34,PIN,NOT FLIPPED,NOT FLIPPED,420,0,1
Estancia MHP-CUST,15147/256,75372514,d50a5070-06bb-11f1-a3d9-c99c67c82bc1,35,PIN,NOT FLIPPED,NOT FLIPPED,5631,5,1
Estancia MHP-CUST,15147/256,65826706,0e60d930-e0e7-11ef-a5fd-a97d57576080,36,PIN,NOT FLIPPED,NOT FLIPPED,5642,2,1
Estancia MHP-CUST,15147/256,65828249,cc14ddd0-be52-11ef-8f43-73c96c0de66f,39,PIN,NOT FLIPPED,NOT FLIPPED,5132,4,1
Estancia MHP-CUST,15147/256,65823075,efce81c0-e721-11ef-bcd4-5bcca9a9134f,43,PIN,NOT FLIPPED,NOT FLIPPED,566,0,1
Estancia MHP-CUST,15147/256,70261423,b99e4870-66b4-11f0-8658-7f4e94e41769,46,PIN,FLIPPED,FLIPPED,0,1465,2
Estancia MHP-CUST,15147/256,75361889,10efcd20-06be-11f1-a3d9-c99c67c82bc1,5,PIN,NOT FLIPPED,NOT FLIPPED,4703,0,1
Estancia MHP-CUST,15147/256,75372027,9c7a7e80-06a5-11f1-a3d9-c99c67c82bc1,51,PIN,FLIPPED,FLIPPED,6,570,2
Estancia MHP-CUST,15147/256,65821970,afc6b510-e30d-11ef-a5fd-a97d57576080,52,PIN,FLIPPED,FLIPPED,0,5870,2
Estancia MHP-CUST,15147/256,65831920,d117e9a0-e30d-11ef-a5fd-a97d57576080,54 ,PIN,NOT FLIPPED,NOT FLIPPED,4485,0,1
Estancia MHP-CUST,15147/256,72719364,76857cb0-06ab-11f1-a3d9-c99c67c82bc1,55,PIN,FLIPPED,FLIPPED,0,5967,2
Estancia MHP-CUST,15147/256,72724000,fbc427b0-069b-11f1-a3d9-c99c67c82bc1,57,PIN,FLIPPED,FLIPPED,0,3357,2
Estancia MHP-CUST,15147/256,77041772,83ef8f70-3db7-11f0-8e55-b138a1c03c8e,58,PIN,NOT FLIPPED,NOT FLIPPED,5721,0,1
Estancia MHP-CUST,15147/256,72719398,f742e550-069b-11f1-a3d9-c99c67c82bc1,59,PIN,NOT FLIPPED,NOT FLIPPED,5406,1,1
Estancia MHP-CUST,15147/256,75361541,f70b3380-069b-11f1-a3d9-c99c67c82bc1,63,PIN,NOT FLIPPED,NOT FLIPPED,43,11,1
Estancia MHP-CUST,15147/256,75361491,ffa643e0-069b-11f1-a3d9-c99c67c82bc1,64,PIN,FLIPPED,FLIPPED,0,3365,2
Estancia MHP-CUST,15147/256,65827233,802e3490-e308-11ef-a5fd-a97d57576080,65,PIN,NOT FLIPPED,NOT FLIPPED,5756,0,1
Estancia MHP-CUST,15147/256,72723457,3c78f1a0-069c-11f1-a3d9-c99c67c82bc1,68,PIN,FLIPPED,FLIPPED,0,5198,2
Estancia MHP-CUST,15147/256,75367951,1ed0ffe0-06a5-11f1-a3d9-c99c67c82bc1,69,PIN,NOT FLIPPED,NOT FLIPPED,5572,0,1
Estancia MHP-CUST,15147/256,72724265,fbf48680-069b-11f1-a3d9-c99c67c82bc1,70,PIN,NOT FLIPPED,NOT FLIPPED,5677,2,1
Estancia MHP-CUST,15147/256,72722806,f2a05f50-069b-11f1-a3d9-c99c67c82bc1,71,PIN,NOT FLIPPED,NOT FLIPPED,414,0,1
Estancia MHP-CUST,15147/256,72724109,ed614b30-069b-11f1-a3d9-c99c67c82bc1,72,PIN,NOT FLIPPED,NOT FLIPPED,5178,0,1
Estancia MHP-CUST,15147/256,72724125,2ae5e3d0-069c-11f1-a3d9-c99c67c82bc1,74,PIN,FLIPPED,FLIPPED,3,5364,2
Estancia MHP-CUST,15147/256,75364032,3caef5c0-069c-11f1-a3d9-c99c67c82bc1,76,PIN,FLIPPED,FLIPPED,0,4031,2
Estancia MHP-CUST,15147/256,75366664,e8ba5860-069b-11f1-a3d9-c99c67c82bc1,77,PIN,FLIPPED,FLIPPED,1,253,2
Estancia MHP-CUST,15147/256,75372209,89f128d0-06b0-11f1-a3d9-c99c67c82bc1,8,PIN,NOT FLIPPED,NOT FLIPPED,4519,1,1
Estancia MHP-CUST,15147/256,65825559,46422150-01db-11f0-92a4-09772dfb61f8,83,PIN,NOT FLIPPED,NOT FLIPPED,347,0,1
Estancia MHP-CUST,15147/256,70261845,b65034e0-6672-11f0-8658-7f4e94e41769,84,PIN,FLIPPED,FLIPPED,0,5721,2
Estancia MHP-CUST,15147/256,75361350,e68ec5d0-069b-11f1-a3d9-c99c67c82bc1,85,PIN,FLIPPED,FLIPPED,78,2228,2
Estancia MHP-CUST,15147/256,65825955,f5e1ca30-e30d-11ef-a5fd-a97d57576080,86,PIN,NOT FLIPPED,NOT FLIPPED,5829,10,1
Estancia MHP-CUST,15147/256,65830757,d7c38420-e4d0-11ef-a76f-4d93d4a482f0,87,PIN,NOT FLIPPED,NOT FLIPPED,5154,15,1
Estancia MHP-CUST,15147/256,65822556,0ea89170-e4d5-11ef-a76f-4d93d4a482f0,88,PIN,NOT FLIPPED,NOT FLIPPED,3754,48,1
Estancia MHP-CUST,15147/256,70272008,fc0a2df0-6132-11f0-9fcd-87e94e720126,91,PIN,NOT FLIPPED,NOT FLIPPED,5603,4,1
Estancia MHP-CUST,15147/256,72720750,003a4680-069c-11f1-a3d9-c99c67c82bc1,93,PIN,NOT FLIPPED,NOT FLIPPED,4107,5,1
Estancia MHP-CUST,15147/256,75370724,fe8969c0-06bd-11f1-a3d9-c99c67c82bc1,95,PIN,NOT FLIPPED,NOT FLIPPED,5618,14,1
Estancia MHP-CUST,15147/256,75365161,a3cb9e30-06af-11f1-a3d9-c99c67c82bc1,96,PIN,FLIPPED,FLIPPED,0,5260,2
Estancia MHP-CUST,15147/256,75366490,075ec400-06be-11f1-a3d9-c99c67c82bc1,99,PIN,FLIPPED,FLIPPED,0,5352,2
Fair Lane MHC,15154/260,79460885,e6a25960-39d6-11f1-b198-172a4a9f25c9,24,PIN,FLIPPED,FLIPPED,15,5725,2
Fair Meadows MHC,16022/260,77062125,835ecd30-4151-11f0-8e55-b138a1c03c8e,101,PIN,FLIPPED,FLIPPED,0,3387,2
Fair Meadows MHC,16022/260,65823331,a24eb820-be4a-11ef-8f43-73c96c0de66f,105,PIN,FLIPPED,FLIPPED,0,5526,2
Fair Meadows MHC,16022/260,75362473,3ecf7e00-3aa0-11f1-b198-172a4a9f25c9,109,PIN,NOT FLIPPED,NOT FLIPPED,5415,0,1
Fair Meadows MHC,16022/260,75362762,b99436d0-4d65-11f1-b1bb-f3574cce671d,113,PIN,FLIPPED,FLIPPED,0,5714,2
Fair Meadows MHC,16022/260,65826011,6698a180-e5a8-11ef-a76f-4d93d4a482f0,115,PIN,FLIPPED,FLIPPED,0,5221,2
Fair Meadows MHC,16022/260,72378985,7d82e5f0-ad43-11f0-98a7-c3bc57f9afe3,136,PIN,NOT FLIPPED,NOT FLIPPED,4775,0,1
Fair Meadows MHC,16022/260,75370047,d0afc8c0-48ce-11f1-bc16-b52012ce6db2,141,PIN,NOT FLIPPED,NOT FLIPPED,5287,0,1
Fair Meadows MHC,16022/260,70260839,7c9da560-5246-11f0-acb1-514e01860b07,144,PIN,FLIPPED,FLIPPED,0,5650,2
Fair Meadows MHC,16022/260,77041293,8ccf7d10-4151-11f0-8e55-b138a1c03c8e,157,PIN,NOT FLIPPED,NOT FLIPPED,5154,0,1
Fair Meadows MHC,16022/260,79466536,61b16e90-4cd1-11f1-b1bb-f3574cce671d,165,PIN,FLIPPED,FLIPPED,0,5504,2
Fair Meadows MHC,16022/260,70258593,fcf7f3e0-6133-11f0-9fcd-87e94e720126,169,PIN,FLIPPED,FLIPPED,0,5505,2
Fair Meadows MHC,16022/260,65830005,3458f340-ea2c-11ef-b35e-23eef2ba43da,173,PIN,FLIPPED,FLIPPED,0,5441,2
Fair Meadows MHC,16022/260,65827365,5a9a0c00-fedc-11ef-8b47-3b1189d492f9,186,PIN,FLIPPED,FLIPPED,0,4651,2
Fair Meadows MHC,16022/260,65827092,a16ab490-3d9d-11f0-8e55-b138a1c03c8e,201,PIN,FLIPPED,FLIPPED,0,5154,2
Fair Meadows MHC,16022/260,72388885,ff91c0c0-82e1-11f0-8b4a-0d0197d44616,202,PIN,FLIPPED,FLIPPED,0,5498,2
Fair Meadows MHC,16022/260,77053793,59d2b4b0-3da3-11f0-8e55-b138a1c03c8e,235,PIN,NOT FLIPPED,NOT FLIPPED,5008,0,1
Fair Meadows MHC,16022/260,75371854,2fa39a50-4d66-11f1-b1bb-f3574cce671d,243,PIN,FLIPPED,FLIPPED,0,5395,2
Fair Meadows MHC,16022/260,79455257,34dce210-4d66-11f1-b1bb-f3574cce671d,247,PIN,FLIPPED,FLIPPED,0,5598,2
Fair Meadows MHC,16022/260,77053926,568985c0-3cf6-11f0-8e55-b138a1c03c8e,250,PIN,FLIPPED,FLIPPED,0,5748,2
Fair Meadows MHC,16022/260,72381625,8dd07b70-ad43-11f0-98a7-c3bc57f9afe3,255,PIN,NOT FLIPPED,NOT FLIPPED,5923,1,1
Fair Meadows MHC,16022/260,75368264,ce716d20-4b21-11f1-bc16-b52012ce6db2,263,PIN,FLIPPED,FLIPPED,0,5012,2
Fair Meadows MHC,16022/260,75368322,1f13a3d0-4b25-11f1-bc16-b52012ce6db2,267,PIN,NOT FLIPPED,NOT FLIPPED,4816,0,1
Fair Meadows MHC,16022/260,70271372,320772f0-5247-11f0-acb1-514e01860b07,270,PIN,FLIPPED,FLIPPED,1,4810,2
Fair Meadows MHC,16022/260,75369585,1f34eed0-4b22-11f1-bc16-b52012ce6db2,282,PIN,FLIPPED,FLIPPED,0,4256,2
Fair Meadows MHC,16022/260,75365690,51ab8690-3aa0-11f1-b198-172a4a9f25c9,286,PIN,NOT FLIPPED,NOT FLIPPED,5578,0,1
Fair Meadows MHC,16022/260,65830021,d45ef800-01fe-11f0-92a4-09772dfb61f8,6151,PIN,FLIPPED,FLIPPED,0,5531,2
Fair Meadows MHC,16022/260,65831722,0fb16310-c943-11ef-8f43-73c96c0de66f,6155,PIN,FLIPPED,FLIPPED,0,5806,2
Fair Meadows MHC,16022/260,75364115,fe0968c0-4ce4-11f1-b1bb-f3574cce671d,6159,PIN,FLIPPED,FLIPPED,0,5491,2
Flower Mound MHC-CUST,362/209,72384504,2862a020-a92d-11f0-98a7-c3bc57f9afe3,13,PIN-B,FLIPPED,FLIPPED,1047,2406,2
Flower Mound MHC-CUST,362/209,72380114,cfbba7d0-a938-11f0-98a7-c3bc57f9afe3,2,PIN-B,NOT FLIPPED,NOT FLIPPED,2325,805,1
Flower Mound MHC-CUST,362/209,70266695,6b047690-a939-11f0-98a7-c3bc57f9afe3,21,PIN,FLIPPED,FLIPPED,115,3193,2
Flower Mound MHC-CUST,362/209,72391921,bf8ef5e0-a93a-11f0-98a7-c3bc57f9afe3,29,PIN,FLIPPED,FLIPPED,0,4443,2
Flower Mound MHC-CUST,362/209,70271505,fa402430-a92f-11f0-98a7-c3bc57f9afe3,31,PIN-B,FLIPPED,FLIPPED,765,1583,2
Flower Mound MHC-CUST,362/209,70269715,3c4f7c70-a92d-11f0-98a7-c3bc57f9afe3,5,PIN,FLIPPED,FLIPPED,0,146,2
Forest at Sherman MHC-CUST,362/209,77058222,f4febc60-3d92-11f0-8e55-b138a1c03c8e,3,PIN,FLIPPED,FLIPPED,0,5159,2
Forest at Sherman MHC-CUST,362/209,65829270,d43a0ae0-01fe-11f0-92a4-09772dfb61f8,58,PIN,FLIPPED,FLIPPED,13,5408,2
Forest at Sherman MHC-CUST,362/209,65822622,60fcbee0-b8db-11ef-8f43-73c96c0de66f,60,PIN,FLIPPED,FLIPPED,84,4923,2
Forest at Sherman MHC-CUST,362/209,65822630,a39141e0-cf6f-11ef-8f43-73c96c0de66f,63,PIN,NOT FLIPPED,NOT FLIPPED,5861,0,1
Forest at Sherman MHC-CUST,362/209,65830500,e2128860-e0e6-11ef-a5fd-a97d57576080,78,PIN,FLIPPED,FLIPPED,0,5376,2
Forest at Sherman MHC-CUST,362/209,65826276,a0872ba0-cf6e-11ef-8f43-73c96c0de66f,85,PIN,FLIPPED,FLIPPED,3,4653,2
Forest at Sherman MHC-CUST,362/209,65822598,8173a9c0-e240-11ef-a5fd-a97d57576080,86,PIN,FLIPPED,FLIPPED,18,5486,2
Forest at Sherman MHC-CUST,362/209,65831375,b9ad8be0-b977-11ef-8f43-73c96c0de66f,87,PIN-B,FLIPPED,FLIPPED,126,932,2
Forest at Sherman MHC-CUST,362/209,65826185,beb7d160-d955-11ef-b6c0-d371c5346bb9,88,PIN-B,NOT FLIPPED,NOT FLIPPED,3765,41,1
Forest at Sherman MHC-CUST,362/209,65826243,ce76e050-b989-11ef-8f43-73c96c0de66f,94,PIN,FLIPPED,FLIPPED,0,2985,2
Forest at Sherman MHC-CUST,362/209,70260284,e225a1f0-629d-11f0-8658-7f4e94e41769,95,PIN,NOT FLIPPED,NOT FLIPPED,5450,59,1
Forest at Sherman MHC-CUST,362/209,70260524,e14602f0-52dc-11f0-acb1-514e01860b07,97,PIN,FLIPPED,FLIPPED,35,5000,2
Fowler Apts MF,362/209,77029439,c56a80e0-35a6-11f0-8e55-b138a1c03c8e,701,PIN,NOT FLIPPED,NOT FLIPPED,3614,6,1
Fowler Apts MF,362/209,77057877,dc10b0d0-35a6-11f0-8e55-b138a1c03c8e,707,PIN,FLIPPED,FLIPPED,0,5408,2
Freedom MHP,363/219,72716915,ac2a0720-d21f-11f0-b691-d965a62fa4fa,3,PIN-B,NOT FLIPPED,NOT FLIPPED,2251,872,1
Glenn Dorado,362/209,72378472,3e2508c0-842b-11f0-8b4a-0d0197d44616,105,PIN-B,FLIPPED,FLIPPED,59,1257,2
Glenn Dorado,362/209,72382789,9df1d2c0-9a69-11f0-b5af-5dfa9891b485,204,PIN-B,NOT FLIPPED,NOT FLIPPED,1411,98,1
Grand Central MHP,15090/254,72387549,5e165fa0-ad32-11f0-98a7-c3bc57f9afe3,10,PIN,NOT FLIPPED,NOT FLIPPED,2948,0,1
Grand Central MHP,15090/254,72391376,be6f8360-ad30-11f0-98a7-c3bc57f9afe3,12,PIN,FLIPPED,FLIPPED,3,5395,2
Grand Central MHP,15090/254,72387671,792567f0-ad32-11f0-98a7-c3bc57f9afe3,15,PIN,NOT FLIPPED,NOT FLIPPED,5328,2,1
Grand Central MHP,15090/254,72380338,b9a04810-ad30-11f0-98a7-c3bc57f9afe3,2,PIN,FLIPPED,FLIPPED,0,5209,2
Grand Central MHP,15090/254,72387812,33e21530-ad32-11f0-98a7-c3bc57f9afe3,22,PIN,FLIPPED,FLIPPED,36,4264,2
Grand Central MHP,15090/254,75369601,1615c3a0-f65a-11f0-b153-63024d3301e1,4,PIN,FLIPPED,FLIPPED,1,784,2
Grand Central MHP,15090/254,72387176,c0e935f0-ad30-11f0-98a7-c3bc57f9afe3,7,PIN,NOT FLIPPED,NOT FLIPPED,336,1,1
Green Acres MHC,362/209,72387713,247db820-ad3b-11f0-98a7-c3bc57f9afe3,18,PIN,FLIPPED,FLIPPED,0,5872,2
Green Grove Trailer Court MHC,16131/296,65826193,7ab41de0-0202-11f0-92a4-09772dfb61f8,22,PIN,NOT FLIPPED,NOT FLIPPED,2558,0,1
Green Grove Trailer Court MHC,16131/296,70261944,805255c0-62a9-11f0-8658-7f4e94e41769,24,PIN,FLIPPED,FLIPPED,8,5397,2
Green Grove Trailer Court MHC,16131/296,65830377,fd32e010-d504-11ef-b247-3918401509a2,26,PIN,NOT FLIPPED,NOT FLIPPED,5693,6,1
Green Grove Trailer Court MHC,16131/296,77055129,89c602d0-3d0d-11f0-8e55-b138a1c03c8e,27,PIN,FLIPPED,FLIPPED,0,5581,2
Green Grove Trailer Court MHC,16131/296,70259146,928a1010-666f-11f0-8658-7f4e94e41769,28,PIN,FLIPPED,FLIPPED,0,5611,2
Green Grove Trailer Court MHC,16131/296,65825989,5f99c030-01dc-11f0-92a4-09772dfb61f8,31,PIN,FLIPPED,FLIPPED,0,5689,2
Green Grove Trailer Court MHC,16131/296,77057273,a1d76cb0-3524-11f0-8e55-b138a1c03c8e,32,PIN,FLIPPED,FLIPPED,0,5663,2
Green Grove Trailer Court MHC,16131/296,65824107,9cf4d590-be35-11ef-8f43-73c96c0de66f,33,PIN,NOT FLIPPED,NOT FLIPPED,5548,3,1
Green Grove Trailer Court MHC,16131/296,70269863,efff14d0-5223-11f0-acb1-514e01860b07,4,PIN,NOT FLIPPED,NOT FLIPPED,5664,0,1
Green Grove Trailer Court MHC,16131/296,65831649,a9892ac0-260b-11f0-8272-45e3ef110760,5,PIN,FLIPPED,FLIPPED,15,5793,2
Green Grove Trailer Court MHC,16131/296,70259997,d3197f10-666c-11f0-8658-7f4e94e41769,6,PIN,FLIPPED,FLIPPED,116,4615,2
Haven MHP,16131/296,75360477,adc75240-4cc7-11f1-b1bb-f3574cce671d,10,PIN,NOT FLIPPED,NOT FLIPPED,5494,0,1
Haven MHP,16131/296,79465892,8f26bec0-4cc7-11f1-b1bb-f3574cce671d,11,PIN,NOT FLIPPED,NOT FLIPPED,5538,0,1
Haven MHP,16131/296,75364891,ca441b60-4cc7-11f1-b1bb-f3574cce671d,13,PIN,FLIPPED,FLIPPED,5,5668,2
Haven MHP,16131/296,75368967,0de52fd0-4cc8-11f1-b1bb-f3574cce671d,14,PIN,NOT FLIPPED,NOT FLIPPED,5572,2,1
Haven MHP,16131/296,75367613,b8aa7de0-4cc7-11f1-b1bb-f3574cce671d,18,PIN,NOT FLIPPED,NOT FLIPPED,303,14,1
Haven MHP,16131/296,75369080,b477f7c0-4cc7-11f1-b1bb-f3574cce671d,2,PIN,NOT FLIPPED,NOT FLIPPED,5988,0,1
Haven MHP,16131/296,75366425,eeb49150-4cc7-11f1-b1bb-f3574cce671d,20,PIN,FLIPPED,FLIPPED,12,5817,2
Haven MHP,16131/296,79466080,eb593150-4cc7-11f1-b1bb-f3574cce671d,22,PIN,NOT FLIPPED,NOT FLIPPED,4917,0,1
Haven MHP,16131/296,75368926,101949a0-4b22-11f1-bc16-b52012ce6db2,23,PIN,NOT FLIPPED,NOT FLIPPED,4814,61,1
Haven MHP,16131/296,79462949,b61023f0-4cc7-11f1-b1bb-f3574cce671d,5,PIN,NOT FLIPPED,NOT FLIPPED,5894,0,1
Haven MHP,16131/296,75361459,f669d590-4cc7-11f1-b1bb-f3574cce671d,8,PIN,FLIPPED,FLIPPED,22,49,2
Heritage Apartments,16131/296,75371227,b0972d90-4805-11f1-969c-6109d9dfb138,201,PIN,FLIPPED,FLIPPED,0,2690,2
Heritage Apartments,16131/296,75362598,d2d64490-4805-11f1-969c-6109d9dfb138,A1,PIN,FLIPPED,FLIPPED,0,1139,2
Heritage Apartments,16131/296,79455711,85d262f0-4805-11f1-969c-6109d9dfb138,A2,PIN,FLIPPED,FLIPPED,1,5540,2
Heritage Apartments,16131/296,75371615,da745750-4805-11f1-969c-6109d9dfb138,A3,PIN,NOT FLIPPED,NOT FLIPPED,5764,0,1
Heritage Apartments,16131/296,79462493,5f8dfae0-4806-11f1-969c-6109d9dfb138,A4,PIN,FLIPPED,FLIPPED,1,5241,2
Heritage Apartments,16131/296,75369171,a6e99bc0-4805-11f1-969c-6109d9dfb138,A5,PIN,FLIPPED,FLIPPED,0,4917,2
Heritage Apartments,16131/296,75361079,d61bd2a0-4805-11f1-969c-6109d9dfb138,A6,PIN,NOT FLIPPED,NOT FLIPPED,5540,0,1
Heritage Apartments,16131/296,75364545,a7055160-4816-11f1-969c-6109d9dfb138,A7,PIN,NOT FLIPPED,NOT FLIPPED,5056,1,1
Heritage Apartments,16131/296,79466361,d09d4480-4805-11f1-969c-6109d9dfb138,A8,PIN,FLIPPED,FLIPPED,0,5757,2
Heritage Apartments,16131/296,79462758,daee4240-4805-11f1-969c-6109d9dfb138,B1,PIN,NOT FLIPPED,NOT FLIPPED,5361,2,1
Heritage Apartments,16131/296,75374783,f34016a0-4816-11f1-969c-6109d9dfb138,B2,PIN,NOT FLIPPED,NOT FLIPPED,5486,0,1
Heritage Apartments,16131/296,75364875,1f6d4480-480f-11f1-969c-6109d9dfb138,B3,PIN,FLIPPED,FLIPPED,1,4980,2
Heritage Apartments,16131/296,75361020,6ec08370-4806-11f1-969c-6109d9dfb138,B4,PIN,NOT FLIPPED,NOT FLIPPED,5681,0,1
Heritage Apartments,16131/296,75361723,77a6b780-480f-11f1-969c-6109d9dfb138,B5,PIN,FLIPPED,FLIPPED,0,5390,2
Heritage Apartments,16131/296,75368173,ca41c3e0-4805-11f1-969c-6109d9dfb138,B6,PIN,FLIPPED,FLIPPED,0,848,2
Heritage Apartments,16131/296,75369452,aef1d240-4816-11f1-969c-6109d9dfb138,B7,PIN,NOT FLIPPED,NOT FLIPPED,1653,5,1
Heritage Apartments,16131/296,79465991,88847ae0-4816-11f1-969c-6109d9dfb138,C1,PIN,NOT FLIPPED,NOT FLIPPED,5637,0,1
Heritage Apartments,16131/296,79461230,933c8790-4805-11f1-969c-6109d9dfb138,C2,PIN,NOT FLIPPED,NOT FLIPPED,5619,0,1
Heritage Apartments,16131/296,79466254,208a4d40-480f-11f1-969c-6109d9dfb138,C3,PIN,NOT FLIPPED,NOT FLIPPED,5541,3,1
Heritage Apartments,16131/296,75360220,98870d60-4805-11f1-969c-6109d9dfb138,C4,PIN,FLIPPED,FLIPPED,0,5774,2
Heritage Apartments,16131/296,79454797,ec36b280-4805-11f1-969c-6109d9dfb138,C5,PIN,NOT FLIPPED,NOT FLIPPED,5640,1,1
Heritage Apartments,16131/296,75370641,f064a4c0-4805-11f1-969c-6109d9dfb138,C6,PIN,FLIPPED,FLIPPED,0,5781,2
Heritage Apartments,16131/296,75365013,ec74a5e0-4805-11f1-969c-6109d9dfb138,C7,PIN,NOT FLIPPED,NOT FLIPPED,5555,9,1
Heritage Apartments,16131/296,75361707,10dd7780-4802-11f1-969c-6109d9dfb138,C8,PIN,NOT FLIPPED,NOT FLIPPED,5550,0,1
Heritage Apartments,16131/296,75364990,f54aad50-480e-11f1-969c-6109d9dfb138,D1,PIN,NOT FLIPPED,NOT FLIPPED,5728,0,1
Heritage Apartments,16131/296,75369635,c71aba50-4805-11f1-969c-6109d9dfb138,D2,PIN,NOT FLIPPED,NOT FLIPPED,4176,0,1
Heritage Apartments,16131/296,79467104,bde7fdd0-4805-11f1-969c-6109d9dfb138,D3,PIN,NOT FLIPPED,NOT FLIPPED,5765,0,1
Heritage Apartments,16131/296,79465660,a7a34ed0-4805-11f1-969c-6109d9dfb138,D5,PIN,NOT FLIPPED,NOT FLIPPED,5778,0,1
Heritage Apartments,16131/296,75366110,c70a8320-4804-11f1-969c-6109d9dfb138,D6,PIN,FLIPPED,FLIPPED,0,930,2
Heritage Apartments,16131/296,79453476,9974d9b0-480e-11f1-969c-6109d9dfb138,D7,PIN,FLIPPED,FLIPPED,0,2360,2
Heritage Apartments,16131/296,79467138,9b318960-4804-11f1-969c-6109d9dfb138,D8,PIN,FLIPPED,FLIPPED,0,3020,2
Heritage Apartments,16131/296,75362754,52571810-4802-11f1-969c-6109d9dfb138,E1,PIN,FLIPPED,FLIPPED,0,5541,2
Heritage Apartments,16131/296,79463384,12dd1810-4802-11f1-969c-6109d9dfb138,E2,PIN,NOT FLIPPED,NOT FLIPPED,774,0,1
Heritage Apartments,16131/296,79462899,60f501c0-4802-11f1-969c-6109d9dfb138,E4,PIN,NOT FLIPPED,NOT FLIPPED,5512,0,1
Heritage Apartments,16131/296,75369023,6fb591d0-4806-11f1-969c-6109d9dfb138,E5,PIN,NOT FLIPPED,NOT FLIPPED,5745,0,1
Heritage Apartments,16131/296,75360246,450b50e0-4802-11f1-969c-6109d9dfb138,E6,PIN,FLIPPED,FLIPPED,1,5728,2
Heritage Apartments,16131/296,75360212,51374e30-4818-11f1-969c-6109d9dfb138,E7,PIN,NOT FLIPPED,NOT FLIPPED,5868,0,1
Heritage Apartments,16131/296,79466148,1d5af230-4802-11f1-969c-6109d9dfb138,E8,PIN,NOT FLIPPED,NOT FLIPPED,5580,0,1
Highland Terrace,16185/314,72384397,df50a0f0-ad44-11f0-98a7-c3bc57f9afe3,11,PIN,NOT FLIPPED,NOT FLIPPED,5402,8,1
Highland Terrace,16185/314,75364719,40028360-48d0-11f1-bc16-b52012ce6db2,34,PIN,FLIPPED,FLIPPED,18,3761,2
Highland Terrace,16185/314,70265176,f6d43560-ad40-11f0-98a7-c3bc57f9afe3,37,PIN,FLIPPED,FLIPPED,1,5257,2
Highland Terrace,16185/314,72380536,2b23eea0-ad41-11f0-98a7-c3bc57f9afe3,45,PIN,FLIPPED,FLIPPED,34,5145,2
Highland Terrace,16185/314,75367241,6685ba30-9041-11f1-a1a6-391af391818e,46,PIN,NOT FLIPPED,NOT FLIPPED,5413,29,1
Highland Terrace,16185/314,72384280,df332de0-ad44-11f0-98a7-c3bc57f9afe3,53,PIN,NOT FLIPPED,NOT FLIPPED,308,42,1
Highland Terrace,16185/314,75361616,74bb3bd0-48c9-11f1-bc16-b52012ce6db2,59,PIN,FLIPPED,FLIPPED,0,5327,2
Highland Terrace,16185/314,75369965,3d645d10-48c9-11f1-bc16-b52012ce6db2,A,PIN,NOT FLIPPED,NOT FLIPPED,5526,0,1
Highlands MHC,362/209,72719489,2b851860-fc88-11f0-8726-d3fa6d0d96af,02A,PIN,FLIPPED,FLIPPED,4,425,2
Highlands MHC,362/209,75374619,2b5718b0-fe37-11f0-8726-d3fa6d0d96af,12A,PIN-B,FLIPPED,FLIPPED,380,1568,2
Highlands MHC,362/209,75362820,6c4765d0-fe07-11f0-8726-d3fa6d0d96af,13,PIN,FLIPPED,FLIPPED,0,619,2
Highlands MHC,362/209,75361426,ea6eaa80-fe08-11f0-8726-d3fa6d0d96af,15,PIN,NOT FLIPPED,NOT FLIPPED,5828,0,1
Highlands MHC,362/209,75370245,ef6d9270-fe36-11f0-8726-d3fa6d0d96af,15A,PIN-B,FLIPPED,FLIPPED,511,3601,2
Highlands MHC,362/209,75363521,f0e2ce20-fe06-11f0-8726-d3fa6d0d96af,16,PIN-B,FLIPPED,FLIPPED,679,2211,2
Highlands MHC,362/209,75365617,f6e6fca0-fe2a-11f0-8726-d3fa6d0d96af,16A,PIN-B,NOT FLIPPED,NOT FLIPPED,2760,1145,1
Highlands MHC,362/209,72718036,0f452020-fe07-11f0-8726-d3fa6d0d96af,3,PIN,NOT FLIPPED,NOT FLIPPED,3847,0,1
Highlands MHC,362/209,72719539,ef0d2e50-fe07-11f0-8726-d3fa6d0d96af,4A,PIN,NOT FLIPPED,NOT FLIPPED,5351,0,1
Highlands MHC,362/209,75374833,fc224030-fe2a-11f0-8726-d3fa6d0d96af,6A,PIN,NOT FLIPPED,NOT FLIPPED,243,9,1
Hillview MHC,16185/314,72722228,9e8416e0-e487-11f0-8900-8bd481ce9a44,16,PIN,NOT FLIPPED,NOT FLIPPED,346,144,1
Island Club MHC-CUST,16022/260,75368462,fc75f5e0-5497-11f1-b1bb-f3574cce671d,108,PIN,FLIPPED,FLIPPED,3,4229,2
Kachina,362/209,72385535,28ecc1b0-8420-11f0-8b4a-0d0197d44616,10,PIN,NOT FLIPPED,NOT FLIPPED,4164,3,1
Kachina,362/209,77052183,949eecc0-2639-11f0-8272-45e3ef110760,15,PIN,FLIPPED,FLIPPED,0,5746,2
Kachina,362/209,70267255,a44a0850-62a0-11f0-8658-7f4e94e41769,18,PIN,NOT FLIPPED,NOT FLIPPED,4903,0,1
Kachina,362/209,72720628,28f878f0-d229-11f0-b691-d965a62fa4fa,2,PIN,FLIPPED,FLIPPED,0,4395,2
Kachina,362/209,70260185,b1fb4810-62a0-11f0-8658-7f4e94e41769,7,PIN,FLIPPED,FLIPPED,0,157,2
Kay Bee Mobile Villa MHP,16131/296,72720529,5bd33150-cfab-11f0-9bfa-a7eff651ff22,1,PIN,FLIPPED,FLIPPED,8,2817,2
Kay Bee Mobile Villa MHP,16131/296,70272354,3ba4d1e0-cfab-11f0-9bfa-a7eff651ff22,10,PIN,NOT FLIPPED,NOT FLIPPED,5695,0,1
Kay Bee Mobile Villa MHP,16131/296,72718457,c47f0f80-c75e-11f0-9842-6d029661c338,100,PIN,NOT FLIPPED,NOT FLIPPED,5499,4,1
Kay Bee Mobile Villa MHP,16131/296,72722210,9bb29270-c75e-11f0-9842-6d029661c338,101,PIN,NOT FLIPPED,NOT FLIPPED,5532,0,1
Kay Bee Mobile Villa MHP,16131/296,72723044,a96c5db0-c75e-11f0-9842-6d029661c338,102,PIN,FLIPPED,FLIPPED,0,4000,2
Kay Bee Mobile Villa MHP,16131/296,70271653,a4a2b810-cfab-11f0-9bfa-a7eff651ff22,103,PIN,FLIPPED,FLIPPED,2,5738,2
Kay Bee Mobile Villa MHP,16131/296,72720214,b8003540-c75e-11f0-9842-6d029661c338,104,PIN,FLIPPED,FLIPPED,0,5990,2
Kay Bee Mobile Villa MHP,16131/296,72714258,07d5e8b0-c437-11f0-9842-6d029661c338,106,PIN,FLIPPED,FLIPPED,9,5767,2
Kay Bee Mobile Villa MHP,16131/296,72719604,d43dd040-c813-11f0-9842-6d029661c338,11,PIN,NOT FLIPPED,NOT FLIPPED,5800,0,1
Kay Bee Mobile Villa MHP,16131/296,72718192,f9fd3460-c813-11f0-9842-6d029661c338,12,PIN,NOT FLIPPED,NOT FLIPPED,5825,0,1
Kay Bee Mobile Villa MHP,16131/296,72714043,a6a85970-c813-11f0-9842-6d029661c338,13,PIN,NOT FLIPPED,NOT FLIPPED,539,130,1
Kay Bee Mobile Villa MHP,16131/296,72385923,0b78eee0-82e2-11f0-8b4a-0d0197d44616,16,PIN,FLIPPED,FLIPPED,0,5553,2
Kay Bee Mobile Villa MHP,16131/296,72724497,b91ceda0-c813-11f0-9842-6d029661c338,18,PIN,NOT FLIPPED,NOT FLIPPED,5209,1,1
Kay Bee Mobile Villa MHP,16131/296,72719513,23e42220-c814-11f0-9842-6d029661c338,19,PIN,NOT FLIPPED,NOT FLIPPED,3326,16,1
Kay Bee Mobile Villa MHP,16131/296,72715677,acea1610-cf9e-11f0-9bfa-a7eff651ff22,2,PIN,NOT FLIPPED,NOT FLIPPED,5647,0,1
Kay Bee Mobile Villa MHP,16131/296,72717012,f8b57ad0-c431-11f0-9842-6d029661c338,20,PIN,FLIPPED,FLIPPED,0,5531,2
Kay Bee Mobile Villa MHP,16131/296,72715974,f9fd4ad0-c436-11f0-9842-6d029661c338,21,PIN,FLIPPED,FLIPPED,0,5711,2
Kay Bee Mobile Villa MHP,16131/296,72719802,c7760620-c813-11f0-9842-6d029661c338,22,PIN,FLIPPED,FLIPPED,0,1404,2
Kay Bee Mobile Villa MHP,16131/296,72722087,f0e8bb30-cf9b-11f0-9bfa-a7eff651ff22,23,PIN,FLIPPED,FLIPPED,0,5757,2
Kay Bee Mobile Villa MHP,16131/296,72720552,c69e6370-c816-11f0-9842-6d029661c338,24,PIN,FLIPPED,FLIPPED,0,5668,2
Kay Bee Mobile Villa MHP,16131/296,72720636,12d45d30-cfab-11f0-9bfa-a7eff651ff22,25,PIN,FLIPPED,FLIPPED,0,5695,2
Kay Bee Mobile Villa MHP,16131/296,72715370,a69ee390-c813-11f0-9842-6d029661c338,26,PIN,NOT FLIPPED,NOT FLIPPED,5708,2,1
Kay Bee Mobile Villa MHP,16131/296,72717665,a804bdd0-c431-11f0-9842-6d029661c338,3,PIN,FLIPPED,FLIPPED,1,5306,2
Kay Bee Mobile Villa MHP,16131/296,70272073,cbe7ec20-cf9b-11f0-9bfa-a7eff651ff22,30,PIN,NOT FLIPPED,NOT FLIPPED,5320,0,1
Kay Bee Mobile Villa MHP,16131/296,72715412,61540960-cfab-11f0-9bfa-a7eff651ff22,31,PIN,FLIPPED,FLIPPED,0,293,2
Kay Bee Mobile Villa MHP,16131/296,72722095,49822120-cf9f-11f0-9bfa-a7eff651ff22,34,PIN,FLIPPED,FLIPPED,0,1434,2
Kay Bee Mobile Villa MHP,16131/296,72722343,cd39daa0-c813-11f0-9842-6d029661c338,35,PIN,NOT FLIPPED,NOT FLIPPED,2015,25,1
Kay Bee Mobile Villa MHP,16131/296,72717640,834ae710-cf9b-11f0-9bfa-a7eff651ff22,36,PIN,NOT FLIPPED,NOT FLIPPED,5567,0,1
Kay Bee Mobile Villa MHP,16131/296,72719885,aa4c0d10-c813-11f0-9842-6d029661c338,39,PIN,NOT FLIPPED,NOT FLIPPED,5762,5,1
Kay Bee Mobile Villa MHP,16131/296,72720248,940b9670-cfab-11f0-9bfa-a7eff651ff22,4,PIN,FLIPPED,FLIPPED,0,5512,2
Kay Bee Mobile Villa MHP,16131/296,72724521,871a1b80-c81c-11f0-9842-6d029661c338,40,PIN,NOT FLIPPED,NOT FLIPPED,5909,0,1
Kay Bee Mobile Villa MHP,16131/296,72714860,afc3bd60-c813-11f0-9842-6d029661c338,41,PIN,FLIPPED,FLIPPED,1,4847,2
Kay Bee Mobile Villa MHP,16131/296,72718127,5d1bddf0-cfab-11f0-9bfa-a7eff651ff22,42,PIN,FLIPPED,FLIPPED,0,5570,2
Kay Bee Mobile Villa MHP,16131/296,72723309,caf91260-c813-11f0-9842-6d029661c338,43,PIN,NOT FLIPPED,NOT FLIPPED,5254,33,1
Kay Bee Mobile Villa MHP,16131/296,72714399,257be840-cfab-11f0-9bfa-a7eff651ff22,44,PIN,FLIPPED,FLIPPED,178,4425,2
Kay Bee Mobile Villa MHP,16131/296,72716816,13094fe0-cfab-11f0-9bfa-a7eff651ff22,45,PIN,FLIPPED,FLIPPED,0,5396,2
Kay Bee Mobile Villa MHP,16131/296,79463111,f21178a0-3a97-11f1-b198-172a4a9f25c9,46,PIN,FLIPPED,FLIPPED,0,5846,2
Kay Bee Mobile Villa MHP,16131/296,75373512,1836eb50-f23b-11f0-8900-8bd481ce9a44,47,PIN,FLIPPED,FLIPPED,0,2101,2
Kay Bee Mobile Villa MHP,16131/296,72717319,5d904aa0-cfab-11f0-9bfa-a7eff651ff22,48,PIN,NOT FLIPPED,NOT FLIPPED,4792,0,1
Kay Bee Mobile Villa MHP,16131/296,72721139,83b7b2a0-cf9b-11f0-9bfa-a7eff651ff22,49,PIN,FLIPPED,FLIPPED,0,5716,2
Kay Bee Mobile Villa MHP,16131/296,72722004,58e9f410-cfab-11f0-9bfa-a7eff651ff22,5,PIN,NOT FLIPPED,NOT FLIPPED,5383,0,1
Kay Bee Mobile Villa MHP,16131/296,79461065,b2302820-3a93-11f1-b198-172a4a9f25c9,50,PIN,FLIPPED,FLIPPED,0,5633,2
Kay Bee Mobile Villa MHP,16131/296,72722376,1c7c4780-cf9c-11f0-9bfa-a7eff651ff22,51,PIN,NOT FLIPPED,NOT FLIPPED,5403,0,1
Kay Bee Mobile Villa MHP,16131/296,70267461,674a3880-cfab-11f0-9bfa-a7eff651ff22,52,PIN,FLIPPED,FLIPPED,11,5776,2
Kay Bee Mobile Villa MHP,16131/296,72721956,c8e840b0-cf9b-11f0-9bfa-a7eff651ff22,53,PIN,FLIPPED,FLIPPED,164,1950,2
Kay Bee Mobile Villa MHP,16131/296,72388505,582dbe80-8384-11f0-8b4a-0d0197d44616,54,PIN,NOT FLIPPED,NOT FLIPPED,5156,31,1
Kay Bee Mobile Villa MHP,16131/296,79461289,ad479870-3a93-11f1-b198-172a4a9f25c9,56,PIN,FLIPPED,FLIPPED,0,5216,2
Kay Bee Mobile Villa MHP,16131/296,79463145,b3c5e350-3a93-11f1-b198-172a4a9f25c9,57,PIN,FLIPPED,FLIPPED,1,5590,2
Kay Bee Mobile Villa MHP,16131/296,79460992,2fbf4ec0-39d5-11f1-b198-172a4a9f25c9,58,PIN,NOT FLIPPED,NOT FLIPPED,5678,0,1
Kay Bee Mobile Villa MHP,16131/296,72721287,fb10ddb0-c436-11f0-9842-6d029661c338,59,PIN,FLIPPED,FLIPPED,0,5707,2
Kay Bee Mobile Villa MHP,16131/296,72721279,3fa3ebf0-cfab-11f0-9bfa-a7eff651ff22,6,PIN,NOT FLIPPED,NOT FLIPPED,5614,1,1
Kay Bee Mobile Villa MHP,16131/296,72714266,fa6d23a0-c436-11f0-9842-6d029661c338,61,PIN,FLIPPED,FLIPPED,0,5959,2
Kay Bee Mobile Villa MHP,16131/296,72720834,e87c0990-c431-11f0-9842-6d029661c338,62,PIN,FLIPPED,FLIPPED,0,757,2
Kay Bee Mobile Villa MHP,16131/296,72716311,dcdf1ad0-c816-11f0-9842-6d029661c338,64,PIN,NOT FLIPPED,NOT FLIPPED,5319,12,1
Kay Bee Mobile Villa MHP,16131/296,72718994,a2f58aa0-c813-11f0-9842-6d029661c338,65,PIN,FLIPPED,FLIPPED,2,5727,2
Kay Bee Mobile Villa MHP,16131/296,72720784,082715f0-c437-11f0-9842-6d029661c338,67,PIN,NOT FLIPPED,NOT FLIPPED,5700,0,1
Kay Bee Mobile Villa MHP,16131/296,72719240,e890f120-c431-11f0-9842-6d029661c338,68,PIN,FLIPPED,FLIPPED,0,5594,2
Kay Bee Mobile Villa MHP,16131/296,72721949,c89e6670-cf9b-11f0-9bfa-a7eff651ff22,69,PIN,FLIPPED,FLIPPED,0,4647,2
Kay Bee Mobile Villa MHP,16131/296,72714209,b5685700-cf9b-11f0-9bfa-a7eff651ff22,7,PIN,NOT FLIPPED,NOT FLIPPED,5130,0,1
Kay Bee Mobile Villa MHP,16131/296,72717046,a2595790-cf9b-11f0-9bfa-a7eff651ff22,70,PIN,NOT FLIPPED,NOT FLIPPED,5750,0,1
Kay Bee Mobile Villa MHP,16131/296,72720735,d6763cc0-c431-11f0-9842-6d029661c338,71,PIN,FLIPPED,FLIPPED,25,5201,2
Kay Bee Mobile Villa MHP,16131/296,72718481,9f7b7f10-c813-11f0-9842-6d029661c338,72,PIN,NOT FLIPPED,NOT FLIPPED,5724,0,1
Kay Bee Mobile Villa MHP,16131/296,70265085,05528b70-c432-11f0-9842-6d029661c338,74,PIN,NOT FLIPPED,NOT FLIPPED,1650,15,1
Kay Bee Mobile Villa MHP,16131/296,72715859,da351310-c75e-11f0-9842-6d029661c338,75,PIN,NOT FLIPPED,NOT FLIPPED,5201,0,1
Kay Bee Mobile Villa MHP,16131/296,72722061,9f725750-c813-11f0-9842-6d029661c338,76,PIN,NOT FLIPPED,NOT FLIPPED,5406,0,1
Kay Bee Mobile Villa MHP,16131/296,70260599,7ff45740-62a9-11f0-8658-7f4e94e41769,78,PIN,FLIPPED,FLIPPED,0,4821,2
Kay Bee Mobile Villa MHP,16131/296,75360378,7ccc16f0-4b21-11f1-bc16-b52012ce6db2,79,PIN,FLIPPED,FLIPPED,0,5949,2
Kay Bee Mobile Villa MHP,16131/296,72723978,4c65af10-f23b-11f0-8900-8bd481ce9a44,80,PIN,NOT FLIPPED,NOT FLIPPED,1701,822,1
Kay Bee Mobile Villa MHP,16131/296,72718259,a4560740-c75e-11f0-9842-6d029661c338,82,PIN,FLIPPED,FLIPPED,1,5347,2
Kay Bee Mobile Villa MHP,16131/296,72719133,d031bde0-c813-11f0-9842-6d029661c338,83,PIN,FLIPPED,FLIPPED,5,5748,2
Kay Bee Mobile Villa MHP,16131/296,72716030,c916e720-c75e-11f0-9842-6d029661c338,84,PIN,FLIPPED,FLIPPED,7,5618,2
Kay Bee Mobile Villa MHP,16131/296,72389057,0d75e980-8465-11f0-8b4a-0d0197d44616,86,PIN,NOT FLIPPED,NOT FLIPPED,1282,5,1
Kay Bee Mobile Villa MHP,16131/296,75360709,406541b0-f23d-11f0-8900-8bd481ce9a44,87,PIN,NOT FLIPPED,NOT FLIPPED,5633,1,1
Kay Bee Mobile Villa MHP,16131/296,72721444,ac836820-c431-11f0-9842-6d029661c338,88,PIN,NOT FLIPPED,NOT FLIPPED,3061,0,1
Kay Bee Mobile Villa MHP,16131/296,72719018,3f3430a0-cf9f-11f0-9bfa-a7eff651ff22,9,PIN,NOT FLIPPED,NOT FLIPPED,5323,9,1
Kay Bee Mobile Villa MHP,16131/296,75368058,7ac37ef0-f23b-11f0-8900-8bd481ce9a44,91,PIN,NOT FLIPPED,NOT FLIPPED,5182,2,1
Kay Bee Mobile Villa MHP,16131/296,72716592,915eae80-c75e-11f0-9842-6d029661c338,93,PIN,NOT FLIPPED,NOT FLIPPED,5499,0,1
Kay Bee Mobile Villa MHP,16131/296,72723168,965a9f20-c75e-11f0-9842-6d029661c338,94,PIN,FLIPPED,FLIPPED,44,1969,2
Kay Bee Mobile Villa MHP,16131/296,72719976,3bf7acd0-cfab-11f0-9bfa-a7eff651ff22,96,PIN,NOT FLIPPED,NOT FLIPPED,5494,2,1
Kay Bee Mobile Villa MHP,16131/296,72717624,bff827d0-c75e-11f0-9842-6d029661c338,98,PIN,NOT FLIPPED,NOT FLIPPED,5561,0,1
Kay Bee Mobile Villa MHP,16131/296,72389883,544bfb00-8385-11f0-8b4a-0d0197d44616,99,PIN,FLIPPED,FLIPPED,7,3205,2
Kay Lou-Cust,16131/296,75367720,1ef38410-6c13-11f1-9333-3b2cfe68422f,2518-I,PIN,NOT FLIPPED,NOT FLIPPED,5732,0,1
Kay Lou-Cust,16131/296,75374742,2ed63d60-65be-11f1-9333-3b2cfe68422f,2628-I,PIN,FLIPPED,FLIPPED,1,47,2
Kingsbrook MHC,16131/296,70261647,c825f220-626e-11f0-8658-7f4e94e41769,105AB,PIN,FLIPPED,FLIPPED,1,5424,2
Kingsbrook MHC,16131/296,72714613,ae630490-c8c6-11f0-9842-6d029661c338,107AB,PIN,FLIPPED,FLIPPED,5,5493,2
Kingsbrook MHC,16131/296,70260714,927a77a0-62a9-11f0-8658-7f4e94e41769,121AB,PIN,FLIPPED,FLIPPED,14,5278,2
Kingsbrook MHC,16131/296,77060442,82ee7460-3d0d-11f0-8e55-b138a1c03c8e,201BE,PIN,FLIPPED,FLIPPED,0,5466,2
Kingsbrook MHC,16131/296,72722467,469476a0-c8c6-11f0-9842-6d029661c338,202BE,PIN,NOT FLIPPED,NOT FLIPPED,5757,0,1
Kingsbrook MHC,16131/296,70264278,3377b360-626f-11f0-8658-7f4e94e41769,2601T,PIN,FLIPPED,FLIPPED,30,4196,2
Kingsbrook MHC,16131/296,65822051,8cbc57a0-3d8a-11f0-8e55-b138a1c03c8e,2602T,PIN,NOT FLIPPED,NOT FLIPPED,5808,0,1
Kingsbrook MHC,16131/296,77055772,71baf6c0-25d7-11f0-8272-45e3ef110760,2603T,PIN,FLIPPED,FLIPPED,0,5912,2
Kingsbrook MHC,16131/296,70259633,88774cf0-62c3-11f0-8658-7f4e94e41769,2605T,PIN,NOT FLIPPED,NOT FLIPPED,5438,0,1
Kingsbrook MHC,16131/296,72714753,7af0b300-c8c6-11f0-9842-6d029661c338,2611T,PIN,FLIPPED,FLIPPED,3,4962,2
Kingsbrook MHC,16131/296,77053165,7d7cdd50-3db7-11f0-8e55-b138a1c03c8e,2803V,PIN,FLIPPED,FLIPPED,6,5454,2
Kingsbrook MHC,16131/296,72716691,6ac2a180-c8c8-11f0-9842-6d029661c338,2805V,PIN,NOT FLIPPED,NOT FLIPPED,5650,5,1
Kingsbrook MHC,16131/296,70265143,fcfc72e0-5bb0-11f0-9fcd-87e94e720126,2806V,PIN,FLIPPED,FLIPPED,173,3800,2
Kingsbrook MHC,16131/296,77060186,82b588d0-3db7-11f0-8e55-b138a1c03c8e,304CA,PIN,FLIPPED,FLIPPED,17,5728,2
Kingsbrook MHC,16131/296,72720958,62f21f00-c8c6-11f0-9842-6d029661c338,305CA,PIN,FLIPPED,FLIPPED,1,4716,2
Kingsbrook MHC,16131/296,70260342,d6c18be0-62b0-11f0-8658-7f4e94e41769,306CA,PIN,NOT FLIPPED,NOT FLIPPED,3110,143,1
Kingsbrook MHC,16131/296,75366722,8f6db290-4d66-11f1-b1bb-f3574cce671d,311CA,PIN,FLIPPED,FLIPPED,34,5649,2
Kingsbrook MHC,16131/296,65821996,79dc7030-027e-11f0-92a4-09772dfb61f8,3207W,PIN,FLIPPED,FLIPPED,5,5296,2
Kingsbrook MHC,16131/296,70265192,c9bbce60-62b0-11f0-8658-7f4e94e41769,3215W,PIN,FLIPPED,FLIPPED,31,5302,2
Kingsbrook MHC,16131/296,70270945,c9fe0780-62b0-11f0-8658-7f4e94e41769,402DO,PIN,NOT FLIPPED,NOT FLIPPED,5620,18,1
Kingsbrook MHC,16131/296,77055111,857d0e80-3d0d-11f0-8e55-b138a1c03c8e,407DO,PIN,FLIPPED,FLIPPED,19,5568,2
Kingsbrook MHC,16131/296,65828785,a919a740-e669-11ef-bcd4-5bcca9a9134f,409DO,PIN,FLIPPED,FLIPPED,2,5352,2
Kingsbrook MHC,16131/296,77028886,97d5b640-3d0d-11f0-8e55-b138a1c03c8e,410DO,PIN,NOT FLIPPED,NOT FLIPPED,5794,17,1
Kingsbrook MHC,16131/296,70261126,74a43ae0-668c-11f0-8658-7f4e94e41769,501ED,PIN,FLIPPED,FLIPPED,0,5586,2
Kingsbrook MHC,16131/296,70271034,c02e7950-62b1-11f0-8658-7f4e94e41769,508ED,PIN,FLIPPED,FLIPPED,21,5768,2
Kingsbrook MHC,16131/296,75368744,1687d680-4d66-11f1-b1bb-f3574cce671d,578MI,PIN,NOT FLIPPED,NOT FLIPPED,5379,119,1
Kingsbrook MHC,16131/296,77057695,976ab7a0-3d8a-11f0-8e55-b138a1c03c8e,610AS,PIN,FLIPPED,FLIPPED,0,5685,2
Kingsbrook MHC,16131/296,72714290,671d1920-c8c8-11f0-9842-6d029661c338,611FE,PIN,NOT FLIPPED,NOT FLIPPED,5476,1,1
Kingsbrook MHC,16131/296,72390873,a5e13300-84e2-11f0-8b4a-0d0197d44616,612FE,PIN,FLIPPED,FLIPPED,43,5630,2
Kingsbrook MHC,16131/296,77061341,988e57e0-3d0d-11f0-8e55-b138a1c03c8e,615FE,PIN,FLIPPED,FLIPPED,0,5832,2
Kingsbrook MHC,16131/296,70259435,0ca46840-62b1-11f0-8658-7f4e94e41769,628MI,PIN,NOT FLIPPED,NOT FLIPPED,5731,0,1
Kingsbrook MHC,16131/296,70263379,76b03690-524b-11f0-acb1-514e01860b07,640AS,PIN,NOT FLIPPED,NOT FLIPPED,5577,31,1
Kingsbrook MHC,16131/296,70258973,90572270-62a9-11f0-8658-7f4e94e41769,652MI,PIN,NOT FLIPPED,NOT FLIPPED,5525,0,1
Kingsbrook MHC,16131/296,75370757,afe5b340-4d68-11f1-b1bb-f3574cce671d,660AS,PIN,NOT FLIPPED,NOT FLIPPED,5328,0,1
Kingsbrook MHC,16131/296,77053330,8f17eb50-3dc0-11f0-8e55-b138a1c03c8e,663EL,PIN,FLIPPED,FLIPPED,24,5473,2
Kingsbrook MHC,16131/296,65828074,a97e9fc0-be4a-11ef-8f43-73c96c0de66f,664MI,PIN,NOT FLIPPED,NOT FLIPPED,5698,4,1
Kingsbrook MHC,16131/296,70273410,1cbe4a50-5bb0-11f0-9fcd-87e94e720126,666AS,PIN,FLIPPED,FLIPPED,6,5888,2
Kingsbrook MHC,16131/296,70263866,f9996730-5baf-11f0-9fcd-87e94e720126,672AS,PIN,NOT FLIPPED,NOT FLIPPED,5806,3,1
Kingsbrook MHC,16131/296,77058503,80a445f0-3dc0-11f0-8e55-b138a1c03c8e,679MI,PIN,NOT FLIPPED,NOT FLIPPED,4319,0,1
Kingsbrook MHC,16131/296,70262934,218464f0-8420-11f0-8b4a-0d0197d44616,687EL,PIN,NOT FLIPPED,NOT FLIPPED,5689,14,1
Kingsbrook MHC,16131/296,72386913,f24e1c20-842f-11f0-8b4a-0d0197d44616,688MI,PIN,FLIPPED,FLIPPED,0,5588,2
Kingsbrook MHC,16131/296,70259484,c6440030-62c5-11f0-8658-7f4e94e41769,690AS,PIN,NOT FLIPPED,NOT FLIPPED,5339,5,1
Kingsbrook MHC,16131/296,77059881,7cb9ec60-3dc0-11f0-8e55-b138a1c03c8e,691MI,PIN,FLIPPED,FLIPPED,104,3924,2
Kingsbrook MHC,16131/296,77056895,92349500-62a9-11f0-8658-7f4e94e41769,701GR,PIN,NOT FLIPPED,NOT FLIPPED,5463,3,1
Kingsbrook MHC,16131/296,77028803,939063a0-3d8a-11f0-8e55-b138a1c03c8e,702GR,PIN,FLIPPED,FLIPPED,27,5772,2
Kingsbrook MHC,16131/296,77055426,86a736a0-3d0d-11f0-8e55-b138a1c03c8e,703GR,PIN,FLIPPED,FLIPPED,11,5599,2
Kingsbrook MHC,16131/296,77058537,bb29e060-3d05-11f0-8e55-b138a1c03c8e,704GR,PIN,FLIPPED,FLIPPED,4,5594,2
Kingsbrook MHC,16131/296,77061333,43b0eea0-3db1-11f0-8e55-b138a1c03c8e,706GR,PIN,FLIPPED,FLIPPED,75,5366,2
Kingsbrook MHC,16131/296,77054254,97d96f70-3dc0-11f0-8e55-b138a1c03c8e,708GR,PIN,FLIPPED,FLIPPED,1,5578,2
Kingsbrook MHC,16131/296,70262058,b0093560-666c-11f0-8658-7f4e94e41769,710GR,PIN,FLIPPED,FLIPPED,8,5707,2
Kingsbrook MHC,16131/296,65829023,b10b20a0-d0b1-11ef-8e78-557cf2ce39c0,715EL,PIN,NOT FLIPPED,NOT FLIPPED,5710,0,1
Kingsbrook MHC,16131/296,77058461,7fe5d7f0-3dc0-11f0-8e55-b138a1c03c8e,722EL,PIN,FLIPPED,FLIPPED,3,5478,2
Kingsbrook MHC,16131/296,77055632,7dc83040-3d8d-11f0-8e55-b138a1c03c8e,724MI,PIN,NOT FLIPPED,NOT FLIPPED,5687,0,1
Kingsbrook MHC,16131/296,77053249,74996330-3dc0-11f0-8e55-b138a1c03c8e,735EL,PIN,NOT FLIPPED,NOT FLIPPED,5592,64,1
Kingsbrook MHC,16131/296,77058669,aed2d970-3d05-11f0-8e55-b138a1c03c8e,736MI,PIN,NOT FLIPPED,NOT FLIPPED,5531,0,1
Kingsbrook MHC,16131/296,65831045,ff2272a0-c730-11ef-8f43-73c96c0de66f,738AS,PIN,NOT FLIPPED,NOT FLIPPED,5554,26,1
Kingsbrook MHC,16131/296,72386897,e57d5510-84a2-11f0-8b4a-0d0197d44616,746AS,PIN,FLIPPED,FLIPPED,0,5882,2
Kingsbrook MHC,16131/296,77042226,85b339b0-3d0d-11f0-8e55-b138a1c03c8e,747MI,PIN,FLIPPED,FLIPPED,12,5422,2
Kingsbrook MHC,16131/296,72392218,747784f0-842d-11f0-8b4a-0d0197d44616,748AS,PIN,FLIPPED,FLIPPED,3,5612,2
Kingsbrook MHC,16131/296,77054544,75b8f310-3db7-11f0-8e55-b138a1c03c8e,754AS,PIN,FLIPPED,FLIPPED,6,5836,2
Kingsbrook MHC,16131/296,77061028,45895820-3db1-11f0-8e55-b138a1c03c8e,758AS,PIN,FLIPPED,FLIPPED,0,5708,2
Kingsbrook MHC,16131/296,77028852,8453c8f0-3d8a-11f0-8e55-b138a1c03c8e,759AS,PIN,NOT FLIPPED,NOT FLIPPED,5726,0,1
Kingsbrook MHC,16131/296,77060210,439f8980-3db1-11f0-8e55-b138a1c03c8e,763AM,PIN,NOT FLIPPED,NOT FLIPPED,5633,31,1
Kingsbrook MHC,16131/296,79463277,67d87d00-4d66-11f1-b1bb-f3574cce671d,763AS,PIN,NOT FLIPPED,NOT FLIPPED,5775,24,1
Kingsbrook MHC,16131/296,77059980,d442f750-62b0-11f0-8658-7f4e94e41769,767SU,PIN,FLIPPED,FLIPPED,0,5447,2
Kingsbrook MHC,16131/296,65830237,c4e1f250-ea2b-11ef-b35e-23eef2ba43da,768AS,PIN,FLIPPED,FLIPPED,3,2515,2
Kingsbrook MHC,16131/296,68618758,3eee0f60-3db1-11f0-8e55-b138a1c03c8e,769AM,PIN,NOT FLIPPED,NOT FLIPPED,5058,122,1
Kingsbrook MHC,16131/296,72380882,f3d1e5f0-837f-11f0-8b4a-0d0197d44616,770FA,PIN,FLIPPED,FLIPPED,7,5548,2
Kingsbrook MHC,16131/296,75360402,e3232410-4d66-11f1-b1bb-f3574cce671d,770SU,PIN,NOT FLIPPED,NOT FLIPPED,5197,145,1
Kingsbrook MHC,16131/296,77053520,80ab23c0-3dc0-11f0-8e55-b138a1c03c8e,771EL,PIN,NOT FLIPPED,NOT FLIPPED,5468,0,1
Kingsbrook MHC,16131/296,77036954,48559780-3db1-11f0-8e55-b138a1c03c8e,771SU,PIN,FLIPPED,FLIPPED,26,5688,2
Kingsbrook MHC,16131/296,77057091,71f7e580-3d8d-11f0-8e55-b138a1c03c8e,772MI,PIN,NOT FLIPPED,NOT FLIPPED,5693,21,1
Kingsbrook MHC,16131/296,77056655,43f375e0-3db1-11f0-8e55-b138a1c03c8e,773AM,PIN,FLIPPED,FLIPPED,44,5360,2
Kingsbrook MHC,16131/296,70270366,4b625420-62c5-11f0-8658-7f4e94e41769,774AS,PIN,NOT FLIPPED,NOT FLIPPED,5560,0,1
Kingsbrook MHC,16131/296,77055293,43248d20-3db1-11f0-8e55-b138a1c03c8e,776SU,PIN,FLIPPED,FLIPPED,30,5535,2
Kingsbrook MHC,16131/296,72715685,4cd3e3c0-c8c6-11f0-9842-6d029661c338,777AS,PIN,NOT FLIPPED,NOT FLIPPED,5364,1,1
Kingsbrook MHC,16131/296,77056218,c6ae0ab0-3d78-11f0-8e55-b138a1c03c8e,780FA,PIN,NOT FLIPPED,NOT FLIPPED,5569,0,1
Kingsbrook MHC,16131/296,77036632,88962d90-3d8a-11f0-8e55-b138a1c03c8e,781FA,PIN,FLIPPED,FLIPPED,0,5402,2
Kingsbrook MHC,16131/296,77054197,e149d270-3db2-11f0-8e55-b138a1c03c8e,783AM,PIN,FLIPPED,FLIPPED,1,5644,2
Kingsbrook MHC,16131/296,70264666,fa924ed0-6673-11f0-8658-7f4e94e41769,783AS,PIN,NOT FLIPPED,NOT FLIPPED,5828,0,1
Kingsbrook MHC,16131/296,79460612,8621a1b0-4d66-11f1-b1bb-f3574cce671d,783OA,PIN,NOT FLIPPED,NOT FLIPPED,17,2,1
Kingsbrook MHC,16131/296,77028506,b70f00f0-3d05-11f0-8e55-b138a1c03c8e,784AS,PIN,NOT FLIPPED,NOT FLIPPED,5690,8,1
Kingsbrook MHC,16131/296,79454532,da478840-4d66-11f1-b1bb-f3574cce671d,784MI,PIN,NOT FLIPPED,NOT FLIPPED,5733,0,1
Kingsbrook MHC,16131/296,72392804,a4e89640-84a2-11f0-8b4a-0d0197d44616,788FA,PIN,FLIPPED,FLIPPED,49,5367,2
Kingsbrook MHC,16131/296,79466643,39cbb350-4d66-11f1-b1bb-f3574cce671d,801HU,PIN,FLIPPED,FLIPPED,25,4048,2
Kingsbrook MHC,16131/296,77057950,43c619a0-26ce-11f0-8272-45e3ef110760,806HU,PIN,FLIPPED,FLIPPED,0,881,2
Kingsbrook MHC,16131/296,72714738,b3eb56b0-c8c6-11f0-9842-6d029661c338,811HU,PIN,FLIPPED,FLIPPED,0,958,2
La Comunidad MHC-CUST,362/209,72379298,7175ec00-a940-11f0-98a7-c3bc57f9afe3,1,PIN-B,FLIPPED,FLIPPED,137,1177,2
La Comunidad MHC-CUST,362/209,72384140,db228290-a95d-11f0-98a7-c3bc57f9afe3,103,PIN,FLIPPED,FLIPPED,0,5498,2
La Comunidad MHC-CUST,362/209,70273634,bdf7c630-a95d-11f0-98a7-c3bc57f9afe3,107,PIN,FLIPPED,FLIPPED,0,27,2
La Comunidad MHC-CUST,362/209,72384041,cf5915a0-a95d-11f0-98a7-c3bc57f9afe3,108,PIN,NOT FLIPPED,NOT FLIPPED,2758,109,1
La Comunidad MHC-CUST,362/209,72383746,517e0d70-a962-11f0-98a7-c3bc57f9afe3,109,PIN,FLIPPED,FLIPPED,0,5793,2
La Comunidad MHC-CUST,362/209,72379058,b7d297d0-a95d-11f0-98a7-c3bc57f9afe3,110,PIN-B,FLIPPED,FLIPPED,7,340,2
La Comunidad MHC-CUST,362/209,72387739,da962110-a95d-11f0-98a7-c3bc57f9afe3,113,PIN,NOT FLIPPED,NOT FLIPPED,4685,0,1
La Comunidad MHC-CUST,362/209,70260888,97080520-62a0-11f0-8658-7f4e94e41769,116,PIN,NOT FLIPPED,NOT FLIPPED,5529,0,1
La Comunidad MHC-CUST,362/209,72380296,cd8ba8a0-a95d-11f0-98a7-c3bc57f9afe3,119,PIN,NOT FLIPPED,NOT FLIPPED,5629,0,1
La Comunidad MHC-CUST,362/209,72379405,8a013420-a083-11f0-b5af-5dfa9891b485,12,PIN,FLIPPED,FLIPPED,0,5288,2
La Comunidad MHC-CUST,362/209,65831805,d520d040-b9a3-11ef-8f43-73c96c0de66f,120,PIN,NOT FLIPPED,NOT FLIPPED,4138,0,1
La Comunidad MHC-CUST,362/209,70270499,7a7ef4c0-ad43-11f0-98a7-c3bc57f9afe3,123,PIN,FLIPPED,FLIPPED,0,5712,2
La Comunidad MHC-CUST,362/209,70267669,79d422b0-ad2b-11f0-98a7-c3bc57f9afe3,126,PIN,NOT FLIPPED,NOT FLIPPED,5032,0,1
La Comunidad MHC-CUST,362/209,72384025,93cb7970-ad2b-11f0-98a7-c3bc57f9afe3,128,PIN-B,NOT FLIPPED,NOT FLIPPED,808,344,1
La Comunidad MHC-CUST,362/209,70269558,e64e4c70-ad2d-11f0-98a7-c3bc57f9afe3,129,PIN,FLIPPED,FLIPPED,0,5707,2
La Comunidad MHC-CUST,362/209,72383977,3df126f0-ad3d-11f0-98a7-c3bc57f9afe3,13,PIN,NOT FLIPPED,NOT FLIPPED,4029,0,1
La Comunidad MHC-CUST,362/209,72380775,82c1e6f0-ad2b-11f0-98a7-c3bc57f9afe3,134,PIN,NOT FLIPPED,NOT FLIPPED,5428,0,1
La Comunidad MHC-CUST,362/209,70269905,39823510-ad32-11f0-98a7-c3bc57f9afe3,135,PIN-B,NOT FLIPPED,NOT FLIPPED,2600,570,1
La Comunidad MHC-CUST,362/209,70268816,c3533110-ad30-11f0-98a7-c3bc57f9afe3,136,PIN,FLIPPED,FLIPPED,46,110,2
La Comunidad MHC-CUST,362/209,70272107,7e0a3e60-ad43-11f0-98a7-c3bc57f9afe3,138,PIN,FLIPPED,FLIPPED,0,5354,2
La Comunidad MHC-CUST,362/209,70269384,caf896d0-ad30-11f0-98a7-c3bc57f9afe3,139,PIN,NOT FLIPPED,NOT FLIPPED,4857,0,1
La Comunidad MHC-CUST,362/209,72378738,5d8c1cf0-a940-11f0-98a7-c3bc57f9afe3,14,PIN,FLIPPED,FLIPPED,0,5724,2
La Comunidad MHC-CUST,362/209,72384686,8a970f40-ad2b-11f0-98a7-c3bc57f9afe3,140,PIN,FLIPPED,FLIPPED,0,5322,2
La Comunidad MHC-CUST,362/209,72387598,72ba3ea0-ad2c-11f0-98a7-c3bc57f9afe3,141,PIN,FLIPPED,FLIPPED,0,5463,2
La Comunidad MHC-CUST,362/209,72380494,ad00c670-ad30-11f0-98a7-c3bc57f9afe3,142,PIN-B,FLIPPED,FLIPPED,177,3665,2
La Comunidad MHC-CUST,362/209,72384264,703f92f0-ad32-11f0-98a7-c3bc57f9afe3,143,PIN,NOT FLIPPED,NOT FLIPPED,5619,15,1
La Comunidad MHC-CUST,362/209,70271943,ad62bc90-ad30-11f0-98a7-c3bc57f9afe3,144,PIN,FLIPPED,FLIPPED,0,2944,2
La Comunidad MHC-CUST,362/209,72380544,b1c07160-ad30-11f0-98a7-c3bc57f9afe3,146,PIN,NOT FLIPPED,NOT FLIPPED,5404,0,1
La Comunidad MHC-CUST,362/209,72380320,e72af0d0-ad2d-11f0-98a7-c3bc57f9afe3,147,PIN,FLIPPED,FLIPPED,0,4882,2
La Comunidad MHC-CUST,362/209,72387465,8d3ab800-ad2b-11f0-98a7-c3bc57f9afe3,148,PIN,FLIPPED,FLIPPED,19,2725,2
La Comunidad MHC-CUST,362/209,72379587,675a7d30-a940-11f0-98a7-c3bc57f9afe3,14A,PIN-B,FLIPPED,FLIPPED,555,1868,2
La Comunidad MHC-CUST,362/209,72378316,b4c28dd0-ad30-11f0-98a7-c3bc57f9afe3,151,PIN,FLIPPED,FLIPPED,1,5845,2
La Comunidad MHC-CUST,362/209,70266042,6d324580-a959-11f0-98a7-c3bc57f9afe3,16,PIN,FLIPPED,FLIPPED,0,5713,2
La Comunidad MHC-CUST,362/209,72378720,74aefb20-a939-11f0-98a7-c3bc57f9afe3,1A,PIN-B,NOT FLIPPED,NOT FLIPPED,2071,546,1
La Comunidad MHC-CUST,362/209,72391855,63b12440-a940-11f0-98a7-c3bc57f9afe3,2,PIN,FLIPPED,FLIPPED,1,5663,2
La Comunidad MHC-CUST,362/209,72387010,84c8f930-ad39-11f0-98a7-c3bc57f9afe3,21,PIN,FLIPPED,FLIPPED,75,647,2
La Comunidad MHC-CUST,362/209,70263783,8297bb60-a082-11f0-b5af-5dfa9891b485,21A,PIN,FLIPPED,FLIPPED,0,5528,2
La Comunidad MHC-CUST,362/209,72391178,78620700-aab8-11f0-98a7-c3bc57f9afe3,25,PIN,NOT FLIPPED,NOT FLIPPED,5299,0,1
La Comunidad MHC-CUST,362/209,72378852,ad438a50-a083-11f0-b5af-5dfa9891b485,26,PIN,FLIPPED,FLIPPED,0,5436,2
La Comunidad MHC-CUST,362/209,70262439,2796df00-ad3b-11f0-98a7-c3bc57f9afe3,27,PIN,FLIPPED,FLIPPED,0,5081,2
La Comunidad MHC-CUST,362/209,70265267,9cd39b20-ad39-11f0-98a7-c3bc57f9afe3,28B,PIN,NOT FLIPPED,NOT FLIPPED,5392,0,1
La Comunidad MHC-CUST,362/209,70269285,cb228d00-ad30-11f0-98a7-c3bc57f9afe3,33,PIN,FLIPPED,FLIPPED,0,5188,2
La Comunidad MHC-CUST,362/209,72379108,82fd6590-a083-11f0-b5af-5dfa9891b485,34,PIN,NOT FLIPPED,NOT FLIPPED,2953,0,1
La Comunidad MHC-CUST,362/209,72381997,6683cc40-a940-11f0-98a7-c3bc57f9afe3,35,PIN,NOT FLIPPED,NOT FLIPPED,800,74,1
La Comunidad MHC-CUST,362/209,72387960,9b9e9d90-ad39-11f0-98a7-c3bc57f9afe3,36,PIN,FLIPPED,FLIPPED,0,5529,2
La Comunidad MHC-CUST,362/209,72380601,9dcf8750-ad39-11f0-98a7-c3bc57f9afe3,37,PIN-B,NOT FLIPPED,NOT FLIPPED,1624,245,1
La Comunidad MHC-CUST,362/209,70266083,89698360-ad39-11f0-98a7-c3bc57f9afe3,44,PIN,NOT FLIPPED,NOT FLIPPED,5870,4,1
La Comunidad MHC-CUST,362/209,70261548,87493b70-ad39-11f0-98a7-c3bc57f9afe3,47,PIN-B,FLIPPED,FLIPPED,1031,3311,2
La Comunidad MHC-CUST,362/209,72379215,6fa9b780-a940-11f0-98a7-c3bc57f9afe3,5,PIN,FLIPPED,FLIPPED,0,2184,2
La Comunidad MHC-CUST,362/209,65822291,c4ce19d0-35a6-11f0-8e55-b138a1c03c8e,50,PIN,NOT FLIPPED,NOT FLIPPED,94,0,1
La Comunidad MHC-CUST,362/209,70265499,b8585ec0-ad30-11f0-98a7-c3bc57f9afe3,50B,PIN,NOT FLIPPED,NOT FLIPPED,5594,0,1
La Comunidad MHC-CUST,362/209,70269236,9035c730-ad39-11f0-98a7-c3bc57f9afe3,51,PIN,FLIPPED,FLIPPED,0,1602,2
La Comunidad MHC-CUST,362/209,72387648,50dfa610-ad3d-11f0-98a7-c3bc57f9afe3,52,PIN,NOT FLIPPED,NOT FLIPPED,5492,0,1
La Comunidad MHC-CUST,362/209,72384546,42099560-ad3d-11f0-98a7-c3bc57f9afe3,53,PIN,FLIPPED,FLIPPED,6,2422,2
La Comunidad MHC-CUST,362/209,72387291,011391d0-ad3f-11f0-98a7-c3bc57f9afe3,54,PIN,FLIPPED,FLIPPED,0,5747,2
La Comunidad MHC-CUST,362/209,72380130,3ad763d0-ad3d-11f0-98a7-c3bc57f9afe3,57,PIN,FLIPPED,FLIPPED,0,5876,2
La Comunidad MHC-CUST,362/209,72380478,791955d0-ad39-11f0-98a7-c3bc57f9afe3,58,PIN,NOT FLIPPED,NOT FLIPPED,3282,0,1
La Comunidad MHC-CUST,362/209,72385634,67f2e690-a082-11f0-b5af-5dfa9891b485,6,PIN,FLIPPED,FLIPPED,0,5571,2
La Comunidad MHC-CUST,362/209,72391236,8a0811a0-a939-11f0-98a7-c3bc57f9afe3,65,PIN,FLIPPED,FLIPPED,0,5543,2
La Comunidad MHC-CUST,362/209,72387069,8a8a5cb0-ad39-11f0-98a7-c3bc57f9afe3,67,PIN,NOT FLIPPED,NOT FLIPPED,3208,6,1
La Comunidad MHC-CUST,362/209,70265523,5e1ce6f0-ad40-11f0-98a7-c3bc57f9afe3,69,PIN,FLIPPED,FLIPPED,0,5664,2
La Comunidad MHC-CUST,362/209,72391665,a6541890-ad30-11f0-98a7-c3bc57f9afe3,7,PIN,FLIPPED,FLIPPED,0,5238,2
La Comunidad MHC-CUST,362/209,70265994,f1a38b10-ad3e-11f0-98a7-c3bc57f9afe3,74,PIN,FLIPPED,FLIPPED,0,5475,2
La Comunidad MHC-CUST,362/209,68618733,0eeedfb0-26b4-11f0-8272-45e3ef110760,75,PIN,FLIPPED,FLIPPED,0,1394,2
La Comunidad MHC-CUST,362/209,70266265,6a442990-a082-11f0-b5af-5dfa9891b485,76,PIN,FLIPPED,FLIPPED,0,5762,2
La Comunidad MHC-CUST,362/209,70259583,29f79d60-a940-11f0-98a7-c3bc57f9afe3,77,PIN,NOT FLIPPED,NOT FLIPPED,5577,0,1
La Comunidad MHC-CUST,362/209,70269038,b245ce00-ad30-11f0-98a7-c3bc57f9afe3,78,PIN-B,FLIPPED,FLIPPED,645,2506,2
La Comunidad MHC-CUST,362/209,70269277,02435f40-ad3f-11f0-98a7-c3bc57f9afe3,79,PIN,NOT FLIPPED,NOT FLIPPED,2235,403,1
La Comunidad MHC-CUST,362/209,70259872,8940ca50-a083-11f0-b5af-5dfa9891b485,80,PIN-B,FLIPPED,FLIPPED,897,2270,2
La Comunidad MHC-CUST,362/209,70265721,8ad89dd0-a082-11f0-b5af-5dfa9891b485,81,PIN,NOT FLIPPED,NOT FLIPPED,5124,0,1
La Comunidad MHC-CUST,362/209,72391913,e959cbf0-a941-11f0-98a7-c3bc57f9afe3,86,PIN,FLIPPED,FLIPPED,0,5637,2
La Comunidad MHC-CUST,362/209,70268758,b35dffa0-a95d-11f0-98a7-c3bc57f9afe3,89,PIN,FLIPPED,FLIPPED,2,5033,2
La Comunidad MHC-CUST,362/209,72384249,c2512a60-ad30-11f0-98a7-c3bc57f9afe3,9,PIN,NOT FLIPPED,NOT FLIPPED,5526,0,1
La Comunidad MHC-CUST,362/209,70260318,ab8fdc30-a95d-11f0-98a7-c3bc57f9afe3,92,PIN,FLIPPED,FLIPPED,0,5585,2
La Comunidad MHC-CUST,362/209,72386947,410f5830-a95e-11f0-98a7-c3bc57f9afe3,97,PIN,FLIPPED,FLIPPED,18,120,2
La Comunidad MHC-CUST,362/209,72383910,aba5ae20-a95d-11f0-98a7-c3bc57f9afe3,98,PIN,FLIPPED,FLIPPED,0,5727,2
La Comunidad MHC-CUST,362/209,72387994,b17653e0-a95d-11f0-98a7-c3bc57f9afe3,99,PIN,NOT FLIPPED,NOT FLIPPED,4817,0,1
Lafountaine MHC,15019/219,77057646,8cad9d30-4151-11f0-8e55-b138a1c03c8e,100BS,PIN,FLIPPED,FLIPPED,0,53,2
Lafountaine MHC,15019/219,72388703,a3068fd0-84a2-11f0-8b4a-0d0197d44616,101PV,PIN,NOT FLIPPED,NOT FLIPPED,5693,22,1
Lafountaine MHC,15019/219,72380072,679c99d0-84a2-11f0-8b4a-0d0197d44616,102HT,PIN,NOT FLIPPED,NOT FLIPPED,626,1,1
Lafountaine MHC,15019/219,72389149,671da5d0-84a2-11f0-8b4a-0d0197d44616,102PV,PIN,FLIPPED,FLIPPED,11,5715,2
Lafountaine MHC,15019/219,77056622,8d23dea0-4151-11f0-8e55-b138a1c03c8e,103FL,PIN,FLIPPED,FLIPPED,0,5516,2
Lafountaine MHC,15019/219,65826417,9d274370-e646-11ef-bcd4-5bcca9a9134f,105CC,PIN,NOT FLIPPED,NOT FLIPPED,5033,0,1
Lafountaine MHC,15019/219,77053223,c7ba30f0-4151-11f0-8e55-b138a1c03c8e,109FL,PIN,NOT FLIPPED,NOT FLIPPED,5703,0,1
Lafountaine MHC,15019/219,65830799,70f9f730-e4dd-11ef-a76f-4d93d4a482f0,110GT,PIN,NOT FLIPPED,NOT FLIPPED,5051,2,1
Lafountaine MHC,15019/219,72384942,6ce32800-84a2-11f0-8b4a-0d0197d44616,111BS,PIN,FLIPPED,FLIPPED,0,5888,2
Lafountaine MHC,15019/219,72388927,61b49b80-84a2-11f0-8b4a-0d0197d44616,111FL,PIN,NOT FLIPPED,NOT FLIPPED,5691,0,1
Lafountaine MHC,15019/219,72380726,3bacd1d0-84a4-11f0-8b4a-0d0197d44616,115BS,PIN,NOT FLIPPED,NOT FLIPPED,5705,0,1
Lafountaine MHC,15019/219,72388901,41b55070-84a4-11f0-8b4a-0d0197d44616,116ND,PIN,NOT FLIPPED,NOT FLIPPED,4922,0,1
Lafountaine MHC,15019/219,72391996,87d42100-84a2-11f0-8b4a-0d0197d44616,136CC,PIN,NOT FLIPPED,NOT FLIPPED,5647,0,1
Lake Road Village RV Park-Cust,362/209,70266539,3135b8e0-ad3d-11f0-98a7-c3bc57f9afe3,25,PIN,NOT FLIPPED,NOT FLIPPED,4541,0,1
Lake Road Village RV Park-Cust,362/209,72379892,323834c0-ad3d-11f0-98a7-c3bc57f9afe3,50,PIN-B,FLIPPED,FLIPPED,1197,3360,2
Lakeview MHC-CUST,362/209,75364297,131e0490-47f5-11f1-969c-6109d9dfb138,18,PIN,FLIPPED,FLIPPED,51,4052,2
Lakeview MHC-CUST,362/209,79462717,baaab970-4d71-11f1-b1bb-f3574cce671d,19,PIN,FLIPPED,FLIPPED,24,5474,2
Lakeview MHC-CUST,362/209,65824446,16d6a5a0-26b4-11f0-8272-45e3ef110760,22,PIN-B,NOT FLIPPED,NOT FLIPPED,2431,994,1
Lakeview MHC-CUST,362/209,75374361,08114b20-06be-11f1-a3d9-c99c67c82bc1,23,PIN,FLIPPED,FLIPPED,43,4782,2
Lakeview MHC-CUST,362/209,65829353,84275a00-e07d-11ef-a5fd-a97d57576080,24,PIN-B,NOT FLIPPED,NOT FLIPPED,2773,130,1
Lakeview MHC-CUST,362/209,79455117,da42cfc0-47f4-11f1-969c-6109d9dfb138,26,PIN-B,NOT FLIPPED,NOT FLIPPED,3108,212,1
Lakeview MHC-CUST,362/209,77052142,c74ec980-26b9-11f0-8272-45e3ef110760,27,PIN,FLIPPED,FLIPPED,30,5435,2
Lakeview MHC-CUST,362/209,70267644,586145c0-62c3-11f0-8658-7f4e94e41769,30,PIN,NOT FLIPPED,NOT FLIPPED,5148,28,1
Lakeview MHC-CUST,362/209,75361012,f66eb9c0-47f4-11f1-969c-6109d9dfb138,32,PIN,FLIPPED,FLIPPED,34,4781,2
Lakeview MHC-CUST,362/209,77041947,10686050-26b4-11f0-8272-45e3ef110760,6,PIN-B,FLIPPED,FLIPPED,567,1778,2
Lakeview MHC-CUST,362/209,79466544,a6119b00-47f4-11f1-969c-6109d9dfb138,7,PIN,FLIPPED,FLIPPED,2,4337,2
Lantana Trail,15154/260,65824222,c6f6e610-0ebe-11f0-8272-45e3ef110760,3612-1,PIN,FLIPPED,FLIPPED,0,5493,2
Lantana Trail,15154/260,75365492,026d86d0-f23b-11f0-8900-8bd481ce9a44,3612-3,PIN,NOT FLIPPED,NOT FLIPPED,1620,0,1
Lantana Trail,15154/260,75364933,6d5b0800-f23b-11f0-8900-8bd481ce9a44,3612-8,PIN,NOT FLIPPED,NOT FLIPPED,3198,0,1
Lantana Trail,15154/260,72718077,955a6d30-c75e-11f0-9842-6d029661c338,3618-1,PIN,NOT FLIPPED,NOT FLIPPED,5523,3,1
Lantana Trail,15154/260,72386707,35da17c0-9a72-11f0-b5af-5dfa9891b485,3620-1,PIN,FLIPPED,FLIPPED,0,5565,2
Lantana Trail,15154/260,79463004,b8d95390-3a93-11f1-b198-172a4a9f25c9,3620-6,PIN,FLIPPED,FLIPPED,6,864,2
Maple Creek Estates MHC,16185/314,75361590,693c1f50-48be-11f1-bc16-b52012ce6db2,23,PIN,NOT FLIPPED,NOT FLIPPED,5695,10,1
Maple Creek Estates MHC,16185/314,79467054,93f14f00-48bd-11f1-bc16-b52012ce6db2,28,PIN,NOT FLIPPED,NOT FLIPPED,2753,61,1
Maple Creek Estates MHC,16185/314,79465678,a2b202f0-48bd-11f1-bc16-b52012ce6db2,32,PIN,FLIPPED,FLIPPED,35,5714,2
Maple Creek Estates MHC,16185/314,79467229,cea6b020-48bf-11f1-bc16-b52012ce6db2,5,PIN,NOT FLIPPED,NOT FLIPPED,5811,32,1
Maple Creek Estates MHC,16185/314,75369361,238a6870-48c0-11f1-bc16-b52012ce6db2,6,PIN,NOT FLIPPED,NOT FLIPPED,5728,1,1
Maple Creek Estates MHC,16185/314,75365591,ec103520-48bd-11f1-bc16-b52012ce6db2,8,PIN,FLIPPED,FLIPPED,65,174,2
Maple Run MHC,363/219,70263171,0d39f0a0-6134-11f0-9fcd-87e94e720126,15,PIN,FLIPPED,FLIPPED,49,5392,2
Maple Run MHC-CUST,362/209,72381153,97d48920-aabb-11f0-98a7-c3bc57f9afe3,104,PIN-B,FLIPPED,FLIPPED,511,1175,2
Maple Run MHC-CUST,362/209,70258577,01e7d690-6134-11f0-9fcd-87e94e720126,111,PIN-B,NOT FLIPPED,NOT FLIPPED,2478,582,1
Maple Run MHC-CUST,362/209,72716386,e8414ee0-c6c0-11f0-9842-6d029661c338,114,PIN-B,FLIPPED,FLIPPED,688,2308,2
Maple Run MHC-CUST,362/209,70270994,3a5c8ab0-61df-11f0-8658-7f4e94e41769,126,PIN,FLIPPED,FLIPPED,13,4415,2
Maple Run MHC-CUST,362/209,72391327,804be870-aabb-11f0-98a7-c3bc57f9afe3,128,PIN-B,NOT FLIPPED,NOT FLIPPED,1898,709,1
Maple Run MHC-CUST,362/209,77059659,437a8e30-62c5-11f0-8658-7f4e94e41769,130,PIN-B,NOT FLIPPED,NOT FLIPPED,1225,507,1
Maple Run MHC-CUST,362/209,70260425,29207680-61df-11f0-8658-7f4e94e41769,134,PIN-B,FLIPPED,FLIPPED,648,1396,2
Maple Run MHC-CUST,362/209,70270630,dfbe2d00-61db-11f0-8658-7f4e94e41769,135,PIN-B,NOT FLIPPED,NOT FLIPPED,2157,891,1
Maple Run MHC-CUST,362/209,77052233,d47f77f0-34f9-11f0-8e55-b138a1c03c8e,137,PIN,FLIPPED,FLIPPED,21,5570,2
Maple Run MHC-CUST,362/209,77059998,3419e940-61df-11f0-8658-7f4e94e41769,138,PIN-B,FLIPPED,FLIPPED,693,2248,2
Maple Run MHC-CUST,362/209,65830534,2fe4a930-ea2c-11ef-b35e-23eef2ba43da,139,PIN-B,FLIPPED,FLIPPED,523,2697,2
Maple Run MHC-CUST,362/209,70260201,b267f0b0-5c0a-11f0-9fcd-87e94e720126,19,PIN-B,NOT FLIPPED,NOT FLIPPED,2324,1110,1
Maple Run MHC-CUST,362/209,70260854,05a77d80-626f-11f0-8658-7f4e94e41769,28,PIN,FLIPPED,FLIPPED,44,1580,2
Maple Run MHC-CUST,362/209,70264526,e0e9c690-629d-11f0-8658-7f4e94e41769,29,PIN,FLIPPED,FLIPPED,71,5684,2
Maple Run MHC-CUST,362/209,77055236,a9d04860-0ebe-11f0-8272-45e3ef110760,3,PIN-B,NOT FLIPPED,NOT FLIPPED,2500,572,1
Maple Run MHC-CUST,362/209,72716303,f7f00c50-c6c0-11f0-9842-6d029661c338,31,PIN-B,FLIPPED,FLIPPED,560,1987,2
Maple Run MHC-CUST,362/209,70260755,f50426e0-626e-11f0-8658-7f4e94e41769,32,PIN-B,FLIPPED,FLIPPED,1089,2639,2
Maple Run MHC-CUST,362/209,72715214,0d380bd0-c6c1-11f0-9842-6d029661c338,4,PIN-B,FLIPPED,FLIPPED,591,2342,2
Maple Run MHC-CUST,362/209,70272081,eb4e7ec0-626e-11f0-8658-7f4e94e41769,46,PIN-B,NOT FLIPPED,NOT FLIPPED,2085,441,1
Maple Run MHC-CUST,362/209,70264609,a3baebd0-5c0a-11f0-9fcd-87e94e720126,5,PIN-B,FLIPPED,FLIPPED,416,3882,2
Maple Run MHC-CUST,362/209,70270598,a630f0c0-62a0-11f0-8658-7f4e94e41769,59,PIN-B,FLIPPED,FLIPPED,642,1696,2
Maple Run MHC-CUST,362/209,70273527,ff9c11d0-6133-11f0-9fcd-87e94e720126,6,PIN-B,NOT FLIPPED,NOT FLIPPED,1648,459,1
Maple Run MHC-CUST,362/209,70267305,95ae4180-62a0-11f0-8658-7f4e94e41769,62,PIN,NOT FLIPPED,NOT FLIPPED,589,42,1
Maple Run MHC-CUST,362/209,70268568,9a7c2f60-62c3-11f0-8658-7f4e94e41769,63,PIN-B,FLIPPED,FLIPPED,593,2104,2
Maple Run MHC-CUST,362/209,65823893,144e7710-be5c-11ef-8f43-73c96c0de66f,64,PIN-B,FLIPPED,FLIPPED,406,1530,2
Maple Run MHC-CUST,362/209,70271059,ebcbe0c0-629d-11f0-8658-7f4e94e41769,67,PIN-B,FLIPPED,FLIPPED,1013,2362,2
Maple Run MHC-CUST,362/209,70267818,d5bbe4e0-6272-11f0-8658-7f4e94e41769,69,PIN-B,FLIPPED,FLIPPED,817,2766,2
Maple Run MHC-CUST,362/209,72722525,1c5f97e0-c6c1-11f0-9842-6d029661c338,74,PIN,NOT FLIPPED,NOT FLIPPED,182,0,1
Maple Run MHC-CUST,362/209,70269053,12507500-626f-11f0-8658-7f4e94e41769,8,PIN-B,FLIPPED,FLIPPED,321,3348,2
Maple Run MHC-CUST,362/209,72382052,8cea3190-aabb-11f0-98a7-c3bc57f9afe3,81,PIN-B,NOT FLIPPED,NOT FLIPPED,2508,1014,1
Maple Run MHC-CUST,362/209,65829031,0314fb90-c7cb-11ef-8f43-73c96c0de66f,82,PIN-B,NOT FLIPPED,NOT FLIPPED,3046,611,1
Maple Run MHC-CUST,362/209,77059915,cea83e70-61db-11f0-8658-7f4e94e41769,83,PIN-B,NOT FLIPPED,NOT FLIPPED,2944,522,1
Maple Run MHC-CUST,362/209,70260151,d8999000-61db-11f0-8658-7f4e94e41769,89,PIN-B,NOT FLIPPED,NOT FLIPPED,2352,279,1
Maple Run MHC-CUST,362/209,70265309,dd83a650-61db-11f0-8658-7f4e94e41769,99,PIN,NOT FLIPPED,NOT FLIPPED,5244,69,1
Mena Estates MHC,16185/314,70269822,ba090af0-51e9-11f0-acb1-514e01860b07,112BONNER,PIN,NOT FLIPPED,NOT FLIPPED,5779,3,1
Mena Estates MHC,16185/314,77041855,4b38d8c0-38b8-11f0-8e55-b138a1c03c8e,114BONNER,PIN,FLIPPED,FLIPPED,1,5240,2
Mena Estates MHC,16185/314,70270325,e5814e70-51e6-11f0-acb1-514e01860b07,116BONNER,PIN,FLIPPED,FLIPPED,1,5298,2
Mena Estates MHC,16185/314,77057653,6f705ec0-4097-11f0-8e55-b138a1c03c8e,119BONNER,PIN,FLIPPED,FLIPPED,1,1809,2
Mena Estates MHC,16185/314,65830724,a689f000-d955-11ef-b6c0-d371c5346bb9,122STRANDBERG,PIN,NOT FLIPPED,NOT FLIPPED,5449,61,1
Mena Estates MHC,16185/314,77055053,6be3ce20-3d8d-11f0-8e55-b138a1c03c8e,123BONNER,PIN,NOT FLIPPED,NOT FLIPPED,3969,373,1
Mena Estates MHC,16185/314,70269848,cc2eea40-51e6-11f0-acb1-514e01860b07,126STRANDBERG,PIN,NOT FLIPPED,NOT FLIPPED,5410,15,1
Mena Estates MHC,16185/314,77054395,53e4afe0-26ce-11f0-8272-45e3ef110760,129BONNER,PIN,NOT FLIPPED,NOT FLIPPED,5260,6,1
Mena Estates MHC,16185/314,77061101,27bdbf50-38b8-11f0-8e55-b138a1c03c8e,130BONNER,PIN,FLIPPED,FLIPPED,6,5633,2
Mena Estates MHC,16185/314,77054858,272724a0-38b8-11f0-8e55-b138a1c03c8e,131BONNER,PIN,NOT FLIPPED,NOT FLIPPED,5749,0,1
Mena Estates MHC,16185/314,77055681,81080070-4097-11f0-8e55-b138a1c03c8e,141BONNER,PIN,NOT FLIPPED,NOT FLIPPED,2841,8,1
Mena Estates MHC,16185/314,77055079,df1d1a60-3ce1-11f0-8e55-b138a1c03c8e,150BONNER,PIN,FLIPPED,FLIPPED,23,3855,2
Mena Estates MHC,16185/314,77052001,cc0f7c20-352e-11f0-8e55-b138a1c03c8e,152BONNER,PIN,FLIPPED,FLIPPED,0,5435,2
Mena Estates MHC,16185/314,77057760,591a7530-26ce-11f0-8272-45e3ef110760,156BONNER,PIN,FLIPPED,FLIPPED,0,815,2
Mena Estates MHC,16185/314,65831433,82602ca0-e240-11ef-a5fd-a97d57576080,165BONNER,PIN,NOT FLIPPED,NOT FLIPPED,5275,17,1
Mena Estates MHC,16185/314,77054221,d101ce30-3ce1-11f0-8e55-b138a1c03c8e,190BONNER,PIN,FLIPPED,FLIPPED,0,3023,2
Mena Estates MHC,16185/314,77059790,a8165e30-66b4-11f0-8658-7f4e94e41769,2310MAMAMIA,PIN,FLIPPED,FLIPPED,0,2715,2
Mena Estates MHC,16185/314,65829072,be8ec340-c746-11ef-8f43-73c96c0de66f,2311MAMAMIA,PIN,FLIPPED,FLIPPED,59,5105,2
Mena Estates MHC,16185/314,77062158,d5694700-3ce1-11f0-8e55-b138a1c03c8e,2314MAMAMIA,PIN,NOT FLIPPED,NOT FLIPPED,561,0,1
Mena Estates MHC,16185/314,77055491,768e77d0-25d7-11f0-8272-45e3ef110760,2317MAMAMIA,PIN,FLIPPED,FLIPPED,98,4424,2
Mena Estates MHC,16185/314,70264674,05730970-6674-11f0-8658-7f4e94e41769,2512HIGHWAY80,PIN,FLIPPED,FLIPPED,0,5560,2
Midtown MHP,15090/254,75361376,307f49b0-0c3e-11f1-8768-5551e7a34f27,10,PIN,NOT FLIPPED,NOT FLIPPED,4530,110,1
Midtown MHP,15090/254,75374668,76dfd6d0-0c3f-11f1-8768-5551e7a34f27,3,PIN,NOT FLIPPED,NOT FLIPPED,5721,0,1
Midtown MHP,15090/254,75364966,26199600-0c3f-11f1-8768-5551e7a34f27,4,PIN,NOT FLIPPED,NOT FLIPPED,4794,1,1
Midtown MHP,15090/254,75367779,7a652270-0c3e-11f1-8768-5551e7a34f27,6,PIN,NOT FLIPPED,NOT FLIPPED,242,45,1
Midtown MHP,15090/254,72722335,96923300-0c40-11f1-8768-5551e7a34f27,7,PIN,FLIPPED,FLIPPED,2,5570,2
Midtown MHP,15090/254,75372944,39155b90-0c3f-11f1-8768-5551e7a34f27,8,PIN,NOT FLIPPED,NOT FLIPPED,5418,0,1
Mill Creek Estates,363/219,75364263,e124a2d0-0c69-11f1-8768-5551e7a34f27,300U,PIN-B,FLIPPED,FLIPPED,571,2322,2
Mill Creek Estates,363/219,75374635,7aae51e0-0c69-11f1-8768-5551e7a34f27,318L,PIN,FLIPPED,FLIPPED,42,2657,2
Mill Creek Estates,363/219,75361947,70c6be20-0c86-11f1-8768-5551e7a34f27,354U,PIN-B,FLIPPED,FLIPPED,842,2402,2
Mill Creek Estates,363/219,75362556,13ff9660-0c6a-11f1-8768-5551e7a34f27,388L,PIN-B,FLIPPED,FLIPPED,834,3514,2
Mill Creek Estates,363/219,75374403,7c0619b0-0c69-11f1-8768-5551e7a34f27,399L,PIN,NOT FLIPPED,NOT FLIPPED,4972,61,1
Mill Creek Estates,363/219,72723507,c5de84f0-0c69-11f1-8768-5551e7a34f27,536V,PIN-B,FLIPPED,FLIPPED,119,3843,2
Mill Creek Estates,363/219,75361772,d4810280-0c69-11f1-8768-5551e7a34f27,545V,PIN-B,NOT FLIPPED,NOT FLIPPED,2525,696,1
Mill Creek Estates,363/219,75362861,7a110070-0c69-11f1-8768-5551e7a34f27,559V,PIN-B,FLIPPED,FLIPPED,644,2783,2
Mill Creek Estates,363/219,75371557,5a8654e0-0c86-11f1-8768-5551e7a34f27,570P,PIN-B,FLIPPED,FLIPPED,880,2088,2
Mission Apartments,12377/219,75373470,b8a202a0-0e6f-11f1-85e5-65eb60735c3d,8914,PIN,NOT FLIPPED,NOT FLIPPED,5593,0,1
Mission Apartments,12377/219,75374106,03abbcf0-f8ae-11f0-b153-63024d3301e1,8916,PIN,NOT FLIPPED,NOT FLIPPED,5213,0,1
Mission Apartments,12377/219,72724364,1686ff80-c427-11f0-9842-6d029661c338,8936,PIN,FLIPPED,FLIPPED,134,1049,2
Mountaineer Village MHC,15085/254,72381096,882a40b0-9e53-11f0-b5af-5dfa9891b485,1,PIN,FLIPPED,FLIPPED,20,5413,2
Mountaineer Village MHC,15085/254,70272214,e7b996e0-9e74-11f0-b5af-5dfa9891b485,10,PIN,FLIPPED,FLIPPED,0,5675,2
Mountaineer Village MHC,15085/254,70273014,1bed3210-9e74-11f0-b5af-5dfa9891b485,11,PIN,NOT FLIPPED,NOT FLIPPED,5135,2,1
Mountaineer Village MHC,15085/254,72381062,db980260-9e75-11f0-b5af-5dfa9891b485,12,PIN,FLIPPED,FLIPPED,0,5687,2
Mountaineer Village MHC,15085/254,70269517,5b1c14c0-9e73-11f0-b5af-5dfa9891b485,13,PIN,FLIPPED,FLIPPED,1,5586,2
Mountaineer Village MHC,15085/254,70262173,ef1b00b0-9e72-11f0-b5af-5dfa9891b485,15,PIN,NOT FLIPPED,NOT FLIPPED,5942,0,1
Mountaineer Village MHC,15085/254,72381260,5c45f950-9e74-11f0-b5af-5dfa9891b485,16,PIN,FLIPPED,FLIPPED,0,5669,2
Mountaineer Village MHC,15085/254,72391202,378fe450-9e73-11f0-b5af-5dfa9891b485,18,PIN,NOT FLIPPED,NOT FLIPPED,5668,2,1
Mountaineer Village MHC,15085/254,70268097,f81c2820-520e-11f0-acb1-514e01860b07,20,PIN,NOT FLIPPED,NOT FLIPPED,771,0,1
Mountaineer Village MHC,15085/254,70266109,cca6a8e0-9e72-11f0-b5af-5dfa9891b485,22,PIN,NOT FLIPPED,NOT FLIPPED,5500,0,1
Mountaineer Village MHC,15085/254,72381948,04a70e10-9e73-11f0-b5af-5dfa9891b485,23,PIN,NOT FLIPPED,NOT FLIPPED,5161,1,1
Mountaineer Village MHC,15085/254,70272297,b79135a0-9e73-11f0-b5af-5dfa9891b485,26,PIN,NOT FLIPPED,NOT FLIPPED,4324,1,1
Mountaineer Village MHC,15085/254,70272842,81a55890-9e73-11f0-b5af-5dfa9891b485,27,PIN,FLIPPED,FLIPPED,0,5751,2
Mountaineer Village MHC,15085/254,72378670,64e01f50-9e74-11f0-b5af-5dfa9891b485,3,PIN,FLIPPED,FLIPPED,35,5540,2
Mountaineer Village MHC,15085/254,70269194,ac126ea0-9e65-11f0-b5af-5dfa9891b485,31,PIN,NOT FLIPPED,NOT FLIPPED,5609,0,1
Mountaineer Village MHC,15085/254,72378902,2d3ce990-9e59-11f0-b5af-5dfa9891b485,34,PIN,FLIPPED,FLIPPED,0,5767,2
Mountaineer Village MHC,15085/254,70272248,e54c6770-9e74-11f0-b5af-5dfa9891b485,42,PIN,NOT FLIPPED,NOT FLIPPED,4961,34,1
Mountaineer Village MHC,15085/254,70261670,59f03ef0-9e73-11f0-b5af-5dfa9891b485,43,PIN,FLIPPED,FLIPPED,482,2680,2
Mountaineer Village MHC,15085/254,72721428,9b22a2f0-c4f7-11f0-9842-6d029661c338,44,PIN,NOT FLIPPED,NOT FLIPPED,5136,41,1
Mountaineer Village MHC,15085/254,72379330,d08ac410-9e76-11f0-b5af-5dfa9891b485,6,PIN,FLIPPED,FLIPPED,0,5714,2
Mountaineer Village MHC,15085/254,70272933,1c450b80-9e73-11f0-b5af-5dfa9891b485,7,PIN,NOT FLIPPED,NOT FLIPPED,4121,27,1
Mountaineer Village MHC,15085/254,70262900,78dda800-9e75-11f0-b5af-5dfa9891b485,8,PIN,FLIPPED,FLIPPED,0,5519,2
Mountaineer Village MHC,15085/254,70266497,d5b74c80-9e74-11f0-b5af-5dfa9891b485,9,PIN,NOT FLIPPED,NOT FLIPPED,5729,0,1
Mountaineer Village MHC,15085/254,72384694,4d024e00-9e59-11f0-b5af-5dfa9891b485,HOME,PIN,NOT FLIPPED,NOT FLIPPED,5677,31,1
Noble Estates MHC-Cust,16130/296,75362770,5fba2890-3aa0-11f1-b198-172a4a9f25c9,525,PIN,FLIPPED,FLIPPED,0,527,2
Oak Grove MHC,362/209,72723325,6df37640-d4d5-11f0-b691-d965a62fa4fa,100,PIN-B,FLIPPED,FLIPPED,755,2661,2
Oak Grove MHC,362/209,72716154,83121b30-d79b-11f0-b691-d965a62fa4fa,102,PIN,NOT FLIPPED,NOT FLIPPED,5030,8,1
Oak Grove MHC,362/209,72715305,c8628df0-d4d5-11f0-b691-d965a62fa4fa,P,PIN-B,NOT FLIPPED,NOT FLIPPED,2186,947,1
Oak Tree MHP,16130/296,75370211,005046d0-0c3f-11f1-8768-5551e7a34f27,0,PIN,FLIPPED,FLIPPED,126,5125,2
Oak Tree MHP,16130/296,72716220,da6dddc0-c426-11f0-9842-6d029661c338,12,PIN,FLIPPED,FLIPPED,1,4649,2
Oak Tree MHP,16130/296,75369676,65f28f40-59f9-11f1-b1bb-f3574cce671d,15,PIN,NOT FLIPPED,NOT FLIPPED,5191,0,1
Oak Tree MHP,16130/296,70271794,4a145320-c427-11f0-9842-6d029661c338,16,PIN,FLIPPED,FLIPPED,0,480,2
Oak Tree MHP,16130/296,75367480,2ef8bfd0-0c35-11f1-8768-5551e7a34f27,2,PIN,FLIPPED,FLIPPED,3,5610,2
Oak Tree MHP,16130/296,75370153,9e076200-0c35-11f1-8768-5551e7a34f27,21,PIN,FLIPPED,FLIPPED,0,5567,2
Oak Tree MHP,16130/296,72721758,12c27d70-c427-11f0-9842-6d029661c338,22,PIN,NOT FLIPPED,NOT FLIPPED,5542,0,1
Oak Tree MHP,16130/296,72720164,c3f9ba50-c426-11f0-9842-6d029661c338,24,PIN,NOT FLIPPED,NOT FLIPPED,5900,0,1
Oak Tree MHP,16130/296,70261456,fab47360-626e-11f0-8658-7f4e94e41769,25,PIN,NOT FLIPPED,NOT FLIPPED,4658,0,1
Oak Tree MHP,16130/296,75360204,afcb2190-59f9-11f1-b1bb-f3574cce671d,7,PIN,FLIPPED,FLIPPED,0,5730,2
Oak Tree MHP,16130/296,70270408,d4af08c0-6272-11f0-8658-7f4e94e41769,9,PIN,NOT FLIPPED,NOT FLIPPED,5426,0,1
Oaklawn Park HOA - Cust,15090/254,75360071,f4b70310-0c69-11f1-8768-5551e7a34f27,2614EOC,PIN,FLIPPED,FLIPPED,9,5676,2
Oaklawn Park HOA - Cust,15090/254,75368082,7a5905f0-0c69-11f1-8768-5551e7a34f27,2615EOC,PIN,NOT FLIPPED,NOT FLIPPED,5387,6,1
Oaklawn Park HOA - Cust,15090/254,68612520,44113eb0-a0cf-11ef-82ac-6ff8f1723c66,2616EOC,PIN,NOT FLIPPED,NOT FLIPPED,5365,14,1
Oaklawn Park HOA - Cust,15090/254,72723986,0d950550-0c90-11f1-8768-5551e7a34f27,2618EOC,PIN,FLIPPED,FLIPPED,5,5360,2
Oaklawn Park HOA - Cust,15090/254,72714274,75f42530-0c69-11f1-8768-5551e7a34f27,2619EOC,PIN,FLIPPED,FLIPPED,2,5570,2
Oaklawn Park HOA - Cust,15090/254,75365666,43a221d0-0c97-11f1-8768-5551e7a34f27,2620EOC,PIN,NOT FLIPPED,NOT FLIPPED,5183,13,1
Oaklawn Park HOA - Cust,15090/254,75362812,038f5db0-0c6a-11f1-8768-5551e7a34f27,2621EOC,PIN,NOT FLIPPED,NOT FLIPPED,4763,1,1
Oaklawn Park HOA - Cust,15090/254,65830401,33aa3560-01d5-11f0-92a4-09772dfb61f8,2623EOC,PIN,NOT FLIPPED,NOT FLIPPED,312,0,1
Oaklawn Park HOA - Cust,15090/254,75360329,c4dcc530-0c91-11f1-8768-5551e7a34f27,2624EOC,PIN,NOT FLIPPED,NOT FLIPPED,5358,0,1
Oaklawn Park HOA - Cust,15090/254,75372894,64100a00-0c91-11f1-8768-5551e7a34f27,2624EOD,PIN,NOT FLIPPED,NOT FLIPPED,5414,0,1
Oaklawn Park HOA - Cust,15090/254,65824776,0c90ece0-e073-11ef-a5fd-a97d57576080,2625EOC,PIN,FLIPPED,FLIPPED,0,5450,2
Oaklawn Park HOA - Cust,15090/254,75365062,7bac59c0-0c91-11f1-8768-5551e7a34f27,2626EOC,PIN,NOT FLIPPED,NOT FLIPPED,623,217,1
Oaklawn Park HOA - Cust,15090/254,75361699,651feca0-0c3f-11f1-8768-5551e7a34f27,2628EOC,PIN,FLIPPED,FLIPPED,11,5539,2
Oaklawn Park HOA - Cust,15090/254,75370161,d251ed80-0c69-11f1-8768-5551e7a34f27,2628EOD,PIN,FLIPPED,FLIPPED,1,2878,2
Oaklawn Park HOA - Cust,15090/254,70268642,afb7a540-66b4-11f0-8658-7f4e94e41769,2629EOC,PIN,NOT FLIPPED,NOT FLIPPED,5565,0,1
Oaklawn Park HOA - Cust,15090/254,75362010,206e3240-0c91-11f1-8768-5551e7a34f27,2630EOC,PIN,FLIPPED,FLIPPED,37,5461,2
Oaklawn Park HOA - Cust,15090/254,70260326,8c7399e0-5246-11f0-acb1-514e01860b07,2630EOD,PIN,NOT FLIPPED,NOT FLIPPED,4096,1,1
Oaklawn Park HOA - Cust,15090/254,75364974,9dfec720-0c90-11f1-8768-5551e7a34f27,2636EOD,PIN,FLIPPED,FLIPPED,0,5592,2
Oaklawn Park HOA - Cust,15090/254,75367118,d0412430-0c90-11f1-8768-5551e7a34f27,2641EOD,PIN,FLIPPED,FLIPPED,2,5573,2
Oaklawn Park HOA - Cust,15090/254,75370237,97f5d350-0c90-11f1-8768-5551e7a34f27,2643EOD,PIN,FLIPPED,FLIPPED,7,5133,2
Oaklawn Park HOA - Cust,15090/254,75364693,8390fac0-f8ae-11f0-b153-63024d3301e1,2645EOD,PIN,FLIPPED,FLIPPED,0,5336,2
Oaklawn Park HOA - Cust,15090/254,75372357,971e3800-0c90-11f1-8768-5551e7a34f27,2647EOD,PIN,FLIPPED,FLIPPED,23,5197,2
Oaklawn Park HOA - Cust,15090/254,72720966,fa13ff70-0c69-11f1-8768-5551e7a34f27,3311SOC,PIN,NOT FLIPPED,NOT FLIPPED,5339,0,1
Oaklawn Park HOA - Cust,15090/254,75360386,02fafb30-0c91-11f1-8768-5551e7a34f27,3313SOC,PIN,FLIPPED,FLIPPED,0,5554,2
Oaklawn Park HOA - Cust,15090/254,75362994,5b53ab70-0c90-11f1-8768-5551e7a34f27,3315SOC,PIN,NOT FLIPPED,NOT FLIPPED,5945,0,1
Oaklawn Park HOA - Cust,15090/254,72723713,c1d5bc30-0c90-11f1-8768-5551e7a34f27,3317SOC,PIN,NOT FLIPPED,NOT FLIPPED,4408,0,1
Oaklawn Park HOA - Cust,15090/254,75363638,0a2d2230-0c90-11f1-8768-5551e7a34f27,3320SOC,PIN,FLIPPED,FLIPPED,0,5736,2
Oaklawn Park HOA - Cust,15090/254,75369916,aab1f7d0-0c90-11f1-8768-5551e7a34f27,3321SOC,PIN,NOT FLIPPED,NOT FLIPPED,5382,0,1
Oaklawn Park HOA - Cust,15090/254,72716246,13630330-c427-11f0-9842-6d029661c338,3322SOC,PIN,FLIPPED,FLIPPED,1,5401,2
Oaklawn Park HOA - Cust,15090/254,77057034,0f26dfa0-26b4-11f0-8272-45e3ef110760,3323SOC,PIN,FLIPPED,FLIPPED,0,5188,2
Oaklawn Park HOA - Cust,15090/254,72714803,d2188e00-0c69-11f1-8768-5551e7a34f27,3324SOC,PIN,NOT FLIPPED,NOT FLIPPED,5631,0,1
Oaklawn Park HOA - Cust,15090/254,75363059,945ca2d0-0c97-11f1-8768-5551e7a34f27,3325SOC,PIN,FLIPPED,FLIPPED,0,5613,2
Oaklawn Park HOA - Cust,15090/254,65827159,d4f4a850-01fe-11f0-92a4-09772dfb61f8,3326SOC,PIN,NOT FLIPPED,NOT FLIPPED,5402,0,1
Oaklawn Park HOA - Cust,15090/254,75367811,cb33ce70-0c90-11f1-8768-5551e7a34f27,3330SOC,PIN,FLIPPED,FLIPPED,0,5364,2
Oaklawn Park HOA - Cust,15090/254,75362911,230cf900-0c91-11f1-8768-5551e7a34f27,3332SOC,PIN,FLIPPED,FLIPPED,0,4873,2
Oaklawn Park HOA - Cust,15090/254,75370781,a5f903a0-0c90-11f1-8768-5551e7a34f27,3334SOC,PIN,FLIPPED,FLIPPED,0,5664,2
Oaklawn Park HOA - Cust,15090/254,65826300,19451d50-e247-11ef-a5fd-a97d57576080,3340SOC,PIN,FLIPPED,FLIPPED,42,4984,2
Oaklawn Park HOA - Cust,15090/254,70273139,0269fee0-6134-11f0-9fcd-87e94e720126,3341SOC,PIN,FLIPPED,FLIPPED,0,5373,2
Oaklawn Park HOA - Cust,15090/254,75362150,58004540-0c91-11f1-8768-5551e7a34f27,3342SOC,PIN,NOT FLIPPED,NOT FLIPPED,5488,48,1
Oaklawn Park HOA - Cust,15090/254,70271067,d01cbf10-520e-11f0-acb1-514e01860b07,3343SOC,PIN,NOT FLIPPED,NOT FLIPPED,5539,0,1
Oaklawn Park HOA - Cust,15090/254,75373769,1e8749d0-0c91-11f1-8768-5551e7a34f27,3344SOC,PIN,FLIPPED,FLIPPED,0,3468,2
Oaklawn Park HOA - Cust,15090/254,75370559,5a90d0a0-0c90-11f1-8768-5551e7a34f27,3345SOC,PIN,NOT FLIPPED,NOT FLIPPED,5275,1,1
Oaklawn Park HOA - Cust,15090/254,72722491,6c3bb7c0-0c86-11f1-8768-5551e7a34f27,3346SOC,PIN,FLIPPED,FLIPPED,2,5389,2
Oaklawn Park HOA - Cust,15090/254,77057976,36026220-26b4-11f0-8272-45e3ef110760,3348SOC,PIN,NOT FLIPPED,NOT FLIPPED,4767,1,1
Oaklawn Park HOA - Cust,15090/254,75361442,26f95dc0-f8ae-11f0-b153-63024d3301e1,3349SOC,PIN,FLIPPED,FLIPPED,6,5238,2
Oaklawn Park HOA - Cust,15090/254,75367175,c1888690-0c90-11f1-8768-5551e7a34f27,3350SOC,PIN,NOT FLIPPED,NOT FLIPPED,505,0,1
Oaklawn Park HOA - Cust,15090/254,75362309,e5af5b10-0c69-11f1-8768-5551e7a34f27,3351SOC,PIN,FLIPPED,FLIPPED,0,5660,2
Oaklawn Park HOA - Cust,15090/254,75368124,914893c0-0c91-11f1-8768-5551e7a34f27,3352SOC,PIN,FLIPPED,FLIPPED,1,4753,2
Oaklawn Park HOA - Cust,15090/254,72720511,c52bafb0-0c69-11f1-8768-5551e7a34f27,3356SOC,PIN,FLIPPED,FLIPPED,7,5386,2
Oaklawn Park HOA - Cust,15090/254,65822168,af791a40-bdbe-11ef-8f43-73c96c0de66f,3360SOC,PIN,FLIPPED,FLIPPED,2,5643,2
Oaklawn Park HOA - Cust,15090/254,75363968,65da8640-0c90-11f1-8768-5551e7a34f27,3362SOC,PIN,FLIPPED,FLIPPED,45,4184,2
Oaklawn Park HOA - Cust,15090/254,65828009,34e79d20-bb65-11ef-8f43-73c96c0de66f,3364SOC,PIN,FLIPPED,FLIPPED,0,5302,2
Oaklawn Park HOA - Cust,15090/254,72724174,724a5f40-f8ae-11f0-b153-63024d3301e1,3366SOC,PIN,FLIPPED,FLIPPED,9,5803,2
Oaklawn Park HOA - Cust,15090/254,72723473,56358cd0-0c90-11f1-8768-5551e7a34f27,3368SOC,PIN,FLIPPED,FLIPPED,1,5733,2
Oaklawn Park HOA - Cust,15090/254,72717756,7afaeb40-0c69-11f1-8768-5551e7a34f27,3370SOC,PIN,FLIPPED,FLIPPED,1,1968,2
Oaklawn Park HOA - Cust,15090/254,75372159,77a43f00-0c91-11f1-8768-5551e7a34f27,3372SOC,PIN,NOT FLIPPED,NOT FLIPPED,5178,0,1
Oaklawn Park HOA - Cust,15090/254,75363067,0f00e440-f8ae-11f0-b153-63024d3301e1,3376SOC,PIN,NOT FLIPPED,NOT FLIPPED,5316,0,1
Oaklawn Park HOA - Cust,15090/254,75364255,013fd6f0-0c3f-11f1-8768-5551e7a34f27,3383SOC,PIN,FLIPPED,FLIPPED,0,4845,2
Oaklawn Park HOA - Cust,15090/254,75361327,cf8415c0-0c90-11f1-8768-5551e7a34f27,3387SOC,PIN,FLIPPED,FLIPPED,4,5631,2
Oaklawn Park HOA - Cust,15090/254,70269723,dd1eed90-5223-11f0-acb1-514e01860b07,3391SOC,PIN,FLIPPED,FLIPPED,4,5247,2
Oaklawn Park HOA - Cust,15090/254,75373207,a78b6370-0c90-11f1-8768-5551e7a34f27,3400SOC,PIN,NOT FLIPPED,NOT FLIPPED,4744,0,1
Oaklawn Park HOA - Cust,15090/254,75372753,dce73580-0c90-11f1-8768-5551e7a34f27,3401SOC,PIN,FLIPPED,FLIPPED,0,3555,2
Oaklawn Park HOA - Cust,15090/254,65828512,a657bd40-be4a-11ef-8f43-73c96c0de66f,3402SOC,PIN,FLIPPED,FLIPPED,1,5316,2
Oaklawn Park HOA - Cust,15090/254,75363513,9c361510-0c90-11f1-8768-5551e7a34f27,3403SOC,PIN,NOT FLIPPED,NOT FLIPPED,5612,6,1
Oaklawn Park HOA - Cust,15090/254,75373652,5b94b6a0-0c91-11f1-8768-5551e7a34f27,3406SOC,PIN,NOT FLIPPED,NOT FLIPPED,4872,0,1
Oaklawn Park HOA - Cust,15090/254,65830708,4beb67b0-0285-11f0-92a4-09772dfb61f8,3407SOC,PIN,FLIPPED,FLIPPED,1,5134,2
Oaklawn Park HOA - Cust,15090/254,75372506,6da88d30-0c91-11f1-8768-5551e7a34f27,3408SOC,PIN,FLIPPED,FLIPPED,1,5194,2
Oaklawn Park HOA - Cust,15090/254,68612850,1b4a7d70-be5c-11ef-8f43-73c96c0de66f,3409SOC,PIN,FLIPPED,FLIPPED,0,5630,2
Oaklawn Park HOA - Cust,15090/254,72720461,75c459a0-cfc3-11f0-9bfa-a7eff651ff22,3410SOC,PIN,NOT FLIPPED,NOT FLIPPED,5337,3,1
Oaklawn Park HOA - Cust,15090/254,75367134,7ac13da0-0c69-11f1-8768-5551e7a34f27,3411SOC,PIN,FLIPPED,FLIPPED,8,4810,2
Oaklawn Park HOA - Cust,15090/254,75363117,6eb537b0-0c90-11f1-8768-5551e7a34f27,3420SOC,PIN,FLIPPED,FLIPPED,22,5484,2
Oaklawn Park HOA - Cust,15090/254,75367233,878e09a0-0c91-11f1-8768-5551e7a34f27,3421SOC,PIN,FLIPPED,FLIPPED,16,5626,2
Oaklawn Park HOA - Cust,15090/254,75363653,6408de10-0c91-11f1-8768-5551e7a34f27,3422SOC,PIN,NOT FLIPPED,NOT FLIPPED,174,0,1
Oaklawn Park HOA - Cust,15090/254,75368553,bd29c050-0c90-11f1-8768-5551e7a34f27,3423SOC,PIN,NOT FLIPPED,NOT FLIPPED,5170,3,1
Oaklawn Park HOA - Cust,15090/254,75370229,f1365610-0c90-11f1-8768-5551e7a34f27,3424SOC,PIN,NOT FLIPPED,NOT FLIPPED,148,0,1
Oaklawn Park HOA - Cust,15090/254,65830542,903fe7e0-e4dc-11ef-a76f-4d93d4a482f0,3425SOC,PIN,NOT FLIPPED,NOT FLIPPED,5273,11,1
Oaklawn Park HOA - Cust,15090/254,70269731,937b4de0-666f-11f0-8658-7f4e94e41769,3426SOC,PIN,FLIPPED,FLIPPED,0,5321,2
Oaklawn Park HOA - Cust,15090/254,75363844,70c74ed0-0c90-11f1-8768-5551e7a34f27,3427SOC,PIN,FLIPPED,FLIPPED,1,5310,2
Oaklawn Park HOA - Cust,15090/254,77058016,19155ef0-269c-11f0-8272-45e3ef110760,3428SOC,PIN,NOT FLIPPED,NOT FLIPPED,5625,4,1
Oaklawn Park HOA - Cust,15090/254,75371078,149e83c0-0c91-11f1-8768-5551e7a34f27,3429SOC,PIN,NOT FLIPPED,NOT FLIPPED,5491,8,1
Oaklawn Park HOA - Cust,15090/254,75369981,216bb470-f8ae-11f0-b153-63024d3301e1,3430SOC,PIN,FLIPPED,FLIPPED,359,3740,2
Oaklawn Park HOA - Cust,15090/254,65825070,c8a49640-be52-11ef-8f43-73c96c0de66f,3431SOC,PIN,FLIPPED,FLIPPED,0,5629,2
Oaklawn Park HOA - Cust,15090/254,75373173,6ec82e00-0c91-11f1-8768-5551e7a34f27,3434SOC,PIN,FLIPPED,FLIPPED,0,5771,2
Oaklawn Park HOA - Cust,15090/254,75363315,5ab2fea0-0c90-11f1-8768-5551e7a34f27,3436SOC,PIN,FLIPPED,FLIPPED,0,5468,2
Oaklawn Park HOA - Cust,15090/254,75363851,0cbe0640-0c90-11f1-8768-5551e7a34f27,3438SOC,PIN,FLIPPED,FLIPPED,1,3304,2
Oaklawn Park HOA - Cust,15090/254,65823497,d0fc0490-b989-11ef-8f43-73c96c0de66f,3440SOC,PIN,FLIPPED,FLIPPED,0,5267,2
Oaklawn Park HOA - Cust,15090/254,65822663,47811c70-c7b0-11ef-8f43-73c96c0de66f,3441SOC,PIN,NOT FLIPPED,NOT FLIPPED,3923,2,1
Oaklawn Park HOA - Cust,15090/254,72721014,ff48fc60-c426-11f0-9842-6d029661c338,3442SOC,PIN,FLIPPED,FLIPPED,0,5506,2
Oaklawn Park HOA - Cust,15090/254,75374478,7a41ad60-0c69-11f1-8768-5551e7a34f27,3443SOC,PIN,NOT FLIPPED,NOT FLIPPED,5249,15,1
Oaklawn Park HOA - Cust,15090/254,77054940,bd66b100-3d05-11f0-8e55-b138a1c03c8e,3444SOC,PIN,FLIPPED,FLIPPED,1,5772,2
Oaklawn Park HOA - Cust,15090/254,75370203,3127beb0-0c3e-11f1-8768-5551e7a34f27,3445SOC,PIN,FLIPPED,FLIPPED,7,5483,2
Oaklawn Park HOA - Cust,15090/254,75370179,69fa47b0-0c90-11f1-8768-5551e7a34f27,3446SOC,PIN,NOT FLIPPED,NOT FLIPPED,5352,0,1
Oaklawn Park HOA - Cust,15090/254,75364164,c135bd60-0c69-11f1-8768-5551e7a34f27,3447SOC,PIN,NOT FLIPPED,NOT FLIPPED,2945,124,1
Oaklawn Park HOA - Cust,15090/254,77055707,872007d0-3504-11f0-8e55-b138a1c03c8e,3448SOC,PIN,FLIPPED,FLIPPED,0,5372,2
Oaklawn Park HOA - Cust,15090/254,75369536,659daee0-0c91-11f1-8768-5551e7a34f27,3450SOC,PIN,FLIPPED,FLIPPED,3,5693,2
Oaklawn Park HOA - Cust,15090/254,75373579,a6395b40-0c80-11f1-8768-5551e7a34f27,3451SOC,PIN,FLIPPED,FLIPPED,0,5373,2
Oaklawn Park HOA - Cust,15090/254,77059600,651b3ab0-3504-11f0-8e55-b138a1c03c8e,3452SOC,PIN,NOT FLIPPED,NOT FLIPPED,3924,0,1
Oaklawn Park HOA - Cust,15090/254,70265416,10ade660-a92d-11f0-98a7-c3bc57f9afe3,3454SOC,PIN,FLIPPED,FLIPPED,0,4908,2
Oaklawn Park HOA - Cust,15090/254,75368108,626fa070-0c91-11f1-8768-5551e7a34f27,3455SOC,PIN,FLIPPED,FLIPPED,0,5523,2
Oaklawn Park HOA - Cust,15090/254,75362853,9c1bfd60-0c90-11f1-8768-5551e7a34f27,3457SOC,PIN,NOT FLIPPED,NOT FLIPPED,73,0,1
Oaklawn Park HOA - Cust,15090/254,75363208,6dc95ba0-0c91-11f1-8768-5551e7a34f27,3463SOC,PIN,FLIPPED,FLIPPED,0,5447,2
Oaklawn Park HOA - Cust,15090/254,75360881,14d91bc0-0c91-11f1-8768-5551e7a34f27,3467SOC,PIN,FLIPPED,FLIPPED,0,5607,2
Oaklawn Park HOA - Cust,15090/254,72723648,0a39cc60-0c90-11f1-8768-5551e7a34f27,3469SOC,PIN,FLIPPED,FLIPPED,2,4009,2
Oaklawn Park HOA - Cust,15090/254,65823752,5d8a7840-b99b-11ef-8f43-73c96c0de66f,3471SOC,PIN,NOT FLIPPED,NOT FLIPPED,5448,0,1
Oaklawn Park HOA - Cust,15090/254,75364008,4b6f81f0-0c97-11f1-8768-5551e7a34f27,3473SOC,PIN,FLIPPED,FLIPPED,1,5563,2
Oaklawn Park HOA - Cust,15090/254,72715230,8a54d1f0-0c69-11f1-8768-5551e7a34f27,3475SOC,PIN,FLIPPED,FLIPPED,0,5108,2
Oaklawn Park HOA - Cust,15090/254,75367498,71cf5380-0c91-11f1-8768-5551e7a34f27,3477SOC,PIN,FLIPPED,FLIPPED,0,5614,2
Oaklawn Park HOA - Cust,15090/254,75372621,c10e4d80-0c90-11f1-8768-5551e7a34f27,3480SOC,PIN,NOT FLIPPED,NOT FLIPPED,5343,7,1
Oaklawn Park HOA - Cust,15090/254,75362341,841df050-0c69-11f1-8768-5551e7a34f27,3482SOC,PIN,FLIPPED,FLIPPED,7,5696,2
Oaklawn Park HOA - Cust,15090/254,75369429,4e288ba0-0c90-11f1-8768-5551e7a34f27,3488SOC,PIN,NOT FLIPPED,NOT FLIPPED,5090,0,1
Oaklawn Park HOA - Cust,15090/254,65828660,5de876c0-b99b-11ef-8f43-73c96c0de66f,3489SOC,PIN,FLIPPED,FLIPPED,43,4790,2
Oaklawn Park HOA - Cust,15090/254,77041368,b2a3a450-260b-11f0-8272-45e3ef110760,3491SOC,PIN,FLIPPED,FLIPPED,21,3146,2
Oaklawn Park HOA - Cust,15090/254,72719661,c4f29e50-0c69-11f1-8768-5551e7a34f27,3493SOC,PIN,NOT FLIPPED,NOT FLIPPED,4825,14,1
Oaklawn Park HOA - Cust,15090/254,75366037,15374150-0c91-11f1-8768-5551e7a34f27,3496SOC,PIN,NOT FLIPPED,NOT FLIPPED,5593,51,1
Oaklawn Park HOA - Cust,15090/254,72383852,38804e40-0c91-11f1-8768-5551e7a34f27,3498SOC,PIN,FLIPPED,FLIPPED,20,2607,2
Oaklawn Park HOA - Cust,15090/254,75361400,3500b320-0c3e-11f1-8768-5551e7a34f27,3499SOC,PIN,FLIPPED,FLIPPED,160,3376,2
Oaklawn Park HOA - Cust,15090/254,75370419,b39d55a0-0c91-11f1-8768-5551e7a34f27,3501SOC,PIN,FLIPPED,FLIPPED,15,5544,2
Oaklawn Park HOA - Cust,15090/254,72719950,c62a9760-0c90-11f1-8768-5551e7a34f27,3503SOC,PIN,FLIPPED,FLIPPED,15,5619,2
Oaklawn Park HOA - Cust,15090/254,75373637,da6bfc50-0c90-11f1-8768-5551e7a34f27,3506SOC,PIN,FLIPPED,FLIPPED,11,5248,2
Oaklawn Park HOA - Cust,15090/254,75362101,af640e30-0c90-11f1-8768-5551e7a34f27,3509SOC,PIN,FLIPPED,FLIPPED,126,4846,2
Oaklawn Park HOA - Cust,15090/254,77041301,9a6a3b50-2639-11f0-8272-45e3ef110760,3511SOC,PIN,NOT FLIPPED,NOT FLIPPED,5431,1,1
Oaklawn Park HOA - Cust,15090/254,75361640,106eb230-0c90-11f1-8768-5551e7a34f27,3512SOC,PIN,NOT FLIPPED,NOT FLIPPED,5282,14,1
Oaklawn Park HOA - Cust,15090/254,72722160,02d668e0-c427-11f0-9842-6d029661c338,3517SOC,PIN,NOT FLIPPED,NOT FLIPPED,5136,9,1
Oaklawn Park HOA - Cust,15090/254,75363224,ca1f5bc0-0c91-11f1-8768-5551e7a34f27,3519SOC,PIN,FLIPPED,FLIPPED,3,5872,2
Oaklawn Park HOA - Cust,15090/254,68593134,82a2b410-a2eb-11ef-82ac-6ff8f1723c66,3521SOC,PIN,FLIPPED,FLIPPED,8,3898,2
Oaklawn Park HOA - Cust,15090/254,75374007,30be9640-f8ae-11f0-b153-63024d3301e1,3527SOC,PIN,NOT FLIPPED,NOT FLIPPED,4286,0,1
Oaklawn Park HOA - Cust,15090/254,75363109,c1523450-0c90-11f1-8768-5551e7a34f27,3529SOC,PIN,FLIPPED,FLIPPED,10,5641,2
Oaklawn Park HOA - Cust,15090/254,75374098,cf62ab10-0c90-11f1-8768-5551e7a34f27,3531SOC,PIN,FLIPPED,FLIPPED,2,1658,2
Oaklawn Park HOA - Cust,15090/254,65824149,a4a29330-be4a-11ef-8f43-73c96c0de66f,3537SOC,PIN,NOT FLIPPED,NOT FLIPPED,5243,20,1
Oaklawn Park HOA - Cust,15090/254,70259856,93548c00-666f-11f0-8658-7f4e94e41769,3539SOC,PIN,FLIPPED,FLIPPED,0,4655,2
Oaklawn Park HOA - Cust,15090/254,75372746,c3254270-0c97-11f1-8768-5551e7a34f27,3541SOC,PIN,FLIPPED,FLIPPED,57,3481,2
Oaklawn Park HOA - Cust,15090/254,75361582,5b527d80-0c91-11f1-8768-5551e7a34f27,3547SOC,PIN,NOT FLIPPED,NOT FLIPPED,5834,17,1
Oaklawn Park HOA - Cust,15090/254,75371565,148d1ea0-0c91-11f1-8768-5551e7a34f27,3549SOC,PIN,FLIPPED,FLIPPED,85,1989,2
Oaklawn Park HOA - Cust,15090/254,75370351,5b084a90-0c90-11f1-8768-5551e7a34f27,3551SOC,PIN,NOT FLIPPED,NOT FLIPPED,4861,95,1
Oaklawn Park HOA - Cust,15090/254,70265382,8c8b2740-524b-11f0-acb1-514e01860b07,3557SOC,PIN,NOT FLIPPED,NOT FLIPPED,5184,36,1
Oaklawn Park HOA - Cust,15090/254,75374809,b9c2f930-0c91-11f1-8768-5551e7a34f27,3559SOC,PIN,FLIPPED,FLIPPED,28,5424,2
Oaklawn Park HOA - Cust,15090/254,77059543,eb559110-52bf-11f0-acb1-514e01860b07,3592SOC,PIN,NOT FLIPPED,NOT FLIPPED,5414,24,1
Oaklawn Park HOA - Cust,15090/254,77041756,236b2e10-38b8-11f0-8e55-b138a1c03c8e,3594SOC,PIN,NOT FLIPPED,NOT FLIPPED,2890,66,1
Oaklawn Park HOA - Cust,15090/254,79460588,caa4c8a0-3e87-11f1-b39d-b550dfb4ab8b,3596SOC,PIN,NOT FLIPPED,NOT FLIPPED,5314,88,1
Oswego MHP,16185/314,79459267,79184a70-65bf-11f1-9333-3b2cfe68422f,LOT06,PIN,FLIPPED,FLIPPED,205,4840,2
Oswego MHP,16185/314,75372324,708768b0-65be-11f1-9333-3b2cfe68422f,LOT14,PIN,NOT FLIPPED,NOT FLIPPED,5798,0,1
Pace East,16131/296,75363661,9029c7e0-f317-11f0-8900-8bd481ce9a44,105,PIN,FLIPPED,FLIPPED,0,5708,2
Pace East,16131/296,72383266,6d985af0-8465-11f0-8b4a-0d0197d44616,12,PIN,NOT FLIPPED,NOT FLIPPED,4443,0,1
Pace East,16131/296,70262793,50e8bc70-842d-11f0-8b4a-0d0197d44616,16,PIN,NOT FLIPPED,NOT FLIPPED,5646,1,1
Pace East,16131/296,72717129,8b2c2c70-d4c1-11f0-b691-d965a62fa4fa,20,PIN,NOT FLIPPED,NOT FLIPPED,3800,381,1
Pace East,16131/296,75371409,c5a341c0-f651-11f0-b153-63024d3301e1,22,PIN,NOT FLIPPED,NOT FLIPPED,5578,5,1
Pace East,16131/296,72392028,8b284f20-8420-11f0-8b4a-0d0197d44616,23,PIN,NOT FLIPPED,NOT FLIPPED,5641,9,1
Pace East,16131/296,72378654,a8e1b350-8496-11f0-8b4a-0d0197d44616,26,PIN,FLIPPED,FLIPPED,1,5161,2
Pace East,16131/296,72380171,b6296200-9a72-11f0-b5af-5dfa9891b485,29,PIN,NOT FLIPPED,NOT FLIPPED,5265,0,1
Pace East,16131/296,72389842,2c577b40-8431-11f0-8b4a-0d0197d44616,31,PIN,NOT FLIPPED,NOT FLIPPED,5741,3,1
Pace East,16131/296,75369551,e0a97070-f651-11f0-b153-63024d3301e1,45,PIN,NOT FLIPPED,NOT FLIPPED,4234,9,1
Pace East,16131/296,72386392,2b9cc680-8420-11f0-8b4a-0d0197d44616,56,PIN,NOT FLIPPED,NOT FLIPPED,3475,59,1
Pace East,16131/296,70269368,33d04cf0-8498-11f0-8b4a-0d0197d44616,58,PIN,FLIPPED,FLIPPED,0,2310,2
Pace East,16131/296,72382771,0e9b6210-8436-11f0-8b4a-0d0197d44616,97,PIN,NOT FLIPPED,NOT FLIPPED,4950,6,1
Papa Ken,362/209,77054205,96bdc1f0-aabb-11f0-98a7-c3bc57f9afe3,MAIN,PIN,FLIPPED,FLIPPED,6,2831,2
Paradise Village Cooperative MHC,15154/260,72724430,bd8e8f70-d4d3-11f0-b691-d965a62fa4fa,1,PIN,NOT FLIPPED,NOT FLIPPED,3633,0,1
Paradise Village Cooperative MHC,15154/260,75360238,acccea30-3a93-11f1-b198-172a4a9f25c9,10,PIN,NOT FLIPPED,NOT FLIPPED,5288,0,1
Paradise Village Cooperative MHC,15154/260,70273642,7bc27800-cfc3-11f0-9bfa-a7eff651ff22,11,PIN,NOT FLIPPED,NOT FLIPPED,5699,3,1
Paradise Village Cooperative MHC,15154/260,70259021,bc394e90-cfc3-11f0-9bfa-a7eff651ff22,12,PIN,FLIPPED,FLIPPED,0,5144,2
Paradise Village Cooperative MHC,15154/260,72392861,31758520-9a72-11f0-b5af-5dfa9891b485,13,PIN,NOT FLIPPED,NOT FLIPPED,5669,0,1
Paradise Village Cooperative MHC,15154/260,70272677,74c7f840-cfc3-11f0-9bfa-a7eff651ff22,14,PIN,FLIPPED,FLIPPED,12,5211,2
Paradise Village Cooperative MHC,15154/260,72717327,a92916a0-cfc3-11f0-9bfa-a7eff651ff22,16,PIN,NOT FLIPPED,NOT FLIPPED,5590,0,1
Paradise Village Cooperative MHC,15154/260,75374395,5fecaa40-3aa0-11f1-b198-172a4a9f25c9,17,PIN,NOT FLIPPED,NOT FLIPPED,5676,0,1
Paradise Village Cooperative MHC,15154/260,70272339,9b0984b0-cfc3-11f0-9bfa-a7eff651ff22,19,PIN,NOT FLIPPED,NOT FLIPPED,4435,0,1
Paradise Village Cooperative MHC,15154/260,77056028,70421f30-3d8d-11f0-8e55-b138a1c03c8e,2,PIN,FLIPPED,FLIPPED,3,5613,2
Paradise Village Cooperative MHC,15154/260,72720438,b6d414d0-cfc3-11f0-9bfa-a7eff651ff22,20,PIN,NOT FLIPPED,NOT FLIPPED,5632,2,1
Paradise Village Cooperative MHC,15154/260,70268931,859014f0-cfc3-11f0-9bfa-a7eff651ff22,21,PIN,FLIPPED,FLIPPED,39,5561,2
Paradise Village Cooperative MHC,15154/260,75363786,a9b80910-3a93-11f1-b198-172a4a9f25c9,22,PIN,NOT FLIPPED,NOT FLIPPED,5788,0,1
Paradise Village Cooperative MHC,15154/260,75374791,af001de0-3a93-11f1-b198-172a4a9f25c9,23,PIN,NOT FLIPPED,NOT FLIPPED,5252,10,1
Paradise Village Cooperative MHC,15154/260,70263759,17436dc0-cfc4-11f0-9bfa-a7eff651ff22,24,PIN,FLIPPED,FLIPPED,0,5241,2
Paradise Village Cooperative MHC,15154/260,79453930,4bb3a9c0-3aa0-11f1-b198-172a4a9f25c9,25,PIN,FLIPPED,FLIPPED,1,5702,2
Paradise Village Cooperative MHC,15154/260,75368983,ada4fab0-3a93-11f1-b198-172a4a9f25c9,26,PIN,FLIPPED,FLIPPED,0,5260,2
Paradise Village Cooperative MHC,15154/260,79461123,56294680-3aa0-11f1-b198-172a4a9f25c9,27,PIN,NOT FLIPPED,NOT FLIPPED,5656,0,1
Paradise Village Cooperative MHC,15154/260,70272719,f02d7a50-cfc3-11f0-9bfa-a7eff651ff22,28,PIN,NOT FLIPPED,NOT FLIPPED,5620,8,1
Paradise Village Cooperative MHC,15154/260,75366565,3a723e60-3aa0-11f1-b198-172a4a9f25c9,29,PIN,FLIPPED,FLIPPED,0,5098,2
Paradise Village Cooperative MHC,15154/260,75373413,b1f82830-3a93-11f1-b198-172a4a9f25c9,3,PIN,FLIPPED,FLIPPED,0,5633,2
Paradise Village Cooperative MHC,15154/260,72720230,6d3d6d80-cfc3-11f0-9bfa-a7eff651ff22,30,PIN,NOT FLIPPED,NOT FLIPPED,1852,0,1
Paradise Village Cooperative MHC,15154/260,79461016,ad66b930-3a93-11f1-b198-172a4a9f25c9,31,PIN,NOT FLIPPED,NOT FLIPPED,5582,0,1
Paradise Village Cooperative MHC,15154/260,72714647,fab14bd0-c426-11f0-9842-6d029661c338,32,PIN,FLIPPED,FLIPPED,1,5301,2
Paradise Village Cooperative MHC,15154/260,79465850,bc716e70-3a93-11f1-b198-172a4a9f25c9,33,PIN,NOT FLIPPED,NOT FLIPPED,5821,0,1
Paradise Village Cooperative MHC,15154/260,75364800,aea21f60-3a93-11f1-b198-172a4a9f25c9,34,PIN,NOT FLIPPED,NOT FLIPPED,2865,0,1
Paradise Village Cooperative MHC,15154/260,77059022,7698b6f0-524b-11f0-acb1-514e01860b07,35,PIN,NOT FLIPPED,NOT FLIPPED,5204,0,1
Paradise Village Cooperative MHC,15154/260,79459994,ace4b7f0-3a93-11f1-b198-172a4a9f25c9,36,PIN,NOT FLIPPED,NOT FLIPPED,5477,0,1
Paradise Village Cooperative MHC,15154/260,75364594,ef2e9cb0-39d6-11f1-b198-172a4a9f25c9,37,PIN,FLIPPED,FLIPPED,0,4847,2
Paradise Village Cooperative MHC,15154/260,72718879,de6c3090-cfc3-11f0-9bfa-a7eff651ff22,38,PIN,FLIPPED,FLIPPED,0,5817,2
Paradise Village Cooperative MHC,15154/260,79462154,a9912020-3a93-11f1-b198-172a4a9f25c9,39,PIN,FLIPPED,FLIPPED,1,5175,2
Paradise Village Cooperative MHC,15154/260,75374858,a66b00f0-3a93-11f1-b198-172a4a9f25c9,4,PIN,NOT FLIPPED,NOT FLIPPED,1969,13,1
Paradise Village Cooperative MHC,15154/260,72721451,762f0250-cfc3-11f0-9bfa-a7eff651ff22,40,PIN,NOT FLIPPED,NOT FLIPPED,4924,0,1
Paradise Village Cooperative MHC,15154/260,72721188,12782a10-cfc4-11f0-9bfa-a7eff651ff22,6,PIN,FLIPPED,FLIPPED,0,5326,2
Paradise Village Cooperative MHC,15154/260,75362523,4c94baf0-3aa0-11f1-b198-172a4a9f25c9,7,PIN,NOT FLIPPED,NOT FLIPPED,5323,2,1
Paradise Village Cooperative MHC,15154/260,72715750,79d80d20-cfc3-11f0-9bfa-a7eff651ff22,8,PIN,NOT FLIPPED,NOT FLIPPED,5423,0,1
Paradise Village Cooperative MHC,15154/260,70272230,111eb490-cfc4-11f0-9bfa-a7eff651ff22,9,PIN,NOT FLIPPED,NOT FLIPPED,5028,0,1
Parker MHC-CUST,362/209,72719232,aa785d70-c453-11f0-9842-6d029661c338,12,PIN,FLIPPED,FLIPPED,0,5484,2
Parker MHC-CUST,362/209,70271679,3aeb5c20-c456-11f0-9842-6d029661c338,14,PIN,NOT FLIPPED,NOT FLIPPED,5194,0,1
Parker MHC-CUST,362/209,72723705,51744830-c4e7-11f0-9842-6d029661c338,15,PIN,NOT FLIPPED,NOT FLIPPED,5578,0,1
Parker MHC-CUST,362/209,70266919,e3b8fcd0-c4ed-11f0-9842-6d029661c338,16,PIN-B,NOT FLIPPED,NOT FLIPPED,2861,947,1
Parker MHC-CUST,362/209,72715222,4808c870-c4e7-11f0-9842-6d029661c338,18,PIN-B,FLIPPED,FLIPPED,412,2391,2
Parker MHC-CUST,362/209,65826730,e6a720b0-e641-11ef-bcd4-5bcca9a9134f,23,PIN,NOT FLIPPED,NOT FLIPPED,5458,3,1
Parker MHC-CUST,362/209,72721162,d67dbe60-c453-11f0-9842-6d029661c338,26,PIN,FLIPPED,FLIPPED,0,5386,2
Parker MHC-CUST,362/209,72721105,682d0da0-c456-11f0-9842-6d029661c338,27,PIN,FLIPPED,FLIPPED,0,5716,2
Parker MHC-CUST,362/209,72714969,63abcb40-c456-11f0-9842-6d029661c338,3,PIN,NOT FLIPPED,NOT FLIPPED,5674,28,1
Parker MHC-CUST,362/209,72721816,4594c160-c4ca-11f0-9842-6d029661c338,30,PIN,NOT FLIPPED,NOT FLIPPED,5413,9,1
Parker MHC-CUST,362/209,72717590,9ad00960-c4e7-11f0-9842-6d029661c338,33,PIN,NOT FLIPPED,NOT FLIPPED,1553,0,1
Parker MHC-CUST,362/209,65831219,ba19ecb1-c735-11ef-8f43-73c96c0de66f,36,PIN,FLIPPED,FLIPPED,0,2177,2
Parker MHC-CUST,362/209,68588225,3e872530-bb65-11ef-8f43-73c96c0de66f,38,PIN,FLIPPED,FLIPPED,1,5154,2
Parker MHC-CUST,362/209,72715511,381360e0-c4ee-11f0-9842-6d029661c338,40,PIN,NOT FLIPPED,NOT FLIPPED,5786,0,1
Parker MHC-CUST,362/209,72718861,1f326050-c4e7-11f0-9842-6d029661c338,5,PIN-B,NOT FLIPPED,NOT FLIPPED,2005,521,1
Parker MHC-CUST,362/209,72718960,2dd09820-c4e7-11f0-9842-6d029661c338,50,PIN,FLIPPED,FLIPPED,17,5422,2
Parker MHC-CUST,362/209,70272693,284a41d0-c4e7-11f0-9842-6d029661c338,52,PIN,FLIPPED,FLIPPED,1,5825,2
Parker MHC-CUST,362/209,65826508,0883c860-e66e-11ef-bcd4-5bcca9a9134f,54,PIN,NOT FLIPPED,NOT FLIPPED,5735,10,1
Parker MHC-CUST,362/209,72719224,42f10a50-c456-11f0-9842-6d029661c338,55,PIN,NOT FLIPPED,NOT FLIPPED,2946,0,1
Parker MHC-CUST,362/209,72715479,c3059ce0-c453-11f0-9842-6d029661c338,8,PIN,NOT FLIPPED,NOT FLIPPED,3043,0,1
Parkwood,16022/260,75369254,47ab8cb0-5483-11f1-b1bb-f3574cce671d,3101LINDA,PIN,FLIPPED,FLIPPED,0,5776,2
Parkwood,16022/260,77042119,839698d0-3d9d-11f0-8e55-b138a1c03c8e,3102LINDA,PIN,NOT FLIPPED,NOT FLIPPED,5670,0,1
Parkwood,16022/260,75360915,8b947f90-5483-11f1-b1bb-f3574cce671d,3104LINDA,PIN,FLIPPED,FLIPPED,0,5556,2
Parkwood,16022/260,70260946,de9fe840-5223-11f0-acb1-514e01860b07,3109CINDY,PIN,FLIPPED,FLIPPED,5,5759,2
Parkwood,16022/260,70270333,8ce5a350-524b-11f0-acb1-514e01860b07,3111LINDA,PIN,NOT FLIPPED,NOT FLIPPED,5637,2,1
Parkwood,16022/260,65830583,7e5a7850-e721-11ef-bcd4-5bcca9a9134f,3112CHARI,PIN,NOT FLIPPED,NOT FLIPPED,5623,4,1
Parkwood,16022/260,70271364,49e7c800-5230-11f0-acb1-514e01860b07,3114CHARI,PIN,FLIPPED,FLIPPED,7,5701,2
Parkwood,16022/260,65822994,7c378c50-0280-11f0-92a4-09772dfb61f8,3115LINDA,PIN,NOT FLIPPED,NOT FLIPPED,355,34,1
Parkwood,16022/260,65824370,4664bb70-e0d4-11ef-a5fd-a97d57576080,3119LINDA,PIN,FLIPPED,FLIPPED,0,4235,2
Parkwood,16022/260,65823406,43e9e7a0-c93f-11ef-8f43-73c96c0de66f,3121CINDY,PIN,FLIPPED,FLIPPED,10,4882,2
Parkwood,16022/260,70259427,1526f700-6674-11f0-8658-7f4e94e41769,3122CHARI,PIN,NOT FLIPPED,NOT FLIPPED,5823,0,1
Parkwood,16022/260,65825930,78bf6770-027e-11f0-92a4-09772dfb61f8,3122LINDA,PIN,NOT FLIPPED,NOT FLIPPED,5573,1,1
Parkwood,16022/260,77059766,04a3f9a0-6674-11f0-8658-7f4e94e41769,3126CHARI,PIN,FLIPPED,FLIPPED,1,5761,2
Parkwood,16022/260,75368447,d1ebda60-5483-11f1-b1bb-f3574cce671d,3126LINDA,PIN,FLIPPED,FLIPPED,30,5603,2
Parkwood,16022/260,70268600,f873d230-626e-11f0-8658-7f4e94e41769,3127CINDY,PIN,FLIPPED,FLIPPED,0,5739,2
Parkwood,16022/260,77059592,dd98d970-52dc-11f0-acb1-514e01860b07,3130CHARI,PIN,FLIPPED,FLIPPED,42,4217,2
Parkwood,16022/260,70263270,e401a7e0-aabd-11f0-98a7-c3bc57f9afe3,3130LINDA,PIN,FLIPPED,FLIPPED,0,5792,2
Parkwood,16022/260,70266935,e442ce90-666c-11f0-8658-7f4e94e41769,3135LINDA,PIN,FLIPPED,FLIPPED,0,5715,2
Parkwood,16022/260,70270697,a7755b50-52c0-11f0-acb1-514e01860b07,3231MARY,PIN,FLIPPED,FLIPPED,38,5669,2
Parkwood,16022/260,75365765,53a929c0-59f9-11f1-b1bb-f3574cce671d,3247MARY,PIN,FLIPPED,FLIPPED,0,5674,2
Parkwood,16022/260,70265390,8cc71ed0-524b-11f0-acb1-514e01860b07,3247MARY,PIN,NOT FLIPPED,NOT FLIPPED,5681,0,1
Parkwood,16022/260,75362739,63e225d0-59f9-11f1-b1bb-f3574cce671d,3248MARY,PIN,FLIPPED,FLIPPED,0,5550,2
Parkwood,16022/260,79453724,96f89bc0-59f9-11f1-b1bb-f3574cce671d,3359DONNA,PIN,FLIPPED,FLIPPED,19,5597,2
Parkwood,16022/260,79460539,ab85cf60-59fc-11f1-b1bb-f3574cce671d,3362DONNA,PIN,FLIPPED,FLIPPED,29,2262,2
Parkwood,16022/260,75369031,503c1680-59f9-11f1-b1bb-f3574cce671d,3364-DONNA,PIN,FLIPPED,FLIPPED,84,5402,2
Parkwood,16022/260,77059428,049be750-52c0-11f0-acb1-514e01860b07,3365DONNA,PIN,NOT FLIPPED,NOT FLIPPED,4602,198,1
Parkwood,16022/260,65827647,b19a6430-1ba3-11f0-8272-45e3ef110760,3367DONNA,PIN,NOT FLIPPED,NOT FLIPPED,4944,8,1
Parkwood,16022/260,79467997,6b6b7810-59f9-11f1-b1bb-f3574cce671d,3376DONNA,PIN,NOT FLIPPED,NOT FLIPPED,5746,0,1
Parkwood,16022/260,75362424,6db31e20-59f9-11f1-b1bb-f3574cce671d,3378DONNA,PIN,NOT FLIPPED,NOT FLIPPED,5320,56,1
Parkwood,16022/260,65823638,227aa8a0-cf72-11ef-8f43-73c96c0de66f,3382DONNA,PIN,NOT FLIPPED,NOT FLIPPED,1150,11,1
Parkwood,16022/260,75371995,88aa0a90-59f9-11f1-b1bb-f3574cce671d,3386DONNA,PIN,NOT FLIPPED,NOT FLIPPED,3135,36,1
Parkwood,16022/260,65829296,f0c22fe0-e0e7-11ef-a5fd-a97d57576080,3396DONNA,PIN,FLIPPED,FLIPPED,2,5541,2
Parkwood,16022/260,77061291,7f264660-3d9d-11f0-8e55-b138a1c03c8e,3398DONNA,PIN,NOT FLIPPED,NOT FLIPPED,5549,0,1
Parkwood,16022/260,75374445,d356b5c0-59f9-11f1-b1bb-f3574cce671d,3398DONNA,PIN,FLIPPED,FLIPPED,0,5538,2
Parkwood,16022/260,75369114,94564b30-59fc-11f1-b1bb-f3574cce671d,3400DONNA,PIN,FLIPPED,FLIPPED,0,5663,2
Parkwood,16022/260,79466627,eb73cd80-5483-11f1-b1bb-f3574cce671d,3402DONNA,PIN,NOT FLIPPED,NOT FLIPPED,5236,103,1
Parkwood,16022/260,65828488,d85c2520-b9a3-11ef-8f43-73c96c0de66f,3406DONNA,PIN,FLIPPED,FLIPPED,2,4054,2
Parkwood,16022/260,65828652,3f7a65c0-b96b-11ef-8f43-73c96c0de66f,5186JOHN,PIN,NOT FLIPPED,NOT FLIPPED,3269,1082,1
Parkwood,16022/260,75373736,b0159810-59f9-11f1-b1bb-f3574cce671d,5188JUSTIN,PIN,NOT FLIPPED,NOT FLIPPED,559,11,1
Parkwood,16022/260,65822416,765ed610-b8db-11ef-8f43-73c96c0de66f,5191JOHN,PIN,NOT FLIPPED,NOT FLIPPED,5363,1,1
Parkwood,16022/260,75368769,60dcd450-5483-11f1-b1bb-f3574cce671d,5194JASON,PIN,FLIPPED,FLIPPED,41,3995,2
Parkwood,16022/260,75366862,51788d60-5483-11f1-b1bb-f3574cce671d,5196JOHN,PIN,NOT FLIPPED,NOT FLIPPED,5413,21,1
Parkwood,16022/260,75361624,14d92ff0-59fa-11f1-b1bb-f3574cce671d,5196JUSTIN,PIN,FLIPPED,FLIPPED,94,5266,2
Parkwood,16022/260,77057547,fa53bb00-3a88-11f0-8e55-b138a1c03c8e,5197JASON,PIN,FLIPPED,FLIPPED,6,5543,2
Parkwood,16022/260,70270754,d30a9390-5237-11f0-acb1-514e01860b07,5198JASON,PIN,FLIPPED,FLIPPED,19,5455,2
Parkwood,16022/260,77061192,e596bd70-35a6-11f0-8e55-b138a1c03c8e,5198JUSTIN,PIN,NOT FLIPPED,NOT FLIPPED,5557,23,1
Parkwood,16022/260,68612587,bed17190-c746-11ef-8f43-73c96c0de66f,5201JASON,PIN,FLIPPED,FLIPPED,0,5972,2
Parkwood,16022/260,70258494,14271330-6674-11f0-8658-7f4e94e41769,5201JOHN,PIN,NOT FLIPPED,NOT FLIPPED,5288,0,1
Parkwood,16022/260,65831276,18ec8400-c943-11ef-8f43-73c96c0de66f,5203JASON,PIN,FLIPPED,FLIPPED,78,5434,2
Parkwood,16022/260,70258379,fc755f50-6676-11f0-8658-7f4e94e41769,5203JUSTIN,PIN,NOT FLIPPED,NOT FLIPPED,3128,42,1
Parkwood,16022/260,75367829,6d548690-59fd-11f1-b1bb-f3574cce671d,5204JUSTIN,PIN,FLIPPED,FLIPPED,48,5397,2
Parkwood,16022/260,70264435,0c4519a0-6674-11f0-8658-7f4e94e41769,5205JOHN,PIN,NOT FLIPPED,NOT FLIPPED,1660,15,1
Parkwood,16022/260,65826797,20805f40-cf72-11ef-8f43-73c96c0de66f,5206JOHN,PIN,FLIPPED,FLIPPED,0,5310,2
Parkwood,16022/260,70271331,b4dfc3b0-666c-11f0-8658-7f4e94e41769,5207JUSTIN,PIN,NOT FLIPPED,NOT FLIPPED,4826,159,1
Parkwood,16022/260,65831607,223cb540-cf72-11ef-8f43-73c96c0de66f,5210JASON,PIN,FLIPPED,FLIPPED,60,5362,2
Parkwood,16022/260,65826789,469d47d0-c93f-11ef-8f43-73c96c0de66f,5210JOHN,PIN,NOT FLIPPED,NOT FLIPPED,5528,0,1
Parkwood,16022/260,70263734,b9670790-629d-11f0-8658-7f4e94e41769,5210JUSTIN,PIN,NOT FLIPPED,NOT FLIPPED,5790,6,1
Parkwood,16022/260,70264625,17305430-6677-11f0-8658-7f4e94e41769,5211JUSTIN,PIN,FLIPPED,FLIPPED,30,5849,2
Parkwood,16022/260,77058883,fc5d7850-522f-11f0-acb1-514e01860b07,5212JASON,PIN,NOT FLIPPED,NOT FLIPPED,954,169,1
Parkwood,16022/260,70260532,dd5501a0-5237-11f0-acb1-514e01860b07,5212JUSTIN,PIN,FLIPPED,FLIPPED,0,2053,2
Parkwood,16022/260,65822507,214cd700-cf72-11ef-8f43-73c96c0de66f,5213JOHN,PIN,FLIPPED,FLIPPED,20,5580,2
Parkwood,16022/260,68612504,fe98d040-c730-11ef-8f43-73c96c0de66f,5213JUSTIN,PIN,NOT FLIPPED,NOT FLIPPED,5779,6,1
Parkwood,16022/260,65824545,9f723a40-01e4-11f0-92a4-09772dfb61f8,5215JOHN,PIN,NOT FLIPPED,NOT FLIPPED,5569,37,1
Parkwood,16022/260,70273444,8a330d90-666f-11f0-8658-7f4e94e41769,5215JUSTIN,PIN,FLIPPED,FLIPPED,20,5416,2
Parkwood,16022/260,68584471,b42bab30-c795-11ef-8f43-73c96c0de66f,5216JUSTIN,PIN,FLIPPED,FLIPPED,0,1822,2
Piney Park,16185/314,70269640,775069d0-522d-11f0-acb1-514e01860b07,10,PIN,FLIPPED,FLIPPED,82,4594,2
Piney Park,16185/314,70261472,c446fd40-51e6-11f0-acb1-514e01860b07,11,PIN,FLIPPED,FLIPPED,8,5239,2
Piney Park,16185/314,77054619,15127080-3ce6-11f0-8e55-b138a1c03c8e,16,PIN,FLIPPED,FLIPPED,0,1890,2
Piney Park,16185/314,72724455,cd266eb0-d4c1-11f0-b691-d965a62fa4fa,18,PIN,FLIPPED,FLIPPED,79,5310,2
Piney Park,16185/314,70270283,ca4ab9c0-520e-11f0-acb1-514e01860b07,2,PIN,NOT FLIPPED,NOT FLIPPED,4764,11,1
Piney Park,16185/314,70270127,eac6c400-520e-11f0-acb1-514e01860b07,21,PIN,FLIPPED,FLIPPED,0,5500,2
Piney Park,16185/314,77059402,dc8cf350-520e-11f0-acb1-514e01860b07,22,PIN,NOT FLIPPED,NOT FLIPPED,5734,0,1
Piney Park,16185/314,72378811,33349f50-9e59-11f0-b5af-5dfa9891b485,25,PIN,NOT FLIPPED,NOT FLIPPED,4662,0,1
Piney Park,16185/314,72721030,b6c11850-d4c1-11f0-b691-d965a62fa4fa,27,PIN,NOT FLIPPED,NOT FLIPPED,4084,0,1
Piney Park,16185/314,77061762,2d925b70-40b5-11f0-8e55-b138a1c03c8e,28,PIN,NOT FLIPPED,NOT FLIPPED,5409,0,1
Piney Park,16185/314,77056721,770fd110-4097-11f0-8e55-b138a1c03c8e,30,PIN,FLIPPED,FLIPPED,0,5191,2
Piney Park,16185/314,72720347,58e6c550-d4c5-11f0-b691-d965a62fa4fa,31,PIN,FLIPPED,FLIPPED,0,5839,2
Piney Park,16185/314,77041848,79f0a9e0-4097-11f0-8e55-b138a1c03c8e,32,PIN,FLIPPED,FLIPPED,0,2456,2
Piney Park,16185/314,70266554,b4dd8630-51e6-11f0-acb1-514e01860b07,34,PIN,FLIPPED,FLIPPED,5,5588,2
Piney Park,16185/314,77061465,0edf3860-3ce6-11f0-8e55-b138a1c03c8e,35A,PIN,FLIPPED,FLIPPED,78,4893,2
Piney Park,16185/314,72717392,b5b8d010-d4c1-11f0-b691-d965a62fa4fa,36,PIN,NOT FLIPPED,NOT FLIPPED,5464,0,1
Piney Park,16185/314,77060236,864b8160-4097-11f0-8e55-b138a1c03c8e,38,PIN,NOT FLIPPED,NOT FLIPPED,5612,17,1
Piney Park,16185/314,77028878,34218a00-3cf6-11f0-8e55-b138a1c03c8e,40,PIN,FLIPPED,FLIPPED,22,5642,2
Piney Park,16185/314,70263288,244e0200-51e8-11f0-acb1-514e01860b07,42,PIN,NOT FLIPPED,NOT FLIPPED,4944,0,1
Piney Park,16185/314,77059444,ce62b300-520e-11f0-acb1-514e01860b07,5,PIN,FLIPPED,FLIPPED,2,2169,2
Piney Park,16185/314,77061275,7a5ee0c0-25d7-11f0-8272-45e3ef110760,50,PIN,NOT FLIPPED,NOT FLIPPED,376,0,1
Piney Park,16185/314,77061986,96359860-3d9d-11f0-8e55-b138a1c03c8e,51,PIN,FLIPPED,FLIPPED,4,5146,2
Piney Park,16185/314,68612751,9d1d4cb0-cf6e-11ef-8f43-73c96c0de66f,54,PIN,NOT FLIPPED,NOT FLIPPED,4302,0,1
Piney Park,16185/314,72390089,9f3dc800-84a2-11f0-8b4a-0d0197d44616,55,PIN,FLIPPED,FLIPPED,0,4928,2
Piney Park,16185/314,77053405,79bdb300-4097-11f0-8e55-b138a1c03c8e,58,PIN,FLIPPED,FLIPPED,38,4601,2
Piney Park,16185/314,70268378,de718540-5223-11f0-acb1-514e01860b07,6,PIN,NOT FLIPPED,NOT FLIPPED,119,56,1
Piney Park,16185/314,77059584,e17687e0-5223-11f0-acb1-514e01860b07,61,PIN,FLIPPED,FLIPPED,8,5042,2
Piney Park,16185/314,77054155,04ead990-3ce6-11f0-8e55-b138a1c03c8e,63,PIN,FLIPPED,FLIPPED,86,5010,2
Piney Park,16185/314,77054601,000b41f0-3d93-11f0-8e55-b138a1c03c8e,65,PIN,FLIPPED,FLIPPED,0,2274,2
Piney Park,16185/314,72719851,3563a810-d7a3-11f0-b691-d965a62fa4fa,66,PIN,NOT FLIPPED,NOT FLIPPED,4142,9,1
Piney Park,16185/314,72716444,99cf6d50-d4c1-11f0-b691-d965a62fa4fa,67,PIN,FLIPPED,FLIPPED,72,5337,2
Piney Park,16185/314,72724331,c8433630-d4c1-11f0-b691-d965a62fa4fa,9,PIN,FLIPPED,FLIPPED,2,5051,2
Piney Park,16185/314,77061457,4691ff80-3cf6-11f0-8e55-b138a1c03c8e,C,PIN,FLIPPED,FLIPPED,0,5428,2
Pleasant Acres,16131/296,77029751,a5192400-269b-11f0-8272-45e3ef110760,1,PIN,NOT FLIPPED,NOT FLIPPED,3642,0,1
Pleasant Acres,16131/296,75374999,65d832a0-4b15-11f1-bc16-b52012ce6db2,11,PIN,NOT FLIPPED,NOT FLIPPED,3600,0,1
Pleasant Acres,16131/296,75369387,e79c4c40-0c90-11f1-8768-5551e7a34f27,15,PIN,FLIPPED,FLIPPED,0,5776,2
Pleasant Acres,16131/296,70262983,b6a2b410-84a2-11f0-8b4a-0d0197d44616,20,PIN,FLIPPED,FLIPPED,0,229,2
Pleasant Acres,16131/296,75372464,51a798e0-0c93-11f1-8768-5551e7a34f27,21,PIN,FLIPPED,FLIPPED,0,3281,2
Pleasant Acres,16131/296,72392671,5bb2af70-9e73-11f0-b5af-5dfa9891b485,23,PIN,FLIPPED,FLIPPED,0,335,2
Pleasant Acres,16131/296,75370930,22837db0-0c91-11f1-8768-5551e7a34f27,24,PIN,FLIPPED,FLIPPED,0,963,2
Pleasant Acres,16131/296,72379942,de0312e0-9a2b-11f0-b5af-5dfa9891b485,25,PIN,NOT FLIPPED,NOT FLIPPED,5547,0,1
Pleasant Acres,16131/296,75373892,31d6fbc0-0c91-11f1-8768-5551e7a34f27,26,PIN,NOT FLIPPED,NOT FLIPPED,4342,0,1
Pleasant Acres,16131/296,75367076,83914a50-4b2b-11f1-bc16-b52012ce6db2,29,PIN,NOT FLIPPED,NOT FLIPPED,5508,0,1
Pleasant Acres,16131/296,75364651,b11cdd90-0c97-11f1-8768-5551e7a34f27,3,PIN,NOT FLIPPED,NOT FLIPPED,1114,0,1
Pleasant Acres,16131/296,77029488,6924c020-26ce-11f0-8272-45e3ef110760,30,PIN,FLIPPED,FLIPPED,1,671,2
Pleasant Acres,16131/296,75367993,caa08f20-0c90-11f1-8768-5551e7a34f27,31,PIN,NOT FLIPPED,NOT FLIPPED,1894,0,1
Pleasant Acres,16131/296,75365914,6c041a10-0c93-11f1-8768-5551e7a34f27,32,PIN,NOT FLIPPED,NOT FLIPPED,285,0,1
Pleasant Acres,16131/296,75369494,a8224c20-4b21-11f1-bc16-b52012ce6db2,33,PIN,NOT FLIPPED,NOT FLIPPED,3111,862,1
Pleasant Acres,16131/296,75361160,c82a8610-0c90-11f1-8768-5551e7a34f27,36,PIN,NOT FLIPPED,NOT FLIPPED,123,0,1
Pleasant Acres,16131/296,77055558,4417bc10-26ce-11f0-8272-45e3ef110760,45,PIN,NOT FLIPPED,NOT FLIPPED,5091,0,1
Pleasant Acres,16131/296,72384983,e2390ef0-8383-11f0-8b4a-0d0197d44616,46,PIN,NOT FLIPPED,NOT FLIPPED,141,0,1
Pleasant Acres,16131/296,72723549,2057c410-0c91-11f1-8768-5551e7a34f27,47,PIN,FLIPPED,FLIPPED,0,5604,2
Pleasant Acres,16131/296,75373504,ff9f4d10-0c90-11f1-8768-5551e7a34f27,7,PIN,NOT FLIPPED,NOT FLIPPED,1900,0,1
Pleasant Acres,16131/296,75363588,55f17790-0c93-11f1-8768-5551e7a34f27,9,PIN,FLIPPED,FLIPPED,38,646,2
Put In Bay Condos-CUST,16022/260,79454722,f6acf140-5497-11f1-b1bb-f3574cce671d,105-205,PIN,NOT FLIPPED,NOT FLIPPED,1749,70,1
Put In Bay Condos-CUST,16022/260,79465918,d24ef1e0-5497-11f1-b1bb-f3574cce671d,111-211,PIN,NOT FLIPPED,NOT FLIPPED,4946,6,1
Relix Ridge,362/209,72717855,528f13c0-c4f7-11f0-9842-6d029661c338,200N,PIN-B,FLIPPED,FLIPPED,1026,2408,2
Ridge Crest MHC,362/209,72720131,f03c28b0-d226-11f0-b691-d965a62fa4fa,105,PIN-B,FLIPPED,FLIPPED,1139,2418,2
Roosevelt MHC,16131/296,75360717,014e4190-0c0d-11f1-a3d9-c99c67c82bc1,115,PIN,NOT FLIPPED,NOT FLIPPED,731,0,1
Roosevelt MHC,16131/296,75360196,205b6120-545c-11f1-b1bb-f3574cce671d,124,PIN,FLIPPED,FLIPPED,0,5439,2
Roosevelt MHC,16131/296,75367605,cde13150-0b76-11f1-a3d9-c99c67c82bc1,63,PIN,NOT FLIPPED,NOT FLIPPED,374,0,1
Roosevelt MHC,16131/296,75374155,e7799b40-011a-11f1-8726-d3fa6d0d96af,68,PIN,NOT FLIPPED,NOT FLIPPED,22,7,1
Roosevelt MHC,16131/296,75365567,8f232490-5483-11f1-b1bb-f3574cce671d,85,PIN,NOT FLIPPED,NOT FLIPPED,105,6,1
Roosevelt MHC,16131/296,75361954,c6200f80-0c21-11f1-8768-5551e7a34f27,L,PIN,NOT FLIPPED,NOT FLIPPED,2954,1,1
Roosevelt MHC,16131/296,75373751,2023d080-0c49-11f1-8768-5551e7a34f27,Q,PIN,FLIPPED,FLIPPED,44,2193,2
Roper Center Commercial Bldg,15090/254,72714746,8bd34fe0-db7a-11f0-b691-d965a62fa4fa,25,PIN,FLIPPED,FLIPPED,152,1423,2
Roper Center Commercial Bldg,15090/254,77054270,9daa92a0-db7a-11f0-b691-d965a62fa4fa,27,PIN,NOT FLIPPED,NOT FLIPPED,2738,0,1
Roper Center Commercial Bldg,15090/254,72724422,0aa3ea90-db95-11f0-b691-d965a62fa4fa,29,PIN,NOT FLIPPED,NOT FLIPPED,1969,39,1
Roper Center Commercial Bldg,15090/254,72720644,789aa860-db7a-11f0-b691-d965a62fa4fa,33,PIN,NOT FLIPPED,NOT FLIPPED,478,0,1
Roper Center Commercial Bldg,15090/254,72387754,09ebe530-db95-11f0-b691-d965a62fa4fa,35,PIN,NOT FLIPPED,NOT FLIPPED,4632,0,1
Roper Center Commercial Bldg,15090/254,70266281,956654d0-db7a-11f0-b691-d965a62fa4fa,41,PIN,FLIPPED,FLIPPED,68,4037,2
Running Springs MHP,16185/314,72723580,9dbcaa30-f317-11f0-8900-8bd481ce9a44,13,PIN,FLIPPED,FLIPPED,0,5487,2
Running Springs MHP,16185/314,72390469,a118d580-84e2-11f0-8b4a-0d0197d44616,14,PIN,NOT FLIPPED,NOT FLIPPED,1748,0,1
Running Springs MHP,16185/314,75371516,c01b8be0-f651-11f0-b153-63024d3301e1,3,PIN,NOT FLIPPED,NOT FLIPPED,3415,0,1
Running Springs MHP,16185/314,75369510,7d34b910-f317-11f0-8900-8bd481ce9a44,4,PIN,NOT FLIPPED,NOT FLIPPED,641,0,1
Running Springs MHP,16185/314,72379900,148e1040-98e6-11f0-b5af-5dfa9891b485,5,PIN,FLIPPED,FLIPPED,0,4545,2
Running Springs MHP,16185/314,75361145,bffabd70-f651-11f0-b153-63024d3301e1,6,PIN,FLIPPED,FLIPPED,0,4502,2
Sara Drive MHP,362/209,65827035,ecc2e1e0-e4d0-11ef-a76f-4d93d4a482f0,1005,PIN-B,FLIPPED,FLIPPED,155,3908,2
Sara Drive MHP,362/209,65826581,dfa495a0-e0e6-11ef-a5fd-a97d57576080,1007,PIN-B,FLIPPED,FLIPPED,343,899,2
Sara Drive MHP,362/209,65824560,36af8a80-01f3-11f0-92a4-09772dfb61f8,1013,PIN-B,NOT FLIPPED,NOT FLIPPED,3313,616,1
Sara Drive MHP,362/209,65827803,44747460-c93f-11ef-8f43-73c96c0de66f,1016,PIN,FLIPPED,FLIPPED,0,4880,2
Sara Drive MHP,362/209,65825252,45fe48b0-c93f-11ef-8f43-73c96c0de66f,1021,PIN-B,FLIPPED,FLIPPED,881,3161,2
Sara Drive MHP,362/209,77057323,d56db570-352e-11f0-8e55-b138a1c03c8e,1022,PIN,NOT FLIPPED,NOT FLIPPED,3357,0,1
Sara Drive MHP,362/209,65825963,5e131130-b99c-11f0-9842-6d029661c338,1023,PIN,NOT FLIPPED,NOT FLIPPED,5267,1,1
Sara Drive MHP,362/209,65829924,b41bb750-e30d-11ef-a5fd-a97d57576080,1024,PIN-B,FLIPPED,FLIPPED,75,1536,2
Sara Drive MHP,362/209,65831987,0cd4f710-c943-11ef-8f43-73c96c0de66f,1025,PIN,FLIPPED,FLIPPED,1,4779,2
Sara Drive MHP,362/209,65826268,40d3a6f0-c93f-11ef-8f43-73c96c0de66f,1026,PIN-B,FLIPPED,FLIPPED,1000,2017,2
Sara Drive MHP,362/209,65827555,70544770-e313-11ef-a5fd-a97d57576080,1028,PIN-B,FLIPPED,FLIPPED,385,800,2
Sara Drive MHP,362/209,65827076,0b923de0-c943-11ef-8f43-73c96c0de66f,1030,PIN-B,FLIPPED,FLIPPED,713,3902,2
Sara Drive MHP,362/209,65822481,f41188b0-d504-11ef-b247-3918401509a2,1031,PIN,FLIPPED,FLIPPED,3,3193,2
Sara Drive MHP,362/209,65831417,47dda610-b8e3-11ef-8f43-73c96c0de66f,1032,PIN-B,NOT FLIPPED,NOT FLIPPED,1396,388,1
Sara Drive MHP,362/209,65824719,00dc2680-3d93-11f0-8e55-b138a1c03c8e,1034,PIN-B,FLIPPED,FLIPPED,30,2848,2
Sara Drive MHP,362/209,72389917,b5aeec60-842d-11f0-8b4a-0d0197d44616,1039,PIN,FLIPPED,FLIPPED,9,3330,2
Sara Drive MHP,362/209,65822440,40f14110-c93f-11ef-8f43-73c96c0de66f,1045,PIN-B,NOT FLIPPED,NOT FLIPPED,2492,353,1
Sara Drive MHP,362/209,65831490,a7599480-cf6f-11ef-8f43-73c96c0de66f,1047,PIN-B,FLIPPED,FLIPPED,914,2497,2
Shelby's Trailer Park - Cust,16131/296,72724190,30dba760-efeb-11f0-8900-8bd481ce9a44,LOT01,PIN,NOT FLIPPED,NOT FLIPPED,5570,2,1
Shelby's Trailer Park - Cust,16131/296,72724281,c1c72b40-f00a-11f0-8900-8bd481ce9a44,LOT07,PIN,NOT FLIPPED,NOT FLIPPED,5540,0,1
Shelby's Trailer Park - Cust,16131/296,72713912,c94002c0-f00a-11f0-8900-8bd481ce9a44,LOT09,PIN,FLIPPED,FLIPPED,0,5339,2
Shelby's Trailer Park - Cust,16131/296,72719497,c21f3650-f00a-11f0-8900-8bd481ce9a44,LOT10,PIN,NOT FLIPPED,NOT FLIPPED,5735,1,1
Shelby's Trailer Park - Cust,16131/296,75362846,c27d82f0-f00a-11f0-8900-8bd481ce9a44,LOT12,PIN,FLIPPED,FLIPPED,0,5475,2
Shelby's Trailer Park - Cust,16131/296,75372282,c33699c0-f00a-11f0-8900-8bd481ce9a44,LOT13,PIN,NOT FLIPPED,NOT FLIPPED,5557,0,1
Shelby's Trailer Park - Cust,16131/296,75363950,cd93f390-f00a-11f0-8900-8bd481ce9a44,LOT14,PIN,FLIPPED,FLIPPED,0,5262,2
Shelby's Trailer Park - Cust,16131/296,75363414,c9a26e10-f00a-11f0-8900-8bd481ce9a44,LOT15,PIN,FLIPPED,FLIPPED,0,5990,2
Shelby's Trailer Park - Cust,16131/296,72724216,0e28fc10-f0b1-11f0-8900-8bd481ce9a44,LOT16,PIN,FLIPPED,FLIPPED,0,5350,2
Shelby's Trailer Park - Cust,16131/296,72723465,05526950-f0b1-11f0-8900-8bd481ce9a44,LOT18,PIN,NOT FLIPPED,NOT FLIPPED,5358,0,1
Shelby's Trailer Park - Cust,16131/296,75370633,5ce84950-f0b1-11f0-8900-8bd481ce9a44,LOT22,PIN,NOT FLIPPED,NOT FLIPPED,1853,0,1
Shelby's Trailer Park - Cust,16131/296,75371573,ec563b70-f0b0-11f0-8900-8bd481ce9a44,LOT25,PIN,NOT FLIPPED,NOT FLIPPED,5366,0,1
Shelby's Trailer Park - Cust,16131/296,72714811,69824cb0-f0b1-11f0-8900-8bd481ce9a44,LOT26,PIN,NOT FLIPPED,NOT FLIPPED,5178,0,1
Shelby's Trailer Park - Cust,16131/296,75362804,e5716690-f0b0-11f0-8900-8bd481ce9a44,LOT27,PIN,FLIPPED,FLIPPED,0,5494,2
Shelby's Trailer Park - Cust,16131/296,75373405,ed3ddc50-f0b0-11f0-8900-8bd481ce9a44,LOT28,PIN,NOT FLIPPED,NOT FLIPPED,5729,1,1
Shelby's Trailer Park - Cust,16131/296,75362390,45094b40-f0b1-11f0-8900-8bd481ce9a44,LOT29,PIN,NOT FLIPPED,NOT FLIPPED,4626,0,1
Shelby's Trailer Park - Cust,16131/296,75367530,53f83b20-f0b1-11f0-8900-8bd481ce9a44,LOT31,PIN,FLIPPED,FLIPPED,34,4732,2
Shelby's Trailer Park - Cust,16131/296,75370286,0390bc20-f0b1-11f0-8900-8bd481ce9a44,LOT32,PIN,FLIPPED,FLIPPED,0,5628,2
Shelby's Trailer Park - Cust,16131/296,72723689,039cf120-f0b1-11f0-8900-8bd481ce9a44,LOT34,PIN,NOT FLIPPED,NOT FLIPPED,5021,0,1
Shelby's Trailer Park - Cust,16131/296,75367043,03f45ff0-f0b1-11f0-8900-8bd481ce9a44,LOT35,PIN,NOT FLIPPED,NOT FLIPPED,5121,0,1
Shelby's Trailer Park - Cust,16131/296,75373827,053a2660-f0b1-11f0-8900-8bd481ce9a44,LOT36,PIN,FLIPPED,FLIPPED,5,5369,2
Shelby's Trailer Park - Cust,16131/296,75374205,56aea890-f0b1-11f0-8900-8bd481ce9a44,LOT38,PIN,FLIPPED,FLIPPED,0,5726,2
Shelby's Trailer Park - Cust,16131/296,75364172,ea9aa8c0-f0b0-11f0-8900-8bd481ce9a44,LOT39,PIN,FLIPPED,FLIPPED,0,5264,2
Shelby's Trailer Park - Cust,16131/296,75362267,f2f024a0-f0b0-11f0-8900-8bd481ce9a44,LOT40,PIN,NOT FLIPPED,NOT FLIPPED,5370,19,1
Shenandoah Dr Triplex,362/209,65822895,aa99fa00-d955-11ef-b6c0-d371c5346bb9,11,PIN-B,NOT FLIPPED,NOT FLIPPED,2772,485,1
Sky Run,15019/219,77053546,cbbbc090-26b9-11f0-8272-45e3ef110760,13,PIN,FLIPPED,FLIPPED,14,2323,2
Sky Run,15019/219,77036863,93014250-2639-11f0-8272-45e3ef110760,19,PIN,NOT FLIPPED,NOT FLIPPED,1139,0,1
Sky Run,15019/219,65827696,fd7e26f0-26b3-11f0-8272-45e3ef110760,20,PIN,NOT FLIPPED,NOT FLIPPED,683,178,1
Sky Run,15019/219,77057588,8c212860-2639-11f0-8272-45e3ef110760,25,PIN,FLIPPED,FLIPPED,1,5645,2
Sky Run,15019/219,77056648,9394a8b0-2639-11f0-8272-45e3ef110760,26,PIN,FLIPPED,FLIPPED,9,5327,2
Sky Run,15019/219,77028746,01d7d2a0-263c-11f0-8272-45e3ef110760,3,PIN,FLIPPED,FLIPPED,0,5353,2
Southern Cross MHC,362/209,72724141,8dada450-f317-11f0-8900-8bd481ce9a44,1,PIN-B,NOT FLIPPED,NOT FLIPPED,2491,599,1
Southern Cross MHC,362/209,75367415,3265da30-fe2b-11f0-8726-d3fa6d0d96af,18,PIN-B,NOT FLIPPED,NOT FLIPPED,1928,696,1
Southern Cross MHC,362/209,75366698,e1eadcc0-fe36-11f0-8726-d3fa6d0d96af,6,PIN,NOT FLIPPED,NOT FLIPPED,33,0,1
Southern Cross MHC,362/209,75362416,80fb36f0-f317-11f0-8900-8bd481ce9a44,9,PIN,NOT FLIPPED,NOT FLIPPED,3975,0,1
Stafford MHC-CUST,363/219,72383365,52ea1120-8371-11f0-8b4a-0d0197d44616,106,PIN,FLIPPED,FLIPPED,0,3499,2
Stafford MHC-CUST,363/219,72389784,2a289090-8371-11f0-8b4a-0d0197d44616,110,PIN-B,NOT FLIPPED,NOT FLIPPED,1576,557,1
Stafford MHC-CUST,363/219,72388778,ab814670-836f-11f0-8b4a-0d0197d44616,122,PIN-B,FLIPPED,FLIPPED,589,1245,2
Stafford MHC-CUST,363/219,72389321,553cb3b0-8371-11f0-8b4a-0d0197d44616,131,PIN,FLIPPED,FLIPPED,0,5193,2
Stafford MHC-CUST,363/219,72382623,314b2500-8361-11f0-8b4a-0d0197d44616,138,PIN,NOT FLIPPED,NOT FLIPPED,1450,15,1
Stafford MHC-CUST,363/219,72386178,8cf42410-82e4-11f0-8b4a-0d0197d44616,139,PIN,NOT FLIPPED,NOT FLIPPED,5521,10,1
Stafford MHC-CUST,363/219,72392499,8f87a030-82e4-11f0-8b4a-0d0197d44616,151,PIN-B,FLIPPED,FLIPPED,38,3193,2
Stafford MHC-CUST,363/219,75371243,9ae55ba0-012b-11f1-8726-d3fa6d0d96af,158,PIN-B,NOT FLIPPED,NOT FLIPPED,3952,67,1
Stafford MHC-CUST,363/219,72392531,3704f420-8371-11f0-8b4a-0d0197d44616,163,PIN,NOT FLIPPED,NOT FLIPPED,5261,0,1
Stafford MHC-CUST,363/219,72389776,2f5b96c0-8371-11f0-8b4a-0d0197d44616,175,PIN,FLIPPED,FLIPPED,1,125,2
Stafford MHC-CUST,363/219,75373231,c531b000-012d-11f1-8726-d3fa6d0d96af,179,PIN,FLIPPED,FLIPPED,0,5842,2
Stafford MHC-CUST,363/219,72723614,77441c90-012b-11f1-8726-d3fa6d0d96af,219,PIN,NOT FLIPPED,NOT FLIPPED,5405,18,1
Stafford MHC-CUST,363/219,72389602,04697f30-82f0-11f0-8b4a-0d0197d44616,230,PIN,FLIPPED,FLIPPED,18,1100,2
Stafford MHC-CUST,363/219,72386350,bf6dd2a0-8385-11f0-8b4a-0d0197d44616,235,PIN-B,NOT FLIPPED,NOT FLIPPED,2793,18,1
Stafford MHC-CUST,363/219,70264112,46538b40-82e4-11f0-8b4a-0d0197d44616,246,PIN-B,FLIPPED,FLIPPED,805,1753,2
Stafford MHC-CUST,363/219,72388976,c3ffba40-82ea-11f0-8b4a-0d0197d44616,276,PIN-B,NOT FLIPPED,NOT FLIPPED,1723,652,1
Stafford MHC-CUST,363/219,72392572,a329a1c0-82ed-11f0-8b4a-0d0197d44616,309,PIN,FLIPPED,FLIPPED,10,5604,2
Stafford MHC-CUST,363/219,70267701,62e69b80-82e4-11f0-8b4a-0d0197d44616,314,PIN,NOT FLIPPED,NOT FLIPPED,5271,2,1
Stafford MHC-CUST,363/219,75365468,ec6b2a20-52f4-11f1-b1bb-f3574cce671d,333,PIN,NOT FLIPPED,NOT FLIPPED,5184,17,1
Stafford MHC-CUST,363/219,72384363,1f26da80-82ef-11f0-8b4a-0d0197d44616,337,PIN-B,FLIPPED,FLIPPED,90,2145,2
Stafford MHC-CUST,363/219,72388786,37e64d80-82ef-11f0-8b4a-0d0197d44616,341,PIN,FLIPPED,FLIPPED,58,4251,2
Stafford MHC-CUST,363/219,72721550,8f3be3b0-c42b-11f0-9842-6d029661c338,342,PIN-B,NOT FLIPPED,NOT FLIPPED,3288,566,1
Stafford MHC-CUST,363/219,79467005,dbb47290-52f4-11f1-b1bb-f3574cce671d,345,PIN,NOT FLIPPED,NOT FLIPPED,940,0,1
Stafford MHC-CUST,363/219,72386301,cadd0db0-82ed-11f0-8b4a-0d0197d44616,353,PIN,FLIPPED,FLIPPED,27,4941,2
Stafford MHC-CUST,363/219,79455265,005562d0-52ff-11f1-b1bb-f3574cce671d,382,PIN,FLIPPED,FLIPPED,0,5657,2
Stafford MHC-CUST,363/219,72382474,ae0198e0-82e4-11f0-8b4a-0d0197d44616,397,PIN,NOT FLIPPED,NOT FLIPPED,4950,0,1
Stafford MHC-CUST,363/219,72386012,e2a15960-8f86-11f0-8b4a-0d0197d44616,402,PIN,FLIPPED,FLIPPED,1,5414,2
Stafford MHC-CUST,363/219,79454169,154383c0-4d73-11f1-b1bb-f3574cce671d,406,PIN,NOT FLIPPED,NOT FLIPPED,5667,10,1
Stafford MHC-CUST,363/219,72388596,eb08a500-8f85-11f0-8b4a-0d0197d44616,409,PIN,FLIPPED,FLIPPED,7,5628,2
Stafford MHC-CUST,363/219,75365393,dfa02bb0-52f4-11f1-b1bb-f3574cce671d,502,PIN,FLIPPED,FLIPPED,38,4158,2
Stafford MHC-CUST,363/219,72392606,a04d7ae0-8f85-11f0-8b4a-0d0197d44616,505,PIN,FLIPPED,FLIPPED,10,2303,2
Stafford MHC-CUST,363/219,72386434,bdb306b0-82ea-11f0-8b4a-0d0197d44616,509,PIN,FLIPPED,FLIPPED,26,3352,2
Stafford MHC-CUST,363/219,72392242,8a7abfa0-82e4-11f0-8b4a-0d0197d44616,511,PIN-B,FLIPPED,FLIPPED,537,3023,2
Stafford MHC-CUST,363/219,72381526,c71d26e0-82ea-11f0-8b4a-0d0197d44616,512,PIN,NOT FLIPPED,NOT FLIPPED,4391,24,1
Stafford MHC-CUST,363/219,72392465,c038a020-82ea-11f0-8b4a-0d0197d44616,515,PIN,NOT FLIPPED,NOT FLIPPED,5559,4,1
Stafford MHC-CUST,363/219,72384462,975ab690-82ed-11f0-8b4a-0d0197d44616,517,PIN,FLIPPED,FLIPPED,1,5394,2
Stafford MHC-CUST,363/219,72388653,c110d7b0-82ea-11f0-8b4a-0d0197d44616,527,PIN,NOT FLIPPED,NOT FLIPPED,5615,8,1
Stafford MHC-CUST,363/219,72392267,96091f60-82e4-11f0-8b4a-0d0197d44616,531,PIN,FLIPPED,FLIPPED,126,3519,2
Stafford MHC-CUST,363/219,72389586,951808a0-82e4-11f0-8b4a-0d0197d44616,534,PIN-B,FLIPPED,FLIPPED,589,1887,2
Stafford MHC-CUST,363/219,75361269,85d6c960-0130-11f1-8726-d3fa6d0d96af,536,PIN-B,FLIPPED,FLIPPED,1017,2464,2
Stafford MHC-CUST,363/219,75365328,0c7e6070-52f5-11f1-b1bb-f3574cce671d,543,PIN,FLIPPED,FLIPPED,1,5872,2
Stafford MHC-CUST,363/219,72386525,c0e64540-82ea-11f0-8b4a-0d0197d44616,549,PIN,FLIPPED,FLIPPED,5,5360,2
Stafford MHC-CUST,363/219,75367266,eeeb4550-52f4-11f1-b1bb-f3574cce671d,550,PIN,FLIPPED,FLIPPED,11,5611,2
Stafford MHC-CUST,363/219,72393034,c3fe5350-82ed-11f0-8b4a-0d0197d44616,551,PIN,NOT FLIPPED,NOT FLIPPED,5462,18,1
Stafford MHC-CUST,363/219,72383639,a8d421e0-82ed-11f0-8b4a-0d0197d44616,557,PIN,FLIPPED,FLIPPED,2,5674,2
Stafford MHC-CUST,363/219,75369437,af730530-4d71-11f1-b1bb-f3574cce671d,566,PIN,NOT FLIPPED,NOT FLIPPED,5607,0,1
Stafford MHC-CUST,363/219,75360832,09321150-4d73-11f1-b1bb-f3574cce671d,567,PIN,FLIPPED,FLIPPED,227,3272,2
Stafford MHC-CUST,363/219,72390170,0b9743f0-82f0-11f0-8b4a-0d0197d44616,571,PIN,FLIPPED,FLIPPED,0,5505,2
Stafford MHC-CUST,363/219,70262504,9824ed50-8f83-11f0-8b4a-0d0197d44616,576,PIN-B,FLIPPED,FLIPPED,613,3234,2
Stafford MHC-CUST,363/219,70268949,8a679fa0-8f83-11f0-8b4a-0d0197d44616,not 401,PIN,NOT FLIPPED,NOT FLIPPED,5248,35,1
Terrace on the Greens,362/209,72715024,f235a660-cfc3-11f0-9bfa-a7eff651ff22,14,PIN-B,FLIPPED,FLIPPED,149,2843,2
The O in La Marque,16185/314,75366755,fb4d2730-6025-11f1-89ca-a986714faa23,14,PIN,FLIPPED,FLIPPED,0,5725,2
W Poplar St Triplex,362/209,77041780,46f9e910-3cf6-11f0-8e55-b138a1c03c8e,1,PIN,NOT FLIPPED,NOT FLIPPED,3512,0,1
Westmoreland,15154/260,72718598,7dc79560-d79b-11f0-b691-d965a62fa4fa,400-D,PIN,FLIPPED,FLIPPED,104,5633,2
Westmoreland,15154/260,72716402,9aa03810-c75e-11f0-9842-6d029661c338,412,PIN,NOT FLIPPED,NOT FLIPPED,2581,0,1
Wildwood Estates MHC-CUST,362/209,70272503,aa059e70-c453-11f0-9842-6d029661c338,12,PIN,NOT FLIPPED,NOT FLIPPED,5636,0,1
Wildwood Estates MHC-CUST,362/209,72718564,68c075f0-c504-11f0-9842-6d029661c338,15,PIN,NOT FLIPPED,NOT FLIPPED,5215,0,1
Wildwood Estates MHC-CUST,362/209,72720479,a705e730-c4fc-11f0-9842-6d029661c338,19,PIN,FLIPPED,FLIPPED,5,5676,2
Wildwood Estates MHC-CUST,362/209,72718911,f5639840-c453-11f0-9842-6d029661c338,2,PIN,NOT FLIPPED,NOT FLIPPED,5630,0,1
Wildwood Estates MHC-CUST,362/209,72717087,69a8ed10-c4f7-11f0-9842-6d029661c338,27,PIN,FLIPPED,FLIPPED,0,5537,2
Wildwood Estates MHC-CUST,362/209,72715669,c784e370-c453-11f0-9842-6d029661c338,3,PIN,NOT FLIPPED,NOT FLIPPED,4860,0,1
Wildwood Estates MHC-CUST,362/209,70261795,c103e650-6133-11f0-9fcd-87e94e720126,38,PIN,NOT FLIPPED,NOT FLIPPED,5809,0,1
Wildwood Estates MHC-CUST,362/209,72717723,caab9db0-c439-11f0-9842-6d029661c338,43,PIN,FLIPPED,FLIPPED,0,2777,2
Wildwood Estates MHC-CUST,362/209,70271687,fcc87160-c439-11f0-9842-6d029661c338,44,PIN,NOT FLIPPED,NOT FLIPPED,5704,0,1
Wildwood Estates MHC-CUST,362/209,72718762,26b87810-c504-11f0-9842-6d029661c338,48,PIN-B,FLIPPED,FLIPPED,591,2959,2
Wildwood Estates MHC-CUST,362/209,72717293,d2ec8020-c439-11f0-9842-6d029661c338,49,PIN,FLIPPED,FLIPPED,0,5725,2
Wildwood Estates MHC-CUST,362/209,72718739,1f60e430-c504-11f0-9842-6d029661c338,6,PIN,FLIPPED,FLIPPED,0,2698,2
Wildwood Estates MHC-CUST,362/209,72715891,27fcb7e0-c504-11f0-9842-6d029661c338,8,PIN-B,FLIPPED,FLIPPED,486,1476,2
Wildwood Estates MHC-CUST,362/209,72719810,0198ac30-c43c-11f0-9842-6d029661c338,A4,PIN,NOT FLIPPED,NOT FLIPPED,4473,0,1
Wildwood Village MHC-CUST,362/209,72722863,41b453e0-c4bf-11f0-9842-6d029661c338,1,PIN-B,FLIPPED,FLIPPED,520,1046,2
Wildwood Village MHC-CUST,362/209,72716857,20e28880-c4bf-11f0-9842-6d029661c338,12,PIN,FLIPPED,FLIPPED,0,5656,2
Wildwood Village MHC-CUST,362/209,72715156,6fc00c20-c4bf-11f0-9842-6d029661c338,17,PIN,NOT FLIPPED,NOT FLIPPED,5378,0,1
Wildwood Village MHC-CUST,362/209,72722384,f7c887b0-c4be-11f0-9842-6d029661c338,2,PIN,NOT FLIPPED,NOT FLIPPED,5223,77,1
Wildwood Village MHC-CUST,362/209,70272651,039dde20-c454-11f0-9842-6d029661c338,20,PIN-B,FLIPPED,FLIPPED,221,3253,2
Wildwood Village MHC-CUST,362/209,72719943,52727820-c504-11f0-9842-6d029661c338,22,PIN,FLIPPED,FLIPPED,4,5611,2
Wildwood Village MHC-CUST,362/209,72717160,5fdeab80-c4f7-11f0-9842-6d029661c338,24,PIN,FLIPPED,FLIPPED,12,4620,2
Wildwood Village MHC-CUST,362/209,72718374,2b4f8c60-c504-11f0-9842-6d029661c338,26,PIN,NOT FLIPPED,NOT FLIPPED,5798,0,1
Wildwood Village MHC-CUST,362/209,75363406,9025c080-06b0-11f1-a3d9-c99c67c82bc1,27,PIN,FLIPPED,FLIPPED,0,5397,2
Wildwood Village MHC-CUST,362/209,72714001,f3716290-c4be-11f0-9842-6d029661c338,28,PIN,FLIPPED,FLIPPED,0,5519,2
Wildwood Village MHC-CUST,362/209,72715933,eec7fec0-c4be-11f0-9842-6d029661c338,4,PIN,FLIPPED,FLIPPED,0,4991,2
