serial,id,group,lever,apt,fw,ti,reported,attr,records,conf,quiet,basis,pos,neg,draws,verdict,pin_value,tier
70260458,2cbcdaf0-ad3d-11f0-98a7-c3bc57f9afe3,Lake Road Village RV Park-Cust,362/209,51,362,209,FLIPPED,,5998,MED,,,0,0,,AMBIGUOUS-ZERO,,AMBIGUOUS-ZERO
70262520,2dea8580-ad3d-11f0-98a7-c3bc57f9afe3,Lake Road Village RV Park-Cust,362/209,46,362,209,NOT FLIPPED,NOT FLIPPED,4707,MED,,,0,0,,AMBIGUOUS-ZERO,,AMBIGUOUS-ZERO
70266190,309d4970-ad3d-11f0-98a7-c3bc57f9afe3,Lake Road Village RV Park-Cust,362/209,6,362,209,NOT FLIPPED,,5996,MED,,,0,0,,AMBIGUOUS-ZERO,,AMBIGUOUS-ZERO
70266539,3135b8e0-ad3d-11f0-98a7-c3bc57f9afe3,Lake Road Village RV Park-Cust,362/209,25,362,209,NOT FLIPPED,,5997,MED,85,largest=edge,4541,0,NOT FLIPPED,LOW,1,PIN
72379892,323834c0-ad3d-11f0-98a7-c3bc57f9afe3,Lake Road Village RV Park-Cust,362/209,50,362,209,FLIPPED,,6000,MED,,,0,0,,AMBIGUOUS-ZERO,,AMBIGUOUS-ZERO
72387887,369f3860-ad3d-11f0-98a7-c3bc57f9afe3,Lake Road Village RV Park-Cust,362/209,54,362,209,NOT FLIPPED,,6000,MED,,,0,0,,AMBIGUOUS-ZERO,,AMBIGUOUS-ZERO
72380221,39dd7370-ad3d-11f0-98a7-c3bc57f9afe3,Lake Road Village RV Park-Cust,362/209,7,16131,296,NOT FLIPPED,NOT FLIPPED,5999,MED,2,edge,5523,0,NOT FLIPPED,LOW,,ATTR-OK
70260300,3c02eb80-ad3d-11f0-98a7-c3bc57f9afe3,Lake Road Village RV Park-Cust,362/209,26,16022,260,FLIPPED,FLIPPED,5998,MED,-76,edge,0,5297,FLIPPED,LOW,,ATTR-OK
72384728,60479680-ad3d-11f0-98a7-c3bc57f9afe3,Lake Road Village RV Park-Cust,362/209,4,362,209,NOT FLIPPED,NOT FLIPPED,6000,MED,,,0,0,,AMBIGUOUS-ZERO,,AMBIGUOUS-ZERO
72387721,6a563410-ad3d-11f0-98a7-c3bc57f9afe3,Lake Road Village RV Park-Cust,362/209,48,362,209,UNKNOWN,,5995,MED,-81,largest=edge,0,3748,FLIPPED,LOW,,DRAWS-ONLY
72381195,cf14f480-ad3e-11f0-98a7-c3bc57f9afe3,Lake Road Village RV Park-Cust,362/209,49,362,209,NOT FLIPPED,NOT FLIPPED,6000,MED,,,0,0,,AMBIGUOUS-ZERO,,AMBIGUOUS-ZERO
75372969,d2dc1cd0-0e71-11f1-85e5-65eb60735c3d,Stone2620N,12377/219,2,16022,260,NOT FLIPPED,NOT FLIPPED,668,MED,-117,edge,116,31,NOT FLIPPED,LOW,,ATTR-OK
65824719,00dc2680-3d93-11f0-8e55-b138a1c03c8e,Sara Drive MHP,362/209,1034,362,209,FLIPPED,,6000,MED,,,0,0,,AMBIGUOUS-ZERO,,AMBIGUOUS-ZERO
65823521,0ade3020-c943-11ef-8f43-73c96c0de66f,Sara Drive MHP,362/209,1043,362,209,FLIPPED,FLIPPED,6000,MED,,,0,0,,AMBIGUOUS-ZERO,,AMBIGUOUS-ZERO
65827076,0b923de0-c943-11ef-8f43-73c96c0de66f,Sara Drive MHP,362/209,1030,362,209,FLIPPED,,5999,MED,,,0,0,,AMBIGUOUS-ZERO,,AMBIGUOUS-ZERO
65831987,0cd4f710-c943-11ef-8f43-73c96c0de66f,Sara Drive MHP,362/209,1025,16022,260,FLIPPED,,5999,MED,-38,edge,1,4779,FLIPPED,LOW,2,PIN
77058263,154510a0-3d93-11f0-8e55-b138a1c03c8e,Sara Drive MHP,362/209,1001,362,209,FLIPPED,,6000,MED,,,0,0,,AMBIGUOUS-ZERO,,AMBIGUOUS-ZERO
65824560,36af8a80-01f3-11f0-92a4-09772dfb61f8,Sara Drive MHP,362/209,1013,362,209,NOT FLIPPED,,5999,MED,,,0,0,,AMBIGUOUS-ZERO,,AMBIGUOUS-ZERO
65826920,3abbc930-1bf8-11f0-8272-45e3ef110760,Sara Drive MHP,362/209,1015,362,209,FLIPPED,,6000,MED,,,0,0,,AMBIGUOUS-ZERO,,AMBIGUOUS-ZERO
65826268,40d3a6f0-c93f-11ef-8f43-73c96c0de66f,Sara Drive MHP,362/209,1026,362,209,FLIPPED,,4496,MED,,,0,0,,AMBIGUOUS-ZERO,,AMBIGUOUS-ZERO
65822440,40f14110-c93f-11ef-8f43-73c96c0de66f,Sara Drive MHP,362/209,1045,362,209,NOT FLIPPED,,5999,MED,,,0,0,,AMBIGUOUS-ZERO,,AMBIGUOUS-ZERO
65827803,44747460-c93f-11ef-8f43-73c96c0de66f,Sara Drive MHP,362/209,1016,362,209,FLIPPED,,5999,MED,129,largest=edge,0,4880,FLIPPED,LOW,2,PIN
65825252,45fe48b0-c93f-11ef-8f43-73c96c0de66f,Sara Drive MHP,362/209,1021,362,209,FLIPPED,,5999,MED,,,0,0,,AMBIGUOUS-ZERO,,AMBIGUOUS-ZERO
65831417,47dda610-b8e3-11ef-8f43-73c96c0de66f,Sara Drive MHP,362/209,1032,362,209,NOT FLIPPED,,5998,MED,,,0,0,,AMBIGUOUS-ZERO,,AMBIGUOUS-ZERO
65828611,51000540-e58d-11ef-a76f-4d93d4a482f0,Sara Drive MHP,362/209,1003,362,209,UNKNOWN,,0,,,,0,0,,NO-DRAWS,,NO-DATA
65825963,5e131130-b99c-11f0-9842-6d029661c338,Sara Drive MHP,362/209,1023,16131,296,NOT FLIPPED,,6000,MED,92,edge,5267,1,NOT FLIPPED,LOW,1,PIN
65827555,70544770-e313-11ef-a5fd-a97d57576080,Sara Drive MHP,362/209,1028,362,209,FLIPPED,,6000,MED,,,0,0,,AMBIGUOUS-ZERO,,AMBIGUOUS-ZERO
65824578,8084e010-e308-11ef-a5fd-a97d57576080,Sara Drive MHP,362/209,1019,362,209,FLIPPED,FLIPPED,0,,,,0,0,,NO-DRAWS,,ATTR-PRESENT
65825880,81fcf370-e721-11ef-bcd4-5bcca9a9134f,Sara Drive MHP,362/209,1041,362,209,FLIPPED,,5994,MED,,,0,0,,AMBIGUOUS-ZERO,,AMBIGUOUS-ZERO
70261688,84b00bc0-62c3-11f0-8658-7f4e94e41769,Sara Drive MHP,362/209,1006,362,209,FLIPPED,,6000,MED,,,0,0,,AMBIGUOUS-ZERO,,AMBIGUOUS-ZERO
77058750,884af3c0-3d8a-11f0-8e55-b138a1c03c8e,Sara Drive MHP,362/209,1004,362,209,FLIPPED,,6000,MED,,,0,0,,AMBIGUOUS-ZERO,,AMBIGUOUS-ZERO
77053876,8b616e20-4151-11f0-8e55-b138a1c03c8e,Sara Drive MHP,362/209,1035,362,209,FLIPPED,,6000,MED,,,0,0,,AMBIGUOUS-ZERO,,AMBIGUOUS-ZERO
77036905,91e72a30-3dbb-11f0-8e55-b138a1c03c8e,Sara Drive MHP,362/209,1018,362,209,FLIPPED,,1547,MED,,,0,0,,AMBIGUOUS-ZERO,,AMBIGUOUS-ZERO
65822457,9e84f300-cf6e-11ef-8f43-73c96c0de66f,Sara Drive MHP,362/209,1009,362,209,FLIPPED,,5995,MED,,,0,0,,AMBIGUOUS-ZERO,,AMBIGUOUS-ZERO
65827852,a0ec1a10-d955-11ef-b6c0-d371c5346bb9,Sara Drive MHP,362/209,1036,362,209,FLIPPED,,6000,MED,-1445,largest=edge,35,21,ambiguous,NO-DRAWS,,NO-DRAWS
65831490,a7599480-cf6f-11ef-8f43-73c96c0de66f,Sara Drive MHP,362/209,1047,362,209,FLIPPED,,5997,MED,,,0,0,,AMBIGUOUS-ZERO,,AMBIGUOUS-ZERO
65823430,b3c3dfe0-b977-11ef-8f43-73c96c0de66f,Sara Drive MHP,362/209,1017,362,209,FLIPPED,,5997,MED,,,0,0,,AMBIGUOUS-ZERO,,AMBIGUOUS-ZERO
65829924,b41bb750-e30d-11ef-a5fd-a97d57576080,Sara Drive MHP,362/209,1024,362,209,FLIPPED,,6000,MED,,,0,0,,AMBIGUOUS-ZERO,,AMBIGUOUS-ZERO
72389917,b5aeec60-842d-11f0-8b4a-0d0197d44616,Sara Drive MHP,362/209,1039,16131,296,FLIPPED,,6000,MED,-108,edge,9,3330,FLIPPED,LOW,2,PIN
77057687,c86ba170-352e-11f0-8e55-b138a1c03c8e,Sara Drive MHP,362/209,1002,362,209,FLIPPED,,5998,MED,,,0,0,,AMBIGUOUS-ZERO,,AMBIGUOUS-ZERO
77057323,d56db570-352e-11f0-8e55-b138a1c03c8e,Sara Drive MHP,362/209,1022,362,209,NOT FLIPPED,,5996,MED,0,largest=edge,3357,0,NOT FLIPPED,LOW,1,PIN
65826581,dfa495a0-e0e6-11ef-a5fd-a97d57576080,Sara Drive MHP,362/209,1007,362,209,FLIPPED,,5999,MED,,,0,0,,AMBIGUOUS-ZERO,,AMBIGUOUS-ZERO
65827035,ecc2e1e0-e4d0-11ef-a76f-4d93d4a482f0,Sara Drive MHP,362/209,1005,362,209,FLIPPED,,5999,MED,,,0,0,,AMBIGUOUS-ZERO,,AMBIGUOUS-ZERO
65822481,f41188b0-d504-11ef-b247-3918401509a2,Sara Drive MHP,362/209,1031,362,209,FLIPPED,,6000,MED,-1104,largest=edge,3,3193,FLIPPED,LOW,2,PIN
70265283,f7c83430-5bb0-11f0-9fcd-87e94e720126,Sara Drive MHP,362/209,1033,362,209,FLIPPED,,5997,MED,,,0,0,,AMBIGUOUS-ZERO,,AMBIGUOUS-ZERO
79461651,0b00e470-48be-11f1-bc16-b52012ce6db2,Cedarbrook Estates MHC,16185/314,35,16185,314,NOT FLIPPED,,1205,MED,98,edge,103,3,NOT FLIPPED,LOW,1,PIN
79460570,b1a7f7b0-48bd-11f1-bc16-b52012ce6db2,Cedarbrook Estates MHC,16185/314,43,16185,314,NOT FLIPPED,,6000,MED,178,edge,5656,0,NOT FLIPPED,LOW,1,PIN
75364925,6c559910-f624-11f0-b153-63024d3301e1,Brian Fries 5YR,362/209,FRONT,362,209,NOT FLIPPED,,6000,MED,,,0,0,,AMBIGUOUS-ZERO,,AMBIGUOUS-ZERO
75373132,1b853950-fe2b-11f0-8726-d3fa6d0d96af,Southern Cross MHC,362/209,23,362,209,FLIPPED,,5999,MED,,,0,0,,AMBIGUOUS-ZERO,,AMBIGUOUS-ZERO
75367415,3265da30-fe2b-11f0-8726-d3fa6d0d96af,Southern Cross MHC,362/209,18,362,209,NOT FLIPPED,,5999,MED,,,0,0,,AMBIGUOUS-ZERO,,AMBIGUOUS-ZERO
75373843,380c62b0-fe2b-11f0-8726-d3fa6d0d96af,Southern Cross MHC,362/209,22,362,209,NOT FLIPPED,,6000,MED,,,0,0,,AMBIGUOUS-ZERO,,AMBIGUOUS-ZERO
75374031,402c0180-fe2b-11f0-8726-d3fa6d0d96af,Southern Cross MHC,362/209,12A,362,209,NOT FLIPPED,,5999,MED,,,0,0,,AMBIGUOUS-ZERO,,AMBIGUOUS-ZERO
72723531,49f73800-fe2c-11f0-8726-d3fa6d0d96af,Southern Cross MHC,362/209,14,362,209,NOT FLIPPED,,2392,MED,,,0,0,,AMBIGUOUS-ZERO,,AMBIGUOUS-ZERO
75363562,60e00bb0-fe2b-11f0-8726-d3fa6d0d96af,Southern Cross MHC,362/209,17,16022,260,FLIPPED,FLIPPED,6000,MED,-81,edge,15,5220,FLIPPED,LOW,,ATTR-OK
75366201,74eea680-f317-11f0-8900-8bd481ce9a44,Southern Cross MHC,362/209,2,362,209,NOT FLIPPED,,6000,MED,,,0,0,,AMBIGUOUS-ZERO,,AMBIGUOUS-ZERO
75374866,79ed5640-f317-11f0-8900-8bd481ce9a44,Southern Cross MHC,362/209,5,16185,314,NOT FLIPPED,,5999,MED,,,0,0,,AMBIGUOUS-ZERO,,AMBIGUOUS-ZERO
75368801,7dcd76a0-f317-11f0-8900-8bd481ce9a44,Southern Cross MHC,362/209,12,16185,314,UNKNOWN,,8,,,,0,0,,NO-DRAWS,,NO-DATA
75362416,80fb36f0-f317-11f0-8900-8bd481ce9a44,Southern Cross MHC,362/209,9,362,209,NOT FLIPPED,,5998,MED,3,largest=edge,3975,0,NOT FLIPPED,LOW,1,PIN
75372001,8cb5afc0-f317-11f0-8900-8bd481ce9a44,Southern Cross MHC,362/209,4,362,209,UNKNOWN,,0,,,,0,0,,NO-DRAWS,,NO-DATA
72724141,8dada450-f317-11f0-8900-8bd481ce9a44,Southern Cross MHC,362/209,1,362,209,NOT FLIPPED,,5999,MED,,,0,0,,AMBIGUOUS-ZERO,,AMBIGUOUS-ZERO
75361566,8f941790-f317-11f0-8900-8bd481ce9a44,Southern Cross MHC,362/209,8,16185,314,UNKNOWN,,0,,,,0,0,,NO-DRAWS,,NO-DATA
75373397,8fec97d0-f317-11f0-8900-8bd481ce9a44,Southern Cross MHC,362/209,1A,362,209,NOT FLIPPED,,5999,MED,,,0,0,,AMBIGUOUS-ZERO,,AMBIGUOUS-ZERO
72722673,951b3130-f317-11f0-8900-8bd481ce9a44,Southern Cross MHC,362/209,3,362,209,NOT FLIPPED,NOT FLIPPED,0,,,,0,0,,NO-DRAWS,,ATTR-PRESENT
75363794,95a89e70-fe2b-11f0-8726-d3fa6d0d96af,Southern Cross MHC,362/209,15,362,209,NOT FLIPPED,,5999,MED,,,0,0,,AMBIGUOUS-ZERO,,AMBIGUOUS-ZERO
75363216,9d9e4cc0-f317-11f0-8900-8bd481ce9a44,Southern Cross MHC,362/209,11,362,209,FLIPPED,,5998,MED,,,0,0,,AMBIGUOUS-ZERO,,AMBIGUOUS-ZERO
75360337,b2d17260-f651-11f0-b153-63024d3301e1,Southern Cross MHC,362/209,10,16185,314,UNKNOWN,,0,,,,0,0,,NO-DRAWS,,NO-DATA
75366698,e1eadcc0-fe36-11f0-8726-d3fa6d0d96af,Southern Cross MHC,362/209,6,362,209,NOT FLIPPED,,296,MED,-99,largest=edge,33,0,NOT FLIPPED,LOW,1,PIN
75365443,04d59440-0130-11f1-8726-d3fa6d0d96af,Highlands MHC,362/209,11,362,209,NOT FLIPPED,,5998,MED,,,0,0,,AMBIGUOUS-ZERO,,AMBIGUOUS-ZERO
72718036,0f452020-fe07-11f0-8726-d3fa6d0d96af,Highlands MHC,362/209,3,362,209,NOT FLIPPED,,5994,MED,-8,largest=edge,3847,0,NOT FLIPPED,LOW,1,PIN
75371896,146d77f0-fe07-11f0-8726-d3fa6d0d96af,Highlands MHC,362/209,10,362,209,NOT FLIPPED,,1626,MED,,,0,0,,AMBIGUOUS-ZERO,,AMBIGUOUS-ZERO
75374619,2b5718b0-fe37-11f0-8726-d3fa6d0d96af,Highlands MHC,362/209,12A,362,209,FLIPPED,,6000,MED,,,0,0,,AMBIGUOUS-ZERO,,AMBIGUOUS-ZERO
72719489,2b851860-fc88-11f0-8726-d3fa6d0d96af,Highlands MHC,362/209,02A,16185,314,FLIPPED,,542,MED,-85,edge,4,425,FLIPPED,LOW,2,PIN
72718978,2f8c2190-fe10-11f0-8726-d3fa6d0d96af,Highlands MHC,362/209,2,16185,314,NOT FLIPPED,NOT FLIPPED,5998,MED,67,edge,4989,0,NOT FLIPPED,LOW,,ATTR-OK
75363232,3dcebaf0-fe07-11f0-8726-d3fa6d0d96af,Highlands MHC,362/209,6,16022,260,NOT FLIPPED,NOT FLIPPED,5998,MED,-2,edge,5533,1,NOT FLIPPED,LOW,,ATTR-OK
75373272,492da640-fe07-11f0-8726-d3fa6d0d96af,Highlands MHC,362/209,5,362,209,NOT FLIPPED,,3530,MED,,,0,0,,AMBIGUOUS-ZERO,,AMBIGUOUS-ZERO
75362119,4be04320-fe07-11f0-8726-d3fa6d0d96af,Highlands MHC,362/209,12,362,209,FLIPPED,,5999,MED,,,0,0,,AMBIGUOUS-ZERO,,AMBIGUOUS-ZERO
75364396,58fb5300-fe2b-11f0-8726-d3fa6d0d96af,Highlands MHC,362/209,7A,362,209,NOT FLIPPED,,96,MED,,,0,0,,AMBIGUOUS-ZERO,,AMBIGUOUS-ZERO
75362820,6c4765d0-fe07-11f0-8726-d3fa6d0d96af,Highlands MHC,362/209,13,362,209,FLIPPED,,4094,MED,-690,largest=edge,0,619,FLIPPED,LOW,2,PIN
75366177,81cce380-fe07-11f0-8726-d3fa6d0d96af,Highlands MHC,362/209,5A,16185,314,NOT FLIPPED,NOT FLIPPED,6000,MED,,,0,0,,AMBIGUOUS-ZERO,,AMBIGUOUS-ZERO
75370484,83abe740-fe08-11f0-8726-d3fa6d0d96af,Highlands MHC,362/209,14,362,209,UNKNOWN,,6000,MED,,,0,0,,AMBIGUOUS-ZERO,,AMBIGUOUS-ZERO
72723887,85c10110-fe07-11f0-8726-d3fa6d0d96af,Highlands MHC,362/209,7,362,209,FLIPPED,FLIPPED,6000,MED,,,0,0,,AMBIGUOUS-ZERO,,AMBIGUOUS-ZERO
75371730,87a30680-fe12-11f0-8726-d3fa6d0d96af,Highlands MHC,362/209,4,362,209,FLIPPED,,5998,MED,,,0,0,,AMBIGUOUS-ZERO,,AMBIGUOUS-ZERO
75371912,a1cabd10-fe07-11f0-8726-d3fa6d0d96af,Highlands MHC,362/209,3A,362,209,NOT FLIPPED,,5999,MED,,,0,0,,AMBIGUOUS-ZERO,,AMBIGUOUS-ZERO
75361129,b8f86c80-fe07-11f0-8726-d3fa6d0d96af,Highlands MHC,362/209,1A,362,209,FLIPPED,,6000,MED,,,0,0,,AMBIGUOUS-ZERO,,AMBIGUOUS-ZERO
75361426,ea6eaa80-fe08-11f0-8726-d3fa6d0d96af,Highlands MHC,362/209,15,16185,314,NOT FLIPPED,,5999,MED,-100,edge,5828,0,NOT FLIPPED,LOW,1,PIN
75361855,ebb127b0-fe2b-11f0-8726-d3fa6d0d96af,Highlands MHC,362/209,8A,16185,314,FLIPPED,FLIPPED,6000,MED,28,edge,3,5147,FLIPPED,LOW,,ATTR-OK
72719539,ef0d2e50-fe07-11f0-8726-d3fa6d0d96af,Highlands MHC,362/209,4A,16185,314,NOT FLIPPED,,6000,MED,84,edge,5351,0,NOT FLIPPED,LOW,1,PIN
75370245,ef6d9270-fe36-11f0-8726-d3fa6d0d96af,Highlands MHC,362/209,15A,362,209,FLIPPED,,5997,MED,,,0,0,,AMBIGUOUS-ZERO,,AMBIGUOUS-ZERO
75363521,f0e2ce20-fe06-11f0-8726-d3fa6d0d96af,Highlands MHC,362/209,16,362,209,FLIPPED,,5998,MED,,,0,0,,AMBIGUOUS-ZERO,,AMBIGUOUS-ZERO
75365617,f6e6fca0-fe2a-11f0-8726-d3fa6d0d96af,Highlands MHC,362/209,16A,362,209,NOT FLIPPED,,6000,MED,,,0,0,,AMBIGUOUS-ZERO,,AMBIGUOUS-ZERO
75374833,fc224030-fe2a-11f0-8726-d3fa6d0d96af,Highlands MHC,362/209,6A,362,209,NOT FLIPPED,,6000,MED,1047,largest=edge,243,9,NOT FLIPPED,LOW,1,PIN
79461545,793f63f0-3a9d-11f1-b198-172a4a9f25c9,Paola MHC,16022/260,4,16185,314,UNKNOWN,,6000,MED,19,edge,5254,13,NOT FLIPPED,LOW,,DRAWS-ONLY
79460695,7b6996f0-3a9d-11f1-b198-172a4a9f25c9,Paola MHC,16022/260,18,16185,314,UNKNOWN,FLIPPED,6000,MED,,,0,0,,AMBIGUOUS-ZERO,,AMBIGUOUS-ZERO
79460778,8050c710-3a9d-11f1-b198-172a4a9f25c9,Paola MHC,16022/260,11,16185,314,UNKNOWN,,6000,MED,-17,edge,5311,3,NOT FLIPPED,LOW,,DRAWS-ONLY
79466411,807eb4e0-3a9d-11f1-b198-172a4a9f25c9,Paola MHC,16022/260,3,16185,314,UNKNOWN,,1790,MED,-18,edge,1537,0,NOT FLIPPED,LOW,,DRAWS-ONLY
79461966,81d962e0-3a9d-11f1-b198-172a4a9f25c9,Paola MHC,16022/260,14,16185,314,UNKNOWN,FLIPPED,5997,MED,-135,largest,144,1791,FLIPPED,LOW,,ATTR-OK
79462246,9418dd50-3a9d-11f1-b198-172a4a9f25c9,Paola MHC,16022/260,20,16185,314,UNKNOWN,,3875,MED,22,edge,3436,0,NOT FLIPPED,LOW,,DRAWS-ONLY
79463475,96d89990-3a9d-11f1-b198-172a4a9f25c9,Paola MHC,16022/260,9,16185,314,UNKNOWN,,6000,MED,107,edge,5049,236,NOT FLIPPED,LOW,,DRAWS-ONLY
79463129,975b5e20-3a9d-11f1-b198-172a4a9f25c9,Paola MHC,16022/260,21,16185,314,UNKNOWN,FLIPPED,5999,MED,12,edge,0,5461,FLIPPED,LOW,,ATTR-OK
79458517,97afe6c0-3a9d-11f1-b198-172a4a9f25c9,Paola MHC,16022/260,22,16185,314,UNKNOWN,,6000,MED,12,edge,5657,2,NOT FLIPPED,LOW,,DRAWS-ONLY
79462659,f07fadc0-39d6-11f1-b198-172a4a9f25c9,Paola MHC,16022/260,7,16131,296,UNKNOWN,,5997,MED,30,edge,0,5594,FLIPPED,LOW,,DRAWS-ONLY
72385451,0656a710-a92d-11f0-98a7-c3bc57f9afe3,Flower Mound MHC-CUST,362/209,18,362,209,FLIPPED,,5998,MED,,,0,0,,AMBIGUOUS-ZERO,,AMBIGUOUS-ZERO
72721022,11fb1160-c89e-11f0-9842-6d029661c338,Flower Mound MHC-CUST,362/209,8,362,209,NOT FLIPPED,,6000,MED,,,0,0,,AMBIGUOUS-ZERO,,AMBIGUOUS-ZERO
70269020,1d16eeb0-a92d-11f0-98a7-c3bc57f9afe3,Flower Mound MHC-CUST,362/209,6,362,209,NOT FLIPPED,,6000,MED,,,0,0,,AMBIGUOUS-ZERO,,AMBIGUOUS-ZERO
72378563,1dde5d60-a92d-11f0-98a7-c3bc57f9afe3,Flower Mound MHC-CUST,362/209,34,362,209,FLIPPED,FLIPPED,5999,MED,,,0,0,,AMBIGUOUS-ZERO,,AMBIGUOUS-ZERO
70265945,2327aab0-a92d-11f0-98a7-c3bc57f9afe3,Flower Mound MHC-CUST,362/209,20,16185,314,NOT FLIPPED,NOT FLIPPED,6000,MED,39,edge,5789,12,NOT FLIPPED,LOW,,ATTR-OK
72381088,23c5e680-a92d-11f0-98a7-c3bc57f9afe3,Flower Mound MHC-CUST,362/209,23,16131,296,FLIPPED,FLIPPED,6000,MED,-76,edge,0,5254,FLIPPED,LOW,,ATTR-OK
70259062,2857f1c0-a92d-11f0-98a7-c3bc57f9afe3,Flower Mound MHC-CUST,362/209,27,16185,314,NOT FLIPPED,,6000,MED,,,0,0,,AMBIGUOUS-ZERO,,AMBIGUOUS-ZERO
72384504,2862a020-a92d-11f0-98a7-c3bc57f9afe3,Flower Mound MHC-CUST,362/209,13,362,209,FLIPPED,,5998,MED,,,0,0,,AMBIGUOUS-ZERO,,AMBIGUOUS-ZERO
72384629,2973c200-a92d-11f0-98a7-c3bc57f9afe3,Flower Mound MHC-CUST,362/209,14,362,209,FLIPPED,FLIPPED,6000,MED,,,0,0,,AMBIGUOUS-ZERO,,AMBIGUOUS-ZERO
70260250,29f88260-a92d-11f0-98a7-c3bc57f9afe3,Flower Mound MHC-CUST,362/209,9,362,209,FLIPPED,,6000,MED,,,0,0,,AMBIGUOUS-ZERO,,AMBIGUOUS-ZERO
72379017,2cd340b0-a92d-11f0-98a7-c3bc57f9afe3,Flower Mound MHC-CUST,362/209,1,16022,260,FLIPPED,FLIPPED,5998,MED,2,edge,8,5581,FLIPPED,LOW,,ATTR-OK
72379041,2dd32480-a92d-11f0-98a7-c3bc57f9afe3,Flower Mound MHC-CUST,362/209,36,362,209,FLIPPED,,5998,MED,,,0,0,,AMBIGUOUS-ZERO,,AMBIGUOUS-ZERO
70269715,3c4f7c70-a92d-11f0-98a7-c3bc57f9afe3,Flower Mound MHC-CUST,362/209,5,362,209,FLIPPED,,6000,MED,-1012,largest=edge,0,146,FLIPPED,LOW,2,PIN
70260615,3d020390-a92d-11f0-98a7-c3bc57f9afe3,Flower Mound MHC-CUST,362/209,35,362,209,FLIPPED,,5999,MED,,,0,0,,AMBIGUOUS-ZERO,,AMBIGUOUS-ZERO
70266695,6b047690-a939-11f0-98a7-c3bc57f9afe3,Flower Mound MHC-CUST,362/209,21,362,209,FLIPPED,,5995,MED,-2,largest=edge,115,3193,FLIPPED,LOW,2,PIN
70258791,6bf53f30-a939-11f0-98a7-c3bc57f9afe3,Flower Mound MHC-CUST,362/209,11,362,209,FLIPPED,,5997,MED,,,0,0,,AMBIGUOUS-ZERO,,AMBIGUOUS-ZERO
72387515,6f7a2030-a939-11f0-98a7-c3bc57f9afe3,Flower Mound MHC-CUST,362/209,30,362,209,NOT FLIPPED,NOT FLIPPED,6000,MED,,,0,0,,AMBIGUOUS-ZERO,,AMBIGUOUS-ZERO
70269327,70e262c0-a939-11f0-98a7-c3bc57f9afe3,Flower Mound MHC-CUST,362/209,17,362,209,FLIPPED,,5998,MED,,,0,0,,AMBIGUOUS-ZERO,,AMBIGUOUS-ZERO
72387382,77fcc690-a939-11f0-98a7-c3bc57f9afe3,Flower Mound MHC-CUST,362/209,26,362,209,FLIPPED,,5997,MED,,,0,0,,AMBIGUOUS-ZERO,,AMBIGUOUS-ZERO
72379009,7a2720a0-a939-11f0-98a7-c3bc57f9afe3,Flower Mound MHC-CUST,362/209,10,362,209,NOT FLIPPED,,5990,MED,,,0,0,,AMBIGUOUS-ZERO,,AMBIGUOUS-ZERO
70270788,7a7e1a40-a939-11f0-98a7-c3bc57f9afe3,Flower Mound MHC-CUST,362/209,3,362,209,FLIPPED,,6000,MED,,,0,0,,AMBIGUOUS-ZERO,,AMBIGUOUS-ZERO
72379280,830be530-a92e-11f0-98a7-c3bc57f9afe3,Flower Mound MHC-CUST,362/209,19,16185,314,FLIPPED,FLIPPED,6000,MED,-4,edge,0,4803,FLIPPED,LOW,,ATTR-OK
72387630,854b74f0-a92e-11f0-98a7-c3bc57f9afe3,Flower Mound MHC-CUST,362/209,33,362,209,NOT FLIPPED,NOT FLIPPED,6000,MED,,,0,0,,AMBIGUOUS-ZERO,,AMBIGUOUS-ZERO
72380635,b6529c70-a93a-11f0-98a7-c3bc57f9afe3,Flower Mound MHC-CUST,362/209,15,16185,314,NOT FLIPPED,,0,,,,0,0,,NO-DRAWS,,REPORTED-ONLY
72391921,bf8ef5e0-a93a-11f0-98a7-c3bc57f9afe3,Flower Mound MHC-CUST,362/209,29,362,209,FLIPPED,,5996,MED,54,largest=edge,0,4443,FLIPPED,LOW,2,PIN
72381575,c3a54170-a93a-11f0-98a7-c3bc57f9afe3,Flower Mound MHC-CUST,362/209,4,362,209,NOT FLIPPED,,5999,MED,,,0,0,,AMBIGUOUS-ZERO,,AMBIGUOUS-ZERO
72380114,cfbba7d0-a938-11f0-98a7-c3bc57f9afe3,Flower Mound MHC-CUST,362/209,2,362,209,NOT FLIPPED,,5999,MED,,,0,0,,AMBIGUOUS-ZERO,,AMBIGUOUS-ZERO
70265895,e7e1d720-a92f-11f0-98a7-c3bc57f9afe3,Flower Mound MHC-CUST,362/209,12,362,209,NOT FLIPPED,,6000,MED,,,0,0,,AMBIGUOUS-ZERO,,AMBIGUOUS-ZERO
72391731,f681d1c0-a931-11f0-98a7-c3bc57f9afe3,Flower Mound MHC-CUST,362/209,24,16185,314,FLIPPED,FLIPPED,6000,MED,-78,edge,9,5623,FLIPPED,LOW,,ATTR-OK
72387408,f8075c20-a938-11f0-98a7-c3bc57f9afe3,Flower Mound MHC-CUST,362/209,7,362,209,NOT FLIPPED,,6000,MED,,,0,0,,AMBIGUOUS-ZERO,,AMBIGUOUS-ZERO
70271505,fa402430-a92f-11f0-98a7-c3bc57f9afe3,Flower Mound MHC-CUST,362/209,31,362,209,FLIPPED,,5998,MED,,,0,0,,AMBIGUOUS-ZERO,,AMBIGUOUS-ZERO
77054205,96bdc1f0-aabb-11f0-98a7-c3bc57f9afe3,Papa Ken,362/209,MAIN,362,209,FLIPPED,,5994,MED,109,largest=edge,6,2831,FLIPPED,LOW,2,PIN
70264070,c67ef2e0-62b0-11f0-8658-7f4e94e41769,Ontario Place MHC-CUST,16037/344,75,16185,314,UNKNOWN,,6000,MED,65,edge,1,5611,FLIPPED,LOW,,DRAWS-ONLY
70259351,d140dae0-62b0-11f0-8658-7f4e94e41769,Ontario Place MHC-CUST,16037/344,151,16185,314,UNKNOWN,,5439,MED,143,edge,19,4741,FLIPPED,LOW,,DRAWS-ONLY
70259195,b36eb9d0-66b4-11f0-8658-7f4e94e41769,Ontario Place MHC-CUST,16037/344,4,16185,314,UNKNOWN,FLIPPED,4500,MED,-84,edge,37,3927,FLIPPED,LOW,,ATTR-OK
70267149,b4ec5920-66b4-11f0-8658-7f4e94e41769,Ontario Place MHC-CUST,16037/344,86,16185,314,UNKNOWN,,6000,MED,-438,edge,0,3183,FLIPPED,LOW,,DRAWS-ONLY
77058917,c1af6850-66b4-11f0-8658-7f4e94e41769,Ontario Place MHC-CUST,16037/344,152,16185,314,UNKNOWN,,5998,MED,-10,edge,12,5549,FLIPPED,LOW,,DRAWS-ONLY
72381500,a9af06e0-9f9c-11f0-b5af-5dfa9891b485,Ontario Place MHC-CUST,16037/344,22,16185,314,UNKNOWN,,1713,MED,12,edge,0,1615,FLIPPED,LOW,,DRAWS-ONLY
72381849,cc61a030-9f9c-11f0-b5af-5dfa9891b485,Ontario Place MHC-CUST,16037/344,60,16185,314,UNKNOWN,,5998,MED,-35,edge,5712,0,NOT FLIPPED,LOW,,DRAWS-ONLY
72389974,c21e8880-9fc5-11f0-b5af-5dfa9891b485,Ontario Place MHC-CUST,16037/344,97,16185,314,UNKNOWN,,5998,MED,7,edge,0,5709,FLIPPED,LOW,,DRAWS-ONLY
72379397,9e78b590-9fc5-11f0-b5af-5dfa9891b485,Ontario Place MHC-CUST,16037/344,138,16185,314,UNKNOWN,FLIPPED,6000,MED,-185,edge,0,5614,FLIPPED,LOW,,ATTR-OK
72392010,aaf2fbf0-9fc5-11f0-b5af-5dfa9891b485,Ontario Place MHC-CUST,16037/344,45,16185,314,UNKNOWN,,5999,MED,-151,edge,13,5546,FLIPPED,LOW,,DRAWS-ONLY
70273030,d26dc850-9f9c-11f0-b5af-5dfa9891b485,Ontario Place MHC-CUST,16037/344,90,16185,314,UNKNOWN,,4370,MED,113,edge,3809,0,NOT FLIPPED,LOW,,DRAWS-ONLY
72384660,a4d96650-9fc5-11f0-b5af-5dfa9891b485,Ontario Place MHC-CUST,16037/344,38,16185,314,UNKNOWN,NOT FLIPPED,6000,MED,37,edge,5033,60,NOT FLIPPED,LOW,,ATTR-OK
79464093,9feea330-39d5-11f1-b198-172a4a9f25c9,Ontario Place MHC-CUST,16037/344,98,16185,314,UNKNOWN,NOT FLIPPED,6,,,,0,0,,NO-DRAWS,,ATTR-PRESENT
70263221,c9d528f0-9f9c-11f0-b5af-5dfa9891b485,Ontario Place MHC-CUST,16037/344,19,16185,314,UNKNOWN,NOT FLIPPED,125,MED,-20,edge,105,0,NOT FLIPPED,LOW,,ATTR-OK
65824586,515281b0-e111-11ef-a5fd-a97d57576080,Ontario Place MHC-CUST,16037/344,5,16185,314,UNKNOWN,FLIPPED,6000,MED,,,0,0,,AMBIGUOUS-ZERO,,AMBIGUOUS-ZERO
70261209,89989a40-62a9-11f0-8658-7f4e94e41769,Ontario Place MHC-CUST,16037/344,136,16185,314,UNKNOWN,,5998,MED,153,edge,246,5036,FLIPPED,LOW,,DRAWS-ONLY
70268626,869d1d70-9fc6-11f0-b5af-5dfa9891b485,Ontario Place MHC-CUST,16037/344,137,16185,314,UNKNOWN,,5429,MED,129,edge,4869,134,NOT FLIPPED,LOW,,DRAWS-ONLY
70272743,c7d07f50-9f9c-11f0-b5af-5dfa9891b485,Ontario Place MHC-CUST,16037/344,83,16185,314,UNKNOWN,,5999,MED,-89,edge,0,5325,FLIPPED,LOW,,DRAWS-ONLY
70259807,ae07dd10-9fc5-11f0-b5af-5dfa9891b485,Ontario Place MHC-CUST,16037/344,36,16185,314,UNKNOWN,,5999,MED,85,edge,4849,67,NOT FLIPPED,LOW,,DRAWS-ONLY
72392713,4e2b0750-9f9d-11f0-b5af-5dfa9891b485,Ontario Place MHC-CUST,16037/344,16,16185,314,UNKNOWN,NOT FLIPPED,6000,MED,380,edge,5570,7,NOT FLIPPED,LOW,,ATTR-OK
70262256,db7e08b0-9f9c-11f0-b5af-5dfa9891b485,Ontario Place MHC-CUST,16037/344,58,16185,314,UNKNOWN,NOT FLIPPED,6000,MED,7,edge,5251,9,NOT FLIPPED,LOW,,ATTR-OK
70270812,a916de40-66b4-11f0-8658-7f4e94e41769,Ontario Place MHC-CUST,16037/344,77,16185,314,UNKNOWN,,5999,MED,182,edge,5555,0,NOT FLIPPED,LOW,,DRAWS-ONLY
72381765,bebf5490-9f9c-11f0-b5af-5dfa9891b485,Ontario Place MHC-CUST,16037/344,149,16185,314,UNKNOWN,,6000,MED,-138,edge,5282,7,NOT FLIPPED,LOW,,DRAWS-ONLY
72381799,cc95f6a0-9f9c-11f0-b5af-5dfa9891b485,Ontario Place MHC-CUST,16037/344,23,16185,314,UNKNOWN,,6000,MED,2257,largest,112,0,NOT FLIPPED,LOW,,DRAWS-ONLY
72391368,c9412650-9f9c-11f0-b5af-5dfa9891b485,Ontario Place MHC-CUST,16037/344,78,16185,314,UNKNOWN,FLIPPED,6000,MED,-68,edge,19,5640,FLIPPED,LOW,,ATTR-OK
70266513,a74cfe60-9fc5-11f0-b5af-5dfa9891b485,Ontario Place MHC-CUST,16037/344,69,16185,314,UNKNOWN,,6000,MED,326,edge,5071,52,NOT FLIPPED,LOW,,DRAWS-ONLY
70273097,c8b82030-9f9c-11f0-b5af-5dfa9891b485,Ontario Place MHC-CUST,16037/344,65,16185,314,UNKNOWN,,5999,MED,-10,edge,72,4628,FLIPPED,LOW,,DRAWS-ONLY
72381179,b5a0bfb0-9fc5-11f0-b5af-5dfa9891b485,Ontario Place MHC-CUST,16037/344,46,16185,314,UNKNOWN,FLIPPED,6000,MED,-127,edge,0,5608,FLIPPED,LOW,,ATTR-OK
70265432,a6f5ddb0-9fc5-11f0-b5af-5dfa9891b485,Ontario Place MHC-CUST,16037/344,71,16185,314,UNKNOWN,,5998,MED,-86,edge,0,4951,FLIPPED,LOW,,DRAWS-ONLY
72382920,83a82060-9fc6-11f0-b5af-5dfa9891b485,Ontario Place MHC-CUST,16037/344,64,16185,314,UNKNOWN,,4634,MED,-46,edge,0,3760,FLIPPED,LOW,,DRAWS-ONLY
72378993,9a51a120-9fc5-11f0-b5af-5dfa9891b485,Ontario Place MHC-CUST,16037/344,70,16185,314,UNKNOWN,,6000,MED,34,edge,0,5464,FLIPPED,LOW,,DRAWS-ONLY
72381211,2fb13910-9fc6-11f0-b5af-5dfa9891b485,Ontario Place MHC-CUST,16037/344,140,16185,314,UNKNOWN,,5775,MED,14,edge,4943,29,NOT FLIPPED,LOW,,DRAWS-ONLY
70262538,a86aca70-9fc5-11f0-b5af-5dfa9891b485,Ontario Place MHC-CUST,16037/344,84,16185,314,UNKNOWN,,5999,MED,-14,edge,5634,0,NOT FLIPPED,LOW,,DRAWS-ONLY
72381518,2c2775e0-9fa1-11f0-b5af-5dfa9891b485,Ontario Place MHC-CUST,16037/344,143,16185,314,UNKNOWN,,6000,MED,-256,edge,817,1467,ambiguous,NO-DRAWS,,NO-DRAWS
70266257,dec2fa80-9f9c-11f0-b5af-5dfa9891b485,Ontario Place MHC-CUST,16037/344,32,16185,314,UNKNOWN,,6000,MED,-86,edge,7,5411,FLIPPED,LOW,,DRAWS-ONLY
72378910,c2bd5d30-9f9c-11f0-b5af-5dfa9891b485,Ontario Place MHC-CUST,16037/344,55,16185,314,UNKNOWN,,5997,MED,6,edge,5029,0,NOT FLIPPED,LOW,,DRAWS-ONLY
70267925,a53fa230-9fc5-11f0-b5af-5dfa9891b485,Ontario Place MHC-CUST,16037/344,50,16185,314,UNKNOWN,,0,,,,0,0,,NO-DRAWS,,NO-DATA
72378860,a070b500-9fc5-11f0-b5af-5dfa9891b485,Ontario Place MHC-CUST,16037/344,27,16185,314,UNKNOWN,NOT FLIPPED,5999,MED,9,edge,5375,5,NOT FLIPPED,LOW,,ATTR-OK
72389594,707b11a0-9fc6-11f0-b5af-5dfa9891b485,Ontario Place MHC-CUST,16037/344,145,16185,314,UNKNOWN,,5999,MED,91,edge,55,5295,FLIPPED,LOW,,DRAWS-ONLY
72381344,8891b6f0-9fc5-11f0-b5af-5dfa9891b485,Ontario Place MHC-CUST,16037/344,34,16185,314,UNKNOWN,,5999,MED,-99,edge,5676,0,NOT FLIPPED,LOW,,DRAWS-ONLY
75366359,f56e57f0-39d6-11f1-b198-172a4a9f25c9,Ontario Place MHC-CUST,16037/344,53,16185,314,UNKNOWN,,5999,MED,148,edge,12,5621,FLIPPED,LOW,,DRAWS-ONLY
65827308,09e56330-e0e7-11ef-a5fd-a97d57576080,Ontario Place MHC-CUST,16037/344,26,16185,314,UNKNOWN,,6000,MED,50,edge,5728,2,NOT FLIPPED,LOW,,DRAWS-ONLY
65825112,13cd6d00-bda8-11ef-8f43-73c96c0de66f,Ontario Place MHC-CUST,16037/344,131,16185,314,UNKNOWN,,6000,MED,-2,edge,5545,0,NOT FLIPPED,LOW,,DRAWS-ONLY
75369809,f23373c0-6c14-11f1-9333-3b2cfe68422f,Kay Lou MHC,16131/296,2625M,16131,296,UNKNOWN,,5998,MED,90,edge,5090,0,NOT FLIPPED,LOW,,DRAWS-ONLY
72718598,7dc79560-d79b-11f0-b691-d965a62fa4fa,Westmoreland,15154/260,400-D,15154,260,FLIPPED,,5999,MED,316,edge,104,5633,FLIPPED,LOW,2,PIN
72716402,9aa03810-c75e-11f0-9842-6d029661c338,Westmoreland,15154/260,412,15154,260,NOT FLIPPED,,6000,MED,-118,edge,2581,0,NOT FLIPPED,LOW,1,PIN
75363042,0cc82c20-f65a-11f0-b153-63024d3301e1,Grand Central MHP,15090/254,17,16048,254,NOT FLIPPED,,0,,,,0,0,,NO-DRAWS,,REPORTED-ONLY
75369601,1615c3a0-f65a-11f0-b153-63024d3301e1,Grand Central MHP,15090/254,4,15090,254,FLIPPED,,960,MED,-73,edge,1,784,FLIPPED,LOW,2,PIN
70266463,1ee75c40-ad3b-11f0-98a7-c3bc57f9afe3,Grand Central MHP,15090/254,24,16185,314,FLIPPED,FLIPPED,6000,MED,127,edge,0,5687,FLIPPED,LOW,,ATTR-OK
72387812,33e21530-ad32-11f0-98a7-c3bc57f9afe3,Grand Central MHP,15090/254,22,16185,314,FLIPPED,,4787,MED,12,edge,36,4264,FLIPPED,LOW,2,PIN
70264484,36b691f0-ad32-11f0-98a7-c3bc57f9afe3,Grand Central MHP,15090/254,14,16185,314,NOT FLIPPED,NOT FLIPPED,198,MED,-212,edge,134,0,NOT FLIPPED,LOW,,ATTR-OK
70265630,487f8dc0-ad3b-11f0-98a7-c3bc57f9afe3,Grand Central MHP,15090/254,1,16048,272,NOT FLIPPED,,0,,,,0,0,,NO-DRAWS,,REPORTED-ONLY
72387549,5e165fa0-ad32-11f0-98a7-c3bc57f9afe3,Grand Central MHP,15090/254,10,15090,254,NOT FLIPPED,,3716,MED,-12,edge,2948,0,NOT FLIPPED,LOW,1,PIN
72387671,792567f0-ad32-11f0-98a7-c3bc57f9afe3,Grand Central MHP,15090/254,15,16022,260,NOT FLIPPED,,5999,MED,-81,edge,5328,2,NOT FLIPPED,LOW,1,PIN
72391384,b3d5bcd0-ad30-11f0-98a7-c3bc57f9afe3,Grand Central MHP,15090/254,21,16048,272,UNKNOWN,,0,,,,0,0,,NO-DRAWS,,NO-DATA
72380338,b9a04810-ad30-11f0-98a7-c3bc57f9afe3,Grand Central MHP,15090/254,2,15090,254,FLIPPED,,5994,MED,-10,edge,0,5209,FLIPPED,LOW,2,PIN
72391376,be6f8360-ad30-11f0-98a7-c3bc57f9afe3,Grand Central MHP,15090/254,12,16185,314,FLIPPED,,5999,MED,89,edge,3,5395,FLIPPED,LOW,2,PIN
72387176,c0e935f0-ad30-11f0-98a7-c3bc57f9afe3,Grand Central MHP,15090/254,7,16185,314,NOT FLIPPED,,368,MED,133,edge,336,1,NOT FLIPPED,LOW,1,PIN
70262454,cb597b80-ad30-11f0-98a7-c3bc57f9afe3,Grand Central MHP,15090/254,20,16131,296,FLIPPED,FLIPPED,6000,MED,-644,edge,603,4162,FLIPPED,LOW,,ATTR-OK
72392689,34d503d0-9a72-11f0-b5af-5dfa9891b485,East Barre MHP,362/209,4,362,209,FLIPPED,,5999,MED,,,0,0,,AMBIGUOUS-ZERO,,AMBIGUOUS-ZERO
70260490,85c71b30-aabb-11f0-98a7-c3bc57f9afe3,East Barre MHP,362/209,6,362,209,FLIPPED,,6000,MED,,,0,0,,AMBIGUOUS-ZERO,,AMBIGUOUS-ZERO
70263494,893789d0-aabb-11f0-98a7-c3bc57f9afe3,East Barre MHP,362/209,5,362,209,FLIPPED,,5999,MED,,,0,0,,AMBIGUOUS-ZERO,,AMBIGUOUS-ZERO
70268691,893ea720-a939-11f0-98a7-c3bc57f9afe3,East Barre MHP,362/209,2,16022,260,FLIPPED,FLIPPED,6000,MED,-141,edge,1,5170,FLIPPED,LOW,,ATTR-OK
72391632,a557a260-a95a-11f0-98a7-c3bc57f9afe3,East Barre MHP,362/209,7,362,209,FLIPPED,,5999,MED,,,0,0,,AMBIGUOUS-ZERO,,AMBIGUOUS-ZERO
70259864,bedb8870-aabb-11f0-98a7-c3bc57f9afe3,East Barre MHP,362/209,3,16185,314,FLIPPED,FLIPPED,6000,MED,-354,edge,0,2629,FLIPPED,LOW,,ATTR-OK
79460992,2fbf4ec0-39d5-11f1-b198-172a4a9f25c9,Kay Bee Mobile Villa MHP,16131/296,58,16185,314,NOT FLIPPED,,5998,MED,78,edge,5678,0,NOT FLIPPED,LOW,1,PIN
75373512,1836eb50-f23b-11f0-8900-8bd481ce9a44,Kay Bee Mobile Villa MHP,16131/296,47,16131,296,FLIPPED,,2360,MED,-48,edge,0,2101,FLIPPED,LOW,2,PIN
72723978,4c65af10-f23b-11f0-8900-8bd481ce9a44,Kay Bee Mobile Villa MHP,16131/296,80,16131,296,NOT FLIPPED,,5998,MED,380,edge,1701,822,NOT FLIPPED,LOW,1,PIN
79462832,ef8a5140-39d6-11f1-b198-172a4a9f25c9,Kay Bee Mobile Villa MHP,16131/296,63,16185,314,FLIPPED,FLIPPED,6000,MED,7,edge,5,5701,FLIPPED,LOW,,ATTR-OK
75368058,7ac37ef0-f23b-11f0-8900-8bd481ce9a44,Kay Bee Mobile Villa MHP,16131/296,91,16131,296,NOT FLIPPED,,6000,MED,40,edge,5182,2,NOT FLIPPED,LOW,1,PIN
75361673,7af91870-f23c-11f0-8900-8bd481ce9a44,Kay Bee Mobile Villa MHP,16131/296,85,16165,302,FLIPPED,,0,,,,0,0,,NO-DRAWS,,REPORTED-ONLY
79461289,ad479870-3a93-11f1-b198-172a4a9f25c9,Kay Bee Mobile Villa MHP,16131/296,56,16131,296,FLIPPED,,6000,MED,-25,edge,0,5216,FLIPPED,LOW,2,PIN
79461065,b2302820-3a93-11f1-b198-172a4a9f25c9,Kay Bee Mobile Villa MHP,16131/296,50,16131,296,FLIPPED,,6000,MED,1,edge,0,5633,FLIPPED,LOW,2,PIN
79463145,b3c5e350-3a93-11f1-b198-172a4a9f25c9,Kay Bee Mobile Villa MHP,16131/296,57,16131,296,FLIPPED,,6000,MED,35,edge,1,5590,FLIPPED,LOW,2,PIN
75360709,406541b0-f23d-11f0-8900-8bd481ce9a44,Kay Bee Mobile Villa MHP,16131/296,87,16131,296,NOT FLIPPED,,6000,MED,-98,edge,5633,1,NOT FLIPPED,LOW,1,PIN
79463111,f21178a0-3a97-11f1-b198-172a4a9f25c9,Kay Bee Mobile Villa MHP,16131/296,46,16131,296,FLIPPED,,6000,MED,-67,edge,0,5846,FLIPPED,LOW,2,PIN
70260599,7ff45740-62a9-11f0-8658-7f4e94e41769,Kay Bee Mobile Villa MHP,16131/296,78,16131,296,FLIPPED,,5993,MED,-42,edge,0,4821,FLIPPED,LOW,2,PIN
72389883,544bfb00-8385-11f0-8b4a-0d0197d44616,Kay Bee Mobile Villa MHP,16131/296,99,16131,296,FLIPPED,,3706,MED,66,edge,7,3205,FLIPPED,LOW,2,PIN
72388505,582dbe80-8384-11f0-8b4a-0d0197d44616,Kay Bee Mobile Villa MHP,16131/296,54,16131,296,NOT FLIPPED,,6000,MED,-81,edge,5156,31,NOT FLIPPED,LOW,1,PIN
72392838,6426dad0-8430-11f0-8b4a-0d0197d44616,Kay Bee Mobile Villa MHP,16131/296,81,16131,296,UNKNOWN,,6000,HIGH,-169600,largest,0,0,no draws,NO-DRAWS,,NO-DRAWS
72382953,afcea020-8436-11f0-8b4a-0d0197d44616,Kay Bee Mobile Villa MHP,16131/296,15,16131,296,FLIPPED,FLIPPED,2348,MED,1564,edge,0,2231,FLIPPED,LOW,,ATTR-OK
72389057,0d75e980-8465-11f0-8b4a-0d0197d44616,Kay Bee Mobile Villa MHP,16131/296,86,16131,296,NOT FLIPPED,,1446,MED,-106,edge,1282,5,NOT FLIPPED,LOW,1,PIN
72385725,6127dcc0-845e-11f0-8b4a-0d0197d44616,Kay Bee Mobile Villa MHP,16131/296,97,16131,296,FLIPPED,,0,,,,0,0,,NO-DRAWS,,REPORTED-ONLY
72390105,4051a1c0-84a4-11f0-8b4a-0d0197d44616,Kay Bee Mobile Villa MHP,16131/296,,16131,296,FLIPPED,,6000,HIGH,-2048,largest,45,76,ambiguous,NO-DRAWS,,NO-DRAWS
72717665,a804bdd0-c431-11f0-9842-6d029661c338,Kay Bee Mobile Villa MHP,16131/296,3,16131,296,FLIPPED,,6000,MED,-170,edge,1,5306,FLIPPED,LOW,2,PIN
72721444,ac836820-c431-11f0-9842-6d029661c338,Kay Bee Mobile Villa MHP,16131/296,88,16131,296,NOT FLIPPED,,3616,MED,24,edge,3061,0,NOT FLIPPED,LOW,1,PIN
72721584,b5972af0-c431-11f0-9842-6d029661c338,Kay Bee Mobile Villa MHP,16131/296,66,16185,314,FLIPPED,,276,MED,-532,edge,2,0,no draws,NO-DRAWS,,NO-DRAWS
72720735,d6763cc0-c431-11f0-9842-6d029661c338,Kay Bee Mobile Villa MHP,16131/296,71,16131,296,FLIPPED,,6000,MED,-103,edge,25,5201,FLIPPED,LOW,2,PIN
72718531,e483cd50-c431-11f0-9842-6d029661c338,Kay Bee Mobile Villa MHP,16131/296,29,16131,296,FLIPPED,,6000,MED,,,0,0,,AMBIGUOUS-ZERO,,AMBIGUOUS-ZERO
72720834,e87c0990-c431-11f0-9842-6d029661c338,Kay Bee Mobile Villa MHP,16131/296,62,16131,296,FLIPPED,,6000,MED,-585,edge,0,757,FLIPPED,LOW,2,PIN
72719240,e890f120-c431-11f0-9842-6d029661c338,Kay Bee Mobile Villa MHP,16131/296,68,16131,296,FLIPPED,,6000,MED,-94,edge,0,5594,FLIPPED,LOW,2,PIN
70265085,05528b70-c432-11f0-9842-6d029661c338,Kay Bee Mobile Villa MHP,16131/296,74,16185,314,NOT FLIPPED,,3869,MED,116,edge,1650,15,NOT FLIPPED,LOW,1,PIN
72714258,07d5e8b0-c437-11f0-9842-6d029661c338,Kay Bee Mobile Villa MHP,16131/296,106,16131,296,FLIPPED,,6000,MED,111,edge,9,5767,FLIPPED,LOW,2,PIN
72720784,082715f0-c437-11f0-9842-6d029661c338,Kay Bee Mobile Villa MHP,16131/296,67,16131,296,NOT FLIPPED,,5999,MED,72,edge,5700,0,NOT FLIPPED,LOW,1,PIN
72716592,915eae80-c75e-11f0-9842-6d029661c338,Kay Bee Mobile Villa MHP,16131/296,93,16131,296,NOT FLIPPED,,6000,MED,87,edge,5499,0,NOT FLIPPED,LOW,1,PIN
72723168,965a9f20-c75e-11f0-9842-6d029661c338,Kay Bee Mobile Villa MHP,16131/296,94,16165,302,FLIPPED,,6000,MED,-17,edge,44,1969,FLIPPED,LOW,2,PIN
72722210,9bb29270-c75e-11f0-9842-6d029661c338,Kay Bee Mobile Villa MHP,16131/296,101,16131,296,NOT FLIPPED,,5999,MED,56,edge,5532,0,NOT FLIPPED,LOW,1,PIN
72718259,a4560740-c75e-11f0-9842-6d029661c338,Kay Bee Mobile Villa MHP,16131/296,82,16131,296,FLIPPED,,5998,MED,23,edge,1,5347,FLIPPED,LOW,2,PIN
72723044,a96c5db0-c75e-11f0-9842-6d029661c338,Kay Bee Mobile Villa MHP,16131/296,102,16131,296,FLIPPED,,6000,MED,-52,edge,0,4000,FLIPPED,LOW,2,PIN
72722194,b78c8be0-c75e-11f0-9842-6d029661c338,Kay Bee Mobile Villa MHP,16131/296,77,16131,296,FLIPPED,,0,,,,0,0,,NO-DRAWS,,REPORTED-ONLY
72720214,b8003540-c75e-11f0-9842-6d029661c338,Kay Bee Mobile Villa MHP,16131/296,104,16131,296,FLIPPED,,6000,MED,64,edge,0,5990,FLIPPED,LOW,2,PIN
72717624,bff827d0-c75e-11f0-9842-6d029661c338,Kay Bee Mobile Villa MHP,16131/296,98,16131,296,NOT FLIPPED,,6000,MED,22,edge,5561,0,NOT FLIPPED,LOW,1,PIN
72718457,c47f0f80-c75e-11f0-9842-6d029661c338,Kay Bee Mobile Villa MHP,16131/296,100,16131,296,NOT FLIPPED,,6000,MED,64,edge,5499,4,NOT FLIPPED,LOW,1,PIN
72719927,c6259390-c75e-11f0-9842-6d029661c338,Kay Bee Mobile Villa MHP,16131/296,89,16185,314,FLIPPED,FLIPPED,5999,MED,-19,edge,1,4728,FLIPPED,LOW,,ATTR-OK
72716030,c916e720-c75e-11f0-9842-6d029661c338,Kay Bee Mobile Villa MHP,16131/296,84,16131,296,FLIPPED,,6000,MED,-50,edge,7,5618,FLIPPED,LOW,2,PIN
72715859,da351310-c75e-11f0-9842-6d029661c338,Kay Bee Mobile Villa MHP,16131/296,75,16131,296,NOT FLIPPED,,5999,MED,28,edge,5201,0,NOT FLIPPED,LOW,1,PIN
72722061,9f725750-c813-11f0-9842-6d029661c338,Kay Bee Mobile Villa MHP,16131/296,76,16131,296,NOT FLIPPED,,5998,MED,28,edge,5406,0,NOT FLIPPED,LOW,1,PIN
72718481,9f7b7f10-c813-11f0-9842-6d029661c338,Kay Bee Mobile Villa MHP,16131/296,72,16131,296,NOT FLIPPED,,5997,MED,55,edge,5724,0,NOT FLIPPED,LOW,1,PIN
72718994,a2f58aa0-c813-11f0-9842-6d029661c338,Kay Bee Mobile Villa MHP,16131/296,65,16131,296,FLIPPED,,6000,MED,-19,edge,2,5727,FLIPPED,LOW,2,PIN
72715370,a69ee390-c813-11f0-9842-6d029661c338,Kay Bee Mobile Villa MHP,16131/296,26,16131,296,NOT FLIPPED,,6000,MED,-23,edge,5708,2,NOT FLIPPED,LOW,1,PIN
72714043,a6a85970-c813-11f0-9842-6d029661c338,Kay Bee Mobile Villa MHP,16131/296,13,16131,296,NOT FLIPPED,,1615,MED,-374,edge,539,130,NOT FLIPPED,LOW,1,PIN
72719885,aa4c0d10-c813-11f0-9842-6d029661c338,Kay Bee Mobile Villa MHP,16131/296,39,16131,296,NOT FLIPPED,,6000,MED,154,edge,5762,5,NOT FLIPPED,LOW,1,PIN
72720271,ac9e1360-c813-11f0-9842-6d029661c338,Kay Bee Mobile Villa MHP,16131/296,17,16131,296,FLIPPED,,56,,,,0,0,,NO-DRAWS,,NO-DRAWS
72714860,afc3bd60-c813-11f0-9842-6d029661c338,Kay Bee Mobile Villa MHP,16131/296,41,16131,296,FLIPPED,,6000,MED,-162,edge,1,4847,FLIPPED,LOW,2,PIN
72724497,b91ceda0-c813-11f0-9842-6d029661c338,Kay Bee Mobile Villa MHP,16131/296,18,16131,296,NOT FLIPPED,,5999,MED,-57,edge,5209,1,NOT FLIPPED,LOW,1,PIN
72719802,c7760620-c813-11f0-9842-6d029661c338,Kay Bee Mobile Villa MHP,16131/296,22,16131,296,FLIPPED,,1615,MED,104,edge,0,1404,FLIPPED,LOW,2,PIN
72723309,caf91260-c813-11f0-9842-6d029661c338,Kay Bee Mobile Villa MHP,16131/296,43,16131,296,NOT FLIPPED,,5998,MED,153,edge,5254,33,NOT FLIPPED,LOW,1,PIN
72722343,cd39daa0-c813-11f0-9842-6d029661c338,Kay Bee Mobile Villa MHP,16131/296,35,16131,296,NOT FLIPPED,,5999,MED,227,edge,2015,25,NOT FLIPPED,LOW,1,PIN
72719133,d031bde0-c813-11f0-9842-6d029661c338,Kay Bee Mobile Villa MHP,16131/296,83,16131,296,FLIPPED,,5999,MED,70,edge,5,5748,FLIPPED,LOW,2,PIN
72715743,d0c0b770-c813-11f0-9842-6d029661c338,Kay Bee Mobile Villa MHP,16131/296,28,16131,296,FLIPPED,,6000,MED,-929,largest,0,0,no draws,NO-DRAWS,,NO-DRAWS
72719604,d43dd040-c813-11f0-9842-6d029661c338,Kay Bee Mobile Villa MHP,16131/296,11,16131,296,NOT FLIPPED,,6000,MED,6,edge,5800,0,NOT FLIPPED,LOW,1,PIN
72719513,23e42220-c814-11f0-9842-6d029661c338,Kay Bee Mobile Villa MHP,16131/296,19,16131,296,NOT FLIPPED,,5995,MED,116,edge,3326,16,NOT FLIPPED,LOW,1,PIN
72720552,c69e6370-c816-11f0-9842-6d029661c338,Kay Bee Mobile Villa MHP,16131/296,24,16131,296,FLIPPED,,5998,MED,-42,edge,0,5668,FLIPPED,LOW,2,PIN
72716311,dcdf1ad0-c816-11f0-9842-6d029661c338,Kay Bee Mobile Villa MHP,16131/296,64,16131,296,NOT FLIPPED,,5998,MED,10,edge,5319,12,NOT FLIPPED,LOW,1,PIN
72719174,ddc81b40-c816-11f0-9842-6d029661c338,Kay Bee Mobile Villa MHP,16131/296,92,16185,314,FLIPPED,FLIPPED,6000,MED,-66,edge,11,5029,FLIPPED,LOW,,ATTR-OK
72724521,871a1b80-c81c-11f0-9842-6d029661c338,Kay Bee Mobile Villa MHP,16131/296,40,16131,296,NOT FLIPPED,,6000,MED,-5,edge,5909,0,NOT FLIPPED,LOW,1,PIN
72717640,834ae710-cf9b-11f0-9bfa-a7eff651ff22,Kay Bee Mobile Villa MHP,16131/296,36,16131,296,NOT FLIPPED,,6000,MED,64,edge,5567,0,NOT FLIPPED,LOW,1,PIN
72721139,83b7b2a0-cf9b-11f0-9bfa-a7eff651ff22,Kay Bee Mobile Villa MHP,16131/296,49,16131,296,FLIPPED,,6000,MED,-11,edge,0,5716,FLIPPED,LOW,2,PIN
72716899,88ebca40-cf9b-11f0-9bfa-a7eff651ff22,Kay Bee Mobile Villa MHP,16131/296,33,16131,296,NOT FLIPPED,,0,,,,0,0,,NO-DRAWS,,REPORTED-ONLY
72717046,a2595790-cf9b-11f0-9bfa-a7eff651ff22,Kay Bee Mobile Villa MHP,16131/296,70,16131,296,NOT FLIPPED,,6000,MED,10,edge,5750,0,NOT FLIPPED,LOW,1,PIN
72714209,b5685700-cf9b-11f0-9bfa-a7eff651ff22,Kay Bee Mobile Villa MHP,16131/296,7,16131,296,NOT FLIPPED,,5996,MED,-5,edge,5130,0,NOT FLIPPED,LOW,1,PIN
72722269,bf852560-cf9b-11f0-9bfa-a7eff651ff22,Kay Bee Mobile Villa MHP,16131/296,60,16185,314,FLIPPED,FLIPPED,5999,MED,-19,edge,2,4639,FLIPPED,LOW,,ATTR-OK
72721949,c89e6670-cf9b-11f0-9bfa-a7eff651ff22,Kay Bee Mobile Villa MHP,16131/296,69,16131,296,FLIPPED,,6000,MED,-19,edge,0,4647,FLIPPED,LOW,2,PIN
72721956,c8e840b0-cf9b-11f0-9bfa-a7eff651ff22,Kay Bee Mobile Villa MHP,16131/296,53,16131,296,FLIPPED,,5997,MED,-118,edge,164,1950,FLIPPED,LOW,2,PIN
70272073,cbe7ec20-cf9b-11f0-9bfa-a7eff651ff22,Kay Bee Mobile Villa MHP,16131/296,30,16131,296,NOT FLIPPED,,5744,MED,63,edge,5320,0,NOT FLIPPED,LOW,1,PIN
72722087,f0e8bb30-cf9b-11f0-9bfa-a7eff651ff22,Kay Bee Mobile Villa MHP,16131/296,23,16131,296,FLIPPED,,5999,MED,-13,edge,0,5757,FLIPPED,LOW,2,PIN
72722376,1c7c4780-cf9c-11f0-9bfa-a7eff651ff22,Kay Bee Mobile Villa MHP,16131/296,51,16131,296,NOT FLIPPED,,5999,MED,-2,edge,5403,0,NOT FLIPPED,LOW,1,PIN
72715677,acea1610-cf9e-11f0-9bfa-a7eff651ff22,Kay Bee Mobile Villa MHP,16131/296,2,16131,296,NOT FLIPPED,,5999,MED,1,edge,5647,0,NOT FLIPPED,LOW,1,PIN
72719018,3f3430a0-cf9f-11f0-9bfa-a7eff651ff22,Kay Bee Mobile Villa MHP,16131/296,9,16131,296,NOT FLIPPED,,5998,MED,-47,edge,5323,9,NOT FLIPPED,LOW,1,PIN
72722095,49822120-cf9f-11f0-9bfa-a7eff651ff22,Kay Bee Mobile Villa MHP,16131/296,34,16131,296,FLIPPED,,1628,MED,-46,edge,0,1434,FLIPPED,LOW,2,PIN
72720636,12d45d30-cfab-11f0-9bfa-a7eff651ff22,Kay Bee Mobile Villa MHP,16131/296,25,16131,296,FLIPPED,,5999,MED,38,edge,0,5695,FLIPPED,LOW,2,PIN
72716816,13094fe0-cfab-11f0-9bfa-a7eff651ff22,Kay Bee Mobile Villa MHP,16131/296,45,16131,296,FLIPPED,,5999,MED,21,edge,0,5396,FLIPPED,LOW,2,PIN
72714399,257be840-cfab-11f0-9bfa-a7eff651ff22,Kay Bee Mobile Villa MHP,16131/296,44,16131,296,FLIPPED,,6000,MED,-96,edge,178,4425,FLIPPED,LOW,2,PIN
72716907,2e2a3280-cfab-11f0-9bfa-a7eff651ff22,Kay Bee Mobile Villa MHP,16131/296,32,16131,296,FLIPPED,FLIPPED,5999,MED,-246,edge,1,4774,FLIPPED,LOW,,ATTR-OK
70272354,3ba4d1e0-cfab-11f0-9bfa-a7eff651ff22,Kay Bee Mobile Villa MHP,16131/296,10,16131,296,NOT FLIPPED,,5998,MED,-32,edge,5695,0,NOT FLIPPED,LOW,1,PIN
72719976,3bf7acd0-cfab-11f0-9bfa-a7eff651ff22,Kay Bee Mobile Villa MHP,16131/296,96,16131,296,NOT FLIPPED,,6000,MED,-11,edge,5494,2,NOT FLIPPED,LOW,1,PIN
72721279,3fa3ebf0-cfab-11f0-9bfa-a7eff651ff22,Kay Bee Mobile Villa MHP,16131/296,6,16131,296,NOT FLIPPED,,5998,MED,25,edge,5614,1,NOT FLIPPED,LOW,1,PIN
72722004,58e9f410-cfab-11f0-9bfa-a7eff651ff22,Kay Bee Mobile Villa MHP,16131/296,5,16131,296,NOT FLIPPED,,5997,MED,-7,edge,5383,0,NOT FLIPPED,LOW,1,PIN
72720529,5bd33150-cfab-11f0-9bfa-a7eff651ff22,Kay Bee Mobile Villa MHP,16131/296,1,16131,296,FLIPPED,,5998,MED,-118,edge,8,2817,FLIPPED,LOW,2,PIN
72718127,5d1bddf0-cfab-11f0-9bfa-a7eff651ff22,Kay Bee Mobile Villa MHP,16131/296,42,16131,296,FLIPPED,,6000,MED,-119,edge,0,5570,FLIPPED,LOW,2,PIN
72717319,5d904aa0-cfab-11f0-9bfa-a7eff651ff22,Kay Bee Mobile Villa MHP,16131/296,48,16131,296,NOT FLIPPED,,5229,MED,12,edge,4792,0,NOT FLIPPED,LOW,1,PIN
72715412,61540960-cfab-11f0-9bfa-a7eff651ff22,Kay Bee Mobile Villa MHP,16131/296,31,16131,296,FLIPPED,,550,MED,5,edge,0,293,FLIPPED,LOW,2,PIN
70267461,674a3880-cfab-11f0-9bfa-a7eff651ff22,Kay Bee Mobile Villa MHP,16131/296,52,16131,296,FLIPPED,,5999,MED,33,edge,11,5776,FLIPPED,LOW,2,PIN
72720248,940b9670-cfab-11f0-9bfa-a7eff651ff22,Kay Bee Mobile Villa MHP,16131/296,4,16131,296,FLIPPED,,5999,MED,11,edge,0,5512,FLIPPED,LOW,2,PIN
70271653,a4a2b810-cfab-11f0-9bfa-a7eff651ff22,Kay Bee Mobile Villa MHP,16131/296,103,16131,296,FLIPPED,,5999,MED,-21,edge,2,5738,FLIPPED,LOW,2,PIN
72719125,8e8c4400-cfb6-11f0-9bfa-a7eff651ff22,Kay Bee Mobile Villa MHP,16131/296,38,16185,314,FLIPPED,FLIPPED,6000,MED,-61,edge,0,5386,FLIPPED,LOW,,ATTR-OK
75360378,7ccc16f0-4b21-11f1-bc16-b52012ce6db2,Kay Bee Mobile Villa MHP,16131/296,79,16131,296,FLIPPED,,6000,MED,-29,edge,0,5949,FLIPPED,LOW,2,PIN
72385923,0b78eee0-82e2-11f0-8b4a-0d0197d44616,Kay Bee Mobile Villa MHP,16131/296,16,16131,296,FLIPPED,,5998,MED,11,edge,0,5553,FLIPPED,LOW,2,PIN
72717012,f8b57ad0-c431-11f0-9842-6d029661c338,Kay Bee Mobile Villa MHP,16131/296,20,16131,296,FLIPPED,,6000,MED,-17,edge,0,5531,FLIPPED,LOW,2,PIN
72718192,f9fd3460-c813-11f0-9842-6d029661c338,Kay Bee Mobile Villa MHP,16131/296,12,16131,296,NOT FLIPPED,,6000,MED,-20,edge,5825,0,NOT FLIPPED,LOW,1,PIN
72715974,f9fd4ad0-c436-11f0-9842-6d029661c338,Kay Bee Mobile Villa MHP,16131/296,21,16131,296,FLIPPED,,6000,MED,-5,edge,0,5711,FLIPPED,LOW,2,PIN
72714266,fa6d23a0-c436-11f0-9842-6d029661c338,Kay Bee Mobile Villa MHP,16131/296,61,16131,296,FLIPPED,,6000,MED,-19,edge,0,5959,FLIPPED,LOW,2,PIN
72721287,fb10ddb0-c436-11f0-9842-6d029661c338,Kay Bee Mobile Villa MHP,16131/296,59,16131,296,FLIPPED,,5999,MED,-45,edge,0,5707,FLIPPED,LOW,2,PIN
72386665,e5316860-9e53-11f0-b5af-5dfa9891b485,ADU 5 Year Contracts,362/209,ADU1,16128,295,FLIPPED,FLIPPED,6000,MED,-18,edge,1,5400,FLIPPED,LOW,,ATTR-OK
72380536,2b23eea0-ad41-11f0-98a7-c3bc57f9afe3,Highland Terrace,16185/314,45,16185,314,FLIPPED,,5998,MED,130,edge,34,5145,FLIPPED,LOW,2,PIN
75369965,3d645d10-48c9-11f1-bc16-b52012ce6db2,Highland Terrace,16185/314,A,16185,314,NOT FLIPPED,,5999,MED,25,edge,5526,0,NOT FLIPPED,LOW,1,PIN
75364719,40028360-48d0-11f1-bc16-b52012ce6db2,Highland Terrace,16185/314,34,16185,314,FLIPPED,,6000,MED,-68,edge,18,3761,FLIPPED,LOW,2,PIN
75367241,6685ba30-9041-11f1-a1a6-391af391818e,Highland Terrace,16185/314,46,16185,314,NOT FLIPPED,,6000,MED,-78,edge,5413,29,NOT FLIPPED,LOW,1,PIN
75361616,74bb3bd0-48c9-11f1-bc16-b52012ce6db2,Highland Terrace,16185/314,59,16185,314,FLIPPED,,5997,MED,-52,edge,0,5327,FLIPPED,LOW,2,PIN
72384280,df332de0-ad44-11f0-98a7-c3bc57f9afe3,Highland Terrace,16185/314,53,16185,314,NOT FLIPPED,,5799,MED,240,edge,308,42,NOT FLIPPED,LOW,1,PIN
72384397,df50a0f0-ad44-11f0-98a7-c3bc57f9afe3,Highland Terrace,16185/314,11,16185,314,NOT FLIPPED,,5999,MED,-74,edge,5402,8,NOT FLIPPED,LOW,1,PIN
70265176,f6d43560-ad40-11f0-98a7-c3bc57f9afe3,Highland Terrace,16185/314,37,16185,314,FLIPPED,,5999,MED,-39,edge,1,5257,FLIPPED,LOW,2,PIN
75360659,f7509af0-48c8-11f1-bc16-b52012ce6db2,Highland Terrace,16185/314,48,16185,314,FLIPPED,,0,,,,0,0,,NO-DRAWS,,REPORTED-ONLY
72387895,fe61d090-ad44-11f0-98a7-c3bc57f9afe3,Highland Terrace,16185/314,14,16131,296,NOT FLIPPED,,0,,,,0,0,,NO-DRAWS,,REPORTED-ONLY
70266349,8b76f730-62a9-11f0-8658-7f4e94e41769,Roosevelt MHC,16131/296,75,16185,314,FLIPPED,FLIPPED,5999,MED,60,edge,0,5438,FLIPPED,LOW,,ATTR-OK
70265101,91a1f1f0-62a9-11f0-8658-7f4e94e41769,Roosevelt MHC,16131/296,20,16131,296,NOT FLIPPED,NOT FLIPPED,0,,,,0,0,,NO-DRAWS,,ATTR-PRESENT
70260276,90510920-62c3-11f0-8658-7f4e94e41769,Roosevelt MHC,16131/296,132,16131,296,NOT FLIPPED,NOT FLIPPED,5996,MED,-16,edge,5237,2,NOT FLIPPED,LOW,,ATTR-OK
70261217,9b24cb70-62c3-11f0-8658-7f4e94e41769,Roosevelt MHC,16131/296,I,16022,260,NOT FLIPPED,,0,,,,0,0,,NO-DRAWS,,REPORTED-ONLY
70264443,9b6e7ea0-62c3-11f0-8658-7f4e94e41769,Roosevelt MHC,16131/296,74,362,0,FLIPPED,,0,,,,0,0,,NO-DRAWS,,REPORTED-ONLY
70261712,63d6db70-62c5-11f0-8658-7f4e94e41769,Roosevelt MHC,16131/296,93-A,16185,314,NOT FLIPPED,NOT FLIPPED,0,,,,0,0,,NO-DRAWS,,ATTR-PRESENT
72389099,01c8c500-82e2-11f0-8b4a-0d0197d44616,Roosevelt MHC,16131/296,153,16131,296,NOT FLIPPED,,0,,,,0,0,,NO-DRAWS,,REPORTED-ONLY
72388950,09a25a20-82e2-11f0-8b4a-0d0197d44616,Roosevelt MHC,16131/296,149,16131,296,FLIPPED,FLIPPED,12,,,,0,0,,NO-DRAWS,,ATTR-PRESENT
70269509,0697ce70-8380-11f0-8b4a-0d0197d44616,Roosevelt MHC,16131/296,151,16131,296,FLIPPED,FLIPPED,0,,,,0,0,,NO-DRAWS,,ATTR-PRESENT
72392630,744f6380-842d-11f0-8b4a-0d0197d44616,Roosevelt MHC,16131/296,138,16131,296,FLIPPED,FLIPPED,0,,,,0,0,,NO-DRAWS,,ATTR-PRESENT
72385212,88f01490-842f-11f0-8b4a-0d0197d44616,Roosevelt MHC,16131/296,159,16131,296,NOT FLIPPED,NOT FLIPPED,0,,,,0,0,,NO-DRAWS,,ATTR-PRESENT
72392846,678b82d0-84a2-11f0-8b4a-0d0197d44616,Roosevelt MHC,16131/296,141,16131,296,FLIPPED,,0,,,,0,0,,NO-DRAWS,,REPORTED-ONLY
72378589,0006eca0-8496-11f0-8b4a-0d0197d44616,Roosevelt MHC,16131/296,152,16131,296,FLIPPED,FLIPPED,61,,,,0,0,,NO-DRAWS,,NO-DRAWS
72388760,687127e0-84a2-11f0-8b4a-0d0197d44616,Roosevelt MHC,16131/296,R,16131,296,NOT FLIPPED,NOT FLIPPED,0,,,,0,0,,NO-DRAWS,,ATTR-PRESENT
72385147,601acf30-9328-11f0-ac3b-59f8170a8dd3,Roosevelt MHC,16131/296,NOTLOT111,16185,314,FLIPPED,FLIPPED,5641,MED,-51,edge,0,3263,FLIPPED,LOW,,ATTR-OK
75373520,1b1ed920-011a-11f1-8726-d3fa6d0d96af,Roosevelt MHC,16131/296,117,16131,296,FLIPPED,,91,MED,-35,edge,0,0,no draws,NO-DRAWS,,NO-DRAWS
75374023,1f9cc020-011a-11f1-8726-d3fa6d0d96af,Roosevelt MHC,16131/296,21,16131,296,NOT FLIPPED,NOT FLIPPED,41,,,,0,0,,NO-DRAWS,,NO-DRAWS
75373918,22a12680-011a-11f1-8726-d3fa6d0d96af,Roosevelt MHC,16131/296,57,16131,296,NOT FLIPPED,,0,,,,0,0,,NO-DRAWS,,REPORTED-ONLY
75362226,3ad410f0-011a-11f1-8726-d3fa6d0d96af,Roosevelt MHC,16131/296,11,16131,296,UNKNOWN,,0,,,,0,0,,NO-DRAWS,,NO-DATA
75368710,978688f0-011a-11f1-8726-d3fa6d0d96af,Roosevelt MHC,16131/296,34,16131,296,NOT FLIPPED,NOT FLIPPED,0,,,,0,0,,NO-DRAWS,,ATTR-PRESENT
75364024,893e50a0-012b-11f1-8726-d3fa6d0d96af,Roosevelt MHC,16131/296,41,16185,314,FLIPPED,FLIPPED,0,,,,0,0,,NO-DRAWS,,ATTR-PRESENT
75371714,80b5e2a0-0b57-11f1-a3d9-c99c67c82bc1,Roosevelt MHC,16131/296,4,16131,296,FLIPPED,FLIPPED,2144,MED,-46,edge,0,1923,FLIPPED,LOW,,ATTR-OK
75368579,84b37610-0b57-11f1-a3d9-c99c67c82bc1,Roosevelt MHC,16131/296,97,16131,296,FLIPPED,FLIPPED,4702,MED,-84,edge,0,4260,FLIPPED,LOW,,ATTR-OK
75362671,9265ee50-0b57-11f1-a3d9-c99c67c82bc1,Roosevelt MHC,16131/296,9,16185,314,FLIPPED,FLIPPED,0,,,,0,0,,NO-DRAWS,,ATTR-PRESENT
75373991,306bbe90-0b76-11f1-a3d9-c99c67c82bc1,Roosevelt MHC,16131/296,96,16131,296,FLIPPED,FLIPPED,0,,,,0,0,,NO-DRAWS,,ATTR-PRESENT
75362127,399b6dd0-0b76-11f1-a3d9-c99c67c82bc1,Roosevelt MHC,16131/296,105,16185,314,FLIPPED,FLIPPED,0,,,,0,0,,NO-DRAWS,,ATTR-PRESENT
75370948,466c5fb0-0b76-11f1-a3d9-c99c67c82bc1,Roosevelt MHC,16131/296,84,16185,314,NOT FLIPPED,NOT FLIPPED,0,,,,0,0,,NO-DRAWS,,ATTR-PRESENT
75374817,50790170-0b76-11f1-a3d9-c99c67c82bc1,Roosevelt MHC,16131/296,94,16185,314,FLIPPED,,0,,,,0,0,,NO-DRAWS,,REPORTED-ONLY
75360717,014e4190-0c0d-11f1-a3d9-c99c67c82bc1,Roosevelt MHC,16131/296,115,16131,296,NOT FLIPPED,,894,MED,38,edge,731,0,NOT FLIPPED,LOW,1,PIN
75373835,1b181fb0-0c0d-11f1-a3d9-c99c67c82bc1,Roosevelt MHC,16131/296,122,16131,296,FLIPPED,FLIPPED,4271,MED,-4,edge,0,4027,FLIPPED,LOW,,ATTR-OK
75371417,49a479a0-0c0d-11f1-a3d9-c99c67c82bc1,Roosevelt MHC,16131/296,126,16131,296,FLIPPED,FLIPPED,0,,,,0,0,,NO-DRAWS,,ATTR-PRESENT
75373629,4eb774b0-0c0d-11f1-a3d9-c99c67c82bc1,Roosevelt MHC,16131/296,145,16131,296,FLIPPED,FLIPPED,0,,,,0,0,,NO-DRAWS,,ATTR-PRESENT
75370880,0593be00-0c0e-11f1-a3d9-c99c67c82bc1,Roosevelt MHC,16131/296,119,16185,314,FLIPPED,FLIPPED,1792,MED,-105,edge,0,1626,FLIPPED,LOW,,ATTR-OK
75374288,91787340-0c16-11f1-a3d9-c99c67c82bc1,Roosevelt MHC,16131/296,133,16131,296,NOT FLIPPED,NOT FLIPPED,5995,MED,3,edge,5386,2,NOT FLIPPED,LOW,,ATTR-OK
72720842,40a204d0-0c21-11f1-8768-5551e7a34f27,Roosevelt MHC,16131/296,N,16185,314,NOT FLIPPED,NOT FLIPPED,68,MED,547,edge,0,0,no draws,NO-DRAWS,,NO-DRAWS
75364479,51da4870-0c21-11f1-8768-5551e7a34f27,Roosevelt MHC,16131/296,136,16131,296,NOT FLIPPED,NOT FLIPPED,0,,,,0,0,,NO-DRAWS,,ATTR-PRESENT
72723440,7ea98910-0c21-11f1-8768-5551e7a34f27,Roosevelt MHC,16131/296,135,16131,296,UNKNOWN,,0,,,,0,0,,NO-DRAWS,,NO-DATA
75362408,3039a440-0c35-11f1-8768-5551e7a34f27,Roosevelt MHC,16131/296,49,16185,314,NOT FLIPPED,NOT FLIPPED,0,,,,0,0,,NO-DRAWS,,ATTR-PRESENT
75370922,584e4300-0c35-11f1-8768-5551e7a34f27,Roosevelt MHC,16131/296,139,16131,296,FLIPPED,FLIPPED,0,,,,0,0,,NO-DRAWS,,ATTR-PRESENT
75360105,14f3bd60-0c49-11f1-8768-5551e7a34f27,Roosevelt MHC,16131/296,56,16185,314,NOT FLIPPED,NOT FLIPPED,0,,,,0,0,,NO-DRAWS,,ATTR-PRESENT
75363174,1df1d550-0c49-11f1-8768-5551e7a34f27,Roosevelt MHC,16131/296,110,16185,314,NOT FLIPPED,NOT FLIPPED,258,MED,357,edge,3,1,no draws,NO-DRAWS,,NO-DRAWS
75373751,2023d080-0c49-11f1-8768-5551e7a34f27,Roosevelt MHC,16131/296,Q,16131,296,FLIPPED,,5999,MED,-345,edge,44,2193,FLIPPED,LOW,2,PIN
75373561,27f04640-0c49-11f1-8768-5551e7a34f27,Roosevelt MHC,16131/296,33,16185,314,NOT FLIPPED,NOT FLIPPED,0,,,,0,0,,NO-DRAWS,,ATTR-PRESENT
75363372,2863efa0-0c49-11f1-8768-5551e7a34f27,Roosevelt MHC,16131/296,64,16131,296,UNKNOWN,,0,,,,0,0,,NO-DRAWS,,NO-DATA
75368074,4179ed70-0c51-11f1-8768-5551e7a34f27,Roosevelt MHC,16131/296,8,16185,314,FLIPPED,FLIPPED,8,,,,0,0,,NO-DRAWS,,ATTR-PRESENT
72714779,46dd2b60-0c51-11f1-8768-5551e7a34f27,Roosevelt MHC,16131/296,134,16022,260,NOT FLIPPED,NOT FLIPPED,0,,,,0,0,,NO-DRAWS,,ATTR-PRESENT
72714761,4ecda3e0-0c51-11f1-8768-5551e7a34f27,Roosevelt MHC,16131/296,55,16185,314,NOT FLIPPED,FLIPPED,0,,,,0,0,,NO-DRAWS,,ATTR-PRESENT
75370799,4f27d1d0-0c51-11f1-8768-5551e7a34f27,Roosevelt MHC,16131/296,150,16022,260,FLIPPED,,25,,,,0,0,,NO-DRAWS,,REPORTED-ONLY
75362093,5141d830-0c51-11f1-8768-5551e7a34f27,Roosevelt MHC,16131/296,108,16185,314,NOT FLIPPED,,0,,,,0,0,,NO-DRAWS,,REPORTED-ONLY
75374270,53a3e410-0c51-11f1-8768-5551e7a34f27,Roosevelt MHC,16131/296,71,16185,314,FLIPPED,,0,,,,0,0,,NO-DRAWS,,REPORTED-ONLY
75362135,8d2b3760-0c51-11f1-8768-5551e7a34f27,Roosevelt MHC,16131/296,60,16185,314,NOT FLIPPED,NOT FLIPPED,12,,,,0,0,,NO-DRAWS,,ATTR-PRESENT
75371656,8da9dd40-0c51-11f1-8768-5551e7a34f27,Roosevelt MHC,16131/296,65,16185,314,FLIPPED,,0,,,,0,0,,NO-DRAWS,,REPORTED-ONLY
72723952,9960d3a0-0c51-11f1-8768-5551e7a34f27,Roosevelt MHC,16131/296,146,16131,296,FLIPPED,FLIPPED,0,,,,0,0,,NO-DRAWS,,ATTR-PRESENT
75360949,99d01030-0c51-11f1-8768-5551e7a34f27,Roosevelt MHC,16131/296,W,16131,296,FLIPPED,FLIPPED,5998,MED,-652,edge,375,941,FLIPPED,LOW,,ATTR-OK
75371474,5efa28c0-0c91-11f1-8768-5551e7a34f27,Roosevelt MHC,16131/296,31,16131,296,NOT FLIPPED,NOT FLIPPED,0,,,,0,0,,NO-DRAWS,,ATTR-PRESENT
75373983,127ed790-0dcf-11f1-85e5-65eb60735c3d,Roosevelt MHC,16131/296,46,16185,314,NOT FLIPPED,NOT FLIPPED,0,,,,0,0,,NO-DRAWS,,ATTR-PRESENT
75372852,38fcfe30-0dd7-11f1-85e5-65eb60735c3d,Roosevelt MHC,16131/296,H,16131,296,UNKNOWN,,0,,,,0,0,,NO-DRAWS,,NO-DATA
75373538,52240ca0-0dd7-11f1-85e5-65eb60735c3d,Roosevelt MHC,16131/296,35,16131,296,NOT FLIPPED,NOT FLIPPED,5997,MED,-7,edge,5282,0,NOT FLIPPED,LOW,,ATTR-OK
72723929,373b5ec0-0ddc-11f1-85e5-65eb60735c3d,Roosevelt MHC,16131/296,16,16185,314,FLIPPED,FLIPPED,6,,,,0,0,,NO-DRAWS,,ATTR-PRESENT
75360196,205b6120-545c-11f1-b1bb-f3574cce671d,Roosevelt MHC,16131/296,124,16131,296,FLIPPED,,5999,MED,-55,edge,0,5439,FLIPPED,LOW,2,PIN
79462709,3c40cc40-545c-11f1-b1bb-f3574cce671d,Roosevelt MHC,16131/296,123,16131,296,FLIPPED,,0,,,,0,0,,NO-DRAWS,,REPORTED-ONLY
75366540,7a1fcf30-5483-11f1-b1bb-f3574cce671d,Roosevelt MHC,16131/296,91,16131,296,FLIPPED,,6000,MED,,,0,0,,AMBIGUOUS-ZERO,,AMBIGUOUS-ZERO
79455570,8ecc2af0-5483-11f1-b1bb-f3574cce671d,Roosevelt MHC,16131/296,40,16131,296,NOT FLIPPED,NOT FLIPPED,0,,,,0,0,,NO-DRAWS,,ATTR-PRESENT
75365567,8f232490-5483-11f1-b1bb-f3574cce671d,Roosevelt MHC,16131/296,85,16131,296,NOT FLIPPED,,5996,MED,244,edge,105,6,NOT FLIPPED,LOW,1,PIN
75369163,9294a4a0-5483-11f1-b1bb-f3574cce671d,Roosevelt MHC,16131/296,70,16131,296,FLIPPED,FLIPPED,0,,,,0,0,,NO-DRAWS,,ATTR-PRESENT
72390626,83b53110-842d-11f0-8b4a-0d0197d44616,Roosevelt MHC,16131/296,142,16131,296,FLIPPED,FLIPPED,6000,MED,-196,edge,7,374,FLIPPED,LOW,,ATTR-OK
72386798,019299d0-82e2-11f0-8b4a-0d0197d44616,Roosevelt MHC,16131/296,155,16131,296,NOT FLIPPED,NOT FLIPPED,0,,,,0,0,,NO-DRAWS,,ATTR-PRESENT
70263650,a5c13f00-62a0-11f0-8658-7f4e94e41769,Roosevelt MHC,16131/296,130,16022,260,FLIPPED,FLIPPED,5999,MED,84,edge,23,4991,FLIPPED,LOW,,ATTR-OK
70268535,a8e9b910-62a9-11f0-8658-7f4e94e41769,Roosevelt MHC,16131/296,72,16185,314,NOT FLIPPED,NOT FLIPPED,0,,,,0,0,,NO-DRAWS,,ATTR-PRESENT
70271612,b41a6240-62c6-11f0-8658-7f4e94e41769,Roosevelt MHC,16131/296,76,16048,272,NOT FLIPPED,,0,,,,0,0,,NO-DRAWS,,REPORTED-ONLY
70259898,c1eb6990-62c7-11f0-8658-7f4e94e41769,Roosevelt MHC,16131/296,T,16131,296,NOT FLIPPED,NOT FLIPPED,0,,,,0,0,,NO-DRAWS,,ATTR-PRESENT
75360543,e304a100-0132-11f1-8726-d3fa6d0d96af,Roosevelt MHC,16131/296,2,16185,314,FLIPPED,,0,,,,0,0,,NO-DRAWS,,REPORTED-ONLY
72390345,e0287b40-837f-11f0-8b4a-0d0197d44616,Roosevelt MHC,16131/296,5,16131,296,NOT FLIPPED,NOT FLIPPED,0,,,,0,0,,NO-DRAWS,,ATTR-PRESENT
72385741,c67ba160-9e62-11f0-b5af-5dfa9891b485,Roosevelt MHC,16131/296,59,16131,296,FLIPPED,FLIPPED,6000,MED,-106,edge,40,388,FLIPPED,LOW,,ATTR-OK
75372985,d50bb340-0119-11f1-8726-d3fa6d0d96af,Roosevelt MHC,16131/296,118,16131,296,FLIPPED,,0,,,,0,0,,NO-DRAWS,,REPORTED-ONLY
75373389,de175fc0-0119-11f1-8726-d3fa6d0d96af,Roosevelt MHC,16131/296,32,16131,296,NOT FLIPPED,NOT FLIPPED,0,,,,0,0,,NO-DRAWS,,ATTR-PRESENT
75360527,e5889620-0119-11f1-8726-d3fa6d0d96af,Roosevelt MHC,16131/296,10,16131,296,UNKNOWN,,0,,,,0,0,,NO-DRAWS,,NO-DATA
75360758,e5b153d0-0119-11f1-8726-d3fa6d0d96af,Roosevelt MHC,16131/296,121,16131,296,NOT FLIPPED,,0,,,,0,0,,NO-DRAWS,,REPORTED-ONLY
75371342,e9e587a0-0119-11f1-8726-d3fa6d0d96af,Roosevelt MHC,16131/296,81,16131,296,FLIPPED,FLIPPED,0,,,,0,0,,NO-DRAWS,,ATTR-PRESENT
72723697,f073d810-0119-11f1-8726-d3fa6d0d96af,Roosevelt MHC,16131/296,13,16131,296,FLIPPED,FLIPPED,6000,MED,-245,edge,4,4342,FLIPPED,LOW,,ATTR-OK
75374155,e7799b40-011a-11f1-8726-d3fa6d0d96af,Roosevelt MHC,16131/296,68,16185,314,NOT FLIPPED,,5728,MED,396,edge,22,7,NOT FLIPPED,LOW,1,PIN
72714910,fd5cfaf0-011b-11f1-8726-d3fa6d0d96af,Roosevelt MHC,16131/296,86,16131,296,NOT FLIPPED,NOT FLIPPED,152,MED,285,edge,0,0,no draws,NO-DRAWS,,NO-DRAWS
75364628,c01db570-012b-11f1-8726-d3fa6d0d96af,Roosevelt MHC,16131/296,50,16131,296,UNKNOWN,,0,,,,0,0,,NO-DRAWS,,NO-DATA
75367555,a0b7d8b0-5486-11f1-b1bb-f3574cce671d,Roosevelt MHC,16131/296,78,16131,296,FLIPPED,FLIPPED,525,MED,-574,edge,0,0,no draws,NO-DRAWS,,NO-DRAWS
72715628,f7a4c7b0-c75e-11f0-9842-6d029661c338,Roosevelt MHC,16131/296,24,16131,296,NOT FLIPPED,NOT FLIPPED,1755,MED,-96,edge,1532,8,NOT FLIPPED,LOW,,ATTR-OK
75366961,a3a115f0-5486-11f1-b1bb-f3574cce671d,Roosevelt MHC,16131/296,93,16131,296,NOT FLIPPED,NOT FLIPPED,0,,,,0,0,,NO-DRAWS,,ATTR-PRESENT
75369049,a5565420-0b55-11f1-a3d9-c99c67c82bc1,Roosevelt MHC,16131/296,17,16131,296,NOT FLIPPED,NOT FLIPPED,50,MED,478,edge,2,0,no draws,NO-DRAWS,,NO-DRAWS
75372217,b3a44910-0b55-11f1-a3d9-c99c67c82bc1,Roosevelt MHC,16131/296,22,16185,314,FLIPPED,FLIPPED,0,,,,0,0,,NO-DRAWS,,ATTR-PRESENT
75372118,b3d06220-0b55-11f1-a3d9-c99c67c82bc1,Roosevelt MHC,16131/296,44,16185,314,FLIPPED,FLIPPED,0,,,,0,0,,NO-DRAWS,,ATTR-PRESENT
75368603,a971bde0-0b57-11f1-a3d9-c99c67c82bc1,Roosevelt MHC,16131/296,79,16185,314,UNKNOWN,,6,,,,0,0,,NO-DRAWS,,NO-DATA
75360485,e31c2230-0b5a-11f1-a3d9-c99c67c82bc1,Roosevelt MHC,16131/296,160,16131,296,UNKNOWN,,46,MED,-719,largest,0,0,no draws,NO-DRAWS,,NO-DRAWS
75371391,e9777bc0-0b5a-11f1-a3d9-c99c67c82bc1,Roosevelt MHC,16131/296,52,16185,314,FLIPPED,,6,,,,0,0,,NO-DRAWS,,REPORTED-ONLY
75370476,f5a83600-0b5a-11f1-a3d9-c99c67c82bc1,Roosevelt MHC,16131/296,58,16131,296,NOT FLIPPED,NOT FLIPPED,2140,MED,24,edge,1867,0,NOT FLIPPED,LOW,,ATTR-OK
75372332,f08e8ff0-0b75-11f1-a3d9-c99c67c82bc1,Roosevelt MHC,16131/296,100,16185,314,FLIPPED,FLIPPED,1755,MED,68,edge,0,1484,FLIPPED,LOW,,ATTR-OK
75364677,f2be4130-0b75-11f1-a3d9-c99c67c82bc1,Roosevelt MHC,16131/296,99,16131,296,NOT FLIPPED,NOT FLIPPED,264,MED,,,0,0,,AMBIGUOUS-ZERO,,AMBIGUOUS-ZERO
75367712,f5a9c860-0b75-11f1-a3d9-c99c67c82bc1,Roosevelt MHC,16131/296,109,16131,296,FLIPPED,FLIPPED,0,,,,0,0,,NO-DRAWS,,ATTR-PRESENT
75374247,f8e7dc60-0b75-11f1-a3d9-c99c67c82bc1,Roosevelt MHC,16131/296,101,16185,314,NOT FLIPPED,NOT FLIPPED,120,MED,-5248,largest,61,0,NOT FLIPPED,LOW,,ATTR-OK
75367605,cde13150-0b76-11f1-a3d9-c99c67c82bc1,Roosevelt MHC,16131/296,63,16131,296,NOT FLIPPED,,444,MED,187,edge,374,0,NOT FLIPPED,LOW,1,PIN
75372951,e50013b0-0b76-11f1-a3d9-c99c67c82bc1,Roosevelt MHC,16131/296,114,16185,314,NOT FLIPPED,NOT FLIPPED,0,,,,0,0,,NO-DRAWS,,ATTR-PRESENT
75361954,c6200f80-0c21-11f1-8768-5551e7a34f27,Roosevelt MHC,16131/296,L,16131,296,NOT FLIPPED,,4032,MED,41,edge,2954,1,NOT FLIPPED,LOW,1,PIN
75364669,ae89e930-0c40-11f1-8768-5551e7a34f27,Roosevelt MHC,16131/296,147,16131,296,NOT FLIPPED,,6000,HIGH,2048,largest,3,5,no draws,NO-DRAWS,,NO-DRAWS
75372449,b8bd36b0-0c49-11f1-8768-5551e7a34f27,Roosevelt MHC,16131/296,23,16185,314,FLIPPED,FLIPPED,5998,MED,-96,edge,1,5265,FLIPPED,LOW,,ATTR-OK
75370278,b5c84000-0c51-11f1-8768-5551e7a34f27,Roosevelt MHC,16131/296,39,16131,296,NOT FLIPPED,NOT FLIPPED,6000,MED,1628,largest,0,0,no draws,NO-DRAWS,,NO-DRAWS
75371334,c366ed90-0dcf-11f1-85e5-65eb60735c3d,Roosevelt MHC,16131/296,19,16185,314,NOT FLIPPED,NOT FLIPPED,6,,,,0,0,,NO-DRAWS,,ATTR-PRESENT
72724232,fc03f9f0-10da-11f1-be01-6f2b88b3116b,Roosevelt MHC,16131/296,66,16131,296,FLIPPED,FLIPPED,129,MED,-362,edge,0,0,no draws,NO-DRAWS,,NO-DRAWS
75365484,b0abc400-545b-11f1-b1bb-f3574cce671d,Roosevelt MHC,16131/296,95,16131,296,NOT FLIPPED,NOT FLIPPED,170,MED,408,edge,0,0,no draws,NO-DRAWS,,NO-DRAWS
75374643,b9f1ba60-545b-11f1-b1bb-f3574cce671d,Roosevelt MHC,16131/296,88,16131,296,NOT FLIPPED,NOT FLIPPED,0,,,,0,0,,NO-DRAWS,,ATTR-PRESENT
79461321,c0d5cbf0-545b-11f1-b1bb-f3574cce671d,Roosevelt MHC,16131/296,47,16131,296,FLIPPED,FLIPPED,0,,,,0,0,,NO-DRAWS,,ATTR-PRESENT
75361434,c3755600-545b-11f1-b1bb-f3574cce671d,Roosevelt MHC,16131/296,120,16131,296,FLIPPED,,664,MED,-525,edge,0,0,no draws,NO-DRAWS,,NO-DRAWS
79461040,ffea0540-545b-11f1-b1bb-f3574cce671d,Roosevelt MHC,16131/296,106,16131,296,NOT FLIPPED,NOT FLIPPED,26,,,,0,0,,NO-DRAWS,,ATTR-PRESENT
75369791,eeb60030-5483-11f1-b1bb-f3574cce671d,Roosevelt MHC,16131/296,48,16131,296,NOT FLIPPED,NOT FLIPPED,0,,,,0,0,,NO-DRAWS,,ATTR-PRESENT
75366573,f33f7ff0-5483-11f1-b1bb-f3574cce671d,Roosevelt MHC,16131/296,89,16131,296,FLIPPED,,0,,,,0,0,,NO-DRAWS,,REPORTED-ONLY
75367035,f6c683d0-5483-11f1-b1bb-f3574cce671d,Roosevelt MHC,16131/296,87,16131,296,FLIPPED,FLIPPED,0,,,,0,0,,NO-DRAWS,,ATTR-PRESENT
72385980,b6059ca0-8495-11f0-8b4a-0d0197d44616,Roosevelt MHC,16131/296,131,16131,296,FLIPPED,,0,,,,0,0,,NO-DRAWS,,REPORTED-ONLY
72716204,c134aa40-c6c0-11f0-9842-6d029661c338,Roosevelt MHC,16131/296,92,16131,296,FLIPPED,,6,,,,0,0,,NO-DRAWS,,REPORTED-ONLY
65822416,765ed610-b8db-11ef-8f43-73c96c0de66f,Parkwood,16022/260,5191JOHN,16131,296,NOT FLIPPED,,6000,MED,211,edge,5363,1,NOT FLIPPED,LOW,1,PIN
65828652,3f7a65c0-b96b-11ef-8f43-73c96c0de66f,Parkwood,16022/260,5186JOHN,16185,314,NOT FLIPPED,,6000,MED,262,edge,3269,1082,NOT FLIPPED,LOW,1,PIN
65831730,38f8dfa0-bb65-11ef-8f43-73c96c0de66f,Parkwood,16022/260,3389DONNA,16022,260,FLIPPED,FLIPPED,6000,MED,109,edge,12,5635,FLIPPED,LOW,,ATTR-OK
65826797,20805f40-cf72-11ef-8f43-73c96c0de66f,Parkwood,16022/260,5206JOHN,16022,260,FLIPPED,,5996,MED,69,edge,0,5310,FLIPPED,LOW,2,PIN
68588126,556397a0-c7ab-11ef-8f43-73c96c0de66f,Parkwood,16022/260,5188JOHN,16022,260,NOT FLIPPED,NOT FLIPPED,6000,MED,182,edge,5528,36,NOT FLIPPED,LOW,,ATTR-OK
65823406,43e9e7a0-c93f-11ef-8f43-73c96c0de66f,Parkwood,16022/260,3121CINDY,16022,260,FLIPPED,,6000,MED,-410,edge,10,4882,FLIPPED,LOW,2,PIN
65822507,214cd700-cf72-11ef-8f43-73c96c0de66f,Parkwood,16022/260,5213JOHN,16185,314,FLIPPED,,6000,MED,61,edge,20,5580,FLIPPED,LOW,2,PIN
65831607,223cb540-cf72-11ef-8f43-73c96c0de66f,Parkwood,16022/260,5210JASON,16022,260,FLIPPED,,5999,MED,-85,edge,60,5362,FLIPPED,LOW,2,PIN
65823638,227aa8a0-cf72-11ef-8f43-73c96c0de66f,Parkwood,16022/260,3382DONNA,16131,296,NOT FLIPPED,,1289,MED,402,edge,1150,11,NOT FLIPPED,LOW,1,PIN
65826789,469d47d0-c93f-11ef-8f43-73c96c0de66f,Parkwood,16022/260,5210JOHN,16022,260,NOT FLIPPED,,6000,MED,-48,edge,5528,0,NOT FLIPPED,LOW,1,PIN
65824875,10d60cf0-c943-11ef-8f43-73c96c0de66f,Parkwood,16022/260,5189JASON,16185,314,FLIPPED,FLIPPED,0,,,,0,0,,NO-DRAWS,,ATTR-PRESENT
65831276,18ec8400-c943-11ef-8f43-73c96c0de66f,Parkwood,16022/260,5203JASON,16022,260,FLIPPED,,6000,MED,-154,edge,78,5434,FLIPPED,LOW,2,PIN
65828983,194fd9b0-c943-11ef-8f43-73c96c0de66f,Parkwood,16022/260,5209JASON,16131,296,FLIPPED,FLIPPED,6000,MED,63,edge,13,5771,FLIPPED,LOW,,ATTR-OK
65824370,4664bb70-e0d4-11ef-a5fd-a97d57576080,Parkwood,16022/260,3119LINDA,16022,260,FLIPPED,,4742,MED,38,edge,0,4235,FLIPPED,LOW,2,PIN
65827290,6a1bb820-e313-11ef-a5fd-a97d57576080,Parkwood,16022/260,5203JOHN,16185,314,FLIPPED,FLIPPED,6000,MED,119,edge,15,5602,FLIPPED,LOW,,ATTR-OK
65830583,7e5a7850-e721-11ef-bcd4-5bcca9a9134f,Parkwood,16022/260,3112CHARI,16185,314,NOT FLIPPED,,6000,MED,-134,edge,5623,4,NOT FLIPPED,LOW,1,PIN
65825930,78bf6770-027e-11f0-92a4-09772dfb61f8,Parkwood,16022/260,3122LINDA,16022,260,NOT FLIPPED,,6000,MED,17,edge,5573,1,NOT FLIPPED,LOW,1,PIN
65822994,7c378c50-0280-11f0-92a4-09772dfb61f8,Parkwood,16022/260,3115LINDA,16022,260,NOT FLIPPED,,4699,MED,337,edge,355,34,NOT FLIPPED,LOW,1,PIN
77054981,552b8ff0-269b-11f0-8272-45e3ef110760,Parkwood,16022/260,3355DONNA,16022,260,FLIPPED,FLIPPED,5999,MED,29,edge,0,5393,FLIPPED,LOW,,ATTR-OK
65828793,62a90230-3504-11f0-8e55-b138a1c03c8e,Parkwood,16022/260,5191JASON,16022,260,FLIPPED,,0,,,,0,0,,NO-DRAWS,,REPORTED-ONLY
77061580,50e239f0-3cf6-11f0-8e55-b138a1c03c8e,Parkwood,16022/260,5199JOHN,16185,314,FLIPPED,,74,,,,0,0,,NO-DRAWS,,NO-DRAWS
77061291,7f264660-3d9d-11f0-8e55-b138a1c03c8e,Parkwood,16022/260,3398DONNA,16185,314,NOT FLIPPED,,5998,MED,15,edge,5549,0,NOT FLIPPED,LOW,1,PIN
70264815,0dd18c70-5230-11f0-acb1-514e01860b07,Parkwood,16022/260,5214JUSTIN,16185,314,NOT FLIPPED,,8,,,,0,0,,NO-DRAWS,,REPORTED-ONLY
70271364,49e7c800-5230-11f0-acb1-514e01860b07,Parkwood,16022/260,3114CHARI,16185,314,FLIPPED,,6000,MED,159,edge,7,5701,FLIPPED,LOW,2,PIN
70261001,75cd2990-524b-11f0-acb1-514e01860b07,Parkwood,16022/260,3132LINDA,16185,314,FLIPPED,FLIPPED,6000,MED,-97,edge,182,4868,FLIPPED,LOW,,ATTR-OK
70260862,76b5dbe0-524b-11f0-acb1-514e01860b07,Parkwood,16022/260,3250MARY,16022,260,NOT FLIPPED,NOT FLIPPED,6000,MED,-142,edge,5612,26,NOT FLIPPED,LOW,,ATTR-OK
77059428,049be750-52c0-11f0-acb1-514e01860b07,Parkwood,16022/260,3365DONNA,16022,260,NOT FLIPPED,,6000,MED,172,edge,4602,198,NOT FLIPPED,LOW,1,PIN
77059477,18c8b2d0-52c0-11f0-acb1-514e01860b07,Parkwood,16022/260,3393DONNA,16022,260,FLIPPED,FLIPPED,5999,MED,76,edge,4,5689,FLIPPED,LOW,,ATTR-OK
70270846,102fff20-6134-11f0-9fcd-87e94e720126,Parkwood,16022/260,3369DONNA,16048,272,FLIPPED,,0,,,,0,0,,NO-DRAWS,,REPORTED-ONLY
77059766,04a3f9a0-6674-11f0-8658-7f4e94e41769,Parkwood,16022/260,3126CHARI,16022,260,FLIPPED,,5999,MED,60,edge,1,5761,FLIPPED,LOW,2,PIN
70264435,0c4519a0-6674-11f0-8658-7f4e94e41769,Parkwood,16022/260,5205JOHN,16022,260,NOT FLIPPED,,2127,MED,-46,edge,1660,15,NOT FLIPPED,LOW,1,PIN
70258494,14271330-6674-11f0-8658-7f4e94e41769,Parkwood,16022/260,5201JOHN,16022,260,NOT FLIPPED,,5998,MED,125,edge,5288,0,NOT FLIPPED,LOW,1,PIN
70259427,1526f700-6674-11f0-8658-7f4e94e41769,Parkwood,16022/260,3122CHARI,16022,260,NOT FLIPPED,,5998,MED,-124,edge,5823,0,NOT FLIPPED,LOW,1,PIN
70264617,1869c5f0-6674-11f0-8658-7f4e94e41769,Parkwood,16022/260,5214JASON,16022,260,FLIPPED,,0,,,,0,0,,NO-DRAWS,,REPORTED-ONLY
70264625,17305430-6677-11f0-8658-7f4e94e41769,Parkwood,16022/260,5211JUSTIN,16185,314,FLIPPED,,6000,MED,-80,edge,30,5849,FLIPPED,LOW,2,PIN
72384926,2b77c7b0-8383-11f0-8b4a-0d0197d44616,Parkwood,16022/260,3140LINDA,16022,260,NOT FLIPPED,,0,,,,0,0,,NO-DRAWS,,REPORTED-ONLY
72381807,220fb090-9fa1-11f0-b5af-5dfa9891b485,Parkwood,16022/260,3123CINDY,16185,314,FLIPPED,FLIPPED,6000,MED,50,edge,2,5560,FLIPPED,LOW,,ATTR-OK
75369031,503c1680-59f9-11f1-b1bb-f3574cce671d,Parkwood,16022/260,3364-DONNA,16022,260,FLIPPED,,6000,MED,74,edge,84,5402,FLIPPED,LOW,2,PIN
75367829,6d548690-59fd-11f1-b1bb-f3574cce671d,Parkwood,16022/260,5204JUSTIN,16022,260,FLIPPED,,5998,MED,-159,edge,48,5397,FLIPPED,LOW,2,PIN
75375004,52c5f5b0-59f9-11f1-b1bb-f3574cce671d,Parkwood,16022/260,3366DONNA,16022,260,FLIPPED,,0,,,,0,0,,NO-DRAWS,,REPORTED-ONLY
75365765,53a929c0-59f9-11f1-b1bb-f3574cce671d,Parkwood,16022/260,3247MARY,16022,260,FLIPPED,,6000,MED,14,edge,0,5674,FLIPPED,LOW,2,PIN
75362739,63e225d0-59f9-11f1-b1bb-f3574cce671d,Parkwood,16022/260,3248MARY,16022,260,FLIPPED,,6000,MED,-30,edge,0,5550,FLIPPED,LOW,2,PIN
79467997,6b6b7810-59f9-11f1-b1bb-f3574cce671d,Parkwood,16022/260,3376DONNA,16022,260,NOT FLIPPED,,6000,MED,14,edge,5746,0,NOT FLIPPED,LOW,1,PIN
75362424,6db31e20-59f9-11f1-b1bb-f3574cce671d,Parkwood,16022/260,3378DONNA,16022,260,NOT FLIPPED,,6000,MED,169,edge,5320,56,NOT FLIPPED,LOW,1,PIN
75369254,47ab8cb0-5483-11f1-b1bb-f3574cce671d,Parkwood,16022/260,3101LINDA,16022,260,FLIPPED,,6000,MED,15,edge,0,5776,FLIPPED,LOW,2,PIN
75366862,51788d60-5483-11f1-b1bb-f3574cce671d,Parkwood,16022/260,5196JOHN,16185,314,NOT FLIPPED,,6000,MED,-163,edge,5413,21,NOT FLIPPED,LOW,1,PIN
75368769,60dcd450-5483-11f1-b1bb-f3574cce671d,Parkwood,16022/260,5194JASON,16022,260,FLIPPED,,5998,MED,-87,edge,41,3995,FLIPPED,LOW,2,PIN
75361624,14d92ff0-59fa-11f1-b1bb-f3574cce671d,Parkwood,16022/260,5196JUSTIN,16185,314,FLIPPED,,5999,MED,-88,edge,94,5266,FLIPPED,LOW,2,PIN
75369122,3ff3e2c0-59fa-11f1-b1bb-f3574cce671d,Parkwood,16022/260,3249MARY,16022,260,UNKNOWN,,0,,,,0,0,,NO-DRAWS,,NO-DATA
65831334,f530a270-b967-11ef-8f43-73c96c0de66f,Parkwood,16022/260,5209JOHN,16022,260,NOT FLIPPED,,11,,,,0,0,,NO-DRAWS,,REPORTED-ONLY
65828488,d85c2520-b9a3-11ef-8f43-73c96c0de66f,Parkwood,16022/260,3406DONNA,16022,260,FLIPPED,,4418,MED,-59,edge,2,4054,FLIPPED,LOW,2,PIN
65827928,9d97acd0-cf6e-11ef-8f43-73c96c0de66f,Parkwood,16022/260,5198JOHN,16185,314,FLIPPED,FLIPPED,3931,MED,91,edge,16,3645,FLIPPED,LOW,,ATTR-OK
65831631,9ea99200-cf6e-11ef-8f43-73c96c0de66f,Parkwood,16022/260,5211JASON,16185,314,NOT FLIPPED,NOT FLIPPED,5998,MED,9,edge,5778,0,NOT FLIPPED,LOW,,ATTR-OK
68612504,fe98d040-c730-11ef-8f43-73c96c0de66f,Parkwood,16022/260,5213JUSTIN,16022,260,NOT FLIPPED,,5998,MED,-89,edge,5779,6,NOT FLIPPED,LOW,1,PIN
68612587,bed17190-c746-11ef-8f43-73c96c0de66f,Parkwood,16022/260,5201JASON,16022,260,FLIPPED,,6000,MED,247,edge,0,5972,FLIPPED,LOW,2,PIN
68584471,b42bab30-c795-11ef-8f43-73c96c0de66f,Parkwood,16022/260,5216JUSTIN,16185,314,FLIPPED,,2056,MED,-109,edge,0,1822,FLIPPED,LOW,2,PIN
65826979,9f224b40-c7a9-11ef-8f43-73c96c0de66f,Parkwood,16022/260,3107LINDA,16185,314,FLIPPED,FLIPPED,6000,MED,-1138,largest,1333,2319,ambiguous,NO-DRAWS,,NO-DRAWS
65829296,f0c22fe0-e0e7-11ef-a5fd-a97d57576080,Parkwood,16022/260,3396DONNA,16022,260,FLIPPED,,5999,MED,162,edge,2,5541,FLIPPED,LOW,2,PIN
65825740,acda0ee0-e32d-11ef-a5fd-a97d57576080,Parkwood,16022/260,5205JASON,16185,314,NOT FLIPPED,NOT FLIPPED,6000,MED,8,edge,5732,1,NOT FLIPPED,LOW,,ATTR-OK
65824545,9f723a40-01e4-11f0-92a4-09772dfb61f8,Parkwood,16022/260,5215JOHN,16185,314,NOT FLIPPED,,6000,MED,26,edge,5569,37,NOT FLIPPED,LOW,1,PIN
65826292,802c39d0-01f6-11f0-92a4-09772dfb61f8,Parkwood,16022/260,3394DONNA,16022,260,NOT FLIPPED,,889,MED,-464,edge,280,218,ambiguous,NO-DRAWS,,NO-DRAWS
65827647,b19a6430-1ba3-11f0-8272-45e3ef110760,Parkwood,16022/260,3367DONNA,16022,260,NOT FLIPPED,,5996,MED,110,edge,4944,8,NOT FLIPPED,LOW,1,PIN
65828447,b2e2c2b0-1ba3-11f0-8272-45e3ef110760,Parkwood,16022/260,5190JOHN,16185,314,FLIPPED,FLIPPED,6000,MED,-15,edge,56,5477,FLIPPED,LOW,,ATTR-OK
65826219,e036dae0-35a6-11f0-8e55-b138a1c03c8e,Parkwood,16022/260,5196JASON,16185,314,UNKNOWN,,0,,,,0,0,,NO-DRAWS,,NO-DATA
77061192,e596bd70-35a6-11f0-8e55-b138a1c03c8e,Parkwood,16022/260,5198JUSTIN,16022,260,NOT FLIPPED,,6000,MED,144,edge,5557,23,NOT FLIPPED,LOW,1,PIN
77057547,fa53bb00-3a88-11f0-8e55-b138a1c03c8e,Parkwood,16022/260,5197JASON,16022,260,FLIPPED,,5998,MED,-55,edge,6,5543,FLIPPED,LOW,2,PIN
77042119,839698d0-3d9d-11f0-8e55-b138a1c03c8e,Parkwood,16022/260,3102LINDA,16022,260,NOT FLIPPED,,5999,MED,63,edge,5670,0,NOT FLIPPED,LOW,1,PIN
70260946,de9fe840-5223-11f0-acb1-514e01860b07,Parkwood,16022/260,3109CINDY,16022,260,FLIPPED,,6000,MED,152,edge,5,5759,FLIPPED,LOW,2,PIN
77058883,fc5d7850-522f-11f0-acb1-514e01860b07,Parkwood,16022/260,5212JASON,16185,314,NOT FLIPPED,,5999,MED,-4,edge,954,169,NOT FLIPPED,LOW,1,PIN
70270754,d30a9390-5237-11f0-acb1-514e01860b07,Parkwood,16022/260,5198JASON,16022,260,FLIPPED,,5999,MED,-75,edge,19,5455,FLIPPED,LOW,2,PIN
70260532,dd5501a0-5237-11f0-acb1-514e01860b07,Parkwood,16022/260,5212JUSTIN,16022,260,FLIPPED,,2277,MED,4,edge,0,2053,FLIPPED,LOW,2,PIN
70265390,8cc71ed0-524b-11f0-acb1-514e01860b07,Parkwood,16022/260,3247MARY,16185,314,NOT FLIPPED,,5999,MED,-1,edge,5681,0,NOT FLIPPED,LOW,1,PIN
70270333,8ce5a350-524b-11f0-acb1-514e01860b07,Parkwood,16022/260,3111LINDA,16185,314,NOT FLIPPED,,6000,MED,-62,edge,5637,2,NOT FLIPPED,LOW,1,PIN
77059196,931bc1a0-524b-11f0-acb1-514e01860b07,Parkwood,16022/260,3246MARY,16022,260,NOT FLIPPED,NOT FLIPPED,3627,MED,190,edge,1915,0,NOT FLIPPED,LOW,,ATTR-OK
70267271,f578a100-52bf-11f0-acb1-514e01860b07,Parkwood,16022/260,3358DONNA,16185,314,FLIPPED,FLIPPED,6000,MED,-84,edge,10,4997,FLIPPED,LOW,,ATTR-OK
70270697,a7755b50-52c0-11f0-acb1-514e01860b07,Parkwood,16022/260,3231MARY,16185,314,FLIPPED,,6000,MED,34,edge,38,5669,FLIPPED,LOW,2,PIN
77059592,dd98d970-52dc-11f0-acb1-514e01860b07,Parkwood,16022/260,3130CHARI,16022,260,FLIPPED,,4660,MED,53,edge,42,4217,FLIPPED,LOW,2,PIN
70268444,fa3f6390-6133-11f0-9fcd-87e94e720126,Parkwood,16022/260,3404DONNA,16048,272,NOT FLIPPED,,0,,,,0,0,,NO-DRAWS,,REPORTED-ONLY
70268600,f873d230-626e-11f0-8658-7f4e94e41769,Parkwood,16022/260,3127CINDY,16022,260,FLIPPED,,6000,MED,-37,edge,0,5739,FLIPPED,LOW,2,PIN
70263734,b9670790-629d-11f0-8658-7f4e94e41769,Parkwood,16022/260,5210JUSTIN,16022,260,NOT FLIPPED,,5999,MED,-88,edge,5790,6,NOT FLIPPED,LOW,1,PIN
70271331,b4dfc3b0-666c-11f0-8658-7f4e94e41769,Parkwood,16022/260,5207JUSTIN,16185,314,NOT FLIPPED,,5999,MED,101,edge,4826,159,NOT FLIPPED,LOW,1,PIN
70266935,e442ce90-666c-11f0-8658-7f4e94e41769,Parkwood,16022/260,3135LINDA,16022,260,FLIPPED,,5999,MED,-297,edge,0,5715,FLIPPED,LOW,2,PIN
70273485,8999dad0-666f-11f0-8658-7f4e94e41769,Parkwood,16022/260,3111CINDY,16185,314,NOT FLIPPED,NOT FLIPPED,295,MED,526,edge,263,4,NOT FLIPPED,LOW,,ATTR-OK
70273444,8a330d90-666f-11f0-8658-7f4e94e41769,Parkwood,16022/260,5215JUSTIN,16185,314,FLIPPED,,5999,MED,155,edge,20,5416,FLIPPED,LOW,2,PIN
70263957,93258cc0-666f-11f0-8658-7f4e94e41769,Parkwood,16022/260,3117CINDY,16185,314,UNKNOWN,,0,,,,0,0,,NO-DRAWS,,NO-DATA
70263254,93a08920-666f-11f0-8658-7f4e94e41769,Parkwood,16022/260,5189JUSTIN,16185,314,FLIPPED,,6000,MED,,,0,0,,AMBIGUOUS-ZERO,,AMBIGUOUS-ZERO
70259906,fa9a36b0-6676-11f0-8658-7f4e94e41769,Parkwood,16022/260,5188JASON,16185,314,FLIPPED,FLIPPED,5547,MED,,,0,0,,AMBIGUOUS-ZERO,,AMBIGUOUS-ZERO
70258379,fc755f50-6676-11f0-8658-7f4e94e41769,Parkwood,16022/260,5203JUSTIN,16185,314,NOT FLIPPED,,5997,MED,90,edge,3128,42,NOT FLIPPED,LOW,1,PIN
70263270,e401a7e0-aabd-11f0-98a7-c3bc57f9afe3,Parkwood,16022/260,3130LINDA,16022,260,FLIPPED,,6000,MED,-33,edge,0,5792,FLIPPED,LOW,2,PIN
75369114,94564b30-59fc-11f1-b1bb-f3574cce671d,Parkwood,16022/260,3400DONNA,16022,260,FLIPPED,,6000,MED,-9,edge,0,5663,FLIPPED,LOW,2,PIN
79460539,ab85cf60-59fc-11f1-b1bb-f3574cce671d,Parkwood,16022/260,3362DONNA,16022,260,FLIPPED,,5999,MED,-395,edge,29,2262,FLIPPED,LOW,2,PIN
75369312,a25feeb0-59fd-11f1-b1bb-f3574cce671d,Parkwood,16022/260,5190JUSTIN,16022,260,FLIPPED,,137,,,,0,0,,NO-DRAWS,,NO-DRAWS
75371995,88aa0a90-59f9-11f1-b1bb-f3574cce671d,Parkwood,16022/260,3386DONNA,16022,260,NOT FLIPPED,,3768,MED,-188,edge,3135,36,NOT FLIPPED,LOW,1,PIN
79453724,96f89bc0-59f9-11f1-b1bb-f3574cce671d,Parkwood,16022/260,3359DONNA,16022,260,FLIPPED,,6000,MED,66,edge,19,5597,FLIPPED,LOW,2,PIN
75360915,8b947f90-5483-11f1-b1bb-f3574cce671d,Parkwood,16022/260,3104LINDA,16022,260,FLIPPED,,6000,MED,13,edge,0,5556,FLIPPED,LOW,2,PIN
75373736,b0159810-59f9-11f1-b1bb-f3574cce671d,Parkwood,16022/260,5188JUSTIN,16022,260,NOT FLIPPED,,642,MED,-116,edge,559,11,NOT FLIPPED,LOW,1,PIN
75374445,d356b5c0-59f9-11f1-b1bb-f3574cce671d,Parkwood,16022/260,3398DONNA,16022,260,FLIPPED,,5998,MED,-44,edge,0,5538,FLIPPED,LOW,2,PIN
75368447,d1ebda60-5483-11f1-b1bb-f3574cce671d,Parkwood,16022/260,3126LINDA,16022,260,FLIPPED,,6000,MED,61,edge,30,5603,FLIPPED,LOW,2,PIN
79466627,eb73cd80-5483-11f1-b1bb-f3574cce671d,Parkwood,16022/260,3402DONNA,16022,260,NOT FLIPPED,,5997,MED,137,edge,5236,103,NOT FLIPPED,LOW,1,PIN
79462816,0b43a350-39d7-11f1-b198-172a4a9f25c9,Backcountry MHC,15154/260,35,15154,260,FLIPPED,FLIPPED,6000,MED,91,edge,0,5692,FLIPPED,LOW,,ATTR-OK
65830039,4cb31950-e58d-11ef-a76f-4d93d4a482f0,Backcountry MHC,15154/260,22,16185,314,NOT FLIPPED,NOT FLIPPED,6000,MED,17,edge,5758,4,NOT FLIPPED,LOW,,ATTR-OK
79462568,ea1d9d70-39d6-11f1-b198-172a4a9f25c9,Backcountry MHC,15154/260,44,16022,260,FLIPPED,FLIPPED,14,,,,0,0,,NO-DRAWS,,ATTR-PRESENT
79461396,f0085ae0-39d6-11f1-b198-172a4a9f25c9,Backcountry MHC,15154/260,5728-46,16185,314,FLIPPED,,16,,,,0,0,,NO-DRAWS,,REPORTED-ONLY
79461172,f3981150-39d6-11f1-b198-172a4a9f25c9,Backcountry MHC,15154/260,3,15154,260,NOT FLIPPED,NOT FLIPPED,5996,MED,,,0,0,,AMBIGUOUS-ZERO,,AMBIGUOUS-ZERO
79463483,fe9554a0-39d6-11f1-b198-172a4a9f25c9,Backcountry MHC,15154/260,19,16185,314,FLIPPED,FLIPPED,0,,,,0,0,,NO-DRAWS,,ATTR-PRESENT
72390907,b0d268b0-837f-11f0-8b4a-0d0197d44616,Riley Lane,15154/260,10,15154,260,NOT FLIPPED,NOT FLIPPED,5999,MED,4,edge,5611,0,NOT FLIPPED,LOW,,ATTR-OK
79460729,f9112130-39d6-11f1-b198-172a4a9f25c9,Riley Lane,15154/260,8,15154,260,FLIPPED,FLIPPED,6000,MED,-526,edge,68,2330,FLIPPED,LOW,,ATTR-OK
79460885,e6a25960-39d6-11f1-b198-172a4a9f25c9,Fair Lane MHC,15154/260,24,15154,260,FLIPPED,,6000,MED,-98,edge,15,5725,FLIPPED,LOW,2,PIN
79463137,f4041990-39d6-11f1-b198-172a4a9f25c9,Fair Lane MHC,15154/260,21,16131,296,FLIPPED,FLIPPED,5588,MED,1,edge,4,4323,FLIPPED,LOW,,ATTR-OK
65823448,2c11d3a0-b976-11ef-8f43-73c96c0de66f,Fair Meadows MHC,16022/260,251,16022,260,FLIPPED,FLIPPED,5997,MED,-63,edge,0,5328,FLIPPED,LOW,,ATTR-OK
65828942,a34a4dd0-cf6f-11ef-8f43-73c96c0de66f,Fair Meadows MHC,16022/260,177,16022,260,FLIPPED,,0,,,,0,0,,NO-DRAWS,,REPORTED-ONLY
65823331,a24eb820-be4a-11ef-8f43-73c96c0de66f,Fair Meadows MHC,16022/260,105,16022,260,FLIPPED,,6000,MED,-116,edge,0,5526,FLIPPED,LOW,2,PIN
65831722,0fb16310-c943-11ef-8f43-73c96c0de66f,Fair Meadows MHC,16022/260,6155,16022,260,FLIPPED,,6000,MED,-131,edge,0,5806,FLIPPED,LOW,2,PIN
65829171,95d0af20-e313-11ef-a5fd-a97d57576080,Fair Meadows MHC,16022/260,190,16022,260,NOT FLIPPED,,0,,,,0,0,,NO-DRAWS,,REPORTED-ONLY
65826011,6698a180-e5a8-11ef-a76f-4d93d4a482f0,Fair Meadows MHC,16022/260,115,16022,260,FLIPPED,,6000,MED,-123,edge,0,5221,FLIPPED,LOW,2,PIN
65830005,3458f340-ea2c-11ef-b35e-23eef2ba43da,Fair Meadows MHC,16022/260,173,16022,260,FLIPPED,,6000,MED,-15,edge,0,5441,FLIPPED,LOW,2,PIN
65827365,5a9a0c00-fedc-11ef-8b47-3b1189d492f9,Fair Meadows MHC,16022/260,186,16022,260,FLIPPED,,5999,MED,-98,edge,0,4651,FLIPPED,LOW,2,PIN
65830021,d45ef800-01fe-11f0-92a4-09772dfb61f8,Fair Meadows MHC,16022/260,6151,16022,260,FLIPPED,,6000,MED,-36,edge,0,5531,FLIPPED,LOW,2,PIN
77053926,568985c0-3cf6-11f0-8e55-b138a1c03c8e,Fair Meadows MHC,16022/260,250,16022,260,FLIPPED,,6000,MED,-242,edge,0,5748,FLIPPED,LOW,2,PIN
65827092,a16ab490-3d9d-11f0-8e55-b138a1c03c8e,Fair Meadows MHC,16022/260,201,16022,260,FLIPPED,,5998,MED,-39,edge,0,5154,FLIPPED,LOW,2,PIN
77053793,59d2b4b0-3da3-11f0-8e55-b138a1c03c8e,Fair Meadows MHC,16022/260,235,16022,260,NOT FLIPPED,,6000,MED,418,edge,5008,0,NOT FLIPPED,LOW,1,PIN
77062125,835ecd30-4151-11f0-8e55-b138a1c03c8e,Fair Meadows MHC,16022/260,101,16022,260,FLIPPED,,4466,MED,-150,edge,0,3387,FLIPPED,LOW,2,PIN
77041293,8ccf7d10-4151-11f0-8e55-b138a1c03c8e,Fair Meadows MHC,16022/260,157,16022,260,NOT FLIPPED,,5999,MED,152,edge,5154,0,NOT FLIPPED,LOW,1,PIN
77052084,8d2d5480-4151-11f0-8e55-b138a1c03c8e,Fair Meadows MHC,16022/260,162,16022,260,FLIPPED,,16,,,,0,0,,NO-DRAWS,,REPORTED-ONLY
77058214,90f58010-4151-11f0-8e55-b138a1c03c8e,Fair Meadows MHC,16022/260,254,16022,260,NOT FLIPPED,NOT FLIPPED,5997,MED,,,0,0,,AMBIGUOUS-ZERO,,AMBIGUOUS-ZERO
70260839,7c9da560-5246-11f0-acb1-514e01860b07,Fair Meadows MHC,16022/260,144,16131,296,FLIPPED,,6000,MED,-219,edge,0,5650,FLIPPED,LOW,2,PIN
70271372,320772f0-5247-11f0-acb1-514e01860b07,Fair Meadows MHC,16022/260,270,16022,260,FLIPPED,,6000,MED,-196,edge,1,4810,FLIPPED,LOW,2,PIN
70258593,fcf7f3e0-6133-11f0-9fcd-87e94e720126,Fair Meadows MHC,16022/260,169,16022,260,FLIPPED,,5998,MED,-82,edge,0,5505,FLIPPED,LOW,2,PIN
72388885,ff91c0c0-82e1-11f0-8b4a-0d0197d44616,Fair Meadows MHC,16022/260,202,16022,260,FLIPPED,,6000,MED,134,edge,0,5498,FLIPPED,LOW,2,PIN
75362473,3ecf7e00-3aa0-11f1-b198-172a4a9f25c9,Fair Meadows MHC,16022/260,109,16022,260,NOT FLIPPED,,6000,MED,141,edge,5415,0,NOT FLIPPED,LOW,1,PIN
79461057,4b91f0f0-3aa0-11f1-b198-172a4a9f25c9,Fair Meadows MHC,16022/260,209,16022,260,FLIPPED,,0,,,,0,0,,NO-DRAWS,,REPORTED-ONLY
75365690,51ab8690-3aa0-11f1-b198-172a4a9f25c9,Fair Meadows MHC,16022/260,286,16022,260,NOT FLIPPED,,5999,MED,31,edge,5578,0,NOT FLIPPED,LOW,1,PIN
75364404,5fd2e0b0-3aa0-11f1-b198-172a4a9f25c9,Fair Meadows MHC,16022/260,150,16022,260,NOT FLIPPED,,0,,,,0,0,,NO-DRAWS,,REPORTED-ONLY
72378985,7d82e5f0-ad43-11f0-98a7-c3bc57f9afe3,Fair Meadows MHC,16022/260,136,16022,260,NOT FLIPPED,,6000,MED,213,edge,4775,0,NOT FLIPPED,LOW,1,PIN
72381625,8dd07b70-ad43-11f0-98a7-c3bc57f9afe3,Fair Meadows MHC,16022/260,255,16022,260,NOT FLIPPED,,6000,MED,-8318,edge,5923,1,NOT FLIPPED,LOW,1,PIN
75370047,d0afc8c0-48ce-11f1-bc16-b52012ce6db2,Fair Meadows MHC,16022/260,141,16022,260,NOT FLIPPED,,5999,MED,126,edge,5287,0,NOT FLIPPED,LOW,1,PIN
75368264,ce716d20-4b21-11f1-bc16-b52012ce6db2,Fair Meadows MHC,16022/260,263,16022,260,FLIPPED,,5998,MED,-16,edge,0,5012,FLIPPED,LOW,2,PIN
75369585,1f34eed0-4b22-11f1-bc16-b52012ce6db2,Fair Meadows MHC,16022/260,282,16022,260,FLIPPED,,5150,MED,-202,edge,0,4256,FLIPPED,LOW,2,PIN
75368322,1f13a3d0-4b25-11f1-bc16-b52012ce6db2,Fair Meadows MHC,16022/260,267,16022,260,NOT FLIPPED,,6000,MED,21,edge,4816,0,NOT FLIPPED,LOW,1,PIN
79466536,61b16e90-4cd1-11f1-b1bb-f3574cce671d,Fair Meadows MHC,16022/260,165,16022,260,FLIPPED,,6000,MED,43,edge,0,5504,FLIPPED,LOW,2,PIN
75364115,fe0968c0-4ce4-11f1-b1bb-f3574cce671d,Fair Meadows MHC,16022/260,6159,16022,260,FLIPPED,,5999,MED,-73,edge,0,5491,FLIPPED,LOW,2,PIN
75362762,b99436d0-4d65-11f1-b1bb-f3574cce671d,Fair Meadows MHC,16022/260,113,16022,260,FLIPPED,,6000,MED,-181,edge,0,5714,FLIPPED,LOW,2,PIN
75368942,bc3b6200-4d65-11f1-b1bb-f3574cce671d,Fair Meadows MHC,16022/260,194,16022,260,FLIPPED,,329,MED,-1015,largest,0,0,no draws,NO-DRAWS,,NO-DRAWS
75371854,2fa39a50-4d66-11f1-b1bb-f3574cce671d,Fair Meadows MHC,16022/260,243,16131,296,FLIPPED,,5998,MED,-82,edge,0,5395,FLIPPED,LOW,2,PIN
79455257,34dce210-4d66-11f1-b1bb-f3574cce671d,Fair Meadows MHC,16022/260,247,16022,260,FLIPPED,,6000,MED,-220,edge,0,5598,FLIPPED,LOW,2,PIN
75368454,0f8cd4d0-65c0-11f1-9333-3b2cfe68422f,Oswego MHP,16185/314,LOT05,16185,314,NOT FLIPPED,NOT FLIPPED,6000,MED,13,edge,5643,59,NOT FLIPPED,LOW,,ATTR-OK
75364610,48924df0-65c0-11f1-9333-3b2cfe68422f,Oswego MHP,16185/314,LOT17,16185,314,FLIPPED,FLIPPED,6000,MED,1,edge,111,5325,FLIPPED,LOW,,ATTR-OK
79462972,6c5dbc30-65be-11f1-9333-3b2cfe68422f,Oswego MHP,16185/314,LOT23,16185,314,NOT FLIPPED,NOT FLIPPED,5999,MED,-84,edge,5549,13,NOT FLIPPED,LOW,,ATTR-OK
75372324,708768b0-65be-11f1-9333-3b2cfe68422f,Oswego MHP,16185/314,LOT14,16185,314,NOT FLIPPED,,6000,MED,37,edge,5798,0,NOT FLIPPED,LOW,1,PIN
79459267,79184a70-65bf-11f1-9333-3b2cfe68422f,Oswego MHP,16185/314,LOT06,16185,314,FLIPPED,,5999,MED,-208,edge,205,4840,FLIPPED,LOW,2,PIN
79466866,93efa0f0-65bf-11f1-9333-3b2cfe68422f,Oswego MHP,16185/314,LOT32,16185,314,FLIPPED,FLIPPED,3845,MED,-2,edge,0,3549,FLIPPED,LOW,,ATTR-OK
75374338,9a22b200-65bf-11f1-9333-3b2cfe68422f,Oswego MHP,16185/314,LOT10,16185,314,FLIPPED,FLIPPED,6000,MED,61,edge,1,5249,FLIPPED,LOW,,ATTR-OK
75361715,9c1b9bd0-65bf-11f1-9333-3b2cfe68422f,Oswego MHP,16185/314,LOT08,16185,314,NOT FLIPPED,NOT FLIPPED,6000,MED,93,edge,5662,58,NOT FLIPPED,LOW,,ATTR-OK
75364388,a90545d0-65bf-11f1-9333-3b2cfe68422f,Oswego MHP,16185/314,LOT01,16185,314,FLIPPED,FLIPPED,5998,MED,-22,edge,0,5673,FLIPPED,LOW,,ATTR-OK
79464739,b614a040-65bf-11f1-9333-3b2cfe68422f,Oswego MHP,16185/314,LOT03,16185,314,NOT FLIPPED,NOT FLIPPED,6000,MED,90,edge,5368,8,NOT FLIPPED,LOW,,ATTR-OK
79463335,ba5975e0-65bf-11f1-9333-3b2cfe68422f,Oswego MHP,16185/314,LOT18,16185,314,NOT FLIPPED,NOT FLIPPED,6000,MED,-36,edge,5472,88,NOT FLIPPED,LOW,,ATTR-OK
75362747,dc47adc0-65bf-11f1-9333-3b2cfe68422f,Oswego MHP,16185/314,LOT02,16185,314,NOT FLIPPED,NOT FLIPPED,6000,MED,218,edge,4958,80,NOT FLIPPED,LOW,,ATTR-OK
75360931,df77b800-65bf-11f1-9333-3b2cfe68422f,Oswego MHP,16185/314,LOT09,16185,314,NOT FLIPPED,NOT FLIPPED,5998,MED,49,edge,4956,0,NOT FLIPPED,LOW,,ATTR-OK
79454953,fe4d8c50-65bf-11f1-9333-3b2cfe68422f,Oswego MHP,16185/314,LOT13,16185,314,FLIPPED,FLIPPED,6000,MED,-14,edge,0,5634,FLIPPED,LOW,,ATTR-OK
70272230,111eb490-cfc4-11f0-9bfa-a7eff651ff22,Paradise Village Cooperative MHC,15154/260,9,15154,260,NOT FLIPPED,,5999,MED,76,edge,5028,0,NOT FLIPPED,LOW,1,PIN
72721188,12782a10-cfc4-11f0-9bfa-a7eff651ff22,Paradise Village Cooperative MHC,15154/260,6,15154,260,FLIPPED,,6000,MED,-175,edge,0,5326,FLIPPED,LOW,2,PIN
70263759,17436dc0-cfc4-11f0-9bfa-a7eff651ff22,Paradise Village Cooperative MHC,15154/260,24,15154,260,FLIPPED,,5998,MED,-55,edge,0,5241,FLIPPED,LOW,2,PIN
72392861,31758520-9a72-11f0-b5af-5dfa9891b485,Paradise Village Cooperative MHC,15154/260,13,15154,260,NOT FLIPPED,,6000,MED,208,edge,5669,0,NOT FLIPPED,LOW,1,PIN
75366565,3a723e60-3aa0-11f1-b198-172a4a9f25c9,Paradise Village Cooperative MHC,15154/260,29,15154,260,FLIPPED,,5999,MED,-84,edge,0,5098,FLIPPED,LOW,2,PIN
79453930,4bb3a9c0-3aa0-11f1-b198-172a4a9f25c9,Paradise Village Cooperative MHC,15154/260,25,15154,260,FLIPPED,,6000,MED,76,edge,1,5702,FLIPPED,LOW,2,PIN
75362523,4c94baf0-3aa0-11f1-b198-172a4a9f25c9,Paradise Village Cooperative MHC,15154/260,7,15154,260,NOT FLIPPED,,5998,MED,15,edge,5323,2,NOT FLIPPED,LOW,1,PIN
79461123,56294680-3aa0-11f1-b198-172a4a9f25c9,Paradise Village Cooperative MHC,15154/260,27,15154,260,NOT FLIPPED,,6000,MED,58,edge,5656,0,NOT FLIPPED,LOW,1,PIN
75374395,5fecaa40-3aa0-11f1-b198-172a4a9f25c9,Paradise Village Cooperative MHC,15154/260,17,15154,260,NOT FLIPPED,,6000,MED,212,edge,5676,0,NOT FLIPPED,LOW,1,PIN
72720230,6d3d6d80-cfc3-11f0-9bfa-a7eff651ff22,Paradise Village Cooperative MHC,15154/260,30,15154,260,NOT FLIPPED,,2165,MED,108,edge,1852,0,NOT FLIPPED,LOW,1,PIN
77056028,70421f30-3d8d-11f0-8e55-b138a1c03c8e,Paradise Village Cooperative MHC,15154/260,2,15154,260,FLIPPED,,6000,MED,-33,edge,3,5613,FLIPPED,LOW,2,PIN
70272677,74c7f840-cfc3-11f0-9bfa-a7eff651ff22,Paradise Village Cooperative MHC,15154/260,14,15154,260,FLIPPED,,6000,MED,8,edge,12,5211,FLIPPED,LOW,2,PIN
72721451,762f0250-cfc3-11f0-9bfa-a7eff651ff22,Paradise Village Cooperative MHC,15154/260,40,15154,260,NOT FLIPPED,,5998,MED,144,edge,4924,0,NOT FLIPPED,LOW,1,PIN
77059022,7698b6f0-524b-11f0-acb1-514e01860b07,Paradise Village Cooperative MHC,15154/260,35,15154,260,NOT FLIPPED,,5997,MED,66,edge,5204,0,NOT FLIPPED,LOW,1,PIN
72715750,79d80d20-cfc3-11f0-9bfa-a7eff651ff22,Paradise Village Cooperative MHC,15154/260,8,15154,260,NOT FLIPPED,,5998,MED,185,edge,5423,0,NOT FLIPPED,LOW,1,PIN
70273642,7bc27800-cfc3-11f0-9bfa-a7eff651ff22,Paradise Village Cooperative MHC,15154/260,11,15154,260,NOT FLIPPED,,5998,MED,9,edge,5699,3,NOT FLIPPED,LOW,1,PIN
70268931,859014f0-cfc3-11f0-9bfa-a7eff651ff22,Paradise Village Cooperative MHC,15154/260,21,15154,260,FLIPPED,,6000,MED,-235,edge,39,5561,FLIPPED,LOW,2,PIN
70272339,9b0984b0-cfc3-11f0-9bfa-a7eff651ff22,Paradise Village Cooperative MHC,15154/260,19,15154,260,NOT FLIPPED,,6000,MED,96,edge,4435,0,NOT FLIPPED,LOW,1,PIN
75374858,a66b00f0-3a93-11f1-b198-172a4a9f25c9,Paradise Village Cooperative MHC,15154/260,4,15154,260,NOT FLIPPED,,6000,MED,3974,largest,1969,13,NOT FLIPPED,LOW,1,PIN
72717327,a92916a0-cfc3-11f0-9bfa-a7eff651ff22,Paradise Village Cooperative MHC,15154/260,16,15154,260,NOT FLIPPED,,6000,MED,-101,edge,5590,0,NOT FLIPPED,LOW,1,PIN
79462154,a9912020-3a93-11f1-b198-172a4a9f25c9,Paradise Village Cooperative MHC,15154/260,39,15154,260,FLIPPED,,5998,MED,-158,edge,1,5175,FLIPPED,LOW,2,PIN
75363786,a9b80910-3a93-11f1-b198-172a4a9f25c9,Paradise Village Cooperative MHC,15154/260,22,15154,260,NOT FLIPPED,,6000,MED,-51,edge,5788,0,NOT FLIPPED,LOW,1,PIN
75360238,acccea30-3a93-11f1-b198-172a4a9f25c9,Paradise Village Cooperative MHC,15154/260,10,15154,260,NOT FLIPPED,,6000,MED,163,edge,5288,0,NOT FLIPPED,LOW,1,PIN
79459994,ace4b7f0-3a93-11f1-b198-172a4a9f25c9,Paradise Village Cooperative MHC,15154/260,36,15154,260,NOT FLIPPED,,5999,MED,88,edge,5477,0,NOT FLIPPED,LOW,1,PIN
79461016,ad66b930-3a93-11f1-b198-172a4a9f25c9,Paradise Village Cooperative MHC,15154/260,31,15154,260,NOT FLIPPED,,6000,MED,58,edge,5582,0,NOT FLIPPED,LOW,1,PIN
75368983,ada4fab0-3a93-11f1-b198-172a4a9f25c9,Paradise Village Cooperative MHC,15154/260,26,15154,260,FLIPPED,,6000,MED,-23,edge,0,5260,FLIPPED,LOW,2,PIN
75364800,aea21f60-3a93-11f1-b198-172a4a9f25c9,Paradise Village Cooperative MHC,15154/260,34,15154,260,NOT FLIPPED,,3027,MED,-433,edge,2865,0,NOT FLIPPED,LOW,1,PIN
75374791,af001de0-3a93-11f1-b198-172a4a9f25c9,Paradise Village Cooperative MHC,15154/260,23,15154,260,NOT FLIPPED,,5997,MED,22,edge,5252,10,NOT FLIPPED,LOW,1,PIN
75373413,b1f82830-3a93-11f1-b198-172a4a9f25c9,Paradise Village Cooperative MHC,15154/260,3,15154,260,FLIPPED,,5999,MED,-23,edge,0,5633,FLIPPED,LOW,2,PIN
72720438,b6d414d0-cfc3-11f0-9bfa-a7eff651ff22,Paradise Village Cooperative MHC,15154/260,20,15154,260,NOT FLIPPED,,5999,MED,-114,edge,5632,2,NOT FLIPPED,LOW,1,PIN
70259021,bc394e90-cfc3-11f0-9bfa-a7eff651ff22,Paradise Village Cooperative MHC,15154/260,12,15154,260,FLIPPED,,5998,MED,-113,edge,0,5144,FLIPPED,LOW,2,PIN
79465850,bc716e70-3a93-11f1-b198-172a4a9f25c9,Paradise Village Cooperative MHC,15154/260,33,15154,260,NOT FLIPPED,,5999,MED,-49,edge,5821,0,NOT FLIPPED,LOW,1,PIN
72724430,bd8e8f70-d4d3-11f0-b691-d965a62fa4fa,Paradise Village Cooperative MHC,15154/260,1,15154,260,NOT FLIPPED,,6000,MED,303,edge,3633,0,NOT FLIPPED,LOW,1,PIN
72718879,de6c3090-cfc3-11f0-9bfa-a7eff651ff22,Paradise Village Cooperative MHC,15154/260,38,15154,260,FLIPPED,,5999,MED,52,edge,0,5817,FLIPPED,LOW,2,PIN
70272461,e0d73d20-cfc3-11f0-9bfa-a7eff651ff22,Paradise Village Cooperative MHC,15154/260,18,15154,260,NOT FLIPPED,,0,,,,0,0,,NO-DRAWS,,REPORTED-ONLY
75364594,ef2e9cb0-39d6-11f1-b198-172a4a9f25c9,Paradise Village Cooperative MHC,15154/260,37,15154,260,FLIPPED,,6000,MED,-224,edge,0,4847,FLIPPED,LOW,2,PIN
70272719,f02d7a50-cfc3-11f0-9bfa-a7eff651ff22,Paradise Village Cooperative MHC,15154/260,28,15154,260,NOT FLIPPED,,6000,MED,-28,edge,5620,8,NOT FLIPPED,LOW,1,PIN
79465462,f4183dd0-39d6-11f1-b198-172a4a9f25c9,Paradise Village Cooperative MHC,15154/260,15,16131,296,FLIPPED,,0,,,,0,0,,NO-DRAWS,,REPORTED-ONLY
72714647,fab14bd0-c426-11f0-9842-6d029661c338,Paradise Village Cooperative MHC,15154/260,32,15154,260,FLIPPED,,6000,MED,18,edge,1,5301,FLIPPED,LOW,2,PIN
65821996,79dc7030-027e-11f0-92a4-09772dfb61f8,Kingsbrook MHC,16131/296,3207W,16131,296,FLIPPED,,5999,MED,-28,edge,5,5296,FLIPPED,LOW,2,PIN
65824750,5ffe82f0-0280-11f0-92a4-09772dfb61f8,Kingsbrook MHC,16131/296,3209W,16022,260,FLIPPED,FLIPPED,6000,MED,121,edge,0,5691,FLIPPED,LOW,,ATTR-OK
77055772,71baf6c0-25d7-11f0-8272-45e3ef110760,Kingsbrook MHC,16131/296,2603T,16131,296,FLIPPED,,6000,MED,-79,edge,0,5912,FLIPPED,LOW,2,PIN
77057950,43c619a0-26ce-11f0-8272-45e3ef110760,Kingsbrook MHC,16131/296,806HU,16131,296,FLIPPED,,5999,MED,-307,edge,0,881,FLIPPED,LOW,2,PIN
77061416,7046e100-3504-11f0-8e55-b138a1c03c8e,Kingsbrook MHC,16131/296,3203W,16131,296,FLIPPED,,0,,,,0,0,,NO-DRAWS,,REPORTED-ONLY
77057240,71bfec70-3504-11f0-8e55-b138a1c03c8e,Kingsbrook MHC,16131/296,604FE,16131,296,FLIPPED,FLIPPED,0,,,,0,0,,NO-DRAWS,,ATTR-PRESENT
77054296,6f510870-3d8d-11f0-8e55-b138a1c03c8e,Kingsbrook MHC,16131/296,795FA,16131,296,FLIPPED,,0,,,,0,0,,NO-DRAWS,,REPORTED-ONLY
77053983,702e9730-3d8d-11f0-8e55-b138a1c03c8e,Kingsbrook MHC,16131/296,784FA,16185,314,FLIPPED,FLIPPED,6000,MED,-69,edge,0,5647,FLIPPED,LOW,,ATTR-OK
77057091,71f7e580-3d8d-11f0-8e55-b138a1c03c8e,Kingsbrook MHC,16131/296,772MI,16131,296,NOT FLIPPED,,6000,MED,-158,edge,5693,21,NOT FLIPPED,LOW,1,PIN
77054346,758a8220-3d8d-11f0-8e55-b138a1c03c8e,Kingsbrook MHC,16131/296,765FA,16022,260,FLIPPED,FLIPPED,6000,MED,8,edge,0,5625,FLIPPED,LOW,,ATTR-OK
77060285,33840080-3db1-11f0-8e55-b138a1c03c8e,Kingsbrook MHC,16131/296,759AM,16131,296,FLIPPED,,115,MED,,,0,0,,AMBIGUOUS-ZERO,,AMBIGUOUS-ZERO
68618758,3eee0f60-3db1-11f0-8e55-b138a1c03c8e,Kingsbrook MHC,16131/296,769AM,16131,296,NOT FLIPPED,,6000,MED,-54,edge,5058,122,NOT FLIPPED,LOW,1,PIN
77055293,43248d20-3db1-11f0-8e55-b138a1c03c8e,Kingsbrook MHC,16131/296,776SU,16131,296,FLIPPED,,5999,MED,195,edge,30,5535,FLIPPED,LOW,2,PIN
77060210,439f8980-3db1-11f0-8e55-b138a1c03c8e,Kingsbrook MHC,16131/296,763AM,16131,296,NOT FLIPPED,,6000,MED,-128,edge,5633,31,NOT FLIPPED,LOW,1,PIN
77061333,43b0eea0-3db1-11f0-8e55-b138a1c03c8e,Kingsbrook MHC,16131/296,706GR,16131,296,FLIPPED,,5999,MED,-147,edge,75,5366,FLIPPED,LOW,2,PIN
77056655,43f375e0-3db1-11f0-8e55-b138a1c03c8e,Kingsbrook MHC,16131/296,773AM,16131,296,FLIPPED,,5999,MED,-22,edge,44,5360,FLIPPED,LOW,2,PIN
77029140,44af72e0-3db1-11f0-8e55-b138a1c03c8e,Kingsbrook MHC,16131/296,732AS,16131,296,FLIPPED,FLIPPED,1627,MED,102,edge,24,1477,FLIPPED,LOW,,ATTR-OK
77060335,456925f0-3db1-11f0-8e55-b138a1c03c8e,Kingsbrook MHC,16131/296,690EL,16048,272,FLIPPED,,0,,,,0,0,,NO-DRAWS,,REPORTED-ONLY
77061028,45895820-3db1-11f0-8e55-b138a1c03c8e,Kingsbrook MHC,16131/296,758AS,16131,296,FLIPPED,,6000,MED,99,edge,0,5708,FLIPPED,LOW,2,PIN
77036954,48559780-3db1-11f0-8e55-b138a1c03c8e,Kingsbrook MHC,16131/296,771SU,16131,296,FLIPPED,,6000,MED,106,edge,26,5688,FLIPPED,LOW,2,PIN
77056572,51a726a0-3db1-11f0-8e55-b138a1c03c8e,Kingsbrook MHC,16131/296,726AS,16048,272,NOT FLIPPED,,0,,,,0,0,,NO-DRAWS,,REPORTED-ONLY
77054544,75b8f310-3db7-11f0-8e55-b138a1c03c8e,Kingsbrook MHC,16131/296,754AS,16131,296,FLIPPED,,5999,MED,33,edge,6,5836,FLIPPED,LOW,2,PIN
77053249,74996330-3dc0-11f0-8e55-b138a1c03c8e,Kingsbrook MHC,16131/296,735EL,16131,296,NOT FLIPPED,,5999,MED,150,edge,5592,64,NOT FLIPPED,LOW,1,PIN
77059881,7cb9ec60-3dc0-11f0-8e55-b138a1c03c8e,Kingsbrook MHC,16131/296,691MI,16131,296,FLIPPED,,5999,MED,-66,edge,104,3924,FLIPPED,LOW,2,PIN
70263379,76b03690-524b-11f0-acb1-514e01860b07,Kingsbrook MHC,16131/296,640AS,16131,296,NOT FLIPPED,,6000,MED,-127,edge,5577,31,NOT FLIPPED,LOW,1,PIN
70258726,0943b7d0-5bb0-11f0-9fcd-87e94e720126,Kingsbrook MHC,16131/296,616MI,16131,296,NOT FLIPPED,NOT FLIPPED,5999,MED,87,edge,5750,0,NOT FLIPPED,LOW,,ATTR-OK
70273410,1cbe4a50-5bb0-11f0-9fcd-87e94e720126,Kingsbrook MHC,16131/296,666AS,16131,296,FLIPPED,,6000,MED,238,edge,6,5888,FLIPPED,LOW,2,PIN
70264278,3377b360-626f-11f0-8658-7f4e94e41769,Kingsbrook MHC,16131/296,2601T,16131,296,FLIPPED,,4734,MED,-231,edge,30,4196,FLIPPED,LOW,2,PIN
77059170,14897510-626f-11f0-8658-7f4e94e41769,Kingsbrook MHC,16131/296,119AB,16131,296,NOT FLIPPED,NOT FLIPPED,0,,,,0,0,,NO-DRAWS,,ATTR-PRESENT
70259435,0ca46840-62b1-11f0-8658-7f4e94e41769,Kingsbrook MHC,16131/296,628MI,16131,296,NOT FLIPPED,,6000,MED,19,edge,5731,0,NOT FLIPPED,LOW,1,PIN
70270366,4b625420-62c5-11f0-8658-7f4e94e41769,Kingsbrook MHC,16131/296,774AS,16131,296,NOT FLIPPED,,6000,MED,45,edge,5560,0,NOT FLIPPED,LOW,1,PIN
70261126,74a43ae0-668c-11f0-8658-7f4e94e41769,Kingsbrook MHC,16131/296,501ED,16131,296,FLIPPED,,5999,MED,94,edge,0,5586,FLIPPED,LOW,2,PIN
72385477,77fbf200-8383-11f0-8b4a-0d0197d44616,Kingsbrook MHC,16131/296,204BE,16185,314,UNKNOWN,,0,,,,0,0,,NO-DRAWS,,NO-DATA
70262934,218464f0-8420-11f0-8b4a-0d0197d44616,Kingsbrook MHC,16131/296,687EL,16131,296,NOT FLIPPED,,5999,MED,-128,edge,5689,14,NOT FLIPPED,LOW,1,PIN
72392218,747784f0-842d-11f0-8b4a-0d0197d44616,Kingsbrook MHC,16131/296,748AS,16131,296,FLIPPED,,5999,MED,59,edge,3,5612,FLIPPED,LOW,2,PIN
72390808,50ad92c0-842e-11f0-8b4a-0d0197d44616,Kingsbrook MHC,16131/296,502ED,16131,296,FLIPPED,,300,MED,,,0,0,,AMBIGUOUS-ZERO,,AMBIGUOUS-ZERO
72722467,469476a0-c8c6-11f0-9842-6d029661c338,Kingsbrook MHC,16131/296,202BE,16131,296,NOT FLIPPED,,6000,MED,-26,edge,5757,0,NOT FLIPPED,LOW,1,PIN
72715685,4cd3e3c0-c8c6-11f0-9842-6d029661c338,Kingsbrook MHC,16131/296,777AS,16131,296,NOT FLIPPED,,6000,MED,98,edge,5364,1,NOT FLIPPED,LOW,1,PIN
72720057,5d0b0b10-c8c6-11f0-9842-6d029661c338,Kingsbrook MHC,16131/296,113AB,16131,296,FLIPPED,FLIPPED,6000,MED,3,edge,14,5893,FLIPPED,LOW,,ATTR-OK
72717632,5dca6370-c8c6-11f0-9842-6d029661c338,Kingsbrook MHC,16131/296,503ED,16131,296,FLIPPED,FLIPPED,6000,MED,37,edge,32,5444,FLIPPED,LOW,,ATTR-OK
72718085,5ed4f5a0-c8c6-11f0-9842-6d029661c338,Kingsbrook MHC,16131/296,2604T,16185,314,FLIPPED,FLIPPED,6000,MED,148,edge,38,5431,FLIPPED,LOW,,ATTR-OK
72720958,62f21f00-c8c6-11f0-9842-6d029661c338,Kingsbrook MHC,16131/296,305CA,16131,296,FLIPPED,,6000,MED,-1,edge,1,4716,FLIPPED,LOW,2,PIN
72716105,637b7340-c8c6-11f0-9842-6d029661c338,Kingsbrook MHC,16131/296,302CA,16131,296,FLIPPED,,0,,,,0,0,,NO-DRAWS,,REPORTED-ONLY
72716279,723e9830-c8c6-11f0-9842-6d029661c338,Kingsbrook MHC,16131/296,2810V,16131,296,FLIPPED,,0,,,,0,0,,NO-DRAWS,,REPORTED-ONLY
72714753,7af0b300-c8c6-11f0-9842-6d029661c338,Kingsbrook MHC,16131/296,2611T,16131,296,FLIPPED,,5999,MED,-121,edge,3,4962,FLIPPED,LOW,2,PIN
72720875,7aff8010-c8c6-11f0-9842-6d029661c338,Kingsbrook MHC,16131/296,301CA,16131,296,NOT FLIPPED,NOT FLIPPED,4028,MED,-106,edge,3773,0,NOT FLIPPED,LOW,,ATTR-OK
72714290,671d1920-c8c8-11f0-9842-6d029661c338,Kingsbrook MHC,16131/296,611FE,16131,296,NOT FLIPPED,,5998,MED,7,edge,5476,1,NOT FLIPPED,LOW,1,PIN
72716691,6ac2a180-c8c8-11f0-9842-6d029661c338,Kingsbrook MHC,16131/296,2805V,16131,296,NOT FLIPPED,,5998,MED,-117,edge,5650,5,NOT FLIPPED,LOW,1,PIN
75366078,07537930-4d66-11f1-b1bb-f3574cce671d,Kingsbrook MHC,16131/296,636AS,16131,296,NOT FLIPPED,,151,MED,799,edge,0,0,no draws,NO-DRAWS,,NO-DRAWS
75368744,1687d680-4d66-11f1-b1bb-f3574cce671d,Kingsbrook MHC,16131/296,578MI,16131,296,NOT FLIPPED,,6000,MED,-1,edge,5379,119,NOT FLIPPED,LOW,1,PIN
75366557,19953d90-4d66-11f1-b1bb-f3574cce671d,Kingsbrook MHC,16131/296,667MI,16185,314,FLIPPED,FLIPPED,5996,MED,1,edge,180,1585,FLIPPED,LOW,,ATTR-OK
75368223,30cde980-4d66-11f1-b1bb-f3574cce671d,Kingsbrook MHC,16131/296,781SU,16022,260,FLIPPED,FLIPPED,5999,MED,-79,edge,4,5560,FLIPPED,LOW,,ATTR-OK
75363547,3498ad20-4d66-11f1-b1bb-f3574cce671d,Kingsbrook MHC,16131/296,2608V,16048,272,NOT FLIPPED,NOT FLIPPED,0,,,,0,0,,NO-DRAWS,,ATTR-PRESENT
79466643,39cbb350-4d66-11f1-b1bb-f3574cce671d,Kingsbrook MHC,16131/296,801HU,16131,296,FLIPPED,,4462,MED,-361,edge,25,4048,FLIPPED,LOW,2,PIN
75363620,48c77470-4d66-11f1-b1bb-f3574cce671d,Kingsbrook MHC,16131/296,783EL,16022,260,NOT FLIPPED,NOT FLIPPED,6000,MED,12,edge,5633,0,NOT FLIPPED,LOW,,ATTR-OK
79463277,67d87d00-4d66-11f1-b1bb-f3574cce671d,Kingsbrook MHC,16131/296,763AS,16131,296,NOT FLIPPED,,5998,MED,131,edge,5775,24,NOT FLIPPED,LOW,1,PIN
77053165,7d7cdd50-3db7-11f0-8e55-b138a1c03c8e,Kingsbrook MHC,16131/296,2803V,16131,296,FLIPPED,,5998,MED,-19,edge,6,5454,FLIPPED,LOW,2,PIN
77055632,7dc83040-3d8d-11f0-8e55-b138a1c03c8e,Kingsbrook MHC,16131/296,724MI,16131,296,NOT FLIPPED,,6000,MED,166,edge,5687,0,NOT FLIPPED,LOW,1,PIN
77058438,7f32dba0-3dc0-11f0-8e55-b138a1c03c8e,Kingsbrook MHC,16131/296,759EL,16022,260,FLIPPED,FLIPPED,5999,MED,-205,edge,81,5196,FLIPPED,LOW,,ATTR-OK
77058461,7fe5d7f0-3dc0-11f0-8e55-b138a1c03c8e,Kingsbrook MHC,16131/296,722EL,16131,296,FLIPPED,,6000,MED,6,edge,3,5478,FLIPPED,LOW,2,PIN
70263718,80003e20-62a9-11f0-8658-7f4e94e41769,Kingsbrook MHC,16131/296,734EL,16131,296,FLIPPED,FLIPPED,5999,MED,34,edge,0,5492,FLIPPED,LOW,,ATTR-OK
77056705,8049f0f0-3dc0-11f0-8e55-b138a1c03c8e,Kingsbrook MHC,16131/296,625EL,16131,296,FLIPPED,,14,,,,0,0,,NO-DRAWS,,REPORTED-ONLY
72720115,8051a700-c8c6-11f0-9842-6d029661c338,Kingsbrook MHC,16131/296,312CA,16131,296,FLIPPED,FLIPPED,1446,MED,2,edge,0,1352,FLIPPED,LOW,,ATTR-OK
77058503,80a445f0-3dc0-11f0-8e55-b138a1c03c8e,Kingsbrook MHC,16131/296,679MI,16131,296,NOT FLIPPED,,5987,MED,12,edge,4319,0,NOT FLIPPED,LOW,1,PIN
77053520,80ab23c0-3dc0-11f0-8e55-b138a1c03c8e,Kingsbrook MHC,16131/296,771EL,16131,296,NOT FLIPPED,,5999,MED,-65,edge,5468,0,NOT FLIPPED,LOW,1,PIN
77056606,80d0c480-3d0d-11f0-8e55-b138a1c03c8e,Kingsbrook MHC,16131/296,405DO,16185,314,FLIPPED,FLIPPED,5519,MED,148,edge,37,4844,FLIPPED,LOW,,ATTR-OK
77041665,816c8e10-3db7-11f0-8e55-b138a1c03c8e,Kingsbrook MHC,16131/296,733AS,16131,296,NOT FLIPPED,NOT FLIPPED,30,,,,0,0,,NO-DRAWS,,ATTR-PRESENT
77060186,82b588d0-3db7-11f0-8e55-b138a1c03c8e,Kingsbrook MHC,16131/296,304CA,16131,296,FLIPPED,,6000,MED,-78,edge,17,5728,FLIPPED,LOW,2,PIN
77060442,82ee7460-3d0d-11f0-8e55-b138a1c03c8e,Kingsbrook MHC,16131/296,201BE,16131,296,FLIPPED,,5999,MED,-160,edge,0,5466,FLIPPED,LOW,2,PIN
77041749,82fa3430-3d0d-11f0-8e55-b138a1c03c8e,Kingsbrook MHC,16131/296,2801V,16131,296,NOT FLIPPED,,0,,,,0,0,,NO-DRAWS,,REPORTED-ONLY
77060277,838e7d20-3d8a-11f0-8e55-b138a1c03c8e,Kingsbrook MHC,16131/296,3205W,16022,260,FLIPPED,FLIPPED,6000,MED,-155,edge,0,5868,FLIPPED,LOW,,ATTR-OK
77028852,8453c8f0-3d8a-11f0-8e55-b138a1c03c8e,Kingsbrook MHC,16131/296,759AS,16131,296,NOT FLIPPED,,5998,MED,-102,edge,5726,0,NOT FLIPPED,LOW,1,PIN
77055111,857d0e80-3d0d-11f0-8e55-b138a1c03c8e,Kingsbrook MHC,16131/296,407DO,16131,296,FLIPPED,,5999,MED,70,edge,19,5568,FLIPPED,LOW,2,PIN
77042226,85b339b0-3d0d-11f0-8e55-b138a1c03c8e,Kingsbrook MHC,16131/296,747MI,16131,296,FLIPPED,,5999,MED,160,edge,12,5422,FLIPPED,LOW,2,PIN
77061887,85d4f280-3d0d-11f0-8e55-b138a1c03c8e,Kingsbrook MHC,16131/296,741AS,16131,296,FLIPPED,FLIPPED,5996,MED,114,edge,5,5419,FLIPPED,LOW,,ATTR-OK
79460612,8621a1b0-4d66-11f1-b1bb-f3574cce671d,Kingsbrook MHC,16131/296,783OA,16185,314,NOT FLIPPED,,6000,MED,-821,edge,17,2,NOT FLIPPED,LOW,1,PIN
77055426,86a736a0-3d0d-11f0-8e55-b138a1c03c8e,Kingsbrook MHC,16131/296,703GR,16131,296,FLIPPED,,5999,MED,48,edge,11,5599,FLIPPED,LOW,2,PIN
77056119,878d0180-3db7-11f0-8e55-b138a1c03c8e,Kingsbrook MHC,16131/296,109AB,16131,296,FLIPPED,FLIPPED,5999,MED,2,edge,0,4782,FLIPPED,LOW,,ATTR-OK
70259633,88774cf0-62c3-11f0-8658-7f4e94e41769,Kingsbrook MHC,16131/296,2605T,16131,296,NOT FLIPPED,,6000,MED,-17,edge,5438,0,NOT FLIPPED,LOW,1,PIN
77036632,88962d90-3d8a-11f0-8e55-b138a1c03c8e,Kingsbrook MHC,16131/296,781FA,16131,296,FLIPPED,,5998,MED,-13,edge,0,5402,FLIPPED,LOW,2,PIN
70265044,8c403bd0-62c3-11f0-8658-7f4e94e41769,Kingsbrook MHC,16131/296,760FA,16022,260,NOT FLIPPED,NOT FLIPPED,6000,MED,-64,edge,5457,35,NOT FLIPPED,LOW,,ATTR-OK
65822051,8cbc57a0-3d8a-11f0-8e55-b138a1c03c8e,Kingsbrook MHC,16131/296,2602T,16131,296,NOT FLIPPED,,5999,MED,-5054,edge,5808,0,NOT FLIPPED,LOW,1,PIN
77053330,8f17eb50-3dc0-11f0-8e55-b138a1c03c8e,Kingsbrook MHC,16131/296,663EL,16131,296,FLIPPED,,6000,MED,145,edge,24,5473,FLIPPED,LOW,2,PIN
75366722,8f6db290-4d66-11f1-b1bb-f3574cce671d,Kingsbrook MHC,16131/296,311CA,16131,296,FLIPPED,,6000,MED,145,edge,34,5649,FLIPPED,LOW,2,PIN
70258973,90572270-62a9-11f0-8658-7f4e94e41769,Kingsbrook MHC,16131/296,652MI,16131,296,NOT FLIPPED,,5999,MED,-51,edge,5525,0,NOT FLIPPED,LOW,1,PIN
77056895,92349500-62a9-11f0-8658-7f4e94e41769,Kingsbrook MHC,16131/296,701GR,16131,296,NOT FLIPPED,,6000,MED,97,edge,5463,3,NOT FLIPPED,LOW,1,PIN
70270606,925a2670-666f-11f0-8658-7f4e94e41769,Kingsbrook MHC,16131/296,768AM,16022,260,FLIPPED,,0,,,,0,0,,NO-DRAWS,,REPORTED-ONLY
70260714,927a77a0-62a9-11f0-8658-7f4e94e41769,Kingsbrook MHC,16131/296,121AB,16131,296,FLIPPED,,5717,MED,168,edge,14,5278,FLIPPED,LOW,2,PIN
77028803,939063a0-3d8a-11f0-8e55-b138a1c03c8e,Kingsbrook MHC,16131/296,702GR,16131,296,FLIPPED,,6000,MED,-116,edge,27,5772,FLIPPED,LOW,2,PIN
65825229,93b2dfc0-3d8a-11f0-8e55-b138a1c03c8e,Kingsbrook MHC,16131/296,789FA,16131,296,NOT FLIPPED,NOT FLIPPED,0,,,,0,0,,NO-DRAWS,,ATTR-PRESENT
70265119,94ac24b0-62a9-11f0-8658-7f4e94e41769,Kingsbrook MHC,16131/296,785SU,16131,296,NOT FLIPPED,,0,,,,0,0,,NO-DRAWS,,REPORTED-ONLY
77054023,963fb7c0-4151-11f0-8e55-b138a1c03c8e,Kingsbrook MHC,16131/296,103AB,16048,272,NOT FLIPPED,,0,,,,0,0,,NO-DRAWS,,REPORTED-ONLY
65824008,971b8630-3d8a-11f0-8e55-b138a1c03c8e,Kingsbrook MHC,16131/296,602FE,16131,296,FLIPPED,FLIPPED,6000,MED,-61,edge,0,4543,FLIPPED,LOW,,ATTR-OK
77057695,976ab7a0-3d8a-11f0-8e55-b138a1c03c8e,Kingsbrook MHC,16131/296,610AS,16131,296,FLIPPED,,5998,MED,-144,edge,0,5685,FLIPPED,LOW,2,PIN
77028886,97d5b640-3d0d-11f0-8e55-b138a1c03c8e,Kingsbrook MHC,16131/296,410DO,16131,296,NOT FLIPPED,,5999,MED,136,edge,5794,17,NOT FLIPPED,LOW,1,PIN
77054254,97d96f70-3dc0-11f0-8e55-b138a1c03c8e,Kingsbrook MHC,16131/296,708GR,16131,296,FLIPPED,,6000,MED,67,edge,1,5578,FLIPPED,LOW,2,PIN
72388984,9875d5e0-84e2-11f0-8b4a-0d0197d44616,Kingsbrook MHC,16131/296,764AS,16048,272,FLIPPED,FLIPPED,0,,,,0,0,,NO-DRAWS,,ATTR-PRESENT
77061341,988e57e0-3d0d-11f0-8e55-b138a1c03c8e,Kingsbrook MHC,16131/296,615FE,16131,296,FLIPPED,,6000,MED,9,edge,0,5832,FLIPPED,LOW,2,PIN
75367258,9f9e9850-4d66-11f1-b1bb-f3574cce671d,Kingsbrook MHC,16131/296,782EL,16131,296,NOT FLIPPED,,0,,,,0,0,,NO-DRAWS,,REPORTED-ONLY
72392804,a4e89640-84a2-11f0-8b4a-0d0197d44616,Kingsbrook MHC,16131/296,788FA,16131,296,FLIPPED,,5997,MED,134,edge,49,5367,FLIPPED,LOW,2,PIN
72390873,a5e13300-84e2-11f0-8b4a-0d0197d44616,Kingsbrook MHC,16131/296,612FE,16131,296,FLIPPED,,5998,MED,-114,edge,43,5630,FLIPPED,LOW,2,PIN
65828785,a919a740-e669-11ef-bcd4-5bcca9a9134f,Kingsbrook MHC,16131/296,409DO,16131,296,FLIPPED,,5998,MED,-190,edge,2,5352,FLIPPED,LOW,2,PIN
65828074,a97e9fc0-be4a-11ef-8f43-73c96c0de66f,Kingsbrook MHC,16131/296,664MI,16131,296,NOT FLIPPED,,5999,MED,-8,edge,5698,4,NOT FLIPPED,LOW,1,PIN
77057661,aa1689e0-3d05-11f0-8e55-b138a1c03c8e,Kingsbrook MHC,16131/296,782AM,16022,260,NOT FLIPPED,NOT FLIPPED,6000,MED,10,edge,5699,9,NOT FLIPPED,LOW,,ATTR-OK
72714613,ae630490-c8c6-11f0-9842-6d029661c338,Kingsbrook MHC,16131/296,107AB,16131,296,FLIPPED,,6000,MED,144,edge,5,5493,FLIPPED,LOW,2,PIN
77058669,aed2d970-3d05-11f0-8e55-b138a1c03c8e,Kingsbrook MHC,16131/296,736MI,16131,296,NOT FLIPPED,,5998,MED,16,edge,5531,0,NOT FLIPPED,LOW,1,PIN
75370757,afe5b340-4d68-11f1-b1bb-f3574cce671d,Kingsbrook MHC,16131/296,660AS,16131,296,NOT FLIPPED,,6000,MED,17,edge,5328,0,NOT FLIPPED,LOW,1,PIN
70262058,b0093560-666c-11f0-8658-7f4e94e41769,Kingsbrook MHC,16131/296,710GR,16131,296,FLIPPED,,5999,MED,228,edge,8,5707,FLIPPED,LOW,2,PIN
72718010,b0f8a390-c8c6-11f0-9842-6d029661c338,Kingsbrook MHC,16131/296,117AB,16022,260,FLIPPED,FLIPPED,5999,MED,61,edge,9,5564,FLIPPED,LOW,,ATTR-OK
65829023,b10b20a0-d0b1-11ef-8e78-557cf2ce39c0,Kingsbrook MHC,16131/296,715EL,16131,296,NOT FLIPPED,,5999,MED,-40,edge,5710,0,NOT FLIPPED,LOW,1,PIN
72714738,b3eb56b0-c8c6-11f0-9842-6d029661c338,Kingsbrook MHC,16131/296,811HU,16128,295,FLIPPED,,6000,MED,-43,edge,0,958,FLIPPED,LOW,2,PIN
77055749,b63283a0-3d05-11f0-8e55-b138a1c03c8e,Kingsbrook MHC,16131/296,601FE,16131,296,FLIPPED,FLIPPED,5997,MED,-66,edge,3,5413,FLIPPED,LOW,,ATTR-OK
77028506,b70f00f0-3d05-11f0-8e55-b138a1c03c8e,Kingsbrook MHC,16131/296,784AS,16185,314,NOT FLIPPED,,6000,MED,-89,edge,5690,8,NOT FLIPPED,LOW,1,PIN
77055392,b802d6d0-3d05-11f0-8e55-b138a1c03c8e,Kingsbrook MHC,16131/296,787AS,16185,314,FLIPPED,FLIPPED,6000,MED,3,edge,3,4860,FLIPPED,LOW,,ATTR-OK
70270705,ba34f7e0-666c-11f0-8658-7f4e94e41769,Kingsbrook MHC,16131/296,675EL,16131,296,FLIPPED,FLIPPED,0,,,,0,0,,NO-DRAWS,,ATTR-PRESENT
77058537,bb29e060-3d05-11f0-8e55-b138a1c03c8e,Kingsbrook MHC,16131/296,704GR,16131,296,FLIPPED,,5999,MED,-57,edge,4,5594,FLIPPED,LOW,2,PIN
77060095,bc2f4270-3d05-11f0-8e55-b138a1c03c8e,Kingsbrook MHC,16131/296,808MI,16022,260,FLIPPED,FLIPPED,6000,MED,43,edge,16,5504,FLIPPED,LOW,,ATTR-OK
70271034,c02e7950-62b1-11f0-8658-7f4e94e41769,Kingsbrook MHC,16131/296,508ED,16131,296,FLIPPED,,6000,MED,94,edge,21,5768,FLIPPED,LOW,2,PIN
65830237,c4e1f250-ea2b-11ef-b35e-23eef2ba43da,Kingsbrook MHC,16131/296,768AS,16022,260,FLIPPED,,2654,MED,-41,edge,3,2515,FLIPPED,LOW,2,PIN
70259484,c6440030-62c5-11f0-8658-7f4e94e41769,Kingsbrook MHC,16131/296,690AS,16131,296,NOT FLIPPED,,5998,MED,-1,edge,5339,5,NOT FLIPPED,LOW,1,PIN
77056218,c6ae0ab0-3d78-11f0-8e55-b138a1c03c8e,Kingsbrook MHC,16131/296,780FA,16131,296,NOT FLIPPED,,6000,MED,337,edge,5569,0,NOT FLIPPED,LOW,1,PIN
70261647,c825f220-626e-11f0-8658-7f4e94e41769,Kingsbrook MHC,16131/296,105AB,16131,296,FLIPPED,,5999,MED,106,edge,1,5424,FLIPPED,LOW,2,PIN
70265192,c9bbce60-62b0-11f0-8658-7f4e94e41769,Kingsbrook MHC,16131/296,3215W,16131,296,FLIPPED,,5998,MED,99,edge,31,5302,FLIPPED,LOW,2,PIN
70270945,c9fe0780-62b0-11f0-8658-7f4e94e41769,Kingsbrook MHC,16131/296,402DO,16131,296,NOT FLIPPED,,5999,MED,-97,edge,5620,18,NOT FLIPPED,LOW,1,PIN
65830435,cb2a08a0-be52-11ef-8f43-73c96c0de66f,Kingsbrook MHC,16131/296,709EL,16185,314,NOT FLIPPED,NOT FLIPPED,5999,MED,266,edge,2794,9,NOT FLIPPED,LOW,,ATTR-OK
70268204,cbb55470-62b0-11f0-8658-7f4e94e41769,Kingsbrook MHC,16131/296,683EL,16022,260,NOT FLIPPED,NOT FLIPPED,4193,MED,116,edge,3293,29,NOT FLIPPED,LOW,,ATTR-OK
65828496,cbe36d90-be52-11ef-8f43-73c96c0de66f,Kingsbrook MHC,16131/296,607FE,16131,296,FLIPPED,,0,,,,0,0,,NO-DRAWS,,REPORTED-ONLY
70267479,ced272f0-62b0-11f0-8658-7f4e94e41769,Kingsbrook MHC,16131/296,617FE,16131,296,FLIPPED,FLIPPED,6000,MED,58,edge,0,5931,FLIPPED,LOW,,ATTR-OK
70260375,d0c4f420-62b0-11f0-8658-7f4e94e41769,Kingsbrook MHC,16131/296,749EL,16022,260,FLIPPED,FLIPPED,6000,MED,-26,edge,12,5271,FLIPPED,LOW,,ATTR-OK
70267388,d1b726e0-62b1-11f0-8658-7f4e94e41769,Kingsbrook MHC,16131/296,655EL,16131,296,NOT FLIPPED,NOT FLIPPED,0,,,,0,0,,NO-DRAWS,,ATTR-PRESENT
77055244,d1faa2c0-3d05-11f0-8e55-b138a1c03c8e,Kingsbrook MHC,16131/296,2802V,16131,296,NOT FLIPPED,,0,,,,0,0,,NO-DRAWS,,REPORTED-ONLY
65825310,d23237f0-d0b1-11ef-8e78-557cf2ce39c0,Kingsbrook MHC,16131/296,761FA,16131,296,NOT FLIPPED,,40,,,,0,0,,NO-DRAWS,,NO-DRAWS
77059980,d442f750-62b0-11f0-8658-7f4e94e41769,Kingsbrook MHC,16131/296,767SU,16131,296,FLIPPED,,6000,MED,-3,edge,0,5447,FLIPPED,LOW,2,PIN
70268030,d48d1fb0-62b0-11f0-8658-7f4e94e41769,Kingsbrook MHC,16131/296,104AB,16131,296,FLIPPED,FLIPPED,5999,MED,89,edge,6,5709,FLIPPED,LOW,,ATTR-OK
70267719,d5559fd0-62b0-11f0-8658-7f4e94e41769,Kingsbrook MHC,16131/296,2607T,16022,260,NOT FLIPPED,NOT FLIPPED,6000,MED,-113,edge,5556,25,NOT FLIPPED,LOW,,ATTR-OK
65826425,d5fdda90-34f9-11f0-8e55-b138a1c03c8e,Kingsbrook MHC,16131/296,709GR,16131,296,FLIPPED,,0,,,,0,0,,NO-DRAWS,,REPORTED-ONLY
70260342,d6c18be0-62b0-11f0-8658-7f4e94e41769,Kingsbrook MHC,16131/296,306CA,16131,296,NOT FLIPPED,,5998,MED,123,edge,3110,143,NOT FLIPPED,LOW,1,PIN
79454532,da478840-4d66-11f1-b1bb-f3574cce671d,Kingsbrook MHC,16131/296,784MI,16131,296,NOT FLIPPED,,5934,MED,8,edge,5733,0,NOT FLIPPED,LOW,1,PIN
65826433,daaf2e90-3d05-11f0-8e55-b138a1c03c8e,Kingsbrook MHC,16131/296,809OA,16185,314,FLIPPED,FLIPPED,6000,MED,139,edge,66,5231,FLIPPED,LOW,,ATTR-OK
70264161,dd72a690-62b0-11f0-8658-7f4e94e41769,Kingsbrook MHC,16131/296,203BE,16131,296,FLIPPED,FLIPPED,6000,MED,90,edge,0,5501,FLIPPED,LOW,,ATTR-OK
77054197,e149d270-3db2-11f0-8e55-b138a1c03c8e,Kingsbrook MHC,16131/296,783AM,16131,296,FLIPPED,,5999,MED,-111,edge,1,5644,FLIPPED,LOW,2,PIN
75360402,e3232410-4d66-11f1-b1bb-f3574cce671d,Kingsbrook MHC,16131/296,770SU,16131,296,NOT FLIPPED,,6000,MED,120,edge,5197,145,NOT FLIPPED,LOW,1,PIN
72386897,e57d5510-84a2-11f0-8b4a-0d0197d44616,Kingsbrook MHC,16131/296,746AS,16131,296,FLIPPED,,6000,MED,-68,edge,0,5882,FLIPPED,LOW,2,PIN
77059295,ef41bf60-52bf-11f0-acb1-514e01860b07,Kingsbrook MHC,16131/296,721EL,16022,260,FLIPPED,FLIPPED,1681,MED,4462,edge,5,1555,FLIPPED,LOW,,ATTR-OK
72386913,f24e1c20-842f-11f0-8b4a-0d0197d44616,Kingsbrook MHC,16131/296,688MI,16185,314,FLIPPED,,5999,MED,-51,edge,0,5588,FLIPPED,LOW,2,PIN
72380882,f3d1e5f0-837f-11f0-8b4a-0d0197d44616,Kingsbrook MHC,16131/296,770FA,16131,296,FLIPPED,,5999,MED,136,edge,7,5548,FLIPPED,LOW,2,PIN
75368934,f92d0970-4d65-11f1-b1bb-f3574cce671d,Kingsbrook MHC,16131/296,786AM,16131,296,NOT FLIPPED,,0,,,,0,0,,NO-DRAWS,,REPORTED-ONLY
70263866,f9996730-5baf-11f0-9fcd-87e94e720126,Kingsbrook MHC,16131/296,672AS,16131,296,NOT FLIPPED,,5999,MED,-247,edge,5806,3,NOT FLIPPED,LOW,1,PIN
70264666,fa924ed0-6673-11f0-8658-7f4e94e41769,Kingsbrook MHC,16131/296,783AS,16131,296,NOT FLIPPED,,6000,MED,26,edge,5828,0,NOT FLIPPED,LOW,1,PIN
77029082,fc8c46d0-3db2-11f0-8e55-b138a1c03c8e,Kingsbrook MHC,16131/296,3201W,16131,296,FLIPPED,FLIPPED,15,,,,0,0,,NO-DRAWS,,ATTR-PRESENT
70265143,fcfc72e0-5bb0-11f0-9fcd-87e94e720126,Kingsbrook MHC,16131/296,2806V,16131,296,FLIPPED,,6000,MED,-80,edge,173,3800,FLIPPED,LOW,2,PIN
70267339,fdf9b350-626e-11f0-8658-7f4e94e41769,Kingsbrook MHC,16131/296,101AB,16131,296,FLIPPED,FLIPPED,6000,MED,26,edge,19,5589,FLIPPED,LOW,,ATTR-OK
65831045,ff2272a0-c730-11ef-8f43-73c96c0de66f,Kingsbrook MHC,16131/296,738AS,16131,296,NOT FLIPPED,,5999,MED,-76,edge,5554,26,NOT FLIPPED,LOW,1,PIN
75363836,00433760-f65a-11f0-b153-63024d3301e1,Hydetown Mobile Estates,15091/255,26,15091,255,FLIPPED,FLIPPED,5999,MED,-88,edge,0,5766,FLIPPED,LOW,,ATTR-OK
75366821,028670a0-f65a-11f0-b153-63024d3301e1,Hydetown Mobile Estates,15091/255,22,15091,255,NOT FLIPPED,NOT FLIPPED,5997,MED,9,edge,5697,0,NOT FLIPPED,LOW,,ATTR-OK
75372183,02b4d3a0-f65a-11f0-b153-63024d3301e1,Hydetown Mobile Estates,15091/255,27,15091,255,FLIPPED,FLIPPED,5998,MED,32,edge,45,5540,FLIPPED,LOW,,ATTR-OK
75373124,03b41b30-f65a-11f0-b153-63024d3301e1,Hydetown Mobile Estates,15091/255,24,16131,296,NOT FLIPPED,NOT FLIPPED,6000,MED,9,edge,5804,0,NOT FLIPPED,LOW,,ATTR-OK
75373280,1139b710-f65a-11f0-b153-63024d3301e1,Hydetown Mobile Estates,15091/255,36,15091,255,NOT FLIPPED,NOT FLIPPED,6000,MED,-108,edge,5589,0,NOT FLIPPED,LOW,,ATTR-OK
75368611,124e0d40-f65a-11f0-b153-63024d3301e1,Hydetown Mobile Estates,15091/255,23,16131,296,FLIPPED,FLIPPED,6000,MED,3868,largest,0,2974,FLIPPED,LOW,,ATTR-OK
75364222,165b0a00-f65a-11f0-b153-63024d3301e1,Hydetown Mobile Estates,15091/255,28,16185,314,NOT FLIPPED,NOT FLIPPED,2530,MED,269,edge,2440,1,NOT FLIPPED,LOW,,ATTR-OK
75373066,19b44720-f65a-11f0-b153-63024d3301e1,Hydetown Mobile Estates,15091/255,25,15091,255,FLIPPED,FLIPPED,6000,MED,-4,edge,0,4730,FLIPPED,LOW,,ATTR-OK
75372589,1e0b4530-f65a-11f0-b153-63024d3301e1,Hydetown Mobile Estates,15091/255,41,15091,255,NOT FLIPPED,NOT FLIPPED,6000,MED,43,edge,5688,2,NOT FLIPPED,LOW,,ATTR-OK
75363489,1e4abf30-f65a-11f0-b153-63024d3301e1,Hydetown Mobile Estates,15091/255,10,15091,255,FLIPPED,FLIPPED,5999,MED,-214,edge,0,5575,FLIPPED,LOW,,ATTR-OK
75370120,1f78b7e0-f65a-11f0-b153-63024d3301e1,Hydetown Mobile Estates,15091/255,38,16022,260,FLIPPED,FLIPPED,5997,MED,-10,edge,7,5336,FLIPPED,LOW,,ATTR-OK
75374130,26aacef0-0c3e-11f1-8768-5551e7a34f27,Hydetown Mobile Estates,15091/255,9,15091,255,FLIPPED,FLIPPED,0,,,,0,0,,NO-DRAWS,,ATTR-PRESENT
75370849,274cb440-0c3e-11f1-8768-5551e7a34f27,Hydetown Mobile Estates,15091/255,16,15091,255,NOT FLIPPED,,0,,,,0,0,,NO-DRAWS,,REPORTED-ONLY
77061523,7980d110-4097-11f0-8e55-b138a1c03c8e,Hydetown Mobile Estates,15091/255,7,15091,255,NOT FLIPPED,NOT FLIPPED,440,MED,7,edge,354,0,NOT FLIPPED,LOW,,ATTR-OK
72723234,7a6dfc10-0c3e-11f1-8768-5551e7a34f27,Hydetown Mobile Estates,15091/255,13,15091,255,FLIPPED,FLIPPED,5999,MED,-188,edge,0,5616,FLIPPED,LOW,,ATTR-OK
65826078,d1e7c160-3ce1-11f0-8e55-b138a1c03c8e,Hydetown Mobile Estates,15091/255,2,16131,296,FLIPPED,FLIPPED,1873,MED,-10,edge,0,1734,FLIPPED,LOW,,ATTR-OK
77056010,d2c15880-3ce1-11f0-8e55-b138a1c03c8e,Hydetown Mobile Estates,15091/255,33,15091,255,NOT FLIPPED,NOT FLIPPED,6000,MED,-105,edge,5677,1,NOT FLIPPED,LOW,,ATTR-OK
77061804,d8748b30-3ce1-11f0-8e55-b138a1c03c8e,Hydetown Mobile Estates,15091/255,5,16131,296,NOT FLIPPED,NOT FLIPPED,5999,MED,59,edge,982,0,NOT FLIPPED,LOW,,ATTR-OK
77058602,dc2c3c00-3ce1-11f0-8e55-b138a1c03c8e,Hydetown Mobile Estates,15091/255,14,15091,255,FLIPPED,FLIPPED,4063,MED,-143,edge,0,3744,FLIPPED,LOW,,ATTR-OK
72390774,02bbaf00-842b-11f0-8b4a-0d0197d44616,Kachina,362/209,18A,362,209,NOT FLIPPED,,6000,MED,,,0,0,,AMBIGUOUS-ZERO,,AMBIGUOUS-ZERO
77055509,144f5e80-26b4-11f0-8272-45e3ef110760,Kachina,362/209,13,16185,314,NOT FLIPPED,NOT FLIPPED,4676,MED,2,edge,3895,4,NOT FLIPPED,LOW,,ATTR-OK
72385535,28ecc1b0-8420-11f0-8b4a-0d0197d44616,Kachina,362/209,10,362,209,NOT FLIPPED,,5999,MED,1153,largest=edge,4164,3,NOT FLIPPED,LOW,1,PIN
72720628,28f878f0-d229-11f0-b691-d965a62fa4fa,Kachina,362/209,2,16131,296,FLIPPED,,5690,MED,-99,edge,0,4395,FLIPPED,LOW,2,PIN
72392762,301c7d10-8432-11f0-8b4a-0d0197d44616,Kachina,362/209,11,16131,296,NOT FLIPPED,NOT FLIPPED,4273,MED,196,edge,1997,0,NOT FLIPPED,LOW,,ATTR-OK
72385188,475e2ee0-8420-11f0-8b4a-0d0197d44616,Kachina,362/209,16,362,209,FLIPPED,,5998,MED,,,0,0,,AMBIGUOUS-ZERO,,AMBIGUOUS-ZERO
72721345,54fcda60-d227-11f0-b691-d965a62fa4fa,Kachina,362/209,4,16185,314,NOT FLIPPED,NOT FLIPPED,3668,MED,52,edge,3455,0,NOT FLIPPED,LOW,,ATTR-OK
72717186,8ba01a30-d21f-11f0-b691-d965a62fa4fa,Kachina,362/209,19-309A,16131,296,NOT FLIPPED,NOT FLIPPED,136,MED,-32,edge,99,0,NOT FLIPPED,LOW,,ATTR-OK
77052183,949eecc0-2639-11f0-8272-45e3ef110760,Kachina,362/209,15,16131,296,FLIPPED,,6000,MED,-93,edge,0,5746,FLIPPED,LOW,2,PIN
70267255,a44a0850-62a0-11f0-8658-7f4e94e41769,Kachina,362/209,18,16185,314,NOT FLIPPED,,6000,MED,-48,edge,4903,0,NOT FLIPPED,LOW,1,PIN
70270218,aa761480-62a0-11f0-8658-7f4e94e41769,Kachina,362/209,12,16048,272,FLIPPED,FLIPPED,0,,,,0,0,,NO-DRAWS,,ATTR-PRESENT
65825237,b191c1a0-0ebe-11f0-8272-45e3ef110760,Kachina,362/209,17-311,16185,314,FLIPPED,FLIPPED,2118,MED,-7,edge,0,1696,FLIPPED,LOW,,ATTR-OK
70260185,b1fb4810-62a0-11f0-8658-7f4e94e41769,Kachina,362/209,7,16131,296,FLIPPED,,173,MED,32,edge,0,157,FLIPPED,LOW,2,PIN
72718150,b42fb120-d226-11f0-b691-d965a62fa4fa,Kachina,362/209,5,16131,296,FLIPPED,FLIPPED,6000,MED,-1410,largest,1660,1668,ambiguous,NO-DRAWS,,NO-DRAWS
72716634,cd126390-d226-11f0-b691-d965a62fa4fa,Kachina,362/209,1,362,209,FLIPPED,,4191,MED,,,0,0,,AMBIGUOUS-ZERO,,AMBIGUOUS-ZERO
72380445,09615aa0-ad41-11f0-98a7-c3bc57f9afe3,Brighton Court MHP,15090/254,6,16185,314,FLIPPED,,5492,MED,-72,edge,71,3589,FLIPPED,LOW,2,PIN
70270960,1b8879d0-ad3b-11f0-98a7-c3bc57f9afe3,Brighton Court MHP,15090/254,15,15090,254,FLIPPED,,710,MED,93,edge,7,510,FLIPPED,LOW,2,PIN
75360683,1fb17b20-f65a-11f0-b153-63024d3301e1,Brighton Court MHP,15090/254,18,15090,254,NOT FLIPPED,,5996,MED,67,edge,4126,203,NOT FLIPPED,LOW,1,PIN
75372860,1ffa1ce0-f65a-11f0-b153-63024d3301e1,Brighton Court MHP,15090/254,2,15090,254,NOT FLIPPED,,5999,MED,14,edge,5631,33,NOT FLIPPED,LOW,1,PIN
70259070,35042700-ad32-11f0-98a7-c3bc57f9afe3,Brighton Court MHP,15090/254,9,15090,254,FLIPPED,,6000,MED,4,edge,13,5528,FLIPPED,LOW,2,PIN
72384074,6626ac70-ad43-11f0-98a7-c3bc57f9afe3,Brighton Court MHP,15090/254,5,16185,314,FLIPPED,,5999,MED,15,edge,0,5083,FLIPPED,LOW,2,PIN
70266208,67176eb0-ad3b-11f0-98a7-c3bc57f9afe3,Brighton Court MHP,15090/254,20,15090,254,FLIPPED,,6000,MED,-16,edge,0,5701,FLIPPED,LOW,2,PIN
72387853,7a65a060-ad43-11f0-98a7-c3bc57f9afe3,Brighton Court MHP,15090/254,8,15090,254,NOT FLIPPED,,5999,MED,-78,edge,5572,0,NOT FLIPPED,LOW,1,PIN
72387564,7a74e2a0-ad43-11f0-98a7-c3bc57f9afe3,Brighton Court MHP,15090/254,7,15090,254,FLIPPED,,6000,MED,-128,edge,2,5864,FLIPPED,LOW,2,PIN
72387861,7f24fd30-ad43-11f0-98a7-c3bc57f9afe3,Brighton Court MHP,15090/254,4,15090,254,FLIPPED,,5071,MED,68,edge,0,4193,FLIPPED,LOW,2,PIN
72387523,8beaf290-ad43-11f0-98a7-c3bc57f9afe3,Brighton Court MHP,15090/254,3,15090,254,NOT FLIPPED,,5998,MED,169,edge,5558,44,NOT FLIPPED,LOW,1,PIN
72391483,daa8c3c0-ad44-11f0-98a7-c3bc57f9afe3,Brighton Court MHP,15090/254,19,16185,314,FLIPPED,FLIPPED,6000,MED,5164,edge,10,5818,FLIPPED,LOW,,ATTR-OK
72382771,0e9b6210-8436-11f0-8b4a-0d0197d44616,Pace East,16131/296,97,16131,296,NOT FLIPPED,,5997,MED,-89,edge,4950,6,NOT FLIPPED,LOW,1,PIN
72386392,2b9cc680-8420-11f0-8b4a-0d0197d44616,Pace East,16131/296,56,16131,296,NOT FLIPPED,,4962,MED,5,edge,3475,59,NOT FLIPPED,LOW,1,PIN
72389842,2c577b40-8431-11f0-8b4a-0d0197d44616,Pace East,16131/296,31,16185,314,NOT FLIPPED,,5998,MED,15,edge,5741,3,NOT FLIPPED,LOW,1,PIN
70269368,33d04cf0-8498-11f0-8b4a-0d0197d44616,Pace East,16131/296,58,16131,296,FLIPPED,,5999,MED,2,edge,0,2310,FLIPPED,LOW,2,PIN
72385949,3551d260-8420-11f0-8b4a-0d0197d44616,Pace East,16131/296,43,16131,296,FLIPPED,FLIPPED,5999,MED,4,edge,31,3287,FLIPPED,LOW,,ATTR-OK
70262793,50e8bc70-842d-11f0-8b4a-0d0197d44616,Pace East,16131/296,16,16131,296,NOT FLIPPED,,5998,MED,30,edge,5646,1,NOT FLIPPED,LOW,1,PIN
72383266,6d985af0-8465-11f0-8b4a-0d0197d44616,Pace East,16131/296,12,16131,296,NOT FLIPPED,,5997,MED,185,edge,4443,0,NOT FLIPPED,LOW,1,PIN
72392028,8b284f20-8420-11f0-8b4a-0d0197d44616,Pace East,16131/296,23,16131,296,NOT FLIPPED,,5999,MED,33,edge,5641,9,NOT FLIPPED,LOW,1,PIN
72717129,8b2c2c70-d4c1-11f0-b691-d965a62fa4fa,Pace East,16131/296,20,16131,296,NOT FLIPPED,,5054,MED,62,edge,3800,381,NOT FLIPPED,LOW,1,PIN
70267982,8b453b90-82e4-11f0-8b4a-0d0197d44616,Pace East,16131/296,24,16185,314,FLIPPED,,550,MED,-328,edge,39,17,NOT FLIPPED,LOW,,CONFLICT
75363661,9029c7e0-f317-11f0-8900-8bd481ce9a44,Pace East,16131/296,105,16131,296,FLIPPED,,5999,MED,-21,edge,0,5708,FLIPPED,LOW,2,PIN
72717814,9a137850-f317-11f0-8900-8bd481ce9a44,Pace East,16131/296,88,16131,296,FLIPPED,FLIPPED,6000,MED,-4,edge,2,4949,FLIPPED,LOW,,ATTR-OK
72378654,a8e1b350-8496-11f0-8b4a-0d0197d44616,Pace East,16131/296,26,16131,296,FLIPPED,,5987,MED,-84,edge,1,5161,FLIPPED,LOW,2,PIN
72380171,b6296200-9a72-11f0-b5af-5dfa9891b485,Pace East,16131/296,29,16131,296,NOT FLIPPED,,6000,MED,109,edge,5265,0,NOT FLIPPED,LOW,1,PIN
75371409,c5a341c0-f651-11f0-b153-63024d3301e1,Pace East,16131/296,22,16131,296,NOT FLIPPED,,6000,MED,57,edge,5578,5,NOT FLIPPED,LOW,1,PIN
75369551,e0a97070-f651-11f0-b153-63024d3301e1,Pace East,16131/296,45,16131,296,NOT FLIPPED,,6000,MED,23,edge,4234,9,NOT FLIPPED,LOW,1,PIN
75362200,e0ed5740-f651-11f0-b153-63024d3301e1,Pace East,16131/296,53,16131,296,FLIPPED,FLIPPED,6000,MED,9,edge,2,5711,FLIPPED,LOW,,ATTR-OK
75365492,026d86d0-f23b-11f0-8900-8bd481ce9a44,Lantana Trail,15154/260,3612-3,16185,314,NOT FLIPPED,,2594,MED,-23,edge,1620,0,NOT FLIPPED,LOW,1,PIN
72386707,35da17c0-9a72-11f0-b5af-5dfa9891b485,Lantana Trail,15154/260,3620-1,15154,260,FLIPPED,,5750,MED,-22,edge,0,5565,FLIPPED,LOW,2,PIN
75364933,6d5b0800-f23b-11f0-8900-8bd481ce9a44,Lantana Trail,15154/260,3612-8,15154,260,NOT FLIPPED,,5998,MED,-57,edge,3198,0,NOT FLIPPED,LOW,1,PIN
72718077,955a6d30-c75e-11f0-9842-6d029661c338,Lantana Trail,15154/260,3618-1,16185,314,NOT FLIPPED,,6000,MED,3,edge,5523,3,NOT FLIPPED,LOW,1,PIN
79463004,b8d95390-3a93-11f1-b198-172a4a9f25c9,Lantana Trail,15154/260,3620-6,16185,314,FLIPPED,,1472,MED,8,edge,6,864,FLIPPED,LOW,2,PIN
65824222,c6f6e610-0ebe-11f0-8272-45e3ef110760,Lantana Trail,15154/260,3612-1,15154,260,FLIPPED,,5998,MED,-138,edge,0,5493,FLIPPED,LOW,2,PIN
75372043,cd7b6120-f23c-11f0-8900-8bd481ce9a44,Lantana Trail,15154/260,3612-7,16131,296,NOT FLIPPED,,51,,,,0,0,,NO-DRAWS,,NO-DRAWS
72717962,7e18c2a0-d79b-11f0-b691-d965a62fa4fa,8 OnElaine,15154/260,2314-1102,15154,260,NOT FLIPPED,,6000,MED,20,edge,5656,0,NOT FLIPPED,LOW,1,PIN
72723200,92bf7700-c75e-11f0-9842-6d029661c338,8 OnElaine,15154/260,"2318-1102,1202",15154,260,NOT FLIPPED,,0,,,,0,0,,NO-DRAWS,,REPORTED-ONLY
72382748,aa725ab0-9a69-11f0-b5af-5dfa9891b485,8 OnElaine,15154/260,2314-1202,16185,314,FLIPPED,FLIPPED,3893,MED,-124,edge,0,869,FLIPPED,LOW,,ATTR-OK
72716295,c0a35bf0-c75e-11f0-9842-6d029661c338,8 OnElaine,15154/260,2318-1102,16185,314,FLIPPED,,5112,MED,11,edge,2,2469,FLIPPED,LOW,2,PIN
72722053,f339cc70-c75e-11f0-9842-6d029661c338,8 OnElaine,15154/260,2314-1201,16185,314,FLIPPED,,0,,,,0,0,,NO-DRAWS,,REPORTED-ONLY
72718515,fb5b28c0-d7a0-11f0-b691-d965a62fa4fa,8 OnElaine,15154/260,2314-1101,16131,296,NOT FLIPPED,,5999,MED,58,edge,4014,0,NOT FLIPPED,LOW,1,PIN
77042051,52bbc040-26ce-11f0-8272-45e3ef110760,176 N Highland Ave,16022/260,FIRSTSOUTH,16022,260,FLIPPED,,1312,MED,-84,edge,7,1025,FLIPPED,LOW,2,PIN
72382342,5ab1ab40-8379-11f0-8b4a-0d0197d44616,176 N Highland Ave,16022/260,FLOOR2,16022,260,NOT FLIPPED,,5999,MED,415,edge,1769,156,NOT FLIPPED,LOW,1,PIN
65830526,91ca7000-2639-11f0-8272-45e3ef110760,176 N Highland Ave,16022/260,FIRSTNORTH,16022,260,FLIPPED,,0,,,,0,0,,NO-DRAWS,,REPORTED-ONLY
65823802,0fb6ed90-be5c-11ef-8f43-73c96c0de66f,Parkview MHP-Cust,16130/296,B52,16130,296,FLIPPED,FLIPPED,5999,MED,-330,edge,43,5125,FLIPPED,LOW,,ATTR-OK
70263973,1fcc35b0-5230-11f0-acb1-514e01860b07,Parkview MHP-Cust,16130/296,B7,16130,296,FLIPPED,FLIPPED,2389,MED,-30,edge,21,1947,FLIPPED,LOW,,ATTR-OK
72715321,22ab7e60-d7a7-11f0-b691-d965a62fa4fa,Parkview MHP-Cust,16130/296,48,16185,314,FLIPPED,FLIPPED,5999,MED,51,edge,52,5321,FLIPPED,LOW,,ATTR-OK
65827720,37dd3ff0-38b8-11f0-8e55-b138a1c03c8e,Parkview MHP-Cust,16130/296,20,16185,314,NOT FLIPPED,NOT FLIPPED,21,,,,0,0,,NO-DRAWS,,ATTR-PRESENT
65822697,385f1230-ea2c-11ef-b35e-23eef2ba43da,Parkview MHP-Cust,16130/296,22,16130,296,FLIPPED,FLIPPED,6000,MED,-378,edge,47,5402,FLIPPED,LOW,,ATTR-OK
68588134,4703d620-c7b0-11ef-8f43-73c96c0de66f,Parkview MHP-Cust,16130/296,78,16185,314,FLIPPED,FLIPPED,6000,MED,-104,edge,23,5419,FLIPPED,LOW,,ATTR-OK
65828421,4a7b2260-c78b-11ef-8f43-73c96c0de66f,Parkview MHP-Cust,16130/296,44,16185,314,NOT FLIPPED,NOT FLIPPED,5999,MED,225,edge,5514,64,NOT FLIPPED,LOW,,ATTR-OK
70262769,4ad93850-9328-11f0-ac3b-59f8170a8dd3,Parkview MHP-Cust,16130/296,23,16130,296,NOT FLIPPED,NOT FLIPPED,6000,MED,96,edge,5390,92,NOT FLIPPED,LOW,,ATTR-OK
77053561,4b6abc10-26ce-11f0-8272-45e3ef110760,Parkview MHP-Cust,16130/296,63,16185,314,UNKNOWN,,0,,,,0,0,,NO-DRAWS,,NO-DATA
77062141,4e949f70-3d01-11f0-8e55-b138a1c03c8e,Parkview MHP-Cust,16130/296,28,16185,314,NOT FLIPPED,NOT FLIPPED,5999,MED,19,edge,5416,5,NOT FLIPPED,LOW,,ATTR-OK
70265481,743563e0-a971-11f0-98a7-c3bc57f9afe3,Parkview MHP-Cust,16130/296,71,16130,296,FLIPPED,FLIPPED,5997,MED,36,edge,168,5157,FLIPPED,LOW,,ATTR-OK
72724182,7be62bd0-d4d5-11f0-b691-d965a62fa4fa,Parkview MHP-Cust,16130/296,A2,16185,314,FLIPPED,FLIPPED,5999,MED,-18,edge,3,5252,FLIPPED,LOW,,ATTR-OK
72382284,955c9f50-842f-11f0-8b4a-0d0197d44616,Parkview MHP-Cust,16130/296,5,16130,296,FLIPPED,FLIPPED,0,,,,0,0,,NO-DRAWS,,ATTR-PRESENT
65827142,95f32180-be43-11ef-8f43-73c96c0de66f,Parkview MHP-Cust,16130/296,21,16185,314,NOT FLIPPED,NOT FLIPPED,5999,MED,-4,edge,5758,12,NOT FLIPPED,LOW,,ATTR-OK
65829122,b1f7ca90-d0b1-11ef-8e78-557cf2ce39c0,Parkview MHP-Cust,16130/296,64,16130,296,FLIPPED,FLIPPED,5999,MED,90,edge,20,5474,FLIPPED,LOW,,ATTR-OK
65831235,b6112360-d0b1-11ef-8e78-557cf2ce39c0,Parkview MHP-Cust,16130/296,APTUPPERLOWER,16130,296,NOT FLIPPED,NOT FLIPPED,4003,MED,168,edge,3687,52,NOT FLIPPED,LOW,,ATTR-OK
65823299,bfdbdcb0-c746-11ef-8f43-73c96c0de66f,Parkview MHP-Cust,16130/296,1,16185,314,FLIPPED,FLIPPED,4850,MED,-86,edge,25,4369,FLIPPED,LOW,,ATTR-OK
70272586,ca5bbe10-9f9c-11f0-b5af-5dfa9891b485,Parkview MHP-Cust,16130/296,72,16185,314,FLIPPED,FLIPPED,508,MED,-97,edge,0,422,FLIPPED,LOW,,ATTR-OK
65831250,cb4e5980-be52-11ef-8f43-73c96c0de66f,Parkview MHP-Cust,16130/296,C37,16185,314,FLIPPED,FLIPPED,2586,MED,18,edge,57,2257,FLIPPED,LOW,,ATTR-OK
77058099,d061d900-2609-11f0-8272-45e3ef110760,Parkview MHP-Cust,16130/296,C56,16185,314,UNKNOWN,,0,,,,0,0,,NO-DRAWS,,NO-DATA
70260391,d56f0400-61db-11f0-8658-7f4e94e41769,Parkview MHP-Cust,16130/296,D74,16185,314,FLIPPED,FLIPPED,5689,MED,-41,edge,27,5173,FLIPPED,LOW,,ATTR-OK
65824321,d5cedb50-34f9-11f0-8e55-b138a1c03c8e,Parkview MHP-Cust,16130/296,C62,16130,296,FLIPPED,FLIPPED,5999,MED,881,edge,477,3023,FLIPPED,LOW,,ATTR-OK
75370286,0390bc20-f0b1-11f0-8900-8bd481ce9a44,Shelby's Trailer Park - Cust,16131/296,LOT32,16131,296,FLIPPED,,6000,MED,79,edge,0,5628,FLIPPED,LOW,2,PIN
72723689,039cf120-f0b1-11f0-8900-8bd481ce9a44,Shelby's Trailer Park - Cust,16131/296,LOT34,16131,296,NOT FLIPPED,,5472,MED,-35,edge,5021,0,NOT FLIPPED,LOW,1,PIN
75367043,03f45ff0-f0b1-11f0-8900-8bd481ce9a44,Shelby's Trailer Park - Cust,16131/296,LOT35,16131,296,NOT FLIPPED,,5474,MED,-19,edge,5121,0,NOT FLIPPED,LOW,1,PIN
75373827,053a2660-f0b1-11f0-8900-8bd481ce9a44,Shelby's Trailer Park - Cust,16131/296,LOT36,16131,296,FLIPPED,,5998,MED,188,edge,5,5369,FLIPPED,LOW,2,PIN
72723465,05526950-f0b1-11f0-8900-8bd481ce9a44,Shelby's Trailer Park - Cust,16131/296,LOT18,16131,296,NOT FLIPPED,,5997,MED,-55,edge,5358,0,NOT FLIPPED,LOW,1,PIN
72724216,0e28fc10-f0b1-11f0-8900-8bd481ce9a44,Shelby's Trailer Park - Cust,16131/296,LOT16,16131,296,FLIPPED,,6000,MED,-106,edge,0,5350,FLIPPED,LOW,2,PIN
75371698,28b05dd0-f0b1-11f0-8900-8bd481ce9a44,Shelby's Trailer Park - Cust,16131/296,LOT33,16131,296,UNKNOWN,,0,,,,0,0,,NO-DRAWS,,NO-DATA
72724190,30dba760-efeb-11f0-8900-8bd481ce9a44,Shelby's Trailer Park - Cust,16131/296,LOT01,16131,296,NOT FLIPPED,,5997,MED,84,edge,5570,2,NOT FLIPPED,LOW,1,PIN
75362390,45094b40-f0b1-11f0-8900-8bd481ce9a44,Shelby's Trailer Park - Cust,16131/296,LOT29,16131,296,NOT FLIPPED,,5999,MED,148,edge,4626,0,NOT FLIPPED,LOW,1,PIN
75367530,53f83b20-f0b1-11f0-8900-8bd481ce9a44,Shelby's Trailer Park - Cust,16131/296,LOT31,16131,296,FLIPPED,,6000,MED,6,edge,34,4732,FLIPPED,LOW,2,PIN
75374205,56aea890-f0b1-11f0-8900-8bd481ce9a44,Shelby's Trailer Park - Cust,16131/296,LOT38,16131,296,FLIPPED,,5999,MED,-21,edge,0,5726,FLIPPED,LOW,2,PIN
75370633,5ce84950-f0b1-11f0-8900-8bd481ce9a44,Shelby's Trailer Park - Cust,16131/296,LOT22,16131,296,NOT FLIPPED,,1965,MED,113,edge,1853,0,NOT FLIPPED,LOW,1,PIN
72714811,69824cb0-f0b1-11f0-8900-8bd481ce9a44,Shelby's Trailer Park - Cust,16131/296,LOT26,16131,296,NOT FLIPPED,,6000,MED,104,edge,5178,0,NOT FLIPPED,LOW,1,PIN
72724281,c1c72b40-f00a-11f0-8900-8bd481ce9a44,Shelby's Trailer Park - Cust,16131/296,LOT07,16131,296,NOT FLIPPED,,6000,MED,3,edge,5540,0,NOT FLIPPED,LOW,1,PIN
72719497,c21f3650-f00a-11f0-8900-8bd481ce9a44,Shelby's Trailer Park - Cust,16131/296,LOT10,16131,296,NOT FLIPPED,,6000,MED,7,edge,5735,1,NOT FLIPPED,LOW,1,PIN
75362846,c27d82f0-f00a-11f0-8900-8bd481ce9a44,Shelby's Trailer Park - Cust,16131/296,LOT12,16131,296,FLIPPED,,5999,MED,-8,edge,0,5475,FLIPPED,LOW,2,PIN
75372282,c33699c0-f00a-11f0-8900-8bd481ce9a44,Shelby's Trailer Park - Cust,16131/296,LOT13,16131,296,NOT FLIPPED,,5998,MED,113,edge,5557,0,NOT FLIPPED,LOW,1,PIN
72713912,c94002c0-f00a-11f0-8900-8bd481ce9a44,Shelby's Trailer Park - Cust,16131/296,LOT09,16131,296,FLIPPED,,5998,MED,-59,edge,0,5339,FLIPPED,LOW,2,PIN
75363414,c9a26e10-f00a-11f0-8900-8bd481ce9a44,Shelby's Trailer Park - Cust,16131/296,LOT15,16131,296,FLIPPED,,6000,MED,14,edge,0,5990,FLIPPED,LOW,2,PIN
75363950,cd93f390-f00a-11f0-8900-8bd481ce9a44,Shelby's Trailer Park - Cust,16131/296,LOT14,16131,296,FLIPPED,,5999,MED,-163,edge,0,5262,FLIPPED,LOW,2,PIN
75362804,e5716690-f0b0-11f0-8900-8bd481ce9a44,Shelby's Trailer Park - Cust,16131/296,LOT27,16131,296,FLIPPED,,6000,MED,-67,edge,0,5494,FLIPPED,LOW,2,PIN
75374213,e9fc9400-f0b0-11f0-8900-8bd481ce9a44,Shelby's Trailer Park - Cust,16131/296,LOT21,16131,296,UNKNOWN,,0,,,,0,0,,NO-DRAWS,,NO-DATA
75364172,ea9aa8c0-f0b0-11f0-8900-8bd481ce9a44,Shelby's Trailer Park - Cust,16131/296,LOT39,16131,296,FLIPPED,,5999,MED,-74,edge,0,5264,FLIPPED,LOW,2,PIN
75371573,ec563b70-f0b0-11f0-8900-8bd481ce9a44,Shelby's Trailer Park - Cust,16131/296,LOT25,16131,296,NOT FLIPPED,,6000,MED,-1,edge,5366,0,NOT FLIPPED,LOW,1,PIN
75373405,ed3ddc50-f0b0-11f0-8900-8bd481ce9a44,Shelby's Trailer Park - Cust,16131/296,LOT28,16131,296,NOT FLIPPED,,6000,MED,-84,edge,5729,1,NOT FLIPPED,LOW,1,PIN
72719273,f0dc2e40-efeb-11f0-8900-8bd481ce9a44,Shelby's Trailer Park - Cust,16131/296,LOT05,16131,296,FLIPPED,,33,,,,0,0,,NO-DRAWS,,NO-DRAWS
75362267,f2f024a0-f0b0-11f0-8900-8bd481ce9a44,Shelby's Trailer Park - Cust,16131/296,LOT40,16131,296,NOT FLIPPED,,6000,MED,-145,edge,5370,19,NOT FLIPPED,LOW,1,PIN
75374221,ff07ffb0-f0b0-11f0-8900-8bd481ce9a44,Shelby's Trailer Park - Cust,16131/296,LOT17,16131,296,NOT FLIPPED,,6000,MED,2115,largest,0,0,no draws,NO-DRAWS,,NO-DRAWS
75368462,fc75f5e0-5497-11f1-b1bb-f3574cce671d,Island Club MHC-CUST,16022/260,108,16131,296,FLIPPED,,5998,MED,-97,edge,3,4229,FLIPPED,LOW,2,PIN
72379900,148e1040-98e6-11f0-b5af-5dfa9891b485,Running Springs MHP,16185/314,5,16185,314,FLIPPED,,6000,MED,-99,edge,0,4545,FLIPPED,LOW,2,PIN
75369510,7d34b910-f317-11f0-8900-8bd481ce9a44,Running Springs MHP,16185/314,4,16185,314,NOT FLIPPED,,781,MED,-3,edge,641,0,NOT FLIPPED,LOW,1,PIN
75362317,87c3f850-f317-11f0-8900-8bd481ce9a44,Running Springs MHP,16185/314,19,16131,296,NOT FLIPPED,NOT FLIPPED,5999,MED,18,edge,5807,0,NOT FLIPPED,LOW,,ATTR-OK
72723580,9dbcaa30-f317-11f0-8900-8bd481ce9a44,Running Springs MHP,16185/314,13,16185,314,FLIPPED,,6000,MED,-17,edge,0,5487,FLIPPED,LOW,2,PIN
72390469,a118d580-84e2-11f0-8b4a-0d0197d44616,Running Springs MHP,16185/314,14,16185,314,NOT FLIPPED,,1977,MED,-11,edge,1748,0,NOT FLIPPED,LOW,1,PIN
75361145,bffabd70-f651-11f0-b153-63024d3301e1,Running Springs MHP,16185/314,6,16185,314,FLIPPED,,5999,MED,-126,edge,0,4502,FLIPPED,LOW,2,PIN
75371516,c01b8be0-f651-11f0-b153-63024d3301e1,Running Springs MHP,16185/314,3,16185,314,NOT FLIPPED,,5997,MED,-65,edge,3415,0,NOT FLIPPED,LOW,1,PIN
70272735,00a82e00-9e66-11f0-b5af-5dfa9891b485,Country Squire MHC,16185/314,58A,16185,314,NOT FLIPPED,,6000,MED,-63,edge,5654,0,NOT FLIPPED,LOW,1,PIN
70270101,17fd9440-9e67-11f0-b5af-5dfa9891b485,Country Squire MHC,16185/314,17,16185,314,NOT FLIPPED,,476,MED,521,edge,220,0,NOT FLIPPED,LOW,1,PIN
72379090,239aa260-9e59-11f0-b5af-5dfa9891b485,Country Squire MHC,16185/314,3,16185,314,FLIPPED,,5998,MED,159,edge,0,5508,FLIPPED,LOW,2,PIN
72384892,301f21f0-9e59-11f0-b5af-5dfa9891b485,Country Squire MHC,16185/314,58B,16185,314,UNKNOWN,,0,,,,0,0,,NO-DRAWS,,NO-DATA
72384777,3d6fdf40-9e66-11f0-b5af-5dfa9891b485,Country Squire MHC,16185/314,6B,16185,314,FLIPPED,,5999,MED,-152,edge,1,5141,FLIPPED,LOW,2,PIN
70272826,3e4b0ff0-9e59-11f0-b5af-5dfa9891b485,Country Squire MHC,16185/314,41,16185,314,FLIPPED,,5999,MED,5,edge,0,5687,FLIPPED,LOW,2,PIN
79460810,56c56340-3f31-11f1-b39d-b550dfb4ab8b,Country Squire MHC,16185/314,51B,16185,314,FLIPPED,,5997,MED,-12,edge,0,5547,FLIPPED,LOW,2,PIN
70265911,5c3c5a30-9e65-11f0-b5af-5dfa9891b485,Country Squire MHC,16185/314,54A,16185,314,FLIPPED,,325,MED,-128,edge,0,296,FLIPPED,LOW,2,PIN
72387150,656a4fb0-a971-11f0-98a7-c3bc57f9afe3,Country Squire MHC,16185/314,64A,16185,314,FLIPPED,,6000,MED,12,edge,0,5680,FLIPPED,LOW,2,PIN
72381492,683d18e0-9e67-11f0-b5af-5dfa9891b485,Country Squire MHC,16185/314,56B,16185,314,FLIPPED,,5998,MED,-37,edge,0,5564,FLIPPED,LOW,2,PIN
72391210,68d72610-9e53-11f0-b5af-5dfa9891b485,Country Squire MHC,16185/314,59B,16185,314,FLIPPED,,6000,MED,-237,edge,22,5361,FLIPPED,LOW,2,PIN
70268451,6ba68970-5246-11f0-acb1-514e01860b07,Country Squire MHC,16185/314,70,16185,314,NOT FLIPPED,,5998,MED,80,edge,5348,1,NOT FLIPPED,LOW,1,PIN
79461529,6f14fd70-3f31-11f1-b39d-b550dfb4ab8b,Country Squire MHC,16185/314,74,16185,314,FLIPPED,,6000,MED,-20,edge,0,5713,FLIPPED,LOW,2,PIN
72382441,85b709a0-842f-11f0-8b4a-0d0197d44616,Country Squire MHC,16185/314,3520 Miller Bridge R,16185,314,FLIPPED,,5999,MED,-67,edge,0,5700,FLIPPED,LOW,2,PIN
77058545,9d6fb320-2639-11f0-8272-45e3ef110760,Country Squire MHC,16185/314,53A,16185,314,NOT FLIPPED,,6000,MED,70,edge,5430,0,NOT FLIPPED,LOW,1,PIN
72393059,a14563c0-84e2-11f0-8b4a-0d0197d44616,Country Squire MHC,16185/314,71,16185,314,NOT FLIPPED,,6000,MED,44,edge,5686,0,NOT FLIPPED,LOW,1,PIN
72382730,b08bfbc0-9976-11f0-b5af-5dfa9891b485,Country Squire MHC,16185/314,46,16185,314,FLIPPED,,5999,MED,2939,edge,0,5706,FLIPPED,LOW,2,PIN
70269491,b2ee14b0-9341-11f0-ac3b-59f8170a8dd3,Country Squire MHC,16185/314,52B,16185,314,NOT FLIPPED,,5999,MED,-14,edge,5665,0,NOT FLIPPED,LOW,1,PIN
70269707,b4cd3280-51e6-11f0-acb1-514e01860b07,Country Squire MHC,16185/314,5,16185,314,FLIPPED,,584,MED,-68,edge,0,474,FLIPPED,LOW,2,PIN
70271802,c1568a20-c6c0-11f0-9842-6d029661c338,Country Squire MHC,16185/314,38,16185,314,FLIPPED,,6000,MED,-14,edge,0,5343,FLIPPED,LOW,2,PIN
79461198,c72b3100-3f31-11f1-b39d-b550dfb4ab8b,Country Squire MHC,16185/314,60B,16185,314,FLIPPED,FLIPPED,0,,,,0,0,,NO-DRAWS,,ATTR-PRESENT
72391079,ce803470-9fde-11f0-b5af-5dfa9891b485,Country Squire MHC,16185/314,59A,16185,314,NOT FLIPPED,NOT FLIPPED,5999,MED,77,edge,5536,7,NOT FLIPPED,LOW,,ATTR-OK
70268303,d157d720-520e-11f0-acb1-514e01860b07,Country Squire MHC,16185/314,62A,16185,314,NOT FLIPPED,,5999,MED,29,edge,5677,0,NOT FLIPPED,LOW,1,PIN
70266356,dce99240-520e-11f0-acb1-514e01860b07,Country Squire MHC,16185/314,54B,16185,314,FLIPPED,FLIPPED,6000,MED,,,0,0,,AMBIGUOUS-ZERO,,AMBIGUOUS-ZERO
70259740,e3ef3e60-629d-11f0-8658-7f4e94e41769,Country Squire MHC,16185/314,53B,16185,314,FLIPPED,,5998,MED,37,edge,0,3608,FLIPPED,LOW,2,PIN
70264203,ea2f8080-5223-11f0-acb1-514e01860b07,Country Squire MHC,16185/314,43,16185,314,NOT FLIPPED,,0,,,,0,0,,NO-DRAWS,,REPORTED-ONLY
65828017,f291c680-d504-11ef-b247-3918401509a2,Country Squire MHC,16185/314,18,16185,314,NOT FLIPPED,,0,,,,0,0,,NO-DRAWS,,REPORTED-ONLY
72720594,3b8f19b0-0c35-11f1-8768-5551e7a34f27,Tuttle Estates MHC-Cust,16130/296,11,16130,296,NOT FLIPPED,NOT FLIPPED,5266,MED,5,edge,4603,0,NOT FLIPPED,LOW,,ATTR-OK
75370500,5c988f80-0c38-11f1-8768-5551e7a34f27,Tuttle Estates MHC-Cust,16130/296,14,16130,296,FLIPPED,FLIPPED,5999,MED,-134,edge,304,2637,FLIPPED,LOW,,ATTR-OK
75363331,7105fec0-0c3e-11f1-8768-5551e7a34f27,Tuttle Estates MHC-Cust,16130/296,13,16130,296,FLIPPED,FLIPPED,6000,MED,-306,edge,0,5414,FLIPPED,LOW,,ATTR-OK
72713854,d1b36030-0c40-11f1-8768-5551e7a34f27,Tuttle Estates MHC-Cust,16130/296,10,16130,296,NOT FLIPPED,NOT FLIPPED,6000,MED,-48,edge,5754,16,NOT FLIPPED,LOW,,ATTR-OK
72378472,3e2508c0-842b-11f0-8b4a-0d0197d44616,Glenn Dorado,362/209,105,362,209,FLIPPED,,2454,MED,,,0,0,,AMBIGUOUS-ZERO,,AMBIGUOUS-ZERO
70268766,493c0310-9328-11f0-ac3b-59f8170a8dd3,Glenn Dorado,362/209,205,362,209,FLIPPED,,6000,MED,,,0,0,,AMBIGUOUS-ZERO,,AMBIGUOUS-ZERO
72382789,9df1d2c0-9a69-11f0-b5af-5dfa9891b485,Glenn Dorado,362/209,204,362,209,NOT FLIPPED,,6000,MED,,,0,0,,AMBIGUOUS-ZERO,,AMBIGUOUS-ZERO
72716162,9c079040-c75e-11f0-9842-6d029661c338,Terrace on the Greens,362/209,21 water tank,362,209,UNKNOWN,,5463,MED,,,0,0,,AMBIGUOUS-ZERO,,AMBIGUOUS-ZERO
72719703,bbeb0780-cfc3-11f0-9bfa-a7eff651ff22,Terrace on the Greens,362/209,12,362,209,NOT FLIPPED,,5999,MED,,,0,0,,AMBIGUOUS-ZERO,,AMBIGUOUS-ZERO
70266810,c1a1e3b0-cfc3-11f0-9bfa-a7eff651ff22,Terrace on the Greens,362/209,19,362,209,FLIPPED,,6000,MED,,,0,0,,AMBIGUOUS-ZERO,,AMBIGUOUS-ZERO
72715024,f235a660-cfc3-11f0-9bfa-a7eff651ff22,Terrace on the Greens,362/209,14,362,209,FLIPPED,,5999,MED,,,0,0,,AMBIGUOUS-ZERO,,AMBIGUOUS-ZERO
72715909,0de1bc30-d45d-11f0-b691-d965a62fa4fa,Hillview MHC,16185/314,8,16185,314,NOT FLIPPED,NOT FLIPPED,177,MED,-97,edge,26,6,NOT FLIPPED,LOW,,ATTR-OK
72724513,2e673c50-d45d-11f0-b691-d965a62fa4fa,Hillview MHC,16185/314,15,16185,314,FLIPPED,FLIPPED,6,,,,0,0,,NO-DRAWS,,ATTR-PRESENT
72721477,4298e9d0-d45d-11f0-b691-d965a62fa4fa,Hillview MHC,16185/314,28,16185,314,FLIPPED,FLIPPED,5998,MED,-58,edge,16,5524,FLIPPED,LOW,,ATTR-OK
72722699,62ead380-e487-11f0-8900-8bd481ce9a44,Hillview MHC,16185/314,10,16185,314,FLIPPED,FLIPPED,5999,MED,-74,edge,0,5261,FLIPPED,LOW,,ATTR-OK
72720206,7ca04750-d4c5-11f0-b691-d965a62fa4fa,Hillview MHC,16185/314,22,16185,314,FLIPPED,FLIPPED,5999,MED,-30,edge,0,5063,FLIPPED,LOW,,ATTR-OK
72722368,84e874b0-e487-11f0-8900-8bd481ce9a44,Hillview MHC,16185/314,9,16131,296,FLIPPED,FLIPPED,6000,MED,-82,edge,9,5731,FLIPPED,LOW,,ATTR-OK
72722228,9e8416e0-e487-11f0-8900-8bd481ce9a44,Hillview MHC,16185/314,16,16131,296,NOT FLIPPED,,1628,MED,0,largest,346,144,NOT FLIPPED,LOW,1,PIN
72716469,a3ba9f80-e487-11f0-8900-8bd481ce9a44,Hillview MHC,16185/314,6,16185,314,NOT FLIPPED,NOT FLIPPED,6000,MED,41,edge,5428,0,NOT FLIPPED,LOW,,ATTR-OK
72721873,b77abf40-d45c-11f0-b691-d965a62fa4fa,Hillview MHC,16185/314,18,16131,296,FLIPPED,FLIPPED,3482,MED,6,edge,0,3203,FLIPPED,LOW,,ATTR-OK
72714522,ba1c2550-e487-11f0-8900-8bd481ce9a44,Hillview MHC,16185/314,11,16185,314,FLIPPED,FLIPPED,5999,MED,-37,edge,10,4901,FLIPPED,LOW,,ATTR-OK
72719646,c802f400-e487-11f0-8900-8bd481ce9a44,Hillview MHC,16185/314,23,16131,296,FLIPPED,FLIPPED,5650,MED,-396,edge,41,4032,FLIPPED,LOW,,ATTR-OK
72715792,cf576b30-d48f-11f0-b691-d965a62fa4fa,Hillview MHC,16185/314,2A,16131,296,NOT FLIPPED,NOT FLIPPED,6000,MED,1440,edge,0,0,no draws,NO-DRAWS,,NO-DRAWS
72714068,d798a3f0-d45c-11f0-b691-d965a62fa4fa,Hillview MHC,16185/314,1A,16131,296,NOT FLIPPED,NOT FLIPPED,0,,,,0,0,,NO-DRAWS,,ATTR-PRESENT
72724505,eda8fc80-d45c-11f0-b691-d965a62fa4fa,Hillview MHC,16185/314,7,16131,296,FLIPPED,FLIPPED,6000,MED,-60,edge,1,5611,FLIPPED,LOW,,ATTR-OK
72720313,f038ee00-d48f-11f0-b691-d965a62fa4fa,Hillview MHC,16185/314,3,16131,296,FLIPPED,FLIPPED,5999,MED,-107,edge,0,5037,FLIPPED,LOW,,ATTR-OK
72722020,f32ee4e0-e487-11f0-8900-8bd481ce9a44,Hillview MHC,16185/314,14,16131,296,FLIPPED,FLIPPED,6000,MED,-70,edge,0,5860,FLIPPED,LOW,,ATTR-OK
72720016,f95619a0-e488-11f0-8900-8bd481ce9a44,Hillview MHC,16185/314,19,16131,296,NOT FLIPPED,NOT FLIPPED,5,,,,0,0,,NO-DRAWS,,ATTR-PRESENT
72723895,ffc3ac90-01dd-11f1-af1d-29d4205d602a,Hillview MHC,16185/314,27,16185,314,FLIPPED,FLIPPED,6000,MED,-23,edge,0,5536,FLIPPED,LOW,,ATTR-OK
79465918,d24ef1e0-5497-11f1-b1bb-f3574cce671d,Put In Bay Condos-CUST,16022/260,111-211,16185,314,NOT FLIPPED,,5999,MED,179,edge,4946,6,NOT FLIPPED,LOW,1,PIN
79454722,f6acf140-5497-11f1-b1bb-f3574cce671d,Put In Bay Condos-CUST,16022/260,105-205,16131,296,NOT FLIPPED,,5996,MED,474,largest,1749,70,NOT FLIPPED,LOW,1,PIN
65827761,a257e580-bdbe-11ef-8f43-73c96c0de66f,Estancia MHP-CUST,15147/256,123,16185,314,NOT FLIPPED,,2966,MED,243,edge,30,12,NOT FLIPPED,LOW,1,PIN
65825047,a5f37d30-be4a-11ef-8f43-73c96c0de66f,Estancia MHP-CUST,15147/256,134,16185,314,NOT FLIPPED,,5999,MED,1035,largest,2535,217,NOT FLIPPED,LOW,1,PIN
65827001,54307450-e111-11ef-a5fd-a97d57576080,Estancia MHP-CUST,15147/256,34,15147,256,NOT FLIPPED,,6000,MED,641,largest,420,0,NOT FLIPPED,LOW,1,PIN
65829510,55c2fb30-e111-11ef-a5fd-a97d57576080,Estancia MHP-CUST,15147/256,11,16128,295,NOT FLIPPED,,4072,MED,-3893,edge,3863,9,NOT FLIPPED,LOW,1,PIN
65826706,0e60d930-e0e7-11ef-a5fd-a97d57576080,Estancia MHP-CUST,15147/256,36,15147,256,NOT FLIPPED,,6000,MED,111,edge,5642,2,NOT FLIPPED,LOW,1,PIN
65824123,4e5c2510-e111-11ef-a5fd-a97d57576080,Estancia MHP-CUST,15147/256,37,16128,295,NOT FLIPPED,NOT FLIPPED,0,,,,0,0,,NO-DRAWS,,ATTR-PRESENT
65826342,58c82220-e304-11ef-a5fd-a97d57576080,Estancia MHP-CUST,15147/256,101,15147,256,NOT FLIPPED,,6000,MED,-6,edge,5884,0,NOT FLIPPED,LOW,1,PIN
65823125,7bced210-e308-11ef-a5fd-a97d57576080,Estancia MHP-CUST,15147/256,148,15147,256,NOT FLIPPED,,6000,MED,589,largest,540,5,NOT FLIPPED,LOW,1,PIN
65821970,afc6b510-e30d-11ef-a5fd-a97d57576080,Estancia MHP-CUST,15147/256,52,15147,256,FLIPPED,,6000,MED,342,edge,0,5870,FLIPPED,LOW,2,PIN
65827233,802e3490-e308-11ef-a5fd-a97d57576080,Estancia MHP-CUST,15147/256,65,15147,256,NOT FLIPPED,,6000,MED,30,edge,5756,0,NOT FLIPPED,LOW,1,PIN
65828199,76bcc060-e313-11ef-a5fd-a97d57576080,Estancia MHP-CUST,15147/256,107,16128,295,NOT FLIPPED,,6000,MED,-85,edge,5551,0,NOT FLIPPED,LOW,1,PIN
65822556,0ea89170-e4d5-11ef-a76f-4d93d4a482f0,Estancia MHP-CUST,15147/256,88,15147,256,NOT FLIPPED,,6000,MED,606,edge,3754,48,NOT FLIPPED,LOW,1,PIN
65830666,22549000-e4dc-11ef-a76f-4d93d4a482f0,Estancia MHP-CUST,15147/256,103,16185,314,NOT FLIPPED,,5999,MED,128,edge,5568,19,NOT FLIPPED,LOW,1,PIN
65830484,683342f0-e4dd-11ef-a76f-4d93d4a482f0,Estancia MHP-CUST,15147/256,147,15147,256,NOT FLIPPED,,5999,MED,172,edge,2537,0,NOT FLIPPED,LOW,1,PIN
65824768,24d4ab30-e4dc-11ef-a76f-4d93d4a482f0,Estancia MHP-CUST,15147/256,122,15147,256,NOT FLIPPED,,6000,MED,110,edge,4888,13,NOT FLIPPED,LOW,1,PIN
68618634,757eff90-e4dc-11ef-a76f-4d93d4a482f0,Estancia MHP-CUST,15147/256,145,16185,314,NOT FLIPPED,NOT FLIPPED,5998,MED,130,edge,4105,7,NOT FLIPPED,LOW,,ATTR-OK
65829981,b1acbac0-e4dc-11ef-a76f-4d93d4a482f0,Estancia MHP-CUST,15147/256,119,16128,295,NOT FLIPPED,NOT FLIPPED,6000,MED,-107,edge,5686,9,NOT FLIPPED,LOW,,ATTR-OK
65830161,26e987c0-e5a8-11ef-a76f-4d93d4a482f0,Estancia MHP-CUST,15147/256,154,15147,256,NOT FLIPPED,,5999,MED,52,edge,5297,70,NOT FLIPPED,LOW,1,PIN
65830567,2cad68c0-e657-11ef-bcd4-5bcca9a9134f,Estancia MHP-CUST,15147/256,138,16185,314,NOT FLIPPED,,6000,MED,-1,edge,5607,0,NOT FLIPPED,LOW,1,PIN
65830138,2d5f7ab0-e657-11ef-bcd4-5bcca9a9134f,Estancia MHP-CUST,15147/256,131,15147,256,NOT FLIPPED,NOT FLIPPED,6000,MED,1199,largest,9,0,no draws,NO-DRAWS,,NO-DRAWS
65824172,2ddfa730-e657-11ef-bcd4-5bcca9a9134f,Estancia MHP-CUST,15147/256,174,15147,256,NOT FLIPPED,,6000,MED,267,edge,5770,11,NOT FLIPPED,LOW,1,PIN
65825807,08154020-e984-11ef-b35e-23eef2ba43da,Estancia MHP-CUST,15147/256,166 ,15147,256,NOT FLIPPED,,6000,MED,1543,largest,0,0,no draws,NO-DRAWS,,NO-DRAWS
65824347,104bb090-26b4-11f0-8272-45e3ef110760,Estancia MHP-CUST,15147/256,127,15147,256,FLIPPED,,5999,MED,194,edge,30,5055,FLIPPED,LOW,2,PIN
65822846,144a0750-26b4-11f0-8272-45e3ef110760,Estancia MHP-CUST,15147/256,104,15147,256,FLIPPED,,3000,MED,62,edge,2,2352,FLIPPED,LOW,2,PIN
77060194,2bd05e10-26b4-11f0-8272-45e3ef110760,Estancia MHP-CUST,15147/256,61,15147,256,FLIPPED,FLIPPED,32,,,,0,0,,NO-DRAWS,,NO-DRAWS
77054007,9bfbf180-3524-11f0-8e55-b138a1c03c8e,Estancia MHP-CUST,15147/256,38,15147,256,NOT FLIPPED,NOT FLIPPED,6000,MED,1000,largest,0,0,no draws,NO-DRAWS,,NO-DRAWS
77055566,ca40bb20-3524-11f0-8e55-b138a1c03c8e,Estancia MHP-CUST,15147/256,20,16185,314,NOT FLIPPED,,5999,MED,,,0,0,,AMBIGUOUS-ZERO,,AMBIGUOUS-ZERO
77041772,83ef8f70-3db7-11f0-8e55-b138a1c03c8e,Estancia MHP-CUST,15147/256,58,15147,256,NOT FLIPPED,,6000,MED,-120,edge,5721,0,NOT FLIPPED,LOW,1,PIN
70270580,180e8a90-52c0-11f0-acb1-514e01860b07,Estancia MHP-CUST,15147/256,162,16185,314,UNKNOWN,,0,,,,0,0,,NO-DRAWS,,NO-DATA
70263395,0a844e20-5bb0-11f0-9fcd-87e94e720126,Estancia MHP-CUST,15147/256,33,15147,256,NOT FLIPPED,,6000,MED,-269,edge,2215,127,NOT FLIPPED,LOW,1,PIN
70265473,1e398330-5bb1-11f0-9fcd-87e94e720126,Estancia MHP-CUST,15147/256,3,15147,256,FLIPPED,,5999,MED,-91,edge,4,5398,FLIPPED,LOW,2,PIN
77059303,71d0a260-5c21-11f0-9fcd-87e94e720126,Estancia MHP-CUST,15147/256,130,15147,256,FLIPPED,,6000,MED,-93,edge,1,5854,FLIPPED,LOW,2,PIN
70261886,01b8a5b0-6133-11f0-9fcd-87e94e720126,Estancia MHP-CUST,15147/256,111,15147,256,FLIPPED,,6000,MED,-69,edge,1,5494,FLIPPED,LOW,2,PIN
70265093,cb039600-62c3-11f0-8658-7f4e94e41769,Estancia MHP-CUST,15147/256,41,15147,256,NOT FLIPPED,NOT FLIPPED,6000,MED,412,edge,3072,0,NOT FLIPPED,LOW,,ATTR-OK
70260383,b6b284e0-668d-11f0-8658-7f4e94e41769,Estancia MHP-CUST,15147/256,102,16185,314,FLIPPED,,5999,MED,3,edge,2,3792,FLIPPED,LOW,2,PIN
70261423,b99e4870-66b4-11f0-8658-7f4e94e41769,Estancia MHP-CUST,15147/256,46,15147,256,FLIPPED,,6000,MED,-618,largest,0,1465,FLIPPED,LOW,2,PIN
72722905,97b03230-c42b-11f0-9842-6d029661c338,Estancia MHP-CUST,15147/256,181,16185,314,FLIPPED,,6000,MED,6,edge,1,5713,FLIPPED,LOW,2,PIN
75364032,3caef5c0-069c-11f1-a3d9-c99c67c82bc1,Estancia MHP-CUST,15147/256,76,15147,256,FLIPPED,,6000,MED,-310,edge,0,4031,FLIPPED,LOW,2,PIN
75370302,377ab710-069c-11f1-a3d9-c99c67c82bc1,Estancia MHP-CUST,15147/256,66,16128,295,NOT FLIPPED,,0,,,,0,0,,NO-DRAWS,,REPORTED-ONLY
72717202,1b9a4b50-c89e-11f0-9842-6d029661c338,Estancia MHP-CUST,15147/256,171,15147,256,FLIPPED,,5673,MED,64,edge,17,5220,FLIPPED,LOW,2,PIN
75372209,89f128d0-06b0-11f1-a3d9-c99c67c82bc1,Estancia MHP-CUST,15147/256,8,15147,256,NOT FLIPPED,,6000,MED,-3,edge,4519,1,NOT FLIPPED,LOW,1,PIN
75372712,02d34870-06be-11f1-a3d9-c99c67c82bc1,Estancia MHP-CUST,15147/256,1,15147,256,NOT FLIPPED,,6000,MED,1044,largest,0,0,no draws,NO-DRAWS,,NO-DRAWS
75366490,075ec400-06be-11f1-a3d9-c99c67c82bc1,Estancia MHP-CUST,15147/256,99,15147,256,FLIPPED,,5999,MED,-133,edge,0,5352,FLIPPED,LOW,2,PIN
75361889,10efcd20-06be-11f1-a3d9-c99c67c82bc1,Estancia MHP-CUST,15147/256,5,15147,256,NOT FLIPPED,,5998,MED,19,edge,4703,0,NOT FLIPPED,LOW,1,PIN
72723945,12c59e90-06be-11f1-a3d9-c99c67c82bc1,Estancia MHP-CUST,15147/256,106,16185,314,FLIPPED,FLIPPED,5999,MED,186,edge,1,5675,FLIPPED,LOW,,ATTR-OK
65827209,af5e7500-e58c-11ef-a76f-4d93d4a482f0,Estancia MHP-CUST,15147/256,156,15147,256,NOT FLIPPED,,6000,MED,-308,edge,3684,0,NOT FLIPPED,LOW,1,PIN
65824511,9bed3cd0-e646-11ef-bcd4-5bcca9a9134f,Estancia MHP-CUST,15147/256,135,16128,295,NOT FLIPPED,NOT FLIPPED,3434,MED,,,0,0,,AMBIGUOUS-ZERO,,AMBIGUOUS-ZERO
70264898,02ce0d50-6133-11f0-9fcd-87e94e720126,Estancia MHP-CUST,15147/256,89,16185,314,FLIPPED,,6000,MED,,,0,0,,AMBIGUOUS-ZERO,,AMBIGUOUS-ZERO
65828249,cc14ddd0-be52-11ef-8f43-73c96c0de66f,Estancia MHP-CUST,15147/256,39,15147,256,NOT FLIPPED,,6000,MED,-105,edge,5132,4,NOT FLIPPED,LOW,1,PIN
75368355,08692f20-06be-11f1-a3d9-c99c67c82bc1,Estancia MHP-CUST,15147/256,23,15147,256,FLIPPED,FLIPPED,6000,MED,-696,largest,54,3827,FLIPPED,LOW,,ATTR-OK
72713839,088876f0-06be-11f1-a3d9-c99c67c82bc1,Estancia MHP-CUST,15147/256,110,16022,260,FLIPPED,FLIPPED,5999,MED,0,edge,46,4910,FLIPPED,LOW,,ATTR-OK
75373355,c814e6a0-06bb-11f1-a3d9-c99c67c82bc1,Estancia MHP-CUST,15147/256,140,15147,256,FLIPPED,FLIPPED,6000,MED,-425,edge,0,1399,FLIPPED,LOW,,ATTR-OK
75373322,cb442d90-06bb-11f1-a3d9-c99c67c82bc1,Estancia MHP-CUST,15147/256,132,15147,256,FLIPPED,,5999,MED,-282,edge,11,4670,FLIPPED,LOW,2,PIN
75365161,a3cb9e30-06af-11f1-a3d9-c99c67c82bc1,Estancia MHP-CUST,15147/256,96,15147,256,FLIPPED,,6000,MED,212,edge,0,5260,FLIPPED,LOW,2,PIN
75370138,89eb78f0-06af-11f1-a3d9-c99c67c82bc1,Estancia MHP-CUST,15147/256,10,15147,256,FLIPPED,,6000,MED,509,edge,0,5614,FLIPPED,LOW,2,PIN
72719364,76857cb0-06ab-11f1-a3d9-c99c67c82bc1,Estancia MHP-CUST,15147/256,55,15147,256,FLIPPED,,6000,MED,-136,edge,0,5967,FLIPPED,LOW,2,PIN
75374767,75d30450-06a5-11f1-a3d9-c99c67c82bc1,Estancia MHP-CUST,15147/256,128,15147,256,FLIPPED,,6000,MED,-494,edge,1,1175,FLIPPED,LOW,2,PIN
70267891,00b4eb10-c89e-11f0-9842-6d029661c338,Estancia MHP-CUST,15147/256,170,15147,256,NOT FLIPPED,,6000,MED,143,edge,5831,0,NOT FLIPPED,LOW,1,PIN
75363398,08538ca0-06b0-11f1-a3d9-c99c67c82bc1,Estancia MHP-CUST,15147/256,90,16185,314,FLIPPED,,6000,MED,-7469,largest,0,0,no draws,NO-DRAWS,,NO-DRAWS
72723556,3300eec0-069c-11f1-a3d9-c99c67c82bc1,Estancia MHP-CUST,15147/256,67,15147,256,FLIPPED,,0,,,,0,0,,NO-DRAWS,,REPORTED-ONLY
72723457,3c78f1a0-069c-11f1-a3d9-c99c67c82bc1,Estancia MHP-CUST,15147/256,68,16185,314,FLIPPED,,5997,MED,-102,edge,0,5198,FLIPPED,LOW,2,PIN
72724125,2ae5e3d0-069c-11f1-a3d9-c99c67c82bc1,Estancia MHP-CUST,15147/256,74,15147,256,FLIPPED,,6000,MED,-92,edge,3,5364,FLIPPED,LOW,2,PIN
75373785,c852b2f0-06bb-11f1-a3d9-c99c67c82bc1,Estancia MHP-CUST,15147/256,121,15147,256,NOT FLIPPED,,6000,MED,-418,edge,4212,10,NOT FLIPPED,LOW,1,PIN
75367951,1ed0ffe0-06a5-11f1-a3d9-c99c67c82bc1,Estancia MHP-CUST,15147/256,69,15147,256,NOT FLIPPED,,5999,MED,-42,edge,5572,0,NOT FLIPPED,LOW,1,PIN
75362879,52b7be20-06a5-11f1-a3d9-c99c67c82bc1,Estancia MHP-CUST,15147/256,161,15147,256,NOT FLIPPED,NOT FLIPPED,6000,MED,-1792,edge,5831,25,NOT FLIPPED,LOW,,ATTR-OK
72720750,003a4680-069c-11f1-a3d9-c99c67c82bc1,Estancia MHP-CUST,15147/256,93,15147,256,NOT FLIPPED,,6000,MED,-289,edge,4107,5,NOT FLIPPED,LOW,1,PIN
75372027,9c7a7e80-06a5-11f1-a3d9-c99c67c82bc1,Estancia MHP-CUST,15147/256,51,15147,256,FLIPPED,,6000,MED,-610,edge,6,570,FLIPPED,LOW,2,PIN
72715883,187bc1b0-c8a8-11f0-9842-6d029661c338,Estancia MHP-CUST,15147/256,177,15147,256,FLIPPED,,6000,MED,-302,edge,11,3323,FLIPPED,LOW,2,PIN
75371581,55e9c430-06a5-11f1-a3d9-c99c67c82bc1,Estancia MHP-CUST,15147/256,48,15147,256,FLIPPED,,0,,,,0,0,,NO-DRAWS,,REPORTED-ONLY
72721741,94646290-c42b-11f0-9842-6d029661c338,Estancia MHP-CUST,15147/256,180,16185,314,FLIPPED,FLIPPED,664,MED,-275,edge,91,120,ambiguous,NO-DRAWS,,NO-DRAWS
72722350,21ec7d20-c89e-11f0-9842-6d029661c338,Estancia MHP-CUST,15147/256,168,15147,256,FLIPPED,,0,,,,0,0,,NO-DRAWS,,REPORTED-ONLY
75368546,1049f030-06be-11f1-a3d9-c99c67c82bc1,Estancia MHP-CUST,15147/256,24,15147,256,NOT FLIPPED,NOT FLIPPED,5998,MED,499,edge,1935,0,NOT FLIPPED,LOW,,ATTR-OK
75374684,0256c570-06be-11f1-a3d9-c99c67c82bc1,Estancia MHP-CUST,15147/256,100,15147,256,NOT FLIPPED,,6000,MED,190,edge,5182,4,NOT FLIPPED,LOW,1,PIN
75372613,0c488c30-06be-11f1-a3d9-c99c67c82bc1,Estancia MHP-CUST,15147/256,16,16185,314,NOT FLIPPED,,5998,MED,51,edge,5148,0,NOT FLIPPED,LOW,1,PIN
75373249,255b8850-06bc-11f1-a3d9-c99c67c82bc1,Estancia MHP-CUST,15147/256,62,15147,256,FLIPPED,FLIPPED,0,,,,0,0,,NO-DRAWS,,ATTR-PRESENT
65828108,7e688ec0-e313-11ef-a5fd-a97d57576080,Estancia MHP-CUST,15147/256,108,16128,295,NOT FLIPPED,,0,,,,0,0,,NO-DRAWS,,REPORTED-ONLY
70261845,b65034e0-6672-11f0-8658-7f4e94e41769,Estancia MHP-CUST,15147/256,84,15147,256,FLIPPED,,6000,MED,1094,edge,0,5721,FLIPPED,LOW,2,PIN
70264724,87a64110-524b-11f0-acb1-514e01860b07,Estancia MHP-CUST,15147/256,80,16185,314,UNKNOWN,,0,,,,0,0,,NO-DRAWS,,NO-DATA
75360287,951e0180-47f4-11f1-969c-6109d9dfb138,Estancia MHP-CUST,15147/256,40,16185,314,FLIPPED,FLIPPED,6000,MED,-57,edge,7,5700,FLIPPED,LOW,,ATTR-OK
75361467,0c09fc90-06be-11f1-a3d9-c99c67c82bc1,Estancia MHP-CUST,15147/256,172,15147,256,NOT FLIPPED,,6,,,,0,0,,NO-DRAWS,,REPORTED-ONLY
65831938,ca43ee60-be52-11ef-8f43-73c96c0de66f,Estancia MHP-CUST,15147/256,21,15147,256,FLIPPED,,5999,MED,181,edge,0,5671,FLIPPED,LOW,2,PIN
65824040,3a141780-1bf8-11f0-8272-45e3ef110760,Estancia MHP-CUST,15147/256,149,15147,256,FLIPPED,FLIPPED,6,,,,0,0,,NO-DRAWS,,ATTR-PRESENT
65825559,46422150-01db-11f0-92a4-09772dfb61f8,Estancia MHP-CUST,15147/256,83,15147,256,NOT FLIPPED,,959,MED,190,edge,347,0,NOT FLIPPED,LOW,1,PIN
65822010,d8938040-e30d-11ef-a5fd-a97d57576080,Estancia MHP-CUST,15147/256,133,15147,256,FLIPPED,,6000,MED,-107,edge,6,4466,FLIPPED,LOW,2,PIN
65825955,f5e1ca30-e30d-11ef-a5fd-a97d57576080,Estancia MHP-CUST,15147/256,86,15147,256,NOT FLIPPED,,6000,MED,135,edge,5829,10,NOT FLIPPED,LOW,1,PIN
65822036,e86129a0-e308-11ef-a5fd-a97d57576080,Estancia MHP-CUST,15147/256,120,16022,260,NOT FLIPPED,,6000,MED,64,edge,4962,10,NOT FLIPPED,LOW,1,PIN
65831920,d117e9a0-e30d-11ef-a5fd-a97d57576080,Estancia MHP-CUST,15147/256,54 ,15147,256,NOT FLIPPED,,6000,MED,481,edge,4485,0,NOT FLIPPED,LOW,1,PIN
65823075,efce81c0-e721-11ef-bcd4-5bcca9a9134f,Estancia MHP-CUST,15147/256,43,15147,256,NOT FLIPPED,,6000,MED,1549,largest,566,0,NOT FLIPPED,LOW,1,PIN
65827688,ed3c6300-e983-11ef-b35e-23eef2ba43da,Estancia MHP-CUST,15147/256,129,15147,256,NOT FLIPPED,NOT FLIPPED,6000,MED,220,edge,5303,19,NOT FLIPPED,LOW,,ATTR-OK
70267974,d82cc0f0-5223-11f0-acb1-514e01860b07,Estancia MHP-CUST,15147/256,165,15147,256,FLIPPED,,5999,MED,-288,edge,1,5710,FLIPPED,LOW,2,PIN
75361350,e68ec5d0-069b-11f1-a3d9-c99c67c82bc1,Estancia MHP-CUST,15147/256,85,16185,314,FLIPPED,,5999,MED,-438,edge,78,2228,FLIPPED,LOW,2,PIN
70272008,fc0a2df0-6132-11f0-9fcd-87e94e720126,Estancia MHP-CUST,15147/256,91,15147,256,NOT FLIPPED,,6000,MED,-1003,edge,5603,4,NOT FLIPPED,LOW,1,PIN
70265291,feaee820-6132-11f0-9fcd-87e94e720126,Estancia MHP-CUST,15147/256,18,15147,256,NOT FLIPPED,,5999,MED,744,largest,2723,52,NOT FLIPPED,LOW,1,PIN
70258734,feb55b50-6133-11f0-9fcd-87e94e720126,Estancia MHP-CUST,15147/256,143,15147,256,FLIPPED,,6000,MED,-43,edge,0,5763,FLIPPED,LOW,2,PIN
70259849,d20bf1f0-66b4-11f0-8658-7f4e94e41769,Estancia MHP-CUST,15147/256,22,15147,256,NOT FLIPPED,,6000,MED,-141,edge,5832,0,NOT FLIPPED,LOW,1,PIN
72722806,f2a05f50-069b-11f1-a3d9-c99c67c82bc1,Estancia MHP-CUST,15147/256,71,15147,256,NOT FLIPPED,,454,MED,429,edge,414,0,NOT FLIPPED,LOW,1,PIN
70272396,d71f51a0-c89d-11f0-9842-6d029661c338,Estancia MHP-CUST,15147/256,178,15147,256,FLIPPED,,0,,,,0,0,,NO-DRAWS,,REPORTED-ONLY
75374049,cd614660-06a9-11f1-a3d9-c99c67c82bc1,Estancia MHP-CUST,15147/256,25,15147,256,NOT FLIPPED,NOT FLIPPED,6000,MED,357,edge,5914,0,NOT FLIPPED,LOW,,ATTR-OK
75360436,d68ea680-06bb-11f1-a3d9-c99c67c82bc1,Estancia MHP-CUST,15147/256,136,15147,256,NOT FLIPPED,,6000,MED,497,edge,5240,27,NOT FLIPPED,LOW,1,PIN
75372514,d50a5070-06bb-11f1-a3d9-c99c67c82bc1,Estancia MHP-CUST,15147/256,35,15147,256,NOT FLIPPED,,6000,MED,-952,edge,5631,5,NOT FLIPPED,LOW,1,PIN
75372571,cfdfd5c0-06bb-11f1-a3d9-c99c67c82bc1,Estancia MHP-CUST,15147/256,28,15147,256,NOT FLIPPED,,6000,MED,-18,edge,3085,0,NOT FLIPPED,LOW,1,PIN
75373926,d6227730-06bb-11f1-a3d9-c99c67c82bc1,Estancia MHP-CUST,15147/256,146,15147,256,NOT FLIPPED,,6000,MED,-531,edge,5852,0,NOT FLIPPED,LOW,1,PIN
75372431,d1808d70-06bb-11f1-a3d9-c99c67c82bc1,Estancia MHP-CUST,15147/256,116,15147,256,FLIPPED,,5999,MED,74,edge,0,5432,FLIPPED,LOW,2,PIN
72723655,ff91d910-06bd-11f1-a3d9-c99c67c82bc1,Estancia MHP-CUST,15147/256,14,15147,256,NOT FLIPPED,,6000,MED,167,edge,5785,1,NOT FLIPPED,LOW,1,PIN
75373900,fdd709b0-06bd-11f1-a3d9-c99c67c82bc1,Estancia MHP-CUST,15147/256,32,16185,314,NOT FLIPPED,,6000,MED,14,edge,5624,0,NOT FLIPPED,LOW,1,PIN
75372381,de356bd0-06bb-11f1-a3d9-c99c67c82bc1,Estancia MHP-CUST,15147/256,139,15147,256,FLIPPED,,6000,MED,-158,edge,0,5328,FLIPPED,LOW,2,PIN
72714829,ecdabda0-06bd-11f1-a3d9-c99c67c82bc1,Estancia MHP-CUST,15147/256,109,16185,314,FLIPPED,,6000,MED,31,edge,0,5774,FLIPPED,LOW,2,PIN
75370724,fe8969c0-06bd-11f1-a3d9-c99c67c82bc1,Estancia MHP-CUST,15147/256,95,15147,256,NOT FLIPPED,,5998,MED,181,edge,5618,14,NOT FLIPPED,LOW,1,PIN
75373165,d9562af0-06bb-11f1-a3d9-c99c67c82bc1,Estancia MHP-CUST,15147/256,97,16128,295,NOT FLIPPED,,617,MED,,,0,0,,AMBIGUOUS-ZERO,,AMBIGUOUS-ZERO
72713771,e32d3dc0-06bb-11f1-a3d9-c99c67c82bc1,Estancia MHP-CUST,15147/256,126,15147,256,NOT FLIPPED,,6000,MED,-8,edge,5470,21,NOT FLIPPED,LOW,1,PIN
75364636,d6b0d480-06bb-11f1-a3d9-c99c67c82bc1,Estancia MHP-CUST,15147/256,153,15147,256,NOT FLIPPED,,5999,MED,-81,edge,5594,4,NOT FLIPPED,LOW,1,PIN
72724117,d97a54c0-06bb-11f1-a3d9-c99c67c82bc1,Estancia MHP-CUST,15147/256,164,15147,256,FLIPPED,,6000,MED,-510,edge,0,5293,FLIPPED,LOW,2,PIN
75373777,d9cf5290-06bb-11f1-a3d9-c99c67c82bc1,Estancia MHP-CUST,15147/256,151,15147,256,FLIPPED,,6000,MED,-6,edge,0,5672,FLIPPED,LOW,2,PIN
72717418,d6a589e0-06bb-11f1-a3d9-c99c67c82bc1,Estancia MHP-CUST,15147/256,144,15147,256,FLIPPED,,5999,MED,-4,edge,22,5325,FLIPPED,LOW,2,PIN
65825898,f8258de0-e669-11ef-bcd4-5bcca9a9134f,Estancia MHP-CUST,15147/256,176,15147,256,NOT FLIPPED,,6000,MED,118,edge,5566,3,NOT FLIPPED,LOW,1,PIN
65830757,d7c38420-e4d0-11ef-a76f-4d93d4a482f0,Estancia MHP-CUST,15147/256,87,16022,260,NOT FLIPPED,,6000,MED,-74,edge,5154,15,NOT FLIPPED,LOW,1,PIN
75374189,de2843e0-06a4-11f1-a3d9-c99c67c82bc1,Estancia MHP-CUST,15147/256,31,15147,256,FLIPPED,,6000,MED,-127,edge,0,4851,FLIPPED,LOW,2,PIN
75365229,eb28d140-06a4-11f1-a3d9-c99c67c82bc1,Estancia MHP-CUST,15147/256,12,16022,260,FLIPPED,FLIPPED,6000,MED,-1327,largest,0,1440,FLIPPED,LOW,,ATTR-OK
75374486,ea3bd930-06a4-11f1-a3d9-c99c67c82bc1,Estancia MHP-CUST,15147/256,45,16185,314,FLIPPED,FLIPPED,44,MED,,,0,0,,AMBIGUOUS-ZERO,,AMBIGUOUS-ZERO
75361541,f70b3380-069b-11f1-a3d9-c99c67c82bc1,Estancia MHP-CUST,15147/256,63,16185,314,NOT FLIPPED,,301,MED,709,edge,43,11,NOT FLIPPED,LOW,1,PIN
75360923,eec15e20-06a0-11f1-a3d9-c99c67c82bc1,Estancia MHP-CUST,15147/256,56,15147,256,FLIPPED,FLIPPED,5999,MED,-232,edge,0,4678,FLIPPED,LOW,,ATTR-OK
72724265,fbf48680-069b-11f1-a3d9-c99c67c82bc1,Estancia MHP-CUST,15147/256,70,15147,256,NOT FLIPPED,,5999,MED,-538,edge,5677,2,NOT FLIPPED,LOW,1,PIN
72724109,ed614b30-069b-11f1-a3d9-c99c67c82bc1,Estancia MHP-CUST,15147/256,72,15147,256,NOT FLIPPED,,6000,MED,-143,edge,5178,0,NOT FLIPPED,LOW,1,PIN
75361228,eb1cd110-06a9-11f1-a3d9-c99c67c82bc1,Estancia MHP-CUST,15147/256,26,15147,256,NOT FLIPPED,,5999,MED,-105,edge,5582,0,NOT FLIPPED,LOW,1,PIN
75366797,d5d345c0-06bb-11f1-a3d9-c99c67c82bc1,Estancia MHP-CUST,15147/256,105,15147,256,FLIPPED,,6000,MED,64,edge,0,5822,FLIPPED,LOW,2,PIN
72724166,e10a7c40-06a4-11f1-a3d9-c99c67c82bc1,Estancia MHP-CUST,15147/256,169,15147,256,NOT FLIPPED,,1467,MED,,,0,0,,AMBIGUOUS-ZERO,,AMBIGUOUS-ZERO
75366664,e8ba5860-069b-11f1-a3d9-c99c67c82bc1,Estancia MHP-CUST,15147/256,77,15147,256,FLIPPED,,6000,MED,-1138,largest,1,253,FLIPPED,LOW,2,PIN
75363802,e72375a0-06a4-11f1-a3d9-c99c67c82bc1,Estancia MHP-CUST,15147/256,29,15147,256,NOT FLIPPED,,6000,MED,,,0,0,,AMBIGUOUS-ZERO,,AMBIGUOUS-ZERO
75361491,ffa643e0-069b-11f1-a3d9-c99c67c82bc1,Estancia MHP-CUST,15147/256,64,15147,256,FLIPPED,,6000,MED,-499,edge,0,3365,FLIPPED,LOW,2,PIN
72724000,fbc427b0-069b-11f1-a3d9-c99c67c82bc1,Estancia MHP-CUST,15147/256,57,15147,256,FLIPPED,,6000,MED,-195,edge,0,3357,FLIPPED,LOW,2,PIN
75374692,ea6496e0-06a4-11f1-a3d9-c99c67c82bc1,Estancia MHP-CUST,15147/256,142,15147,256,FLIPPED,,6000,MED,-829,largest,0,723,FLIPPED,LOW,2,PIN
75374056,e5cd0d60-06a4-11f1-a3d9-c99c67c82bc1,Estancia MHP-CUST,15147/256,2,16185,314,FLIPPED,,5998,MED,3,edge,24,1525,FLIPPED,LOW,2,PIN
75364198,ef871160-069b-11f1-a3d9-c99c67c82bc1,Estancia MHP-CUST,15147/256,30,15147,256,NOT FLIPPED,,5999,MED,-152,edge,5317,14,NOT FLIPPED,LOW,1,PIN
65822978,fb386780-d955-11ef-b6c0-d371c5346bb9,Estancia MHP-CUST,15147/256,124,16185,314,FLIPPED,,0,,,,0,0,,NO-DRAWS,,REPORTED-ONLY
75370716,d3224e00-06a4-11f1-a3d9-c99c67c82bc1,Estancia MHP-CUST,15147/256,157,15147,256,FLIPPED,,0,,,,0,0,,NO-DRAWS,,REPORTED-ONLY
72719398,f742e550-069b-11f1-a3d9-c99c67c82bc1,Estancia MHP-CUST,15147/256,59,15147,256,NOT FLIPPED,,6000,MED,-137,edge,5406,1,NOT FLIPPED,LOW,1,PIN
72719422,ff763330-069b-11f1-a3d9-c99c67c82bc1,Estancia MHP-CUST,15147/256,75,16022,260,NOT FLIPPED,NOT FLIPPED,6000,MED,118,edge,5567,0,NOT FLIPPED,LOW,,ATTR-OK
72714662,0953d3d0-c821-11f0-9842-6d029661c338,Patrick 5YR,362/209,1,362,209,NOT FLIPPED,,5588,MED,,,0,0,,AMBIGUOUS-ZERO,,AMBIGUOUS-ZERO
72722707,8dc29c00-c75e-11f0-9842-6d029661c338,Patrick 5YR,362/209,3,362,209,NOT FLIPPED,,6000,MED,,,0,0,,AMBIGUOUS-ZERO,,AMBIGUOUS-ZERO
65827746,19250560-be5c-11ef-8f43-73c96c0de66f,Whispering Pines Mobile Estates-CUST,362/209,105,362,209,FLIPPED,FLIPPED,5997,MED,,,0,0,,AMBIGUOUS-ZERO,,AMBIGUOUS-ZERO
65830278,2e892120-e5a8-11ef-a76f-4d93d4a482f0,Whispering Pines Mobile Estates-CUST,362/209,700,362,209,NOT FLIPPED,NOT FLIPPED,5999,MED,,,0,0,,AMBIGUOUS-ZERO,,AMBIGUOUS-ZERO
72390766,70207550-8479-11f0-8b4a-0d0197d44616,Whispering Pines Mobile Estates-CUST,362/209,412,362,209,FLIPPED,FLIPPED,5994,MED,,,0,0,,AMBIGUOUS-ZERO,,AMBIGUOUS-ZERO
72389289,6bd967e0-9342-11f0-ac3b-59f8170a8dd3,Whispering Pines Mobile Estates-CUST,362/209,211,16022,260,NOT FLIPPED,NOT FLIPPED,980,MED,107,edge,788,0,NOT FLIPPED,LOW,,ATTR-OK
72385121,b8c89c90-9a33-11f0-b5af-5dfa9891b485,Whispering Pines Mobile Estates-CUST,362/209,315,362,209,FLIPPED,FLIPPED,5999,MED,-156,largest=edge,0,4788,FLIPPED,LOW,,ATTR-OK
72386848,bca70f40-9a33-11f0-b5af-5dfa9891b485,Whispering Pines Mobile Estates-CUST,362/209,219,362,209,FLIPPED,FLIPPED,5998,MED,,,0,0,,AMBIGUOUS-ZERO,,AMBIGUOUS-ZERO
72388273,82b00a30-9a33-11f0-b5af-5dfa9891b485,Whispering Pines Mobile Estates-CUST,362/209,504,362,209,FLIPPED,FLIPPED,6000,MED,,,0,0,,AMBIGUOUS-ZERO,,AMBIGUOUS-ZERO
72388166,3b5dfd10-9a72-11f0-b5af-5dfa9891b485,Whispering Pines Mobile Estates-CUST,362/209,240,362,209,FLIPPED,FLIPPED,6000,MED,,,0,0,,AMBIGUOUS-ZERO,,AMBIGUOUS-ZERO
72384470,69154080-9e53-11f0-b5af-5dfa9891b485,Whispering Pines Mobile Estates-CUST,362/209,312,362,209,FLIPPED,FLIPPED,5999,MED,,,0,0,,AMBIGUOUS-ZERO,,AMBIGUOUS-ZERO
70270200,27bed0a0-9e59-11f0-b5af-5dfa9891b485,Whispering Pines Mobile Estates-CUST,362/209,303,16022,260,FLIPPED,FLIPPED,630,MED,66,edge,0,574,FLIPPED,LOW,,ATTR-OK
70262165,6e556610-9e53-11f0-b5af-5dfa9891b485,Whispering Pines Mobile Estates-CUST,362/209,400,16131,296,NOT FLIPPED,NOT FLIPPED,1365,MED,,,0,0,,AMBIGUOUS-ZERO,,AMBIGUOUS-ZERO
72392036,62150cb0-9e59-11f0-b5af-5dfa9891b485,Whispering Pines Mobile Estates-CUST,362/209,126,16048,272,UNKNOWN,FLIPPED,0,,,,0,0,,NO-DRAWS,,ATTR-PRESENT
70263585,5fe07970-9e59-11f0-b5af-5dfa9891b485,Whispering Pines Mobile Estates-CUST,362/209,121,362,209,NOT FLIPPED,NOT FLIPPED,6000,MED,,,0,0,,AMBIGUOUS-ZERO,,AMBIGUOUS-ZERO
70262116,1b7baa60-9e5a-11f0-b5af-5dfa9891b485,Whispering Pines Mobile Estates-CUST,362/209,201,362,209,FLIPPED,FLIPPED,6000,MED,,,0,0,,AMBIGUOUS-ZERO,,AMBIGUOUS-ZERO
72380015,4f9deb00-9e5a-11f0-b5af-5dfa9891b485,Whispering Pines Mobile Estates-CUST,362/209,127,16131,296,NOT FLIPPED,NOT FLIPPED,6000,MED,-7,edge,5827,0,NOT FLIPPED,LOW,,ATTR-OK
70265622,ac44e190-9e6b-11f0-b5af-5dfa9891b485,Whispering Pines Mobile Estates-CUST,362/209,714,16185,314,FLIPPED,FLIPPED,5999,MED,-1,edge,0,5262,FLIPPED,LOW,,ATTR-OK
70272909,e36192f0-9e6a-11f0-b5af-5dfa9891b485,Whispering Pines Mobile Estates-CUST,362/209,540,16048,272,FLIPPED,FLIPPED,0,,,,0,0,,NO-DRAWS,,ATTR-PRESENT
70272362,14595220-9e6c-11f0-b5af-5dfa9891b485,Whispering Pines Mobile Estates-CUST,362/209,523,362,209,FLIPPED,FLIPPED,69,MED,,,0,0,,AMBIGUOUS-ZERO,,AMBIGUOUS-ZERO
70260540,aecd1da0-9e6c-11f0-b5af-5dfa9891b485,Whispering Pines Mobile Estates-CUST,362/209,528,16131,296,FLIPPED,FLIPPED,6000,MED,-568,edge,1,1926,FLIPPED,LOW,,ATTR-OK
72380627,5999c940-9e6d-11f0-b5af-5dfa9891b485,Whispering Pines Mobile Estates-CUST,362/209,612,362,209,NOT FLIPPED,NOT FLIPPED,6000,MED,,,0,0,,AMBIGUOUS-ZERO,,AMBIGUOUS-ZERO
72379157,7337f190-9e6f-11f0-b5af-5dfa9891b485,Whispering Pines Mobile Estates-CUST,362/209,301,362,209,FLIPPED,FLIPPED,5996,MED,,,0,0,,AMBIGUOUS-ZERO,,AMBIGUOUS-ZERO
70273576,93c1de80-9e6f-11f0-b5af-5dfa9891b485,Whispering Pines Mobile Estates-CUST,362/209,215,16022,260,FLIPPED,FLIPPED,6000,MED,-96,edge,0,5986,FLIPPED,LOW,,ATTR-OK
70268709,f6b6d0e0-9e6f-11f0-b5af-5dfa9891b485,Whispering Pines Mobile Estates-CUST,362/209,234,362,209,FLIPPED,FLIPPED,5995,MED,,,0,0,,AMBIGUOUS-ZERO,,AMBIGUOUS-ZERO
72381377,7a5e94f0-9e70-11f0-b5af-5dfa9891b485,Whispering Pines Mobile Estates-CUST,362/209,608,362,209,NOT FLIPPED,NOT FLIPPED,5998,MED,,,0,0,,AMBIGUOUS-ZERO,,AMBIGUOUS-ZERO
72383738,7d353490-9e70-11f0-b5af-5dfa9891b485,Whispering Pines Mobile Estates-CUST,362/209,214,16131,296,NOT FLIPPED,NOT FLIPPED,6000,MED,-10,edge,5689,0,NOT FLIPPED,LOW,,ATTR-OK
72387358,e1372a20-9e70-11f0-b5af-5dfa9891b485,Whispering Pines Mobile Estates-CUST,362/209,216,362,209,FLIPPED,FLIPPED,5997,MED,,,0,0,,AMBIGUOUS-ZERO,,AMBIGUOUS-ZERO
72391442,6dc70d20-9e71-11f0-b5af-5dfa9891b485,Whispering Pines Mobile Estates-CUST,362/209,538,16048,272,FLIPPED,FLIPPED,0,,,,0,0,,NO-DRAWS,,ATTR-PRESENT
70259229,89799ab0-9e6c-11f0-b5af-5dfa9891b485,Whispering Pines Mobile Estates-CUST,362/209,712,362,209,NOT FLIPPED,NOT FLIPPED,5992,MED,,,0,0,,AMBIGUOUS-ZERO,,AMBIGUOUS-ZERO
70267453,1854c1b0-9e77-11f0-b5af-5dfa9891b485,Whispering Pines Mobile Estates-CUST,362/209,606,362,209,FLIPPED,FLIPPED,5999,MED,,,0,0,,AMBIGUOUS-ZERO,,AMBIGUOUS-ZERO
70273113,42602760-9e77-11f0-b5af-5dfa9891b485,Whispering Pines Mobile Estates-CUST,362/209,539,362,209,FLIPPED,FLIPPED,5996,MED,,,0,0,,AMBIGUOUS-ZERO,,AMBIGUOUS-ZERO
70262355,677bf880-9e77-11f0-b5af-5dfa9891b485,Whispering Pines Mobile Estates-CUST,362/209,802,16185,314,NOT FLIPPED,NOT FLIPPED,5393,MED,120,edge,456,549,ambiguous,NO-DRAWS,,NO-DRAWS
72381823,786b2530-9e77-11f0-b5af-5dfa9891b485,Whispering Pines Mobile Estates-CUST,362/209,604,362,209,NOT FLIPPED,NOT FLIPPED,5996,MED,,,0,0,,AMBIGUOUS-ZERO,,AMBIGUOUS-ZERO
72391566,27519ed0-9e78-11f0-b5af-5dfa9891b485,Whispering Pines Mobile Estates-CUST,362/209,814,362,209,NOT FLIPPED,NOT FLIPPED,6000,MED,,,0,0,,AMBIGUOUS-ZERO,,AMBIGUOUS-ZERO
70265515,f7d3f520-9e79-11f0-b5af-5dfa9891b485,Whispering Pines Mobile Estates-CUST,362/209,706,362,209,FLIPPED,FLIPPED,5996,MED,-16,largest=edge,0,4517,FLIPPED,LOW,,ATTR-OK
70259237,0fbd0550-9e7a-11f0-b5af-5dfa9891b485,Whispering Pines Mobile Estates-CUST,362/209,923,362,209,NOT FLIPPED,NOT FLIPPED,5996,MED,,,0,0,,AMBIGUOUS-ZERO,,AMBIGUOUS-ZERO
70263437,4ff9c3a0-9e7b-11f0-b5af-5dfa9891b485,Whispering Pines Mobile Estates-CUST,362/209,913,16022,260,FLIPPED,FLIPPED,5999,MED,-113,edge,0,5544,FLIPPED,LOW,,ATTR-OK
70261035,5ccde9d0-9e7b-11f0-b5af-5dfa9891b485,Whispering Pines Mobile Estates-CUST,362/209,137,362,209,FLIPPED,FLIPPED,5997,MED,,,0,0,,AMBIGUOUS-ZERO,,AMBIGUOUS-ZERO
70263205,5dc84f60-9e7b-11f0-b5af-5dfa9891b485,Whispering Pines Mobile Estates-CUST,362/209,510,362,209,NOT FLIPPED,NOT FLIPPED,6000,MED,,,0,0,,AMBIGUOUS-ZERO,,AMBIGUOUS-ZERO
70263916,85eca590-9e7b-11f0-b5af-5dfa9891b485,Whispering Pines Mobile Estates-CUST,362/209,801,362,209,FLIPPED,FLIPPED,5999,MED,,,0,0,,AMBIGUOUS-ZERO,,AMBIGUOUS-ZERO
72379470,0adbb6b0-9e7c-11f0-b5af-5dfa9891b485,Whispering Pines Mobile Estates-CUST,362/209,803,362,209,NOT FLIPPED,NOT FLIPPED,6000,MED,,,0,0,,AMBIGUOUS-ZERO,,AMBIGUOUS-ZERO
72379116,8461bca0-9e77-11f0-b5af-5dfa9891b485,Whispering Pines Mobile Estates-CUST,362/209,531,362,209,NOT FLIPPED,NOT FLIPPED,5999,MED,,,0,0,,AMBIGUOUS-ZERO,,AMBIGUOUS-ZERO
72392085,89bd0b50-9e77-11f0-b5af-5dfa9891b485,Whispering Pines Mobile Estates-CUST,362/209,813,362,209,NOT FLIPPED,NOT FLIPPED,6000,MED,,,0,0,,AMBIGUOUS-ZERO,,AMBIGUOUS-ZERO
70264252,e2bef710-9e7a-11f0-b5af-5dfa9891b485,Whispering Pines Mobile Estates-CUST,362/209,917,362,209,FLIPPED,FLIPPED,6000,MED,,,0,0,,AMBIGUOUS-ZERO,,AMBIGUOUS-ZERO
72381674,b58fb4c0-9e7d-11f0-b5af-5dfa9891b485,Whispering Pines Mobile Estates-CUST,362/209,929,362,209,NOT FLIPPED,NOT FLIPPED,5999,MED,,,0,0,,AMBIGUOUS-ZERO,,AMBIGUOUS-ZERO
72381187,b819e210-9e7d-11f0-b5af-5dfa9891b485,Whispering Pines Mobile Estates-CUST,362/209,715,362,209,FLIPPED,FLIPPED,5997,MED,,,0,0,,AMBIGUOUS-ZERO,,AMBIGUOUS-ZERO
70265671,f2e1f2c0-9e7d-11f0-b5af-5dfa9891b485,Whispering Pines Mobile Estates-CUST,362/209,602,16131,296,FLIPPED,FLIPPED,6000,MED,-19,edge,0,5642,FLIPPED,LOW,,ATTR-OK
70272776,8c3bcd50-9e7f-11f0-b5af-5dfa9891b485,Whispering Pines Mobile Estates-CUST,362/209,101,362,209,NOT FLIPPED,NOT FLIPPED,5996,MED,,,0,0,,AMBIGUOUS-ZERO,,AMBIGUOUS-ZERO
72391616,d09a0220-9e7d-11f0-b5af-5dfa9891b485,Whispering Pines Mobile Estates-CUST,362/209,532,16185,314,FLIPPED,FLIPPED,4,,,,0,0,,NO-DRAWS,,ATTR-PRESENT
70263510,d346d2a0-9e7d-11f0-b5af-5dfa9891b485,Whispering Pines Mobile Estates-CUST,362/209,541,362,209,FLIPPED,FLIPPED,5994,MED,,,0,0,,AMBIGUOUS-ZERO,,AMBIGUOUS-ZERO
70262918,0b4b4a40-9fa1-11f0-b5af-5dfa9891b485,Whispering Pines Mobile Estates-CUST,362/209,130,362,209,FLIPPED,FLIPPED,5997,MED,,,0,0,,AMBIGUOUS-ZERO,,AMBIGUOUS-ZERO
70265572,348de1b0-9fa1-11f0-b5af-5dfa9891b485,Whispering Pines Mobile Estates-CUST,362/209,227,362,209,FLIPPED,FLIPPED,5997,MED,-19,largest=edge,0,4510,FLIPPED,LOW,,ATTR-OK
70263429,c6672550-9fde-11f0-b5af-5dfa9891b485,Whispering Pines Mobile Estates-CUST,362/209,103,362,209,NOT FLIPPED,NOT FLIPPED,6000,MED,,,0,0,,AMBIGUOUS-ZERO,,AMBIGUOUS-ZERO
70268790,710e59f0-932e-11f0-ac3b-59f8170a8dd3,Whispering Pines Mobile Estates-CUST,362/209,205,362,209,FLIPPED,FLIPPED,5965,MED,,,0,0,,AMBIGUOUS-ZERO,,AMBIGUOUS-ZERO
72389305,83e86320-9a33-11f0-b5af-5dfa9891b485,Whispering Pines Mobile Estates-CUST,362/209,113,16131,296,FLIPPED,FLIPPED,5998,MED,11,edge,0,5546,FLIPPED,LOW,,ATTR-OK
72391400,cf6a5660-9e6a-11f0-b5af-5dfa9891b485,Whispering Pines Mobile Estates-CUST,362/209,511,362,209,NOT FLIPPED,NOT FLIPPED,5997,MED,,,0,0,,AMBIGUOUS-ZERO,,AMBIGUOUS-ZERO
72384736,588515e0-9fd6-11f0-b5af-5dfa9891b485,Whispering Pines Mobile Estates-CUST,362/209,204,362,209,FLIPPED,FLIPPED,5999,MED,20,largest=edge,0,4898,FLIPPED,LOW,,ATTR-OK
72391491,591e6fb0-9fd6-11f0-b5af-5dfa9891b485,Whispering Pines Mobile Estates-CUST,362/209,406,362,209,FLIPPED,FLIPPED,6000,MED,,,0,0,,AMBIGUOUS-ZERO,,AMBIGUOUS-ZERO
72378944,5c452b20-9fd6-11f0-b5af-5dfa9891b485,Whispering Pines Mobile Estates-CUST,362/209,209,362,209,FLIPPED,FLIPPED,6000,MED,,,0,0,,AMBIGUOUS-ZERO,,AMBIGUOUS-ZERO
72391095,5dfe4cd0-9fd6-11f0-b5af-5dfa9891b485,Whispering Pines Mobile Estates-CUST,362/209,222,362,209,FLIPPED,FLIPPED,6000,MED,,,0,0,,AMBIGUOUS-ZERO,,AMBIGUOUS-ZERO
72378936,5fa3bf70-9fd6-11f0-b5af-5dfa9891b485,Whispering Pines Mobile Estates-CUST,362/209,313,362,209,NOT FLIPPED,NOT FLIPPED,5998,MED,,,0,0,,AMBIGUOUS-ZERO,,AMBIGUOUS-ZERO
72378977,79379970-9fd6-11f0-b5af-5dfa9891b485,Whispering Pines Mobile Estates-CUST,362/209,322,16131,296,FLIPPED,FLIPPED,5999,MED,-16,edge,1,5811,FLIPPED,LOW,,ATTR-OK
72381682,6f74a380-9fd9-11f0-b5af-5dfa9891b485,Whispering Pines Mobile Estates-CUST,362/209,224,16131,296,FLIPPED,FLIPPED,5998,MED,-43,edge,0,5607,FLIPPED,LOW,,ATTR-OK
72391467,d177f0a0-9fde-11f0-b5af-5dfa9891b485,Whispering Pines Mobile Estates-CUST,362/209,119,362,209,NOT FLIPPED,NOT FLIPPED,5999,MED,,,0,0,,AMBIGUOUS-ZERO,,AMBIGUOUS-ZERO
72378647,a02b6540-9fde-11f0-b5af-5dfa9891b485,Whispering Pines Mobile Estates-CUST,362/209,236,362,209,FLIPPED,FLIPPED,5996,MED,,,0,0,,AMBIGUOUS-ZERO,,AMBIGUOUS-ZERO
72391277,bd03e2f0-9fde-11f0-b5af-5dfa9891b485,Whispering Pines Mobile Estates-CUST,362/209,200,362,209,FLIPPED,FLIPPED,5998,MED,,,0,0,,AMBIGUOUS-ZERO,,AMBIGUOUS-ZERO
70260565,c5904d50-9fde-11f0-b5af-5dfa9891b485,Whispering Pines Mobile Estates-CUST,362/209,210,16131,296,FLIPPED,FLIPPED,6000,MED,-13,edge,0,5821,FLIPPED,LOW,,ATTR-OK
72381831,c889de40-9fde-11f0-b5af-5dfa9891b485,Whispering Pines Mobile Estates-CUST,362/209,139,362,209,FLIPPED,FLIPPED,5998,MED,,,0,0,,AMBIGUOUS-ZERO,,AMBIGUOUS-ZERO
70266406,cb05dac0-9fde-11f0-b5af-5dfa9891b485,Whispering Pines Mobile Estates-CUST,362/209,208,362,209,FLIPPED,FLIPPED,6000,MED,,,0,0,,AMBIGUOUS-ZERO,,AMBIGUOUS-ZERO
72379595,ce391950-9fde-11f0-b5af-5dfa9891b485,Whispering Pines Mobile Estates-CUST,362/209,117,362,209,NOT FLIPPED,NOT FLIPPED,5997,MED,,,0,0,,AMBIGUOUS-ZERO,,AMBIGUOUS-ZERO
72381815,cfd38f70-9fde-11f0-b5af-5dfa9891b485,Whispering Pines Mobile Estates-CUST,362/209,308,362,209,FLIPPED,FLIPPED,6000,MED,,,0,0,,AMBIGUOUS-ZERO,,AMBIGUOUS-ZERO
72391152,d279a930-9fde-11f0-b5af-5dfa9891b485,Whispering Pines Mobile Estates-CUST,362/209,238,16048,272,FLIPPED,NOT FLIPPED,0,,,,0,0,,NO-DRAWS,,ATTR-PRESENT
72387127,fa500670-9fde-11f0-b5af-5dfa9891b485,Whispering Pines Mobile Estates-CUST,362/209,101A,362,209,NOT FLIPPED,NOT FLIPPED,5999,MED,,,0,0,,AMBIGUOUS-ZERO,,AMBIGUOUS-ZERO
72381302,a0dbad00-9fdf-11f0-b5af-5dfa9891b485,Whispering Pines Mobile Estates-CUST,362/209,136,362,209,NOT FLIPPED,NOT FLIPPED,6000,MED,,,0,0,,AMBIGUOUS-ZERO,,AMBIGUOUS-ZERO
70273105,85ff5c30-9fd9-11f0-b5af-5dfa9891b485,Whispering Pines Mobile Estates-CUST,362/209,203,362,209,NOT FLIPPED,,0,,,,0,0,,NO-DRAWS,,REPORTED-ONLY
72391293,930706c0-9fdf-11f0-b5af-5dfa9891b485,Whispering Pines Mobile Estates-CUST,362/209,133,362,209,NOT FLIPPED,NOT FLIPPED,6000,MED,,,0,0,,AMBIGUOUS-ZERO,,AMBIGUOUS-ZERO
72381336,cbf40b50-9fde-11f0-b5af-5dfa9891b485,Whispering Pines Mobile Estates-CUST,362/209,228,362,209,NOT FLIPPED,NOT FLIPPED,6000,MED,,,0,0,,AMBIGUOUS-ZERO,,AMBIGUOUS-ZERO
77028795,d9659b50-3d78-11f0-8e55-b138a1c03c8e,Whispering Pines Mobile Estates-CUST,362/209,710,362,209,FLIPPED,,6000,MED,,,0,0,,AMBIGUOUS-ZERO,,AMBIGUOUS-ZERO
68584554,13a27fa0-be5c-11ef-8f43-73c96c0de66f,Whispering Pines Mobile Estates-CUST,362/209,232,362,209,NOT FLIPPED,NOT FLIPPED,5999,MED,,,0,0,,AMBIGUOUS-ZERO,,AMBIGUOUS-ZERO
77054601,000b41f0-3d93-11f0-8e55-b138a1c03c8e,Piney Park,16185/314,65,16185,314,FLIPPED,,2877,MED,10,edge,0,2274,FLIPPED,LOW,2,PIN
77054155,04ead990-3ce6-11f0-8e55-b138a1c03c8e,Piney Park,16185/314,63,16185,314,FLIPPED,,5999,MED,-38,edge,86,5010,FLIPPED,LOW,2,PIN
77061465,0edf3860-3ce6-11f0-8e55-b138a1c03c8e,Piney Park,16185/314,35A,16185,314,FLIPPED,,6000,MED,-67,edge,78,4893,FLIPPED,LOW,2,PIN
77054619,15127080-3ce6-11f0-8e55-b138a1c03c8e,Piney Park,16185/314,16,16185,314,FLIPPED,,1902,MED,-77,edge,0,1890,FLIPPED,LOW,2,PIN
70263288,244e0200-51e8-11f0-acb1-514e01860b07,Piney Park,16185/314,42,16185,314,NOT FLIPPED,,5999,MED,132,edge,4944,0,NOT FLIPPED,LOW,1,PIN
77061762,2d925b70-40b5-11f0-8e55-b138a1c03c8e,Piney Park,16185/314,28,16185,314,NOT FLIPPED,,5999,MED,23,edge,5409,0,NOT FLIPPED,LOW,1,PIN
72378811,33349f50-9e59-11f0-b5af-5dfa9891b485,Piney Park,16185/314,25,16185,314,NOT FLIPPED,,5458,MED,91,edge,4662,0,NOT FLIPPED,LOW,1,PIN
77028878,34218a00-3cf6-11f0-8e55-b138a1c03c8e,Piney Park,16185/314,40,16185,314,FLIPPED,,5999,MED,-88,edge,22,5642,FLIPPED,LOW,2,PIN
72719851,3563a810-d7a3-11f0-b691-d965a62fa4fa,Piney Park,16185/314,66,16185,314,NOT FLIPPED,,5998,MED,11,edge,4142,9,NOT FLIPPED,LOW,1,PIN
77061457,4691ff80-3cf6-11f0-8e55-b138a1c03c8e,Piney Park,16185/314,C,16185,314,FLIPPED,,5999,MED,81,edge,0,5428,FLIPPED,LOW,2,PIN
77057281,4ae845a0-26ce-11f0-8272-45e3ef110760,Piney Park,16185/314,62,16185,314,UNKNOWN,,12,,,,0,0,,NO-DRAWS,,NO-DATA
77054650,57806040-3da3-11f0-8e55-b138a1c03c8e,Piney Park,16185/314,20,16185,314,UNKNOWN,,0,,,,0,0,,NO-DRAWS,,NO-DATA
72720347,58e6c550-d4c5-11f0-b691-d965a62fa4fa,Piney Park,16185/314,31,16185,314,FLIPPED,,6000,MED,-18,edge,0,5839,FLIPPED,LOW,2,PIN
72716477,5ba80830-d4c5-11f0-b691-d965a62fa4fa,Piney Park,16185/314,23,16185,314,FLIPPED,FLIPPED,3453,MED,11,edge,0,3349,FLIPPED,LOW,,ATTR-OK
72717145,6843b610-d4c1-11f0-b691-d965a62fa4fa,Piney Park,16185/314,14B,16185,314,NOT FLIPPED,NOT FLIPPED,6000,MED,109,edge,5489,40,NOT FLIPPED,LOW,,ATTR-OK
77056721,770fd110-4097-11f0-8e55-b138a1c03c8e,Piney Park,16185/314,30,16185,314,FLIPPED,,6000,MED,-46,edge,0,5191,FLIPPED,LOW,2,PIN
70269640,775069d0-522d-11f0-acb1-514e01860b07,Piney Park,16185/314,10,16185,314,FLIPPED,,6000,MED,76,edge,82,4594,FLIPPED,LOW,2,PIN
77053405,79bdb300-4097-11f0-8e55-b138a1c03c8e,Piney Park,16185/314,58,16185,314,FLIPPED,,5999,MED,226,edge,38,4601,FLIPPED,LOW,2,PIN
77041848,79f0a9e0-4097-11f0-8e55-b138a1c03c8e,Piney Park,16185/314,32,16185,314,FLIPPED,,5999,MED,-878,largest,0,2456,FLIPPED,LOW,2,PIN
77061275,7a5ee0c0-25d7-11f0-8272-45e3ef110760,Piney Park,16185/314,50,16185,314,NOT FLIPPED,,414,MED,-16,edge,376,0,NOT FLIPPED,LOW,1,PIN
70268501,7f849120-5224-11f0-acb1-514e01860b07,Piney Park,16185/314,13,16185,314,FLIPPED,,0,,,,0,0,,NO-DRAWS,,REPORTED-ONLY
77060236,864b8160-4097-11f0-8e55-b138a1c03c8e,Piney Park,16185/314,38,16185,314,NOT FLIPPED,,6000,MED,-31,edge,5612,17,NOT FLIPPED,LOW,1,PIN
77041954,8675ed70-3d0d-11f0-8e55-b138a1c03c8e,Piney Park,16185/314,71,16185,314,FLIPPED,FLIPPED,6000,MED,-67,edge,120,5461,FLIPPED,LOW,,ATTR-OK
77061986,96359860-3d9d-11f0-8e55-b138a1c03c8e,Piney Park,16185/314,51,16185,314,FLIPPED,,5998,MED,-98,edge,4,5146,FLIPPED,LOW,2,PIN
72716444,99cf6d50-d4c1-11f0-b691-d965a62fa4fa,Piney Park,16185/314,67,16185,314,FLIPPED,,5999,MED,160,edge,72,5337,FLIPPED,LOW,2,PIN
68612751,9d1d4cb0-cf6e-11ef-8f43-73c96c0de66f,Piney Park,16185/314,54,16185,314,NOT FLIPPED,,5999,MED,8,edge,4302,0,NOT FLIPPED,LOW,1,PIN
72390089,9f3dc800-84a2-11f0-8b4a-0d0197d44616,Piney Park,16185/314,55,16185,314,FLIPPED,,5994,MED,5,edge,0,4928,FLIPPED,LOW,2,PIN
77059287,b1fc8650-51e6-11f0-acb1-514e01860b07,Piney Park,16185/314,7,16185,314,NOT FLIPPED,,6000,MED,,,0,0,,AMBIGUOUS-ZERO,,AMBIGUOUS-ZERO
70266554,b4dd8630-51e6-11f0-acb1-514e01860b07,Piney Park,16185/314,34,16185,314,FLIPPED,,5999,MED,81,edge,5,5588,FLIPPED,LOW,2,PIN
72717392,b5b8d010-d4c1-11f0-b691-d965a62fa4fa,Piney Park,16185/314,36,16185,314,NOT FLIPPED,,6000,MED,-131,edge,5464,0,NOT FLIPPED,LOW,1,PIN
77059048,b5e7a330-51e6-11f0-acb1-514e01860b07,Piney Park,16185/314,48,16185,314,NOT FLIPPED,,0,,,,0,0,,NO-DRAWS,,REPORTED-ONLY
72721030,b6c11850-d4c1-11f0-b691-d965a62fa4fa,Piney Park,16185/314,27,16185,314,NOT FLIPPED,,4265,MED,-50,edge,4084,0,NOT FLIPPED,LOW,1,PIN
70261472,c446fd40-51e6-11f0-acb1-514e01860b07,Piney Park,16185/314,11,16185,314,FLIPPED,,5999,MED,-209,edge,8,5239,FLIPPED,LOW,2,PIN
70259666,c51fa2d0-520e-11f0-acb1-514e01860b07,Piney Park,16185/314,24,16185,314,NOT FLIPPED,NOT FLIPPED,5999,MED,73,edge,1990,0,NOT FLIPPED,LOW,,ATTR-OK
72724331,c8433630-d4c1-11f0-b691-d965a62fa4fa,Piney Park,16185/314,9,16185,314,FLIPPED,,5996,MED,106,edge,2,5051,FLIPPED,LOW,2,PIN
70270283,ca4ab9c0-520e-11f0-acb1-514e01860b07,Piney Park,16185/314,2,16185,314,NOT FLIPPED,,5999,MED,108,edge,4764,11,NOT FLIPPED,LOW,1,PIN
72724455,cd266eb0-d4c1-11f0-b691-d965a62fa4fa,Piney Park,16185/314,18,16185,314,FLIPPED,,5999,MED,-109,edge,79,5310,FLIPPED,LOW,2,PIN
77059444,ce62b300-520e-11f0-acb1-514e01860b07,Piney Park,16185/314,5,16185,314,FLIPPED,,2280,MED,6127,edge,2,2169,FLIPPED,LOW,2,PIN
70267578,cf05d0d0-520e-11f0-acb1-514e01860b07,Piney Park,16185/314,47,16185,314,NOT FLIPPED,NOT FLIPPED,5229,MED,-15,edge,4894,0,NOT FLIPPED,LOW,,ATTR-OK
77059402,dc8cf350-520e-11f0-acb1-514e01860b07,Piney Park,16185/314,22,16185,314,NOT FLIPPED,,5997,MED,73,edge,5734,0,NOT FLIPPED,LOW,1,PIN
70268378,de718540-5223-11f0-acb1-514e01860b07,Piney Park,16185/314,6,16185,314,NOT FLIPPED,,424,MED,-69,largest,119,56,NOT FLIPPED,LOW,1,PIN
77059584,e17687e0-5223-11f0-acb1-514e01860b07,Piney Park,16185/314,61,16185,314,FLIPPED,,5999,MED,81,edge,8,5042,FLIPPED,LOW,2,PIN
70265333,e9a65350-5223-11f0-acb1-514e01860b07,Piney Park,16185/314,15,16185,314,NOT FLIPPED,,37,,,,0,0,,NO-DRAWS,,NO-DRAWS
70270127,eac6c400-520e-11f0-acb1-514e01860b07,Piney Park,16185/314,21,16185,314,FLIPPED,,6000,MED,-36,edge,0,5500,FLIPPED,LOW,2,PIN
70259518,eb230840-5223-11f0-acb1-514e01860b07,Piney Park,16185/314,69,16185,314,NOT FLIPPED,NOT FLIPPED,13,,,,0,0,,NO-DRAWS,,ATTR-PRESENT
77059220,c4102940-2609-11f0-8272-45e3ef110760,Chickadee Lane MHC,16185/314,810T,16185,314,FLIPPED,FLIPPED,5999,MED,-41,edge,0,5784,FLIPPED,LOW,,ATTR-OK
77041327,cbeec770-2609-11f0-8272-45e3ef110760,Chickadee Lane MHC,16185/314,206W,16185,314,NOT FLIPPED,,5999,MED,98,edge,5029,24,NOT FLIPPED,LOW,1,PIN
77055467,cf8fbbf0-2609-11f0-8272-45e3ef110760,Chickadee Lane MHC,16185/314,825T,16131,296,NOT FLIPPED,,6000,MED,272,edge,5663,0,NOT FLIPPED,LOW,1,PIN
77028548,d8ef7be0-2609-11f0-8272-45e3ef110760,Chickadee Lane MHC,16185/314,805T,16185,314,FLIPPED,,18,,,,0,0,,NO-DRAWS,,REPORTED-ONLY
77055871,dc101cd0-2609-11f0-8272-45e3ef110760,Chickadee Lane MHC,16185/314,800T,16185,314,FLIPPED,FLIPPED,5999,MED,63,edge,0,5451,FLIPPED,LOW,,ATTR-OK
77058073,dc7658b0-2609-11f0-8272-45e3ef110760,Chickadee Lane MHC,16185/314,829,16185,314,FLIPPED,FLIPPED,6000,MED,-199,edge,0,4863,FLIPPED,LOW,,ATTR-OK
77054353,dc9c5740-2609-11f0-8272-45e3ef110760,Chickadee Lane MHC,16185/314,821T,16185,314,FLIPPED,FLIPPED,6000,MED,78,edge,7,4533,FLIPPED,LOW,,ATTR-OK
77028589,a549d360-260b-11f0-8272-45e3ef110760,Chickadee Lane MHC,16185/314,804M,16185,314,NOT FLIPPED,,5999,MED,-162,edge,5618,0,NOT FLIPPED,LOW,1,PIN
65829288,8dae09f0-2639-11f0-8272-45e3ef110760,Chickadee Lane MHC,16185/314,803T,16185,314,NOT FLIPPED,,5999,MED,411,edge,5363,20,NOT FLIPPED,LOW,1,PIN
77052282,8dd281e0-2639-11f0-8272-45e3ef110760,Chickadee Lane MHC,16185/314,810M,16185,314,NOT FLIPPED,,6000,MED,39,edge,5366,0,NOT FLIPPED,LOW,1,PIN
77029041,8f840270-2639-11f0-8272-45e3ef110760,Chickadee Lane MHC,16185/314,810,16185,314,FLIPPED,FLIPPED,6000,MED,128,edge,3,5637,FLIPPED,LOW,,ATTR-OK
77061366,9f4c3b50-2639-11f0-8272-45e3ef110760,Chickadee Lane MHC,16185/314,827,16185,314,FLIPPED,,5997,MED,91,edge,0,5645,FLIPPED,LOW,2,PIN
77029595,e8fc7330-263b-11f0-8272-45e3ef110760,Chickadee Lane MHC,16185/314,834,16185,314,NOT FLIPPED,,5999,MED,42,edge,5567,0,NOT FLIPPED,LOW,1,PIN
77029330,6c124b50-269b-11f0-8272-45e3ef110760,Chickadee Lane MHC,16185/314,814T,16185,314,FLIPPED,FLIPPED,6000,MED,15,edge,0,5559,FLIPPED,LOW,,ATTR-OK
72386343,6285fc10-8430-11f0-8b4a-0d0197d44616,Chickadee Lane MHC,16185/314,927-TOWHEE,16185,344,NOT FLIPPED,NOT FLIPPED,5999,MED,24,edge,5436,0,NOT FLIPPED,LOW,,ATTR-OK
70263726,b862ac30-84a5-11f0-8b4a-0d0197d44616,Chickadee Lane MHC,16185/314,404-QUAILCIRCLE,16185,314,FLIPPED,,5998,MED,53,edge,0,4788,FLIPPED,LOW,2,PIN
72386574,67acc670-84a2-11f0-8b4a-0d0197d44616,Chickadee Lane MHC,16185/314,822-CHICKADEE,16185,314,NOT FLIPPED,,5998,MED,144,edge,1140,267,NOT FLIPPED,LOW,1,PIN
72385196,74f3b9d0-842d-11f0-8b4a-0d0197d44616,Chickadee Lane MHC,16185/314,801-TOWHEE,16185,314,NOT FLIPPED,,6000,MED,100,edge,5576,0,NOT FLIPPED,LOW,1,PIN
72382961,08afe250-842b-11f0-8b4a-0d0197d44616,Chickadee Lane MHC,16185/314,804-CHICKADEE,16185,314,FLIPPED,,5998,MED,55,edge,0,5384,FLIPPED,LOW,2,PIN
72390444,72c8e330-8430-11f0-8b4a-0d0197d44616,Chickadee Lane MHC,16185/314,815-TOWHEE,16185,314,FLIPPED,,5999,MED,-40,edge,0,5567,FLIPPED,LOW,2,PIN
72388604,8c42ace0-842d-11f0-8b4a-0d0197d44616,Chickadee Lane MHC,16185/314,805-CHICKADEELANE,16185,314,FLIPPED,,3763,MED,9,edge,0,3554,FLIPPED,LOW,2,PIN
72386509,c99cb7d0-8495-11f0-8b4a-0d0197d44616,Chickadee Lane MHC,16185/314,928-TOWHEE,16185,314,FLIPPED,,6000,MED,2815,edge,0,5748,FLIPPED,LOW,2,PIN
70263049,c2a82b80-8495-11f0-8b4a-0d0197d44616,Chickadee Lane MHC,16185/314,201-TOWHEE,16185,314,FLIPPED,,47,,,,0,0,,NO-DRAWS,,NO-DRAWS
72382854,bfde0f00-8495-11f0-8b4a-0d0197d44616,Chickadee Lane MHC,16185/314,826-CHICKADEE,16185,314,FLIPPED,,5997,MED,-274,largest,0,3899,FLIPPED,LOW,2,PIN
72384819,b4bdb350-8495-11f0-8b4a-0d0197d44616,Chickadee Lane MHC,16185/314,806-CHICKADEE,16185,314,FLIPPED,,5999,MED,31,edge,0,5797,FLIPPED,LOW,2,PIN
72388737,f5f14a30-8495-11f0-8b4a-0d0197d44616,Chickadee Lane MHC,16185/314,208-WHIPPOORWILL,16185,314,FLIPPED,,5997,MED,-33,edge,0,5095,FLIPPED,LOW,2,PIN
72380742,35a345f0-849d-11f0-8b4a-0d0197d44616,Chickadee Lane MHC,16185/314,809-MOCKINGBIRD,16185,314,NOT FLIPPED,,5999,MED,2,edge,5262,0,NOT FLIPPED,LOW,1,PIN
72388968,4a9b4c80-84a4-11f0-8b4a-0d0197d44616,Chickadee Lane MHC,16185/314,802-CHICKADEE,16185,314,NOT FLIPPED,,0,,,,0,0,,NO-DRAWS,,REPORTED-ONLY
72392739,6b0ba8e0-84a2-11f0-8b4a-0d0197d44616,Chickadee Lane MHC,16185/314,812-CHICKADEE,16185,314,NOT FLIPPED,,157,,,,0,0,,NO-DRAWS,,NO-DRAWS
72386905,7658d810-9976-11f0-b5af-5dfa9891b485,Chickadee Lane MHC,16185/314,401-Quail or TOWHEE?,16185,314,NOT FLIPPED,,6000,MED,-3,edge,5066,10,NOT FLIPPED,LOW,1,PIN
72380437,88183a20-9e65-11f0-b5af-5dfa9891b485,Chickadee Lane MHC,16185/314,811C,16185,314,FLIPPED,,5999,MED,1,edge,0,5585,FLIPPED,LOW,2,PIN
70272966,b298cfd0-9e65-11f0-b5af-5dfa9891b485,Chickadee Lane MHC,16185/314,820C,16185,314,NOT FLIPPED,,6000,MED,89,edge,5433,0,NOT FLIPPED,LOW,1,PIN
70267792,005a5c20-9e66-11f0-b5af-5dfa9891b485,Chickadee Lane MHC,16185/314,819T,16185,314,NOT FLIPPED,NOT FLIPPED,5998,MED,-21,edge,1140,33,NOT FLIPPED,LOW,,ATTR-OK
72383092,fea75f80-9e66-11f0-b5af-5dfa9891b485,Chickadee Lane MHC,16185/314,820M,16185,314,NOT FLIPPED,,5999,MED,-38,edge,5363,0,NOT FLIPPED,LOW,1,PIN
70265663,df5dc780-9e76-11f0-b5af-5dfa9891b485,Chickadee Lane MHC,16185/314,914T,16185,314,FLIPPED,FLIPPED,5999,MED,11,edge,0,5586,FLIPPED,LOW,,ATTR-OK
70265531,932c1af0-9fdf-11f0-b5af-5dfa9891b485,Chickadee Lane MHC,16185/314,811T,16185,314,FLIPPED,,5998,MED,-6,edge,0,5716,FLIPPED,LOW,2,PIN
70266778,06944c50-a92d-11f0-98a7-c3bc57f9afe3,Chickadee Lane MHC,16185/314,403-QUAILRUN,16185,314,NOT FLIPPED,,6000,MED,15,edge,5602,8,NOT FLIPPED,LOW,1,PIN
75374841,2f32c880-0c6a-11f1-8768-5551e7a34f27,Circle N Trailer Park,15085/254,23,15085,254,NOT FLIPPED,,6000,MED,-34,edge,5119,108,NOT FLIPPED,LOW,1,PIN
70260953,91dadc40-62a9-11f0-8658-7f4e94e41769,Circle N Trailer Park,15085/254,2,15085,254,FLIPPED,,0,,,,0,0,,NO-DRAWS,,REPORTED-ONLY
70260912,e10abc10-629d-11f0-8658-7f4e94e41769,Circle N Trailer Park,15085/254,8,16185,314,NOT FLIPPED,,6000,MED,7197,largest,2,4,no draws,NO-DRAWS,,NO-DRAWS
72388554,f4d49230-842a-11f0-8b4a-0d0197d44616,Circle N Trailer Park,15085/254,14,15085,254,NOT FLIPPED,,6000,MED,63,edge,2332,0,NOT FLIPPED,LOW,1,PIN
75370401,ffeb7140-0c90-11f1-8768-5551e7a34f27,Circle N Trailer Park,15085/254,9,15085,254,FLIPPED,,5999,MED,-54,edge,0,5824,FLIPPED,LOW,2,PIN
75365880,2affec50-0e6f-11f1-85e5-65eb60735c3d,CJ,362/209,132 exclude tenant,16131,296,FLIPPED,,6000,MED,-53,edge,0,5708,FLIPPED,LOW,2,PIN
72723754,365f4240-0e6e-11f1-85e5-65eb60735c3d,CJ,362/209,126,16131,296,FLIPPED,,6000,MED,-188,edge,0,5295,FLIPPED,LOW,2,PIN
72379835,99495950-9a69-11f0-b5af-5dfa9891b485,CJ,362/209,122 exclude tenant,16131,296,FLIPPED,,6000,MED,-91,edge,1,5814,FLIPPED,LOW,2,PIN
72390675,99848d90-9a69-11f0-b5af-5dfa9891b485,CJ,362/209,115,362,209,FLIPPED,,6000,MED,,,0,0,,AMBIGUOUS-ZERO,,AMBIGUOUS-ZERO
72392788,9d571960-9a69-11f0-b5af-5dfa9891b485,CJ,362/209,102,16131,296,FLIPPED,,5998,MED,-11,edge,0,5366,FLIPPED,LOW,2,PIN
70262678,9d8ecb30-9a69-11f0-b5af-5dfa9891b485,CJ,362/209,118,16131,296,FLIPPED,,5998,MED,-16,edge,0,4601,FLIPPED,LOW,2,PIN
72383217,9e68d780-9a69-11f0-b5af-5dfa9891b485,CJ,362/209,103 exclude tenant,16131,296,NOT FLIPPED,,6000,MED,18,edge,5649,0,NOT FLIPPED,LOW,1,PIN
75361111,a57b1a30-0b55-11f1-a3d9-c99c67c82bc1,CJ,362/209,128,16131,296,FLIPPED,FLIPPED,862,MED,-400,edge,0,653,FLIPPED,LOW,,ATTR-OK
70263536,e8f94af0-842a-11f0-8b4a-0d0197d44616,CJ,362/209,127,16131,296,FLIPPED,,5999,MED,-115,edge,0,5621,FLIPPED,LOW,2,PIN
72713896,eeedc0b0-0e74-11f1-85e5-65eb60735c3d,CJ,362/209,111,362,209,FLIPPED,,5999,MED,,,0,0,,AMBIGUOUS-ZERO,,AMBIGUOUS-ZERO
75363778,497d73a0-f0c4-11f0-8900-8bd481ce9a44,Country Edge MHC,362/209,521-7,362,209,FLIPPED,,5998,MED,,,0,0,,AMBIGUOUS-ZERO,,AMBIGUOUS-ZERO
72723408,4b71f0a0-f0c4-11f0-8900-8bd481ce9a44,Country Edge MHC,362/209,4061-2,16131,296,NOT FLIPPED,,6000,MED,89,edge,4914,22,NOT FLIPPED,LOW,1,PIN
75360576,511d3410-f0c4-11f0-8900-8bd481ce9a44,Country Edge MHC,362/209,517-1,362,209,FLIPPED,,5998,MED,,,0,0,,AMBIGUOUS-ZERO,,AMBIGUOUS-ZERO
75362325,51600970-f0c4-11f0-8900-8bd481ce9a44,Country Edge MHC,362/209,412,362,209,NOT FLIPPED,,5999,MED,,,0,0,,AMBIGUOUS-ZERO,,AMBIGUOUS-ZERO
72723101,54cdb8f0-f0c4-11f0-8900-8bd481ce9a44,Country Edge MHC,362/209,408-1,362,209,NOT FLIPPED,,6000,MED,,,0,0,,AMBIGUOUS-ZERO,,AMBIGUOUS-ZERO
75360618,5605c3c0-f0c4-11f0-8900-8bd481ce9a44,Country Edge MHC,362/209,505-1,362,209,FLIPPED,FLIPPED,1857,MED,,,0,0,,AMBIGUOUS-ZERO,,AMBIGUOUS-ZERO
72723358,5f7bcad0-f0c4-11f0-8900-8bd481ce9a44,Country Edge MHC,362/209,416,362,209,NOT FLIPPED,NOT FLIPPED,5999,MED,,,0,0,,AMBIGUOUS-ZERO,,AMBIGUOUS-ZERO
72723960,604646c0-f0c4-11f0-8900-8bd481ce9a44,Country Edge MHC,362/209,517-4,362,209,FLIPPED,,5998,MED,,,0,0,,AMBIGUOUS-ZERO,,AMBIGUOUS-ZERO
75362143,60f46110-f0c4-11f0-8900-8bd481ce9a44,Country Edge MHC,362/209,401.5,16131,296,FLIPPED,,6000,MED,105,edge,0,5751,FLIPPED,LOW,2,PIN
75371664,63309570-f0c4-11f0-8900-8bd481ce9a44,Country Edge MHC,362/209,520-3,362,209,NOT FLIPPED,,5999,MED,,,0,0,,AMBIGUOUS-ZERO,,AMBIGUOUS-ZERO
75365245,6408cd00-f0c4-11f0-8900-8bd481ce9a44,Country Edge MHC,362/209,414.5,362,209,NOT FLIPPED,,5999,MED,,,0,0,,AMBIGUOUS-ZERO,,AMBIGUOUS-ZERO
72391475,d294ab40-9fde-11f0-b5af-5dfa9891b485,Carolina Springs MHP,363/219,CSP63-1824-GILMOREST,363,219,FLIPPED,,6000,MED,,,0,0,,AMBIGUOUS-ZERO,,AMBIGUOUS-ZERO
75374361,08114b20-06be-11f1-a3d9-c99c67c82bc1,Lakeview MHC-CUST,362/209,23,16185,314,FLIPPED,,6000,MED,36,edge,43,4782,FLIPPED,LOW,2,PIN
77041947,10686050-26b4-11f0-8272-45e3ef110760,Lakeview MHC-CUST,362/209,6,362,209,FLIPPED,,6000,MED,,,0,0,,AMBIGUOUS-ZERO,,AMBIGUOUS-ZERO
75364297,131e0490-47f5-11f1-969c-6109d9dfb138,Lakeview MHC-CUST,362/209,18,362,209,FLIPPED,,5991,MED,-33,largest=edge,51,4052,FLIPPED,LOW,2,PIN
65824446,16d6a5a0-26b4-11f0-8272-45e3ef110760,Lakeview MHC-CUST,362/209,22,362,209,NOT FLIPPED,,5999,MED,,,0,0,,AMBIGUOUS-ZERO,,AMBIGUOUS-ZERO
75367985,2c979fd0-47f5-11f1-969c-6109d9dfb138,Lakeview MHC-CUST,362/209,10,362,209,NOT FLIPPED,,6000,MED,,,0,0,,AMBIGUOUS-ZERO,,AMBIGUOUS-ZERO
70267644,586145c0-62c3-11f0-8658-7f4e94e41769,Lakeview MHC-CUST,362/209,30,16185,314,NOT FLIPPED,,6000,MED,-1,edge,5148,28,NOT FLIPPED,LOW,1,PIN
75363364,77f47b60-06be-11f1-a3d9-c99c67c82bc1,Lakeview MHC-CUST,362/209,11,16185,314,FLIPPED,FLIPPED,6000,MED,153,edge,6,5686,FLIPPED,LOW,,ATTR-OK
75363034,80d34a50-4d71-11f1-b1bb-f3574cce671d,Lakeview MHC-CUST,362/209,21,16185,314,FLIPPED,FLIPPED,6000,MED,30,edge,0,5840,FLIPPED,LOW,,ATTR-OK
75367837,8104b6a0-47f7-11f1-969c-6109d9dfb138,Lakeview MHC-CUST,362/209,29,362,209,FLIPPED,,287,MED,,,0,0,,AMBIGUOUS-ZERO,,AMBIGUOUS-ZERO
65829353,84275a00-e07d-11ef-a5fd-a97d57576080,Lakeview MHC-CUST,362/209,24,362,209,NOT FLIPPED,,6000,MED,,,0,0,,AMBIGUOUS-ZERO,,AMBIGUOUS-ZERO
65822424,8b7f0660-d955-11ef-b6c0-d371c5346bb9,Lakeview MHC-CUST,362/209,13,362,209,NOT FLIPPED,,6000,MED,,,0,0,,AMBIGUOUS-ZERO,,AMBIGUOUS-ZERO
65830229,8cbdc7f0-d955-11ef-b6c0-d371c5346bb9,Lakeview MHC-CUST,362/209,17,362,209,NOT FLIPPED,,0,,,,0,0,,NO-DRAWS,,REPORTED-ONLY
65830930,9c26f0e0-d955-11ef-b6c0-d371c5346bb9,Lakeview MHC-CUST,362/209,8,16185,314,FLIPPED,FLIPPED,6000,MED,-373,edge,6,621,FLIPPED,LOW,,ATTR-OK
79466544,a6119b00-47f4-11f1-969c-6109d9dfb138,Lakeview MHC-CUST,362/209,7,16185,314,FLIPPED,,6000,MED,156,edge,2,4337,FLIPPED,LOW,2,PIN
65831102,a9340160-d955-11ef-b6c0-d371c5346bb9,Lakeview MHC-CUST,362/209,12,362,209,NOT FLIPPED,,0,,,,0,0,,NO-DRAWS,,REPORTED-ONLY
79462717,baaab970-4d71-11f1-b1bb-f3574cce671d,Lakeview MHC-CUST,362/209,19,16185,314,FLIPPED,,6000,MED,-58,edge,24,5474,FLIPPED,LOW,2,PIN
77052142,c74ec980-26b9-11f0-8272-45e3ef110760,Lakeview MHC-CUST,362/209,27,16131,296,FLIPPED,,6000,MED,-175,edge,30,5435,FLIPPED,LOW,2,PIN
77053231,cacec320-26a6-11f0-8272-45e3ef110760,Lakeview MHC-CUST,362/209,9,362,209,FLIPPED,,5998,MED,,,0,0,,AMBIGUOUS-ZERO,,AMBIGUOUS-ZERO
75369148,cffd43b0-47f4-11f1-969c-6109d9dfb138,Lakeview MHC-CUST,362/209,20,362,209,FLIPPED,,6000,MED,,,0,0,,AMBIGUOUS-ZERO,,AMBIGUOUS-ZERO
79455117,da42cfc0-47f4-11f1-969c-6109d9dfb138,Lakeview MHC-CUST,362/209,26,362,209,NOT FLIPPED,,6000,MED,,,0,0,,AMBIGUOUS-ZERO,,AMBIGUOUS-ZERO
75367563,dbf3d6f0-47fb-11f1-969c-6109d9dfb138,Lakeview MHC-CUST,362/209,25,16185,314,FLIPPED,FLIPPED,6000,MED,-203,edge,470,3685,FLIPPED,LOW,,ATTR-OK
75361012,f66eb9c0-47f4-11f1-969c-6109d9dfb138,Lakeview MHC-CUST,362/209,32,362,209,FLIPPED,,6000,MED,247,largest=edge,34,4781,FLIPPED,LOW,2,PIN
79467062,f76db330-47f4-11f1-969c-6109d9dfb138,Lakeview MHC-CUST,362/209,5,362,209,FLIPPED,,5999,MED,,,0,0,,AMBIGUOUS-ZERO,,AMBIGUOUS-ZERO
65825419,faad0590-26b3-11f0-8272-45e3ef110760,Lakeview MHC-CUST,362/209,28,362,209,FLIPPED,,614,MED,,,0,0,,AMBIGUOUS-ZERO,,AMBIGUOUS-ZERO
70264138,08c38a90-626f-11f0-8658-7f4e94e41769,Parkway MHC-Cust,16130/296,30,16022,260,NOT FLIPPED,NOT FLIPPED,6000,MED,44,edge,5817,0,NOT FLIPPED,LOW,,ATTR-OK
65822788,0a6a1190-c943-11ef-8f43-73c96c0de66f,Parkway MHC-Cust,16130/296,2,16022,260,FLIPPED,FLIPPED,1130,MED,67,edge,3,877,FLIPPED,LOW,,ATTR-OK
65832019,104601f0-c943-11ef-8f43-73c96c0de66f,Parkway MHC-Cust,16130/296,53,16022,260,FLIPPED,FLIPPED,6000,MED,-163,edge,28,5754,FLIPPED,LOW,,ATTR-OK
70260193,1a5fd000-5230-11f0-acb1-514e01860b07,Parkway MHC-Cust,16130/296,1,16022,260,FLIPPED,FLIPPED,6000,MED,-17,edge,0,5822,FLIPPED,LOW,,ATTR-OK
70259971,1eed2050-5230-11f0-acb1-514e01860b07,Parkway MHC-Cust,16130/296,56,16022,260,FLIPPED,FLIPPED,5040,MED,19,edge,0,4341,FLIPPED,LOW,,ATTR-OK
65831698,2457b250-e113-11ef-a5fd-a97d57576080,Parkway MHC-Cust,16130/296,9,16022,260,FLIPPED,FLIPPED,6000,MED,56,edge,28,5604,FLIPPED,LOW,,ATTR-OK
77060129,26912630-38b8-11f0-8e55-b138a1c03c8e,Parkway MHC-Cust,16130/296,55,16022,260,FLIPPED,FLIPPED,5999,MED,-79,edge,42,5681,FLIPPED,LOW,,ATTR-OK
77041640,26ccf6b0-38b8-11f0-8e55-b138a1c03c8e,Parkway MHC-Cust,16130/296,8,16022,260,NOT FLIPPED,NOT FLIPPED,964,MED,184,edge,886,11,NOT FLIPPED,LOW,,ATTR-OK
77029090,2755fcd0-38b8-11f0-8e55-b138a1c03c8e,Parkway MHC-Cust,16130/296,26,16022,260,FLIPPED,FLIPPED,4933,MED,-619,edge,25,4299,FLIPPED,LOW,,ATTR-OK
65831094,29fae720-01db-11f0-92a4-09772dfb61f8,Parkway MHC-Cust,16130/296,52,16022,260,FLIPPED,FLIPPED,5998,MED,-29,edge,0,5252,FLIPPED,LOW,,ATTR-OK
65826680,3d278830-e304-11ef-a5fd-a97d57576080,Parkway MHC-Cust,16130/296,18,16022,260,FLIPPED,FLIPPED,6000,MED,-23,edge,40,5591,FLIPPED,LOW,,ATTR-OK
65826391,436b7ab0-e4dc-11ef-a76f-4d93d4a482f0,Parkway MHC-Cust,16130/296,64,16022,260,NOT FLIPPED,NOT FLIPPED,5999,MED,165,edge,5382,0,NOT FLIPPED,LOW,,ATTR-OK
72390477,478c1360-8375-11f0-8b4a-0d0197d44616,Parkway MHC-Cust,16130/296,63,16022,260,FLIPPED,FLIPPED,6000,MED,-30,edge,0,5769,FLIPPED,LOW,,ATTR-OK
65828462,47ecaf80-c7b0-11ef-8f43-73c96c0de66f,Parkway MHC-Cust,16130/296,54,16022,260,NOT FLIPPED,NOT FLIPPED,3008,MED,211,edge,2702,0,NOT FLIPPED,LOW,,ATTR-OK
70261092,5b28cae0-668c-11f0-8658-7f4e94e41769,Parkway MHC-Cust,16130/296,62,16022,260,FLIPPED,FLIPPED,6000,MED,-116,edge,0,5732,FLIPPED,LOW,,ATTR-OK
65830815,5c792080-e657-11ef-bcd4-5bcca9a9134f,Parkway MHC-Cust,16130/296,12,16022,260,FLIPPED,FLIPPED,5999,MED,85,edge,37,5489,FLIPPED,LOW,,ATTR-OK
65830096,61e81d00-01dc-11f0-92a4-09772dfb61f8,Parkway MHC-Cust,16130/296,5,16022,260,NOT FLIPPED,NOT FLIPPED,6000,MED,318,edge,5499,0,NOT FLIPPED,LOW,,ATTR-OK
65824933,71ce64e0-e111-11ef-a5fd-a97d57576080,Parkway MHC-Cust,16130/296,58,16022,260,NOT FLIPPED,NOT FLIPPED,6000,MED,94,edge,5680,20,NOT FLIPPED,LOW,,ATTR-OK
70259401,791e77b0-62c3-11f0-8658-7f4e94e41769,Parkway MHC-Cust,16130/296,28,16022,260,NOT FLIPPED,NOT FLIPPED,6000,MED,-61,edge,5734,18,NOT FLIPPED,LOW,,ATTR-OK
77053504,7b58d5c0-3dc0-11f0-8e55-b138a1c03c8e,Parkway MHC-Cust,16130/296,59,16022,260,FLIPPED,FLIPPED,6000,MED,11,edge,0,5557,FLIPPED,LOW,,ATTR-OK
77056135,8107d8d0-3db7-11f0-8e55-b138a1c03c8e,Parkway MHC-Cust,16130/296,20,16022,260,FLIPPED,FLIPPED,5999,MED,144,edge,0,5711,FLIPPED,LOW,,ATTR-OK
72387226,814e1e60-9e53-11f0-b5af-5dfa9891b485,Parkway MHC-Cust,16130/296,25,16022,260,FLIPPED,FLIPPED,6000,MED,-103,edge,0,5914,FLIPPED,LOW,,ATTR-OK
70259914,85f079d0-62a9-11f0-8658-7f4e94e41769,Parkway MHC-Cust,16130/296,45,16022,260,NOT FLIPPED,NOT FLIPPED,5999,MED,-7,edge,5740,4,NOT FLIPPED,LOW,,ATTR-OK
77057604,9abfc800-3524-11f0-8e55-b138a1c03c8e,Parkway MHC-Cust,16130/296,3,16022,260,FLIPPED,FLIPPED,6000,MED,-11,edge,0,5638,FLIPPED,LOW,,ATTR-OK
72389982,9b297840-84a2-11f0-8b4a-0d0197d44616,Parkway MHC-Cust,16130/296,50,16022,260,FLIPPED,FLIPPED,6000,MED,13,edge,0,5804,FLIPPED,LOW,,ATTR-OK
77051961,9d929710-3524-11f0-8e55-b138a1c03c8e,Parkway MHC-Cust,16130/296,16,16022,260,NOT FLIPPED,NOT FLIPPED,6000,MED,184,edge,5804,0,NOT FLIPPED,LOW,,ATTR-OK
65831326,9e49d0e0-d955-11ef-b6c0-d371c5346bb9,Parkway MHC-Cust,16130/296,24,16022,260,NOT FLIPPED,NOT FLIPPED,695,MED,165,edge,346,2,NOT FLIPPED,LOW,,ATTR-OK
65822853,b39d26d0-bb60-11ef-8f43-73c96c0de66f,Parkway MHC-Cust,16130/296,6,16022,260,UNKNOWN,,0,,,,0,0,,NO-DRAWS,,NO-DATA
77056960,b477b310-666c-11f0-8658-7f4e94e41769,Parkway MHC-Cust,16130/296,47,16022,260,FLIPPED,FLIPPED,6000,MED,9,edge,10,5727,FLIPPED,LOW,,ATTR-OK
65830013,b7062090-e4cf-11ef-a76f-4d93d4a482f0,Parkway MHC-Cust,16130/296,39,16022,260,NOT FLIPPED,NOT FLIPPED,5999,MED,-58,edge,5621,0,NOT FLIPPED,LOW,,ATTR-OK
65824818,be5e6370-352e-11f0-8e55-b138a1c03c8e,Parkway MHC-Cust,16130/296,11,16022,260,UNKNOWN,,0,,,,0,0,,NO-DRAWS,,NO-DATA
65826524,c80f0c00-e2fc-11ef-a5fd-a97d57576080,Parkway MHC-Cust,16130/296,44,16022,260,FLIPPED,FLIPPED,6000,MED,-109,edge,0,5681,FLIPPED,LOW,,ATTR-OK
70262405,cba3b4d0-666c-11f0-8658-7f4e94e41769,Parkway MHC-Cust,16130/296,7,16022,260,FLIPPED,FLIPPED,3783,MED,16,edge,0,3583,FLIPPED,LOW,,ATTR-OK
77059899,ced9ded0-520e-11f0-acb1-514e01860b07,Parkway MHC-Cust,16130/296,60,16022,260,UNKNOWN,,0,,,,0,0,,NO-DRAWS,,NO-DATA
68612462,d0965a70-a05a-11ef-82ac-6ff8f1723c66,Parkway MHC-Cust,16130/296,32,16022,260,FLIPPED,FLIPPED,3683,MED,55,edge,2,3501,FLIPPED,LOW,,ATTR-OK
70270689,d41d9500-62b0-11f0-8658-7f4e94e41769,Parkway MHC-Cust,16130/296,10,16022,260,NOT FLIPPED,NOT FLIPPED,5998,MED,11,edge,5724,0,NOT FLIPPED,LOW,,ATTR-OK
77058685,d8dcda90-61db-11f0-8658-7f4e94e41769,Parkway MHC-Cust,16130/296,49,16022,260,FLIPPED,FLIPPED,5999,MED,100,edge,4,5414,FLIPPED,LOW,,ATTR-OK
65830443,ec9aa4c0-e983-11ef-b35e-23eef2ba43da,Parkway MHC-Cust,16130/296,46,16022,260,NOT FLIPPED,NOT FLIPPED,5999,MED,-90,edge,5497,9,NOT FLIPPED,LOW,,ATTR-OK
65831318,bb260580-c735-11ef-8f43-73c96c0de66f,Opekiska St Duplex,362/209,A,362,209,FLIPPED,,6000,HIGH,,,0,0,,AMBIGUOUS-ZERO,,AMBIGUOUS-ZERO
72380668,a32f8d90-9e6a-11f0-b5af-5dfa9891b485,Carolina Springs MHP-CUST,362/209,CSP141-1831-BLAKEST,362,209,NOT FLIPPED,,5999,MED,,,0,0,,AMBIGUOUS-ZERO,,AMBIGUOUS-ZERO
72378621,9eba8e40-84a2-11f0-8b4a-0d0197d44616,Carolina Springs MHP-CUST,362/209,CSP62-1828-GILMOREST,362,209,NOT FLIPPED,,5999,MED,,,0,0,,AMBIGUOUS-ZERO,,AMBIGUOUS-ZERO
65822234,cb34b700-be52-11ef-8f43-73c96c0de66f,Carolina Springs MHP-CUST,362/209,CSP73-1768-GILMOREST,362,209,NOT FLIPPED,,5997,MED,,,0,0,,AMBIGUOUS-ZERO,,AMBIGUOUS-ZERO
65826250,4d2ab200-c78b-11ef-8f43-73c96c0de66f,Carolina Springs MHP-CUST,362/209,CSP116-395-BAINBRIDGECT,362,209,NOT FLIPPED,,5996,MED,,,0,0,,AMBIGUOUS-ZERO,,AMBIGUOUS-ZERO
65829478,1f568980-01ec-11f0-92a4-09772dfb61f8,Carolina Springs MHP-CUST,362/209,CSP19-1752-GIBSONST,16131,296,NOT FLIPPED,,0,,,,0,0,,NO-DRAWS,,REPORTED-ONLY
65825666,47270210-01e6-11f0-92a4-09772dfb61f8,Carolina Springs MHP-CUST,362/209,CSP96-1725-GILMOREST,16131,296,NOT FLIPPED,,5996,MED,19,edge,5388,0,NOT FLIPPED,LOW,1,PIN
77054239,8dc45110-2639-11f0-8272-45e3ef110760,Carolina Springs MHP-CUST,362/209,CSP93-1713-GILMOREST,362,209,UNKNOWN,,34,,,,0,0,,NO-DRAWS,,NO-DRAWS
77053173,9e022f20-2639-11f0-8272-45e3ef110760,Carolina Springs MHP-CUST,362/209,CSP85-1724-GILMOREST,362,209,NOT FLIPPED,,5999,MED,,,0,0,,AMBIGUOUS-ZERO,,AMBIGUOUS-ZERO
77061432,622e05d0-3504-11f0-8e55-b138a1c03c8e,Carolina Springs MHP-CUST,362/209,CSP106-390-RIDGELINECT-1OF2,16131,296,FLIPPED,,6000,HIGH,,,0,0,,AMBIGUOUS-ZERO,,AMBIGUOUS-ZERO
70264450,ec958400-5223-11f0-acb1-514e01860b07,Carolina Springs MHP-CUST,362/209,CSP52-1781-GIBSONST,363,219,UNKNOWN,,0,,,,0,0,,NO-DRAWS,,NO-DATA
77058925,013d00e0-6674-11f0-8658-7f4e94e41769,Carolina Springs MHP-CUST,362/209,CSP32-1709-GIBSONST,362,209,FLIPPED,,80,,,,0,0,,NO-DRAWS,,NO-DRAWS
72388695,d6da99b0-8500-11f0-8b4a-0d0197d44616,Carolina Springs MHP-CUST,362/209,CSP41-1737-GIBSONST,362,209,FLIPPED,,5997,MED,,,0,0,,AMBIGUOUS-ZERO,,AMBIGUOUS-ZERO
70263072,97673b60-9a33-11f0-b5af-5dfa9891b485,Carolina Springs MHP-CUST,362/209,CSP125-393-RIVERBASINCT,363,219,FLIPPED,,0,,,,0,0,,NO-DRAWS,,REPORTED-ONLY
72380023,28a37d80-9a36-11f0-b5af-5dfa9891b485,Carolina Springs MHP-CUST,362/209,CSP24-1732-GIBSONST,16131,296,FLIPPED,FLIPPED,5999,MED,-92,edge,0,5760,FLIPPED,LOW,,ATTR-OK
72381203,69dd4b70-9e53-11f0-b5af-5dfa9891b485,Carolina Springs MHP-CUST,362/209,CSP35-1717-GIBSONST,362,209,FLIPPED,,5999,MED,,,0,0,,AMBIGUOUS-ZERO,,AMBIGUOUS-ZERO
72380619,6b270980-9e53-11f0-b5af-5dfa9891b485,Carolina Springs MHP-CUST,362/209,CSP78-1752-GILMOREST,16131,296,NOT FLIPPED,NOT FLIPPED,574,MED,64,edge,490,0,NOT FLIPPED,LOW,,ATTR-OK
70258841,3e7d1c70-9e59-11f0-b5af-5dfa9891b485,Carolina Springs MHP-CUST,362/209,CSP42-1741-GIBSONST,16131,296,FLIPPED,FLIPPED,6000,MED,-55,edge,0,5666,FLIPPED,LOW,,ATTR-OK
72379074,7943dc50-9e53-11f0-b5af-5dfa9891b485,Carolina Springs MHP-CUST,362/209,CSP25-1728-GIBSONST,362,209,NOT FLIPPED,NOT FLIPPED,40,,,,0,0,,NO-DRAWS,,NO-DRAWS
70259625,700d0120-9e53-11f0-b5af-5dfa9891b485,Carolina Springs MHP-CUST,362/209,CSP74-1766-GILMOREST,362,209,FLIPPED,,5998,MED,,,0,0,,AMBIGUOUS-ZERO,,AMBIGUOUS-ZERO
70266505,70e3b210-9e53-11f0-b5af-5dfa9891b485,Carolina Springs MHP-CUST,362/209,CSP114-390-BAINBRIDGECT,362,209,NOT FLIPPED,,5999,MED,1282,largest=edge,1736,101,NOT FLIPPED,LOW,1,PIN
72381443,715586b0-9e53-11f0-b5af-5dfa9891b485,Carolina Springs MHP-CUST,362/209,CSP12-1778-GIBSONST,16131,296,FLIPPED,FLIPPED,5999,MED,-77,edge,1,4762,FLIPPED,LOW,,ATTR-OK
72379421,86a8a9c0-9e53-11f0-b5af-5dfa9891b485,Carolina Springs MHP-CUST,362/209,CSP39-1729-GIBSONST,16048,272,FLIPPED,,0,,,,0,0,,NO-DRAWS,,REPORTED-ONLY
72391434,1bab54a0-9e54-11f0-b5af-5dfa9891b485,Carolina Springs MHP-CUST,362/209,CSP15-1768-GIBSONST,16131,296,FLIPPED,,5999,MED,103,edge,0,5554,FLIPPED,LOW,2,PIN
72381393,6f872f50-9e53-11f0-b5af-5dfa9891b485,Carolina Springs MHP-CUST,362/209, CSP3-1790-GIBSONST,16131,296,FLIPPED,FLIPPED,5999,MED,90,edge,10,5451,FLIPPED,LOW,,ATTR-OK
70272784,0a779620-9e5a-11f0-b5af-5dfa9891b485,Carolina Springs MHP-CUST,362/209,CSP33-1713-GIBSONST,16131,296,FLIPPED,FLIPPED,5999,MED,159,edge,0,5761,FLIPPED,LOW,,ATTR-OK
70272883,ea8b6fd0-9e59-11f0-b5af-5dfa9891b485,Carolina Springs MHP-CUST,362/209,CSP109-399-RIDGELINECT,362,0,FLIPPED,,0,,,,0,0,,NO-DRAWS,,REPORTED-ONLY
70272768,472507a0-9e65-11f0-b5af-5dfa9891b485,Carolina Springs MHP-CUST,362/209,CSP54-1789-GIBSONST,15091,254,NOT FLIPPED,NOT FLIPPED,0,,,,0,0,,NO-DRAWS,,ATTR-PRESENT
72381955,4bf41be0-9e65-11f0-b5af-5dfa9891b485,Carolina Springs MHP-CUST,362/209,CSP61-1832-GILMOREST,16048,272,NOT FLIPPED,,0,,,,0,0,,NO-DRAWS,,REPORTED-ONLY
72385550,5d2078a0-9e65-11f0-b5af-5dfa9891b485,Carolina Springs MHP-CUST,362/209,CSP115-391-BAINBRIDGECT,362,209,NOT FLIPPED,,5998,MED,,,0,0,,AMBIGUOUS-ZERO,,AMBIGUOUS-ZERO
70266067,c7c25890-9e6a-11f0-b5af-5dfa9891b485,Carolina Springs MHP-CUST,362/209,CSP140-1833-BLAKEST,16131,296,NOT FLIPPED,NOT FLIPPED,717,MED,-3247,edge,665,0,NOT FLIPPED,LOW,,ATTR-OK
70262215,d56e4120-9e6a-11f0-b5af-5dfa9891b485,Carolina Springs MHP-CUST,362/209,CSP158-1880-BLAKEST,362,209,NOT FLIPPED,,5998,MED,,,0,0,,AMBIGUOUS-ZERO,,AMBIGUOUS-ZERO
70262611,e63a2e60-9e6a-11f0-b5af-5dfa9891b485,Carolina Springs MHP-CUST,362/209,CSP155-119-LOUCADACT,362,209,FLIPPED,,5999,MED,,,0,0,,AMBIGUOUS-ZERO,,AMBIGUOUS-ZERO
70266059,fc089bf0-9e6a-11f0-b5af-5dfa9891b485,Carolina Springs MHP-CUST,362/209,CSP152 110-BLAKEST 110 Loucada,362,209,FLIPPED,,5997,MED,,,0,0,,AMBIGUOUS-ZERO,,AMBIGUOUS-ZERO
70265564,6da451a0-9e6b-11f0-b5af-5dfa9891b485,Carolina Springs MHP-CUST,362/209,CSP154-118-LOUCADACT,16131,296,FLIPPED,FLIPPED,0,,,,0,0,,NO-DRAWS,,ATTR-PRESENT
72391574,87756a70-9e65-11f0-b5af-5dfa9891b485,Carolina Springs MHP-CUST,362/209,CSP121-390-RIVERBASINCT,362,209,NOT FLIPPED,,5999,MED,,,0,0,,AMBIGUOUS-ZERO,,AMBIGUOUS-ZERO
70272123,81ed1750-9e70-11f0-b5af-5dfa9891b485,Carolina Springs MHP-CUST,362/209,CSP43-1745-GIBSONST,16131,296,FLIPPED,,5996,MED,-65,edge,1,5438,FLIPPED,LOW,2,PIN
72391939,2a2e8430-9e71-11f0-b5af-5dfa9891b485,Carolina Springs MHP-CUST,362/209,CSP153-114-LOUCADACT,362,209,FLIPPED,,5999,MED,,,0,0,,AMBIGUOUS-ZERO,,AMBIGUOUS-ZERO
70272867,407fda30-9e6d-11f0-b5af-5dfa9891b485,Carolina Springs MHP-CUST,362/209,CSP117-399-BAINBRIDGECT,362,209,NOT FLIPPED,,6000,MED,,,0,0,,AMBIGUOUS-ZERO,,AMBIGUOUS-ZERO
70265754,91990b10-9e6f-11f0-b5af-5dfa9891b485,Carolina Springs MHP-CUST,362/209,CSP86-1720-GILMOREST,362,209,NOT FLIPPED,,5999,MED,,,0,0,,AMBIGUOUS-ZERO,,AMBIGUOUS-ZERO
72384553,8c540e10-9e70-11f0-b5af-5dfa9891b485,Carolina Springs MHP-CUST,362/209,CSP142-1829-BLAKEST,362,209,NOT FLIPPED,,5999,MED,,,0,0,,AMBIGUOUS-ZERO,,AMBIGUOUS-ZERO
70269418,a38da460-9e70-11f0-b5af-5dfa9891b485,Carolina Springs MHP-CUST,362/209,CSP8-1784-GIBSONST,362,209,FLIPPED,,5999,MED,,,0,0,,AMBIGUOUS-ZERO,,AMBIGUOUS-ZERO
70262249,24a40f30-9e71-11f0-b5af-5dfa9891b485,Carolina Springs MHP-CUST,362/209,CSP156-115-LOUCADACT,362,209,FLIPPED,,6000,MED,,,0,0,,AMBIGUOUS-ZERO,,AMBIGUOUS-ZERO
70266992,72462ca0-9e71-11f0-b5af-5dfa9891b485,Carolina Springs MHP-CUST,362/209,CSP18-1756-GIBSONST,362,209,NOT FLIPPED,NOT FLIPPED,5996,MED,,,0,0,,AMBIGUOUS-ZERO,,AMBIGUOUS-ZERO
72383605,5ddbae20-9e6c-11f0-b5af-5dfa9891b485,Carolina Springs MHP-CUST,362/209,CSP83-1732-GILMOREST,362,209,FLIPPED,,5998,MED,,,0,0,,AMBIGUOUS-ZERO,,AMBIGUOUS-ZERO
70263577,138d5a20-9e6d-11f0-b5af-5dfa9891b485,Carolina Springs MHP-CUST,362/209,CSP80-1744-GILMOREST,362,209,NOT FLIPPED,,5998,MED,,,0,0,,AMBIGUOUS-ZERO,,AMBIGUOUS-ZERO
72381328,5673c590-9e77-11f0-b5af-5dfa9891b485,Carolina Springs MHP-CUST,362/209,CSP70-1804-GILMOREST,16131,296,NOT FLIPPED,,5999,MED,67,edge,5051,0,NOT FLIPPED,LOW,1,PIN
70272990,39297340-9e77-11f0-b5af-5dfa9891b485,Carolina Springs MHP-CUST,362/209,CSP131-1875-BLAKEST,362,209,FLIPPED,,6000,MED,,,0,0,,AMBIGUOUS-ZERO,,AMBIGUOUS-ZERO
70263411,f8f9c590-9e7b-11f0-b5af-5dfa9891b485,Carolina Springs MHP-CUST,362/209,CSP157-111-LOUCADACT,362,209,FLIPPED,,6000,MED,,,0,0,,AMBIGUOUS-ZERO,,AMBIGUOUS-ZERO
72391053,72074350-9e7b-11f0-b5af-5dfa9891b485,Carolina Springs MHP-CUST,362/209,CSP129-1881-BLAKEST,362,209,NOT FLIPPED,,5998,MED,,,0,0,,AMBIGUOUS-ZERO,,AMBIGUOUS-ZERO
70273543,8c626820-9e7f-11f0-b5af-5dfa9891b485,Carolina Springs MHP-CUST,362/209,CSP145-1834-BLAKEST,362,209,NOT FLIPPED,,31,,,,0,0,,NO-DRAWS,,REPORTED-ONLY
70263809,d2205400-9e7d-11f0-b5af-5dfa9891b485,Carolina Springs MHP-CUST,362/209,CSP127-1889-BLAKEST,16131,296,FLIPPED,,0,,,,0,0,,NO-DRAWS,,REPORTED-ONLY
70272578,917451c0-9e7f-11f0-b5af-5dfa9891b485,Carolina Springs MHP-CUST,362/209,CSP11-1780-GIBSONST,362,209,FLIPPED,,5998,MED,,,0,0,,AMBIGUOUS-ZERO,,AMBIGUOUS-ZERO
72381906,ec916260-9fa0-11f0-b5af-5dfa9891b485,Carolina Springs MHP-CUST,362/209,CSP128-1885-BLAKEST,16022,260,FLIPPED,,6000,MED,-10,edge,0,5715,FLIPPED,LOW,2,PIN
72381104,29250b50-9fa1-11f0-b5af-5dfa9891b485,Carolina Springs MHP-CUST,362/209,CSP92-1709-GILMOREST,362,209,FLIPPED,,5999,MED,,,0,0,,AMBIGUOUS-ZERO,,AMBIGUOUS-ZERO
72382003,23c66140-9fa1-11f0-b5af-5dfa9891b485,Carolina Springs MHP-CUST,362/209,CSP97-1729-GILMOREST,362,209,NOT FLIPPED,,5136,MED,,,0,0,,AMBIGUOUS-ZERO,,AMBIGUOUS-ZERO
72392093,275b20c0-9fa1-11f0-b5af-5dfa9891b485,Carolina Springs MHP-CUST,362/209,CSP136-1843-BLAKEST,362,209,FLIPPED,FLIPPED,5995,MED,,,0,0,,AMBIGUOUS-ZERO,,AMBIGUOUS-ZERO
70259245,28337f60-9fa1-11f0-b5af-5dfa9891b485,Carolina Springs MHP-CUST,362/209,CSP159-1884-BLAKEST,362,209,NOT FLIPPED,,5999,MED,,,0,0,,AMBIGUOUS-ZERO,,AMBIGUOUS-ZERO
70269202,2a867010-9fa1-11f0-b5af-5dfa9891b485,Carolina Springs MHP-CUST,362/209,CSP135-1848-BLAKEST,362,209,FLIPPED,,5998,MED,,,0,0,,AMBIGUOUS-ZERO,,AMBIGUOUS-ZERO
70262314,2d0504a0-9fa1-11f0-b5af-5dfa9891b485,Carolina Springs MHP-CUST,362/209,CSP89-1708-GILMOREST,362,209,FLIPPED,FLIPPED,5999,MED,,,0,0,,AMBIGUOUS-ZERO,,AMBIGUOUS-ZERO
70272834,2e319dc0-9fa1-11f0-b5af-5dfa9891b485,Carolina Springs MHP-CUST,362/209,CSP138-1837-BLAKEST,362,209,NOT FLIPPED,,5999,MED,,,0,0,,AMBIGUOUS-ZERO,,AMBIGUOUS-ZERO
72380551,33f460d0-9fa1-11f0-b5af-5dfa9891b485,Carolina Springs MHP-CUST,362/209,CSP149-1856-BLAKEST,362,209,FLIPPED,,6000,MED,,,0,0,,AMBIGUOUS-ZERO,,AMBIGUOUS-ZERO
70273071,434baf70-9fa1-11f0-b5af-5dfa9891b485,Carolina Springs MHP-CUST,362/209,CSP137-1839-BLAKEST,362,209,NOT FLIPPED,,6000,MED,,,0,0,,AMBIGUOUS-ZERO,,AMBIGUOUS-ZERO
70272552,1f184280-9fa1-11f0-b5af-5dfa9891b485,Carolina Springs MHP-CUST,362/209,CSP21-1744-GIBSONST,362,209,NOT FLIPPED,,2409,MED,,,0,0,,AMBIGUOUS-ZERO,,AMBIGUOUS-ZERO
72392044,9984e5a0-9fa1-11f0-b5af-5dfa9891b485,Carolina Springs MHP-CUST,362/209,CSP134-1851-BLAKEST,362,209,UNKNOWN,,0,,,,0,0,,NO-DRAWS,,NO-DATA
72391061,d76e1700-9fa2-11f0-b5af-5dfa9891b485,Carolina Springs MHP-CUST,362/209,CSP126-399-RIVERBASINCT,362,209,FLIPPED,FLIPPED,6000,MED,,,0,0,,AMBIGUOUS-ZERO,,AMBIGUOUS-ZERO
70262488,92b41880-9fa2-11f0-b5af-5dfa9891b485,Carolina Springs MHP-CUST,362/209,CSP132-1857-BLAKEST,362,209,NOT FLIPPED,,6000,MED,,,0,0,,AMBIGUOUS-ZERO,,AMBIGUOUS-ZERO
70262132,97bbf000-9fa2-11f0-b5af-5dfa9891b485,Carolina Springs MHP-CUST,362/209,CSP130-1877-BLAKEST,362,209,NOT FLIPPED,,5999,MED,,,0,0,,AMBIGUOUS-ZERO,,AMBIGUOUS-ZERO
70266398,89b208f0-9fa2-11f0-b5af-5dfa9891b485,Carolina Springs MHP-CUST,362/209,CSP133-1854-BLAKEST,362,209,FLIPPED,,5615,MED,,,0,0,,AMBIGUOUS-ZERO,,AMBIGUOUS-ZERO
70262124,506bb8a0-9fd6-11f0-b5af-5dfa9891b485,Carolina Springs MHP-CUST,362/209,CSP6-1786-GIBSONST,362,209,FLIPPED,,6000,MED,,,0,0,,AMBIGUOUS-ZERO,,AMBIGUOUS-ZERO
72378746,551fcad0-9fd6-11f0-b5af-5dfa9891b485,Carolina Springs MHP-CUST,362/209,CSP118-1741-GILMOREST,362,209,FLIPPED,,6000,MED,,,0,0,,AMBIGUOUS-ZERO,,AMBIGUOUS-ZERO
72392002,58699ea0-9fd6-11f0-b5af-5dfa9891b485,Carolina Springs MHP-CUST,362/209,CSP94-1717-GILMOREST,16022,260,NOT FLIPPED,NOT FLIPPED,5999,MED,-35,edge,5016,0,NOT FLIPPED,LOW,,ATTR-OK
72391228,41462860-9fd6-11f0-b5af-5dfa9891b485,Carolina Springs MHP-CUST,362/209,CSP2-1794-GIBSONST,362,209,NOT FLIPPED,,5998,MED,,,0,0,,AMBIGUOUS-ZERO,,AMBIGUOUS-ZERO
72384710,59b00150-9fd6-11f0-b5af-5dfa9891b485,Carolina Springs MHP-CUST,362/209,CSP50-1773-GIBSONST,362,209,FLIPPED,,6000,MED,,,0,0,,AMBIGUOUS-ZERO,,AMBIGUOUS-ZERO
70272727,7cd4b600-9fd9-11f0-b5af-5dfa9891b485,Carolina Springs MHP-CUST,362/209,CSP110-1765-GILMOREST,16131,296,NOT FLIPPED,,6000,MED,-17,edge,5403,0,NOT FLIPPED,LOW,1,PIN
70269335,7363e670-9fd6-11f0-b5af-5dfa9891b485,Carolina Springs MHP-CUST,362/209,CSP72-1816-GILMOREST,362,0,NOT FLIPPED,,0,,,,0,0,,NO-DRAWS,,REPORTED-ONLY
70272156,5fb2b390-9fd6-11f0-b5af-5dfa9891b485,Carolina Springs MHP-CUST,362/209,CSP59-1795-GIBSONST,362,209,NOT FLIPPED,,5852,MED,,,0,0,,AMBIGUOUS-ZERO,,AMBIGUOUS-ZERO
72387317,bd21a420-9fde-11f0-b5af-5dfa9891b485,Carolina Springs MHP-CUST,362/209,CSP48-1765-GIBSONST,362,209,FLIPPED,,1172,MED,,,0,0,,AMBIGUOUS-ZERO,,AMBIGUOUS-ZERO
72391871,5e19c410-9fd6-11f0-b5af-5dfa9891b485,Carolina Springs MHP-CUST,362/209,CSP87-1716-GILMOREST,362,209,FLIPPED,,5998,MED,,,0,0,,AMBIGUOUS-ZERO,,AMBIGUOUS-ZERO
72387143,782231d0-9fd6-11f0-b5af-5dfa9891b485,Carolina Springs MHP-CUST,362/209,CSP27-1714-GIBSONST,16131,296,NOT FLIPPED,NOT FLIPPED,5996,MED,21,edge,5401,0,NOT FLIPPED,LOW,,ATTR-OK
70267867,740acd70-9fd9-11f0-b5af-5dfa9891b485,Carolina Springs MHP-CUST,362/209,CSP100-1805-GILMOREST,362,209,NOT FLIPPED,,2121,MED,,,0,0,,AMBIGUOUS-ZERO,,AMBIGUOUS-ZERO
70264088,7947c610-9fd6-11f0-b5af-5dfa9891b485,Carolina Springs MHP-CUST,362/209,CSP111-1769-GILMOREST,16131,296,NOT FLIPPED,NOT FLIPPED,5998,MED,-19,edge,5595,0,NOT FLIPPED,LOW,,ATTR-OK
72380486,5f22a890-9fd6-11f0-b5af-5dfa9891b485,Carolina Springs MHP-CUST,362/209,CSP47-1761-GIBSONST,16022,260,FLIPPED,FLIPPED,6000,MED,-3536,edge,0,0,no draws,NO-DRAWS,,NO-DRAWS
70262157,63969d20-9fd9-11f0-b5af-5dfa9891b485,Carolina Springs MHP-CUST,362/209,CSP84-1728-GILMOREST,16131,296,NOT FLIPPED,,5999,MED,-31,edge,5143,0,NOT FLIPPED,LOW,1,PIN
72378795,809df300-9fd9-11f0-b5af-5dfa9891b485,Carolina Springs MHP-CUST,362/209,CSP88-1712-GILMOREST,16131,296,NOT FLIPPED,,6000,MED,,,0,0,,AMBIGUOUS-ZERO,,AMBIGUOUS-ZERO
70258858,c34dc9a0-9fd9-11f0-b5af-5dfa9891b485,Carolina Springs MHP-CUST,362/209,CSP20-1748-GIBSONST,16131,296,FLIPPED,FLIPPED,5296,MED,6152,edge,0,5155,FLIPPED,LOW,,ATTR-OK
72380981,66e11490-9fd6-11f0-b5af-5dfa9891b485,Carolina Springs MHP-CUST,362/209,CSP107-391-RIDGELINECT,362,209,NOT FLIPPED,,6000,MED,,,0,0,,AMBIGUOUS-ZERO,,AMBIGUOUS-ZERO
72390832,db9d2370-9fde-11f0-b5af-5dfa9891b485,Carolina Springs MHP-CUST,362/209,CSP105-394-RIDGELINECT,16022,260,FLIPPED,FLIPPED,6000,MED,30,edge,0,5761,FLIPPED,LOW,,ATTR-OK
70269046,a700c790-9e6f-11f0-b5af-5dfa9891b485,Carolina Springs MHP-CUST,362/209,CSP82-1736-GILMOREST,16131,296,NOT FLIPPED,NOT FLIPPED,5999,MED,47,edge,5645,0,NOT FLIPPED,LOW,,ATTR-OK
70269657,aee8dba0-9e6f-11f0-b5af-5dfa9891b485,Carolina Springs MHP-CUST,362/209,CSP76-1760-GILMOREST,362,209,FLIPPED,,2904,MED,,,0,0,,AMBIGUOUS-ZERO,,AMBIGUOUS-ZERO
72392945,91a9ae20-82ea-11f0-8b4a-0d0197d44616,Stafford MHC-CUST,363/219,242,363,219,FLIPPED,,6000,MED,,,0,0,,AMBIGUOUS-ZERO,,AMBIGUOUS-ZERO
72386319,33572e60-8371-11f0-8b4a-0d0197d44616,Stafford MHC-CUST,363/219,243,16185,314,FLIPPED,FLIPPED,6000,MED,-139,edge,0,5059,FLIPPED,LOW,,ATTR-OK
70264682,922de100-82e4-11f0-8b4a-0d0197d44616,Stafford MHC-CUST,363/219,362,16022,260,FLIPPED,FLIPPED,6000,MED,-87,edge,0,3531,FLIPPED,LOW,,ATTR-OK
75361269,85d6c960-0130-11f1-8726-d3fa6d0d96af,Stafford MHC-CUST,363/219,536,363,219,FLIPPED,,6000,MED,,,0,0,,AMBIGUOUS-ZERO,,AMBIGUOUS-ZERO
72389073,02d37470-8375-11f0-8b4a-0d0197d44616,Stafford MHC-CUST,363/219,109,363,219,NOT FLIPPED,,6000,MED,1132,largest=edge,0,49,FLIPPED,LOW,,CONFLICT
72388547,6e836410-82ed-11f0-8b4a-0d0197d44616,Stafford MHC-CUST,363/219,305,16131,296,NOT FLIPPED,NOT FLIPPED,147,MED,235,edge,93,0,NOT FLIPPED,LOW,,ATTR-OK
72383423,40ca27b0-82e4-11f0-8b4a-0d0197d44616,Stafford MHC-CUST,363/219,552,16131,296,NOT FLIPPED,NOT FLIPPED,6000,MED,83,edge,5312,57,NOT FLIPPED,LOW,,ATTR-OK
70264112,46538b40-82e4-11f0-8b4a-0d0197d44616,Stafford MHC-CUST,363/219,246,363,219,FLIPPED,,5999,MED,,,0,0,,AMBIGUOUS-ZERO,,AMBIGUOUS-ZERO
72389362,089719c0-82e4-11f0-8b4a-0d0197d44616,Stafford MHC-CUST,363/219,519,363,219,FLIPPED,,5998,MED,,,0,0,,AMBIGUOUS-ZERO,,AMBIGUOUS-ZERO
72387929,7ce0b160-82e4-11f0-8b4a-0d0197d44616,Stafford MHC-CUST,363/219,390,16131,296,FLIPPED,FLIPPED,6000,MED,-15,edge,0,5680,FLIPPED,LOW,,ATTR-OK
72392416,9161b760-82e4-11f0-8b4a-0d0197d44616,Stafford MHC-CUST,363/219,501,16131,296,NOT FLIPPED,NOT FLIPPED,5998,MED,108,edge,5021,63,NOT FLIPPED,LOW,,ATTR-OK
72392499,8f87a030-82e4-11f0-8b4a-0d0197d44616,Stafford MHC-CUST,363/219,151,363,219,FLIPPED,,6000,MED,,,0,0,,AMBIGUOUS-ZERO,,AMBIGUOUS-ZERO
72383258,826ecfe0-82e4-11f0-8b4a-0d0197d44616,Stafford MHC-CUST,363/219,258,16022,260,FLIPPED,FLIPPED,0,,,,0,0,,NO-DRAWS,,ATTR-PRESENT
72392267,96091f60-82e4-11f0-8b4a-0d0197d44616,Stafford MHC-CUST,363/219,531,363,219,FLIPPED,,5998,MED,-227,largest=edge,126,3519,FLIPPED,LOW,2,PIN
72392242,8a7abfa0-82e4-11f0-8b4a-0d0197d44616,Stafford MHC-CUST,363/219,511,363,219,FLIPPED,,5999,MED,,,0,0,,AMBIGUOUS-ZERO,,AMBIGUOUS-ZERO
72389586,951808a0-82e4-11f0-8b4a-0d0197d44616,Stafford MHC-CUST,363/219,534,363,219,FLIPPED,,6000,MED,,,0,0,,AMBIGUOUS-ZERO,,AMBIGUOUS-ZERO
72386178,8cf42410-82e4-11f0-8b4a-0d0197d44616,Stafford MHC-CUST,363/219,139,16185,314,NOT FLIPPED,,5999,MED,61,edge,5521,10,NOT FLIPPED,LOW,1,PIN
70270614,918a9c20-82e4-11f0-8b4a-0d0197d44616,Stafford MHC-CUST,363/219,350,363,219,NOT FLIPPED,,6000,MED,,,0,0,,AMBIGUOUS-ZERO,,AMBIGUOUS-ZERO
72388091,96237670-82ea-11f0-8b4a-0d0197d44616,Stafford MHC-CUST,363/219,262,363,219,NOT FLIPPED,,6000,MED,,,0,0,,AMBIGUOUS-ZERO,,AMBIGUOUS-ZERO
72392572,a329a1c0-82ed-11f0-8b4a-0d0197d44616,Stafford MHC-CUST,363/219,309,16131,296,FLIPPED,,6000,MED,51,edge,10,5604,FLIPPED,LOW,2,PIN
72378241,0f02d090-82f0-11f0-8b4a-0d0197d44616,Stafford MHC-CUST,363/219,545,16185,314,FLIPPED,,5998,MED,,,0,0,,AMBIGUOUS-ZERO,,AMBIGUOUS-ZERO
72388133,189aacf0-82ef-11f0-8b4a-0d0197d44616,Stafford MHC-CUST,363/219,535,363,219,FLIPPED,,5998,MED,,,0,0,,AMBIGUOUS-ZERO,,AMBIGUOUS-ZERO
72382623,314b2500-8361-11f0-8b4a-0d0197d44616,Stafford MHC-CUST,363/219,138,363,219,NOT FLIPPED,,6000,MED,1020,largest=edge,1450,15,NOT FLIPPED,LOW,1,PIN
72384579,12ddb640-82ef-11f0-8b4a-0d0197d44616,Stafford MHC-CUST,363/219,546,16185,314,NOT FLIPPED,NOT FLIPPED,5999,MED,96,edge,5822,1,NOT FLIPPED,LOW,,ATTR-OK
72388067,12abf7e0-82ef-11f0-8b4a-0d0197d44616,Stafford MHC-CUST,363/219,518,363,219,UNKNOWN,,6000,MED,-904,largest=edge,1445,0,NOT FLIPPED,LOW,,DRAWS-ONLY
72388786,37e64d80-82ef-11f0-8b4a-0d0197d44616,Stafford MHC-CUST,363/219,341,16022,260,FLIPPED,,5999,MED,-103,edge,58,4251,FLIPPED,LOW,2,PIN
72385311,a0e3fd70-836f-11f0-8b4a-0d0197d44616,Stafford MHC-CUST,363/219,154,16185,314,FLIPPED,FLIPPED,5999,MED,-114,edge,0,3862,FLIPPED,LOW,,ATTR-OK
72386186,2f7ea260-8361-11f0-8b4a-0d0197d44616,Stafford MHC-CUST,363/219,130,363,219,UNKNOWN,,6000,MED,887,largest=edge,0,3228,FLIPPED,LOW,,DRAWS-ONLY
72386137,26e350a0-8371-11f0-8b4a-0d0197d44616,Stafford MHC-CUST,363/219,251,363,219,UNKNOWN,,6000,MED,,,0,0,,AMBIGUOUS-ZERO,,AMBIGUOUS-ZERO
72378217,2eb65610-8371-11f0-8b4a-0d0197d44616,Stafford MHC-CUST,363/219,114,363,219,NOT FLIPPED,,5996,MED,,,0,0,,AMBIGUOUS-ZERO,,AMBIGUOUS-ZERO
72389123,2fdad8e0-8371-11f0-8b4a-0d0197d44616,Stafford MHC-CUST,363/219,150,16131,296,NOT FLIPPED,NOT FLIPPED,6000,MED,10109,largest,0,0,no draws,NO-DRAWS,,NO-DRAWS
72389784,2a289090-8371-11f0-8b4a-0d0197d44616,Stafford MHC-CUST,363/219,110,363,219,NOT FLIPPED,,6000,MED,,,0,0,,AMBIGUOUS-ZERO,,AMBIGUOUS-ZERO
72383365,52ea1120-8371-11f0-8b4a-0d0197d44616,Stafford MHC-CUST,363/219,106,16131,296,FLIPPED,,6000,MED,-169,edge,0,3499,FLIPPED,LOW,2,PIN
72389636,61cea0c0-8371-11f0-8b4a-0d0197d44616,Stafford MHC-CUST,363/219,125,363,219,NOT FLIPPED,,6000,MED,,,0,0,,AMBIGUOUS-ZERO,,AMBIGUOUS-ZERO
72388992,2ec9b700-8371-11f0-8b4a-0d0197d44616,Stafford MHC-CUST,363/219,143,363,219,NOT FLIPPED,,6000,MED,,,0,0,,AMBIGUOUS-ZERO,,AMBIGUOUS-ZERO
72389776,2f5b96c0-8371-11f0-8b4a-0d0197d44616,Stafford MHC-CUST,363/219,175,16022,260,FLIPPED,,219,MED,347,edge,1,125,FLIPPED,LOW,2,PIN
72392960,0c8dab40-8387-11f0-8b4a-0d0197d44616,Stafford MHC-CUST,363/219,162,363,219,FLIPPED,,6000,MED,-1099,largest=edge,34,0,NOT FLIPPED,LOW,,CONFLICT
72392648,73549f20-8385-11f0-8b4a-0d0197d44616,Stafford MHC-CUST,363/219,278,16185,314,NOT FLIPPED,NOT FLIPPED,6000,MED,58,edge,3415,0,NOT FLIPPED,LOW,,ATTR-OK
72388372,3be4c4b0-8386-11f0-8b4a-0d0197d44616,Stafford MHC-CUST,363/219,277,16022,260,NOT FLIPPED,NOT FLIPPED,5999,MED,1,edge,4647,0,NOT FLIPPED,LOW,,ATTR-OK
72378480,91883570-8384-11f0-8b4a-0d0197d44616,Stafford MHC-CUST,363/219,266,16022,260,NOT FLIPPED,NOT FLIPPED,241,MED,401,edge,0,0,no draws,NO-DRAWS,,NO-DRAWS
72392606,a04d7ae0-8f85-11f0-8b4a-0d0197d44616,Stafford MHC-CUST,363/219,505,363,219,FLIPPED,,6000,MED,1014,largest=edge,10,2303,FLIPPED,LOW,2,PIN
70262504,9824ed50-8f83-11f0-8b4a-0d0197d44616,Stafford MHC-CUST,363/219,576,363,219,FLIPPED,,5998,MED,,,0,0,,AMBIGUOUS-ZERO,,AMBIGUOUS-ZERO
72392119,144792f0-8f86-11f0-8b4a-0d0197d44616,Stafford MHC-CUST,363/219,250,363,219,NOT FLIPPED,,6000,MED,1171,largest=edge,12,137,FLIPPED,LOW,,CONFLICT
72387101,1d989060-8f87-11f0-8b4a-0d0197d44616,Stafford MHC-CUST,363/219,539,16131,296,FLIPPED,FLIPPED,6000,MED,-104,edge,41,5036,FLIPPED,LOW,,ATTR-OK
70262827,2b0f7bb0-8f86-11f0-8b4a-0d0197d44616,Stafford MHC-CUST,363/219,167,363,219,NOT FLIPPED,,6000,MED,,,0,0,,AMBIGUOUS-ZERO,,AMBIGUOUS-ZERO
70268949,8a679fa0-8f83-11f0-8b4a-0d0197d44616,Stafford MHC-CUST,363/219,not 401,16185,314,NOT FLIPPED,,5999,MED,30,edge,5248,35,NOT FLIPPED,LOW,1,PIN
70269004,37550df0-8387-11f0-8b4a-0d0197d44616,Stafford MHC-CUST,363/219,173,16185,314,NOT FLIPPED,NOT FLIPPED,6000,MED,-89,edge,5626,7,NOT FLIPPED,LOW,,ATTR-OK
72385022,39397ad0-8386-11f0-8b4a-0d0197d44616,Stafford MHC-CUST,363/219,146,16131,296,FLIPPED,FLIPPED,5999,MED,4,edge,0,5283,FLIPPED,LOW,,ATTR-OK
72386087,304ad8c0-8371-11f0-8b4a-0d0197d44616,Stafford MHC-CUST,363/219,117,16185,314,NOT FLIPPED,NOT FLIPPED,6000,MED,-189,edge,5364,12,NOT FLIPPED,LOW,,ATTR-OK
72389602,04697f30-82f0-11f0-8b4a-0d0197d44616,Stafford MHC-CUST,363/219,230,363,219,FLIPPED,,6000,MED,-980,largest=edge,18,1100,FLIPPED,LOW,2,PIN
72384413,5cbb3c80-82ed-11f0-8b4a-0d0197d44616,Stafford MHC-CUST,363/219,514,363,219,FLIPPED,,6000,MED,,,0,0,,AMBIGUOUS-ZERO,,AMBIGUOUS-ZERO
72384363,1f26da80-82ef-11f0-8b4a-0d0197d44616,Stafford MHC-CUST,363/219,337,363,219,FLIPPED,,6000,MED,,,0,0,,AMBIGUOUS-ZERO,,AMBIGUOUS-ZERO
72389107,2248b9e0-8371-11f0-8b4a-0d0197d44616,Stafford MHC-CUST,363/219,134,363,219,NOT FLIPPED,,5994,MED,,,0,0,,AMBIGUOUS-ZERO,,AMBIGUOUS-ZERO
72723614,77441c90-012b-11f1-8726-d3fa6d0d96af,Stafford MHC-CUST,363/219,219,16022,260,NOT FLIPPED,,5999,MED,-2,edge,5405,18,NOT FLIPPED,LOW,1,PIN
75367183,09dad080-012c-11f1-8726-d3fa6d0d96af,Stafford MHC-CUST,363/219,525,363,219,NOT FLIPPED,,6000,MED,,,0,0,,AMBIGUOUS-ZERO,,AMBIGUOUS-ZERO
75360725,7e8e6a00-012b-11f1-8726-d3fa6d0d96af,Stafford MHC-CUST,363/219,325,363,219,UNKNOWN,,5999,MED,-1027,largest=edge,1899,8,NOT FLIPPED,LOW,,DRAWS-ONLY
72721550,8f3be3b0-c42b-11f0-9842-6d029661c338,Stafford MHC-CUST,363/219,342,363,219,NOT FLIPPED,,6000,MED,,,0,0,,AMBIGUOUS-ZERO,,AMBIGUOUS-ZERO
72714621,73badfb0-c42b-11f0-9842-6d029661c338,Stafford MHC-CUST,363/219,410,16185,314,FLIPPED,FLIPPED,0,,,,0,0,,NO-DRAWS,,ATTR-PRESENT
72719182,807d0480-c42b-11f0-9842-6d029661c338,Stafford MHC-CUST,363/219,290,363,219,NOT FLIPPED,NOT FLIPPED,6000,MED,,,0,0,,AMBIGUOUS-ZERO,,AMBIGUOUS-ZERO
72389214,939aa8b0-82ea-11f0-8b4a-0d0197d44616,Stafford MHC-CUST,363/219,568,16131,296,FLIPPED,FLIPPED,5996,MED,-106,edge,0,4400,FLIPPED,LOW,,ATTR-OK
72389321,553cb3b0-8371-11f0-8b4a-0d0197d44616,Stafford MHC-CUST,363/219,131,16131,296,FLIPPED,,6000,MED,-64,edge,0,5193,FLIPPED,LOW,2,PIN
75372993,50868ce0-012c-11f1-8726-d3fa6d0d96af,Stafford MHC-CUST,363/219,366,363,219,FLIPPED,,6000,MED,,,0,0,,AMBIGUOUS-ZERO,,AMBIGUOUS-ZERO
72392531,3704f420-8371-11f0-8b4a-0d0197d44616,Stafford MHC-CUST,363/219,163,16185,314,NOT FLIPPED,,5999,MED,-7,edge,5261,0,NOT FLIPPED,LOW,1,PIN
72384462,975ab690-82ed-11f0-8b4a-0d0197d44616,Stafford MHC-CUST,363/219,517,16128,295,FLIPPED,,6000,MED,-252,edge,1,5394,FLIPPED,LOW,2,PIN
75370450,7f143bd0-012b-11f1-8726-d3fa6d0d96af,Stafford MHC-CUST,363/219,226,363,219,UNKNOWN,,6000,MED,,,0,0,,AMBIGUOUS-ZERO,,AMBIGUOUS-ZERO
75371243,9ae55ba0-012b-11f1-8726-d3fa6d0d96af,Stafford MHC-CUST,363/219,158,363,219,NOT FLIPPED,,5999,MED,,,0,0,,AMBIGUOUS-ZERO,,AMBIGUOUS-ZERO
79454169,154383c0-4d73-11f1-b1bb-f3574cce671d,Stafford MHC-CUST,363/219,406,16185,314,NOT FLIPPED,,6000,MED,29,edge,5667,10,NOT FLIPPED,LOW,1,PIN
72390170,0b9743f0-82f0-11f0-8b4a-0d0197d44616,Stafford MHC-CUST,363/219,571,16185,314,FLIPPED,,5999,MED,72,edge,0,5505,FLIPPED,LOW,2,PIN
72386731,3add2540-8371-11f0-8b4a-0d0197d44616,Stafford MHC-CUST,363/219,135,16131,296,NOT FLIPPED,,6000,MED,,,0,0,,AMBIGUOUS-ZERO,,AMBIGUOUS-ZERO
79455265,005562d0-52ff-11f1-b1bb-f3574cce671d,Stafford MHC-CUST,363/219,382,16185,314,FLIPPED,,6000,MED,-48,edge,0,5657,FLIPPED,LOW,2,PIN
75360832,09321150-4d73-11f1-b1bb-f3574cce671d,Stafford MHC-CUST,363/219,567,16185,314,FLIPPED,,6000,MED,-1015,largest,227,3272,FLIPPED,LOW,2,PIN
70267701,62e69b80-82e4-11f0-8b4a-0d0197d44616,Stafford MHC-CUST,363/219,314,16131,296,NOT FLIPPED,,6000,MED,-3,edge,5271,2,NOT FLIPPED,LOW,1,PIN
75365328,0c7e6070-52f5-11f1-b1bb-f3574cce671d,Stafford MHC-CUST,363/219,543,16185,314,FLIPPED,,6000,MED,136,edge,1,5872,FLIPPED,LOW,2,PIN
79467005,dbb47290-52f4-11f1-b1bb-f3574cce671d,Stafford MHC-CUST,363/219,345,16185,314,NOT FLIPPED,,1049,MED,189,edge,940,0,NOT FLIPPED,LOW,1,PIN
75365393,dfa02bb0-52f4-11f1-b1bb-f3574cce671d,Stafford MHC-CUST,363/219,502,16185,314,FLIPPED,,6000,MED,-199,edge,38,4158,FLIPPED,LOW,2,PIN
75366433,e16e0de0-52f4-11f1-b1bb-f3574cce671d,Stafford MHC-CUST,363/219,234,16185,314,FLIPPED,FLIPPED,6000,MED,-18,edge,4,5280,FLIPPED,LOW,,ATTR-OK
72386012,e2a15960-8f86-11f0-8b4a-0d0197d44616,Stafford MHC-CUST,363/219,402,16185,314,FLIPPED,,5999,MED,18,edge,1,5414,FLIPPED,LOW,2,PIN
72389495,b818da40-82ea-11f0-8b4a-0d0197d44616,Stafford MHC-CUST,363/219,529,16131,296,FLIPPED,FLIPPED,6000,MED,134,edge,27,5395,FLIPPED,LOW,,ATTR-OK
72382474,ae0198e0-82e4-11f0-8b4a-0d0197d44616,Stafford MHC-CUST,363/219,397,16185,314,NOT FLIPPED,,5996,MED,58,edge,4950,0,NOT FLIPPED,LOW,1,PIN
72388489,b82e5e10-82ea-11f0-8b4a-0d0197d44616,Stafford MHC-CUST,363/219,334,16185,314,FLIPPED,FLIPPED,6000,MED,67,edge,2,5423,FLIPPED,LOW,,ATTR-OK
72386350,bf6dd2a0-8385-11f0-8b4a-0d0197d44616,Stafford MHC-CUST,363/219,235,363,219,NOT FLIPPED,,6000,MED,,,0,0,,AMBIGUOUS-ZERO,,AMBIGUOUS-ZERO
72719471,e5dd6820-c88a-11f0-9842-6d029661c338,Stafford MHC-CUST,363/219,271,363,219,UNKNOWN,,5994,MED,,,0,0,,AMBIGUOUS-ZERO,,AMBIGUOUS-ZERO
70258627,c70712d0-62a9-11f0-8658-7f4e94e41769,Stafford MHC-CUST,363/219,574,363,219,NOT FLIPPED,,6000,MED,,,0,0,,AMBIGUOUS-ZERO,,AMBIGUOUS-ZERO
70273204,c5e34f20-62b0-11f0-8658-7f4e94e41769,Stafford MHC-CUST,363/219,516,363,219,NOT FLIPPED,,6000,MED,,,0,0,,AMBIGUOUS-ZERO,,AMBIGUOUS-ZERO
70264146,d2664810-62b0-11f0-8658-7f4e94e41769,Stafford MHC-CUST,363/219,523,16131,296,NOT FLIPPED,,0,,,,0,0,,NO-DRAWS,,REPORTED-ONLY
72383761,e6dd0740-8f86-11f0-8b4a-0d0197d44616,Stafford MHC-CUST,363/219,329,16022,260,NOT FLIPPED,NOT FLIPPED,5999,MED,8,edge,4718,14,NOT FLIPPED,LOW,,ATTR-OK
72387838,bcaf0430-82ea-11f0-8b4a-0d0197d44616,Stafford MHC-CUST,363/219,210,363,219,NOT FLIPPED,,6000,MED,,,0,0,,AMBIGUOUS-ZERO,,AMBIGUOUS-ZERO
72392457,bdfb0c30-82ea-11f0-8b4a-0d0197d44616,Stafford MHC-CUST,363/219,542,363,219,UNKNOWN,,0,,,,0,0,,NO-DRAWS,,NO-DATA
72388976,c3ffba40-82ea-11f0-8b4a-0d0197d44616,Stafford MHC-CUST,363/219,276,363,219,NOT FLIPPED,,5998,MED,,,0,0,,AMBIGUOUS-ZERO,,AMBIGUOUS-ZERO
72388653,c110d7b0-82ea-11f0-8b4a-0d0197d44616,Stafford MHC-CUST,363/219,527,16185,314,NOT FLIPPED,,5998,MED,-17,edge,5615,8,NOT FLIPPED,LOW,1,PIN
72386525,c0e64540-82ea-11f0-8b4a-0d0197d44616,Stafford MHC-CUST,363/219,549,16185,314,FLIPPED,,5999,MED,-21,edge,5,5360,FLIPPED,LOW,2,PIN
72381526,c71d26e0-82ea-11f0-8b4a-0d0197d44616,Stafford MHC-CUST,363/219,512,16185,314,NOT FLIPPED,,5998,MED,-8,edge,4391,24,NOT FLIPPED,LOW,1,PIN
72383639,a8d421e0-82ed-11f0-8b4a-0d0197d44616,Stafford MHC-CUST,363/219,557,16131,296,FLIPPED,,6000,MED,-82,edge,2,5674,FLIPPED,LOW,2,PIN
72386327,c07c38d0-82ea-11f0-8b4a-0d0197d44616,Stafford MHC-CUST,363/219,569,16022,260,UNKNOWN,,0,,,,0,0,,NO-DRAWS,,NO-DATA
72387911,c3fc10c0-82ea-11f0-8b4a-0d0197d44616,Stafford MHC-CUST,363/219,521,16185,314,NOT FLIPPED,NOT FLIPPED,5998,MED,-161,edge,4334,0,NOT FLIPPED,LOW,,ATTR-OK
72392465,c038a020-82ea-11f0-8b4a-0d0197d44616,Stafford MHC-CUST,363/219,515,16128,295,NOT FLIPPED,,6000,MED,-86,edge,5559,4,NOT FLIPPED,LOW,1,PIN
72389131,c1348c50-82ea-11f0-8b4a-0d0197d44616,Stafford MHC-CUST,363/219,206,16131,296,FLIPPED,FLIPPED,5999,MED,-40,edge,0,5501,FLIPPED,LOW,,ATTR-OK
72383357,c18bfb20-82ea-11f0-8b4a-0d0197d44616,Stafford MHC-CUST,363/219,513,363,219,FLIPPED,,5995,MED,,,0,0,,AMBIGUOUS-ZERO,,AMBIGUOUS-ZERO
72389800,bfeddb80-82ea-11f0-8b4a-0d0197d44616,Stafford MHC-CUST,363/219,222,363,219,NOT FLIPPED,,5998,MED,,,0,0,,AMBIGUOUS-ZERO,,AMBIGUOUS-ZERO
72393034,c3fe5350-82ed-11f0-8b4a-0d0197d44616,Stafford MHC-CUST,363/219,551,16131,296,NOT FLIPPED,,6000,MED,92,edge,5462,18,NOT FLIPPED,LOW,1,PIN
72392135,b581fb60-82ed-11f0-8b4a-0d0197d44616,Stafford MHC-CUST,363/219,562,363,219,NOT FLIPPED,,5999,MED,,,0,0,,AMBIGUOUS-ZERO,,AMBIGUOUS-ZERO
72385857,caeb3e80-82ed-11f0-8b4a-0d0197d44616,Stafford MHC-CUST,363/219,559,363,219,FLIPPED,,6000,MED,,,0,0,,AMBIGUOUS-ZERO,,AMBIGUOUS-ZERO
72385998,c18f2810-82ed-11f0-8b4a-0d0197d44616,Stafford MHC-CUST,363/219,553,363,219,FLIPPED,,6000,MED,-1308,largest=edge,59,1,NOT FLIPPED,LOW,,CONFLICT
72386301,cadd0db0-82ed-11f0-8b4a-0d0197d44616,Stafford MHC-CUST,363/219,353,16128,295,FLIPPED,,6000,MED,-95,edge,27,4941,FLIPPED,LOW,2,PIN
72384496,af3a77f0-82ed-11f0-8b4a-0d0197d44616,Stafford MHC-CUST,363/219,540,16185,314,NOT FLIPPED,NOT FLIPPED,6000,MED,-5,edge,5331,9,NOT FLIPPED,LOW,,ATTR-OK
72383118,dcb95980-82ed-11f0-8b4a-0d0197d44616,Stafford MHC-CUST,363/219,166,16185,314,FLIPPED,FLIPPED,5998,MED,-12,edge,4,5220,FLIPPED,LOW,,ATTR-OK
72384538,d3b3c780-82ed-11f0-8b4a-0d0197d44616,Stafford MHC-CUST,363/219,547,16185,314,NOT FLIPPED,NOT FLIPPED,5998,MED,65,edge,5435,15,NOT FLIPPED,LOW,,ATTR-OK
72390261,ca8020a0-82ed-11f0-8b4a-0d0197d44616,Stafford MHC-CUST,363/219,572,16185,314,NOT FLIPPED,NOT FLIPPED,6000,MED,-4146,edge,5649,108,NOT FLIPPED,LOW,,ATTR-OK
72388752,c4a7b2b0-82ed-11f0-8b4a-0d0197d44616,Stafford MHC-CUST,363/219,561,16022,260,FLIPPED,FLIPPED,6000,MED,-108,edge,32,5089,FLIPPED,LOW,,ATTR-OK
72389529,c7992d50-82ed-11f0-8b4a-0d0197d44616,Stafford MHC-CUST,363/219,528,363,219,FLIPPED,,5999,MED,,,0,0,,AMBIGUOUS-ZERO,,AMBIGUOUS-ZERO
72392770,e56d27f0-836f-11f0-8b4a-0d0197d44616,Stafford MHC-CUST,363/219,101,16131,296,NOT FLIPPED,NOT FLIPPED,6000,MED,896,largest,3442,74,NOT FLIPPED,LOW,,ATTR-OK
72388778,ab814670-836f-11f0-8b4a-0d0197d44616,Stafford MHC-CUST,363/219,122,363,219,FLIPPED,,6000,MED,,,0,0,,AMBIGUOUS-ZERO,,AMBIGUOUS-ZERO
72383027,a5266210-836f-11f0-8b4a-0d0197d44616,Stafford MHC-CUST,363/219,183,16185,314,UNKNOWN,,0,,,,0,0,,NO-DRAWS,,NO-DATA
72390121,b5dd0050-8374-11f0-8b4a-0d0197d44616,Stafford MHC-CUST,363/219,255,16185,314,FLIPPED,FLIPPED,6000,MED,-111,edge,30,5224,FLIPPED,LOW,,ATTR-OK
70262728,bbf9a330-8374-11f0-8b4a-0d0197d44616,Stafford MHC-CUST,363/219,105,16131,296,FLIPPED,FLIPPED,5998,MED,-42,edge,0,5244,FLIPPED,LOW,,ATTR-OK
72392515,c24b0a50-8377-11f0-8b4a-0d0197d44616,Stafford MHC-CUST,363/219,170,363,219,FLIPPED,,6000,MED,,,0,0,,AMBIGUOUS-ZERO,,AMBIGUOUS-ZERO
72390824,e50b1ab0-8383-11f0-8b4a-0d0197d44616,Stafford MHC-CUST,363/219,213,363,219,NOT FLIPPED,,5999,MED,,,0,0,,AMBIGUOUS-ZERO,,AMBIGUOUS-ZERO
72382458,b69b5aa0-82ed-11f0-8b4a-0d0197d44616,Stafford MHC-CUST,363/219,570,16131,296,NOT FLIPPED,NOT FLIPPED,5994,MED,45,edge,5081,0,NOT FLIPPED,LOW,,ATTR-OK
72390311,cd63e390-8385-11f0-8b4a-0d0197d44616,Stafford MHC-CUST,363/219,275,16131,296,NOT FLIPPED,NOT FLIPPED,6000,MED,-5,edge,4560,17,NOT FLIPPED,LOW,,ATTR-OK
72388158,b8c95e90-8f6c-11f0-8b4a-0d0197d44616,Stafford MHC-CUST,363/219,503,363,219,FLIPPED,,5998,MED,,,0,0,,AMBIGUOUS-ZERO,,AMBIGUOUS-ZERO
72388398,e2c64ae0-836f-11f0-8b4a-0d0197d44616,Stafford MHC-CUST,363/219,142,16131,296,FLIPPED,FLIPPED,5998,MED,144,edge,0,5377,FLIPPED,LOW,,ATTR-OK
70262710,c5338a50-84e2-11f0-8b4a-0d0197d44616,Stafford MHC-CUST,363/219,326,16185,314,FLIPPED,FLIPPED,6000,MED,-115,edge,0,5477,FLIPPED,LOW,,ATTR-OK
72390055,d3d30650-8f85-11f0-8b4a-0d0197d44616,Stafford MHC-CUST,363/219,575,363,219,UNKNOWN,,5999,MED,897,largest=edge,0,1943,FLIPPED,LOW,,DRAWS-ONLY
72384421,cfac4000-8f85-11f0-8b4a-0d0197d44616,Stafford MHC-CUST,363/219,377,16185,314,FLIPPED,FLIPPED,5998,MED,-124,edge,8,5405,FLIPPED,LOW,,ATTR-OK
72383613,ca2e4e20-8f85-11f0-8b4a-0d0197d44616,Stafford MHC-CUST,363/219,544,16131,296,NOT FLIPPED,NOT FLIPPED,6000,MED,81,edge,5736,2,NOT FLIPPED,LOW,,ATTR-OK
72382706,ce22e0e0-8f85-11f0-8b4a-0d0197d44616,Stafford MHC-CUST,363/219,532,363,219,FLIPPED,,5999,MED,,,0,0,,AMBIGUOUS-ZERO,,AMBIGUOUS-ZERO
72390642,ade33050-84e5-11f0-8b4a-0d0197d44616,Stafford MHC-CUST,363/219,318,363,219,FLIPPED,,5997,MED,,,0,0,,AMBIGUOUS-ZERO,,AMBIGUOUS-ZERO
72385386,e6c2c880-8f86-11f0-8b4a-0d0197d44616,Stafford MHC-CUST,363/219,507,16185,314,NOT FLIPPED,NOT FLIPPED,6000,MED,88,edge,5297,1,NOT FLIPPED,LOW,,ATTR-OK
72388596,eb08a500-8f85-11f0-8b4a-0d0197d44616,Stafford MHC-CUST,363/219,409,16185,314,FLIPPED,,6000,MED,67,edge,7,5628,FLIPPED,LOW,2,PIN
72379801,d5185790-8f85-11f0-8b4a-0d0197d44616,Stafford MHC-CUST,363/219,338,16022,260,NOT FLIPPED,NOT FLIPPED,6000,MED,93,edge,5359,24,NOT FLIPPED,LOW,,ATTR-OK
72392184,e82dbfa0-8f85-11f0-8b4a-0d0197d44616,Stafford MHC-CUST,363/219,378,16022,260,NOT FLIPPED,NOT FLIPPED,0,,,,0,0,,NO-DRAWS,,ATTR-PRESENT
72390162,eb6ff250-8f85-11f0-8b4a-0d0197d44616,Stafford MHC-CUST,363/219,171,16185,314,FLIPPED,FLIPPED,6000,MED,-23,edge,0,5737,FLIPPED,LOW,,ATTR-OK
72390485,d9230a60-8f85-11f0-8b4a-0d0197d44616,Stafford MHC-CUST,363/219,349,363,219,UNKNOWN,,6000,MED,876,largest=edge,13,3639,FLIPPED,LOW,,DRAWS-ONLY
72389198,c59af3b0-82ea-11f0-8b4a-0d0197d44616,Stafford MHC-CUST,363/219,267,16131,296,FLIPPED,FLIPPED,2491,MED,-112,edge,0,2375,FLIPPED,LOW,,ATTR-OK
70267412,cd2fe680-62b0-11f0-8658-7f4e94e41769,Stafford MHC-CUST,363/219,389,362,209,NOT FLIPPED,,0,,,,0,0,,NO-DRAWS,,REPORTED-ONLY
72389719,c04bda00-82ea-11f0-8b4a-0d0197d44616,Stafford MHC-CUST,363/219,560,363,219,UNKNOWN,,6000,MED,959,largest=edge,2,3667,FLIPPED,LOW,,DRAWS-ONLY
72389693,b842a960-82ea-11f0-8b4a-0d0197d44616,Stafford MHC-CUST,363/219,554,16131,296,NOT FLIPPED,NOT FLIPPED,6000,MED,85,edge,5383,20,NOT FLIPPED,LOW,,ATTR-OK
72384348,b711a370-82ea-11f0-8b4a-0d0197d44616,Stafford MHC-CUST,363/219,218,16022,260,FLIPPED,FLIPPED,2737,MED,-649,edge,28,207,FLIPPED,LOW,,ATTR-OK
72389156,e46a5f60-82ea-11f0-8b4a-0d0197d44616,Stafford MHC-CUST,363/219,563,16022,260,FLIPPED,FLIPPED,6000,MED,44,edge,1,5802,FLIPPED,LOW,,ATTR-OK
72385915,c10761d0-82ea-11f0-8b4a-0d0197d44616,Stafford MHC-CUST,363/219,530,16185,314,FLIPPED,FLIPPED,6000,MED,-15,edge,22,5355,FLIPPED,LOW,,ATTR-OK
70265820,c5e9ded0-62b0-11f0-8658-7f4e94e41769,Stafford MHC-CUST,363/219,555,363,219,NOT FLIPPED,,5994,MED,,,0,0,,AMBIGUOUS-ZERO,,AMBIGUOUS-ZERO
72383563,b8668510-82ea-11f0-8b4a-0d0197d44616,Stafford MHC-CUST,363/219,238,16022,260,FLIPPED,FLIPPED,6000,MED,-82,edge,0,4658,FLIPPED,LOW,,ATTR-OK
72392275,bc7b4a00-82ea-11f0-8b4a-0d0197d44616,Stafford MHC-CUST,363/219,310,16185,314,NOT FLIPPED,NOT FLIPPED,2606,MED,,,0,0,,AMBIGUOUS-ZERO,,AMBIGUOUS-ZERO
72389610,b65a3a50-82ea-11f0-8b4a-0d0197d44616,Stafford MHC-CUST,363/219,231,16131,296,NOT FLIPPED,NOT FLIPPED,6000,MED,71,edge,5564,18,NOT FLIPPED,LOW,,ATTR-OK
72389354,b3f8f1c0-82ea-11f0-8b4a-0d0197d44616,Stafford MHC-CUST,363/219,214,16185,314,NOT FLIPPED,,6000,MED,7799,largest,0,0,no draws,NO-DRAWS,,NO-DRAWS
72724356,d7d57ce0-c88a-11f0-9842-6d029661c338,Stafford MHC-CUST,363/219,202,363,219,NOT FLIPPED,,5999,MED,,,0,0,,AMBIGUOUS-ZERO,,AMBIGUOUS-ZERO
72386434,bdb306b0-82ea-11f0-8b4a-0d0197d44616,Stafford MHC-CUST,363/219,509,16131,296,FLIPPED,,6000,MED,-770,largest,26,3352,FLIPPED,LOW,2,PIN
75373231,c531b000-012d-11f1-8726-d3fa6d0d96af,Stafford MHC-CUST,363/219,179,16128,295,FLIPPED,,5999,MED,-68,edge,0,5842,FLIPPED,LOW,2,PIN
75369437,af730530-4d71-11f1-b1bb-f3574cce671d,Stafford MHC-CUST,363/219,566,16185,315,NOT FLIPPED,,5998,MED,-1,edge,5607,0,NOT FLIPPED,LOW,1,PIN
75371821,c0d56610-4d71-11f1-b1bb-f3574cce671d,Stafford MHC-CUST,363/219,361,363,219,NOT FLIPPED,,6000,MED,,,0,0,,AMBIGUOUS-ZERO,,AMBIGUOUS-ZERO
75364537,ae6134e0-52f4-11f1-b1bb-f3574cce671d,Stafford MHC-CUST,363/219,274,16185,314,NOT FLIPPED,,0,,,,0,0,,NO-DRAWS,,REPORTED-ONLY
70260482,bd778c20-62b0-11f0-8658-7f4e94e41769,Stafford MHC-CUST,363/219,564,362,209,FLIPPED,,0,,,,0,0,,NO-DRAWS,,REPORTED-ONLY
75368033,bd952f30-4d71-11f1-b1bb-f3574cce671d,Stafford MHC-CUST,363/219,573,363,219,NOT FLIPPED,,5994,MED,,,0,0,,AMBIGUOUS-ZERO,,AMBIGUOUS-ZERO
72380890,aec15640-836f-11f0-8b4a-0d0197d44616,Stafford MHC-CUST,363/219,223,16185,314,NOT FLIPPED,NOT FLIPPED,253,MED,54,edge,179,6,NOT FLIPPED,LOW,,ATTR-OK
75365468,ec6b2a20-52f4-11f1-b1bb-f3574cce671d,Stafford MHC-CUST,363/219,333,16185,314,NOT FLIPPED,,6000,MED,84,edge,5184,17,NOT FLIPPED,LOW,1,PIN
70263023,ee514d40-8385-11f0-8b4a-0d0197d44616,Stafford MHC-CUST,363/219,118,363,219,NOT FLIPPED,,6000,MED,,,0,0,,AMBIGUOUS-ZERO,,AMBIGUOUS-ZERO
75367266,eeeb4550-52f4-11f1-b1bb-f3574cce671d,Stafford MHC-CUST,363/219,550,16185,314,FLIPPED,,6000,MED,114,edge,11,5611,FLIPPED,LOW,2,PIN
72717228,ef2ff220-c42b-11f0-9842-6d029661c338,Stafford MHC-CUST,363/219,227,16185,314,FLIPPED,,5979,MED,-4,largest,0,0,no draws,NO-DRAWS,,NO-DRAWS
72379967,ef783420-8f85-11f0-8b4a-0d0197d44616,Stafford MHC-CUST,363/219,405,16185,314,FLIPPED,FLIPPED,5999,MED,-21,edge,0,5081,FLIPPED,LOW,,ATTR-OK
72392481,f03a2f20-8f86-11f0-8b4a-0d0197d44616,Stafford MHC-CUST,363/219,313,363,219,NOT FLIPPED,,5999,MED,,,0,0,,AMBIGUOUS-ZERO,,AMBIGUOUS-ZERO
79454888,f62fed70-52f4-11f1-b1bb-f3574cce671d,Stafford MHC-CUST,363/219,317,16185,314,FLIPPED,FLIPPED,6000,MED,-124,edge,39,5308,FLIPPED,LOW,,ATTR-OK
75362549,f681b6f0-52f4-11f1-b1bb-f3574cce671d,Stafford MHC-CUST,363/219,386,16185,314,NOT FLIPPED,NOT FLIPPED,2352,MED,,,0,0,,AMBIGUOUS-ZERO,,AMBIGUOUS-ZERO
75364511,f770f8f1-52f4-11f1-b1bb-f3574cce671d,Stafford MHC-CUST,363/219,510,16185,314,NOT FLIPPED,,324,MED,,,0,0,,AMBIGUOUS-ZERO,,AMBIGUOUS-ZERO
70262892,f888e9b0-8f85-11f0-8b4a-0d0197d44616,Stafford MHC-CUST,363/219,533,363,219,FLIPPED,,5999,MED,,,0,0,,AMBIGUOUS-ZERO,,AMBIGUOUS-ZERO
75368900,faa81a40-4d71-11f1-b1bb-f3574cce671d,Stafford MHC-CUST,363/219,155,16185,314,FLIPPED,FLIPPED,5999,MED,-27,edge,4,5359,FLIPPED,LOW,,ATTR-OK
72718655,06170d80-c4ee-11f0-9842-6d029661c338,Parker MHC-CUST,362/209,10,362,209,FLIPPED,,5998,MED,,,0,0,,AMBIGUOUS-ZERO,,AMBIGUOUS-ZERO
65826508,0883c860-e66e-11ef-bcd4-5bcca9a9134f,Parker MHC-CUST,362/209,54,16185,314,NOT FLIPPED,,6000,MED,-94,edge,5735,10,NOT FLIPPED,LOW,1,PIN
70271927,1ec7b7a0-c4e7-11f0-9842-6d029661c338,Parker MHC-CUST,362/209,28,16185,314,NOT FLIPPED,NOT FLIPPED,5999,MED,-50,edge,5852,0,NOT FLIPPED,LOW,,ATTR-OK
72718861,1f326050-c4e7-11f0-9842-6d029661c338,Parker MHC-CUST,362/209,5,362,209,NOT FLIPPED,,5998,MED,,,0,0,,AMBIGUOUS-ZERO,,AMBIGUOUS-ZERO
70261563,23c492a0-c4e7-11f0-9842-6d029661c338,Parker MHC-CUST,362/209,17,362,209,NOT FLIPPED,,5997,MED,,,0,0,,AMBIGUOUS-ZERO,,AMBIGUOUS-ZERO
72716824,24b9c810-c4e7-11f0-9842-6d029661c338,Parker MHC-CUST,362/209,37,16185,314,FLIPPED,FLIPPED,5999,MED,-17,edge,0,5217,FLIPPED,LOW,,ATTR-OK
72721170,255571b0-c89e-11f0-9842-6d029661c338,Parker MHC-CUST,362/209,24,362,209,FLIPPED,,5997,MED,,,0,0,,AMBIGUOUS-ZERO,,AMBIGUOUS-ZERO
70272693,284a41d0-c4e7-11f0-9842-6d029661c338,Parker MHC-CUST,362/209,52,16185,314,FLIPPED,,6000,MED,81,edge,1,5825,FLIPPED,LOW,2,PIN
72719844,2c66a7e0-c4e7-11f0-9842-6d029661c338,Parker MHC-CUST,362/209,44,16185,314,FLIPPED,FLIPPED,5999,MED,3,edge,0,5654,FLIPPED,LOW,,ATTR-OK
72718960,2dd09820-c4e7-11f0-9842-6d029661c338,Parker MHC-CUST,362/209,50,16185,314,FLIPPED,,6000,MED,87,edge,17,5422,FLIPPED,LOW,2,PIN
72715511,381360e0-c4ee-11f0-9842-6d029661c338,Parker MHC-CUST,362/209,40,16185,314,NOT FLIPPED,,6000,MED,-60,edge,5786,0,NOT FLIPPED,LOW,1,PIN
70271679,3aeb5c20-c456-11f0-9842-6d029661c338,Parker MHC-CUST,362/209,14,16185,314,NOT FLIPPED,,5998,MED,18,edge,5194,0,NOT FLIPPED,LOW,1,PIN
68588225,3e872530-bb65-11ef-8f43-73c96c0de66f,Parker MHC-CUST,362/209,38,16185,314,FLIPPED,,6000,MED,-66,edge,1,5154,FLIPPED,LOW,2,PIN
72719224,42f10a50-c456-11f0-9842-6d029661c338,Parker MHC-CUST,362/209,55,16185,314,NOT FLIPPED,,5998,MED,170,edge,2946,0,NOT FLIPPED,LOW,1,PIN
72721816,4594c160-c4ca-11f0-9842-6d029661c338,Parker MHC-CUST,362/209,30,16131,296,NOT FLIPPED,,6000,MED,75,edge,5413,9,NOT FLIPPED,LOW,1,PIN
72715222,4808c870-c4e7-11f0-9842-6d029661c338,Parker MHC-CUST,362/209,18,362,209,FLIPPED,,5999,MED,,,0,0,,AMBIGUOUS-ZERO,,AMBIGUOUS-ZERO
72723705,51744830-c4e7-11f0-9842-6d029661c338,Parker MHC-CUST,362/209,15,16185,314,NOT FLIPPED,,5997,MED,-15,edge,5578,0,NOT FLIPPED,LOW,1,PIN
72722814,55cad110-c4e7-11f0-9842-6d029661c338,Parker MHC-CUST,362/209,43,362,209,NOT FLIPPED,,5999,MED,,,0,0,,AMBIGUOUS-ZERO,,AMBIGUOUS-ZERO
65830864,5b8d80f0-c7ab-11ef-8f43-73c96c0de66f,Parker MHC-CUST,362/209,39,16022,260,NOT FLIPPED,NOT FLIPPED,6000,MED,133,edge,5158,57,NOT FLIPPED,LOW,,ATTR-OK
72719638,5ceb0720-c89e-11f0-9842-6d029661c338,Parker MHC-CUST,362/209,13,362,209,NOT FLIPPED,,837,MED,,,0,0,,AMBIGUOUS-ZERO,,AMBIGUOUS-ZERO
72714969,63abcb40-c456-11f0-9842-6d029661c338,Parker MHC-CUST,362/209,3,16185,314,NOT FLIPPED,,6000,MED,261,edge,5674,28,NOT FLIPPED,LOW,1,PIN
72721105,682d0da0-c456-11f0-9842-6d029661c338,Parker MHC-CUST,362/209,27,16185,314,FLIPPED,,6000,MED,4,edge,0,5716,FLIPPED,LOW,2,PIN
65823836,7bf973b0-c7ad-11ef-8f43-73c96c0de66f,Parker MHC-CUST,362/209,20,362,209,NOT FLIPPED,,6000,MED,,,0,0,,AMBIGUOUS-ZERO,,AMBIGUOUS-ZERO
72719711,83db4440-c4e7-11f0-9842-6d029661c338,Parker MHC-CUST,362/209,51,16185,314,FLIPPED,FLIPPED,5998,MED,-47,edge,4,5418,FLIPPED,LOW,,ATTR-OK
72717590,9ad00960-c4e7-11f0-9842-6d029661c338,Parker MHC-CUST,362/209,33,16131,296,NOT FLIPPED,,5556,MED,82,edge,1553,0,NOT FLIPPED,LOW,1,PIN
72719455,9dcb2030-c453-11f0-9842-6d029661c338,Parker MHC-CUST,362/209,4,362,209,NOT FLIPPED,,5998,MED,,,0,0,,AMBIGUOUS-ZERO,,AMBIGUOUS-ZERO
70272453,a49e1b80-c4e7-11f0-9842-6d029661c338,Parker MHC-CUST,362/209,56,362,209,FLIPPED,,6000,MED,,,0,0,,AMBIGUOUS-ZERO,,AMBIGUOUS-ZERO
72721501,a663bf90-c453-11f0-9842-6d029661c338,Parker MHC-CUST,362/209,25,16185,314,NOT FLIPPED,NOT FLIPPED,5999,MED,54,edge,5335,0,NOT FLIPPED,LOW,,ATTR-OK
72719232,aa785d70-c453-11f0-9842-6d029661c338,Parker MHC-CUST,362/209,12,16185,314,FLIPPED,,5999,MED,-78,edge,0,5484,FLIPPED,LOW,2,PIN
72719745,aeda5800-c453-11f0-9842-6d029661c338,Parker MHC-CUST,362/209,31,16048,272,FLIPPED,,0,,,,0,0,,NO-DRAWS,,REPORTED-ONLY
65831219,ba19ecb1-c735-11ef-8f43-73c96c0de66f,Parker MHC-CUST,362/209,36,16185,314,FLIPPED,,6000,MED,-11,edge,0,2177,FLIPPED,LOW,2,PIN
72715479,c3059ce0-c453-11f0-9842-6d029661c338,Parker MHC-CUST,362/209,8,16185,314,NOT FLIPPED,,6000,MED,362,edge,3043,0,NOT FLIPPED,LOW,1,PIN
70272412,cb004e90-c453-11f0-9842-6d029661c338,Parker MHC-CUST,362/209,32,16185,314,FLIPPED,FLIPPED,6000,MED,3,edge,1,5853,FLIPPED,LOW,,ATTR-OK
72717558,d03c7c80-c453-11f0-9842-6d029661c338,Parker MHC-CUST,362/209,7,16185,314,FLIPPED,FLIPPED,6000,MED,14553,edge,0,5655,FLIPPED,LOW,,ATTR-OK
72721162,d67dbe60-c453-11f0-9842-6d029661c338,Parker MHC-CUST,362/209,26,16185,314,FLIPPED,,5998,MED,-12,edge,0,5386,FLIPPED,LOW,2,PIN
70266919,e3b8fcd0-c4ed-11f0-9842-6d029661c338,Parker MHC-CUST,362/209,16,362,209,NOT FLIPPED,,6000,MED,,,0,0,,AMBIGUOUS-ZERO,,AMBIGUOUS-ZERO
65826730,e6a720b0-e641-11ef-bcd4-5bcca9a9134f,Parker MHC-CUST,362/209,23,16185,314,NOT FLIPPED,,6000,MED,-106,edge,5458,3,NOT FLIPPED,LOW,1,PIN
72719737,2e86c420-0c35-11f1-8768-5551e7a34f27,Noble Estates MHC-Cust,16130/296,503,16130,296,NOT FLIPPED,,0,,,,0,0,,NO-DRAWS,,REPORTED-ONLY
75370583,2eb6fbe0-0c35-11f1-8768-5551e7a34f27,Noble Estates MHC-Cust,16130/296,536,16130,296,NOT FLIPPED,NOT FLIPPED,0,,,,0,0,,NO-DRAWS,,ATTR-PRESENT
75370344,2f3a5cb0-0c35-11f1-8768-5551e7a34f27,Noble Estates MHC-Cust,16130/296,506,16022,260,NOT FLIPPED,NOT FLIPPED,0,,,,0,0,,NO-DRAWS,,ATTR-PRESENT
75365401,2fca8ec0-0c35-11f1-8768-5551e7a34f27,Noble Estates MHC-Cust,16130/296,533,16185,314,FLIPPED,FLIPPED,5993,MED,54,edge,0,4817,FLIPPED,LOW,,ATTR-OK
75363356,36bd6d60-0c35-11f1-8768-5551e7a34f27,Noble Estates MHC-Cust,16130/296,509,16185,314,FLIPPED,FLIPPED,6000,MED,57,edge,5,5433,FLIPPED,LOW,,ATTR-OK
79462865,5596ca80-3aa0-11f1-b198-172a4a9f25c9,Noble Estates MHC-Cust,16130/296,523,16185,314,NOT FLIPPED,NOT FLIPPED,5999,MED,134,edge,5167,123,NOT FLIPPED,LOW,,ATTR-OK
75362770,5fba2890-3aa0-11f1-b198-172a4a9f25c9,Noble Estates MHC-Cust,16130/296,525,16185,314,FLIPPED,,572,MED,48,edge,0,527,FLIPPED,LOW,2,PIN
75360865,72216ef0-0c40-11f1-8768-5551e7a34f27,Noble Estates MHC-Cust,16130/296,547,16185,314,FLIPPED,FLIPPED,3915,MED,59,edge,0,3701,FLIPPED,LOW,,ATTR-OK
75372456,7b4f9890-0c35-11f1-8768-5551e7a34f27,Noble Estates MHC-Cust,16130/296,516,16185,314,NOT FLIPPED,NOT FLIPPED,144,MED,990,edge,0,1,no draws,NO-DRAWS,,NO-DRAWS
75360626,849df360-0c35-11f1-8768-5551e7a34f27,Noble Estates MHC-Cust,16130/296,551,16185,314,FLIPPED,FLIPPED,6000,MED,152,edge,10,5846,FLIPPED,LOW,,ATTR-OK
72713763,8e0ba6f0-0c3e-11f1-8768-5551e7a34f27,Noble Estates MHC-Cust,16130/296,555,16131,296,FLIPPED,FLIPPED,1444,MED,113,edge,0,1289,FLIPPED,LOW,,ATTR-OK
75364099,8e6a8fd0-0c3e-11f1-8768-5551e7a34f27,Noble Estates MHC-Cust,16130/296,541,16185,314,FLIPPED,FLIPPED,6000,MED,-49,edge,0,5763,FLIPPED,LOW,,ATTR-OK
75365237,8fa744a0-0c35-11f1-8768-5551e7a34f27,Noble Estates MHC-Cust,16130/296,553,16130,296,FLIPPED,FLIPPED,0,,,,0,0,,NO-DRAWS,,ATTR-PRESENT
72715966,c878b470-0c40-11f1-8768-5551e7a34f27,Noble Estates MHC-Cust,16130/296,530,16130,296,NOT FLIPPED,NOT FLIPPED,0,,,,0,0,,NO-DRAWS,,ATTR-PRESENT
75368199,dae3d3c0-0c35-11f1-8768-5551e7a34f27,Noble Estates MHC-Cust,16130/296,513,16131,296,FLIPPED,FLIPPED,5996,MED,-24,edge,0,3179,FLIPPED,LOW,,ATTR-OK
77054130,02252140-3d93-11f0-8e55-b138a1c03c8e,Alta Vista MHC-CUST,363/219,9,363,219,UNKNOWN,,1127,MED,48,largest=edge,0,0,no draws,NO-DRAWS,,NO-DRAWS
72716261,0dc074f0-c89e-11f0-9842-6d029661c338,Alta Vista MHC-CUST,363/219,57,16185,314,FLIPPED,FLIPPED,6000,MED,,,0,0,,AMBIGUOUS-ZERO,,AMBIGUOUS-ZERO
77054437,111e69e0-26b4-11f0-8272-45e3ef110760,Alta Vista MHC-CUST,363/219,43,16131,296,NOT FLIPPED,,5998,MED,-50,edge,5397,0,NOT FLIPPED,LOW,1,PIN
65823901,14cb9650-be5c-11ef-8f43-73c96c0de66f,Alta Vista MHC-CUST,363/219,20,16185,314,FLIPPED,,5998,MED,7,edge,59,5099,FLIPPED,LOW,2,PIN
79460224,15d3b510-47fd-11f1-969c-6109d9dfb138,Alta Vista MHC-CUST,363/219,52,363,219,NOT FLIPPED,,392,MED,,,0,0,,AMBIGUOUS-ZERO,,AMBIGUOUS-ZERO
77057729,1a78ab90-26b4-11f0-8272-45e3ef110760,Alta Vista MHC-CUST,363/219,12,16185,314,NOT FLIPPED,NOT FLIPPED,5999,MED,-105,edge,5372,0,NOT FLIPPED,LOW,,ATTR-OK
65830856,1ef32de0-c943-11ef-8f43-73c96c0de66f,Alta Vista MHC-CUST,363/219,34,16185,314,NOT FLIPPED,,5997,MED,-90,edge,5396,0,NOT FLIPPED,LOW,1,PIN
65824842,1f945190-cf72-11ef-8f43-73c96c0de66f,Alta Vista MHC-CUST,363/219,54,16185,314,NOT FLIPPED,,6000,MED,33,edge,5183,0,NOT FLIPPED,LOW,1,PIN
75365476,212ab880-47fa-11f1-969c-6109d9dfb138,Alta Vista MHC-CUST,363/219,25,16131,296,FLIPPED,,5999,MED,123,edge,4,5773,FLIPPED,LOW,2,PIN
65824784,24f44770-e5a8-11ef-a76f-4d93d4a482f0,Alta Vista MHC-CUST,363/219,1,16185,314,FLIPPED,,5998,MED,82,edge,4,5641,FLIPPED,LOW,2,PIN
65823927,41bcf580-c93f-11ef-8f43-73c96c0de66f,Alta Vista MHC-CUST,363/219,44 better than 30385,16185,314,NOT FLIPPED,,6000,MED,-2,edge,5415,0,NOT FLIPPED,LOW,1,PIN
65824909,41e08310-c93f-11ef-8f43-73c96c0de66f,Alta Vista MHC-CUST,363/219,6,363,219,FLIPPED,,5998,MED,,,0,0,,AMBIGUOUS-ZERO,,AMBIGUOUS-ZERO
77060061,4d328910-3d9e-11f0-8e55-b138a1c03c8e,Alta Vista MHC-CUST,363/219,56,363,219,NOT FLIPPED,,5998,MED,,,0,0,,AMBIGUOUS-ZERO,,AMBIGUOUS-ZERO
77061119,54914bc0-269b-11f0-8272-45e3ef110760,Alta Vista MHC-CUST,363/219,55,16185,314,FLIPPED,,6000,MED,36,edge,17,5577,FLIPPED,LOW,2,PIN
77055699,5be67980-3da3-11f0-8e55-b138a1c03c8e,Alta Vista MHC-CUST,363/219,8,16131,296,NOT FLIPPED,,6000,MED,166,edge,5863,9,NOT FLIPPED,LOW,1,PIN
65830971,5fa0e2b0-b97b-11ef-8f43-73c96c0de66f,Alta Vista MHC-CUST,363/219,51,363,219,NOT FLIPPED,,5999,MED,,,0,0,,AMBIGUOUS-ZERO,,AMBIGUOUS-ZERO
70264997,685d4dc0-62a0-11f0-8658-7f4e94e41769,Alta Vista MHC-CUST,363/219,5,16185,314,FLIPPED,,5999,MED,21,edge,0,5565,FLIPPED,LOW,2,PIN
65823604,6b8c22a0-c728-11ef-8f43-73c96c0de66f,Alta Vista MHC-CUST,363/219,13,16048,272,NOT FLIPPED,,0,,,,0,0,,NO-DRAWS,,REPORTED-ONLY
79459671,6e0a3b80-47f5-11f1-969c-6109d9dfb138,Alta Vista MHC-CUST,363/219,50,16048,272,UNKNOWN,,0,,,,0,0,,NO-DRAWS,,NO-DATA
72382128,6e26e810-a940-11f0-98a7-c3bc57f9afe3,Alta Vista MHC-CUST,363/219,48,16185,314,NOT FLIPPED,NOT FLIPPED,1343,MED,-29,edge,1067,0,NOT FLIPPED,LOW,,ATTR-OK
77059873,6f11da90-3da3-11f0-8e55-b138a1c03c8e,Alta Vista MHC-CUST,363/219,10,16185,314,FLIPPED,FLIPPED,6000,MED,6911,edge,9,5630,FLIPPED,LOW,,ATTR-OK
77054668,70113540-3dbb-11f0-8e55-b138a1c03c8e,Alta Vista MHC-CUST,363/219,14,363,219,NOT FLIPPED,,5999,MED,,,0,0,,AMBIGUOUS-ZERO,,AMBIGUOUS-ZERO
65823034,76f6bc20-e313-11ef-a5fd-a97d57576080,Alta Vista MHC-CUST,363/219,16,16185,314,NOT FLIPPED,,5999,MED,-163,edge,5142,0,NOT FLIPPED,LOW,1,PIN
65823596,7b272f90-c7ad-11ef-8f43-73c96c0de66f,Alta Vista MHC-CUST,363/219,38,363,219,FLIPPED,,5998,MED,-16,largest=edge,17,4660,FLIPPED,LOW,2,PIN
77061531,84240bc0-3d9d-11f0-8e55-b138a1c03c8e,Alta Vista MHC-CUST,363/219,11,16185,314,NOT FLIPPED,NOT FLIPPED,1041,MED,,,0,0,,AMBIGUOUS-ZERO,,AMBIGUOUS-ZERO
70264765,845122b0-629e-11f0-8658-7f4e94e41769,Alta Vista MHC-CUST,363/219,3,16185,314,NOT FLIPPED,NOT FLIPPED,2440,MED,-9,edge,2249,2,NOT FLIPPED,LOW,,ATTR-OK
65824735,85653130-e07d-11ef-a5fd-a97d57576080,Alta Vista MHC-CUST,363/219,23,16131,296,FLIPPED,FLIPPED,159,MED,-120,edge,0,73,FLIPPED,LOW,,ATTR-OK
70265200,932acf10-5c0a-11f0-9fcd-87e94e720126,Alta Vista MHC-CUST,363/219,7,16131,296,FLIPPED,FLIPPED,6000,MED,-23052,largest,0,0,no draws,NO-DRAWS,,NO-DRAWS
77061879,93bb26e0-3dbb-11f0-8e55-b138a1c03c8e,Alta Vista MHC-CUST,363/219,41,16185,314,FLIPPED,,5999,MED,-61,edge,0,5643,FLIPPED,LOW,2,PIN
75361814,9a00c4d0-47f4-11f1-969c-6109d9dfb138,Alta Vista MHC-CUST,363/219,49,16131,296,NOT FLIPPED,NOT FLIPPED,6000,MED,35,edge,5545,4,NOT FLIPPED,LOW,,ATTR-OK
75369874,9e9d5760-47f4-11f1-969c-6109d9dfb138,Alta Vista MHC-CUST,363/219,2,16131,296,FLIPPED,,5996,MED,59,edge,48,5243,FLIPPED,LOW,2,PIN
75366334,a2882620-47f4-11f1-969c-6109d9dfb138,Alta Vista MHC-CUST,363/219,47,16048,272,FLIPPED,,0,,,,0,0,,NO-DRAWS,,REPORTED-ONLY
65830385,aa94bd60-b8e9-11ef-8f43-73c96c0de66f,Alta Vista MHC-CUST,363/219,44,16131,296,FLIPPED,,5999,MED,52,edge,0,5765,FLIPPED,LOW,2,PIN
65831342,accc2810-c795-11ef-8f43-73c96c0de66f,Alta Vista MHC-CUST,363/219,29,16131,296,NOT FLIPPED,,6000,MED,7,edge,5918,0,NOT FLIPPED,LOW,1,PIN
65829239,bf80d540-b96d-11ef-8f43-73c96c0de66f,Alta Vista MHC-CUST,363/219,21,16131,296,FLIPPED,FLIPPED,6000,MED,-97,edge,3,5597,FLIPPED,LOW,,ATTR-OK
70264187,c8564590-629d-11f0-8658-7f4e94e41769,Alta Vista MHC-CUST,363/219,46,16131,296,FLIPPED,FLIPPED,6000,MED,-67,edge,0,5669,FLIPPED,LOW,,ATTR-OK
77058305,c8d60d80-35a6-11f0-8e55-b138a1c03c8e,Alta Vista MHC-CUST,363/219,22,363,219,FLIPPED,,6000,MED,,,0,0,,AMBIGUOUS-ZERO,,AMBIGUOUS-ZERO
70260177,cceb4c30-61db-11f0-8658-7f4e94e41769,Alta Vista MHC-CUST,363/219,19,363,219,NOT FLIPPED,,0,,,,0,0,,NO-DRAWS,,REPORTED-ONLY
72714506,d82e2990-c89d-11f0-9842-6d029661c338,Alta Vista MHC-CUST,363/219,39,363,219,UNKNOWN,,419,MED,38,largest=edge,0,3,no draws,NO-DRAWS,,NO-DRAWS
72715578,dec7c4a0-c89d-11f0-9842-6d029661c338,Alta Vista MHC-CUST,363/219,58,363,219,FLIPPED,,5996,MED,,,0,0,,AMBIGUOUS-ZERO,,AMBIGUOUS-ZERO
77056143,e44d4d80-35a6-11f0-8e55-b138a1c03c8e,Alta Vista MHC-CUST,363/219,27,16131,296,FLIPPED,,5999,MED,-50,edge,0,5322,FLIPPED,LOW,2,PIN
70270804,e567bcd0-52b3-11f0-acb1-514e01860b07,Alta Vista MHC-CUST,363/219,42,16185,314,NOT FLIPPED,,0,,,,0,0,,NO-DRAWS,,REPORTED-ONLY
65825716,e8428130-e641-11ef-bcd4-5bcca9a9134f,Alta Vista MHC-CUST,363/219,15,363,219,NOT FLIPPED,,6000,MED,,,0,0,,AMBIGUOUS-ZERO,,AMBIGUOUS-ZERO
65827795,eda56120-cf70-11ef-8f43-73c96c0de66f,Alta Vista MHC-CUST,363/219,37,16185,314,NOT FLIPPED,,5974,MED,92,edge,5336,11,NOT FLIPPED,LOW,1,PIN
65831821,f0c4a280-cf70-11ef-8f43-73c96c0de66f,Alta Vista MHC-CUST,363/219,26,16185,314,FLIPPED,,5999,MED,-119,edge,13,5767,FLIPPED,LOW,2,PIN
65824628,f7e2e6a0-ea3a-11ef-b35e-23eef2ba43da,Alta Vista MHC-CUST,363/219,53,363,219,NOT FLIPPED,,0,,,,0,0,,NO-DRAWS,,REPORTED-ONLY
65823356,fdeb0410-c730-11ef-8f43-73c96c0de66f,Alta Vista MHC-CUST,363/219,36,16131,296,NOT FLIPPED,,6000,MED,15,edge,5727,0,NOT FLIPPED,LOW,1,PIN
70271356,fee915f0-5213-11f0-acb1-514e01860b07,Alta Vista MHC-CUST,363/219,30,16131,296,FLIPPED,,5996,MED,-89,edge,0,4300,FLIPPED,LOW,2,PIN
75364966,26199600-0c3f-11f1-8768-5551e7a34f27,Midtown MHP,15090/254,4,15090,254,NOT FLIPPED,,5999,MED,-4,edge,4794,1,NOT FLIPPED,LOW,1,PIN
75361376,307f49b0-0c3e-11f1-8768-5551e7a34f27,Midtown MHP,15090/254,10,16185,314,NOT FLIPPED,,5999,MED,50,edge,4530,110,NOT FLIPPED,LOW,1,PIN
75372944,39155b90-0c3f-11f1-8768-5551e7a34f27,Midtown MHP,15090/254,8,15090,254,NOT FLIPPED,,5996,MED,-42,edge,5418,0,NOT FLIPPED,LOW,1,PIN
75369932,3982ea70-0c3f-11f1-8768-5551e7a34f27,Midtown MHP,15090/254,2,15090,254,NOT FLIPPED,,0,,,,0,0,,NO-DRAWS,,REPORTED-ONLY
75374668,76dfd6d0-0c3f-11f1-8768-5551e7a34f27,Midtown MHP,15090/254,3,15090,254,NOT FLIPPED,,5998,MED,44,edge,5721,0,NOT FLIPPED,LOW,1,PIN
75367779,7a652270-0c3e-11f1-8768-5551e7a34f27,Midtown MHP,15090/254,6,15090,254,NOT FLIPPED,,445,MED,381,edge,242,45,NOT FLIPPED,LOW,1,PIN
75370369,7ce54830-0c3f-11f1-8768-5551e7a34f27,Midtown MHP,15090/254,5,16165,302,NOT FLIPPED,,0,,,,0,0,,NO-DRAWS,,REPORTED-ONLY
72722335,96923300-0c40-11f1-8768-5551e7a34f27,Midtown MHP,15090/254,7,15090,254,FLIPPED,,5999,MED,34,edge,2,5570,FLIPPED,LOW,2,PIN
75363349,e5c1e030-0c3e-11f1-8768-5551e7a34f27,Midtown MHP,15090/254,1,16131,296,NOT FLIPPED,NOT FLIPPED,5999,MED,68,edge,4718,0,NOT FLIPPED,LOW,,ATTR-OK
75374106,03abbcf0-f8ae-11f0-b153-63024d3301e1,Mission Apartments,12377/219,8916,16131,296,NOT FLIPPED,,6000,MED,-18,edge,5213,0,NOT FLIPPED,LOW,1,PIN
72724364,1686ff80-c427-11f0-9842-6d029661c338,Mission Apartments,12377/219,8936,16131,296,FLIPPED,,5975,MED,-24,edge,134,1049,FLIPPED,LOW,2,PIN
75373470,b8a202a0-0e6f-11f1-85e5-65eb60735c3d,Mission Apartments,12377/219,8914,16131,296,NOT FLIPPED,,6000,MED,95,edge,5593,0,NOT FLIPPED,LOW,1,PIN
75372787,3af26d20-4d73-11f1-b1bb-f3574cce671d,Broken Arrow MHP - Cust,16131/296,6115-198TH-ST,16131,296,FLIPPED,FLIPPED,6000,MED,15,edge,0,5281,FLIPPED,LOW,,ATTR-OK
75370971,6870c790-4d75-11f1-b1bb-f3574cce671d,Broken Arrow MHP - Cust,16131/296,6128-198TH-ST,16131,296,NOT FLIPPED,NOT FLIPPED,5779,MED,29,edge,4999,0,NOT FLIPPED,LOW,,ATTR-OK
75365435,82c7a040-4d71-11f1-b1bb-f3574cce671d,Broken Arrow MHP - Cust,16131/296,6123-197TH-ST,16131,296,NOT FLIPPED,NOT FLIPPED,5997,MED,31,edge,5448,0,NOT FLIPPED,LOW,,ATTR-OK
79455802,92879bc0-4d71-11f1-b1bb-f3574cce671d,Broken Arrow MHP - Cust,16131/296,6121-198TH-ST,16131,296,FLIPPED,FLIPPED,0,,,,0,0,,NO-DRAWS,,ATTR-PRESENT
79461669,94b725f0-4d71-11f1-b1bb-f3574cce671d,Broken Arrow MHP - Cust,16131/296,6116-198TH-ST,16131,296,NOT FLIPPED,NOT FLIPPED,6000,MED,159,edge,5549,0,NOT FLIPPED,LOW,,ATTR-OK
75360899,9793e010-4d71-11f1-b1bb-f3574cce671d,Broken Arrow MHP - Cust,16131/296,6117-198TH-ST,16131,296,FLIPPED,FLIPPED,6000,MED,-53,edge,0,3035,FLIPPED,LOW,,ATTR-OK
75369346,9b538020-4d71-11f1-b1bb-f3574cce671d,Broken Arrow MHP - Cust,16131/296,6105-197TH-ST (wrong),16131,296,NOT FLIPPED,NOT FLIPPED,2638,MED,32,edge,2391,0,NOT FLIPPED,LOW,,ATTR-OK
75367357,b0ede560-4d71-11f1-b1bb-f3574cce671d,Broken Arrow MHP - Cust,16131/296,6124-198TH-ST,16131,296,FLIPPED,FLIPPED,0,,,,0,0,,NO-DRAWS,,ATTR-PRESENT
75361921,b6993df0-4d73-11f1-b1bb-f3574cce671d,Broken Arrow MHP - Cust,16131/296,6119-197TH-ST,16131,296,FLIPPED,FLIPPED,6000,MED,181,edge,0,5449,FLIPPED,LOW,,ATTR-OK
75361822,ba663660-4d71-11f1-b1bb-f3574cce671d,Broken Arrow MHP - Cust,16131/296,6103-197TH-ST,16131,296,FLIPPED,FLIPPED,5999,MED,-26,edge,0,5407,FLIPPED,LOW,,ATTR-OK
79462675,ba6ffa60-4d71-11f1-b1bb-f3574cce671d,Broken Arrow MHP - Cust,16131/296,6103-198TH-ST,16131,296,FLIPPED,FLIPPED,0,,,,0,0,,NO-DRAWS,,ATTR-PRESENT
75369577,bb7869b0-4d71-11f1-b1bb-f3574cce671d,Broken Arrow MHP - Cust,16131/296,6106-198TH-ST (wrong),16131,296,NOT FLIPPED,NOT FLIPPED,5996,MED,90,edge,5745,0,NOT FLIPPED,LOW,,ATTR-OK
70260128,ccc20070-52c0-11f0-acb1-514e01860b07,Broken Arrow MHP - Cust,16131/296,6119-198TH-ST,16131,296,FLIPPED,FLIPPED,5999,MED,121,edge,0,5773,FLIPPED,LOW,,ATTR-OK
75374940,debb3510-4d71-11f1-b1bb-f3574cce671d,Broken Arrow MHP - Cust,16131/296,6108-198TH-ST,16131,296,NOT FLIPPED,NOT FLIPPED,5998,MED,21,edge,5317,0,NOT FLIPPED,LOW,,ATTR-OK
72717657,236bf230-d4c8-11f0-b691-d965a62fa4fa,Oak Grove MHC,362/209,112,362,209,NOT FLIPPED,,6000,MED,,,0,0,,AMBIGUOUS-ZERO,,AMBIGUOUS-ZERO
72718788,6770e830-d79f-11f0-b691-d965a62fa4fa,Oak Grove MHC,362/209,U,16131,296,NOT FLIPPED,NOT FLIPPED,6000,MED,29,edge,5569,0,NOT FLIPPED,LOW,,ATTR-OK
72723325,6df37640-d4d5-11f0-b691-d965a62fa4fa,Oak Grove MHC,362/209,100,362,209,FLIPPED,,5999,MED,,,0,0,,AMBIGUOUS-ZERO,,AMBIGUOUS-ZERO
72718630,6ed8cfc0-d79f-11f0-b691-d965a62fa4fa,Oak Grove MHC,362/209,K,362,209,FLIPPED,,6000,MED,,,0,0,,AMBIGUOUS-ZERO,,AMBIGUOUS-ZERO
72718275,7c610120-d4d5-11f0-b691-d965a62fa4fa,Oak Grove MHC,362/209,N,362,209,NOT FLIPPED,,5999,MED,,,0,0,,AMBIGUOUS-ZERO,,AMBIGUOUS-ZERO
72716154,83121b30-d79b-11f0-b691-d965a62fa4fa,Oak Grove MHC,362/209,102,16131,296,NOT FLIPPED,,6000,MED,-174,edge,5030,8,NOT FLIPPED,LOW,1,PIN
72721097,92b16ff0-d4d5-11f0-b691-d965a62fa4fa,Oak Grove MHC,362/209,E,362,209,NOT FLIPPED,,5996,MED,,,0,0,,AMBIGUOUS-ZERO,,AMBIGUOUS-ZERO
72721600,aa6e18f0-d4d5-11f0-b691-d965a62fa4fa,Oak Grove MHC,362/209,D,362,209,NOT FLIPPED,,6000,MED,,,0,0,,AMBIGUOUS-ZERO,,AMBIGUOUS-ZERO
72715305,c8628df0-d4d5-11f0-b691-d965a62fa4fa,Oak Grove MHC,362/209,P,362,209,NOT FLIPPED,,5998,MED,,,0,0,,AMBIGUOUS-ZERO,,AMBIGUOUS-ZERO
72714563,e15fd670-d226-11f0-b691-d965a62fa4fa,Oak Grove MHC,362/209,B,16131,296,FLIPPED,FLIPPED,6000,MED,-125,edge,0,5759,FLIPPED,LOW,,ATTR-OK
70265424,10b66170-c050-11f0-9842-6d029661c338,Shenandoah Dr Triplex,362/209,12,362,209,FLIPPED,,0,,,,0,0,,NO-DRAWS,,REPORTED-ONLY
65822895,aa99fa00-d955-11ef-b6c0-d371c5346bb9,Shenandoah Dr Triplex,362/209,11,362,209,NOT FLIPPED,,5998,MED,,,0,0,,AMBIGUOUS-ZERO,,AMBIGUOUS-ZERO
70260037,0d63dc40-6133-11f0-9fcd-87e94e720126,Forest at Sherman MHC-CUST,362/209,90,16185,314,FLIPPED,,29,,,,0,0,,NO-DRAWS,,REPORTED-ONLY
72720719,1b632bb0-c4ee-11f0-9842-6d029661c338,Forest at Sherman MHC-CUST,362/209,4,16131,296,FLIPPED,FLIPPED,23,,,,0,0,,NO-DRAWS,,ATTR-PRESENT
65829155,1dc1a240-d9d7-11ef-b6c0-d371c5346bb9,Forest at Sherman MHC-CUST,362/209,82,362,209,FLIPPED,,5998,MED,,,0,0,,AMBIGUOUS-ZERO,,AMBIGUOUS-ZERO
65822960,205afcf0-cf72-11ef-8f43-73c96c0de66f,Forest at Sherman MHC-CUST,362/209,93,16185,314,NOT FLIPPED,,4,,,,0,0,,NO-DRAWS,,REPORTED-ONLY
65822879,22899cc0-cf72-11ef-8f43-73c96c0de66f,Forest at Sherman MHC-CUST,362/209,1,16185,314,NOT FLIPPED,NOT FLIPPED,245,MED,91,largest,81,39,NOT FLIPPED,LOW,,ATTR-OK
75364438,25926d40-06b0-11f1-a3d9-c99c67c82bc1,Forest at Sherman MHC-CUST,362/209,53,16185,314,NOT FLIPPED,NOT FLIPPED,5999,MED,-30,edge,5801,0,NOT FLIPPED,LOW,,ATTR-OK
72719158,272e98a0-c4e7-11f0-9842-6d029661c338,Forest at Sherman MHC-CUST,362/209,54,362,209,FLIPPED,,5999,MED,,,0,0,,AMBIGUOUS-ZERO,,AMBIGUOUS-ZERO
65824552,39aaf030-01f3-11f0-92a4-09772dfb61f8,Forest at Sherman MHC-CUST,362/209,81,16185,314,NOT FLIPPED,NOT FLIPPED,0,,,,0,0,,NO-DRAWS,,ATTR-PRESENT
65829205,43bc1940-26a7-11f0-8272-45e3ef110760,Forest at Sherman MHC-CUST,362/209,2,16185,314,NOT FLIPPED,NOT FLIPPED,0,,,,0,0,,NO-DRAWS,,ATTR-PRESENT
65831391,4429afc0-c93f-11ef-8f43-73c96c0de66f,Forest at Sherman MHC-CUST,362/209,92,362,209,FLIPPED,,6000,MED,,,0,0,,AMBIGUOUS-ZERO,,AMBIGUOUS-ZERO
68587979,4648ea60-c78b-11ef-8f43-73c96c0de66f,Forest at Sherman MHC-CUST,362/209,55,16185,314,FLIPPED,FLIPPED,6000,MED,-90,edge,10,5726,FLIPPED,LOW,,ATTR-OK
77056481,52a23870-3d01-11f0-8e55-b138a1c03c8e,Forest at Sherman MHC-CUST,362/209,52,16185,314,FLIPPED,,6000,MED,-3288,largest,0,0,no draws,NO-DRAWS,,NO-DRAWS
65825484,5a36c930-e247-11ef-a5fd-a97d57576080,Forest at Sherman MHC-CUST,362/209,100,362,209,FLIPPED,,5998,MED,,,0,0,,AMBIGUOUS-ZERO,,AMBIGUOUS-ZERO
65823109,5d729a20-e111-11ef-a5fd-a97d57576080,Forest at Sherman MHC-CUST,362/209,102,16048,272,FLIPPED,,0,,,,0,0,,NO-DRAWS,,REPORTED-ONLY
65824792,5f0025c0-0280-11f0-92a4-09772dfb61f8,Forest at Sherman MHC-CUST,362/209,62,362,209,FLIPPED,,5997,MED,,,0,0,,AMBIGUOUS-ZERO,,AMBIGUOUS-ZERO
65822622,60fcbee0-b8db-11ef-8f43-73c96c0de66f,Forest at Sherman MHC-CUST,362/209,60,16185,314,FLIPPED,,5998,MED,-34,edge,84,4923,FLIPPED,LOW,2,PIN
65825633,77497210-01f6-11f0-92a4-09772dfb61f8,Forest at Sherman MHC-CUST,362/209,89,16131,296,FLIPPED,FLIPPED,6000,HIGH,-167936,largest,0,0,no draws,NO-DRAWS,,NO-DRAWS
65827258,7a2153c0-0202-11f0-92a4-09772dfb61f8,Forest at Sherman MHC-CUST,362/209,64,362,209,NOT FLIPPED,,5999,MED,,,0,0,,AMBIGUOUS-ZERO,,AMBIGUOUS-ZERO
65822598,8173a9c0-e240-11ef-a5fd-a97d57576080,Forest at Sherman MHC-CUST,362/209,86,16185,314,FLIPPED,,6000,MED,-6,edge,18,5486,FLIPPED,LOW,2,PIN
65825195,95a50180-be43-11ef-8f43-73c96c0de66f,Forest at Sherman MHC-CUST,362/209,98,362,209,NOT FLIPPED,,5999,MED,,,0,0,,AMBIGUOUS-ZERO,,AMBIGUOUS-ZERO
65826276,a0872ba0-cf6e-11ef-8f43-73c96c0de66f,Forest at Sherman MHC-CUST,362/209,85,16185,314,FLIPPED,,6000,MED,-193,edge,3,4653,FLIPPED,LOW,2,PIN
65822630,a39141e0-cf6f-11ef-8f43-73c96c0de66f,Forest at Sherman MHC-CUST,362/209,63,16185,314,NOT FLIPPED,,6000,MED,108,edge,5861,0,NOT FLIPPED,LOW,1,PIN
70264773,b132fdb0-5c0b-11f0-9fcd-87e94e720126,Forest at Sherman MHC-CUST,362/209,84,362,209,FLIPPED,,5998,MED,,,0,0,,AMBIGUOUS-ZERO,,AMBIGUOUS-ZERO
75372134,b4122ed0-06af-11f1-a3d9-c99c67c82bc1,Forest at Sherman MHC-CUST,362/209,83,362,209,FLIPPED,,5997,MED,,,0,0,,AMBIGUOUS-ZERO,,AMBIGUOUS-ZERO
65823687,b974ac00-c735-11ef-8f43-73c96c0de66f,Forest at Sherman MHC-CUST,362/209,80,16185,314,FLIPPED,,5998,MED,,,0,0,,AMBIGUOUS-ZERO,,AMBIGUOUS-ZERO
65831375,b9ad8be0-b977-11ef-8f43-73c96c0de66f,Forest at Sherman MHC-CUST,362/209,87,362,209,FLIPPED,,5135,MED,,,0,0,,AMBIGUOUS-ZERO,,AMBIGUOUS-ZERO
65826185,beb7d160-d955-11ef-b6c0-d371c5346bb9,Forest at Sherman MHC-CUST,362/209,88,16185,314,NOT FLIPPED,,5998,MED,,,0,0,,AMBIGUOUS-ZERO,,AMBIGUOUS-ZERO
65826243,ce76e050-b989-11ef-8f43-73c96c0de66f,Forest at Sherman MHC-CUST,362/209,94,16185,314,FLIPPED,,3729,MED,-24,edge,0,2985,FLIPPED,LOW,2,PIN
65829270,d43a0ae0-01fe-11f0-92a4-09772dfb61f8,Forest at Sherman MHC-CUST,362/209,58,16185,314,FLIPPED,,6000,MED,-57,edge,13,5408,FLIPPED,LOW,2,PIN
70260524,e14602f0-52dc-11f0-acb1-514e01860b07,Forest at Sherman MHC-CUST,362/209,97,16185,314,FLIPPED,,6000,MED,-118,edge,35,5000,FLIPPED,LOW,2,PIN
65826052,e1d642b0-e0e6-11ef-a5fd-a97d57576080,Forest at Sherman MHC-CUST,362/209,69,16185,314,FLIPPED,,6000,MED,-3167,largest,1,1,no draws,NO-DRAWS,,NO-DRAWS
65830500,e2128860-e0e6-11ef-a5fd-a97d57576080,Forest at Sherman MHC-CUST,362/209,78,16185,314,FLIPPED,,6000,MED,-121,edge,0,5376,FLIPPED,LOW,2,PIN
70260284,e225a1f0-629d-11f0-8658-7f4e94e41769,Forest at Sherman MHC-CUST,362/209,95,16185,314,NOT FLIPPED,,5999,MED,44,edge,5450,59,NOT FLIPPED,LOW,1,PIN
77058222,f4febc60-3d92-11f0-8e55-b138a1c03c8e,Forest at Sherman MHC-CUST,362/209,3,16185,314,FLIPPED,,6000,MED,18,edge,0,5159,FLIPPED,LOW,2,PIN
70271281,f6db7810-6133-11f0-9fcd-87e94e720126,Forest at Sherman MHC-CUST,362/209,67,362,209,FLIPPED,,5998,MED,,,0,0,,AMBIGUOUS-ZERO,,AMBIGUOUS-ZERO
65829494,fe39c3c0-e652-11ef-bcd4-5bcca9a9134f,Forest at Sherman MHC-CUST,362/209,65,362,209,FLIPPED,,0,,,,0,0,,NO-DRAWS,,REPORTED-ONLY
77060996,8e4cbaf0-2639-11f0-8272-45e3ef110760,Downtown Metro,362/209,201,362,209,NOT FLIPPED,,6000,MED,,,0,0,,AMBIGUOUS-ZERO,,AMBIGUOUS-ZERO
77057174,9de139a0-2639-11f0-8272-45e3ef110760,Downtown Metro,362/209,203,362,209,NOT FLIPPED,,5999,MED,,,0,0,,AMBIGUOUS-ZERO,,AMBIGUOUS-ZERO
77056986,a88909f0-2639-11f0-8272-45e3ef110760,Downtown Metro,362/209,200,362,209,NOT FLIPPED,,5999,MED,,,0,0,,AMBIGUOUS-ZERO,,AMBIGUOUS-ZERO
77055517,bb8078a0-260b-11f0-8272-45e3ef110760,Downtown Metro,362/209,103,362,209,NOT FLIPPED,,5999,MED,,,0,0,,AMBIGUOUS-ZERO,,AMBIGUOUS-ZERO
77061549,ccc85e90-2609-11f0-8272-45e3ef110760,Downtown Metro,362/209,202,362,209,NOT FLIPPED,,6000,MED,,,0,0,,AMBIGUOUS-ZERO,,AMBIGUOUS-ZERO
77028738,d4a9bbe0-2609-11f0-8272-45e3ef110760,Downtown Metro,362/209,101,362,209,NOT FLIPPED,,5999,MED,,,0,0,,AMBIGUOUS-ZERO,,AMBIGUOUS-ZERO
77054866,ee209800-2609-11f0-8272-45e3ef110760,Downtown Metro,362/209,102,362,209,NOT FLIPPED,,6000,MED,,,0,0,,AMBIGUOUS-ZERO,,AMBIGUOUS-ZERO
79454524,33956350-3aa1-11f1-b198-172a4a9f25c9,Lake Charles Duplexes,16022/260,869B,16022,260,NOT FLIPPED,NOT FLIPPED,5999,MED,9,edge,5507,1,NOT FLIPPED,LOW,,ATTR-OK
75365138,39294e30-3aa1-11f1-b198-172a4a9f25c9,Lake Charles Duplexes,16022/260,870A,16022,260,NOT FLIPPED,NOT FLIPPED,6000,MED,-6,edge,5722,1,NOT FLIPPED,LOW,,ATTR-OK
79463434,39619c40-3aa1-11f1-b198-172a4a9f25c9,Lake Charles Duplexes,16022/260,870B,16022,260,NOT FLIPPED,NOT FLIPPED,6000,MED,14,edge,5669,1,NOT FLIPPED,LOW,,ATTR-OK
79466023,39739da0-3aa1-11f1-b198-172a4a9f25c9,Lake Charles Duplexes,16022/260,842A,16022,260,NOT FLIPPED,NOT FLIPPED,6000,MED,0,edge,5345,3,NOT FLIPPED,LOW,,ATTR-OK
79454318,3dcf2f90-3aa1-11f1-b198-172a4a9f25c9,Lake Charles Duplexes,16022/260,840B,16131,296,FLIPPED,FLIPPED,5999,MED,-234,edge,5,3611,FLIPPED,LOW,,ATTR-OK
75361756,3fbb6f30-3aa1-11f1-b198-172a4a9f25c9,Lake Charles Duplexes,16022/260,867A,16022,260,NOT FLIPPED,NOT FLIPPED,6000,MED,78,edge,5488,0,NOT FLIPPED,LOW,,ATTR-OK
79465900,4037cb20-3aa1-11f1-b198-172a4a9f25c9,Lake Charles Duplexes,16022/260,SPARE01,16131,296,FLIPPED,,6000,HIGH,-2048,largest,20,18,ambiguous,NO-DRAWS,,NO-DRAWS
79461511,42477140-3aa1-11f1-b198-172a4a9f25c9,Lake Charles Duplexes,16022/260,842B,16131,296,NOT FLIPPED,NOT FLIPPED,5999,MED,116,edge,4801,1,NOT FLIPPED,LOW,,ATTR-OK
79460596,4253f460-3aa1-11f1-b198-172a4a9f25c9,Lake Charles Duplexes,16022/260,874A,16131,296,FLIPPED,FLIPPED,6000,MED,0,edge,0,5399,FLIPPED,LOW,,ATTR-OK
79455331,48c6a680-3aa1-11f1-b198-172a4a9f25c9,Lake Charles Duplexes,16022/260,871A,16131,296,FLIPPED,FLIPPED,5999,MED,-22,edge,0,4571,FLIPPED,LOW,,ATTR-OK
75370211,005046d0-0c3f-11f1-8768-5551e7a34f27,Oak Tree MHP,16130/296,0,16130,296,FLIPPED,,6000,MED,-79,edge,126,5125,FLIPPED,LOW,2,PIN
72721758,12c27d70-c427-11f0-9842-6d029661c338,Oak Tree MHP,16130/296,22,16130,296,NOT FLIPPED,,6000,MED,-111,edge,5542,0,NOT FLIPPED,LOW,1,PIN
75367480,2ef8bfd0-0c35-11f1-8768-5551e7a34f27,Oak Tree MHP,16130/296,2,16131,296,FLIPPED,,6000,MED,20,edge,3,5610,FLIPPED,LOW,2,PIN
70271794,4a145320-c427-11f0-9842-6d029661c338,Oak Tree MHP,16130/296,16,16130,296,FLIPPED,,498,MED,-45,edge,0,480,FLIPPED,LOW,2,PIN
75369676,65f28f40-59f9-11f1-b1bb-f3574cce671d,Oak Tree MHP,16130/296,15,16130,296,NOT FLIPPED,,5999,MED,-95,edge,5191,0,NOT FLIPPED,LOW,1,PIN
75370153,9e076200-0c35-11f1-8768-5551e7a34f27,Oak Tree MHP,16130/296,21,16131,296,FLIPPED,,5999,MED,11,edge,0,5567,FLIPPED,LOW,2,PIN
75360204,afcb2190-59f9-11f1-b1bb-f3574cce671d,Oak Tree MHP,16130/296,7,16130,296,FLIPPED,,6000,MED,-49,edge,0,5730,FLIPPED,LOW,2,PIN
72717236,ba332240-c426-11f0-9842-6d029661c338,Oak Tree MHP,16130/296,6,16131,296,NOT FLIPPED,NOT FLIPPED,5993,MED,69,edge,5481,0,NOT FLIPPED,LOW,,ATTR-OK
72720610,bdb12570-c426-11f0-9842-6d029661c338,Oak Tree MHP,16130/296,23,16131,296,FLIPPED,FLIPPED,5998,MED,47,edge,9,5298,FLIPPED,LOW,,ATTR-OK
72720164,c3f9ba50-c426-11f0-9842-6d029661c338,Oak Tree MHP,16130/296,24,16130,296,NOT FLIPPED,,6000,MED,2,edge,5900,0,NOT FLIPPED,LOW,1,PIN
70270408,d4af08c0-6272-11f0-8658-7f4e94e41769,Oak Tree MHP,16130/296,9,16131,296,NOT FLIPPED,,5996,MED,39,edge,5426,0,NOT FLIPPED,LOW,1,PIN
72716220,da6dddc0-c426-11f0-9842-6d029661c338,Oak Tree MHP,16130/296,12,16131,296,FLIPPED,,5995,MED,9,edge,1,4649,FLIPPED,LOW,2,PIN
70261456,fab47360-626e-11f0-8658-7f4e94e41769,Oak Tree MHP,16130/296,25,16131,296,NOT FLIPPED,,5341,MED,-47,edge,4658,0,NOT FLIPPED,LOW,1,PIN
77028456,f3d1ae10-3d92-11f0-8e55-b138a1c03c8e,Coleman Village MHC-CUST,15154/260,147,15154,260,FLIPPED,,5999,MED,-27,edge,0,5607,FLIPPED,LOW,2,PIN
77028860,52b2ca40-3db1-11f0-8e55-b138a1c03c8e,Coleman Village MHC-CUST,15154/260,124,15154,260,FLIPPED,,6000,MED,27,edge,0,3811,FLIPPED,LOW,2,PIN
77053454,09c1be80-3dc1-11f0-8e55-b138a1c03c8e,Coleman Village MHC-CUST,15154/260,134,16185,314,FLIPPED,FLIPPED,6000,MED,-30,edge,0,5761,FLIPPED,LOW,,ATTR-OK
75360428,ab74ebd0-01de-11f1-af1d-29d4205d602a,Coleman Village MHC-CUST,15154/260,144,15154,260,FLIPPED,,227,MED,-96,edge,0,206,FLIPPED,LOW,2,PIN
75371011,af44cfd0-01ef-11f1-af1d-29d4205d602a,Coleman Village MHC-CUST,15154/260,110,15154,260,FLIPPED,,6000,MED,6,edge,5,5138,FLIPPED,LOW,2,PIN
72723382,ca50f1f0-01ef-11f1-af1d-29d4205d602a,Coleman Village MHC-CUST,15154/260,128,15154,260,FLIPPED,,6000,MED,-11,edge,0,5752,FLIPPED,LOW,2,PIN
75373454,5d996ee0-01de-11f1-af1d-29d4205d602a,Coleman Village MHC-CUST,15154/260,129,16185,314,NOT FLIPPED,,6000,MED,18,edge,5806,0,NOT FLIPPED,LOW,1,PIN
70271489,43c60f40-666c-11f0-8658-7f4e94e41769,Coleman Village MHC-CUST,15154/260,101,16185,314,FLIPPED,FLIPPED,6000,MED,31,edge,0,5666,FLIPPED,LOW,,ATTR-OK
70268576,544c40f0-666c-11f0-8658-7f4e94e41769,Coleman Village MHC-CUST,15154/260,120,16185,314,FLIPPED,,6000,MED,32,edge,0,5774,FLIPPED,LOW,2,PIN
70267370,a3129310-666c-11f0-8658-7f4e94e41769,Coleman Village MHC-CUST,15154/260,167,15154,260,FLIPPED,,5999,MED,68,edge,0,5634,FLIPPED,LOW,2,PIN
70271539,afb15160-666c-11f0-8658-7f4e94e41769,Coleman Village MHC-CUST,15154/260,114,16185,314,FLIPPED,FLIPPED,5998,MED,80,edge,0,5401,FLIPPED,LOW,,ATTR-OK
70260607,b6858470-666c-11f0-8658-7f4e94e41769,Coleman Village MHC-CUST,15154/260,154,15154,260,FLIPPED,,6000,MED,-104,edge,0,5725,FLIPPED,LOW,2,PIN
70270572,b6b85440-666c-11f0-8658-7f4e94e41769,Coleman Village MHC-CUST,15154/260,172,15154,260,FLIPPED,,5999,MED,-137,edge,0,5136,FLIPPED,LOW,2,PIN
70266414,b74a3400-666c-11f0-8658-7f4e94e41769,Coleman Village MHC-CUST,15154/260,165,16185,314,FLIPPED,,4126,MED,16,edge,0,3867,FLIPPED,LOW,2,PIN
70268428,ba4b17f0-666c-11f0-8658-7f4e94e41769,Coleman Village MHC-CUST,15154/260,180,15154,260,FLIPPED,,6000,MED,-24,edge,0,5650,FLIPPED,LOW,2,PIN
70258395,d1e740a0-666c-11f0-8658-7f4e94e41769,Coleman Village MHC-CUST,15154/260,155,15154,260,FLIPPED,,6000,MED,,,0,0,,AMBIGUOUS-ZERO,,AMBIGUOUS-ZERO
70265077,d21d1db0-666c-11f0-8658-7f4e94e41769,Coleman Village MHC-CUST,15154/260,143,16185,314,NOT FLIPPED,NOT FLIPPED,5998,MED,-18,edge,5557,1,NOT FLIPPED,LOW,,ATTR-OK
70259922,d377f2c0-666c-11f0-8658-7f4e94e41769,Coleman Village MHC-CUST,15154/260,109,15154,260,FLIPPED,,4616,MED,105,edge,0,4128,FLIPPED,LOW,2,PIN
70261332,ec0a3b40-666c-11f0-8658-7f4e94e41769,Coleman Village MHC-CUST,15154/260,177,15154,260,FLIPPED,,2716,MED,-41,edge,0,2485,FLIPPED,LOW,2,PIN
77059956,189baf90-666d-11f0-8658-7f4e94e41769,Coleman Village MHC-CUST,15154/260,171,16185,314,FLIPPED,,5999,MED,-518,edge,10,4885,FLIPPED,LOW,2,PIN
70270036,8f01d3b0-666f-11f0-8658-7f4e94e41769,Coleman Village MHC-CUST,15154/260,126,15154,260,FLIPPED,,6000,MED,-60,edge,4,5845,FLIPPED,LOW,2,PIN
70273360,915f24a0-666f-11f0-8658-7f4e94e41769,Coleman Village MHC-CUST,15154/260,183,16185,314,FLIPPED,,6000,MED,26,edge,0,4061,FLIPPED,LOW,2,PIN
70273337,92e17ee0-666f-11f0-8658-7f4e94e41769,Coleman Village MHC-CUST,15154/260,161,15154,260,FLIPPED,,6000,MED,-610,edge,0,62,FLIPPED,LOW,2,PIN
70258411,93e49700-666f-11f0-8658-7f4e94e41769,Coleman Village MHC-CUST,15154/260,119,16185,314,NOT FLIPPED,,6000,MED,,,0,0,,AMBIGUOUS-ZERO,,AMBIGUOUS-ZERO
70270341,967ef0f0-666f-11f0-8658-7f4e94e41769,Coleman Village MHC-CUST,15154/260,153,15154,260,FLIPPED,,6000,MED,174,edge,0,5092,FLIPPED,LOW,2,PIN
70273451,924a6f00-666f-11f0-8658-7f4e94e41769,Coleman Village MHC-CUST,15154/260,121,16185,314,NOT FLIPPED,,5997,MED,48,edge,5544,0,NOT FLIPPED,LOW,1,PIN
70260235,bc6a3fb0-6672-11f0-8658-7f4e94e41769,Coleman Village MHC-CUST,15154/260,111,16185,314,NOT FLIPPED,NOT FLIPPED,3501,MED,-36,edge,3278,0,NOT FLIPPED,LOW,,ATTR-OK
70263643,c0c842a0-6672-11f0-8658-7f4e94e41769,Coleman Village MHC-CUST,15154/260,149,16185,314,NOT FLIPPED,,5998,MED,7,edge,5665,0,NOT FLIPPED,LOW,1,PIN
70267594,ca38cb70-6672-11f0-8658-7f4e94e41769,Coleman Village MHC-CUST,15154/260,130,16185,314,FLIPPED,,6000,MED,-28,edge,0,5849,FLIPPED,LOW,2,PIN
70259930,06b4f7f0-6677-11f0-8658-7f4e94e41769,Coleman Village MHC-CUST,15154/260,166,15154,260,FLIPPED,,6000,MED,68,edge,0,4230,FLIPPED,LOW,2,PIN
70268550,06fcfd70-6677-11f0-8658-7f4e94e41769,Coleman Village MHC-CUST,15154/260,103,16185,314,FLIPPED,,3321,MED,-21,edge,0,2966,FLIPPED,LOW,2,PIN
70269855,14e99880-6677-11f0-8658-7f4e94e41769,Coleman Village MHC-CUST,15154/260,151,15154,260,NOT FLIPPED,,6000,MED,-29,edge,5668,0,NOT FLIPPED,LOW,1,PIN
70266323,67dbd9b0-667a-11f0-8658-7f4e94e41769,Coleman Village MHC-CUST,15154/260,140,15154,260,FLIPPED,,5997,MED,1,edge,0,5586,FLIPPED,LOW,2,PIN
70267073,894c5610-667a-11f0-8658-7f4e94e41769,Coleman Village MHC-CUST,15154/260,163,15154,260,FLIPPED,,6000,MED,9,edge,0,5494,FLIPPED,LOW,2,PIN
70266893,3b49d3b0-667b-11f0-8658-7f4e94e41769,Coleman Village MHC-CUST,15154/260,116,15154,260,NOT FLIPPED,,5389,MED,60,edge,4866,0,NOT FLIPPED,LOW,1,PIN
70270622,5f9a07b0-668c-11f0-8658-7f4e94e41769,Coleman Village MHC-CUST,15154/260,184,16185,314,NOT FLIPPED,,5999,MED,-13,edge,5775,1,NOT FLIPPED,LOW,1,PIN
70267636,b6ce4a40-668d-11f0-8658-7f4e94e41769,Coleman Village MHC-CUST,15154/260,106,15154,260,FLIPPED,,6000,MED,-65,edge,0,5675,FLIPPED,LOW,2,PIN
70273386,67718ae0-6695-11f0-8658-7f4e94e41769,Coleman Village MHC-CUST,15154/260,112,15154,260,NOT FLIPPED,,5999,MED,-4,edge,5714,0,NOT FLIPPED,LOW,1,PIN
70272099,a63eb800-66b4-11f0-8658-7f4e94e41769,Coleman Village MHC-CUST,15154/260,148,15154,260,FLIPPED,,6000,MED,68,edge,0,5741,FLIPPED,LOW,2,PIN
77059030,a7923a10-66b4-11f0-8658-7f4e94e41769,Coleman Village MHC-CUST,15154/260,105,16185,314,FLIPPED,,1736,MED,-78,edge,0,1205,FLIPPED,LOW,2,PIN
70268543,a6510780-66b4-11f0-8658-7f4e94e41769,Coleman Village MHC-CUST,15154/260,164,15154,260,FLIPPED,,1242,MED,19,edge,0,1056,FLIPPED,LOW,2,PIN
70266331,b2b13630-66b4-11f0-8658-7f4e94e41769,Coleman Village MHC-CUST,15154/260,169,16185,314,FLIPPED,,5147,MED,-35,edge,0,4788,FLIPPED,LOW,2,PIN
70258924,ca6071b0-66b4-11f0-8658-7f4e94e41769,Coleman Village MHC-CUST,15154/260,185,16185,314,FLIPPED,,6000,MED,140,edge,0,5788,FLIPPED,LOW,2,PIN
75371367,f62b0250-01dd-11f1-af1d-29d4205d602a,Coleman Village MHC-CUST,15154/260,176,15154,260,NOT FLIPPED,,6000,MED,57,edge,5704,0,NOT FLIPPED,LOW,1,PIN
72388059,e1a6dde0-837f-11f0-8b4a-0d0197d44616,Coleman Village MHC-CUST,15154/260,113,15154,260,NOT FLIPPED,,5999,MED,-24,edge,5262,0,NOT FLIPPED,LOW,1,PIN
75373744,f6367400-01dd-11f1-af1d-29d4205d602a,Coleman Village MHC-CUST,15154/260,158,15154,260,FLIPPED,,5999,MED,-171,edge,0,5425,FLIPPED,LOW,2,PIN
75370690,ff4ecab0-01dd-11f1-af1d-29d4205d602a,Coleman Village MHC-CUST,15154/260,175,16128,295,NOT FLIPPED,,3626,MED,41,edge,1193,120,NOT FLIPPED,LOW,1,PIN
72379132,99b61250-9fa2-11f0-b5af-5dfa9891b485,Coleman Village MHC-CUST,15154/260,146,15154,260,FLIPPED,,6000,MED,-640,edge,2,1973,FLIPPED,LOW,2,PIN
72387168,9b4290d0-9fc5-11f0-b5af-5dfa9891b485,Coleman Village MHC-CUST,15154/260,102,16185,314,NOT FLIPPED,,6000,MED,14,edge,5223,0,NOT FLIPPED,LOW,1,PIN
70266240,7e46b730-9fc6-11f0-b5af-5dfa9891b485,Coleman Village MHC-CUST,15154/260,123,16185,314,NOT FLIPPED,,6000,MED,7,edge,5805,1,NOT FLIPPED,LOW,1,PIN
72724240,09401c40-01de-11f1-af1d-29d4205d602a,Coleman Village MHC-CUST,15154/260,181,16185,314,FLIPPED,FLIPPED,6000,MED,61,edge,0,5679,FLIPPED,LOW,,ATTR-OK
70266018,7493e0a0-aabb-11f0-98a7-c3bc57f9afe3,Coleman Village MHC-CUST,15154/260,108,16185,314,NOT FLIPPED,,5162,MED,28,edge,4812,0,NOT FLIPPED,LOW,1,PIN
72724380,5f9ee360-c4f7-11f0-9842-6d029661c338,Coleman Village MHC-CUST,15154/260,117,15154,260,FLIPPED,,6000,MED,-7,edge,1,5564,FLIPPED,LOW,2,PIN
72718937,9852ba10-c4f7-11f0-9842-6d029661c338,Coleman Village MHC-CUST,15154/260,132,16185,314,NOT FLIPPED,,290,MED,136,edge,232,0,NOT FLIPPED,LOW,1,PIN
72722723,91a68160-c4f7-11f0-9842-6d029661c338,Coleman Village MHC-CUST,15154/260,118,16185,314,FLIPPED,,5997,MED,-15,edge,0,5512,FLIPPED,LOW,2,PIN
75370435,2753f7e0-0c99-11f1-8768-5551e7a34f27,Coleman Village MHC-CUST,15154/260,156,15154,260,FLIPPED,,6000,MED,108,edge,0,5673,FLIPPED,LOW,2,PIN
75372415,aeae9cb0-0c97-11f1-8768-5551e7a34f27,Coleman Village MHC-CUST,15154/260,104,16185,314,NOT FLIPPED,NOT FLIPPED,6000,MED,-14,edge,5770,0,NOT FLIPPED,LOW,,ATTR-OK
65822655,5d11fa70-b97b-11ef-8f43-73c96c0de66f,Coleman Village MHC-CUST,15154/260,122,16185,314,NOT FLIPPED,,1920,MED,40,edge,1839,0,NOT FLIPPED,LOW,1,PIN
65824461,d3326c90-b989-11ef-8f43-73c96c0de66f,Coleman Village MHC-CUST,15154/260,159,16185,314,UNKNOWN,,0,,,,0,0,,NO-DRAWS,,NO-DATA
68584505,a12f9910-be35-11ef-8f43-73c96c0de66f,Coleman Village MHC-CUST,15154/260,173,16185,314,NOT FLIPPED,,6000,MED,152,edge,5377,0,NOT FLIPPED,LOW,1,PIN
65831870,0c1a3290-c943-11ef-8f43-73c96c0de66f,Coleman Village MHC-CUST,15154/260,107,15154,260,FLIPPED,,6000,MED,19,edge,3,5480,FLIPPED,LOW,2,PIN
65830492,9cc50de0-3524-11f0-8e55-b138a1c03c8e,Coleman Village MHC-CUST,15154/260,136,16185,314,FLIPPED,,0,,,,0,0,,NO-DRAWS,,REPORTED-ONLY
70267362,b1204ab0-666c-11f0-8658-7f4e94e41769,Coleman Village MHC-CUST,15154/260,170,15154,260,FLIPPED,,2160,MED,-98,edge,0,1878,FLIPPED,LOW,2,PIN
70260649,d7e3b150-666c-11f0-8658-7f4e94e41769,Coleman Village MHC-CUST,15154/260,162,15154,260,FLIPPED,,3342,MED,110,edge,27,2876,FLIPPED,LOW,2,PIN
70265259,8ee41280-666f-11f0-8658-7f4e94e41769,Coleman Village MHC-CUST,15154/260,133,15154,260,FLIPPED,,5999,MED,-98,edge,30,5453,FLIPPED,LOW,2,PIN
70273154,931252e0-666f-11f0-8658-7f4e94e41769,Coleman Village MHC-CUST,15154/260,141,15154,260,FLIPPED,,6000,MED,165,edge,0,5516,FLIPPED,LOW,2,PIN
70270119,93ca7f50-666f-11f0-8658-7f4e94e41769,Coleman Village MHC-CUST,15154/260,152,15154,260,FLIPPED,,6000,MED,7,edge,0,5530,FLIPPED,LOW,2,PIN
70259567,9f42bf00-666f-11f0-8658-7f4e94e41769,Coleman Village MHC-CUST,15154/260,137,16185,314,FLIPPED,FLIPPED,5999,MED,,,0,0,,AMBIGUOUS-ZERO,,AMBIGUOUS-ZERO
70261704,09c81ed0-668c-11f0-8658-7f4e94e41769,Coleman Village MHC-CUST,15154/260,168,15154,260,FLIPPED,,6000,MED,-706,edge,0,1973,FLIPPED,LOW,2,PIN
72382136,95acbf10-9fa2-11f0-b5af-5dfa9891b485,Coleman Village MHC-CUST,15154/260,135,15154,260,FLIPPED,,3048,MED,-101,edge,0,2951,FLIPPED,LOW,2,PIN
70261753,057f3710-6677-11f0-8658-7f4e94e41769,Minot Gardens MHC-Cust,16130/296,62,15154,260,NOT FLIPPED,,0,,,,0,0,,NO-DRAWS,,REPORTED-ONLY
68584513,18970300-bda8-11ef-8f43-73c96c0de66f,Minot Gardens MHC-Cust,16130/296,89,16128,295,FLIPPED,FLIPPED,0,,,,0,0,,NO-DRAWS,,ATTR-PRESENT
65825674,1d5dc6c0-01ec-11f0-92a4-09772dfb61f8,Minot Gardens MHC-Cust,16130/296,93,16131,296,NOT FLIPPED,NOT FLIPPED,0,,,,0,0,,NO-DRAWS,,ATTR-PRESENT
65828587,1ef64110-01ec-11f0-92a4-09772dfb61f8,Minot Gardens MHC-Cust,16130/296,14B,16116,260,FLIPPED,,0,,,,0,0,,NO-DRAWS,,REPORTED-ONLY
65826136,529d88a0-e58d-11ef-a76f-4d93d4a482f0,Minot Gardens MHC-Cust,16130/296,70,16131,296,FLIPPED,FLIPPED,0,,,,0,0,,NO-DRAWS,,ATTR-PRESENT
65822796,541ac3f0-c7ab-11ef-8f43-73c96c0de66f,Minot Gardens MHC-Cust,16130/296,56,15154,260,FLIPPED,,0,,,,0,0,,NO-DRAWS,,REPORTED-ONLY
65827324,620770c0-e4d0-11ef-a76f-4d93d4a482f0,Minot Gardens MHC-Cust,16130/296,57A,16128,295,UNKNOWN,,0,,,,0,0,,NO-DRAWS,,NO-DATA
70270853,70abd660-6672-11f0-8658-7f4e94e41769,Minot Gardens MHC-Cust,16130/296,12,16131,296,FLIPPED,FLIPPED,0,,,,0,0,,NO-DRAWS,,ATTR-PRESENT
77053215,7c3760e0-3a89-11f0-8e55-b138a1c03c8e,Minot Gardens MHC-Cust,16130/296,53,16131,296,UNKNOWN,,0,,,,0,0,,NO-DRAWS,,NO-DATA
65830948,a35c45b0-01e4-11f0-92a4-09772dfb61f8,Minot Gardens MHC-Cust,16130/296,101,15154,260,NOT FLIPPED,,0,,,,0,0,,NO-DRAWS,,REPORTED-ONLY
70268220,aaaa6440-666c-11f0-8658-7f4e94e41769,Minot Gardens MHC-Cust,16130/296,92,16131,296,FLIPPED,FLIPPED,0,,,,0,0,,NO-DRAWS,,ATTR-PRESENT
70260821,b87e9550-666c-11f0-8658-7f4e94e41769,Minot Gardens MHC-Cust,16130/296,102,16131,296,FLIPPED,FLIPPED,0,,,,0,0,,NO-DRAWS,,ATTR-PRESENT
65825427,bc32c4e0-3d05-11f0-8e55-b138a1c03c8e,Minot Gardens MHC-Cust,16130/296,61,16130,296,FLIPPED,FLIPPED,0,,,,0,0,,NO-DRAWS,,ATTR-PRESENT
65827266,c14940a0-01e4-11f0-92a4-09772dfb61f8,Minot Gardens MHC-Cust,16130/296,5A-5B,16131,296,NOT FLIPPED,NOT FLIPPED,0,,,,0,0,,NO-DRAWS,,ATTR-PRESENT
70259450,c4999670-62c3-11f0-8658-7f4e94e41769,Minot Gardens MHC-Cust,16130/296,84,16131,296,FLIPPED,FLIPPED,0,,,,0,0,,NO-DRAWS,,ATTR-PRESENT
77054445,c5108750-3d78-11f0-8e55-b138a1c03c8e,Minot Gardens MHC-Cust,16130/296,47,16131,296,FLIPPED,FLIPPED,0,,,,0,0,,NO-DRAWS,,ATTR-PRESENT
65830989,cda3b1d0-b989-11ef-8f43-73c96c0de66f,Minot Gardens MHC-Cust,16130/296,95,15154,260,FLIPPED,,0,,,,0,0,,NO-DRAWS,,REPORTED-ONLY
77055657,da90bfd0-26b9-11f0-8272-45e3ef110760,Minot Gardens MHC-Cust,16130/296,78,16131,296,FLIPPED,FLIPPED,0,,,,0,0,,NO-DRAWS,,ATTR-PRESENT
77041699,ddde4d20-2609-11f0-8272-45e3ef110760,Minot Gardens MHC-Cust,16130/296,83,15154,260,NOT FLIPPED,,0,,,,0,0,,NO-DRAWS,,REPORTED-ONLY
70268469,e7de8ba0-5223-11f0-acb1-514e01860b07,Minot Gardens MHC-Cust,16130/296,34,15154,260,NOT FLIPPED,,0,,,,0,0,,NO-DRAWS,,REPORTED-ONLY
65825823,f2a11680-14dc-11f1-be01-6f2b88b3116b,Minot Gardens MHC-Cust,16130/296,86,15154,260,FLIPPED,,0,,,,0,0,,NO-DRAWS,,REPORTED-ONLY
72719810,0198ac30-c43c-11f0-9842-6d029661c338,Wildwood Estates MHC-CUST,362/209,A4,16185,314,NOT FLIPPED,,5998,MED,86,edge,4473,0,NOT FLIPPED,LOW,1,PIN
72714217,12d9cc90-c504-11f0-9842-6d029661c338,Wildwood Estates MHC-CUST,362/209,7,16048,272,NOT FLIPPED,,0,,,,0,0,,NO-DRAWS,,REPORTED-ONLY
72723390,1541f2f0-c504-11f0-9842-6d029661c338,Wildwood Estates MHC-CUST,362/209,39,16185,314,FLIPPED,FLIPPED,6000,MED,,,0,0,,AMBIGUOUS-ZERO,,AMBIGUOUS-ZERO
72718804,1a4f48b0-c504-11f0-9842-6d029661c338,Wildwood Estates MHC-CUST,362/209,32,362,209,NOT FLIPPED,,5998,MED,,,0,0,,AMBIGUOUS-ZERO,,AMBIGUOUS-ZERO
72718739,1f60e430-c504-11f0-9842-6d029661c338,Wildwood Estates MHC-CUST,362/209,6,16185,314,FLIPPED,,2909,MED,-42,edge,0,2698,FLIPPED,LOW,2,PIN
72721725,1ff3ae50-c504-11f0-9842-6d029661c338,Wildwood Estates MHC-CUST,362/209,17,16185,314,FLIPPED,FLIPPED,3575,MED,-10,edge,0,3170,FLIPPED,LOW,,ATTR-OK
72718762,26b87810-c504-11f0-9842-6d029661c338,Wildwood Estates MHC-CUST,362/209,48,362,209,FLIPPED,,6000,MED,,,0,0,,AMBIGUOUS-ZERO,,AMBIGUOUS-ZERO
72715891,27fcb7e0-c504-11f0-9842-6d029661c338,Wildwood Estates MHC-CUST,362/209,8,362,209,FLIPPED,,5999,MED,,,0,0,,AMBIGUOUS-ZERO,,AMBIGUOUS-ZERO
72713961,305d0930-c504-11f0-9842-6d029661c338,Wildwood Estates MHC-CUST,362/209,10,16048,272,FLIPPED,,0,,,,0,0,,NO-DRAWS,,REPORTED-ONLY
70265986,357645d0-c504-11f0-9842-6d029661c338,Wildwood Estates MHC-CUST,362/209,A10,16131,296,FLIPPED,FLIPPED,3018,MED,13,edge,62,2547,FLIPPED,LOW,,ATTR-OK
72718325,4809aca0-c504-11f0-9842-6d029661c338,Wildwood Estates MHC-CUST,362/209,45,16185,314,FLIPPED,,6,,,,0,0,,NO-DRAWS,,REPORTED-ONLY
72719778,4b820420-c4fc-11f0-9842-6d029661c338,Wildwood Estates MHC-CUST,362/209,52,16185,314,NOT FLIPPED,NOT FLIPPED,5998,MED,58,edge,5124,0,NOT FLIPPED,LOW,,ATTR-OK
72720073,4d447b00-c504-11f0-9842-6d029661c338,Wildwood Estates MHC-CUST,362/209,5,16185,314,NOT FLIPPED,NOT FLIPPED,6000,MED,90,edge,2335,0,NOT FLIPPED,LOW,,ATTR-OK
72720339,4d551cd0-c504-11f0-9842-6d029661c338,Wildwood Estates MHC-CUST,362/209,25,16185,314,NOT FLIPPED,NOT FLIPPED,6000,MED,,,0,0,,AMBIGUOUS-ZERO,,AMBIGUOUS-ZERO
72714233,4e57bfc0-c504-11f0-9842-6d029661c338,Wildwood Estates MHC-CUST,362/209,9,362,209,NOT FLIPPED,,5999,MED,,,0,0,,AMBIGUOUS-ZERO,,AMBIGUOUS-ZERO
72721931,53eb0800-c4fc-11f0-9842-6d029661c338,Wildwood Estates MHC-CUST,362/209,21,16185,314,NOT FLIPPED,,0,,,,0,0,,NO-DRAWS,,REPORTED-ONLY
72714951,56162560-c4fc-11f0-9842-6d029661c338,Wildwood Estates MHC-CUST,362/209,A3,16185,314,NOT FLIPPED,NOT FLIPPED,1530,MED,92,edge,1379,0,NOT FLIPPED,LOW,,ATTR-OK
72719323,67eef520-c504-11f0-9842-6d029661c338,Wildwood Estates MHC-CUST,362/209,14,16185,314,NOT FLIPPED,NOT FLIPPED,6000,MED,125,edge,5752,0,NOT FLIPPED,LOW,,ATTR-OK
72718564,68c075f0-c504-11f0-9842-6d029661c338,Wildwood Estates MHC-CUST,362/209,15,16185,314,NOT FLIPPED,,6000,MED,52,edge,5215,0,NOT FLIPPED,LOW,1,PIN
72717087,69a8ed10-c4f7-11f0-9842-6d029661c338,Wildwood Estates MHC-CUST,362/209,27,16185,314,FLIPPED,,6000,MED,-128,edge,0,5537,FLIPPED,LOW,2,PIN
72722178,6f1f72a0-c4fc-11f0-9842-6d029661c338,Wildwood Estates MHC-CUST,362/209,A11,362,209,FLIPPED,,5997,MED,,,0,0,,AMBIGUOUS-ZERO,,AMBIGUOUS-ZERO
72716568,84703e00-c4f7-11f0-9842-6d029661c338,Wildwood Estates MHC-CUST,362/209,A1,362,209,FLIPPED,FLIPPED,6000,MED,-645,largest=edge,7,68,FLIPPED,LOW,,ATTR-OK
72717467,86dedac0-c4fc-11f0-9842-6d029661c338,Wildwood Estates MHC-CUST,362/209,27B,16185,314,NOT FLIPPED,NOT FLIPPED,5998,MED,15,edge,5529,0,NOT FLIPPED,LOW,,ATTR-OK
75372829,93641810-06af-11f1-a3d9-c99c67c82bc1,Wildwood Estates MHC-CUST,362/209,A9,16131,296,NOT FLIPPED,NOT FLIPPED,5677,MED,9,edge,4414,37,NOT FLIPPED,LOW,,ATTR-OK
75363687,94823240-06af-11f1-a3d9-c99c67c82bc1,Wildwood Estates MHC-CUST,362/209,A2,362,209,NOT FLIPPED,,6000,MED,,,0,0,,AMBIGUOUS-ZERO,,AMBIGUOUS-ZERO
70272016,96b4fcb0-c504-11f0-9842-6d029661c338,Wildwood Estates MHC-CUST,362/209,8A,16185,314,NOT FLIPPED,NOT FLIPPED,4440,MED,27,edge,3960,0,NOT FLIPPED,LOW,,ATTR-OK
72720479,a705e730-c4fc-11f0-9842-6d029661c338,Wildwood Estates MHC-CUST,362/209,19,16185,314,FLIPPED,,6000,MED,8,edge,5,5676,FLIPPED,LOW,2,PIN
70272503,aa059e70-c453-11f0-9842-6d029661c338,Wildwood Estates MHC-CUST,362/209,12,16185,314,NOT FLIPPED,,5999,MED,131,edge,5636,0,NOT FLIPPED,LOW,1,PIN
72717780,acb7ba50-c4fc-11f0-9842-6d029661c338,Wildwood Estates MHC-CUST,362/209,A7,16185,314,FLIPPED,FLIPPED,0,,,,0,0,,NO-DRAWS,,ATTR-PRESENT
70261795,c103e650-6133-11f0-9fcd-87e94e720126,Wildwood Estates MHC-CUST,362/209,38,16131,296,NOT FLIPPED,,5999,MED,-8,edge,5809,0,NOT FLIPPED,LOW,1,PIN
72716071,c6ee4790-c439-11f0-9842-6d029661c338,Wildwood Estates MHC-CUST,362/209,41,362,209,FLIPPED,,277,MED,,,0,0,,AMBIGUOUS-ZERO,,AMBIGUOUS-ZERO
72715669,c784e370-c453-11f0-9842-6d029661c338,Wildwood Estates MHC-CUST,362/209,3,16185,314,NOT FLIPPED,,6000,MED,157,edge,4860,0,NOT FLIPPED,LOW,1,PIN
72717723,caab9db0-c439-11f0-9842-6d029661c338,Wildwood Estates MHC-CUST,362/209,43,16185,314,FLIPPED,,5998,MED,-62,edge,0,2777,FLIPPED,LOW,2,PIN
72718903,d05e0e40-c453-11f0-9842-6d029661c338,Wildwood Estates MHC-CUST,362/209,11,16185,314,FLIPPED,,0,,,,0,0,,NO-DRAWS,,REPORTED-ONLY
72717293,d2ec8020-c439-11f0-9842-6d029661c338,Wildwood Estates MHC-CUST,362/209,49,16185,314,FLIPPED,,6000,MED,98,edge,0,5725,FLIPPED,LOW,2,PIN
72724489,de3105a0-c439-11f0-9842-6d029661c338,Wildwood Estates MHC-CUST,362/209,34,16185,314,FLIPPED,FLIPPED,2497,MED,-96,edge,0,2278,FLIPPED,LOW,,ATTR-OK
72722632,f46b5460-c439-11f0-9842-6d029661c338,Wildwood Estates MHC-CUST,362/209,46,362,209,FLIPPED,,6000,MED,,,0,0,,AMBIGUOUS-ZERO,,AMBIGUOUS-ZERO
72718911,f5639840-c453-11f0-9842-6d029661c338,Wildwood Estates MHC-CUST,362/209,2,16185,314,NOT FLIPPED,,5999,MED,166,edge,5630,0,NOT FLIPPED,LOW,1,PIN
72724372,f96940d0-c439-11f0-9842-6d029661c338,Wildwood Estates MHC-CUST,362/209,33,16185,314,FLIPPED,FLIPPED,5999,MED,-42,edge,0,3830,FLIPPED,LOW,,ATTR-OK
70271687,fcc87160-c439-11f0-9842-6d029661c338,Wildwood Estates MHC-CUST,362/209,44,16185,314,NOT FLIPPED,,5999,MED,47,edge,5704,0,NOT FLIPPED,LOW,1,PIN
72720172,fe7c62f0-c439-11f0-9842-6d029661c338,Wildwood Estates MHC-CUST,362/209,36,362,209,NOT FLIPPED,,5999,MED,,,0,0,,AMBIGUOUS-ZERO,,AMBIGUOUS-ZERO
70263171,0d39f0a0-6134-11f0-9fcd-87e94e720126,Maple Run MHC,363/219,15,16022,260,FLIPPED,,5999,MED,-31,edge,49,5392,FLIPPED,LOW,2,PIN
65830831,044e3ee0-c7cb-11ef-8f43-73c96c0de66f,W Poplar St Triplex,362/209,3,362,209,NOT FLIPPED,NOT FLIPPED,0,,,,0,0,,NO-DRAWS,,ATTR-PRESENT
65828314,2fb97cd0-1bf8-11f0-8272-45e3ef110760,W Poplar St Triplex,362/209,2,362,209,NOT FLIPPED,NOT FLIPPED,5999,MED,,,0,0,,AMBIGUOUS-ZERO,,AMBIGUOUS-ZERO
77041780,46f9e910-3cf6-11f0-8e55-b138a1c03c8e,W Poplar St Triplex,362/209,1,16185,314,NOT FLIPPED,,4250,MED,21,edge,3512,0,NOT FLIPPED,LOW,1,PIN
70264674,05730970-6674-11f0-8658-7f4e94e41769,Mena Estates MHC,16185/314,2512HIGHWAY80,16185,314,FLIPPED,,6000,MED,-178,edge,0,5560,FLIPPED,LOW,2,PIN
77054858,272724a0-38b8-11f0-8e55-b138a1c03c8e,Mena Estates MHC,16185/314,131BONNER,16185,314,NOT FLIPPED,,6000,MED,166,edge,5749,0,NOT FLIPPED,LOW,1,PIN
77061101,27bdbf50-38b8-11f0-8e55-b138a1c03c8e,Mena Estates MHC,16185/314,130BONNER,16185,314,FLIPPED,,6000,MED,244,edge,6,5633,FLIPPED,LOW,2,PIN
77041855,4b38d8c0-38b8-11f0-8e55-b138a1c03c8e,Mena Estates MHC,16185/314,114BONNER,16185,314,FLIPPED,,5999,MED,-43,edge,1,5240,FLIPPED,LOW,2,PIN
77054395,53e4afe0-26ce-11f0-8272-45e3ef110760,Mena Estates MHC,16185/314,129BONNER,16185,314,NOT FLIPPED,,5999,MED,90,edge,5260,6,NOT FLIPPED,LOW,1,PIN
65827878,570be080-26ce-11f0-8272-45e3ef110760,Mena Estates MHC,16185/314,1215MAMAMIA,16185,314,FLIPPED,,5998,MED,,,0,0,,AMBIGUOUS-ZERO,,AMBIGUOUS-ZERO
77057760,591a7530-26ce-11f0-8272-45e3ef110760,Mena Estates MHC,16185/314,156BONNER,16185,314,FLIPPED,,6000,MED,-235,edge,0,815,FLIPPED,LOW,2,PIN
65831615,61c98f10-b97b-11ef-8f43-73c96c0de66f,Mena Estates MHC,16185/314,124STRANDBERG,16185,314,UNKNOWN,,0,,,,0,0,,NO-DRAWS,,NO-DATA
77055053,6be3ce20-3d8d-11f0-8e55-b138a1c03c8e,Mena Estates MHC,16185/314,123BONNER,16185,314,NOT FLIPPED,,5999,MED,-3,edge,3969,373,NOT FLIPPED,LOW,1,PIN
77057653,6f705ec0-4097-11f0-8e55-b138a1c03c8e,Mena Estates MHC,16185/314,119BONNER,16185,314,FLIPPED,,2320,MED,-57,edge,1,1809,FLIPPED,LOW,2,PIN
77055491,768e77d0-25d7-11f0-8272-45e3ef110760,Mena Estates MHC,16185/314,2317MAMAMIA,16185,314,FLIPPED,,5994,MED,24,edge,98,4424,FLIPPED,LOW,2,PIN
77055269,77021570-4097-11f0-8e55-b138a1c03c8e,Mena Estates MHC,16185/314,144BONNER,16185,314,FLIPPED,,6000,MED,,,0,0,,AMBIGUOUS-ZERO,,AMBIGUOUS-ZERO
77055681,81080070-4097-11f0-8e55-b138a1c03c8e,Mena Estates MHC,16185/314,141BONNER,16185,314,NOT FLIPPED,,5998,MED,113,edge,2841,8,NOT FLIPPED,LOW,1,PIN
65831433,82602ca0-e240-11ef-a5fd-a97d57576080,Mena Estates MHC,16185/314,165BONNER,16185,314,NOT FLIPPED,,5999,MED,-110,edge,5275,17,NOT FLIPPED,LOW,1,PIN
65825708,a3e06490-e2fd-11ef-a5fd-a97d57576080,Mena Estates MHC,16185/314,136BONNER,16185,314,NOT FLIPPED,,6000,MED,2007,largest,0,0,no draws,NO-DRAWS,,NO-DRAWS
65830724,a689f000-d955-11ef-b6c0-d371c5346bb9,Mena Estates MHC,16185/314,122STRANDBERG,16185,314,NOT FLIPPED,,5998,MED,212,edge,5449,61,NOT FLIPPED,LOW,1,PIN
77059790,a8165e30-66b4-11f0-8658-7f4e94e41769,Mena Estates MHC,16185/314,2310MAMAMIA,16185,314,FLIPPED,,3612,MED,-32,edge,0,2715,FLIPPED,LOW,2,PIN
70268170,b15a7290-51e9-11f0-acb1-514e01860b07,Mena Estates MHC,16185/314,161BONNER,16185,344,NOT FLIPPED,,80,,,,0,0,,NO-DRAWS,,NO-DRAWS
70261258,b38d7f30-51e9-11f0-acb1-514e01860b07,Mena Estates MHC,16185/314,148BONNER,16185,314,NOT FLIPPED,,6000,MED,,,0,0,,AMBIGUOUS-ZERO,,AMBIGUOUS-ZERO
70269822,ba090af0-51e9-11f0-acb1-514e01860b07,Mena Estates MHC,16185/314,112BONNER,16185,314,NOT FLIPPED,,6000,MED,-49,edge,5779,3,NOT FLIPPED,LOW,1,PIN
65829072,be8ec340-c746-11ef-8f43-73c96c0de66f,Mena Estates MHC,16185/314,2311MAMAMIA,16185,314,FLIPPED,,5999,MED,-103,edge,59,5105,FLIPPED,LOW,2,PIN
77052001,cc0f7c20-352e-11f0-8e55-b138a1c03c8e,Mena Estates MHC,16185/314,152BONNER,16185,314,FLIPPED,,6000,MED,-162,edge,0,5435,FLIPPED,LOW,2,PIN
70269848,cc2eea40-51e6-11f0-acb1-514e01860b07,Mena Estates MHC,16185/314,126STRANDBERG,16185,314,NOT FLIPPED,,5999,MED,341,edge,5410,15,NOT FLIPPED,LOW,1,PIN
77054221,d101ce30-3ce1-11f0-8e55-b138a1c03c8e,Mena Estates MHC,16185/314,190BONNER,16185,314,FLIPPED,,3567,MED,-91,edge,0,3023,FLIPPED,LOW,2,PIN
77055210,d2468330-3ce1-11f0-8e55-b138a1c03c8e,Mena Estates MHC,16185/314,125BONNER,16185,314,NOT FLIPPED,,0,,,,0,0,,NO-DRAWS,,REPORTED-ONLY
65831763,d3076620-b9a3-11ef-8f43-73c96c0de66f,Mena Estates MHC,16185/314,121BONNER,16185,314,FLIPPED,,0,,,,0,0,,NO-DRAWS,,REPORTED-ONLY
77062158,d5694700-3ce1-11f0-8e55-b138a1c03c8e,Mena Estates MHC,16185/314,2314MAMAMIA,16185,314,NOT FLIPPED,,890,MED,83,edge,561,0,NOT FLIPPED,LOW,1,PIN
77055079,df1d1a60-3ce1-11f0-8e55-b138a1c03c8e,Mena Estates MHC,16185/314,150BONNER,16185,314,FLIPPED,,6000,MED,-230,edge,23,3855,FLIPPED,LOW,2,PIN
70270325,e5814e70-51e6-11f0-acb1-514e01860b07,Mena Estates MHC,16185/314,116BONNER,16185,314,FLIPPED,,5999,MED,-6,edge,1,5298,FLIPPED,LOW,2,PIN
68618733,0eeedfb0-26b4-11f0-8272-45e3ef110760,La Comunidad MHC-CUST,362/209,75,16185,314,FLIPPED,,1692,MED,48,edge,0,1394,FLIPPED,LOW,2,PIN
70260888,97080520-62a0-11f0-8658-7f4e94e41769,La Comunidad MHC-CUST,362/209,116,16185,314,NOT FLIPPED,,6000,MED,-91,edge,5529,0,NOT FLIPPED,LOW,1,PIN
72391236,8a0811a0-a939-11f0-98a7-c3bc57f9afe3,La Comunidad MHC-CUST,362/209,65,16185,314,FLIPPED,,5998,MED,-51,edge,0,5543,FLIPPED,LOW,2,PIN
70261514,6553d1b0-a082-11f0-b5af-5dfa9891b485,La Comunidad MHC-CUST,362/209,20B,16185,314,FLIPPED,FLIPPED,0,,,,0,0,,NO-DRAWS,,ATTR-PRESENT
72385634,67f2e690-a082-11f0-b5af-5dfa9891b485,La Comunidad MHC-CUST,362/209,6,16185,314,FLIPPED,,5999,MED,13,edge,0,5571,FLIPPED,LOW,2,PIN
72390857,65d75990-a082-11f0-b5af-5dfa9891b485,La Comunidad MHC-CUST,362/209,80A,16185,314,FLIPPED,FLIPPED,5787,MED,-37,edge,0,776,FLIPPED,LOW,,ATTR-OK
70266265,6a442990-a082-11f0-b5af-5dfa9891b485,La Comunidad MHC-CUST,362/209,76,16185,314,FLIPPED,,5999,MED,6,edge,0,5762,FLIPPED,LOW,2,PIN
70272545,6a318bf0-a082-11f0-b5af-5dfa9891b485,La Comunidad MHC-CUST,362/209,32,16185,314,FLIPPED,FLIPPED,5998,MED,-8,edge,0,4926,FLIPPED,LOW,,ATTR-OK
70265549,8b5f1670-a083-11f0-b5af-5dfa9891b485,La Comunidad MHC-CUST,362/209,20A,16185,314,FLIPPED,FLIPPED,6000,MED,,,0,0,,AMBIGUOUS-ZERO,,AMBIGUOUS-ZERO
70263783,8297bb60-a082-11f0-b5af-5dfa9891b485,La Comunidad MHC-CUST,362/209,21A,16185,314,FLIPPED,,6000,MED,-28,edge,0,5528,FLIPPED,LOW,2,PIN
70265721,8ad89dd0-a082-11f0-b5af-5dfa9891b485,La Comunidad MHC-CUST,362/209,81,16185,314,NOT FLIPPED,,6000,MED,112,edge,5124,0,NOT FLIPPED,LOW,1,PIN
72379108,82fd6590-a083-11f0-b5af-5dfa9891b485,La Comunidad MHC-CUST,362/209,34,16185,314,NOT FLIPPED,,6000,MED,209,edge,2953,0,NOT FLIPPED,LOW,1,PIN
70273006,83779ea0-a083-11f0-b5af-5dfa9891b485,La Comunidad MHC-CUST,362/209,85,16185,314,NOT FLIPPED,NOT FLIPPED,5996,MED,76,edge,5230,0,NOT FLIPPED,LOW,,ATTR-OK
72387622,838ab170-a083-11f0-b5af-5dfa9891b485,La Comunidad MHC-CUST,362/209,56,16185,314,NOT FLIPPED,NOT FLIPPED,6000,MED,37,edge,5447,0,NOT FLIPPED,LOW,,ATTR-OK
70267446,8650fd60-a083-11f0-b5af-5dfa9891b485,La Comunidad MHC-CUST,362/209,19,16185,314,FLIPPED,FLIPPED,5997,MED,-53,edge,0,4970,FLIPPED,LOW,,ATTR-OK
70259872,8940ca50-a083-11f0-b5af-5dfa9891b485,La Comunidad MHC-CUST,362/209,80,362,209,FLIPPED,,6000,MED,,,0,0,,AMBIGUOUS-ZERO,,AMBIGUOUS-ZERO
72379405,8a013420-a083-11f0-b5af-5dfa9891b485,La Comunidad MHC-CUST,362/209,12,16185,314,FLIPPED,,5998,MED,49,edge,0,5288,FLIPPED,LOW,2,PIN
72390535,8bb43b50-a083-11f0-b5af-5dfa9891b485,La Comunidad MHC-CUST,362/209,64,16185,314,FLIPPED,FLIPPED,6000,MED,-7,edge,0,5310,FLIPPED,LOW,,ATTR-OK
72390840,65a09220-a082-11f0-b5af-5dfa9891b485,La Comunidad MHC-CUST,362/209,68,16185,314,FLIPPED,FLIPPED,5997,MED,9,edge,0,5427,FLIPPED,LOW,,ATTR-OK
72391855,63b12440-a940-11f0-98a7-c3bc57f9afe3,La Comunidad MHC-CUST,362/209,2,16185,314,FLIPPED,,5999,MED,-1,edge,1,5663,FLIPPED,LOW,2,PIN
70259583,29f79d60-a940-11f0-98a7-c3bc57f9afe3,La Comunidad MHC-CUST,362/209,77,16185,314,NOT FLIPPED,,5997,MED,3,edge,5577,0,NOT FLIPPED,LOW,1,PIN
70269764,5ac9a190-a940-11f0-98a7-c3bc57f9afe3,La Comunidad MHC-CUST,362/209,22A,16185,314,UNKNOWN,,0,,,,0,0,,NO-DRAWS,,NO-DATA
72381997,6683cc40-a940-11f0-98a7-c3bc57f9afe3,La Comunidad MHC-CUST,362/209,35,16184,314,NOT FLIPPED,,5999,MED,216,edge,800,74,NOT FLIPPED,LOW,1,PIN
72378720,74aefb20-a939-11f0-98a7-c3bc57f9afe3,La Comunidad MHC-CUST,362/209,1A,362,209,NOT FLIPPED,,6000,MED,,,0,0,,AMBIGUOUS-ZERO,,AMBIGUOUS-ZERO
70262082,7ed03220-a940-11f0-98a7-c3bc57f9afe3,La Comunidad MHC-CUST,362/209,4,362,209,FLIPPED,,5997,MED,,,0,0,,AMBIGUOUS-ZERO,,AMBIGUOUS-ZERO
72378308,7c190160-a940-11f0-98a7-c3bc57f9afe3,La Comunidad MHC-CUST,362/209,55,16185,314,NOT FLIPPED,NOT FLIPPED,6000,MED,32,edge,5528,0,NOT FLIPPED,LOW,,ATTR-OK
72379298,7175ec00-a940-11f0-98a7-c3bc57f9afe3,La Comunidad MHC-CUST,362/209,1,362,209,FLIPPED,,6000,MED,,,0,0,,AMBIGUOUS-ZERO,,AMBIGUOUS-ZERO
72379215,6fa9b780-a940-11f0-98a7-c3bc57f9afe3,La Comunidad MHC-CUST,362/209,5,16185,314,FLIPPED,,5999,MED,-41,edge,0,2184,FLIPPED,LOW,2,PIN
72379363,704422c0-a940-11f0-98a7-c3bc57f9afe3,La Comunidad MHC-CUST,362/209,15,16185,314,FLIPPED,FLIPPED,5998,MED,-37,edge,0,4135,FLIPPED,LOW,,ATTR-OK
72383746,517e0d70-a962-11f0-98a7-c3bc57f9afe3,La Comunidad MHC-CUST,362/209,109,16185,314,FLIPPED,,6000,MED,33,edge,0,5793,FLIPPED,LOW,2,PIN
72386947,410f5830-a95e-11f0-98a7-c3bc57f9afe3,La Comunidad MHC-CUST,362/209,97,16185,314,FLIPPED,,5997,MED,-229,edge,18,120,FLIPPED,LOW,2,PIN
72391178,78620700-aab8-11f0-98a7-c3bc57f9afe3,La Comunidad MHC-CUST,362/209,25,16185,314,NOT FLIPPED,,6000,MED,42,edge,5299,0,NOT FLIPPED,LOW,1,PIN
72384207,7d47ecb0-ad2b-11f0-98a7-c3bc57f9afe3,La Comunidad MHC-CUST,362/209,117,16185,314,FLIPPED,FLIPPED,6000,MED,176,edge,0,5706,FLIPPED,LOW,,ATTR-OK
70266182,81d36840-ad2b-11f0-98a7-c3bc57f9afe3,La Comunidad MHC-CUST,362/209,133,16185,314,FLIPPED,FLIPPED,0,,,,0,0,,NO-DRAWS,,ATTR-PRESENT
72380775,82c1e6f0-ad2b-11f0-98a7-c3bc57f9afe3,La Comunidad MHC-CUST,362/209,134,16185,314,NOT FLIPPED,,6000,MED,-12,edge,5428,0,NOT FLIPPED,LOW,1,PIN
70265457,845cab30-ad2b-11f0-98a7-c3bc57f9afe3,La Comunidad MHC-CUST,362/209,125,16185,314,FLIPPED,,16,,,,0,0,,NO-DRAWS,,REPORTED-ONLY
72384595,847a9370-ad2b-11f0-98a7-c3bc57f9afe3,La Comunidad MHC-CUST,362/209,114,16185,314,NOT FLIPPED,NOT FLIPPED,6000,MED,-9,edge,5653,0,NOT FLIPPED,LOW,,ATTR-OK
70271414,89abc4e0-ad2b-11f0-98a7-c3bc57f9afe3,La Comunidad MHC-CUST,362/209,150,16185,314,NOT FLIPPED,,6000,MED,1008,largest,1161,1286,ambiguous,NO-DRAWS,,NO-DRAWS
70272198,89fc7cf0-ad2b-11f0-98a7-c3bc57f9afe3,La Comunidad MHC-CUST,362/209,132,16185,314,NOT FLIPPED,NOT FLIPPED,5997,MED,11,edge,5472,0,NOT FLIPPED,LOW,,ATTR-OK
72384686,8a970f40-ad2b-11f0-98a7-c3bc57f9afe3,La Comunidad MHC-CUST,362/209,140,16185,314,FLIPPED,,5997,MED,-20,edge,0,5322,FLIPPED,LOW,2,PIN
70267800,8ab6cc40-ad2b-11f0-98a7-c3bc57f9afe3,La Comunidad MHC-CUST,362/209,137,16185,314,FLIPPED,FLIPPED,5999,MED,-60,edge,0,5184,FLIPPED,LOW,,ATTR-OK
72387465,8d3ab800-ad2b-11f0-98a7-c3bc57f9afe3,La Comunidad MHC-CUST,362/209,148,16185,314,FLIPPED,,2819,MED,9,edge,19,2725,FLIPPED,LOW,2,PIN
72384025,93cb7970-ad2b-11f0-98a7-c3bc57f9afe3,La Comunidad MHC-CUST,362/209,128,362,209,NOT FLIPPED,,6000,MED,,,0,0,,AMBIGUOUS-ZERO,,AMBIGUOUS-ZERO
70267669,79d422b0-ad2b-11f0-98a7-c3bc57f9afe3,La Comunidad MHC-CUST,362/209,126,16185,314,NOT FLIPPED,,5999,MED,-24,edge,5032,0,NOT FLIPPED,LOW,1,PIN
72384561,65d26960-ad2c-11f0-98a7-c3bc57f9afe3,La Comunidad MHC-CUST,362/209,112,16185,314,FLIPPED,FLIPPED,5999,MED,-3,edge,0,5422,FLIPPED,LOW,,ATTR-OK
72387598,72ba3ea0-ad2c-11f0-98a7-c3bc57f9afe3,La Comunidad MHC-CUST,362/209,141,16185,314,FLIPPED,,5996,MED,-27,edge,0,5463,FLIPPED,LOW,2,PIN
72380577,554969d0-ad32-11f0-98a7-c3bc57f9afe3,La Comunidad MHC-CUST,362/209,122,362,209,NOT FLIPPED,,2529,MED,,,0,0,,AMBIGUOUS-ZERO,,AMBIGUOUS-ZERO
70269905,39823510-ad32-11f0-98a7-c3bc57f9afe3,La Comunidad MHC-CUST,362/209,135,362,209,NOT FLIPPED,,5999,MED,,,0,0,,AMBIGUOUS-ZERO,,AMBIGUOUS-ZERO
72384264,703f92f0-ad32-11f0-98a7-c3bc57f9afe3,La Comunidad MHC-CUST,362/209,143,16185,314,NOT FLIPPED,,6000,MED,-4,edge,5619,15,NOT FLIPPED,LOW,1,PIN
72379678,70492bb0-ad39-11f0-98a7-c3bc57f9afe3,La Comunidad MHC-CUST,362/209,28A,362,209,FLIPPED,FLIPPED,5999,MED,,,0,0,,AMBIGUOUS-ZERO,,AMBIGUOUS-ZERO
72380478,791955d0-ad39-11f0-98a7-c3bc57f9afe3,La Comunidad MHC-CUST,362/209,58,16185,314,NOT FLIPPED,,3309,MED,9,edge,3282,0,NOT FLIPPED,LOW,1,PIN
70258429,7ef26000-ad39-11f0-98a7-c3bc57f9afe3,La Comunidad MHC-CUST,362/209,62,16185,314,NOT FLIPPED,,13,,,,0,0,,NO-DRAWS,,REPORTED-ONLY
72387010,84c8f930-ad39-11f0-98a7-c3bc57f9afe3,La Comunidad MHC-CUST,362/209,21,16185,314,FLIPPED,,5999,MED,-1215,largest,75,647,FLIPPED,LOW,2,PIN
70266083,89698360-ad39-11f0-98a7-c3bc57f9afe3,La Comunidad MHC-CUST,362/209,44,16185,314,NOT FLIPPED,,6000,MED,17,edge,5870,4,NOT FLIPPED,LOW,1,PIN
72387069,8a8a5cb0-ad39-11f0-98a7-c3bc57f9afe3,La Comunidad MHC-CUST,362/209,67,16185,314,NOT FLIPPED,,5998,MED,124,edge,3208,6,NOT FLIPPED,LOW,1,PIN
72387952,8ce081b0-ad39-11f0-98a7-c3bc57f9afe3,La Comunidad MHC-CUST,362/209,45,16185,314,NOT FLIPPED,NOT FLIPPED,5998,MED,49,edge,5374,5,NOT FLIPPED,LOW,,ATTR-OK
70269236,9035c730-ad39-11f0-98a7-c3bc57f9afe3,La Comunidad MHC-CUST,362/209,51,16185,314,FLIPPED,,5999,MED,-157,edge,0,1602,FLIPPED,LOW,2,PIN
70265580,94a926e0-ad39-11f0-98a7-c3bc57f9afe3,La Comunidad MHC-CUST,362/209,72A,16185,314,FLIPPED,FLIPPED,95,MED,,,0,0,,AMBIGUOUS-ZERO,,AMBIGUOUS-ZERO
72387960,9b9e9d90-ad39-11f0-98a7-c3bc57f9afe3,La Comunidad MHC-CUST,362/209,36,16185,314,FLIPPED,,5998,MED,7,edge,0,5529,FLIPPED,LOW,2,PIN
70265267,9cd39b20-ad39-11f0-98a7-c3bc57f9afe3,La Comunidad MHC-CUST,362/209,28B,16185,314,NOT FLIPPED,,5999,MED,81,edge,5392,0,NOT FLIPPED,LOW,1,PIN
72381450,86660760-ad39-11f0-98a7-c3bc57f9afe3,La Comunidad MHC-CUST,362/209,29,16022,260,NOT FLIPPED,,0,,,,0,0,,NO-DRAWS,,REPORTED-ONLY
72380247,31566040-ad3d-11f0-98a7-c3bc57f9afe3,La Comunidad MHC-CUST,362/209,60,16185,314,NOT FLIPPED,NOT FLIPPED,6000,MED,-1159,edge,5714,0,NOT FLIPPED,LOW,,ATTR-OK
72387770,3a6ce230-ad3d-11f0-98a7-c3bc57f9afe3,La Comunidad MHC-CUST,362/209,72B,362,209,FLIPPED,,6000,MED,,,0,0,,AMBIGUOUS-ZERO,,AMBIGUOUS-ZERO
72380130,3ad763d0-ad3d-11f0-98a7-c3bc57f9afe3,La Comunidad MHC-CUST,362/209,57,16185,314,FLIPPED,,6000,MED,-29,edge,0,5876,FLIPPED,LOW,2,PIN
72387648,50dfa610-ad3d-11f0-98a7-c3bc57f9afe3,La Comunidad MHC-CUST,362/209,52,16185,314,NOT FLIPPED,,5999,MED,47,edge,5492,0,NOT FLIPPED,LOW,1,PIN
72383977,3df126f0-ad3d-11f0-98a7-c3bc57f9afe3,La Comunidad MHC-CUST,362/209,13,16185,314,NOT FLIPPED,,6000,MED,268,edge,4029,0,NOT FLIPPED,LOW,1,PIN
72384546,42099560-ad3d-11f0-98a7-c3bc57f9afe3,La Comunidad MHC-CUST,362/209,53,16185,314,FLIPPED,,6000,MED,-410,edge,6,2422,FLIPPED,LOW,2,PIN
70262439,2796df00-ad3b-11f0-98a7-c3bc57f9afe3,La Comunidad MHC-CUST,362/209,27,16185,314,FLIPPED,,6000,MED,6,edge,0,5081,FLIPPED,LOW,2,PIN
70266737,79abd500-ad3d-11f0-98a7-c3bc57f9afe3,La Comunidad MHC-CUST,362/209,72,16185,314,FLIPPED,FLIPPED,6000,MED,-108,edge,0,5129,FLIPPED,LOW,,ATTR-OK
70270002,303279b0-ad3d-11f0-98a7-c3bc57f9afe3,La Comunidad MHC-CUST,362/209,96,16185,314,FLIPPED,FLIPPED,6000,MED,,,0,0,,AMBIGUOUS-ZERO,,AMBIGUOUS-ZERO
72387291,011391d0-ad3f-11f0-98a7-c3bc57f9afe3,La Comunidad MHC-CUST,362/209,54,16185,314,FLIPPED,,6000,MED,54,edge,0,5747,FLIPPED,LOW,2,PIN
70269277,02435f40-ad3f-11f0-98a7-c3bc57f9afe3,La Comunidad MHC-CUST,362/209,79,16185,314,NOT FLIPPED,,5997,MED,-178,edge,2235,403,NOT FLIPPED,LOW,1,PIN
72383993,0a13f3b0-ad3f-11f0-98a7-c3bc57f9afe3,La Comunidad MHC-CUST,362/209,91,16185,314,NOT FLIPPED,NOT FLIPPED,932,MED,409,edge,96,4,NOT FLIPPED,LOW,,ATTR-OK
70265523,5e1ce6f0-ad40-11f0-98a7-c3bc57f9afe3,La Comunidad MHC-CUST,362/209,69,16185,314,FLIPPED,,6000,MED,-3,edge,0,5664,FLIPPED,LOW,2,PIN
70269467,35844090-ad3f-11f0-98a7-c3bc57f9afe3,La Comunidad MHC-CUST,362/209,82,16185,314,FLIPPED,FLIPPED,0,,,,0,0,,NO-DRAWS,,ATTR-PRESENT
70261274,91b62170-ad40-11f0-98a7-c3bc57f9afe3,La Comunidad MHC-CUST,362/209,61,362,209,NOT FLIPPED,,6000,MED,,,0,0,,AMBIGUOUS-ZERO,,AMBIGUOUS-ZERO
70258643,79659580-ad43-11f0-98a7-c3bc57f9afe3,La Comunidad MHC-CUST,362/209,115,16185,314,FLIPPED,FLIPPED,5999,MED,-36,edge,0,5588,FLIPPED,LOW,,ATTR-OK
72379124,79cdf440-ad43-11f0-98a7-c3bc57f9afe3,La Comunidad MHC-CUST,362/209,28,16185,314,NOT FLIPPED,NOT FLIPPED,4333,MED,-10,edge,4004,0,NOT FLIPPED,LOW,,ATTR-OK
70270499,7a7ef4c0-ad43-11f0-98a7-c3bc57f9afe3,La Comunidad MHC-CUST,362/209,123,16185,314,FLIPPED,,6000,MED,-19,edge,0,5712,FLIPPED,LOW,2,PIN
70272107,7e0a3e60-ad43-11f0-98a7-c3bc57f9afe3,La Comunidad MHC-CUST,362/209,138,16185,314,FLIPPED,,5998,MED,12,edge,0,5354,FLIPPED,LOW,2,PIN
70262280,7e8e1460-ad43-11f0-98a7-c3bc57f9afe3,La Comunidad MHC-CUST,362/209,30,16185,314,FLIPPED,FLIPPED,6000,MED,,,0,0,,AMBIGUOUS-ZERO,,AMBIGUOUS-ZERO
70266042,6d324580-a959-11f0-98a7-c3bc57f9afe3,La Comunidad MHC-CUST,362/209,16,16185,314,FLIPPED,,6000,MED,182,edge,0,5713,FLIPPED,LOW,2,PIN
70261548,87493b70-ad39-11f0-98a7-c3bc57f9afe3,La Comunidad MHC-CUST,362/209,47,362,209,FLIPPED,,5998,MED,,,0,0,,AMBIGUOUS-ZERO,,AMBIGUOUS-ZERO
70273022,7c43fd50-ad43-11f0-98a7-c3bc57f9afe3,La Comunidad MHC-CUST,362/209,23,16185,314,FLIPPED,FLIPPED,4501,MED,,,0,0,,AMBIGUOUS-ZERO,,AMBIGUOUS-ZERO
72378738,5d8c1cf0-a940-11f0-98a7-c3bc57f9afe3,La Comunidad MHC-CUST,362/209,14,16185,314,FLIPPED,,6000,MED,-107,edge,0,5724,FLIPPED,LOW,2,PIN
72384108,6fbaa750-ad39-11f0-98a7-c3bc57f9afe3,La Comunidad MHC-CUST,362/209,46,16185,314,FLIPPED,FLIPPED,6000,MED,-59,edge,0,5636,FLIPPED,LOW,,ATTR-OK
72380346,31f5ae80-ad32-11f0-98a7-c3bc57f9afe3,La Comunidad MHC-CUST,362/209,10,16185,314,NOT FLIPPED,NOT FLIPPED,0,,,,0,0,,NO-DRAWS,,ATTR-PRESENT
72379587,675a7d30-a940-11f0-98a7-c3bc57f9afe3,La Comunidad MHC-CUST,362/209,14A,362,209,FLIPPED,,5998,MED,,,0,0,,AMBIGUOUS-ZERO,,AMBIGUOUS-ZERO
70272206,396bc6e0-ad32-11f0-98a7-c3bc57f9afe3,La Comunidad MHC-CUST,362/209,8,16185,314,NOT FLIPPED,NOT FLIPPED,6000,MED,105,edge,5139,0,NOT FLIPPED,LOW,,ATTR-OK
72380601,9dcf8750-ad39-11f0-98a7-c3bc57f9afe3,La Comunidad MHC-CUST,362/209,37,362,209,NOT FLIPPED,,5999,MED,,,0,0,,AMBIGUOUS-ZERO,,AMBIGUOUS-ZERO
72384058,9f18f740-ad39-11f0-98a7-c3bc57f9afe3,La Comunidad MHC-CUST,362/209,63,16185,314,NOT FLIPPED,NOT FLIPPED,5999,MED,61,edge,5171,0,NOT FLIPPED,LOW,,ATTR-OK
72387705,a14f1980-ad2b-11f0-98a7-c3bc57f9afe3,La Comunidad MHC-CUST,362/209,131,16185,314,FLIPPED,,34,,,,0,0,,NO-DRAWS,,NO-DRAWS
72391665,a6541890-ad30-11f0-98a7-c3bc57f9afe3,La Comunidad MHC-CUST,362/209,7,16022,260,FLIPPED,,6000,MED,28,edge,0,5238,FLIPPED,LOW,2,PIN
70260318,ab8fdc30-a95d-11f0-98a7-c3bc57f9afe3,La Comunidad MHC-CUST,362/209,92,16185,314,FLIPPED,,5999,MED,-33,edge,0,5585,FLIPPED,LOW,2,PIN
72383910,aba5ae20-a95d-11f0-98a7-c3bc57f9afe3,La Comunidad MHC-CUST,362/209,98,16185,314,FLIPPED,,6000,MED,75,edge,0,5727,FLIPPED,LOW,2,PIN
72380494,ad00c670-ad30-11f0-98a7-c3bc57f9afe3,La Comunidad MHC-CUST,362/209,142,16185,314,FLIPPED,,6000,MED,,,0,0,,AMBIGUOUS-ZERO,,AMBIGUOUS-ZERO
72378852,ad438a50-a083-11f0-b5af-5dfa9891b485,La Comunidad MHC-CUST,362/209,26,16185,314,FLIPPED,,6000,MED,8,edge,0,5436,FLIPPED,LOW,2,PIN
70271943,ad62bc90-ad30-11f0-98a7-c3bc57f9afe3,La Comunidad MHC-CUST,362/209,144,16185,314,FLIPPED,,6000,MED,-118,edge,0,2944,FLIPPED,LOW,2,PIN
72387994,b17653e0-a95d-11f0-98a7-c3bc57f9afe3,La Comunidad MHC-CUST,362/209,99,16185,314,NOT FLIPPED,,5999,MED,52,edge,4817,0,NOT FLIPPED,LOW,1,PIN
72380544,b1c07160-ad30-11f0-98a7-c3bc57f9afe3,La Comunidad MHC-CUST,362/209,146,16185,314,NOT FLIPPED,,6000,MED,30,edge,5404,0,NOT FLIPPED,LOW,1,PIN
70269038,b245ce00-ad30-11f0-98a7-c3bc57f9afe3,La Comunidad MHC-CUST,362/209,78,362,209,FLIPPED,,5998,MED,,,0,0,,AMBIGUOUS-ZERO,,AMBIGUOUS-ZERO
70268758,b35dffa0-a95d-11f0-98a7-c3bc57f9afe3,La Comunidad MHC-CUST,362/209,89,16022,260,FLIPPED,,6000,MED,26,edge,2,5033,FLIPPED,LOW,2,PIN
72378316,b4c28dd0-ad30-11f0-98a7-c3bc57f9afe3,La Comunidad MHC-CUST,362/209,151,16185,314,FLIPPED,,6000,MED,-32,edge,1,5845,FLIPPED,LOW,2,PIN
72379660,b5647e00-a95d-11f0-98a7-c3bc57f9afe3,La Comunidad MHC-CUST,362/209,106,16185,314,UNKNOWN,,0,,,,0,0,,NO-DRAWS,,NO-DATA
72379058,b7d297d0-a95d-11f0-98a7-c3bc57f9afe3,La Comunidad MHC-CUST,362/209,110,362,209,FLIPPED,,6000,MED,,,0,0,,AMBIGUOUS-ZERO,,AMBIGUOUS-ZERO
70265499,b8585ec0-ad30-11f0-98a7-c3bc57f9afe3,La Comunidad MHC-CUST,362/209,50B,16185,314,NOT FLIPPED,,5999,MED,-19,edge,5594,0,NOT FLIPPED,LOW,1,PIN
70272164,bc2417a0-a95d-11f0-98a7-c3bc57f9afe3,La Comunidad MHC-CUST,362/209,105,16185,314,FLIPPED,FLIPPED,6000,MED,-483,edge,0,346,FLIPPED,LOW,,ATTR-OK
72384165,bc884cd0-ad30-11f0-98a7-c3bc57f9afe3,La Comunidad MHC-CUST,362/209,121,16185,314,FLIPPED,,6000,HIGH,,,0,0,,AMBIGUOUS-ZERO,,AMBIGUOUS-ZERO
70273634,bdf7c630-a95d-11f0-98a7-c3bc57f9afe3,La Comunidad MHC-CUST,362/209,107,16022,260,FLIPPED,,103,MED,-275,edge,0,27,FLIPPED,LOW,2,PIN
72384249,c2512a60-ad30-11f0-98a7-c3bc57f9afe3,La Comunidad MHC-CUST,362/209,9,16185,314,NOT FLIPPED,,6000,MED,42,edge,5526,0,NOT FLIPPED,LOW,1,PIN
72387762,c2bb0fc0-ad30-11f0-98a7-c3bc57f9afe3,La Comunidad MHC-CUST,362/209,101,16185,314,FLIPPED,FLIPPED,5996,MED,-10,edge,0,5479,FLIPPED,LOW,,ATTR-OK
70268816,c3533110-ad30-11f0-98a7-c3bc57f9afe3,La Comunidad MHC-CUST,362/209,136,16185,314,FLIPPED,,4009,MED,-381,edge,46,110,FLIPPED,LOW,2,PIN
65822291,c4ce19d0-35a6-11f0-8e55-b138a1c03c8e,La Comunidad MHC-CUST,362/209,50,16185,314,NOT FLIPPED,,107,MED,96,edge,94,0,NOT FLIPPED,LOW,1,PIN
70269384,caf896d0-ad30-11f0-98a7-c3bc57f9afe3,La Comunidad MHC-CUST,362/209,139,16185,314,NOT FLIPPED,,5994,MED,22,edge,4857,0,NOT FLIPPED,LOW,1,PIN
70269285,cb228d00-ad30-11f0-98a7-c3bc57f9afe3,La Comunidad MHC-CUST,362/209,33,16185,314,FLIPPED,,5998,MED,-5,edge,0,5188,FLIPPED,LOW,2,PIN
72380296,cd8ba8a0-a95d-11f0-98a7-c3bc57f9afe3,La Comunidad MHC-CUST,362/209,119,16185,314,NOT FLIPPED,,6000,MED,21,edge,5629,0,NOT FLIPPED,LOW,1,PIN
72378688,ce1969b0-a95d-11f0-98a7-c3bc57f9afe3,La Comunidad MHC-CUST,362/209,104,16185,314,FLIPPED,FLIPPED,5999,MED,-22,edge,0,5607,FLIPPED,LOW,,ATTR-OK
72384041,cf5915a0-a95d-11f0-98a7-c3bc57f9afe3,La Comunidad MHC-CUST,362/209,108,16185,314,NOT FLIPPED,,5999,MED,-121,edge,2758,109,NOT FLIPPED,LOW,1,PIN
72386285,d0a3f8f0-ad3e-11f0-98a7-c3bc57f9afe3,La Comunidad MHC-CUST,362/209,93,16185,314,FLIPPED,FLIPPED,6000,MED,-41,edge,0,5176,FLIPPED,LOW,,ATTR-OK
72380353,d1aa4560-ad3e-11f0-98a7-c3bc57f9afe3,La Comunidad MHC-CUST,362/209,95,16185,314,NOT FLIPPED,NOT FLIPPED,5996,MED,-27,edge,5485,0,NOT FLIPPED,LOW,,ATTR-OK
70258999,d4204b60-a941-11f0-98a7-c3bc57f9afe3,La Comunidad MHC-CUST,362/209,88,16185,314,FLIPPED,FLIPPED,0,,,,0,0,,NO-DRAWS,,ATTR-PRESENT
65831805,d520d040-b9a3-11ef-8f43-73c96c0de66f,La Comunidad MHC-CUST,362/209,120,16185,314,NOT FLIPPED,,5998,MED,24,edge,4138,0,NOT FLIPPED,LOW,1,PIN
72380460,d55697c0-a95d-11f0-98a7-c3bc57f9afe3,La Comunidad MHC-CUST,362/209,100,16185,314,NOT FLIPPED,NOT FLIPPED,1317,MED,101,edge,364,6,NOT FLIPPED,LOW,,ATTR-OK
72387002,d7ab46e0-a941-11f0-98a7-c3bc57f9afe3,La Comunidad MHC-CUST,362/209,87,362,209,NOT FLIPPED,,6000,MED,,,0,0,,AMBIGUOUS-ZERO,,AMBIGUOUS-ZERO
72381724,d8bbbbc0-a95d-11f0-98a7-c3bc57f9afe3,La Comunidad MHC-CUST,362/209,90,362,209,UNKNOWN,,6000,MED,,,0,0,,AMBIGUOUS-ZERO,,AMBIGUOUS-ZERO
72387739,da962110-a95d-11f0-98a7-c3bc57f9afe3,La Comunidad MHC-CUST,362/209,113,16185,314,NOT FLIPPED,,5995,MED,-10,edge,4685,0,NOT FLIPPED,LOW,1,PIN
72384140,db228290-a95d-11f0-98a7-c3bc57f9afe3,La Comunidad MHC-CUST,362/209,103,16185,314,FLIPPED,,5999,MED,-52,edge,0,5498,FLIPPED,LOW,2,PIN
72380213,db6c4990-ad3e-11f0-98a7-c3bc57f9afe3,La Comunidad MHC-CUST,362/209,71,16185,314,FLIPPED,,44,MED,-721,largest,0,0,no draws,NO-DRAWS,,NO-DRAWS
70270721,dd5072e0-ad3e-11f0-98a7-c3bc57f9afe3,La Comunidad MHC-CUST,362/209,66,362,209,NOT FLIPPED,,5999,MED,,,0,0,,AMBIGUOUS-ZERO,,AMBIGUOUS-ZERO
72381963,dfcf7990-a941-11f0-98a7-c3bc57f9afe3,La Comunidad MHC-CUST,362/209,18,16185,314,FLIPPED,FLIPPED,47,,,,0,0,,NO-DRAWS,,NO-DRAWS
72379371,e353be50-a941-11f0-98a7-c3bc57f9afe3,La Comunidad MHC-CUST,362/209,11,16185,314,FLIPPED,FLIPPED,5999,MED,-24,edge,1,5793,FLIPPED,LOW,,ATTR-OK
70269558,e64e4c70-ad2d-11f0-98a7-c3bc57f9afe3,La Comunidad MHC-CUST,362/209,129,16185,314,FLIPPED,,5999,MED,-3,edge,0,5707,FLIPPED,LOW,2,PIN
72380320,e72af0d0-ad2d-11f0-98a7-c3bc57f9afe3,La Comunidad MHC-CUST,362/209,147,16185,314,FLIPPED,,6000,MED,-55,edge,0,4882,FLIPPED,LOW,2,PIN
72391913,e959cbf0-a941-11f0-98a7-c3bc57f9afe3,La Comunidad MHC-CUST,362/209,86,16185,314,FLIPPED,,6000,MED,-13,edge,0,5637,FLIPPED,LOW,2,PIN
72388315,eb9d7a60-a941-11f0-98a7-c3bc57f9afe3,La Comunidad MHC-CUST,362/209,38,16048,272,NOT FLIPPED,,0,,,,0,0,,NO-DRAWS,,REPORTED-ONLY
70269962,f0e3d0c0-a95d-11f0-98a7-c3bc57f9afe3,La Comunidad MHC-CUST,362/209,111,16185,314,NOT FLIPPED,NOT FLIPPED,5999,MED,,,0,0,,AMBIGUOUS-ZERO,,AMBIGUOUS-ZERO
70265994,f1a38b10-ad3e-11f0-98a7-c3bc57f9afe3,La Comunidad MHC-CUST,362/209,74,16185,314,FLIPPED,,6000,MED,36,edge,0,5475,FLIPPED,LOW,2,PIN
70272651,039dde20-c454-11f0-9842-6d029661c338,Wildwood Village MHC-CUST,362/209,20,362,209,FLIPPED,,6000,MED,,,0,0,,AMBIGUOUS-ZERO,,AMBIGUOUS-ZERO
75362507,091a8620-06b0-11f1-a3d9-c99c67c82bc1,Wildwood Village MHC-CUST,362/209,11,16185,314,NOT FLIPPED,NOT FLIPPED,5963,MED,-35,largest,0,0,no draws,NO-DRAWS,,NO-DRAWS
72716451,0ac73370-c4bf-11f0-9842-6d029661c338,Wildwood Village MHC-CUST,362/209,8,16048,272,NOT FLIPPED,,0,,,,0,0,,NO-DRAWS,,REPORTED-ONLY
72714332,0c88e0a0-c4bf-11f0-9842-6d029661c338,Wildwood Village MHC-CUST,362/209,18 ,362,209,FLIPPED,,791,MED,,,0,0,,AMBIGUOUS-ZERO,,AMBIGUOUS-ZERO
65831896,0ce0ddf0-c943-11ef-8f43-73c96c0de66f,Wildwood Village MHC-CUST,362/209,5,362,209,FLIPPED,,6000,MED,,,0,0,,AMBIGUOUS-ZERO,,AMBIGUOUS-ZERO
65829544,18a5f720-e247-11ef-a5fd-a97d57576080,Wildwood Village MHC-CUST,362/209,7,16185,314,FLIPPED,FLIPPED,6000,MED,-135,edge,3,5347,FLIPPED,LOW,,ATTR-OK
72716857,20e28880-c4bf-11f0-9842-6d029661c338,Wildwood Village MHC-CUST,362/209,12,16185,314,FLIPPED,,5999,MED,77,edge,0,5656,FLIPPED,LOW,2,PIN
72722400,2b15ec20-c4bf-11f0-9842-6d029661c338,Wildwood Village MHC-CUST,362/209,25,362,209,FLIPPED,,5998,MED,,,0,0,,AMBIGUOUS-ZERO,,AMBIGUOUS-ZERO
72718374,2b4f8c60-c504-11f0-9842-6d029661c338,Wildwood Village MHC-CUST,362/209,26,16185,314,NOT FLIPPED,,6000,MED,6,edge,5798,0,NOT FLIPPED,LOW,1,PIN
72722863,41b453e0-c4bf-11f0-9842-6d029661c338,Wildwood Village MHC-CUST,362/209,1,362,209,FLIPPED,,6000,MED,,,0,0,,AMBIGUOUS-ZERO,,AMBIGUOUS-ZERO
72719943,52727820-c504-11f0-9842-6d029661c338,Wildwood Village MHC-CUST,362/209,22,16185,314,FLIPPED,,6000,MED,12,edge,4,5611,FLIPPED,LOW,2,PIN
75362333,5b475bd0-06b0-11f1-a3d9-c99c67c82bc1,Wildwood Village MHC-CUST,362/209,19,16185,314,FLIPPED,FLIPPED,5999,MED,-7,edge,36,5002,FLIPPED,LOW,,ATTR-OK
72717160,5fdeab80-c4f7-11f0-9842-6d029661c338,Wildwood Village MHC-CUST,362/209,24,16185,314,FLIPPED,,5998,MED,-56,edge,12,4620,FLIPPED,LOW,2,PIN
72715156,6fc00c20-c4bf-11f0-9842-6d029661c338,Wildwood Village MHC-CUST,362/209,17,16185,314,NOT FLIPPED,,5999,MED,32,edge,5378,0,NOT FLIPPED,LOW,1,PIN
75363406,9025c080-06b0-11f1-a3d9-c99c67c82bc1,Wildwood Village MHC-CUST,362/209,27,16185,314,FLIPPED,,5997,MED,-18,edge,0,5397,FLIPPED,LOW,2,PIN
70271703,a19d84f0-c453-11f0-9842-6d029661c338,Wildwood Village MHC-CUST,362/209,21,16185,314,NOT FLIPPED,,5986,MED,12,largest,0,0,no draws,NO-DRAWS,,NO-DRAWS
72715933,eec7fec0-c4be-11f0-9842-6d029661c338,Wildwood Village MHC-CUST,362/209,4,16185,314,FLIPPED,,6000,MED,-72,edge,0,4991,FLIPPED,LOW,2,PIN
72721543,f264d490-c4be-11f0-9842-6d029661c338,Wildwood Village MHC-CUST,362/209,6,16185,314,FLIPPED,,6000,MED,-5872,edge,0,0,no draws,NO-DRAWS,,NO-DRAWS
72714001,f3716290-c4be-11f0-9842-6d029661c338,Wildwood Village MHC-CUST,362/209,28,16185,314,FLIPPED,,5997,MED,-134,edge,0,5519,FLIPPED,LOW,2,PIN
72722384,f7c887b0-c4be-11f0-9842-6d029661c338,Wildwood Village MHC-CUST,362/209,2,16185,314,NOT FLIPPED,,5998,MED,149,edge,5223,77,NOT FLIPPED,LOW,1,PIN
75367159,0043c370-6c15-11f1-9333-3b2cfe68422f,Kay Lou-Cust,16131/296,2506-I,16131,296,FLIPPED,FLIPPED,4735,MED,-25,edge,0,4446,FLIPPED,LOW,,ATTR-OK
72389024,02253ce0-82e2-11f0-8b4a-0d0197d44616,Kay Lou-Cust,16131/296,2601-M,16131,296,NOT FLIPPED,NOT FLIPPED,5998,MED,52,edge,5478,0,NOT FLIPPED,LOW,,ATTR-OK
79454755,04a12a20-6c15-11f1-9333-3b2cfe68422f,Kay Lou-Cust,16131/296,707-T,16131,296,NOT FLIPPED,NOT FLIPPED,6000,MED,20,edge,5627,0,NOT FLIPPED,LOW,,ATTR-OK
79462766,04dc2cc0-6c14-11f1-9333-3b2cfe68422f,Kay Lou-Cust,16131/296,2508-I,16131,296,UNKNOWN,,0,,,,0,0,,NO-DRAWS,,NO-DATA
72385527,15f7cc90-8465-11f0-8b4a-0d0197d44616,Kay Lou-Cust,16131/296,700-R,16131,296,NOT FLIPPED,NOT FLIPPED,6000,MED,62,edge,5558,4,NOT FLIPPED,LOW,,ATTR-OK
72380759,168735c0-842d-11f0-8b4a-0d0197d44616,Kay Lou-Cust,16131/296,2617-I,16131,296,FLIPPED,FLIPPED,5999,MED,96,edge,0,5249,FLIPPED,LOW,,ATTR-OK
72383589,18fcd360-845e-11f0-8b4a-0d0197d44616,Kay Lou-Cust,16131/296,707-K,16131,296,FLIPPED,FLIPPED,6000,MED,-132,edge,0,5734,FLIPPED,LOW,,ATTR-OK
75367720,1ef38410-6c13-11f1-9333-3b2cfe68422f,Kay Lou-Cust,16131/296,2518-I,16131,296,NOT FLIPPED,,6000,MED,99,edge,5732,0,NOT FLIPPED,LOW,1,PIN
72390667,213db5d0-845e-11f0-8b4a-0d0197d44616,Kay Lou-Cust,16131/296,2619-M,16131,296,NOT FLIPPED,NOT FLIPPED,6000,MED,22,edge,5750,0,NOT FLIPPED,LOW,,ATTR-OK
79460547,2237b290-6c13-11f1-9333-3b2cfe68422f,Kay Lou-Cust,16131/296,2626-I,16131,296,FLIPPED,FLIPPED,5998,MED,29,edge,0,5623,FLIPPED,LOW,,ATTR-OK
75360592,2379cf80-6c13-11f1-9333-3b2cfe68422f,Kay Lou-Cust,16131/296,2625-I,16131,296,FLIPPED,FLIPPED,6000,MED,-190,edge,23,5577,FLIPPED,LOW,,ATTR-OK
75366342,23e93320-6c13-11f1-9333-3b2cfe68422f,Kay Lou-Cust,16131/296,2614-I,16131,296,FLIPPED,FLIPPED,6000,MED,45,edge,7,5784,FLIPPED,LOW,,ATTR-OK
75369130,26033980-6c13-11f1-9333-3b2cfe68422f,Kay Lou-Cust,16131/296,2621-I,16131,296,FLIPPED,FLIPPED,6000,MED,124,edge,3,5744,FLIPPED,LOW,,ATTR-OK
75365419,29827530-6c13-11f1-9333-3b2cfe68422f,Kay Lou-Cust,16131/296,2607-I,16131,296,NOT FLIPPED,NOT FLIPPED,5999,MED,70,edge,5263,26,NOT FLIPPED,LOW,,ATTR-OK
75374742,2ed63d60-65be-11f1-9333-3b2cfe68422f,Kay Lou-Cust,16131/296,2628-I,16131,296,FLIPPED,,394,MED,-300,edge,1,47,FLIPPED,LOW,2,PIN
75367688,2efbedd0-65be-11f1-9333-3b2cfe68422f,Kay Lou-Cust,16131/296,704-T,16131,296,NOT FLIPPED,NOT FLIPPED,6000,MED,212,edge,5331,0,NOT FLIPPED,LOW,,ATTR-OK
72389628,3dd03380-82e2-11f0-8b4a-0d0197d44616,Kay Lou-Cust,16131/296,2615-M,16131,296,NOT FLIPPED,NOT FLIPPED,6000,MED,89,edge,4916,13,NOT FLIPPED,LOW,,ATTR-OK
75360188,3f2083f0-6c13-11f1-9333-3b2cfe68422f,Kay Lou-Cust,16131/296,2603-I,16131,296,NOT FLIPPED,NOT FLIPPED,73,MED,,,0,0,,AMBIGUOUS-ZERO,,AMBIGUOUS-ZERO
75365864,43967bb0-6c13-11f1-9333-3b2cfe68422f,Kay Lou-Cust,16131/296,2600-M,16131,296,NOT FLIPPED,NOT FLIPPED,5998,MED,39,edge,5617,0,NOT FLIPPED,LOW,,ATTR-OK
75370609,48464820-6c13-11f1-9333-3b2cfe68422f,Kay Lou-Cust,16131/296,2514-I,16131,296,FLIPPED,,6000,HIGH,-169472,largest,0,0,no draws,NO-DRAWS,,NO-DRAWS
75369288,49c1c490-6c13-11f1-9333-3b2cfe68422f,Kay Lou-Cust,16131/296,2619-I,16131,296,FLIPPED,FLIPPED,6000,MED,-160,edge,0,5718,FLIPPED,LOW,,ATTR-OK
79466791,518490f0-65be-11f1-9333-3b2cfe68422f,Kay Lou-Cust,16131/296,706-T,16131,296,NOT FLIPPED,NOT FLIPPED,5987,MED,21,edge,5301,0,NOT FLIPPED,LOW,,ATTR-OK
75366284,538988b0-65be-11f1-9333-3b2cfe68422f,Kay Lou-Cust,16131/296,2500-I,16131,296,FLIPPED,FLIPPED,5998,MED,13,edge,0,5708,FLIPPED,LOW,,ATTR-OK
75366045,5cf4c6c0-6c13-11f1-9333-3b2cfe68422f,Kay Lou-Cust,16131/296,2609-M,16131,296,NOT FLIPPED,NOT FLIPPED,2662,MED,1,edge,2186,0,NOT FLIPPED,LOW,,ATTR-OK
70273592,684432a0-842d-11f0-8b4a-0d0197d44616,Kay Lou-Cust,16131/296,2623-M,16131,296,NOT FLIPPED,NOT FLIPPED,6000,MED,36,edge,5728,0,NOT FLIPPED,LOW,,ATTR-OK
79453971,6e886ef0-65bf-11f1-9333-3b2cfe68422f,Kay Lou-Cust,16131/296,703-T,16131,296,FLIPPED,FLIPPED,5999,MED,-42,edge,4,5875,FLIPPED,LOW,,ATTR-OK
79463541,6f358ed0-6c15-11f1-9333-3b2cfe68422f,Kay Lou-Cust,16131/296,2618-I,16131,296,NOT FLIPPED,NOT FLIPPED,5998,MED,37,edge,5492,0,NOT FLIPPED,LOW,,ATTR-OK
75364271,6f48b390-6c13-11f1-9333-3b2cfe68422f,Kay Lou-Cust,16131/296,703-K,16131,296,NOT FLIPPED,NOT FLIPPED,4940,MED,-12,edge,4696,0,NOT FLIPPED,LOW,,ATTR-OK
75371086,73475870-6c13-11f1-9333-3b2cfe68422f,Kay Lou-Cust,16131/296,2620-I,16131,296,FLIPPED,FLIPPED,6000,MED,-78,edge,0,5509,FLIPPED,LOW,,ATTR-OK
79466247,742a4a40-65c4-11f1-9333-3b2cfe68422f,Kay Lou-Cust,16131/296,2609-I,16131,296,FLIPPED,FLIPPED,6000,MED,19,edge,0,5606,FLIPPED,LOW,,ATTR-OK
75363885,799dc8a0-6c16-11f1-9333-3b2cfe68422f,Kay Lou-Cust,16131/296,2604-M,16131,296,NOT FLIPPED,,18,,,,0,0,,NO-DRAWS,,REPORTED-ONLY
75365807,80db08a0-6c14-11f1-9333-3b2cfe68422f,Kay Lou-Cust,16131/296,708-K,16131,296,NOT FLIPPED,NOT FLIPPED,5998,MED,70,edge,5625,0,NOT FLIPPED,LOW,,ATTR-OK
75370807,88afc650-6c15-11f1-9333-3b2cfe68422f,Kay Lou-Cust,16131/296,2610-I,16131,296,NOT FLIPPED,NOT FLIPPED,5997,MED,17,edge,5451,0,NOT FLIPPED,LOW,,ATTR-OK
79455216,96b0d940-65be-11f1-9333-3b2cfe68422f,Kay Lou-Cust,16131/296,701-T,16131,296,FLIPPED,FLIPPED,6000,MED,51,edge,0,5486,FLIPPED,LOW,,ATTR-OK
79464721,9ace29b0-65be-11f1-9333-3b2cfe68422f,Kay Lou-Cust,16131/296,705-T,16131,296,FLIPPED,FLIPPED,5997,MED,-101,edge,0,4179,FLIPPED,LOW,,ATTR-OK
75369379,9cbbfc60-6c13-11f1-9333-3b2cfe68422f,Kay Lou-Cust,16131/296,2520-I,16131,296,NOT FLIPPED,NOT FLIPPED,5999,MED,47,edge,5632,0,NOT FLIPPED,LOW,,ATTR-OK
75363125,b517a480-6c13-11f1-9333-3b2cfe68422f,Kay Lou-Cust,16131/296,2621-M,16131,296,NOT FLIPPED,NOT FLIPPED,5999,MED,47,edge,3257,1035,NOT FLIPPED,LOW,,ATTR-OK
75373447,bc4e42e0-6c13-11f1-9333-3b2cfe68422f,Kay Lou-Cust,16131/296,2615-I,16131,296,FLIPPED,FLIPPED,1378,MED,-196,edge,5,977,FLIPPED,LOW,,ATTR-OK
75368975,be86f4d0-6c13-11f1-9333-3b2cfe68422f,Kay Lou-Cust,16131/296,2607-M,16131,296,FLIPPED,FLIPPED,6000,MED,-555,edge,0,5398,FLIPPED,LOW,,ATTR-OK
79455372,cfba0850-6c13-11f1-9333-3b2cfe68422f,Kay Lou-Cust,16131/296,708-T,16131,296,NOT FLIPPED,NOT FLIPPED,6000,MED,63,edge,5595,0,NOT FLIPPED,LOW,,ATTR-OK
75362481,d7874bf0-6c14-11f1-9333-3b2cfe68422f,Kay Lou-Cust,16131/296,2608-M,16131,296,FLIPPED,FLIPPED,5999,MED,-67,edge,32,5641,FLIPPED,LOW,,ATTR-OK
79458038,dc179460-6c12-11f1-9333-3b2cfe68422f,Kay Lou-Cust,16131/296,703-R,16131,296,FLIPPED,FLIPPED,6000,MED,50,edge,0,5660,FLIPPED,LOW,,ATTR-OK
75360873,e27a6800-6c12-11f1-9333-3b2cfe68422f,Kay Lou-Cust,16131/296,2614-M,16131,296,NOT FLIPPED,NOT FLIPPED,6000,MED,-23,edge,5548,0,NOT FLIPPED,LOW,,ATTR-OK
75366300,e2c812d0-6c12-11f1-9333-3b2cfe68422f,Kay Lou-Cust,16131/296,2602-I,16131,296,UNKNOWN,,0,,,,0,0,,NO-DRAWS,,NO-DATA
79454268,e3c62c70-6c13-11f1-9333-3b2cfe68422f,Kay Lou-Cust,16131/296,2510-I,16131,296,FLIPPED,FLIPPED,6000,MED,-31,edge,0,5536,FLIPPED,LOW,,ATTR-OK
75374536,e7a04ed0-6c12-11f1-9333-3b2cfe68422f,Kay Lou-Cust,16131/296,2616-M,16131,296,FLIPPED,FLIPPED,6000,MED,3,edge,0,5528,FLIPPED,LOW,,ATTR-OK
79453450,e92af100-6c13-11f1-9333-3b2cfe68422f,Kay Lou-Cust,16131/296,2606-M,16131,296,NOT FLIPPED,NOT FLIPPED,165,MED,,,0,0,,AMBIGUOUS-ZERO,,AMBIGUOUS-ZERO
72390436,fcf2f260-8383-11f0-8b4a-0d0197d44616,Kay Lou-Cust,16131/296,704-K,16131,296,NOT FLIPPED,NOT FLIPPED,5999,MED,173,edge,5423,0,NOT FLIPPED,LOW,,ATTR-OK
65823893,144e7710-be5c-11ef-8f43-73c96c0de66f,Maple Run MHC-CUST,362/209,64,362,209,FLIPPED,,5999,MED,,,0,0,,AMBIGUOUS-ZERO,,AMBIGUOUS-ZERO
65822176,77d96420-c7ad-11ef-8f43-73c96c0de66f,Maple Run MHC-CUST,362/209,16,362,209,FLIPPED,,5999,MED,,,0,0,,AMBIGUOUS-ZERO,,AMBIGUOUS-ZERO
65829031,0314fb90-c7cb-11ef-8f43-73c96c0de66f,Maple Run MHC-CUST,362/209,82,362,209,NOT FLIPPED,,5999,MED,,,0,0,,AMBIGUOUS-ZERO,,AMBIGUOUS-ZERO
65824610,38334740-ea2c-11ef-b35e-23eef2ba43da,Maple Run MHC-CUST,362/209,38,362,209,FLIPPED,,5997,MED,,,0,0,,AMBIGUOUS-ZERO,,AMBIGUOUS-ZERO
65828835,81fd3940-fed5-11ef-8b47-3b1189d492f9,Maple Run MHC-CUST,362/209,61,362,209,NOT FLIPPED,,5997,MED,,,0,0,,AMBIGUOUS-ZERO,,AMBIGUOUS-ZERO
77055236,a9d04860-0ebe-11f0-8272-45e3ef110760,Maple Run MHC-CUST,362/209,3,362,209,NOT FLIPPED,,6000,MED,,,0,0,,AMBIGUOUS-ZERO,,AMBIGUOUS-ZERO
77060293,163a27a0-3ce6-11f0-8e55-b138a1c03c8e,Maple Run MHC-CUST,362/209,145,362,209,NOT FLIPPED,,6000,MED,,,0,0,,AMBIGUOUS-ZERO,,AMBIGUOUS-ZERO
65823851,56415930-3cf6-11f0-8e55-b138a1c03c8e,Maple Run MHC-CUST,362/209,80,362,209,FLIPPED,,6000,MED,,,0,0,,AMBIGUOUS-ZERO,,AMBIGUOUS-ZERO
70260201,b267f0b0-5c0a-11f0-9fcd-87e94e720126,Maple Run MHC-CUST,362/209,19,362,209,NOT FLIPPED,,5999,MED,,,0,0,,AMBIGUOUS-ZERO,,AMBIGUOUS-ZERO
70264344,cb761ff0-5c0a-11f0-9fcd-87e94e720126,Maple Run MHC-CUST,362/209,25,362,209,NOT FLIPPED,,5999,MED,,,0,0,,AMBIGUOUS-ZERO,,AMBIGUOUS-ZERO
70267008,03625e10-6133-11f0-9fcd-87e94e720126,Maple Run MHC-CUST,362/209,113,362,209,NOT FLIPPED,,5999,MED,,,0,0,,AMBIGUOUS-ZERO,,AMBIGUOUS-ZERO
70272057,08501de0-6133-11f0-9fcd-87e94e720126,Maple Run MHC-CUST,362/209,13,16022,260,NOT FLIPPED,NOT FLIPPED,5999,MED,70,edge,5484,17,NOT FLIPPED,LOW,,ATTR-OK
77061069,04e04b80-6133-11f0-9fcd-87e94e720126,Maple Run MHC-CUST,362/209,9,362,209,NOT FLIPPED,,5997,MED,,,0,0,,AMBIGUOUS-ZERO,,AMBIGUOUS-ZERO
70268337,11c67310-6133-11f0-9fcd-87e94e720126,Maple Run MHC-CUST,362/209,20,16131,296,NOT FLIPPED,NOT FLIPPED,6000,MED,-109,edge,5225,33,NOT FLIPPED,LOW,,ATTR-OK
70271422,0141d290-6134-11f0-9fcd-87e94e720126,Maple Run MHC-CUST,362/209,14,362,209,NOT FLIPPED,,6000,MED,,,0,0,,AMBIGUOUS-ZERO,,AMBIGUOUS-ZERO
70258577,01e7d690-6134-11f0-9fcd-87e94e720126,Maple Run MHC-CUST,362/209,111,362,209,NOT FLIPPED,,6000,MED,,,0,0,,AMBIGUOUS-ZERO,,AMBIGUOUS-ZERO
70267545,9df1d890-61db-11f0-8658-7f4e94e41769,Maple Run MHC-CUST,362/209,92,362,209,NOT FLIPPED,,6000,MED,,,0,0,,AMBIGUOUS-ZERO,,AMBIGUOUS-ZERO
77059915,cea83e70-61db-11f0-8658-7f4e94e41769,Maple Run MHC-CUST,362/209,83,362,209,NOT FLIPPED,,5998,MED,,,0,0,,AMBIGUOUS-ZERO,,AMBIGUOUS-ZERO
70269632,d2349980-61db-11f0-8658-7f4e94e41769,Maple Run MHC-CUST,362/209,136,362,209,FLIPPED,,5998,MED,,,0,0,,AMBIGUOUS-ZERO,,AMBIGUOUS-ZERO
70270796,d2a7cdb0-61db-11f0-8658-7f4e94e41769,Maple Run MHC-CUST,362/209,58,362,209,NOT FLIPPED,,5997,MED,,,0,0,,AMBIGUOUS-ZERO,,AMBIGUOUS-ZERO
70272040,21016010-6133-11f0-9fcd-87e94e720126,Maple Run MHC-CUST,362/209,117,362,209,NOT FLIPPED,,5999,MED,,,0,0,,AMBIGUOUS-ZERO,,AMBIGUOUS-ZERO
77059683,c0224990-61db-11f0-8658-7f4e94e41769,Maple Run MHC-CUST,362/209,129,362,209,FLIPPED,,6000,MED,,,0,0,,AMBIGUOUS-ZERO,,AMBIGUOUS-ZERO
70267263,c37e93f0-61db-11f0-8658-7f4e94e41769,Maple Run MHC-CUST,362/209,98,362,209,FLIPPED,FLIPPED,6000,MED,,,0,0,,AMBIGUOUS-ZERO,,AMBIGUOUS-ZERO
70265812,cdac2b30-61db-11f0-8658-7f4e94e41769,Maple Run MHC-CUST,362/209,97,362,209,NOT FLIPPED,,5999,MED,,,0,0,,AMBIGUOUS-ZERO,,AMBIGUOUS-ZERO
70267180,cde64e00-61db-11f0-8658-7f4e94e41769,Maple Run MHC-CUST,362/209,86,362,209,FLIPPED,,5997,MED,,,0,0,,AMBIGUOUS-ZERO,,AMBIGUOUS-ZERO
70267081,ce54a030-61db-11f0-8658-7f4e94e41769,Maple Run MHC-CUST,362/209,45,362,209,UNKNOWN,,547,MED,,,0,0,,AMBIGUOUS-ZERO,,AMBIGUOUS-ZERO
70258437,cc437370-61db-11f0-8658-7f4e94e41769,Maple Run MHC-CUST,362/209,131,362,209,NOT FLIPPED,NOT FLIPPED,6000,MED,,,0,0,,AMBIGUOUS-ZERO,,AMBIGUOUS-ZERO
70268402,d517e350-61db-11f0-8658-7f4e94e41769,Maple Run MHC-CUST,362/209,123,362,209,FLIPPED,,5957,MED,,,0,0,,AMBIGUOUS-ZERO,,AMBIGUOUS-ZERO
77059964,21f067d0-61df-11f0-8658-7f4e94e41769,Maple Run MHC-CUST,362/209,84,362,209,FLIPPED,,6000,MED,,,0,0,,AMBIGUOUS-ZERO,,AMBIGUOUS-ZERO
77059998,3419e940-61df-11f0-8658-7f4e94e41769,Maple Run MHC-CUST,362/209,138,362,209,FLIPPED,,6000,MED,,,0,0,,AMBIGUOUS-ZERO,,AMBIGUOUS-ZERO
70270424,c36b7750-626e-11f0-8658-7f4e94e41769,Maple Run MHC-CUST,362/209,43,362,209,FLIPPED,,6000,MED,,,0,0,,AMBIGUOUS-ZERO,,AMBIGUOUS-ZERO
70259492,c9adf1b0-626e-11f0-8658-7f4e94e41769,Maple Run MHC-CUST,362/209,36,362,209,FLIPPED,,5999,MED,,,0,0,,AMBIGUOUS-ZERO,,AMBIGUOUS-ZERO
70265028,21f60d20-61df-11f0-8658-7f4e94e41769,Maple Run MHC-CUST,362/209,76,16022,260,NOT FLIPPED,NOT FLIPPED,242,MED,656,edge,199,4,NOT FLIPPED,LOW,,ATTR-OK
70260961,23f893e0-61df-11f0-8658-7f4e94e41769,Maple Run MHC-CUST,362/209,141,362,209,NOT FLIPPED,,5999,MED,,,0,0,,AMBIGUOUS-ZERO,,AMBIGUOUS-ZERO
70260425,29207680-61df-11f0-8658-7f4e94e41769,Maple Run MHC-CUST,362/209,134,362,209,FLIPPED,,6000,MED,,,0,0,,AMBIGUOUS-ZERO,,AMBIGUOUS-ZERO
70260219,33c90a20-61df-11f0-8658-7f4e94e41769,Maple Run MHC-CUST,362/209,125,362,209,FLIPPED,,5999,MED,,,0,0,,AMBIGUOUS-ZERO,,AMBIGUOUS-ZERO
70270994,3a5c8ab0-61df-11f0-8658-7f4e94e41769,Maple Run MHC-CUST,362/209,126,362,209,FLIPPED,,5999,MED,-44,largest=edge,13,4415,FLIPPED,LOW,2,PIN
70269392,48243630-626f-11f0-8658-7f4e94e41769,Maple Run MHC-CUST,362/209,42,362,209,FLIPPED,,5999,MED,,,0,0,,AMBIGUOUS-ZERO,,AMBIGUOUS-ZERO
70258510,48a23fd0-626f-11f0-8658-7f4e94e41769,Maple Run MHC-CUST,362/209,50,362,209,FLIPPED,FLIPPED,5999,MED,,,0,0,,AMBIGUOUS-ZERO,,AMBIGUOUS-ZERO
70270663,50bd23b0-626f-11f0-8658-7f4e94e41769,Maple Run MHC-CUST,362/209,79,362,209,FLIPPED,,5995,MED,,,0,0,,AMBIGUOUS-ZERO,,AMBIGUOUS-ZERO
70259328,3a7b5ae0-626f-11f0-8658-7f4e94e41769,Maple Run MHC-CUST,362/209,101,362,209,NOT FLIPPED,,6000,MED,,,0,0,,AMBIGUOUS-ZERO,,AMBIGUOUS-ZERO
70258460,012c7cb0-626f-11f0-8658-7f4e94e41769,Maple Run MHC-CUST,362/209,72,362,209,UNKNOWN,,0,,,,0,0,,NO-DRAWS,,NO-DATA
70264807,04f0fec0-626f-11f0-8658-7f4e94e41769,Maple Run MHC-CUST,362/209,26,362,209,FLIPPED,,5999,MED,,,0,0,,AMBIGUOUS-ZERO,,AMBIGUOUS-ZERO
70267123,0c039a60-626f-11f0-8658-7f4e94e41769,Maple Run MHC-CUST,362/209,94,362,209,NOT FLIPPED,NOT FLIPPED,6000,MED,,,0,0,,AMBIGUOUS-ZERO,,AMBIGUOUS-ZERO
70269053,12507500-626f-11f0-8658-7f4e94e41769,Maple Run MHC-CUST,362/209,8,362,209,FLIPPED,,6000,MED,,,0,0,,AMBIGUOUS-ZERO,,AMBIGUOUS-ZERO
70260854,05a77d80-626f-11f0-8658-7f4e94e41769,Maple Run MHC-CUST,362/209,28,362,209,FLIPPED,,2455,MED,-23,largest=edge,44,1580,FLIPPED,LOW,2,PIN
70268394,141c3450-626f-11f0-8658-7f4e94e41769,Maple Run MHC-CUST,362/209,30,362,209,FLIPPED,,6000,MED,,,0,0,,AMBIGUOUS-ZERO,,AMBIGUOUS-ZERO
70271984,ca563440-629d-11f0-8658-7f4e94e41769,Maple Run MHC-CUST,362/209,22,362,209,FLIPPED,,106,MED,-1483,largest=edge,8,0,no draws,NO-DRAWS,,NO-DRAWS
77059147,117dbbb0-626f-11f0-8658-7f4e94e41769,Maple Run MHC-CUST,362/209,105,16131,296,NOT FLIPPED,NOT FLIPPED,5699,MED,-5,edge,2311,4,NOT FLIPPED,LOW,,ATTR-OK
70258452,2ba5e5a0-629f-11f0-8658-7f4e94e41769,Maple Run MHC-CUST,362/209,121,16022,260,FLIPPED,FLIPPED,0,,,,0,0,,NO-DRAWS,,ATTR-PRESENT
70264500,5b43ba20-62a0-11f0-8658-7f4e94e41769,Maple Run MHC-CUST,362/209,24,362,209,NOT FLIPPED,NOT FLIPPED,5999,MED,,,0,0,,AMBIGUOUS-ZERO,,AMBIGUOUS-ZERO
70271224,a0775570-62a0-11f0-8658-7f4e94e41769,Maple Run MHC-CUST,362/209,118,362,209,NOT FLIPPED,,5997,MED,,,0,0,,AMBIGUOUS-ZERO,,AMBIGUOUS-ZERO
70264591,a5ced390-62a0-11f0-8658-7f4e94e41769,Maple Run MHC-CUST,362/209,116,16022,260,FLIPPED,,0,,,,0,0,,NO-DRAWS,,REPORTED-ONLY
70270598,a630f0c0-62a0-11f0-8658-7f4e94e41769,Maple Run MHC-CUST,362/209,59,362,209,FLIPPED,,5998,MED,,,0,0,,AMBIGUOUS-ZERO,,AMBIGUOUS-ZERO
70273170,b1e35340-62a0-11f0-8658-7f4e94e41769,Maple Run MHC-CUST,362/209,106,362,209,NOT FLIPPED,,5997,MED,,,0,0,,AMBIGUOUS-ZERO,,AMBIGUOUS-ZERO
70264567,bd8f9b40-62a0-11f0-8658-7f4e94e41769,Maple Run MHC-CUST,362/209,103,16022,260,FLIPPED,FLIPPED,6000,MED,148,edge,0,5855,FLIPPED,LOW,,ATTR-OK
70264872,c5acc910-62a0-11f0-8658-7f4e94e41769,Maple Run MHC-CUST,362/209,48,362,209,FLIPPED,,6000,MED,,,0,0,,AMBIGUOUS-ZERO,,AMBIGUOUS-ZERO
70268568,9a7c2f60-62c3-11f0-8658-7f4e94e41769,Maple Run MHC-CUST,362/209,63,362,209,FLIPPED,,5015,MED,,,0,0,,AMBIGUOUS-ZERO,,AMBIGUOUS-ZERO
70273311,aa817140-62c3-11f0-8658-7f4e94e41769,Maple Run MHC-CUST,362/209,40,362,209,NOT FLIPPED,,6000,MED,,,0,0,,AMBIGUOUS-ZERO,,AMBIGUOUS-ZERO
70270507,b3ddfce0-62c3-11f0-8658-7f4e94e41769,Maple Run MHC-CUST,362/209,41,362,209,FLIPPED,,5999,MED,,,0,0,,AMBIGUOUS-ZERO,,AMBIGUOUS-ZERO
70266521,08723fb0-6674-11f0-8658-7f4e94e41769,Maple Run MHC-CUST,362/209,15,16022,260,FLIPPED,FLIPPED,6000,MED,-64,edge,82,5500,FLIPPED,LOW,,ATTR-OK
72390949,747caf20-aabb-11f0-98a7-c3bc57f9afe3,Maple Run MHC-CUST,362/209,119,362,209,UNKNOWN,,5998,MED,,,0,0,,AMBIGUOUS-ZERO,,AMBIGUOUS-ZERO
70272818,7c945eb0-aabb-11f0-98a7-c3bc57f9afe3,Maple Run MHC-CUST,362/209,140,362,209,NOT FLIPPED,,5998,MED,,,0,0,,AMBIGUOUS-ZERO,,AMBIGUOUS-ZERO
72383126,7f808220-aabb-11f0-98a7-c3bc57f9afe3,Maple Run MHC-CUST,362/209,12,362,209,FLIPPED,,5999,MED,,,0,0,,AMBIGUOUS-ZERO,,AMBIGUOUS-ZERO
72391327,804be870-aabb-11f0-98a7-c3bc57f9afe3,Maple Run MHC-CUST,362/209,128,362,209,NOT FLIPPED,,5999,MED,,,0,0,,AMBIGUOUS-ZERO,,AMBIGUOUS-ZERO
72382052,8cea3190-aabb-11f0-98a7-c3bc57f9afe3,Maple Run MHC-CUST,362/209,81,362,209,NOT FLIPPED,,5997,MED,,,0,0,,AMBIGUOUS-ZERO,,AMBIGUOUS-ZERO
72381153,97d48920-aabb-11f0-98a7-c3bc57f9afe3,Maple Run MHC-CUST,362/209,104,362,209,FLIPPED,,6000,MED,,,0,0,,AMBIGUOUS-ZERO,,AMBIGUOUS-ZERO
70270531,72c49ee0-aabb-11f0-98a7-c3bc57f9afe3,Maple Run MHC-CUST,362/209,49,362,209,NOT FLIPPED,,5998,MED,,,0,0,,AMBIGUOUS-ZERO,,AMBIGUOUS-ZERO
72391681,7e033980-ad43-11f0-98a7-c3bc57f9afe3,Maple Run MHC-CUST,362/209,143,362,209,UNKNOWN,,458,MED,-1432,largest=edge,190,2,NOT FLIPPED,LOW,,DRAWS-ONLY
72718002,cb293020-c6c0-11f0-9842-6d029661c338,Maple Run MHC-CUST,362/209,7,362,209,NOT FLIPPED,,6000,MED,,,0,0,,AMBIGUOUS-ZERO,,AMBIGUOUS-ZERO
72721329,07f83460-c6c1-11f0-9842-6d029661c338,Maple Run MHC-CUST,362/209,73,362,209,FLIPPED,,5995,MED,,,0,0,,AMBIGUOUS-ZERO,,AMBIGUOUS-ZERO
70271737,063a09a0-c6c1-11f0-9842-6d029661c338,Maple Run MHC-CUST,362/209,102,362,209,UNKNOWN,,0,,,,0,0,,NO-DRAWS,,NO-DATA
72722855,0b26df10-c6c1-11f0-9842-6d029661c338,Maple Run MHC-CUST,362/209,115,362,209,NOT FLIPPED,,5998,MED,,,0,0,,AMBIGUOUS-ZERO,,AMBIGUOUS-ZERO
72715214,0d380bd0-c6c1-11f0-9842-6d029661c338,Maple Run MHC-CUST,362/209,4,362,209,FLIPPED,,6000,MED,,,0,0,,AMBIGUOUS-ZERO,,AMBIGUOUS-ZERO
72722525,1c5f97e0-c6c1-11f0-9842-6d029661c338,Maple Run MHC-CUST,362/209,74,362,209,NOT FLIPPED,,286,MED,-15,largest=edge,182,0,NOT FLIPPED,LOW,1,PIN
72718267,2fff8cb0-c6c1-11f0-9842-6d029661c338,Maple Run MHC-CUST,362/209,17,362,209,NOT FLIPPED,,5998,MED,,,0,0,,AMBIGUOUS-ZERO,,AMBIGUOUS-ZERO
72716097,c087ef80-c6c0-11f0-9842-6d029661c338,Maple Run MHC-CUST,362/209,71,362,209,NOT FLIPPED,,5999,MED,,,0,0,,AMBIGUOUS-ZERO,,AMBIGUOUS-ZERO
65826359,218d3fa0-01ec-11f0-92a4-09772dfb61f8,Maple Run MHC-CUST,362/209,68,362,209,NOT FLIPPED,,6000,MED,,,0,0,,AMBIGUOUS-ZERO,,AMBIGUOUS-ZERO
70264609,a3baebd0-5c0a-11f0-9fcd-87e94e720126,Maple Run MHC-CUST,362/209,5,362,209,FLIPPED,,5999,MED,,,0,0,,AMBIGUOUS-ZERO,,AMBIGUOUS-ZERO
70270549,b5347e30-5c0a-11f0-9fcd-87e94e720126,Maple Run MHC-CUST,362/209,10,362,209,NOT FLIPPED,,5999,MED,,,0,0,,AMBIGUOUS-ZERO,,AMBIGUOUS-ZERO
70261399,146e6190-6133-11f0-9fcd-87e94e720126,Maple Run MHC-CUST,362/209,1,362,209,FLIPPED,FLIPPED,6000,MED,,,0,0,,AMBIGUOUS-ZERO,,AMBIGUOUS-ZERO
70270028,d37074e0-61db-11f0-8658-7f4e94e41769,Maple Run MHC-CUST,362/209,91,362,209,NOT FLIPPED,,6000,HIGH,,,0,0,,AMBIGUOUS-ZERO,,AMBIGUOUS-ZERO
70267099,02d391a0-629e-11f0-8658-7f4e94e41769,Maple Run MHC-CUST,362/209,65,362,209,NOT FLIPPED,,6000,MED,,,0,0,,AMBIGUOUS-ZERO,,AMBIGUOUS-ZERO
70267305,95ae4180-62a0-11f0-8658-7f4e94e41769,Maple Run MHC-CUST,362/209,62,362,209,NOT FLIPPED,,6000,MED,1129,largest=edge,589,42,NOT FLIPPED,LOW,1,PIN
70267297,1869f3b0-62a8-11f0-8658-7f4e94e41769,Maple Run MHC-CUST,362/209,55,362,209,FLIPPED,,4032,MED,,,0,0,,AMBIGUOUS-ZERO,,AMBIGUOUS-ZERO
77059659,437a8e30-62c5-11f0-8658-7f4e94e41769,Maple Run MHC-CUST,362/209,130,362,209,NOT FLIPPED,,6000,MED,,,0,0,,AMBIGUOUS-ZERO,,AMBIGUOUS-ZERO
70268071,d4479b00-61db-11f0-8658-7f4e94e41769,Maple Run MHC-CUST,362/209,124,362,209,NOT FLIPPED,,5999,MED,,,0,0,,AMBIGUOUS-ZERO,,AMBIGUOUS-ZERO
70264575,88514e60-62c3-11f0-8658-7f4e94e41769,Maple Run MHC-CUST,362/209,39,362,209,FLIPPED,,5999,MED,,,0,0,,AMBIGUOUS-ZERO,,AMBIGUOUS-ZERO
77052233,d47f77f0-34f9-11f0-8e55-b138a1c03c8e,Maple Run MHC-CUST,362/209,137,16131,296,FLIPPED,,5998,MED,165,edge,21,5570,FLIPPED,LOW,2,PIN
65827423,46084ba0-01e6-11f0-92a4-09772dfb61f8,Maple Run MHC-CUST,362/209,144,362,209,NOT FLIPPED,,5998,MED,,,0,0,,AMBIGUOUS-ZERO,,AMBIGUOUS-ZERO
77041822,bfd14670-3504-11f0-8e55-b138a1c03c8e,Maple Run MHC-CUST,362/209,70,16022,260,NOT FLIPPED,NOT FLIPPED,6000,MED,296,edge,5225,122,NOT FLIPPED,LOW,,ATTR-OK
77055061,66a7c740-3d8d-11f0-8e55-b138a1c03c8e,Maple Run MHC-CUST,362/209,27,362,209,NOT FLIPPED,,5998,MED,,,0,0,,AMBIGUOUS-ZERO,,AMBIGUOUS-ZERO
72722277,c38d3ce0-c426-11f0-9842-6d029661c338,Maple Run MHC-CUST,362/209,109,362,209,FLIPPED,FLIPPED,5998,MED,,,0,0,,AMBIGUOUS-ZERO,,AMBIGUOUS-ZERO
77061630,79453360-25d7-11f0-8272-45e3ef110760,Maple Run MHC-CUST,362/209,142,362,209,NOT FLIPPED,,5999,MED,,,0,0,,AMBIGUOUS-ZERO,,AMBIGUOUS-ZERO
65823422,a49a07b0-be4a-11ef-8f43-73c96c0de66f,Maple Run MHC-CUST,362/209,133,362,209,FLIPPED,,3202,MED,,,0,0,,AMBIGUOUS-ZERO,,AMBIGUOUS-ZERO
65830534,2fe4a930-ea2c-11ef-b35e-23eef2ba43da,Maple Run MHC-CUST,362/209,139,362,209,FLIPPED,,5998,MED,,,0,0,,AMBIGUOUS-ZERO,,AMBIGUOUS-ZERO
70270861,d5688630-629d-11f0-8658-7f4e94e41769,Maple Run MHC-CUST,362/209,77,362,209,NOT FLIPPED,,6000,MED,,,0,0,,AMBIGUOUS-ZERO,,AMBIGUOUS-ZERO
70271075,d598e500-629d-11f0-8658-7f4e94e41769,Maple Run MHC-CUST,362/209,78,362,209,NOT FLIPPED,,5998,MED,,,0,0,,AMBIGUOUS-ZERO,,AMBIGUOUS-ZERO
70270473,d5b34370-62a0-11f0-8658-7f4e94e41769,Maple Run MHC-CUST,362/209,107,362,209,FLIPPED,,431,MED,,,0,0,,AMBIGUOUS-ZERO,,AMBIGUOUS-ZERO
70267818,d5bbe4e0-6272-11f0-8658-7f4e94e41769,Maple Run MHC-CUST,362/209,69,362,209,FLIPPED,,5999,MED,,,0,0,,AMBIGUOUS-ZERO,,AMBIGUOUS-ZERO
72386681,d7443e00-aabd-11f0-98a7-c3bc57f9afe3,Maple Run MHC-CUST,362/209,75,362,209,FLIPPED,FLIPPED,4028,MED,,,0,0,,AMBIGUOUS-ZERO,,AMBIGUOUS-ZERO
70273469,d7b687d0-aabd-11f0-98a7-c3bc57f9afe3,Maple Run MHC-CUST,362/209,21,362,209,NOT FLIPPED,NOT FLIPPED,5999,MED,,,0,0,,AMBIGUOUS-ZERO,,AMBIGUOUS-ZERO
70260151,d8999000-61db-11f0-8658-7f4e94e41769,Maple Run MHC-CUST,362/209,89,362,209,NOT FLIPPED,,5997,MED,,,0,0,,AMBIGUOUS-ZERO,,AMBIGUOUS-ZERO
72391137,d923d370-aabd-11f0-98a7-c3bc57f9afe3,Maple Run MHC-CUST,362/209,51,362,209,FLIPPED,FLIPPED,6000,MED,,,0,0,,AMBIGUOUS-ZERO,,AMBIGUOUS-ZERO
77059832,d9db10b0-61db-11f0-8658-7f4e94e41769,Maple Run MHC-CUST,362/209,85,362,209,FLIPPED,,5996,MED,,,0,0,,AMBIGUOUS-ZERO,,AMBIGUOUS-ZERO
70259781,da12ad50-629d-11f0-8658-7f4e94e41769,Maple Run MHC-CUST,362/209,122,362,209,NOT FLIPPED,,6000,MED,,,0,0,,AMBIGUOUS-ZERO,,AMBIGUOUS-ZERO
72722640,dceceae0-c6c0-11f0-9842-6d029661c338,Maple Run MHC-CUST,362/209,2,362,265,UNKNOWN,NOT FLIPPED,0,,,,0,0,,NO-DRAWS,,ATTR-PRESENT
70265309,dd83a650-61db-11f0-8658-7f4e94e41769,Maple Run MHC-CUST,362/209,99,16022,260,NOT FLIPPED,,5999,MED,145,edge,5244,69,NOT FLIPPED,LOW,1,PIN
70267321,ded309b0-61db-11f0-8658-7f4e94e41769,Maple Run MHC-CUST,362/209,44,362,209,NOT FLIPPED,,364,MED,,,0,0,,AMBIGUOUS-ZERO,,AMBIGUOUS-ZERO
70267032,dfab5320-629d-11f0-8658-7f4e94e41769,Maple Run MHC-CUST,362/209,127,362,209,NOT FLIPPED,,5518,MED,,,0,0,,AMBIGUOUS-ZERO,,AMBIGUOUS-ZERO
70270630,dfbe2d00-61db-11f0-8658-7f4e94e41769,Maple Run MHC-CUST,362/209,135,362,209,NOT FLIPPED,,6000,MED,,,0,0,,AMBIGUOUS-ZERO,,AMBIGUOUS-ZERO
70270135,e0105680-629d-11f0-8658-7f4e94e41769,Maple Run MHC-CUST,362/209,35,362,209,NOT FLIPPED,,5999,MED,,,0,0,,AMBIGUOUS-ZERO,,AMBIGUOUS-ZERO
70261597,e03d0bd0-629d-11f0-8658-7f4e94e41769,Maple Run MHC-CUST,362/209,66,362,209,NOT FLIPPED,,6000,MED,,,0,0,,AMBIGUOUS-ZERO,,AMBIGUOUS-ZERO
70264526,e0e9c690-629d-11f0-8658-7f4e94e41769,Maple Run MHC-CUST,362/209,29,16131,296,FLIPPED,,5999,MED,-39,edge,71,5684,FLIPPED,LOW,2,PIN
77028563,e189d720-629d-11f0-8658-7f4e94e41769,Maple Run MHC-CUST,362/209,54,362,209,NOT FLIPPED,NOT FLIPPED,5999,MED,,,0,0,,AMBIGUOUS-ZERO,,AMBIGUOUS-ZERO
70264716,e2756fa0-629d-11f0-8658-7f4e94e41769,Maple Run MHC-CUST,362/209,33,362,209,NOT FLIPPED,,5999,MED,,,0,0,,AMBIGUOUS-ZERO,,AMBIGUOUS-ZERO
70263213,e2f85b40-629d-11f0-8658-7f4e94e41769,Maple Run MHC-CUST,362/209,56,362,209,NOT FLIPPED,NOT FLIPPED,6000,MED,,,0,0,,AMBIGUOUS-ZERO,,AMBIGUOUS-ZERO
70261696,e4de3da0-626e-11f0-8658-7f4e94e41769,Maple Run MHC-CUST,362/209,53,362,209,NOT FLIPPED,,5998,MED,,,0,0,,AMBIGUOUS-ZERO,,AMBIGUOUS-ZERO
70271091,e7998d10-626e-11f0-8658-7f4e94e41769,Maple Run MHC-CUST,362/209,23,362,209,UNKNOWN,,0,,,,0,0,,NO-DRAWS,,NO-DATA
72716386,e8414ee0-c6c0-11f0-9842-6d029661c338,Maple Run MHC-CUST,362/209,114,362,209,FLIPPED,,5417,MED,,,0,0,,AMBIGUOUS-ZERO,,AMBIGUOUS-ZERO
70272081,eb4e7ec0-626e-11f0-8658-7f4e94e41769,Maple Run MHC-CUST,362/209,46,362,209,NOT FLIPPED,,5999,MED,,,0,0,,AMBIGUOUS-ZERO,,AMBIGUOUS-ZERO
70271059,ebcbe0c0-629d-11f0-8658-7f4e94e41769,Maple Run MHC-CUST,362/209,67,362,209,FLIPPED,,5999,MED,,,0,0,,AMBIGUOUS-ZERO,,AMBIGUOUS-ZERO
70264757,ebfcdf30-62c6-11f0-8658-7f4e94e41769,Maple Run MHC-CUST,362/209,34,362,209,NOT FLIPPED,,5999,MED,,,0,0,,AMBIGUOUS-ZERO,,AMBIGUOUS-ZERO
70258833,ef681a50-629d-11f0-8658-7f4e94e41769,Maple Run MHC-CUST,362/209,60,362,209,NOT FLIPPED,,5998,MED,,,0,0,,AMBIGUOUS-ZERO,,AMBIGUOUS-ZERO
77058693,f1c7f170-61db-11f0-8658-7f4e94e41769,Maple Run MHC-CUST,362/209,90,362,209,NOT FLIPPED,,5810,MED,,,0,0,,AMBIGUOUS-ZERO,,AMBIGUOUS-ZERO
70268261,f23acdb0-626e-11f0-8658-7f4e94e41769,Maple Run MHC-CUST,362/209,93,362,209,FLIPPED,,5999,MED,,,0,0,,AMBIGUOUS-ZERO,,AMBIGUOUS-ZERO
70266950,f34c6e90-61db-11f0-8658-7f4e94e41769,Maple Run MHC-CUST,362/209,87,362,209,FLIPPED,,5997,MED,,,0,0,,AMBIGUOUS-ZERO,,AMBIGUOUS-ZERO
72721881,f398e730-c6c0-11f0-9842-6d029661c338,Maple Run MHC-CUST,362/209,132,362,209,NOT FLIPPED,,4706,MED,,,0,0,,AMBIGUOUS-ZERO,,AMBIGUOUS-ZERO
70264781,f4041c00-626e-11f0-8658-7f4e94e41769,Maple Run MHC-CUST,362/209,96,362,209,NOT FLIPPED,NOT FLIPPED,5998,MED,,,0,0,,AMBIGUOUS-ZERO,,AMBIGUOUS-ZERO
70260755,f50426e0-626e-11f0-8658-7f4e94e41769,Maple Run MHC-CUST,362/209,32,362,209,FLIPPED,,5997,MED,,,0,0,,AMBIGUOUS-ZERO,,AMBIGUOUS-ZERO
72714878,f797da30-c6c0-11f0-9842-6d029661c338,Maple Run MHC-CUST,362/209,88,362,209,NOT FLIPPED,,6000,MED,,,0,0,,AMBIGUOUS-ZERO,,AMBIGUOUS-ZERO
72716303,f7f00c50-c6c0-11f0-9842-6d029661c338,Maple Run MHC-CUST,362/209,31,362,209,FLIPPED,,5999,MED,,,0,0,,AMBIGUOUS-ZERO,,AMBIGUOUS-ZERO
70271125,f92017c0-626e-11f0-8658-7f4e94e41769,Maple Run MHC-CUST,362/209,37,362,209,NOT FLIPPED,,5999,MED,,,0,0,,AMBIGUOUS-ZERO,,AMBIGUOUS-ZERO
70265465,fa26d280-6133-11f0-9fcd-87e94e720126,Maple Run MHC-CUST,362/209,57,362,209,NOT FLIPPED,,6000,MED,,,0,0,,AMBIGUOUS-ZERO,,AMBIGUOUS-ZERO
70259716,fa75dce0-6133-11f0-9fcd-87e94e720126,Maple Run MHC-CUST,362/209,112,362,209,NOT FLIPPED,,5999,MED,,,0,0,,AMBIGUOUS-ZERO,,AMBIGUOUS-ZERO
77059824,fb1dc650-61db-11f0-8658-7f4e94e41769,Maple Run MHC-CUST,362/209,95,362,209,NOT FLIPPED,,5998,MED,,,0,0,,AMBIGUOUS-ZERO,,AMBIGUOUS-ZERO
70270838,fef830b0-6133-11f0-9fcd-87e94e720126,Maple Run MHC-CUST,362/209,100,362,209,NOT FLIPPED,,5997,MED,,,0,0,,AMBIGUOUS-ZERO,,AMBIGUOUS-ZERO
70266943,ff476220-6133-11f0-9fcd-87e94e720126,Maple Run MHC-CUST,362/209,47,362,209,NOT FLIPPED,NOT FLIPPED,912,MED,,,0,0,,AMBIGUOUS-ZERO,,AMBIGUOUS-ZERO
70273527,ff9c11d0-6133-11f0-9fcd-87e94e720126,Maple Run MHC-CUST,362/209,6,362,209,NOT FLIPPED,,6000,MED,,,0,0,,AMBIGUOUS-ZERO,,AMBIGUOUS-ZERO
65823067,7c2342d0-c7ad-11ef-8f43-73c96c0de66f,Eastwood Hills MHC-CUST,362/209,EH69,362,209,FLIPPED,,5999,MED,,,0,0,,AMBIGUOUS-ZERO,,AMBIGUOUS-ZERO
65823729,2b891290-c943-11ef-8f43-73c96c0de66f,Eastwood Hills MHC-CUST,362/209,EH76,362,209,NOT FLIPPED,,5999,MED,,,0,0,,AMBIGUOUS-ZERO,,AMBIGUOUS-ZERO
65828934,0ddc06d0-c943-11ef-8f43-73c96c0de66f,Eastwood Hills MHC-CUST,362/209,EH96,362,209,FLIPPED,,5999,MED,,,0,0,,AMBIGUOUS-ZERO,,AMBIGUOUS-ZERO
65830781,66770fc0-e5a8-11ef-a76f-4d93d4a482f0,Eastwood Hills MHC-CUST,362/209,EH19,16185,314,FLIPPED,,55,,,,0,0,,NO-DRAWS,,NO-DRAWS
65824636,5ce3ae60-0280-11f0-92a4-09772dfb61f8,Eastwood Hills MHC-CUST,362/209,EH101,362,209,FLIPPED,,5999,MED,,,0,0,,AMBIGUOUS-ZERO,,AMBIGUOUS-ZERO
65822390,4042b190-c93f-11ef-8f43-73c96c0de66f,Eastwood Hills MHC-CUST,362/209,TR319,16185,314,FLIPPED,,5999,MED,65,edge,22,4343,FLIPPED,LOW,2,PIN
70271620,14232f90-c4cf-11f0-9842-6d029661c338,Eastwood Hills MHC-CUST,362/209,TR323,16131,296,FLIPPED,FLIPPED,0,,,,0,0,,NO-DRAWS,,ATTR-PRESENT
77029363,53288bd0-26ce-11f0-8272-45e3ef110760,Eastwood Hills MHC-CUST,362/209,EH74,362,209,FLIPPED,,6000,MED,,,0,0,,AMBIGUOUS-ZERO,,AMBIGUOUS-ZERO
77056036,47295d80-3cf6-11f0-8e55-b138a1c03c8e,Eastwood Hills MHC-CUST,362/209,TR303,362,209,FLIPPED,,6000,MED,,,0,0,,AMBIGUOUS-ZERO,,AMBIGUOUS-ZERO
77028902,821e2e00-3dbb-11f0-8e55-b138a1c03c8e,Eastwood Hills MHC-CUST,362/209,TR307,16185,314,FLIPPED,FLIPPED,5998,MED,-8,edge,14,4711,FLIPPED,LOW,,ATTR-OK
77056853,35e74b40-3db9-11f0-8e55-b138a1c03c8e,Eastwood Hills MHC-CUST,362/209,EH97,362,209,FLIPPED,,6000,MED,,,0,0,,AMBIGUOUS-ZERO,,AMBIGUOUS-ZERO
70267552,144c3390-6133-11f0-9fcd-87e94e720126,Eastwood Hills MHC-CUST,362/209,EH103,362,209,FLIPPED,,6000,MED,,,0,0,,AMBIGUOUS-ZERO,,AMBIGUOUS-ZERO
72722327,42ea78b0-c88a-11f0-9842-6d029661c338,Eastwood Hills MHC-CUST,362/209,TR313,16185,314,FLIPPED,FLIPPED,579,MED,412,edge,0,85,FLIPPED,LOW,,ATTR-OK
75373140,82f67f10-012b-11f1-8726-d3fa6d0d96af,Eastwood Hills MHC-CUST,362/209,EH214,362,209,NOT FLIPPED,,5998,MED,,,0,0,,AMBIGUOUS-ZERO,,AMBIGUOUS-ZERO
75366151,83146750-012b-11f1-8726-d3fa6d0d96af,Eastwood Hills MHC-CUST,362/209,EH28,362,209,NOT FLIPPED,,5997,MED,,,0,0,,AMBIGUOUS-ZERO,,AMBIGUOUS-ZERO
72723812,2c26dfd0-012c-11f1-8726-d3fa6d0d96af,Eastwood Hills MHC-CUST,362/209,EH12,362,209,NOT FLIPPED,,6000,MED,,,0,0,,AMBIGUOUS-ZERO,,AMBIGUOUS-ZERO
72717681,820a0d20-c42b-11f0-9842-6d029661c338,Eastwood Hills MHC-CUST,362/209,EH32,16185,314,UNKNOWN,,0,,,,0,0,,NO-DRAWS,,NO-DATA
72715115,92237340-c42b-11f0-9842-6d029661c338,Eastwood Hills MHC-CUST,362/209,EH241,16185,314,NOT FLIPPED,NOT FLIPPED,6000,MED,35,edge,5157,129,NOT FLIPPED,LOW,,ATTR-OK
72717541,49799f20-c43a-11f0-9842-6d029661c338,Eastwood Hills MHC-CUST,362/209,EH49,362,209,FLIPPED,,728,MED,-349,largest=edge,0,528,FLIPPED,LOW,2,PIN
72716949,3f039190-c458-11f0-9842-6d029661c338,Eastwood Hills MHC-CUST,362/209,EH68,362,209,FLIPPED,,6000,MED,,,0,0,,AMBIGUOUS-ZERO,,AMBIGUOUS-ZERO
72718283,428b31b0-c458-11f0-9842-6d029661c338,Eastwood Hills MHC-CUST,362/209,EH2,362,209,FLIPPED,,5999,MED,,,0,0,,AMBIGUOUS-ZERO,,AMBIGUOUS-ZERO
70272479,474425e0-c458-11f0-9842-6d029661c338,Eastwood Hills MHC-CUST,362/209,EH7,16185,314,FLIPPED,,5998,MED,52,edge,62,4917,FLIPPED,LOW,2,PIN
72713904,5aa08200-c458-11f0-9842-6d029661c338,Eastwood Hills MHC-CUST,362/209,EH89,362,209,NOT FLIPPED,,5992,MED,,,0,0,,AMBIGUOUS-ZERO,,AMBIGUOUS-ZERO
72718796,439045a0-c458-11f0-9842-6d029661c338,Eastwood Hills MHC-CUST,362/209,EH90,16022,260,FLIPPED,,5999,MED,-106,edge,0,3937,FLIPPED,LOW,2,PIN
72717269,5fb9bea0-c458-11f0-9842-6d029661c338,Eastwood Hills MHC-CUST,362/209,EH87,16185,314,NOT FLIPPED,,5998,MED,,,0,0,,AMBIGUOUS-ZERO,,AMBIGUOUS-ZERO
72715081,130598c0-c45a-11f0-9842-6d029661c338,Eastwood Hills MHC-CUST,362/209,EH42,362,209,FLIPPED,,6000,MED,,,0,0,,AMBIGUOUS-ZERO,,AMBIGUOUS-ZERO
72722822,683a4220-c458-11f0-9842-6d029661c338,Eastwood Hills MHC-CUST,362/209,EH91,16185,314,NOT FLIPPED,,5999,MED,10,edge,5237,55,NOT FLIPPED,LOW,1,PIN
72722756,847c7340-c458-11f0-9842-6d029661c338,Eastwood Hills MHC-CUST,362/209,EH18,16185,314,NOT FLIPPED,NOT FLIPPED,6000,MED,-2188,edge,5781,0,NOT FLIPPED,LOW,,ATTR-OK
72715982,8e524d90-c458-11f0-9842-6d029661c338,Eastwood Hills MHC-CUST,362/209,EH93,362,209,FLIPPED,,6000,MED,,,0,0,,AMBIGUOUS-ZERO,,AMBIGUOUS-ZERO
72723218,70759460-c45a-11f0-9842-6d029661c338,Eastwood Hills MHC-CUST,362/209,EH4,362,209,NOT FLIPPED,,5996,MED,95,largest=edge,3983,240,NOT FLIPPED,LOW,1,PIN
72716535,286a59f0-c458-11f0-9842-6d029661c338,Eastwood Hills MHC-CUST,362/209,EH8,16131,296,FLIPPED,FLIPPED,5656,MED,-140,edge,0,5439,FLIPPED,LOW,,ATTR-OK
72716527,42bbdea0-c458-11f0-9842-6d029661c338,Eastwood Hills MHC-CUST,362/209,EH40,362,209,FLIPPED,,6000,MED,,,0,0,,AMBIGUOUS-ZERO,,AMBIGUOUS-ZERO
72718853,8cc963a0-c458-11f0-9842-6d029661c338,Eastwood Hills MHC-CUST,362/209,EH61,16131,296,FLIPPED,FLIPPED,5999,MED,,,0,0,,AMBIGUOUS-ZERO,,AMBIGUOUS-ZERO
72720024,2c7c38b0-c458-11f0-9842-6d029661c338,Eastwood Hills MHC-CUST,362/209,EH14,362,209,NOT FLIPPED,,5999,MED,,,0,0,,AMBIGUOUS-ZERO,,AMBIGUOUS-ZERO
72717509,30382f40-c458-11f0-9842-6d029661c338,Eastwood Hills MHC-CUST,362/209,EH25,362,209,FLIPPED,,6000,MED,,,0,0,,AMBIGUOUS-ZERO,,AMBIGUOUS-ZERO
72723119,39bbcae0-c458-11f0-9842-6d029661c338,Eastwood Hills MHC-CUST,362/209,EH21,362,209,NOT FLIPPED,,5999,MED,,,0,0,,AMBIGUOUS-ZERO,,AMBIGUOUS-ZERO
72720826,1c4602b0-c4cf-11f0-9842-6d029661c338,Eastwood Hills MHC-CUST,362/209,EH20,362,209,NOT FLIPPED,,5999,MED,,,0,0,,AMBIGUOUS-ZERO,,AMBIGUOUS-ZERO
72714340,1c57b5f0-c4cf-11f0-9842-6d029661c338,Eastwood Hills MHC-CUST,362/209,TR326,362,209,FLIPPED,,879,MED,,,0,0,,AMBIGUOUS-ZERO,,AMBIGUOUS-ZERO
72715701,27353c40-c4cf-11f0-9842-6d029661c338,Eastwood Hills MHC-CUST,362/209,TR338,16022,260,NOT FLIPPED,,5999,MED,-4,edge,5799,10,NOT FLIPPED,LOW,1,PIN
72721261,3553e3d0-c4cf-11f0-9842-6d029661c338,Eastwood Hills MHC-CUST,362/209,EH55,362,209,NOT FLIPPED,,5998,MED,,,0,0,,AMBIGUOUS-ZERO,,AMBIGUOUS-ZERO
72721618,3ef1be30-c4cf-11f0-9842-6d029661c338,Eastwood Hills MHC-CUST,362/209,EH95,362,209,FLIPPED,,5997,MED,,,0,0,,AMBIGUOUS-ZERO,,AMBIGUOUS-ZERO
72721220,474df0d0-c4cf-11f0-9842-6d029661c338,Eastwood Hills MHC-CUST,362/209,EH47,362,209,NOT FLIPPED,,6000,MED,,,0,0,,AMBIGUOUS-ZERO,,AMBIGUOUS-ZERO
72722244,4f914440-c4cf-11f0-9842-6d029661c338,Eastwood Hills MHC-CUST,362/209,EH85,362,209,NOT FLIPPED,,5998,MED,,,0,0,,AMBIGUOUS-ZERO,,AMBIGUOUS-ZERO
72723291,62e64d60-c4cf-11f0-9842-6d029661c338,Eastwood Hills MHC-CUST,362/209,EH57,362,209,FLIPPED,,6000,MED,,,0,0,,AMBIGUOUS-ZERO,,AMBIGUOUS-ZERO
72716618,707b5290-c4cf-11f0-9842-6d029661c338,Eastwood Hills MHC-CUST,362/209,EH94,362,209,NOT FLIPPED,,5996,MED,,,0,0,,AMBIGUOUS-ZERO,,AMBIGUOUS-ZERO
72721840,26994a60-c4cf-11f0-9842-6d029661c338,Eastwood Hills MHC-CUST,362/209,EH44,16185,314,FLIPPED,,18,,,,0,0,,NO-DRAWS,,REPORTED-ONLY
72720495,28abfdc0-c4cf-11f0-9842-6d029661c338,Eastwood Hills MHC-CUST,362/209,TR320,362,209,FLIPPED,,6000,MED,,,0,0,,AMBIGUOUS-ZERO,,AMBIGUOUS-ZERO
72724315,54f370c0-c4cf-11f0-9842-6d029661c338,Eastwood Hills MHC-CUST,362/209,EH63,362,209,NOT FLIPPED,,5999,MED,,,0,0,,AMBIGUOUS-ZERO,,AMBIGUOUS-ZERO
72720354,46b61da0-c4cf-11f0-9842-6d029661c338,Eastwood Hills MHC-CUST,362/209,EH59,362,209,FLIPPED,,5998,MED,,,0,0,,AMBIGUOUS-ZERO,,AMBIGUOUS-ZERO
72722319,796f7f70-c4cf-11f0-9842-6d029661c338,Eastwood Hills MHC-CUST,362/209,TR328,362,209,NOT FLIPPED,,6000,MED,,,0,0,,AMBIGUOUS-ZERO,,AMBIGUOUS-ZERO
72716873,8b6aec00-c4cf-11f0-9842-6d029661c338,Eastwood Hills MHC-CUST,362/209,EH13,362,209,NOT FLIPPED,,604,MED,,,0,0,,AMBIGUOUS-ZERO,,AMBIGUOUS-ZERO
72717004,43852f90-c4fc-11f0-9842-6d029661c338,Eastwood Hills MHC-CUST,362/209,EH53,16185,314,FLIPPED,,0,,,,0,0,,NO-DRAWS,,REPORTED-ONLY
72717673,49ee6bd0-c4fc-11f0-9842-6d029661c338,Eastwood Hills MHC-CUST,362/209,TR333,362,209,NOT FLIPPED,,5997,MED,,,0,0,,AMBIGUOUS-ZERO,,AMBIGUOUS-ZERO
72719786,4a0946d0-c4fc-11f0-9842-6d029661c338,Eastwood Hills MHC-CUST,362/209,EH56,362,209,NOT FLIPPED,,6000,MED,,,0,0,,AMBIGUOUS-ZERO,,AMBIGUOUS-ZERO
72716436,5880e3d0-c4fc-11f0-9842-6d029661c338,Eastwood Hills MHC-CUST,362/209,EH58,16185,314,NOT FLIPPED,NOT FLIPPED,5999,MED,31,edge,5521,0,NOT FLIPPED,LOW,,ATTR-OK
72716725,73e36350-c4fc-11f0-9842-6d029661c338,Eastwood Hills MHC-CUST,362/209,TR329,362,209,NOT FLIPPED,,6000,MED,,,0,0,,AMBIGUOUS-ZERO,,AMBIGUOUS-ZERO
72718440,79925040-c4fc-11f0-9842-6d029661c338,Eastwood Hills MHC-CUST,362/209,EH54,16185,314,FLIPPED,FLIPPED,454,MED,36,edge,0,392,FLIPPED,LOW,,ATTR-OK
70271893,537d7920-c4fc-11f0-9842-6d029661c338,Eastwood Hills MHC-CUST,362/209,TR331,362,209,FLIPPED,,6000,MED,,,0,0,,AMBIGUOUS-ZERO,,AMBIGUOUS-ZERO
72717038,21bf7310-c6c4-11f0-9842-6d029661c338,Eastwood Hills MHC-CUST,362/209,EH11,16185,314,FLIPPED,FLIPPED,6000,MED,-124,edge,13,5706,FLIPPED,LOW,,ATTR-OK
70271018,33400a50-c6c4-11f0-9842-6d029661c338,Eastwood Hills MHC-CUST,362/209,EH30,362,209,FLIPPED,,5999,MED,,,0,0,,AMBIGUOUS-ZERO,,AMBIGUOUS-ZERO
72721634,09c6c090-c6c6-11f0-9842-6d029661c338,Eastwood Hills MHC-CUST,362/209,EH39,362,209,FLIPPED,,6000,MED,,,0,0,,AMBIGUOUS-ZERO,,AMBIGUOUS-ZERO
72723127,46164680-c6c4-11f0-9842-6d029661c338,Eastwood Hills MHC-CUST,362/209,EH227B,16022,260,NOT FLIPPED,NOT FLIPPED,5999,MED,-52,edge,5111,35,NOT FLIPPED,LOW,,ATTR-OK
72721303,0da75620-c6c6-11f0-9842-6d029661c338,Eastwood Hills MHC-CUST,362/209,EH24,362,209,FLIPPED,,5996,MED,,,0,0,,AMBIGUOUS-ZERO,,AMBIGUOUS-ZERO
70271950,3277c660-c6c6-11f0-9842-6d029661c338,Eastwood Hills MHC-CUST,362/209,EH41,362,0,FLIPPED,,0,,,,0,0,,NO-DRAWS,,REPORTED-ONLY
72724224,01288dd0-c6c4-11f0-9842-6d029661c338,Eastwood Hills MHC-CUST,362/209,EH31,362,209,FLIPPED,,5999,MED,,,0,0,,AMBIGUOUS-ZERO,,AMBIGUOUS-ZERO
72719083,3c7b7a10-c81c-11f0-9842-6d029661c338,Eastwood Hills MHC-CUST,362/209,EH26,362,209,FLIPPED,,5998,MED,,,0,0,,AMBIGUOUS-ZERO,,AMBIGUOUS-ZERO
72718663,478620e0-c88a-11f0-9842-6d029661c338,Eastwood Hills MHC-CUST,362/209,EH82,362,209,FLIPPED,,6000,MED,,,0,0,,AMBIGUOUS-ZERO,,AMBIGUOUS-ZERO
72720156,3fc236a0-c88a-11f0-9842-6d029661c338,Eastwood Hills MHC-CUST,362/209,TR335,362,209,FLIPPED,,6000,MED,,,0,0,,AMBIGUOUS-ZERO,,AMBIGUOUS-ZERO
72722988,433d7ab0-c88a-11f0-9842-6d029661c338,Eastwood Hills MHC-CUST,362/209,TR309,362,209,FLIPPED,,5999,MED,,,0,0,,AMBIGUOUS-ZERO,,AMBIGUOUS-ZERO
72719570,555dd460-c88a-11f0-9842-6d029661c338,Eastwood Hills MHC-CUST,362/209,TR339,362,209,FLIPPED,,6000,MED,,,0,0,,AMBIGUOUS-ZERO,,AMBIGUOUS-ZERO
72719265,76f5fd00-c88a-11f0-9842-6d029661c338,Eastwood Hills MHC-CUST,362/209,TR308,362,209,FLIPPED,,6000,MED,,,0,0,,AMBIGUOUS-ZERO,,AMBIGUOUS-ZERO
72722871,7f608780-c88a-11f0-9842-6d029661c338,Eastwood Hills MHC-CUST,362/209,EH78,362,209,FLIPPED,,6000,MED,,,0,0,,AMBIGUOUS-ZERO,,AMBIGUOUS-ZERO
72714282,8429cf60-c88a-11f0-9842-6d029661c338,Eastwood Hills MHC-CUST,362/209,EH255,16185,314,NOT FLIPPED,,5999,MED,-64,edge,4581,128,NOT FLIPPED,LOW,1,PIN
72722889,923ae260-c88a-11f0-9842-6d029661c338,Eastwood Hills MHC-CUST,362/209,EH80,362,209,NOT FLIPPED,,5999,MED,,,0,0,,AMBIGUOUS-ZERO,,AMBIGUOUS-ZERO
72713862,35f66e70-c88a-11f0-9842-6d029661c338,Eastwood Hills MHC-CUST,362/209,TR337,16131,296,NOT FLIPPED,NOT FLIPPED,0,,,,0,0,,NO-DRAWS,,ATTR-PRESENT
72716667,0259e320-c88b-11f0-9842-6d029661c338,Eastwood Hills MHC-CUST,362/209,EH92,362,209,FLIPPED,,6000,MED,,,0,0,,AMBIGUOUS-ZERO,,AMBIGUOUS-ZERO
72722731,396de1f0-c88a-11f0-9842-6d029661c338,Eastwood Hills MHC-CUST,362/209,TR304,16022,260,FLIPPED,FLIPPED,6000,MED,-125,edge,14,5350,FLIPPED,LOW,,ATTR-OK
70259823,4f71c750-c89e-11f0-9842-6d029661c338,Eastwood Hills MHC-CUST,362/209,EH202,362,209,FLIPPED,,6000,MED,,,0,0,,AMBIGUOUS-ZERO,,AMBIGUOUS-ZERO
72713847,06d9dfa0-c8d0-11f0-9842-6d029661c338,Eastwood Hills MHC-CUST,362/209,EH227A,362,209,NOT FLIPPED,,6000,MED,,,0,0,,AMBIGUOUS-ZERO,,AMBIGUOUS-ZERO
72714126,0c2290b0-c8d0-11f0-9842-6d029661c338,Eastwood Hills MHC-CUST,362/209,EH99,16131,296,NOT FLIPPED,NOT FLIPPED,5997,MED,8,edge,5533,29,NOT FLIPPED,LOW,,ATTR-OK
72720453,07027640-c8d0-11f0-9842-6d029661c338,Eastwood Hills MHC-CUST,362/209,EH205,362,209,NOT FLIPPED,,2914,MED,,,0,0,,AMBIGUOUS-ZERO,,AMBIGUOUS-ZERO
72721113,10654370-c8d0-11f0-9842-6d029661c338,Eastwood Hills MHC-CUST,362/209,EH65,362,209,NOT FLIPPED,,6000,MED,,,0,0,,AMBIGUOUS-ZERO,,AMBIGUOUS-ZERO
72717517,170bfde0-c8d0-11f0-9842-6d029661c338,Eastwood Hills MHC-CUST,362/209,EH62,362,209,NOT FLIPPED,,6000,MED,,,0,0,,AMBIGUOUS-ZERO,,AMBIGUOUS-ZERO
72715503,22d802e0-c8d0-11f0-9842-6d029661c338,Eastwood Hills MHC-CUST,362/209,EH64,362,209,NOT FLIPPED,NOT FLIPPED,6000,MED,,,0,0,,AMBIGUOUS-ZERO,,AMBIGUOUS-ZERO
72720883,239f2370-c8d0-11f0-9842-6d029661c338,Eastwood Hills MHC-CUST,362/209,EH36,16185,314,NOT FLIPPED,,0,,,,0,0,,NO-DRAWS,,REPORTED-ONLY
72722764,3268d810-c8d0-11f0-9842-6d029661c338,Eastwood Hills MHC-CUST,362/209,TR314,362,209,FLIPPED,,5999,MED,,,0,0,,AMBIGUOUS-ZERO,,AMBIGUOUS-ZERO
72718135,4a3cb290-c8d0-11f0-9842-6d029661c338,Eastwood Hills MHC-CUST,362/209,TR310,16185,314,FLIPPED,FLIPPED,5998,MED,-45,edge,0,5250,FLIPPED,LOW,,ATTR-OK
70271760,5232d060-c8d0-11f0-9842-6d029661c338,Eastwood Hills MHC-CUST,362/209,EH83,362,209,NOT FLIPPED,,5999,MED,,,0,0,,AMBIGUOUS-ZERO,,AMBIGUOUS-ZERO
72720933,57c89a90-c8d1-11f0-9842-6d029661c338,Eastwood Hills MHC-CUST,362/209,TR302,16185,314,FLIPPED,FLIPPED,155,MED,39,edge,11,77,FLIPPED,LOW,,ATTR-OK
72714241,55422150-c8d2-11f0-9842-6d029661c338,Eastwood Hills MHC-CUST,362/209,EH66,362,209,NOT FLIPPED,,5998,MED,,,0,0,,AMBIGUOUS-ZERO,,AMBIGUOUS-ZERO
77061184,4ea378e0-26ce-11f0-8272-45e3ef110760,Eastwood Hills MHC-CUST,362/209,TR301,362,209,FLIPPED,,5995,MED,29,largest=edge,47,3724,FLIPPED,LOW,2,PIN
72720685,17965d50-c4cf-11f0-9842-6d029661c338,Eastwood Hills MHC-CUST,362/209,EH45,16185,314,FLIPPED,,6000,MED,-121,edge,3,5112,FLIPPED,LOW,2,PIN
72714548,971ca4c0-c42b-11f0-9842-6d029661c338,Eastwood Hills MHC-CUST,362/209,TR336,362,209,FLIPPED,,5999,MED,,,0,0,,AMBIGUOUS-ZERO,,AMBIGUOUS-ZERO
72720560,97491280-c458-11f0-9842-6d029661c338,Eastwood Hills MHC-CUST,362/209,EH16,362,209,NOT FLIPPED,,5999,MED,,,0,0,,AMBIGUOUS-ZERO,,AMBIGUOUS-ZERO
72714308,9b0b81b0-c88a-11f0-9842-6d029661c338,Eastwood Hills MHC-CUST,362/209,TR318,362,209,NOT FLIPPED,,5998,MED,,,0,0,,AMBIGUOUS-ZERO,,AMBIGUOUS-ZERO
65830344,9b577ce0-e4cf-11ef-a76f-4d93d4a482f0,Eastwood Hills MHC-CUST,362/209,EH72,362,209,FLIPPED,,5999,MED,,,0,0,,AMBIGUOUS-ZERO,,AMBIGUOUS-ZERO
72714605,9fa86260-c88a-11f0-9842-6d029661c338,Eastwood Hills MHC-CUST,362/209,TR317,16185,314,NOT FLIPPED,,0,,,,0,0,,NO-DRAWS,,REPORTED-ONLY
65824669,a6030530-cf6f-11ef-8f43-73c96c0de66f,Eastwood Hills MHC-CUST,362/209,EH73,362,209,UNKNOWN,,0,,,,0,0,,NO-DRAWS,,NO-DATA
72721253,a6b54310-c4e4-11f0-9842-6d029661c338,Eastwood Hills MHC-CUST,362/209,TR325,362,209,NOT FLIPPED,,6000,MED,,,0,0,,AMBIGUOUS-ZERO,,AMBIGUOUS-ZERO
70272438,aa395fd0-c42b-11f0-9842-6d029661c338,Eastwood Hills MHC-CUST,362/209,EH208B,362,209,FLIPPED,,1908,MED,,,0,0,,AMBIGUOUS-ZERO,,AMBIGUOUS-ZERO
72721089,abeeaa70-c81c-11f0-9842-6d029661c338,Eastwood Hills MHC-CUST,362/209,EH88,362,209,NOT FLIPPED,,6000,MED,,,0,0,,AMBIGUOUS-ZERO,,AMBIGUOUS-ZERO
72715131,ad3f1f40-c81c-11f0-9842-6d029661c338,Eastwood Hills MHC-CUST,362/209,EH204,362,209,FLIPPED,,6000,MED,,,0,0,,AMBIGUOUS-ZERO,,AMBIGUOUS-ZERO
65830054,b0294800-1ba3-11f0-8272-45e3ef110760,Eastwood Hills MHC-CUST,362/209,TR330,16185,314,FLIPPED,,3946,MED,637,edge,76,1587,FLIPPED,LOW,2,PIN
72718093,b047e040-c8bd-11f0-9842-6d029661c338,Eastwood Hills MHC-CUST,362/209,EH206,16131,296,FLIPPED,,6000,MED,55,edge,0,5753,FLIPPED,LOW,2,PIN
72720065,b29d7b30-c81c-11f0-9842-6d029661c338,Eastwood Hills MHC-CUST,362/209,TR321,362,209,FLIPPED,,5999,MED,,,0,0,,AMBIGUOUS-ZERO,,AMBIGUOUS-ZERO
72724539,b3bf33a0-c6c3-11f0-9842-6d029661c338,Eastwood Hills MHC-CUST,362/209,EH3,362,209,NOT FLIPPED,,5999,MED,,,0,0,,AMBIGUOUS-ZERO,,AMBIGUOUS-ZERO
72715099,bce8a150-c6c3-11f0-9842-6d029661c338,Eastwood Hills MHC-CUST,362/209,EH6,362,209,NOT FLIPPED,,6000,MED,,,0,0,,AMBIGUOUS-ZERO,,AMBIGUOUS-ZERO
72715586,bf745540-c6c3-11f0-9842-6d029661c338,Eastwood Hills MHC-CUST,362/209,EH210,362,209,NOT FLIPPED,,6000,MED,,,0,0,,AMBIGUOUS-ZERO,,AMBIGUOUS-ZERO
72721626,c0423e50-c42b-11f0-9842-6d029661c338,Eastwood Hills MHC-CUST,362/209,TR322,362,209,FLIPPED,,6000,MED,,,0,0,,AMBIGUOUS-ZERO,,AMBIGUOUS-ZERO
72715313,c0d0b0f0-c6c3-11f0-9842-6d029661c338,Eastwood Hills MHC-CUST,362/209,EH33,362,209,FLIPPED,,5998,MED,,,0,0,,AMBIGUOUS-ZERO,,AMBIGUOUS-ZERO
77057455,c0e4e740-352e-11f0-8e55-b138a1c03c8e,Eastwood Hills MHC-CUST,362/209,EH75,362,209,UNKNOWN,,150,MED,-85,largest=edge,22,18,ambiguous,NO-DRAWS,,NO-DRAWS
72718432,c11b7590-c6c3-11f0-9842-6d029661c338,Eastwood Hills MHC-CUST,362/209,EH208A ,362,209,NOT FLIPPED,,6000,MED,-947,largest=edge,2,835,FLIPPED,LOW,,CONFLICT
72719026,c371e0e0-c4cf-11f0-9842-6d029661c338,Eastwood Hills MHC-CUST,362/209,TR332,362,209,NOT FLIPPED,,6000,MED,,,0,0,,AMBIGUOUS-ZERO,,AMBIGUOUS-ZERO
72720149,c9a7a830-c88c-11f0-9842-6d029661c338,Eastwood Hills MHC-CUST,362/209,EH218,362,209,FLIPPED,,6000,MED,,,0,0,,AMBIGUOUS-ZERO,,AMBIGUOUS-ZERO
72714373,c9b93650-c458-11f0-9842-6d029661c338,Eastwood Hills MHC-CUST,362/209,EH23,362,209,FLIPPED,,6000,MED,,,0,0,,AMBIGUOUS-ZERO,,AMBIGUOUS-ZERO
77054247,cb3f1e40-35a6-11f0-8e55-b138a1c03c8e,Eastwood Hills MHC-CUST,362/209,EH71,362,209,NOT FLIPPED,,6000,MED,,,0,0,,AMBIGUOUS-ZERO,,AMBIGUOUS-ZERO
72716329,cbfb7640-c439-11f0-9842-6d029661c338,Eastwood Hills MHC-CUST,362/209,EH52,362,209,FLIPPED,,5999,MED,,,0,0,,AMBIGUOUS-ZERO,,AMBIGUOUS-ZERO
72716972,d03f1360-c439-11f0-9842-6d029661c338,Eastwood Hills MHC-CUST,362/209,EH51,16185,314,FLIPPED,,6000,MED,-142,edge,14,5144,FLIPPED,LOW,2,PIN
65827043,d09488d0-e30d-11ef-a5fd-a97d57576080,Eastwood Hills MHC-CUST,362/209,EH98,362,209,FLIPPED,,5999,MED,,,0,0,,AMBIGUOUS-ZERO,,AMBIGUOUS-ZERO
72714035,d30dd0c0-c88c-11f0-9842-6d029661c338,Eastwood Hills MHC-CUST,362/209,TR327,16185,314,FLIPPED,FLIPPED,5999,MED,85,edge,22,5092,FLIPPED,LOW,,ATTR-OK
72715008,dc6c7240-c439-11f0-9842-6d029661c338,Eastwood Hills MHC-CUST,362/209,EH50,16131,296,FLIPPED,FLIPPED,134,MED,143,edge,0,76,FLIPPED,LOW,,ATTR-OK
70272685,e22af7f0-c42b-11f0-9842-6d029661c338,Eastwood Hills MHC-CUST,362/209,EH212,16185,314,NOT FLIPPED,NOT FLIPPED,0,,,,0,0,,NO-DRAWS,,ATTR-PRESENT
70269111,e4db8740-c6c3-11f0-9842-6d029661c338,Eastwood Hills MHC-CUST,362/209,EH22,362,209,FLIPPED,,6000,MED,,,0,0,,AMBIGUOUS-ZERO,,AMBIGUOUS-ZERO
70272487,e5f65e60-c458-11f0-9842-6d029661c338,Eastwood Hills MHC-CUST,362/209,EH70,362,209,NOT FLIPPED,,5999,MED,,,0,0,,AMBIGUOUS-ZERO,,AMBIGUOUS-ZERO
72720412,ec249010-c8cf-11f0-9842-6d029661c338,Eastwood Hills MHC-CUST,362/209,TR316,16131,296,FLIPPED,,5999,MED,-102,edge,55,5064,FLIPPED,LOW,2,PIN
72716352,ec754820-c8cf-11f0-9842-6d029661c338,Eastwood Hills MHC-CUST,362/209,EH37,16185,314,NOT FLIPPED,NOT FLIPPED,6000,MED,256,edge,4538,0,NOT FLIPPED,LOW,,ATTR-OK
72717996,f028b330-c8cf-11f0-9842-6d029661c338,Eastwood Hills MHC-CUST,362/209,EH84,362,209,NOT FLIPPED,,5997,MED,,,0,0,,AMBIGUOUS-ZERO,,AMBIGUOUS-ZERO
72714381,f0419e80-c6c3-11f0-9842-6d029661c338,Eastwood Hills MHC-CUST,362/209,EH29,362,209,FLIPPED,,5999,MED,,,0,0,,AMBIGUOUS-ZERO,,AMBIGUOUS-ZERO
72715826,f066f4b0-c8cf-11f0-9842-6d029661c338,Eastwood Hills MHC-CUST,362/209,EH86,362,209,FLIPPED,,6000,MED,,,0,0,,AMBIGUOUS-ZERO,,AMBIGUOUS-ZERO
72716980,f07bdc40-c8cf-11f0-9842-6d029661c338,Eastwood Hills MHC-CUST,362/209,EH77,362,209,FLIPPED,,6000,MED,,,0,0,,AMBIGUOUS-ZERO,,AMBIGUOUS-ZERO
65825294,f0d74020-cf70-11ef-8f43-73c96c0de66f,Eastwood Hills MHC-CUST,362/209,TR305,362,209,FLIPPED,,5998,MED,,,0,0,,AMBIGUOUS-ZERO,,AMBIGUOUS-ZERO
65826029,f1eb4830-cf70-11ef-8f43-73c96c0de66f,Eastwood Hills MHC-CUST,362/209,TR306,362,209,FLIPPED,,5998,MED,,,0,0,,AMBIGUOUS-ZERO,,AMBIGUOUS-ZERO
70271711,f38c9eb0-c8cf-11f0-9842-6d029661c338,Eastwood Hills MHC-CUST,362/209,EH81,16131,296,FLIPPED,FLIPPED,5998,MED,28,edge,18,5051,FLIPPED,LOW,,ATTR-OK
72720040,f3fa2d90-c8cf-11f0-9842-6d029661c338,Eastwood Hills MHC-CUST,362/209,EH35,16185,314,NOT FLIPPED,,5999,MED,46,edge,5510,0,NOT FLIPPED,LOW,1,PIN
72387390,0c41c940-c050-11f0-9842-6d029661c338,Delaware St Quadplex,362/209,A,362,209,FLIPPED,,6000,MED,,,0,0,,AMBIGUOUS-ZERO,,AMBIGUOUS-ZERO
65823463,22feb580-c050-11f0-9842-6d029661c338,Delaware St Quadplex,362/209,B,362,209,FLIPPED,,5998,MED,,,0,0,,AMBIGUOUS-ZERO,,AMBIGUOUS-ZERO
79455406,79accbc0-3a9d-11f1-b198-172a4a9f25c9,Blue Sky Village MHC,15154/260,24,15154,260,NOT FLIPPED,,5999,MED,-119,edge,5326,106,NOT FLIPPED,LOW,1,PIN
79464101,ef7123f0-39d6-11f1-b198-172a4a9f25c9,Blue Sky Village MHC,15154/260,21,16131,296,FLIPPED,FLIPPED,6000,MED,-119,edge,4,2168,FLIPPED,LOW,,ATTR-OK
79460521,fb250d10-39d6-11f1-b198-172a4a9f25c9,Blue Sky Village MHC,15154/260,15,15154,260,FLIPPED,FLIPPED,2055,MED,-556,edge,55,1028,FLIPPED,LOW,,ATTR-OK
65822119,4368a9b0-c93f-11ef-8f43-73c96c0de66f,TN4,362/209,1257 E Center,362,209,FLIPPED,,6000,MED,,,0,0,,AMBIGUOUS-ZERO,,AMBIGUOUS-ZERO
77029454,8d8ca550-3d9d-11f0-8e55-b138a1c03c8e,TN4,362/209,1,16131,296,FLIPPED,FLIPPED,5999,MED,-310,edge,0,5407,FLIPPED,LOW,,ATTR-OK
77053355,b2880880-0ebe-11f0-8272-45e3ef110760,TN4,362/209,1257.5 E Center,362,209,NOT FLIPPED,,6000,MED,,,0,0,,AMBIGUOUS-ZERO,,AMBIGUOUS-ZERO
65826896,21215a30-cf72-11ef-8f43-73c96c0de66f,Green Acres MHC,362/209,6,362,209,NOT FLIPPED,,5993,MED,,,0,0,,AMBIGUOUS-ZERO,,AMBIGUOUS-ZERO
72387283,228ac1c0-ad3b-11f0-98a7-c3bc57f9afe3,Green Acres MHC,362/209,9,362,209,FLIPPED,,5996,MED,,,0,0,,AMBIGUOUS-ZERO,,AMBIGUOUS-ZERO
72383969,234efc20-ad3b-11f0-98a7-c3bc57f9afe3,Green Acres MHC,362/209,12,362,209,NOT FLIPPED,,5995,MED,,,0,0,,AMBIGUOUS-ZERO,,AMBIGUOUS-ZERO
72384132,242a19e0-ad3b-11f0-98a7-c3bc57f9afe3,Green Acres MHC,362/209,16,362,209,NOT FLIPPED,,6000,MED,,,0,0,,AMBIGUOUS-ZERO,,AMBIGUOUS-ZERO
72387713,247db820-ad3b-11f0-98a7-c3bc57f9afe3,Green Acres MHC,362/209,18,16131,296,FLIPPED,,6000,MED,84,edge,0,5872,FLIPPED,LOW,2,PIN
70272131,308edc70-ad3b-11f0-98a7-c3bc57f9afe3,Green Acres MHC,362/209,24,362,209,FLIPPED,,5995,MED,,,0,0,,AMBIGUOUS-ZERO,,AMBIGUOUS-ZERO
72718333,87399580-d4c1-11f0-b691-d965a62fa4fa,Green Acres MHC,362/209,21,16022,260,FLIPPED,FLIPPED,2315,MED,,,0,0,,AMBIGUOUS-ZERO,,AMBIGUOUS-ZERO
72387473,882d80f0-ad39-11f0-98a7-c3bc57f9afe3,Green Acres MHC,362/209,25,362,209,FLIPPED,,6000,MED,,,0,0,,AMBIGUOUS-ZERO,,AMBIGUOUS-ZERO
70259369,94c47710-ad39-11f0-98a7-c3bc57f9afe3,Green Acres MHC,362/209,17,16131,296,NOT FLIPPED,NOT FLIPPED,0,,,,0,0,,NO-DRAWS,,ATTR-PRESENT
70263155,994ee130-ad39-11f0-98a7-c3bc57f9afe3,Green Acres MHC,362/209,14,16022,260,FLIPPED,FLIPPED,5999,MED,-39,edge,0,5351,FLIPPED,LOW,,ATTR-OK
72387051,9ac99a50-ad39-11f0-98a7-c3bc57f9afe3,Green Acres MHC,362/209,19,362,209,NOT FLIPPED,,5999,MED,,,0,0,,AMBIGUOUS-ZERO,,AMBIGUOUS-ZERO
72383951,a6b3aea0-ad39-11f0-98a7-c3bc57f9afe3,Green Acres MHC,362/209,11,362,209,FLIPPED,,5999,MED,,,0,0,,AMBIGUOUS-ZERO,,AMBIGUOUS-ZERO
72721147,e3419cb0-d4c1-11f0-b691-d965a62fa4fa,Green Acres MHC,362/209,4,362,209,FLIPPED,,5996,MED,,,0,0,,AMBIGUOUS-ZERO,,AMBIGUOUS-ZERO
65825211,f7454710-ea3a-11ef-b35e-23eef2ba43da,Green Acres MHC,362/209,15,362,209,FLIPPED,FLIPPED,0,,,,0,0,,NO-DRAWS,,ATTR-PRESENT
77036665,fdc4d460-3d92-11f0-8e55-b138a1c03c8e,Green Acres MHC,362/209,1,362,209,NOT FLIPPED,,5998,MED,,,0,0,,AMBIGUOUS-ZERO,,AMBIGUOUS-ZERO
75362556,13ff9660-0c6a-11f1-8768-5551e7a34f27,Mill Creek Estates,363/219,388L,363,219,FLIPPED,,5997,MED,,,0,0,,AMBIGUOUS-ZERO,,AMBIGUOUS-ZERO
72716931,55d2cf30-0c97-11f1-8768-5551e7a34f27,Mill Creek Estates,363/219,322S,363,219,FLIPPED,,5996,MED,,,0,0,,AMBIGUOUS-ZERO,,AMBIGUOUS-ZERO
75371557,5a8654e0-0c86-11f1-8768-5551e7a34f27,Mill Creek Estates,363/219,570P,363,219,FLIPPED,,6000,MED,,,0,0,,AMBIGUOUS-ZERO,,AMBIGUOUS-ZERO
75361947,70c6be20-0c86-11f1-8768-5551e7a34f27,Mill Creek Estates,363/219,354U,363,219,FLIPPED,,6000,MED,,,0,0,,AMBIGUOUS-ZERO,,AMBIGUOUS-ZERO
75362861,7a110070-0c69-11f1-8768-5551e7a34f27,Mill Creek Estates,363/219,559V,363,219,FLIPPED,,6000,MED,,,0,0,,AMBIGUOUS-ZERO,,AMBIGUOUS-ZERO
75374635,7aae51e0-0c69-11f1-8768-5551e7a34f27,Mill Creek Estates,363/219,318L,363,219,FLIPPED,,4034,MED,-42,largest=edge,42,2657,FLIPPED,LOW,2,PIN
75374403,7c0619b0-0c69-11f1-8768-5551e7a34f27,Mill Creek Estates,363/219,399L,363,219,NOT FLIPPED,,6000,MED,93,largest=edge,4972,61,NOT FLIPPED,LOW,1,PIN
75370187,7ec2c8b0-0c69-11f1-8768-5551e7a34f27,Mill Creek Estates,363/219,323S,363,219,NOT FLIPPED,,3023,MED,,,0,0,,AMBIGUOUS-ZERO,,AMBIGUOUS-ZERO
75374676,7f4a2120-0c69-11f1-8768-5551e7a34f27,Mill Creek Estates,363/219,615C,363,219,FLIPPED,,6000,MED,,,0,0,,AMBIGUOUS-ZERO,,AMBIGUOUS-ZERO
75372076,8eb25fb0-0c69-11f1-8768-5551e7a34f27,Mill Creek Estates,363/219,376L,363,219,UNKNOWN,,10,,,,0,0,,NO-DRAWS,,NO-DATA
75374148,b49180d0-0c69-11f1-8768-5551e7a34f27,Mill Creek Estates,363/219,312L,16131,296,UNKNOWN,,0,,,,0,0,,NO-DRAWS,,NO-DATA
72723507,c5de84f0-0c69-11f1-8768-5551e7a34f27,Mill Creek Estates,363/219,536V,363,219,FLIPPED,,6000,MED,,,0,0,,AMBIGUOUS-ZERO,,AMBIGUOUS-ZERO
75362069,c6506220-0c80-11f1-8768-5551e7a34f27,Mill Creek Estates,363/219,318S,363,219,FLIPPED,,3753,MED,,,0,0,,AMBIGUOUS-ZERO,,AMBIGUOUS-ZERO
75361772,d4810280-0c69-11f1-8768-5551e7a34f27,Mill Creek Estates,363/219,545V,363,219,NOT FLIPPED,,6000,MED,,,0,0,,AMBIGUOUS-ZERO,,AMBIGUOUS-ZERO
75364263,e124a2d0-0c69-11f1-8768-5551e7a34f27,Mill Creek Estates,363/219,300U,363,219,FLIPPED,,6000,MED,,,0,0,,AMBIGUOUS-ZERO,,AMBIGUOUS-ZERO
75365674,f4a2ded0-0c69-11f1-8768-5551e7a34f27,Mill Creek Estates,363/219,630C,16131,296,FLIPPED,,6000,MED,,,0,0,,AMBIGUOUS-ZERO,,AMBIGUOUS-ZERO
75365872,fa6330e0-0c69-11f1-8768-5551e7a34f27,Mill Creek Estates,363/219,365L,363,219,FLIPPED,FLIPPED,5999,MED,,,0,0,,AMBIGUOUS-ZERO,,AMBIGUOUS-ZERO
79456180,0e7e7bb0-6026-11f1-89ca-a986714faa23,The O in La Marque,16185/314,2,16185,314,NOT FLIPPED,NOT FLIPPED,0,,,,0,0,,NO-DRAWS,,ATTR-PRESENT
79462998,0efbc200-6026-11f1-89ca-a986714faa23,The O in La Marque,16185/314,13,16185,314,FLIPPED,FLIPPED,5999,MED,35,edge,0,4293,FLIPPED,LOW,,ATTR-OK
79454433,11551b50-6026-11f1-89ca-a986714faa23,The O in La Marque,16185/314,9,16185,314,NOT FLIPPED,NOT FLIPPED,19,,,,0,0,,NO-DRAWS,,ATTR-PRESENT
75366250,1a0c6640-6026-11f1-89ca-a986714faa23,The O in La Marque,16185/314,4,16185,314,NOT FLIPPED,NOT FLIPPED,43,MED,,,0,0,,AMBIGUOUS-ZERO,,AMBIGUOUS-ZERO
75365989,223c0aa0-6026-11f1-89ca-a986714faa23,The O in La Marque,16185/314,1,16185,314,NOT FLIPPED,NOT FLIPPED,5999,MED,65,edge,4668,0,NOT FLIPPED,LOW,,ATTR-OK
79456149,229b68b0-6026-11f1-89ca-a986714faa23,The O in La Marque,16185/314,9,16185,314,FLIPPED,FLIPPED,6,,,,0,0,,NO-DRAWS,,ATTR-PRESENT
79466569,32cd86f0-6026-11f1-89ca-a986714faa23,The O in La Marque,16185/314,11,16185,314,NOT FLIPPED,NOT FLIPPED,5998,MED,26,edge,5298,0,NOT FLIPPED,LOW,,ATTR-OK
75370773,34c81e70-6026-11f1-89ca-a986714faa23,The O in La Marque,16185/314,22,16185,314,FLIPPED,FLIPPED,3499,MED,-20,edge,0,3298,FLIPPED,LOW,,ATTR-OK
75362788,36730f50-6026-11f1-89ca-a986714faa23,The O in La Marque,16185/314,4,16185,314,NOT FLIPPED,NOT FLIPPED,0,,,,0,0,,NO-DRAWS,,ATTR-PRESENT
75366318,48119c90-602b-11f1-89ca-a986714faa23,The O in La Marque,16185/314,15,16185,314,FLIPPED,FLIPPED,6000,MED,-57,edge,0,5270,FLIPPED,LOW,,ATTR-OK
75368512,55377e80-6026-11f1-89ca-a986714faa23,The O in La Marque,16185/314,18,16185,314,FLIPPED,FLIPPED,2064,MED,-78,edge,0,1832,FLIPPED,LOW,,ATTR-OK
75370831,56113cb0-6026-11f1-89ca-a986714faa23,The O in La Marque,16185/314,15,16185,314,NOT FLIPPED,NOT FLIPPED,5996,MED,-6,edge,5364,0,NOT FLIPPED,LOW,,ATTR-OK
79461891,5be01b70-602b-11f1-89ca-a986714faa23,The O in La Marque,16185/314,19,16185,314,NOT FLIPPED,NOT FLIPPED,5998,MED,-8,edge,5523,0,NOT FLIPPED,LOW,,ATTR-OK
79466510,63df5340-6026-11f1-89ca-a986714faa23,The O in La Marque,16185/314,3,16185,314,NOT FLIPPED,NOT FLIPPED,5999,MED,17,edge,5750,0,NOT FLIPPED,LOW,,ATTR-OK
79463079,674d29d0-6026-11f1-89ca-a986714faa23,The O in La Marque,16185/314,14,16185,314,FLIPPED,FLIPPED,5998,MED,-42,edge,0,5456,FLIPPED,LOW,,ATTR-OK
79455281,76f864d0-6026-11f1-89ca-a986714faa23,The O in La Marque,16185/314,18,16185,314,FLIPPED,FLIPPED,1773,MED,-24,edge,0,1690,FLIPPED,LOW,,ATTR-OK
79460976,ab060170-6025-11f1-89ca-a986714faa23,The O in La Marque,16185/314,8,16185,314,NOT FLIPPED,NOT FLIPPED,5997,MED,14,edge,4946,0,NOT FLIPPED,LOW,,ATTR-OK
75366771,b23a55e0-6025-11f1-89ca-a986714faa23,The O in La Marque,16185/314,6,16185,314,NOT FLIPPED,NOT FLIPPED,5999,MED,83,edge,4932,0,NOT FLIPPED,LOW,,ATTR-OK
79466320,b257f000-6025-11f1-89ca-a986714faa23,The O in La Marque,16185/314,6,16185,314,NOT FLIPPED,NOT FLIPPED,5999,MED,54,edge,5269,0,NOT FLIPPED,LOW,,ATTR-OK
79466965,b3d56840-6025-11f1-89ca-a986714faa23,The O in La Marque,16185/314,16,16185,314,FLIPPED,FLIPPED,6000,MED,-12,edge,0,4856,FLIPPED,LOW,,ATTR-OK
79465272,b709b840-6025-11f1-89ca-a986714faa23,The O in La Marque,16185/314,5,16185,314,NOT FLIPPED,NOT FLIPPED,5999,MED,28,edge,5248,0,NOT FLIPPED,LOW,,ATTR-OK
79461727,b87a9ea0-602b-11f1-89ca-a986714faa23,The O in La Marque,16185/314,10,16185,314,FLIPPED,FLIPPED,2296,MED,-77,edge,0,2030,FLIPPED,LOW,,ATTR-OK
79460687,bd0c34b0-602b-11f1-89ca-a986714faa23,The O in La Marque,16185/314,12,16185,314,NOT FLIPPED,NOT FLIPPED,1620,MED,-45,edge,1600,0,NOT FLIPPED,LOW,,ATTR-OK
79454060,cc7879a0-6025-11f1-89ca-a986714faa23,The O in La Marque,16185/314,20,16185,314,FLIPPED,FLIPPED,965,MED,-24,edge,0,948,FLIPPED,LOW,,ATTR-OK
75368645,cda7aad0-6025-11f1-89ca-a986714faa23,The O in La Marque,16185/314,1,16185,314,NOT FLIPPED,NOT FLIPPED,5999,MED,80,edge,4328,0,NOT FLIPPED,LOW,,ATTR-OK
75365310,d1ccc370-6025-11f1-89ca-a986714faa23,The O in La Marque,16185/314,7,16185,314,NOT FLIPPED,NOT FLIPPED,2003,MED,43,edge,1892,0,NOT FLIPPED,LOW,,ATTR-OK
79460620,d3952760-6025-11f1-89ca-a986714faa23,The O in La Marque,16185/314,2,16185,314,NOT FLIPPED,NOT FLIPPED,0,,,,0,0,,NO-DRAWS,,ATTR-PRESENT
79454326,dc951410-6025-11f1-89ca-a986714faa23,The O in La Marque,16185/314,5,16185,314,NOT FLIPPED,NOT FLIPPED,5999,MED,48,edge,5197,0,NOT FLIPPED,LOW,,ATTR-OK
79465504,ee7fb7c0-6025-11f1-89ca-a986714faa23,The O in La Marque,16185/314,10,16185,314,NOT FLIPPED,NOT FLIPPED,2721,MED,70,edge,2222,0,NOT FLIPPED,LOW,,ATTR-OK
75360840,f172e010-6025-11f1-89ca-a986714faa23,The O in La Marque,16185/314,17,16185,314,FLIPPED,FLIPPED,817,MED,12,edge,0,716,FLIPPED,LOW,,ATTR-OK
75368793,f80b90c0-6025-11f1-89ca-a986714faa23,The O in La Marque,16185/314,11,16185,314,NOT FLIPPED,NOT FLIPPED,4559,MED,-4,edge,4252,0,NOT FLIPPED,LOW,,ATTR-OK
75366755,fb4d2730-6025-11f1-89ca-a986714faa23,The O in La Marque,16185/314,14,16185,314,FLIPPED,,5997,MED,-46,edge,0,5725,FLIPPED,LOW,2,PIN
79465884,fd3b89b0-6025-11f1-89ca-a986714faa23,The O in La Marque,16185/314,21 ,16185,314,NOT FLIPPED,NOT FLIPPED,5779,MED,-4,edge,4856,0,NOT FLIPPED,LOW,,ATTR-OK
79465488,fda1eca0-6025-11f1-89ca-a986714faa23,The O in La Marque,16185/314,20,16185,314,NOT FLIPPED,NOT FLIPPED,3981,MED,208,edge,3035,0,NOT FLIPPED,LOW,,ATTR-OK
72723549,2057c410-0c91-11f1-8768-5551e7a34f27,Pleasant Acres,16131/296,47,16131,296,FLIPPED,,5999,MED,52,edge,0,5604,FLIPPED,LOW,2,PIN
75370930,22837db0-0c91-11f1-8768-5551e7a34f27,Pleasant Acres,16131/296,24,16131,296,FLIPPED,,1336,MED,28,edge,0,963,FLIPPED,LOW,2,PIN
75370658,2d8295c0-0c91-11f1-8768-5551e7a34f27,Pleasant Acres,16131/296,37,16185,314,FLIPPED,FLIPPED,5997,MED,-84,edge,0,5452,FLIPPED,LOW,,ATTR-OK
75368116,31a627c0-0c91-11f1-8768-5551e7a34f27,Pleasant Acres,16131/296,4,16131,296,NOT FLIPPED,,66,,,,0,0,,NO-DRAWS,,NO-DRAWS
75373892,31d6fbc0-0c91-11f1-8768-5551e7a34f27,Pleasant Acres,16131/296,26,16131,296,NOT FLIPPED,,6000,MED,69,edge,4342,0,NOT FLIPPED,LOW,1,PIN
77055558,4417bc10-26ce-11f0-8272-45e3ef110760,Pleasant Acres,16131/296,45,16185,314,NOT FLIPPED,,5998,MED,-17,edge,5091,0,NOT FLIPPED,LOW,1,PIN
75363695,49607c40-0c90-11f1-8768-5551e7a34f27,Pleasant Acres,16131/296,19,16185,314,UNKNOWN,,0,,,,0,0,,NO-DRAWS,,NO-DATA
75364768,4e14fc40-0c93-11f1-8768-5551e7a34f27,Pleasant Acres,16131/296,39,16131,296,FLIPPED,,6000,MED,-1177,largest,0,0,no draws,NO-DRAWS,,NO-DRAWS
75372464,51a798e0-0c93-11f1-8768-5551e7a34f27,Pleasant Acres,16131/296,21,16131,296,FLIPPED,,3817,MED,33,edge,0,3281,FLIPPED,LOW,2,PIN
77056325,53174dc0-26ce-11f0-8272-45e3ef110760,Pleasant Acres,16131/296,6,16131,296,NOT FLIPPED,,0,,,,0,0,,NO-DRAWS,,REPORTED-ONLY
75363588,55f17790-0c93-11f1-8768-5551e7a34f27,Pleasant Acres,16131/296,9,16131,296,FLIPPED,,5999,MED,-8,edge,38,646,FLIPPED,LOW,2,PIN
72392671,5bb2af70-9e73-11f0-b5af-5dfa9891b485,Pleasant Acres,16131/296,23,16131,296,FLIPPED,,1887,MED,-754,edge,0,335,FLIPPED,LOW,2,PIN
75364354,62dc8120-0c93-11f1-8768-5551e7a34f27,Pleasant Acres,16131/296,28,16185,314,UNKNOWN,,0,,,,0,0,,NO-DRAWS,,NO-DATA
75374999,65d832a0-4b15-11f1-bc16-b52012ce6db2,Pleasant Acres,16131/296,11,16131,296,NOT FLIPPED,,3932,MED,82,edge,3600,0,NOT FLIPPED,LOW,1,PIN
77029488,6924c020-26ce-11f0-8272-45e3ef110760,Pleasant Acres,16131/296,30,16185,314,FLIPPED,,930,MED,-6,edge,1,671,FLIPPED,LOW,2,PIN
75365914,6c041a10-0c93-11f1-8768-5551e7a34f27,Pleasant Acres,16131/296,32,16131,296,NOT FLIPPED,,5999,MED,216,edge,285,0,NOT FLIPPED,LOW,1,PIN
75364776,6c73cbd0-0c93-11f1-8768-5551e7a34f27,Pleasant Acres,16131/296,27,16131,296,UNKNOWN,,0,,,,0,0,,NO-DRAWS,,NO-DATA
75367076,83914a50-4b2b-11f1-bc16-b52012ce6db2,Pleasant Acres,16131/296,29,16131,296,NOT FLIPPED,,6000,MED,262,edge,5508,0,NOT FLIPPED,LOW,1,PIN
77029751,a5192400-269b-11f0-8272-45e3ef110760,Pleasant Acres,16131/296,1,16185,314,NOT FLIPPED,,4010,MED,105,edge,3642,0,NOT FLIPPED,LOW,1,PIN
75363182,a80ac870-0c97-11f1-8768-5551e7a34f27,Pleasant Acres,16131/296,35,16185,314,UNKNOWN,,0,,,,0,0,,NO-DRAWS,,NO-DATA
75369494,a8224c20-4b21-11f1-bc16-b52012ce6db2,Pleasant Acres,16131/296,33,16131,296,NOT FLIPPED,,5999,MED,92,edge,3111,862,NOT FLIPPED,LOW,1,PIN
75364651,b11cdd90-0c97-11f1-8768-5551e7a34f27,Pleasant Acres,16131/296,3,16131,296,NOT FLIPPED,,1149,MED,28,edge,1114,0,NOT FLIPPED,LOW,1,PIN
70262983,b6a2b410-84a2-11f0-8b4a-0d0197d44616,Pleasant Acres,16131/296,20,16131,296,FLIPPED,,324,MED,-13,edge,0,229,FLIPPED,LOW,2,PIN
75361160,c82a8610-0c90-11f1-8768-5551e7a34f27,Pleasant Acres,16131/296,36,16185,314,NOT FLIPPED,,259,MED,73,edge,123,0,NOT FLIPPED,LOW,1,PIN
75367993,caa08f20-0c90-11f1-8768-5551e7a34f27,Pleasant Acres,16131/296,31,16131,296,NOT FLIPPED,,2234,MED,17,edge,1894,0,NOT FLIPPED,LOW,1,PIN
72379942,de0312e0-9a2b-11f0-b5af-5dfa9891b485,Pleasant Acres,16131/296,25,16131,296,NOT FLIPPED,,5997,MED,15,edge,5547,0,NOT FLIPPED,LOW,1,PIN
72384983,e2390ef0-8383-11f0-8b4a-0d0197d44616,Pleasant Acres,16131/296,46,16131,296,NOT FLIPPED,,163,MED,96,edge,141,0,NOT FLIPPED,LOW,1,PIN
75369387,e79c4c40-0c90-11f1-8768-5551e7a34f27,Pleasant Acres,16131/296,15,16131,296,FLIPPED,,5997,MED,-5,edge,0,5776,FLIPPED,LOW,2,PIN
75373504,ff9f4d10-0c90-11f1-8768-5551e7a34f27,Pleasant Acres,16131/296,7,16185,314,NOT FLIPPED,,2040,MED,68,edge,1900,0,NOT FLIPPED,LOW,1,PIN
75364206,ffc090b0-0c90-11f1-8768-5551e7a34f27,Pleasant Acres,16131/296,13,16131,296,FLIPPED,,0,,,,0,0,,NO-DRAWS,,REPORTED-ONLY
65822770,6a465030-c7ac-11ef-8f43-73c96c0de66f,Montgomery St Duplex,362/209,1,362,209,UNKNOWN,,1990,MED,-127,largest=edge,333,241,ambiguous,NO-DRAWS,,NO-DRAWS
70260748,f72d9690-626e-11f0-8658-7f4e94e41769,Montgomery St Duplex,362/209,2,362,209,NOT FLIPPED,,6000,MED,,,0,0,,AMBIGUOUS-ZERO,,AMBIGUOUS-ZERO
75367894,187f9de0-0c36-11f1-8768-5551e7a34f27,Big Country Mobile Home & RV Park-Cust,16130/296,3501-B,16130,296,NOT FLIPPED,NOT FLIPPED,6000,MED,1,edge,5388,32,NOT FLIPPED,LOW,,ATTR-OK
75371292,2f549b71-0c35-11f1-8768-5551e7a34f27,Big Country Mobile Home & RV Park-Cust,16130/296,3510-D,16130,296,NOT FLIPPED,NOT FLIPPED,0,,,,0,0,,NO-DRAWS,,ATTR-PRESENT
75370328,2fd5d960-0c35-11f1-8768-5551e7a34f27,Big Country Mobile Home & RV Park-Cust,16130/296,3504-C,16130,296,NOT FLIPPED,NOT FLIPPED,6000,MED,-140,edge,5533,0,NOT FLIPPED,LOW,,ATTR-OK
75362192,319271f0-0c3f-11f1-8768-5551e7a34f27,Big Country Mobile Home & RV Park-Cust,16130/296,3507-D,16185,314,NOT FLIPPED,NOT FLIPPED,6000,MED,-150,edge,5732,29,NOT FLIPPED,LOW,,ATTR-OK
72720537,3c8e59e0-0c38-11f1-8768-5551e7a34f27,Big Country Mobile Home & RV Park-Cust,16130/296,3500-C,16130,296,FLIPPED,FLIPPED,5999,MED,218,edge,16,5623,FLIPPED,LOW,,ATTR-OK
75370534,406c3050-0c38-11f1-8768-5551e7a34f27,Big Country Mobile Home & RV Park-Cust,16130/296,3510-C,16130,296,NOT FLIPPED,NOT FLIPPED,6000,MED,29,edge,5399,0,NOT FLIPPED,LOW,,ATTR-OK
75369742,467a3490-0c35-11f1-8768-5551e7a34f27,Big Country Mobile Home & RV Park-Cust,16130/296,3504-B,16185,314,UNKNOWN,,0,,,,0,0,,NO-DRAWS,,NO-DATA
72714928,783f9970-0c35-11f1-8768-5551e7a34f27,Big Country Mobile Home & RV Park-Cust,16130/296,3609-D,16130,296,NOT FLIPPED,NOT FLIPPED,6000,MED,-35,edge,5556,28,NOT FLIPPED,LOW,,ATTR-OK
75364339,81e2a3f0-0c35-11f1-8768-5551e7a34f27,Big Country Mobile Home & RV Park-Cust,16130/296,3605-C,16130,296,NOT FLIPPED,NOT FLIPPED,5999,MED,16,edge,5540,6,NOT FLIPPED,LOW,,ATTR-OK
75367662,82c1e060-0c35-11f1-8768-5551e7a34f27,Big Country Mobile Home & RV Park-Cust,16130/296,3501-D,16130,296,NOT FLIPPED,NOT FLIPPED,6000,MED,81,edge,5000,24,NOT FLIPPED,LOW,,ATTR-OK
75370443,8adb3640-0c38-11f1-8768-5551e7a34f27,Big Country Mobile Home & RV Park-Cust,16130/296,3507-C,16130,296,FLIPPED,FLIPPED,6000,MED,-61,edge,18,5300,FLIPPED,LOW,,ATTR-OK
75367761,8cd81f10-0c35-11f1-8768-5551e7a34f27,Big Country Mobile Home & RV Park-Cust,16130/296,3511-B,16130,296,NOT FLIPPED,NOT FLIPPED,5999,MED,-170,edge,5400,3,NOT FLIPPED,LOW,,ATTR-OK
75362689,8e2deb10-0c35-11f1-8768-5551e7a34f27,Big Country Mobile Home & RV Park-Cust,16130/296,3508-B,16185,314,FLIPPED,FLIPPED,6000,MED,-2,edge,34,5805,FLIPPED,LOW,,ATTR-OK
75365070,9645e8c0-0c35-11f1-8768-5551e7a34f27,Big Country Mobile Home & RV Park-Cust,16130/296,3601-B,16185,314,NOT FLIPPED,NOT FLIPPED,0,,,,0,0,,NO-DRAWS,,ATTR-PRESENT
75369775,a1e88c70-0c38-11f1-8768-5551e7a34f27,Big Country Mobile Home & RV Park-Cust,16130/296,3604-E,16130,296,FLIPPED,FLIPPED,5997,MED,14,edge,0,4882,FLIPPED,LOW,,ATTR-OK
75361897,c8535320-0c35-11f1-8768-5551e7a34f27,Big Country Mobile Home & RV Park-Cust,16130/296,3505-A,16131,296,NOT FLIPPED,NOT FLIPPED,3290,MED,-62,edge,2971,16,NOT FLIPPED,LOW,,ATTR-OK
75366136,cc6299d0-0c35-11f1-8768-5551e7a34f27,Big Country Mobile Home & RV Park-Cust,16130/296,3510-B,16131,296,FLIPPED,FLIPPED,7,,,,0,0,,NO-DRAWS,,ATTR-PRESENT
75371318,d161bec0-0c35-11f1-8768-5551e7a34f27,Big Country Mobile Home & RV Park-Cust,16130/296,3606-C,16130,296,FLIPPED,FLIPPED,6000,MED,-45,edge,0,5709,FLIPPED,LOW,,ATTR-OK
75368215,d810dda0-0c35-11f1-8768-5551e7a34f27,Big Country Mobile Home & RV Park-Cust,16130/296,3501-C,16130,296,NOT FLIPPED,NOT FLIPPED,6000,MED,78,edge,5735,1,NOT FLIPPED,LOW,,ATTR-OK
72724133,d8368e10-0c35-11f1-8768-5551e7a34f27,Big Country Mobile Home & RV Park-Cust,16130/296,3610-C,16131,296,NOT FLIPPED,NOT FLIPPED,6000,MED,-1,edge,5704,7,NOT FLIPPED,LOW,,ATTR-OK
72719414,da8d9d70-0c35-11f1-8768-5551e7a34f27,Big Country Mobile Home & RV Park-Cust,16130/296,3503-A,16130,296,NOT FLIPPED,NOT FLIPPED,6000,MED,-124,edge,5503,0,NOT FLIPPED,LOW,,ATTR-OK
75369767,dfb495b0-0c35-11f1-8768-5551e7a34f27,Big Country Mobile Home & RV Park-Cust,16130/296,3608-C,16130,296,FLIPPED,FLIPPED,5287,MED,37,edge,6,4658,FLIPPED,LOW,,ATTR-OK
72715461,dffe48e0-0c35-11f1-8768-5551e7a34f27,Big Country Mobile Home & RV Park-Cust,16130/296,3508-E,16130,296,NOT FLIPPED,NOT FLIPPED,19,,,,0,0,,NO-DRAWS,,ATTR-PRESENT
75370377,e89eccf0-0c34-11f1-8768-5551e7a34f27,Big Country Mobile Home & RV Park-Cust,16130/296,3500-A,16131,296,FLIPPED,FLIPPED,5998,MED,21,edge,0,5372,FLIPPED,LOW,,ATTR-OK
75372258,e9fc8830-0c34-11f1-8768-5551e7a34f27,Big Country Mobile Home & RV Park-Cust,16130/296,3502-C,16130,296,FLIPPED,FLIPPED,5998,MED,-196,edge,75,5372,FLIPPED,LOW,,ATTR-OK
75372696,eb8ca8a0-0c35-11f1-8768-5551e7a34f27,Big Country Mobile Home & RV Park-Cust,16130/296,3500-E,16130,296,FLIPPED,FLIPPED,6000,MED,88,edge,8,5713,FLIPPED,LOW,,ATTR-OK
75374379,f1ae22f0-0c34-11f1-8768-5551e7a34f27,Big Country Mobile Home & RV Park-Cust,16130/296,3505-D,16130,296,NOT FLIPPED,NOT FLIPPED,3042,MED,36,edge,2722,0,NOT FLIPPED,LOW,,ATTR-OK
75372100,f1f7af10-0c34-11f1-8768-5551e7a34f27,Big Country Mobile Home & RV Park-Cust,16130/296,3506-C,16185,314,NOT FLIPPED,NOT FLIPPED,6000,MED,-138,edge,5830,8,NOT FLIPPED,LOW,,ATTR-OK
75369718,f1fa0390-0c35-11f1-8768-5551e7a34f27,Big Country Mobile Home & RV Park-Cust,16130/296,3504-D,16131,296,NOT FLIPPED,NOT FLIPPED,5999,MED,26,edge,5609,24,NOT FLIPPED,LOW,,ATTR-OK
75370708,fff2a200-0c34-11f1-8768-5551e7a34f27,Big Country Mobile Home & RV Park-Cust,16130/296,3510-E,16185,314,FLIPPED,FLIPPED,5998,MED,-47,edge,0,4619,FLIPPED,LOW,,ATTR-OK
72380726,3bacd1d0-84a4-11f0-8b4a-0d0197d44616,Lafountaine MHC,15019/219,115BS,16131,296,NOT FLIPPED,,5999,MED,30,edge,5705,0,NOT FLIPPED,LOW,1,PIN
70262850,3c06d8b0-84a4-11f0-8b4a-0d0197d44616,Lafountaine MHC,15019/219,115CC,16048,272,UNKNOWN,,0,,,,0,0,,NO-DRAWS,,NO-DATA
72388901,41b55070-84a4-11f0-8b4a-0d0197d44616,Lafountaine MHC,15019/219,116ND,16131,296,NOT FLIPPED,,5996,MED,22,edge,4922,0,NOT FLIPPED,LOW,1,PIN
72388927,61b49b80-84a2-11f0-8b4a-0d0197d44616,Lafountaine MHC,15019/219,111FL,16131,296,NOT FLIPPED,,6000,MED,58,edge,5691,0,NOT FLIPPED,LOW,1,PIN
72389149,671da5d0-84a2-11f0-8b4a-0d0197d44616,Lafountaine MHC,15019/219,102PV,16131,296,FLIPPED,,5999,MED,-176,edge,11,5715,FLIPPED,LOW,2,PIN
72380072,679c99d0-84a2-11f0-8b4a-0d0197d44616,Lafountaine MHC,15019/219,102HT,16131,296,NOT FLIPPED,,804,MED,-261,edge,626,1,NOT FLIPPED,LOW,1,PIN
72384942,6ce32800-84a2-11f0-8b4a-0d0197d44616,Lafountaine MHC,15019/219,111BS,16131,296,FLIPPED,,6000,MED,4023,edge,0,5888,FLIPPED,LOW,2,PIN
65830799,70f9f730-e4dd-11ef-a76f-4d93d4a482f0,Lafountaine MHC,15019/219,110GT,16131,296,NOT FLIPPED,,5998,MED,87,edge,5051,2,NOT FLIPPED,LOW,1,PIN
72388521,85809410-84a2-11f0-8b4a-0d0197d44616,Lafountaine MHC,15019/219,109CC,16131,296,NOT FLIPPED,,0,,,,0,0,,NO-DRAWS,,REPORTED-ONLY
72391996,87d42100-84a2-11f0-8b4a-0d0197d44616,Lafountaine MHC,15019/219,136CC,16131,296,NOT FLIPPED,,5998,MED,40,edge,5647,0,NOT FLIPPED,LOW,1,PIN
77057646,8cad9d30-4151-11f0-8e55-b138a1c03c8e,Lafountaine MHC,15019/219,100BS,16131,296,FLIPPED,,97,MED,110,edge,0,53,FLIPPED,LOW,2,PIN
77056622,8d23dea0-4151-11f0-8e55-b138a1c03c8e,Lafountaine MHC,15019/219,103FL,16131,296,FLIPPED,,5999,MED,-5,edge,0,5516,FLIPPED,LOW,2,PIN
65826417,9d274370-e646-11ef-bcd4-5bcca9a9134f,Lafountaine MHC,15019/219,105CC,16131,296,NOT FLIPPED,,5997,MED,21,edge,5033,0,NOT FLIPPED,LOW,1,PIN
72388703,a3068fd0-84a2-11f0-8b4a-0d0197d44616,Lafountaine MHC,15019/219,101PV,16131,296,NOT FLIPPED,,6000,MED,-26,edge,5693,22,NOT FLIPPED,LOW,1,PIN
77053223,c7ba30f0-4151-11f0-8e55-b138a1c03c8e,Lafountaine MHC,15019/219,109FL,16131,296,NOT FLIPPED,,5999,MED,53,edge,5703,0,NOT FLIPPED,LOW,1,PIN
72389552,02be3d70-84e3-11f0-8b4a-0d0197d44616,Trans Canada,362/209,LVB21,362,209,FLIPPED,FLIPPED,0,,,,0,0,,NO-DRAWS,,ATTR-PRESENT
72387192,055c3130-8430-11f0-8b4a-0d0197d44616,Trans Canada,362/209,B11TC,362,209,FLIPPED,FLIPPED,6000,MED,,,0,0,,AMBIGUOUS-ZERO,,AMBIGUOUS-ZERO
77060251,0d6801b0-3ce6-11f0-8e55-b138a1c03c8e,Trans Canada,362/209,LVB11,362,209,NOT FLIPPED,NOT FLIPPED,6000,MED,,,0,0,,AMBIGUOUS-ZERO,,AMBIGUOUS-ZERO
77029165,0eb80150-3ce6-11f0-8e55-b138a1c03c8e,Trans Canada,362/209,LVD3,362,209,NOT FLIPPED,NOT FLIPPED,6000,MED,,,0,0,,AMBIGUOUS-ZERO,,AMBIGUOUS-ZERO
77056127,11802200-3ce6-11f0-8e55-b138a1c03c8e,Trans Canada,362/209,LVB13,362,209,NOT FLIPPED,NOT FLIPPED,6000,MED,,,0,0,,AMBIGUOUS-ZERO,,AMBIGUOUS-ZERO
77041350,11c911e0-3ce6-11f0-8e55-b138a1c03c8e,Trans Canada,362/209,LVB8,362,209,NOT FLIPPED,NOT FLIPPED,1969,MED,,,0,0,,AMBIGUOUS-ZERO,,AMBIGUOUS-ZERO
77028704,1316c790-3ce6-11f0-8e55-b138a1c03c8e,Trans Canada,362/209,LVB24,362,209,NOT FLIPPED,NOT FLIPPED,6000,MED,,,0,0,,AMBIGUOUS-ZERO,,AMBIGUOUS-ZERO
77061085,13575300-3ce6-11f0-8e55-b138a1c03c8e,Trans Canada,362/209,LVD4,362,209,NOT FLIPPED,,6000,MED,,,0,0,,AMBIGUOUS-ZERO,,AMBIGUOUS-ZERO
75370252,136deed0-0c98-11f1-8768-5551e7a34f27,Trans Canada,362/209,LVC3,362,209,NOT FLIPPED,NOT FLIPPED,0,,,,0,0,,NO-DRAWS,,ATTR-PRESENT
77055434,140c2410-3ce6-11f0-8e55-b138a1c03c8e,Trans Canada,362/209,A9TC,362,209,UNKNOWN,,0,,,,0,0,,NO-DRAWS,,NO-DATA
77055020,155b1240-3ce6-11f0-8e55-b138a1c03c8e,Trans Canada,362/209,LVB2,362,209,NOT FLIPPED,NOT FLIPPED,5995,MED,,,0,0,,AMBIGUOUS-ZERO,,AMBIGUOUS-ZERO
72389339,15d0bc90-8465-11f0-8b4a-0d0197d44616,Trans Canada,362/209,E1TC,362,209,NOT FLIPPED,NOT FLIPPED,6000,MED,,,0,0,,AMBIGUOUS-ZERO,,AMBIGUOUS-ZERO
77055046,15f41df0-3ce6-11f0-8e55-b138a1c03c8e,Trans Canada,362/209,LVB4,362,209,FLIPPED,FLIPPED,5996,MED,,,0,0,,AMBIGUOUS-ZERO,,AMBIGUOUS-ZERO
72380189,16c8dc60-845e-11f0-8b4a-0d0197d44616,Trans Canada,362/209,LVC8,362,209,FLIPPED,FLIPPED,0,,,,0,0,,NO-DRAWS,,ATTR-PRESENT
72389909,1786ae20-845e-11f0-8b4a-0d0197d44616,Trans Canada,362/209,LVA25,362,209,FLIPPED,FLIPPED,0,,,,0,0,,NO-DRAWS,,ATTR-PRESENT
65829569,19b35500-01ef-11f0-92a4-09772dfb61f8,Trans Canada,362/209,E18TC,362,209,NOT FLIPPED,NOT FLIPPED,5999,MED,,,0,0,,AMBIGUOUS-ZERO,,AMBIGUOUS-ZERO
77056283,1be89f60-3ce6-11f0-8e55-b138a1c03c8e,Trans Canada,362/209,LVB14,362,209,NOT FLIPPED,NOT FLIPPED,5999,MED,,,0,0,,AMBIGUOUS-ZERO,,AMBIGUOUS-ZERO
77054064,1cc6a350-3ce6-11f0-8e55-b138a1c03c8e,Trans Canada,362/209,LVB12,362,209,FLIPPED,FLIPPED,6000,MED,,,0,0,,AMBIGUOUS-ZERO,,AMBIGUOUS-ZERO
65830260,22d4a1d0-e984-11ef-b35e-23eef2ba43da,Trans Canada,362/209,F14TC,362,209,FLIPPED,FLIPPED,5998,MED,,,0,0,,AMBIGUOUS-ZERO,,AMBIGUOUS-ZERO
75365120,25ce9060-0c99-11f1-8768-5551e7a34f27,Trans Canada,362/209,C21TC,362,209,FLIPPED,FLIPPED,0,,,,0,0,,NO-DRAWS,,ATTR-PRESENT
72378464,293926a0-8465-11f0-8b4a-0d0197d44616,Trans Canada,362/209,LVB20,362,209,NOT FLIPPED,NOT FLIPPED,6000,MED,,,0,0,,AMBIGUOUS-ZERO,,AMBIGUOUS-ZERO
75363240,2a568980-0c99-11f1-8768-5551e7a34f27,Trans Canada,362/209,C11TC,362,209,UNKNOWN,,0,,,,0,0,,NO-DRAWS,,NO-DATA
75369064,2df31130-0c99-11f1-8768-5551e7a34f27,Trans Canada,362/209,LVA13,362,209,NOT FLIPPED,NOT FLIPPED,5998,MED,,,0,0,,AMBIGUOUS-ZERO,,AMBIGUOUS-ZERO
79461701,2f7330e0-3aa1-11f1-b198-172a4a9f25c9,Trans Canada,362/209,LVJ8,362,209,NOT FLIPPED,NOT FLIPPED,6000,MED,,,0,0,,AMBIGUOUS-ZERO,,AMBIGUOUS-ZERO
79454706,33e1fcb0-3aa1-11f1-b198-172a4a9f25c9,Trans Canada,362/209,LVB16,362,209,NOT FLIPPED,NOT FLIPPED,5999,MED,,,0,0,,AMBIGUOUS-ZERO,,AMBIGUOUS-ZERO
75364834,349f0650-0c9a-11f1-8768-5551e7a34f27,Trans Canada,362/209,LVJ4,362,209,FLIPPED,FLIPPED,0,,,,0,0,,NO-DRAWS,,ATTR-PRESENT
72388810,39b5c2a0-8379-11f0-8b4a-0d0197d44616,Trans Canada,362/209,E19TC,16185,314,FLIPPED,FLIPPED,6000,MED,-209,edge,19,5138,FLIPPED,LOW,,ATTR-OK
77054692,3d145750-3cf6-11f0-8e55-b138a1c03c8e,Trans Canada,362/209,B5TC,362,209,FLIPPED,FLIPPED,5997,MED,,,0,0,,AMBIGUOUS-ZERO,,AMBIGUOUS-ZERO
72379991,3de13cd0-848a-11f0-8b4a-0d0197d44616,Trans Canada,362/209,C20TC,362,209,NOT FLIPPED,NOT FLIPPED,0,,,,0,0,,NO-DRAWS,,ATTR-PRESENT
79462790,3e920a60-3aa1-11f1-b198-172a4a9f25c9,Trans Canada,362/209,LVA10,16131,296,FLIPPED,FLIPPED,0,,,,0,0,,NO-DRAWS,,ATTR-PRESENT
77028910,3f2bb4a0-3db1-11f0-8e55-b138a1c03c8e,Trans Canada,362/209,C12TC,362,209,FLIPPED,FLIPPED,147,,,,0,0,,NO-DRAWS,,NO-DRAWS
77053462,400c06c0-3ce6-11f0-8e55-b138a1c03c8e,Trans Canada,362/209,LVB6,16185,314,NOT FLIPPED,NOT FLIPPED,5999,MED,-1,edge,5548,2,NOT FLIPPED,LOW,,ATTR-OK
77055285,422c8280-3cf6-11f0-8e55-b138a1c03c8e,Trans Canada,362/209,E7TC,362,209,NOT FLIPPED,NOT FLIPPED,6000,MED,,,0,0,,AMBIGUOUS-ZERO,,AMBIGUOUS-ZERO
79460323,42557b00-3aa1-11f1-b198-172a4a9f25c9,Trans Canada,362/209,LVD2,362,209,NOT FLIPPED,NOT FLIPPED,0,,,,0,0,,NO-DRAWS,,ATTR-PRESENT
79460711,441f3e80-3aa1-11f1-b198-172a4a9f25c9,Trans Canada,362/209,LVC1,362,209,FLIPPED,FLIPPED,0,,,,0,0,,NO-DRAWS,,ATTR-PRESENT
77060079,44e783d0-3cf6-11f0-8e55-b138a1c03c8e,Trans Canada,362/209,E5TC,362,209,NOT FLIPPED,NOT FLIPPED,5998,MED,,,0,0,,AMBIGUOUS-ZERO,,AMBIGUOUS-ZERO
77029066,44f28050-3cf6-11f0-8e55-b138a1c03c8e,Trans Canada,362/209,F6TC,362,209,FLIPPED,FLIPPED,0,,,,0,0,,NO-DRAWS,,ATTR-PRESENT
77056879,454708f0-3cf6-11f0-8e55-b138a1c03c8e,Trans Canada,362/209,F3TC,16185,314,FLIPPED,FLIPPED,5999,MED,37,edge,0,5639,FLIPPED,LOW,,ATTR-OK
77061515,45cba240-3cf6-11f0-8e55-b138a1c03c8e,Trans Canada,362/209,F10ATC,362,209,NOT FLIPPED,NOT FLIPPED,6000,MED,,,0,0,,AMBIGUOUS-ZERO,,AMBIGUOUS-ZERO
77029496,45dd5580-3cf6-11f0-8e55-b138a1c03c8e,Trans Canada,362/209,F8TC,16185,314,NOT FLIPPED,NOT FLIPPED,5998,MED,35,edge,5083,0,NOT FLIPPED,LOW,,ATTR-OK
77055087,45f6f800-3cf6-11f0-8e55-b138a1c03c8e,Trans Canada,362/209,F7TC,362,209,NOT FLIPPED,NOT FLIPPED,5996,MED,,,0,0,,AMBIGUOUS-ZERO,,AMBIGUOUS-ZERO
77060459,46284130-3cf6-11f0-8e55-b138a1c03c8e,Trans Canada,362/209,F2TC,362,209,FLIPPED,FLIPPED,6000,MED,,,0,0,,AMBIGUOUS-ZERO,,AMBIGUOUS-ZERO
72390410,463fdd40-8486-11f0-8b4a-0d0197d44616,Trans Canada,362/209,LVC9,362,209,FLIPPED,FLIPPED,5999,MED,,,0,0,,AMBIGUOUS-ZERO,,AMBIGUOUS-ZERO
77056663,46a5fcb0-3cf6-11f0-8e55-b138a1c03c8e,Trans Canada,362/209,E23TC,362,209,NOT FLIPPED,NOT FLIPPED,6000,MED,,,0,0,,AMBIGUOUS-ZERO,,AMBIGUOUS-ZERO
72382151,4933a4d0-8465-11f0-8b4a-0d0197d44616,Trans Canada,362/209,E8TC,362,209,NOT FLIPPED,NOT FLIPPED,0,,,,0,0,,NO-DRAWS,,ATTR-PRESENT
77058529,4dfe2430-3da3-11f0-8e55-b138a1c03c8e,Trans Canada,362/209,LVA8,362,209,NOT FLIPPED,NOT FLIPPED,5997,MED,,,0,0,,AMBIGUOUS-ZERO,,AMBIGUOUS-ZERO
77053199,4e35dda0-3d01-11f0-8e55-b138a1c03c8e,Trans Canada,362/209,A5TC,362,209,NOT FLIPPED,NOT FLIPPED,6000,MED,,,0,0,,AMBIGUOUS-ZERO,,AMBIGUOUS-ZERO
77056804,4eb805f0-3d01-11f0-8e55-b138a1c03c8e,Trans Canada,362/209,B14TC,362,209,NOT FLIPPED,,2388,MED,,,0,0,,AMBIGUOUS-ZERO,,AMBIGUOUS-ZERO
77056564,4f4aef80-3da3-11f0-8e55-b138a1c03c8e,Trans Canada,362/209,D22TC,362,209,NOT FLIPPED,NOT FLIPPED,5998,MED,,,0,0,,AMBIGUOUS-ZERO,,AMBIGUOUS-ZERO
77060046,4f76c210-3d01-11f0-8e55-b138a1c03c8e,Trans Canada,362/209,B13TC,16022,260,NOT FLIPPED,NOT FLIPPED,1676,MED,171,edge,1574,0,NOT FLIPPED,LOW,,ATTR-OK
77055319,512813f0-3da3-11f0-8e55-b138a1c03c8e,Trans Canada,362/209,LVA1,362,209,FLIPPED,FLIPPED,3919,MED,,,0,0,,AMBIGUOUS-ZERO,,AMBIGUOUS-ZERO
77041335,5136f100-3cf3-11f0-8e55-b138a1c03c8e,Trans Canada,362/209,LVB9,362,209,NOT FLIPPED,NOT FLIPPED,5998,MED,,,0,0,,AMBIGUOUS-ZERO,,AMBIGUOUS-ZERO
72388026,51a33d60-842e-11f0-8b4a-0d0197d44616,Trans Canada,362/209,C18TC,362,209,NOT FLIPPED,NOT FLIPPED,5998,MED,,,0,0,,AMBIGUOUS-ZERO,,AMBIGUOUS-ZERO
77036871,5258d360-3d01-11f0-8e55-b138a1c03c8e,Trans Canada,362/209,LVA21,362,209,FLIPPED,FLIPPED,6000,MED,,,0,0,,AMBIGUOUS-ZERO,,AMBIGUOUS-ZERO
77058479,52820740-3cf6-11f0-8e55-b138a1c03c8e,Trans Canada,362/209,LVA23,362,209,FLIPPED,FLIPPED,5997,MED,,,0,0,,AMBIGUOUS-ZERO,,AMBIGUOUS-ZERO
77060178,52a2a600-3da3-11f0-8e55-b138a1c03c8e,Trans Canada,362/209,LVA15,362,209,NOT FLIPPED,NOT FLIPPED,3423,MED,,,0,0,,AMBIGUOUS-ZERO,,AMBIGUOUS-ZERO
77055921,52f5d6b0-3d01-11f0-8e55-b138a1c03c8e,Trans Canada,362/209,C5TC,362,209,FLIPPED,FLIPPED,5999,MED,,,0,0,,AMBIGUOUS-ZERO,,AMBIGUOUS-ZERO
77028647,541dfb60-3da3-11f0-8e55-b138a1c03c8e,Trans Canada,362/209,LVA5,362,209,NOT FLIPPED,NOT FLIPPED,5999,MED,,,0,0,,AMBIGUOUS-ZERO,,AMBIGUOUS-ZERO
77028696,54765c30-3d01-11f0-8e55-b138a1c03c8e,Trans Canada,362/209,B21TC,362,209,FLIPPED,FLIPPED,6000,MED,,,0,0,,AMBIGUOUS-ZERO,,AMBIGUOUS-ZERO
77055368,54913730-3d01-11f0-8e55-b138a1c03c8e,Trans Canada,362/209,A3TC,362,209,NOT FLIPPED,NOT FLIPPED,5998,MED,,,0,0,,AMBIGUOUS-ZERO,,AMBIGUOUS-ZERO
77054932,54ab27d0-3d01-11f0-8e55-b138a1c03c8e,Trans Canada,362/209,A19TC,362,209,NOT FLIPPED,NOT FLIPPED,5995,MED,,,0,0,,AMBIGUOUS-ZERO,,AMBIGUOUS-ZERO
77029157,552c17a0-3d01-11f0-8e55-b138a1c03c8e,Trans Canada,362/209,B2TC,16185,314,NOT FLIPPED,NOT FLIPPED,5999,MED,57,edge,5295,107,NOT FLIPPED,LOW,,ATTR-OK
77036707,55dd85b0-3da3-11f0-8e55-b138a1c03c8e,Trans Canada,362/209,LVA11,362,209,NOT FLIPPED,NOT FLIPPED,6000,MED,,,0,0,,AMBIGUOUS-ZERO,,AMBIGUOUS-ZERO
77053421,56baa6e0-3d01-11f0-8e55-b138a1c03c8e,Trans Canada,362/209,A15TC,362,209,FLIPPED,FLIPPED,6000,MED,,,0,0,,AMBIGUOUS-ZERO,,AMBIGUOUS-ZERO
77057562,576d9b90-3da3-11f0-8e55-b138a1c03c8e,Trans Canada,362/209,F1TC,362,209,FLIPPED,FLIPPED,5998,MED,,,0,0,,AMBIGUOUS-ZERO,,AMBIGUOUS-ZERO
77054726,58bab500-3da3-11f0-8e55-b138a1c03c8e,Trans Canada,362/209,LVA14,362,209,NOT FLIPPED,NOT FLIPPED,5999,MED,,,0,0,,AMBIGUOUS-ZERO,,AMBIGUOUS-ZERO
72382482,58f998c0-842e-11f0-8b4a-0d0197d44616,Trans Canada,362/209,E14TC,16128,295,NOT FLIPPED,NOT FLIPPED,0,,,,0,0,,NO-DRAWS,,ATTR-PRESENT
77058644,5aadb300-3d01-11f0-8e55-b138a1c03c8e,Trans Canada,362/209,B8TC,16022,260,NOT FLIPPED,NOT FLIPPED,0,,,,0,0,,NO-DRAWS,,ATTR-PRESENT
77055418,5fee6d30-3da3-11f0-8e55-b138a1c03c8e,Trans Canada,362/209,F17TC,362,209,NOT FLIPPED,NOT FLIPPED,5999,MED,,,0,0,,AMBIGUOUS-ZERO,,AMBIGUOUS-ZERO
77055616,62cc38c0-3da3-11f0-8e55-b138a1c03c8e,Trans Canada,362/209,LVA2,362,209,NOT FLIPPED,NOT FLIPPED,2907,MED,,,0,0,,AMBIGUOUS-ZERO,,AMBIGUOUS-ZERO
77061168,63f30d20-3d01-11f0-8e55-b138a1c03c8e,Trans Canada,362/209,C9TC,362,209,FLIPPED,FLIPPED,5999,MED,,,0,0,,AMBIGUOUS-ZERO,,AMBIGUOUS-ZERO
77054536,67c62d90-3da3-11f0-8e55-b138a1c03c8e,Trans Canada,362/209,F18TC,362,209,FLIPPED,FLIPPED,5997,MED,,,0,0,,AMBIGUOUS-ZERO,,AMBIGUOUS-ZERO
72380734,68364890-8430-11f0-8b4a-0d0197d44616,Trans Canada,362/209,D19TC,16022,260,FLIPPED,FLIPPED,0,,,,0,0,,NO-DRAWS,,ATTR-PRESENT
72385162,692a12e0-843a-11f0-8b4a-0d0197d44616,Trans Canada,362/209,LVJ1,362,209,NOT FLIPPED,,0,,,,0,0,,NO-DRAWS,,REPORTED-ONLY
77054403,69f50790-3dbb-11f0-8e55-b138a1c03c8e,Trans Canada,362/209,LVB25,362,209,NOT FLIPPED,NOT FLIPPED,5999,MED,,,0,0,,AMBIGUOUS-ZERO,,AMBIGUOUS-ZERO
77056242,6a325330-3d01-11f0-8e55-b138a1c03c8e,Trans Canada,362/209,B12TC,16022,260,NOT FLIPPED,NOT FLIPPED,5999,MED,53,edge,5468,2,NOT FLIPPED,LOW,,ATTR-OK
70263551,70456270-8479-11f0-8b4a-0d0197d44616,Trans Canada,362/209,LVA26,362,209,FLIPPED,FLIPPED,0,,,,0,0,,NO-DRAWS,,ATTR-PRESENT
77036921,70c458a0-3dbb-11f0-8e55-b138a1c03c8e,Trans Canada,362/209,LVB18,16022,260,NOT FLIPPED,NOT FLIPPED,84,MED,,,0,0,,AMBIGUOUS-ZERO,,AMBIGUOUS-ZERO
72378233,70d463f0-84e5-11f0-8b4a-0d0197d44616,Trans Canada,362/209,F15TC,362,209,FLIPPED,FLIPPED,6000,MED,,,0,0,,AMBIGUOUS-ZERO,,AMBIGUOUS-ZERO
72386756,74738fe0-8486-11f0-8b4a-0d0197d44616,Trans Canada,362/209,E12TC,362,209,NOT FLIPPED,NOT FLIPPED,0,,,,0,0,,NO-DRAWS,,ATTR-PRESENT
65826482,7a68ac10-01f9-11f0-92a4-09772dfb61f8,Trans Canada,362/209,D12TC,362,209,UNKNOWN,,4619,MED,,,0,0,,AMBIGUOUS-ZERO,,AMBIGUOUS-ZERO
77057463,7fc0d8b0-3d9d-11f0-8e55-b138a1c03c8e,Trans Canada,362/209,LVC2,362,209,NOT FLIPPED,NOT FLIPPED,6000,MED,,,0,0,,AMBIGUOUS-ZERO,,AMBIGUOUS-ZERO
77055301,8149ee10-3dbb-11f0-8e55-b138a1c03c8e,Trans Canada,362/209,LVJ5,362,209,NOT FLIPPED,NOT FLIPPED,6000,MED,,,0,0,,AMBIGUOUS-ZERO,,AMBIGUOUS-ZERO
77058024,82490a30-3d9d-11f0-8e55-b138a1c03c8e,Trans Canada,362/209,LVC6,16185,314,FLIPPED,,6000,MED,-14017,largest,41,0,NOT FLIPPED,LOW,,CONFLICT
77061648,829f8ea0-3d9d-11f0-8e55-b138a1c03c8e,Trans Canada,362/209,LVA22,362,209,NOT FLIPPED,NOT FLIPPED,5998,MED,,,0,0,,AMBIGUOUS-ZERO,,AMBIGUOUS-ZERO
77056531,82af9430-3d9d-11f0-8e55-b138a1c03c8e,Trans Canada,362/209,LVC4,362,209,NOT FLIPPED,NOT FLIPPED,5998,MED,,,0,0,,AMBIGUOUS-ZERO,,AMBIGUOUS-ZERO
77061309,830f44c0-3dbb-11f0-8e55-b138a1c03c8e,Trans Canada,362/209,LVJ10,362,209,NOT FLIPPED,,5997,MED,,,0,0,,AMBIGUOUS-ZERO,,AMBIGUOUS-ZERO
77055335,83314750-3d9d-11f0-8e55-b138a1c03c8e,Trans Canada,362/209,LVA24,16185,314,FLIPPED,FLIPPED,5996,MED,-57,edge,0,4588,FLIPPED,LOW,,ATTR-OK
77061424,83464310-3ce6-11f0-8e55-b138a1c03c8e,Trans Canada,362/209,C16TC,16185,314,NOT FLIPPED,NOT FLIPPED,6000,MED,110,edge,5914,0,NOT FLIPPED,LOW,,ATTR-OK
77055863,83ba2660-3d9d-11f0-8e55-b138a1c03c8e,Trans Canada,362/209,LVA17,362,209,NOT FLIPPED,NOT FLIPPED,5999,MED,,,0,0,,AMBIGUOUS-ZERO,,AMBIGUOUS-ZERO
72392226,8502dfc0-847a-11f0-8b4a-0d0197d44616,Trans Canada,362/209,LVB23,362,209,FLIPPED,FLIPPED,5997,MED,,,0,0,,AMBIGUOUS-ZERO,,AMBIGUOUS-ZERO
77041871,8526da20-3dbb-11f0-8e55-b138a1c03c8e,Trans Canada,362/209,LVC12,16185,314,NOT FLIPPED,NOT FLIPPED,6000,MED,8,edge,5683,0,NOT FLIPPED,LOW,,ATTR-OK
77059527,85c7d510-3dbb-11f0-8e55-b138a1c03c8e,Trans Canada,362/209,LVJ3,16185,314,NOT FLIPPED,NOT FLIPPED,6000,MED,,,0,0,,AMBIGUOUS-ZERO,,AMBIGUOUS-ZERO
77056275,8add4120-3dbb-11f0-8e55-b138a1c03c8e,Trans Canada,362/209,LVJ7,362,209,NOT FLIPPED,NOT FLIPPED,5999,MED,,,0,0,,AMBIGUOUS-ZERO,,AMBIGUOUS-ZERO
72386632,8c217ec0-8479-11f0-8b4a-0d0197d44616,Trans Canada,362/209,F11TC,362,209,NOT FLIPPED,NOT FLIPPED,5105,MED,,,0,0,,AMBIGUOUS-ZERO,,AMBIGUOUS-ZERO
77062117,8c3e09a0-3dbb-11f0-8e55-b138a1c03c8e,Trans Canada,362/209,LVJ11,362,209,NOT FLIPPED,NOT FLIPPED,6000,MED,,,0,0,,AMBIGUOUS-ZERO,,AMBIGUOUS-ZERO
77056978,8deb6720-3d9d-11f0-8e55-b138a1c03c8e,Trans Canada,362/209,LVC7,16185,314,NOT FLIPPED,NOT FLIPPED,5999,MED,-30,edge,5352,0,NOT FLIPPED,LOW,,ATTR-OK
72393000,8ee3e620-82e4-11f0-8b4a-0d0197d44616,Trans Canada,362/209,LVC10,362,209,NOT FLIPPED,NOT FLIPPED,5999,MED,,,0,0,,AMBIGUOUS-ZERO,,AMBIGUOUS-ZERO
77053900,914b5f60-3dbb-11f0-8e55-b138a1c03c8e,Trans Canada,362/209,LVB7,362,209,FLIPPED,FLIPPED,5999,MED,,,0,0,,AMBIGUOUS-ZERO,,AMBIGUOUS-ZERO
77058701,9407c040-3dbb-11f0-8e55-b138a1c03c8e,Trans Canada,362/209,LVB17,362,209,NOT FLIPPED,NOT FLIPPED,6000,MED,,,0,0,,AMBIGUOUS-ZERO,,AMBIGUOUS-ZERO
68588175,95ce3460-be43-11ef-8f43-73c96c0de66f,Trans Canada,362/209,LVA7,362,209,NOT FLIPPED,NOT FLIPPED,6000,MED,,,0,0,,AMBIGUOUS-ZERO,,AMBIGUOUS-ZERO
75373199,961687d0-0c97-11f1-8768-5551e7a34f27,Trans Canada,362/209,LVA4,362,209,FLIPPED,FLIPPED,5998,MED,109,largest=edge,0,4508,FLIPPED,LOW,,ATTR-OK
72380841,9626e7d0-8469-11f0-8b4a-0d0197d44616,Trans Canada,362/209,F10TC,16185,314,NOT FLIPPED,NOT FLIPPED,1501,MED,211,edge,1340,14,NOT FLIPPED,LOW,,ATTR-OK
72381138,9b421780-842d-11f0-8b4a-0d0197d44616,Trans Canada,362/209,D6TC,16022,260,FLIPPED,FLIPPED,6000,MED,-219,edge,126,5445,FLIPPED,LOW,,ATTR-OK
77057448,9b47f730-3d9d-11f0-8e55-b138a1c03c8e,Trans Canada,362/209,LVA20,16185,314,NOT FLIPPED,NOT FLIPPED,5734,MED,43,edge,5530,2,NOT FLIPPED,LOW,,ATTR-OK
72382334,9bd8d700-84e2-11f0-8b4a-0d0197d44616,Trans Canada,362/209,LVB15,362,209,FLIPPED,FLIPPED,5999,MED,,,0,0,,AMBIGUOUS-ZERO,,AMBIGUOUS-ZERO
70269566,9c3bb780-84e2-11f0-8b4a-0d0197d44616,Trans Canada,362/209,D20TC,362,209,FLIPPED,FLIPPED,0,,,,0,0,,NO-DRAWS,,ATTR-PRESENT
72385287,9cd44e00-84e2-11f0-8b4a-0d0197d44616,Trans Canada,362/209,LVA9,362,209,FLIPPED,FLIPPED,6000,MED,,,0,0,,AMBIGUOUS-ZERO,,AMBIGUOUS-ZERO
72389065,9e364f00-84e2-11f0-8b4a-0d0197d44616,Trans Canada,362/209,LVA12,16185,314,NOT FLIPPED,NOT FLIPPED,6000,MED,-3792,edge,5956,0,NOT FLIPPED,LOW,,ATTR-OK
77054718,9e429df0-3dbb-11f0-8e55-b138a1c03c8e,Trans Canada,362/209,LVJ6,362,209,FLIPPED,FLIPPED,6000,MED,,,0,0,,AMBIGUOUS-ZERO,,AMBIGUOUS-ZERO
72380874,a1fe7a90-84e2-11f0-8b4a-0d0197d44616,Trans Canada,362/209,F5TC,362,209,NOT FLIPPED,NOT FLIPPED,1614,MED,,,0,0,,AMBIGUOUS-ZERO,,AMBIGUOUS-ZERO
77055913,a2346d30-3d9d-11f0-8e55-b138a1c03c8e,Trans Canada,362/209,LVC11,362,209,NOT FLIPPED,NOT FLIPPED,6000,MED,,,0,0,,AMBIGUOUS-ZERO,,AMBIGUOUS-ZERO
75369841,a3306990-0c97-11f1-8768-5551e7a34f27,Trans Canada,362/209,C17TC,362,209,NOT FLIPPED,NOT FLIPPED,0,,,,0,0,,NO-DRAWS,,ATTR-PRESENT
72382821,a5d4fe00-84e2-11f0-8b4a-0d0197d44616,Trans Canada,362/209,F16TC,16022,260,FLIPPED,FLIPPED,6000,MED,-76,edge,4,5366,FLIPPED,LOW,,ATTR-OK
72391970,bf5ef1c0-8486-11f0-8b4a-0d0197d44616,Trans Canada,362/209,LVB1,16185,314,FLIPPED,FLIPPED,6000,MED,-36,edge,0,5491,FLIPPED,LOW,,ATTR-OK
72385790,c62fbfe0-847a-11f0-8b4a-0d0197d44616,Trans Canada,362/209,LVA19,16161,296,NOT FLIPPED,NOT FLIPPED,5995,MED,92,edge,3400,0,NOT FLIPPED,LOW,,ATTR-OK
72386764,cf0ebe10-842d-11f0-8b4a-0d0197d44616,Trans Canada,362/209,E15TC,16185,314,NOT FLIPPED,NOT FLIPPED,5999,MED,-18,edge,5221,87,NOT FLIPPED,LOW,,ATTR-OK
72390964,d805ca20-847a-11f0-8b4a-0d0197d44616,Trans Canada,362/209,D10TC,362,209,NOT FLIPPED,NOT FLIPPED,0,,,,0,0,,NO-DRAWS,,ATTR-PRESENT
72379819,e24e3c60-847a-11f0-8b4a-0d0197d44616,Trans Canada,362/209,LVA6,362,209,FLIPPED,FLIPPED,0,,,,0,0,,NO-DRAWS,,ATTR-PRESENT
65827134,e2db0650-3d9d-11f0-8e55-b138a1c03c8e,Trans Canada,362/209,LVA18,362,209,FLIPPED,FLIPPED,5996,MED,,,0,0,,AMBIGUOUS-ZERO,,AMBIGUOUS-ZERO
72390378,e40518e0-84e2-11f0-8b4a-0d0197d44616,Trans Canada,362/209,LVA3,16022,260,NOT FLIPPED,NOT FLIPPED,5998,MED,-52,edge,5387,0,NOT FLIPPED,LOW,,ATTR-OK
65822002,e8a41a00-263b-11f0-8272-45e3ef110760,Trans Canada,362/209,C7TC,362,209,NOT FLIPPED,NOT FLIPPED,5998,MED,,,0,0,,AMBIGUOUS-ZERO,,AMBIGUOUS-ZERO
72718184,f01bf570-c6c0-11f0-9842-6d029661c338,Trans Canada,362/209,LVB22,16022,260,UNKNOWN,,0,,,,0,0,,NO-DRAWS,,NO-DATA
72388240,f0a65ff0-8479-11f0-8b4a-0d0197d44616,Trans Canada,362/209,F9TC,362,209,FLIPPED,FLIPPED,0,,,,0,0,,NO-DRAWS,,ATTR-PRESENT
72386020,f2789730-84e2-11f0-8b4a-0d0197d44616,Trans Canada,362/209,LVB3,362,209,NOT FLIPPED,NOT FLIPPED,0,,,,0,0,,NO-DRAWS,,ATTR-PRESENT
72384835,f5050840-84ff-11f0-8b4a-0d0197d44616,Trans Canada,362/209,LVJ9,362,209,NOT FLIPPED,NOT FLIPPED,0,,,,0,0,,NO-DRAWS,,ATTR-PRESENT
77058453,f54896a0-3d92-11f0-8e55-b138a1c03c8e,Trans Canada,362/209,C3TC,362,209,NOT FLIPPED,NOT FLIPPED,5998,MED,,,0,0,,AMBIGUOUS-ZERO,,AMBIGUOUS-ZERO
65826110,f5941e90-3d92-11f0-8e55-b138a1c03c8e,Trans Canada,362/209,D10ATC,362,209,FLIPPED,,0,,,,0,0,,NO-DRAWS,,REPORTED-ONLY
72385667,f73adc70-842d-11f0-8b4a-0d0197d44616,Trans Canada,362/209,E20TC,362,209,FLIPPED,FLIPPED,0,,,,0,0,,NO-DRAWS,,ATTR-PRESENT
77056689,fc9d4450-3d92-11f0-8e55-b138a1c03c8e,Trans Canada,362/209,LVC5,362,209,FLIPPED,FLIPPED,2286,MED,,,0,0,,AMBIGUOUS-ZERO,,AMBIGUOUS-ZERO
77060475,fcba1b20-3d92-11f0-8e55-b138a1c03c8e,Trans Canada,362/209,E16TC,362,209,FLIPPED,FLIPPED,6000,MED,,,0,0,,AMBIGUOUS-ZERO,,AMBIGUOUS-ZERO
72386061,fce251e0-8486-11f0-8b4a-0d0197d44616,Trans Canada,362/209,A11TC,362,209,FLIPPED,FLIPPED,6000,MED,258,largest=edge,43,4395,FLIPPED,LOW,,ATTR-OK
65828710,fd3b3200-3d92-11f0-8e55-b138a1c03c8e,Trans Canada,362/209,D4TC,362,209,UNKNOWN,,0,,,,0,0,,NO-DRAWS,,NO-DATA
77053256,fe6a6330-3d92-11f0-8e55-b138a1c03c8e,Trans Canada,362/209,B10TC,362,209,FLIPPED,FLIPPED,6000,MED,,,0,0,,AMBIGUOUS-ZERO,,AMBIGUOUS-ZERO
77036640,ff5addb0-3d92-11f0-8e55-b138a1c03c8e,Trans Canada,362/209,D3TC,362,209,NOT FLIPPED,NOT FLIPPED,5998,MED,,,0,0,,AMBIGUOUS-ZERO,,AMBIGUOUS-ZERO
77028746,01d7d2a0-263c-11f0-8272-45e3ef110760,Sky Run,15019/219,3,16131,296,FLIPPED,,5996,MED,-83,edge,0,5353,FLIPPED,LOW,2,PIN
65826334,30df8640-1bf8-11f0-8272-45e3ef110760,Sky Run,15019/219,21,16131,296,NOT FLIPPED,,0,,,,0,0,,NO-DRAWS,,REPORTED-ONLY
65824594,31eb02d0-1bf8-11f0-8272-45e3ef110760,Sky Run,15019/219,24,16131,296,NOT FLIPPED,,118,MED,,,0,0,,AMBIGUOUS-ZERO,,AMBIGUOUS-ZERO
77057588,8c212860-2639-11f0-8272-45e3ef110760,Sky Run,15019/219,25,16131,296,FLIPPED,,6000,MED,-45,edge,1,5645,FLIPPED,LOW,2,PIN
77057919,8e211710-2639-11f0-8272-45e3ef110760,Sky Run,15019/219,18,16131,296,NOT FLIPPED,,104,MED,,,0,0,,AMBIGUOUS-ZERO,,AMBIGUOUS-ZERO
77057802,914e3b20-2639-11f0-8272-45e3ef110760,Sky Run,15019/219,17,16131,296,FLIPPED,,0,,,,0,0,,NO-DRAWS,,REPORTED-ONLY
77036863,93014250-2639-11f0-8272-45e3ef110760,Sky Run,15019/219,19,16131,296,NOT FLIPPED,,1182,MED,57,edge,1139,0,NOT FLIPPED,LOW,1,PIN
77056648,9394a8b0-2639-11f0-8272-45e3ef110760,Sky Run,15019/219,26,16131,296,FLIPPED,,5999,MED,83,edge,9,5327,FLIPPED,LOW,2,PIN
77053546,cbbbc090-26b9-11f0-8272-45e3ef110760,Sky Run,15019/219,13,16131,296,FLIPPED,,6000,MED,-1081,largest,14,2323,FLIPPED,LOW,2,PIN
65827696,fd7e26f0-26b3-11f0-8272-45e3ef110760,Sky Run,15019/219,20,16131,296,NOT FLIPPED,,5904,MED,525,edge,683,178,NOT FLIPPED,LOW,1,PIN
70258908,84ceb3c0-6275-11f0-8658-7f4e94e41769,N Creek Dr Duplex,362/209,12,362,209,NOT FLIPPED,,5995,MED,,,0,0,,AMBIGUOUS-ZERO,,AMBIGUOUS-ZERO
70263007,fd7aa550-c052-11f0-9842-6d029661c338,N Creek Dr Duplex,362/209,8,362,209,FLIPPED,,5999,MED,,,0,0,,AMBIGUOUS-ZERO,,AMBIGUOUS-ZERO
72387754,09ebe530-db95-11f0-b691-d965a62fa4fa,Roper Center Commercial Bldg,15090/254,35,15090,254,NOT FLIPPED,,5687,MED,23,edge,4632,0,NOT FLIPPED,LOW,1,PIN
72724422,0aa3ea90-db95-11f0-b691-d965a62fa4fa,Roper Center Commercial Bldg,15090/254,29,15090,254,NOT FLIPPED,,6000,MED,235,edge,1969,39,NOT FLIPPED,LOW,1,PIN
72720644,789aa860-db7a-11f0-b691-d965a62fa4fa,Roper Center Commercial Bldg,15090/254,33,15090,254,NOT FLIPPED,,1073,MED,-76,largest,478,0,NOT FLIPPED,LOW,1,PIN
72717848,82665540-db95-11f0-b691-d965a62fa4fa,Roper Center Commercial Bldg,15090/254,23,15090,254,UNKNOWN,,6,,,,0,0,,NO-DRAWS,,NO-DATA
72714746,8bd34fe0-db7a-11f0-b691-d965a62fa4fa,Roper Center Commercial Bldg,15090/254,25,15090,254,FLIPPED,,4401,MED,-51,edge,152,1423,FLIPPED,LOW,2,PIN
70266281,956654d0-db7a-11f0-b691-d965a62fa4fa,Roper Center Commercial Bldg,15090/254,41,15090,254,FLIPPED,,6000,MED,-342,edge,68,4037,FLIPPED,LOW,2,PIN
77054270,9daa92a0-db7a-11f0-b691-d965a62fa4fa,Roper Center Commercial Bldg,15090/254,27,15090,254,NOT FLIPPED,,3260,MED,12,edge,2738,0,NOT FLIPPED,LOW,1,PIN
72715164,a2b4b410-db7a-11f0-b691-d965a62fa4fa,Roper Center Commercial Bldg,15090/254,21,15090,254,NOT FLIPPED,,7,,,,0,0,,NO-DRAWS,,REPORTED-ONLY
70259690,4fbe0850-520a-11f0-acb1-514e01860b07,Jefferson,363/219,4,16131,296,FLIPPED,FLIPPED,483,MED,219,edge,2,113,FLIPPED,LOW,,ATTR-OK
70264245,68282f60-520a-11f0-acb1-514e01860b07,Jefferson,363/219,2,363,219,FLIPPED,,6000,MED,,,0,0,,AMBIGUOUS-ZERO,,AMBIGUOUS-ZERO
75365054,0b450980-4cc8-11f1-b1bb-f3574cce671d,Haven MHP,16131/296,6,16131,296,FLIPPED,,6000,HIGH,-2048,largest,3,0,no draws,NO-DRAWS,,NO-DRAWS
75368967,0de52fd0-4cc8-11f1-b1bb-f3574cce671d,Haven MHP,16131/296,14,16131,296,NOT FLIPPED,,6000,MED,185,edge,5572,2,NOT FLIPPED,LOW,1,PIN
75368926,101949a0-4b22-11f1-bc16-b52012ce6db2,Haven MHP,16131/296,23,16131,296,NOT FLIPPED,,6000,MED,774,edge,4814,61,NOT FLIPPED,LOW,1,PIN
75369221,536fb920-4b25-11f1-bc16-b52012ce6db2,Haven MHP,16131/296,15,16131,296,NOT FLIPPED,,12,,,,0,0,,NO-DRAWS,,REPORTED-ONLY
79465892,8f26bec0-4cc7-11f1-b1bb-f3574cce671d,Haven MHP,16131/296,11,16131,296,NOT FLIPPED,,6000,MED,-2,edge,5538,0,NOT FLIPPED,LOW,1,PIN
75360477,adc75240-4cc7-11f1-b1bb-f3574cce671d,Haven MHP,16131/296,10,16131,296,NOT FLIPPED,,5998,MED,57,edge,5494,0,NOT FLIPPED,LOW,1,PIN
75369080,b477f7c0-4cc7-11f1-b1bb-f3574cce671d,Haven MHP,16131/296,2,16131,296,NOT FLIPPED,,6000,MED,64,edge,5988,0,NOT FLIPPED,LOW,1,PIN
79462949,b61023f0-4cc7-11f1-b1bb-f3574cce671d,Haven MHP,16131/296,5,16131,296,NOT FLIPPED,,5999,MED,102,edge,5894,0,NOT FLIPPED,LOW,1,PIN
75367613,b8aa7de0-4cc7-11f1-b1bb-f3574cce671d,Haven MHP,16131/296,18,16131,296,NOT FLIPPED,,423,MED,38,edge,303,14,NOT FLIPPED,LOW,1,PIN
75364891,ca441b60-4cc7-11f1-b1bb-f3574cce671d,Haven MHP,16131/296,13,16131,296,FLIPPED,,6000,MED,51,edge,5,5668,FLIPPED,LOW,2,PIN
79468045,cb39ed10-4cc7-11f1-b1bb-f3574cce671d,Haven MHP,16131/296,19,16131,296,FLIPPED,,0,,,,0,0,,NO-DRAWS,,REPORTED-ONLY
79466080,eb593150-4cc7-11f1-b1bb-f3574cce671d,Haven MHP,16131/296,22,16131,296,NOT FLIPPED,,5998,MED,63,edge,4917,0,NOT FLIPPED,LOW,1,PIN
75366425,eeb49150-4cc7-11f1-b1bb-f3574cce671d,Haven MHP,16131/296,20,16131,296,FLIPPED,,6000,MED,-81,edge,12,5817,FLIPPED,LOW,2,PIN
75361459,f669d590-4cc7-11f1-b1bb-f3574cce671d,Haven MHP,16131/296,8,16131,296,FLIPPED,,157,MED,366,edge,22,49,FLIPPED,LOW,2,PIN
72391749,3f10aee0-c050-11f0-9842-6d029661c338,Suncrest Dr MF,362/209,8,362,209,NOT FLIPPED,NOT FLIPPED,5998,MED,,,0,0,,AMBIGUOUS-ZERO,,AMBIGUOUS-ZERO
65830872,409d0690-c93f-11ef-8f43-73c96c0de66f,Suncrest Dr MF,362/209,6,362,209,FLIPPED,FLIPPED,5543,MED,,,0,0,,AMBIGUOUS-ZERO,,AMBIGUOUS-ZERO
65825443,9ac17e70-e4cf-11ef-a76f-4d93d4a482f0,Suncrest Dr MF,362/209,5,362,209,NOT FLIPPED,NOT FLIPPED,5999,MED,,,0,0,,AMBIGUOUS-ZERO,,AMBIGUOUS-ZERO
72388018,f9821af0-c052-11f0-9842-6d029661c338,Suncrest Dr MF,362/209,7,362,209,FLIPPED,FLIPPED,5995,MED,,,0,0,,AMBIGUOUS-ZERO,,AMBIGUOUS-ZERO
72384066,1db7dcf0-ad3b-11f0-98a7-c3bc57f9afe3,Sunnyvale MHP,362/209,130,16185,314,NOT FLIPPED,NOT FLIPPED,6000,MED,771,edge,0,0,no draws,NO-DRAWS,,NO-DRAWS
72384017,24db8f90-ad3b-11f0-98a7-c3bc57f9afe3,Sunnyvale MHP,362/209,125,362,209,NOT FLIPPED,NOT FLIPPED,5999,MED,,,0,0,,AMBIGUOUS-ZERO,,AMBIGUOUS-ZERO
72384181,31ec5c80-ad2e-11f0-98a7-c3bc57f9afe3,Sunnyvale MHP,362/209,121,16131,296,FLIPPED,FLIPPED,0,,,,0,0,,NO-DRAWS,,ATTR-PRESENT
70270358,477cde10-ad2b-11f0-98a7-c3bc57f9afe3,Sunnyvale MHP,362/209,113,362,209,NOT FLIPPED,NOT FLIPPED,5999,MED,,,0,0,,AMBIGUOUS-ZERO,,AMBIGUOUS-ZERO
70269772,53177d60-ad2c-11f0-98a7-c3bc57f9afe3,Sunnyvale MHP,362/209,106,362,209,FLIPPED,FLIPPED,110,MED,,,0,0,,AMBIGUOUS-ZERO,,AMBIGUOUS-ZERO
70267693,5b3ff5d0-ad2c-11f0-98a7-c3bc57f9afe3,Sunnyvale MHP,362/209,101,362,209,FLIPPED,FLIPPED,5998,MED,,,0,0,,AMBIGUOUS-ZERO,,AMBIGUOUS-ZERO
72383985,606b81f0-ad2c-11f0-98a7-c3bc57f9afe3,Sunnyvale MHP,362/209,129,16131,296,FLIPPED,FLIPPED,6000,MED,60,edge,0,5592,FLIPPED,LOW,,ATTR-OK
72383894,65721660-ad2b-11f0-98a7-c3bc57f9afe3,Sunnyvale MHP,362/209,126-Estimate 1000 gal isolation/ringing,16185,314,FLIPPED,FLIPPED,5995,MED,-333,edge,480,1154,FLIPPED,LOW,,ATTR-OK
70269269,6f2d6e60-ad2c-11f0-98a7-c3bc57f9afe3,Sunnyvale MHP,362/209,109,362,209,NOT FLIPPED,NOT FLIPPED,6000,MED,,,0,0,,AMBIGUOUS-ZERO,,AMBIGUOUS-ZERO
72380452,78448200-ad2b-11f0-98a7-c3bc57f9afe3,Sunnyvale MHP,362/209,133,16131,296,FLIPPED,FLIPPED,6000,MED,2,edge,7,3451,FLIPPED,LOW,,ATTR-OK
72384256,813ddf00-ad2b-11f0-98a7-c3bc57f9afe3,Sunnyvale MHP,362/209,120,362,209,NOT FLIPPED,NOT FLIPPED,6000,MED,,,0,0,,AMBIGUOUS-ZERO,,AMBIGUOUS-ZERO
70266232,817a99e0-ad2b-11f0-98a7-c3bc57f9afe3,Sunnyvale MHP,362/209,122,16131,296,NOT FLIPPED,NOT FLIPPED,6000,MED,-3,edge,3301,5,NOT FLIPPED,LOW,,ATTR-OK
70265937,81ad1b90-ad2b-11f0-98a7-c3bc57f9afe3,Sunnyvale MHP,362/209,105,16131,296,NOT FLIPPED,NOT FLIPPED,1113,MED,-15,edge,933,0,NOT FLIPPED,LOW,,ATTR-OK
72391723,81c42600-ad2b-11f0-98a7-c3bc57f9afe3,Sunnyvale MHP,362/209,103,362,209,FLIPPED,FLIPPED,0,,,,0,0,,NO-DRAWS,,ATTR-PRESENT
70269400,83105510-ad2b-11f0-98a7-c3bc57f9afe3,Sunnyvale MHP,362/209,111,362,209,NOT FLIPPED,NOT FLIPPED,6000,MED,,,0,0,,AMBIGUOUS-ZERO,,AMBIGUOUS-ZERO
72387978,8a18fd40-ad39-11f0-98a7-c3bc57f9afe3,Sunnyvale MHP,362/209,115,16131,296,FLIPPED,FLIPPED,5999,MED,69,edge,21,5563,FLIPPED,LOW,,ATTR-OK
72387796,8a557260-ad2b-11f0-98a7-c3bc57f9afe3,Sunnyvale MHP,362/209,124,362,209,UNKNOWN,,10,,,,0,0,,NO-DRAWS,,NO-DATA
70268246,8c9d6690-ad2b-11f0-98a7-c3bc57f9afe3,Sunnyvale MHP,362/209,128,362,209,NOT FLIPPED,NOT FLIPPED,5999,MED,,,0,0,,AMBIGUOUS-ZERO,,AMBIGUOUS-ZERO
72380379,91519fd0-ad2b-11f0-98a7-c3bc57f9afe3,Sunnyvale MHP,362/209,112,362,209,FLIPPED,FLIPPED,5999,MED,,,0,0,,AMBIGUOUS-ZERO,,AMBIGUOUS-ZERO
72387606,9a784e60-ad2b-11f0-98a7-c3bc57f9afe3,Sunnyvale MHP,362/209,110,362,209,NOT FLIPPED,NOT FLIPPED,5999,MED,,,0,0,,AMBIGUOUS-ZERO,,AMBIGUOUS-ZERO
70265507,d92a7fa0-ad2d-11f0-98a7-c3bc57f9afe3,Sunnyvale MHP,362/209,132,362,209,FLIPPED,FLIPPED,588,MED,,,0,0,,AMBIGUOUS-ZERO,,AMBIGUOUS-ZERO
72387879,e03f6530-ad2d-11f0-98a7-c3bc57f9afe3,Sunnyvale MHP,362/209,123,362,209,FLIPPED,FLIPPED,5999,MED,,,0,0,,AMBIGUOUS-ZERO,,AMBIGUOUS-ZERO
77057810,cdfa8d00-26b9-11f0-8272-45e3ef110760,Singing Pines,362/209,17,362,209,FLIPPED,,0,,,,0,0,,NO-DRAWS,,REPORTED-ONLY
77057539,dfff9680-26b9-11f0-8272-45e3ef110760,Singing Pines,362/209,31,362,209,UNKNOWN,,2478,MED,233,largest=edge,233,373,ambiguous,NO-DRAWS,,NO-DRAWS
75361707,10dd7780-4802-11f1-969c-6109d9dfb138,Heritage Apartments,16131/296,C8,16131,296,NOT FLIPPED,,6000,MED,193,edge,5550,0,NOT FLIPPED,LOW,1,PIN
79463384,12dd1810-4802-11f1-969c-6109d9dfb138,Heritage Apartments,16131/296,E2,16131,296,NOT FLIPPED,,869,MED,73,edge,774,0,NOT FLIPPED,LOW,1,PIN
79466148,1d5af230-4802-11f1-969c-6109d9dfb138,Heritage Apartments,16131/296,E8,16131,296,NOT FLIPPED,,5825,MED,0,edge,5580,0,NOT FLIPPED,LOW,1,PIN
75364875,1f6d4480-480f-11f1-969c-6109d9dfb138,Heritage Apartments,16131/296,B3,16131,296,FLIPPED,,5522,MED,-85,edge,1,4980,FLIPPED,LOW,2,PIN
79466254,208a4d40-480f-11f1-969c-6109d9dfb138,Heritage Apartments,16131/296,C3,16131,296,NOT FLIPPED,,6000,MED,35,edge,5541,3,NOT FLIPPED,LOW,1,PIN
75360246,450b50e0-4802-11f1-969c-6109d9dfb138,Heritage Apartments,16131/296,E6,16131,296,FLIPPED,,6000,MED,-14,edge,1,5728,FLIPPED,LOW,2,PIN
75367803,4fabd7c0-480e-11f1-969c-6109d9dfb138,Heritage Apartments,16131/296,E3,16131,296,NOT FLIPPED,,0,,,,0,0,,NO-DRAWS,,REPORTED-ONLY
75360212,51374e30-4818-11f1-969c-6109d9dfb138,Heritage Apartments,16131/296,E7,16131,296,NOT FLIPPED,,6000,MED,-41,edge,5868,0,NOT FLIPPED,LOW,1,PIN
75362754,52571810-4802-11f1-969c-6109d9dfb138,Heritage Apartments,16131/296,E1,16131,296,FLIPPED,,5998,MED,-73,edge,0,5541,FLIPPED,LOW,2,PIN
79462493,5f8dfae0-4806-11f1-969c-6109d9dfb138,Heritage Apartments,16131/296,A4,16131,296,FLIPPED,,5999,MED,14,edge,1,5241,FLIPPED,LOW,2,PIN
79462899,60f501c0-4802-11f1-969c-6109d9dfb138,Heritage Apartments,16131/296,E4,16131,296,NOT FLIPPED,,5998,MED,50,edge,5512,0,NOT FLIPPED,LOW,1,PIN
75361020,6ec08370-4806-11f1-969c-6109d9dfb138,Heritage Apartments,16131/296,B4,16131,296,NOT FLIPPED,,5999,MED,-13,edge,5681,0,NOT FLIPPED,LOW,1,PIN
75369023,6fb591d0-4806-11f1-969c-6109d9dfb138,Heritage Apartments,16131/296,E5,16131,296,NOT FLIPPED,,6000,MED,-33,edge,5745,0,NOT FLIPPED,LOW,1,PIN
75361723,77a6b780-480f-11f1-969c-6109d9dfb138,Heritage Apartments,16131/296,B5,16131,296,FLIPPED,,5999,MED,-86,edge,0,5390,FLIPPED,LOW,2,PIN
79455711,85d262f0-4805-11f1-969c-6109d9dfb138,Heritage Apartments,16131/296,A2,16131,296,FLIPPED,,5999,MED,25,edge,1,5540,FLIPPED,LOW,2,PIN
79465991,88847ae0-4816-11f1-969c-6109d9dfb138,Heritage Apartments,16131/296,C1,16185,314,NOT FLIPPED,,5999,MED,-100,edge,5637,0,NOT FLIPPED,LOW,1,PIN
79461230,933c8790-4805-11f1-969c-6109d9dfb138,Heritage Apartments,16131/296,C2,16131,296,NOT FLIPPED,,6000,MED,1,edge,5619,0,NOT FLIPPED,LOW,1,PIN
75360220,98870d60-4805-11f1-969c-6109d9dfb138,Heritage Apartments,16131/296,C4,16131,296,FLIPPED,,5999,MED,-75,edge,0,5774,FLIPPED,LOW,2,PIN
79453476,9974d9b0-480e-11f1-969c-6109d9dfb138,Heritage Apartments,16131/296,D7,16131,296,FLIPPED,,2850,MED,60,edge,0,2360,FLIPPED,LOW,2,PIN
79467138,9b318960-4804-11f1-969c-6109d9dfb138,Heritage Apartments,16131/296,D8,16131,296,FLIPPED,,3634,MED,14,edge,0,3020,FLIPPED,LOW,2,PIN
75369171,a6e99bc0-4805-11f1-969c-6109d9dfb138,Heritage Apartments,16131/296,A5,16131,296,FLIPPED,,5563,MED,-7,edge,0,4917,FLIPPED,LOW,2,PIN
75364545,a7055160-4816-11f1-969c-6109d9dfb138,Heritage Apartments,16131/296,A7,16131,296,NOT FLIPPED,,5996,MED,-12,edge,5056,1,NOT FLIPPED,LOW,1,PIN
79465660,a7a34ed0-4805-11f1-969c-6109d9dfb138,Heritage Apartments,16131/296,D5,16131,296,NOT FLIPPED,,5999,MED,-5,edge,5778,0,NOT FLIPPED,LOW,1,PIN
75367456,a81d12b0-4805-11f1-969c-6109d9dfb138,Heritage Apartments,16131/296,B8,16185,314,FLIPPED,,0,,,,0,0,,NO-DRAWS,,REPORTED-ONLY
75369452,aef1d240-4816-11f1-969c-6109d9dfb138,Heritage Apartments,16131/296,B7,16131,296,NOT FLIPPED,,2373,MED,24,edge,1653,5,NOT FLIPPED,LOW,1,PIN
75371227,b0972d90-4805-11f1-969c-6109d9dfb138,Heritage Apartments,16131/296,201,16131,296,FLIPPED,,3204,MED,-119,edge,0,2690,FLIPPED,LOW,2,PIN
79467104,bde7fdd0-4805-11f1-969c-6109d9dfb138,Heritage Apartments,16131/296,D3,16131,296,NOT FLIPPED,,6000,MED,52,edge,5765,0,NOT FLIPPED,LOW,1,PIN
75366110,c70a8320-4804-11f1-969c-6109d9dfb138,Heritage Apartments,16131/296,D6,16131,296,FLIPPED,,1202,MED,-84,edge,0,930,FLIPPED,LOW,2,PIN
75369635,c71aba50-4805-11f1-969c-6109d9dfb138,Heritage Apartments,16131/296,D2,16131,296,NOT FLIPPED,,4397,MED,26,edge,4176,0,NOT FLIPPED,LOW,1,PIN
75368173,ca41c3e0-4805-11f1-969c-6109d9dfb138,Heritage Apartments,16131/296,B6,16131,296,FLIPPED,,1004,MED,2,edge,0,848,FLIPPED,LOW,2,PIN
79466361,d09d4480-4805-11f1-969c-6109d9dfb138,Heritage Apartments,16131/296,A8,16131,296,FLIPPED,,5999,MED,-3,edge,0,5757,FLIPPED,LOW,2,PIN
75362598,d2d64490-4805-11f1-969c-6109d9dfb138,Heritage Apartments,16131/296,A1,16131,296,FLIPPED,,1237,MED,-26,edge,0,1139,FLIPPED,LOW,2,PIN
75361079,d61bd2a0-4805-11f1-969c-6109d9dfb138,Heritage Apartments,16131/296,A6,16131,296,NOT FLIPPED,,5998,MED,82,edge,5540,0,NOT FLIPPED,LOW,1,PIN
75371615,da745750-4805-11f1-969c-6109d9dfb138,Heritage Apartments,16131/296,A3,16131,296,NOT FLIPPED,,5999,MED,51,edge,5764,0,NOT FLIPPED,LOW,1,PIN
79462758,daee4240-4805-11f1-969c-6109d9dfb138,Heritage Apartments,16131/296,B1,16131,296,NOT FLIPPED,,5999,MED,26,edge,5361,2,NOT FLIPPED,LOW,1,PIN
79454797,ec36b280-4805-11f1-969c-6109d9dfb138,Heritage Apartments,16131/296,C5,16131,296,NOT FLIPPED,,6000,MED,-256,edge,5640,1,NOT FLIPPED,LOW,1,PIN
75365013,ec74a5e0-4805-11f1-969c-6109d9dfb138,Heritage Apartments,16131/296,C7,16131,296,NOT FLIPPED,,5999,MED,-88,edge,5555,9,NOT FLIPPED,LOW,1,PIN
75370641,f064a4c0-4805-11f1-969c-6109d9dfb138,Heritage Apartments,16131/296,C6,16131,296,FLIPPED,,6000,MED,-4,edge,0,5781,FLIPPED,LOW,2,PIN
75374783,f34016a0-4816-11f1-969c-6109d9dfb138,Heritage Apartments,16131/296,B2,16131,296,NOT FLIPPED,,6000,MED,82,edge,5486,0,NOT FLIPPED,LOW,1,PIN
75364990,f54aad50-480e-11f1-969c-6109d9dfb138,Heritage Apartments,16131/296,D1,16131,296,NOT FLIPPED,,6000,MED,23,edge,5728,0,NOT FLIPPED,LOW,1,PIN
65825989,5f99c030-01dc-11f0-92a4-09772dfb61f8,Green Grove Trailer Court MHC,16131/296,31,16131,296,FLIPPED,,6000,MED,-24,edge,0,5689,FLIPPED,LOW,2,PIN
77060889,64de0aa0-3504-11f0-8e55-b138a1c03c8e,Green Grove Trailer Court MHC,16131/296,17,16131,296,FLIPPED,,0,,,,0,0,,NO-DRAWS,,REPORTED-ONLY
65826102,72008730-e4dc-11ef-a76f-4d93d4a482f0,Green Grove Trailer Court MHC,16131/296,2,16131,296,FLIPPED,,0,,,,0,0,,NO-DRAWS,,REPORTED-ONLY
65826193,7ab41de0-0202-11f0-92a4-09772dfb61f8,Green Grove Trailer Court MHC,16131/296,22,16131,296,NOT FLIPPED,,3104,MED,427,edge,2558,0,NOT FLIPPED,LOW,1,PIN
70261944,805255c0-62a9-11f0-8658-7f4e94e41769,Green Grove Trailer Court MHC,16131/296,24,16131,296,FLIPPED,,5999,MED,-138,edge,8,5397,FLIPPED,LOW,2,PIN
77055129,89c602d0-3d0d-11f0-8e55-b138a1c03c8e,Green Grove Trailer Court MHC,16131/296,27,16131,296,FLIPPED,,6000,MED,-173,edge,0,5581,FLIPPED,LOW,2,PIN
70259146,928a1010-666f-11f0-8658-7f4e94e41769,Green Grove Trailer Court MHC,16131/296,28,16131,296,FLIPPED,,6000,MED,-108,edge,0,5611,FLIPPED,LOW,2,PIN
70258619,939dca00-666f-11f0-8658-7f4e94e41769,Green Grove Trailer Court MHC,16131/296,21,16131,296,NOT FLIPPED,,0,,,,0,0,,NO-DRAWS,,REPORTED-ONLY
65824107,9cf4d590-be35-11ef-8f43-73c96c0de66f,Green Grove Trailer Court MHC,16131/296,33,16131,296,NOT FLIPPED,,5999,MED,141,edge,5548,3,NOT FLIPPED,LOW,1,PIN
77057273,a1d76cb0-3524-11f0-8e55-b138a1c03c8e,Green Grove Trailer Court MHC,16131/296,32,16131,296,FLIPPED,,6000,MED,89,edge,0,5663,FLIPPED,LOW,2,PIN
65831649,a9892ac0-260b-11f0-8272-45e3ef110760,Green Grove Trailer Court MHC,16131/296,5,16131,296,FLIPPED,,6000,MED,-210,edge,15,5793,FLIPPED,LOW,2,PIN
77054551,aa2011e0-0ec5-11f0-8272-45e3ef110760,Green Grove Trailer Court MHC,16131/296,29,16131,296,NOT FLIPPED,NOT FLIPPED,6000,MED,289,edge,5165,4,NOT FLIPPED,LOW,,ATTR-OK
70259989,bf4e2600-524b-11f0-acb1-514e01860b07,Green Grove Trailer Court MHC,16131/296,3,16131,296,NOT FLIPPED,,0,,,,0,0,,NO-DRAWS,,REPORTED-ONLY
70259997,d3197f10-666c-11f0-8658-7f4e94e41769,Green Grove Trailer Court MHC,16131/296,6,16131,296,FLIPPED,,5999,MED,-299,edge,116,4615,FLIPPED,LOW,2,PIN
72382672,df4566e0-8382-11f0-8b4a-0d0197d44616,Green Grove Trailer Court MHC,16131/296,10,16131,296,FLIPPED,FLIPPED,6000,MED,153,edge,1,5706,FLIPPED,LOW,,ATTR-OK
70269863,efff14d0-5223-11f0-acb1-514e01860b07,Green Grove Trailer Court MHC,16131/296,4,16131,296,NOT FLIPPED,,6000,MED,93,edge,5664,0,NOT FLIPPED,LOW,1,PIN
70259708,f797f080-62c3-11f0-8658-7f4e94e41769,Green Grove Trailer Court MHC,16131/296,30,16131,296,FLIPPED,,0,,,,0,0,,NO-DRAWS,,REPORTED-ONLY
65830377,fd32e010-d504-11ef-b247-3918401509a2,Green Grove Trailer Court MHC,16131/296,26,16131,296,NOT FLIPPED,,5999,MED,-59,edge,5693,6,NOT FLIPPED,LOW,1,PIN
75371532,c59203b0-f651-11f0-b153-63024d3301e1,Cactus Flower,362/209,4-BACK-UP HWA,16185,314,FLIPPED,FLIPPED,6000,MED,-8,edge,50,784,FLIPPED,LOW,,ATTR-OK
75371375,c9d8fc30-f651-11f0-b153-63024d3301e1,Cactus Flower,362/209,1-BACK-UP HWA,362,209,NOT FLIPPED,,5997,MED,,,0,0,,AMBIGUOUS-ZERO,,AMBIGUOUS-ZERO
75362044,cd2a9830-f651-11f0-b153-63024d3301e1,Cactus Flower,362/209,5,16185,314,FLIPPED,,4182,MED,-36,edge,4,3638,FLIPPED,LOW,2,PIN
75370567,f567f4a0-f651-11f0-b153-63024d3301e1,Cactus Flower,362/209,6,16185,314,FLIPPED,FLIPPED,5162,MED,21,edge,0,4609,FLIPPED,LOW,,ATTR-OK
77029322,59850160-26cf-11f0-8272-45e3ef110760,Green Forest,362/209,20,362,209,NOT FLIPPED,,0,,,,0,0,,NO-DRAWS,,REPORTED-ONLY
77055848,cc776f70-26b9-11f0-8272-45e3ef110760,Green Forest,362/209,17,362,209,FLIPPED,,0,,,,0,0,,NO-DRAWS,,REPORTED-ONLY
72381948,04a70e10-9e73-11f0-b5af-5dfa9891b485,Mountaineer Village MHC,15085/254,23,15085,254,NOT FLIPPED,,6000,MED,171,edge,5161,1,NOT FLIPPED,LOW,1,PIN
70273014,1bed3210-9e74-11f0-b5af-5dfa9891b485,Mountaineer Village MHC,15085/254,11,15085,254,NOT FLIPPED,,5268,MED,52,edge,5135,2,NOT FLIPPED,LOW,1,PIN
70272933,1c450b80-9e73-11f0-b5af-5dfa9891b485,Mountaineer Village MHC,15085/254,7,15085,254,NOT FLIPPED,,4696,MED,-72,edge,4121,27,NOT FLIPPED,LOW,1,PIN
72378902,2d3ce990-9e59-11f0-b5af-5dfa9891b485,Mountaineer Village MHC,15085/254,34,16131,296,FLIPPED,,6000,MED,-33,edge,0,5767,FLIPPED,LOW,2,PIN
72391202,378fe450-9e73-11f0-b5af-5dfa9891b485,Mountaineer Village MHC,15085/254,18,15085,254,NOT FLIPPED,,6000,MED,-91,edge,5668,2,NOT FLIPPED,LOW,1,PIN
72384694,4d024e00-9e59-11f0-b5af-5dfa9891b485,Mountaineer Village MHC,15085/254,HOME,15085,254,NOT FLIPPED,,5999,MED,-91,edge,5677,31,NOT FLIPPED,LOW,1,PIN
70261670,59f03ef0-9e73-11f0-b5af-5dfa9891b485,Mountaineer Village MHC,15085/254,43,15085,254,FLIPPED,,5999,MED,-369,edge,482,2680,FLIPPED,LOW,2,PIN
70269517,5b1c14c0-9e73-11f0-b5af-5dfa9891b485,Mountaineer Village MHC,15085/254,13,15085,254,FLIPPED,,5998,MED,29,edge,1,5586,FLIPPED,LOW,2,PIN
72381260,5c45f950-9e74-11f0-b5af-5dfa9891b485,Mountaineer Village MHC,15085/254,16,15085,254,FLIPPED,,5999,MED,324,edge,0,5669,FLIPPED,LOW,2,PIN
72378670,64e01f50-9e74-11f0-b5af-5dfa9891b485,Mountaineer Village MHC,15085/254,3,15085,254,FLIPPED,,6000,MED,-324,edge,35,5540,FLIPPED,LOW,2,PIN
70262900,78dda800-9e75-11f0-b5af-5dfa9891b485,Mountaineer Village MHC,15085/254,8,15085,254,FLIPPED,,5999,MED,81,edge,0,5519,FLIPPED,LOW,2,PIN
70272842,81a55890-9e73-11f0-b5af-5dfa9891b485,Mountaineer Village MHC,15085/254,27,15085,254,FLIPPED,,5999,MED,14,edge,0,5751,FLIPPED,LOW,2,PIN
72381096,882a40b0-9e53-11f0-b5af-5dfa9891b485,Mountaineer Village MHC,15085/254,1,15085,254,FLIPPED,,6000,MED,84,edge,20,5413,FLIPPED,LOW,2,PIN
72721428,9b22a2f0-c4f7-11f0-9842-6d029661c338,Mountaineer Village MHC,15085/254,44,15085,254,NOT FLIPPED,,6000,MED,-146,edge,5136,41,NOT FLIPPED,LOW,1,PIN
70269194,ac126ea0-9e65-11f0-b5af-5dfa9891b485,Mountaineer Village MHC,15085/254,31,15085,254,NOT FLIPPED,,6000,MED,92,edge,5609,0,NOT FLIPPED,LOW,1,PIN
70272297,b79135a0-9e73-11f0-b5af-5dfa9891b485,Mountaineer Village MHC,15085/254,26,15085,254,NOT FLIPPED,,4814,MED,17,edge,4324,1,NOT FLIPPED,LOW,1,PIN
70266109,cca6a8e0-9e72-11f0-b5af-5dfa9891b485,Mountaineer Village MHC,15085/254,22,15085,254,NOT FLIPPED,,6000,MED,-11,edge,5500,0,NOT FLIPPED,LOW,1,PIN
72379330,d08ac410-9e76-11f0-b5af-5dfa9891b485,Mountaineer Village MHC,15085/254,6,15085,254,FLIPPED,,6000,MED,-40,edge,0,5714,FLIPPED,LOW,2,PIN
70266497,d5b74c80-9e74-11f0-b5af-5dfa9891b485,Mountaineer Village MHC,15085/254,9,15085,254,NOT FLIPPED,,6000,MED,-38,edge,5729,0,NOT FLIPPED,LOW,1,PIN
72381062,db980260-9e75-11f0-b5af-5dfa9891b485,Mountaineer Village MHC,15085/254,12,15085,254,FLIPPED,,5999,MED,-160,edge,0,5687,FLIPPED,LOW,2,PIN
70272248,e54c6770-9e74-11f0-b5af-5dfa9891b485,Mountaineer Village MHC,15085/254,42,15085,254,NOT FLIPPED,,6000,MED,329,edge,4961,34,NOT FLIPPED,LOW,1,PIN
70272214,e7b996e0-9e74-11f0-b5af-5dfa9891b485,Mountaineer Village MHC,15085/254,10,15085,254,FLIPPED,,5999,MED,26,edge,0,5675,FLIPPED,LOW,2,PIN
70262173,ef1b00b0-9e72-11f0-b5af-5dfa9891b485,Mountaineer Village MHC,15085/254,15,15085,254,NOT FLIPPED,,6000,MED,-81,edge,5942,0,NOT FLIPPED,LOW,1,PIN
70268097,f81c2820-520e-11f0-acb1-514e01860b07,Mountaineer Village MHC,15085/254,20,16131,296,NOT FLIPPED,,6000,MED,899,edge,771,0,NOT FLIPPED,LOW,1,PIN
77056093,088ecb30-26b4-11f0-8272-45e3ef110760,Arizona Manor,362/209,11,362,209,NOT FLIPPED,,6000,MED,,,0,0,,AMBIGUOUS-ZERO,,AMBIGUOUS-ZERO
77058032,2320b440-26b4-11f0-8272-45e3ef110760,Arizona Manor,362/209,8,362,209,NOT FLIPPED,,6000,MED,,,0,0,,AMBIGUOUS-ZERO,,AMBIGUOUS-ZERO
70268725,43bc1560-9328-11f0-ac3b-59f8170a8dd3,Arizona Manor,362/209,12,16185,314,FLIPPED,FLIPPED,6000,MED,-112,edge,0,5603,FLIPPED,LOW,,ATTR-OK
70260045,43ee9710-9328-11f0-ac3b-59f8170a8dd3,Arizona Manor,362/209,7,16185,314,FLIPPED,FLIPPED,5896,MED,-18,edge,0,5533,FLIPPED,LOW,,ATTR-OK
70262967,47fc3010-9328-11f0-ac3b-59f8170a8dd3,Arizona Manor,362/209,9,16185,314,FLIPPED,FLIPPED,5841,MED,-110,edge,0,3468,FLIPPED,LOW,,ATTR-OK
77058172,584d8840-26ce-11f0-8272-45e3ef110760,Arizona Manor,362/209,14,362,209,NOT FLIPPED,,6000,MED,139,largest=edge,4241,0,NOT FLIPPED,LOW,1,PIN
70268808,8921bd30-9328-11f0-ac3b-59f8170a8dd3,Arizona Manor,362/209,13,16185,314,FLIPPED,FLIPPED,5999,MED,5,edge,3,5049,FLIPPED,LOW,,ATTR-OK
65824438,92b30ec0-269b-11f0-8272-45e3ef110760,Arizona Manor,362/209,1,362,209,FLIPPED,,5997,MED,,,0,0,,AMBIGUOUS-ZERO,,AMBIGUOUS-ZERO
72390790,978c3ad0-9328-11f0-ac3b-59f8170a8dd3,Arizona Manor,362/209,6,16022,260,FLIPPED,FLIPPED,0,,,,0,0,,NO-DRAWS,,ATTR-PRESENT
72720131,f03c28b0-d226-11f0-b691-d965a62fa4fa,Ridge Crest MHC,362/209,105,362,209,FLIPPED,,5997,MED,,,0,0,,AMBIGUOUS-ZERO,,AMBIGUOUS-ZERO
72724448,f102fb20-d226-11f0-b691-d965a62fa4fa,Ridge Crest MHC,362/209,2,362,209,FLIPPED,,5998,MED,,,0,0,,AMBIGUOUS-ZERO,,AMBIGUOUS-ZERO
75369361,238a6870-48c0-11f1-bc16-b52012ce6db2,Maple Creek Estates MHC,16185/314,6,16185,314,NOT FLIPPED,,6000,MED,25,edge,5728,1,NOT FLIPPED,LOW,1,PIN
75361590,693c1f50-48be-11f1-bc16-b52012ce6db2,Maple Creek Estates MHC,16185/314,23,16185,314,NOT FLIPPED,,6000,MED,-21,edge,5695,10,NOT FLIPPED,LOW,1,PIN
79467054,93f14f00-48bd-11f1-bc16-b52012ce6db2,Maple Creek Estates MHC,16185/314,28,16185,314,NOT FLIPPED,,5997,MED,-120,edge,2753,61,NOT FLIPPED,LOW,1,PIN
79465678,a2b202f0-48bd-11f1-bc16-b52012ce6db2,Maple Creek Estates MHC,16185/314,32,16185,314,FLIPPED,,5999,MED,-76,edge,35,5714,FLIPPED,LOW,2,PIN
79467229,cea6b020-48bf-11f1-bc16-b52012ce6db2,Maple Creek Estates MHC,16185/314,5,16185,314,NOT FLIPPED,,5999,MED,217,edge,5811,32,NOT FLIPPED,LOW,1,PIN
75365591,ec103520-48bd-11f1-bc16-b52012ce6db2,Maple Creek Estates MHC,16185/314,8,16185,314,FLIPPED,,6000,MED,-7799,largest,65,174,FLIPPED,LOW,2,PIN
65822432,30c372c0-1bf8-11f0-8272-45e3ef110760,Taylor St Triplex,362/209,2,16185,314,FLIPPED,FLIPPED,5998,MED,-533,edge,20,4517,FLIPPED,LOW,,ATTR-OK
77058792,754e2db0-3d93-11f0-8e55-b138a1c03c8e,Taylor St Triplex,362/209,1,362,209,FLIPPED,FLIPPED,6000,MED,,,0,0,,AMBIGUOUS-ZERO,,AMBIGUOUS-ZERO
77052019,c5d258f0-352e-11f0-8e55-b138a1c03c8e,Taylor St Triplex,362/209,617 1/2,362,209,FLIPPED,FLIPPED,6000,MED,,,0,0,,AMBIGUOUS-ZERO,,AMBIGUOUS-ZERO
72717855,528f13c0-c4f7-11f0-9842-6d029661c338,Relix Ridge,362/209,200N,362,209,FLIPPED,,6000,MED,,,0,0,,AMBIGUOUS-ZERO,,AMBIGUOUS-ZERO
75373645,0600f790-f8ae-11f0-b153-63024d3301e1,Freedom MHP,363/219,38,363,219,NOT FLIPPED,,0,,,,0,0,,NO-DRAWS,,REPORTED-ONLY
72719141,0fbd51d0-d21f-11f0-b691-d965a62fa4fa,Freedom MHP,363/219,77,16131,296,NOT FLIPPED,NOT FLIPPED,5999,MED,-61,edge,5212,15,NOT FLIPPED,LOW,,ATTR-OK
75373793,11cabbc0-0087-11f1-8726-d3fa6d0d96af,Freedom MHP,363/219,52,363,219,FLIPPED,,924,MED,,,0,0,,AMBIGUOUS-ZERO,,AMBIGUOUS-ZERO
75360741,122ba070-0087-11f1-8726-d3fa6d0d96af,Freedom MHP,363/219,105,363,219,NOT FLIPPED,,4014,MED,,,0,0,,AMBIGUOUS-ZERO,,AMBIGUOUS-ZERO
72718200,150ba830-d21f-11f0-b691-d965a62fa4fa,Freedom MHP,363/219,54,363,219,FLIPPED,,0,,,,0,0,,NO-DRAWS,,REPORTED-ONLY
72714944,1d5d0560-d21f-11f0-b691-d965a62fa4fa,Freedom MHP,363/219,59,363,219,FLIPPED,,25,,,,0,0,,NO-DRAWS,,REPORTED-ONLY
75367902,1ed449d0-0087-11f1-8726-d3fa6d0d96af,Freedom MHP,363/219,36,363,219,NOT FLIPPED,,6000,MED,,,0,0,,AMBIGUOUS-ZERO,,AMBIGUOUS-ZERO
72722111,22aa2340-d21f-11f0-b691-d965a62fa4fa,Freedom MHP,363/219,56,16131,296,FLIPPED,FLIPPED,5997,MED,70,edge,48,4583,FLIPPED,LOW,,ATTR-OK
72717806,26afcd00-d21f-11f0-b691-d965a62fa4fa,Freedom MHP,363/219,47,16022,260,FLIPPED,,0,,,,0,0,,NO-DRAWS,,REPORTED-ONLY
72721832,2a9f7dc0-d21f-11f0-b691-d965a62fa4fa,Freedom MHP,363/219,34,363,219,NOT FLIPPED,,0,,,,0,0,,NO-DRAWS,,REPORTED-ONLY
72720008,45777080-d21f-11f0-b691-d965a62fa4fa,Freedom MHP,363/219,45,363,219,FLIPPED,,5998,MED,,,0,0,,AMBIGUOUS-ZERO,,AMBIGUOUS-ZERO
72721808,4b29b8d0-d21f-11f0-b691-d965a62fa4fa,Freedom MHP,363/219,60,363,219,FLIPPED,,0,,,,0,0,,NO-DRAWS,,REPORTED-ONLY
77028639,54aedfd0-38b8-11f0-8e55-b138a1c03c8e,Freedom MHP,363/219,25,363,219,FLIPPED,FLIPPED,6000,MED,,,0,0,,AMBIGUOUS-ZERO,,AMBIGUOUS-ZERO
72723192,6c2e7b10-d21f-11f0-b691-d965a62fa4fa,Freedom MHP,363/219,48,16022,260,FLIPPED,,6,,,,0,0,,NO-DRAWS,,REPORTED-ONLY
72721402,7274c600-d21f-11f0-b691-d965a62fa4fa,Freedom MHP,363/219,7,363,219,NOT FLIPPED,,5999,MED,,,0,0,,AMBIGUOUS-ZERO,,AMBIGUOUS-ZERO
70266869,8e847570-d21f-11f0-b691-d965a62fa4fa,Freedom MHP,363/219,22,16131,296,FLIPPED,FLIPPED,5999,MED,-150,edge,50,5567,FLIPPED,LOW,,ATTR-OK
72719448,924e27a0-d21f-11f0-b691-d965a62fa4fa,Freedom MHP,363/219,40,363,219,NOT FLIPPED,,4741,MED,,,0,0,,AMBIGUOUS-ZERO,,AMBIGUOUS-ZERO
72716915,ac2a0720-d21f-11f0-b691-d965a62fa4fa,Freedom MHP,363/219,3,363,219,NOT FLIPPED,,5998,MED,,,0,0,,AMBIGUOUS-ZERO,,AMBIGUOUS-ZERO
77056374,af637130-3524-11f0-8e55-b138a1c03c8e,Freedom MHP,363/219,33,363,219,NOT FLIPPED,,6000,MED,,,0,0,,AMBIGUOUS-ZERO,,AMBIGUOUS-ZERO
70268014,ce8ae2a0-62b0-11f0-8658-7f4e94e41769,Freedom MHP,363/219,21,363,219,NOT FLIPPED,,6000,MED,,,0,0,,AMBIGUOUS-ZERO,,AMBIGUOUS-ZERO
72717210,e34b7e00-d21f-11f0-b691-d965a62fa4fa,Freedom MHP,363/219,44,363,219,NOT FLIPPED,,5997,MED,,,0,0,,AMBIGUOUS-ZERO,,AMBIGUOUS-ZERO
72714100,0d3c9ff0-d4c8-11f0-b691-d965a62fa4fa,103 West Broadway,362/209,117-3,362,209,FLIPPED,,6000,MED,,,0,0,,AMBIGUOUS-ZERO,,AMBIGUOUS-ZERO
72723333,6789afb0-d4d3-11f0-b691-d965a62fa4fa,103 West Broadway,362/209,113-2,362,209,UNKNOWN,,2212,MED,,,0,0,,AMBIGUOUS-ZERO,,AMBIGUOUS-ZERO
72718770,e8ce73f0-d4c7-11f0-b691-d965a62fa4fa,103 West Broadway,362/209,117-1,362,209,UNKNOWN,,5997,MED,,,0,0,,AMBIGUOUS-ZERO,,AMBIGUOUS-ZERO
65823752,5d8a7840-b99b-11ef-8f43-73c96c0de66f,Oaklawn Park HOA - Cust,15090/254,3471SOC,15090,254,NOT FLIPPED,,5999,MED,38,edge,5448,0,NOT FLIPPED,LOW,1,PIN
68612850,1b4a7d70-be5c-11ef-8f43-73c96c0de66f,Oaklawn Park HOA - Cust,15090/254,3409SOC,15090,254,FLIPPED,,5999,MED,-7,edge,0,5630,FLIPPED,LOW,2,PIN
65822861,6b3465b0-c728-11ef-8f43-73c96c0de66f,Oaklawn Park HOA - Cust,15090/254,3449SOC,15090,254,NOT FLIPPED,,5960,MED,1,largest,0,0,no draws,NO-DRAWS,,NO-DRAWS
65824776,0c90ece0-e073-11ef-a5fd-a97d57576080,Oaklawn Park HOA - Cust,15090/254,2625EOC,15090,254,FLIPPED,,5999,MED,-160,edge,0,5450,FLIPPED,LOW,2,PIN
77057034,0f26dfa0-26b4-11f0-8272-45e3ef110760,Oaklawn Park HOA - Cust,15090/254,3323SOC,15090,254,FLIPPED,,5999,MED,34,edge,0,5188,FLIPPED,LOW,2,PIN
77041756,236b2e10-38b8-11f0-8e55-b138a1c03c8e,Oaklawn Park HOA - Cust,15090/254,3594SOC,15090,254,NOT FLIPPED,,5998,MED,250,edge,2890,66,NOT FLIPPED,LOW,1,PIN
70260326,8c7399e0-5246-11f0-acb1-514e01860b07,Oaklawn Park HOA - Cust,15090/254,2630EOD,15090,254,NOT FLIPPED,,5460,MED,156,edge,4096,1,NOT FLIPPED,LOW,1,PIN
75369981,216bb470-f8ae-11f0-b153-63024d3301e1,Oaklawn Park HOA - Cust,15090/254,3430SOC,15090,254,FLIPPED,,5999,MED,13,edge,359,3740,FLIPPED,LOW,2,PIN
75361442,26f95dc0-f8ae-11f0-b153-63024d3301e1,Oaklawn Park HOA - Cust,15090/254,3349SOC,15090,254,FLIPPED,,5837,MED,-73,edge,6,5238,FLIPPED,LOW,2,PIN
75374007,30be9640-f8ae-11f0-b153-63024d3301e1,Oaklawn Park HOA - Cust,15090/254,3527SOC,15090,254,NOT FLIPPED,,5999,MED,150,edge,4286,0,NOT FLIPPED,LOW,1,PIN
72724174,724a5f40-f8ae-11f0-b153-63024d3301e1,Oaklawn Park HOA - Cust,15090/254,3366SOC,15090,254,FLIPPED,,6000,MED,19,edge,9,5803,FLIPPED,LOW,2,PIN
75363067,0f00e440-f8ae-11f0-b153-63024d3301e1,Oaklawn Park HOA - Cust,15090/254,3376SOC,15090,254,NOT FLIPPED,,5999,MED,117,edge,5316,0,NOT FLIPPED,LOW,1,PIN
72722160,02d668e0-c427-11f0-9842-6d029661c338,Oaklawn Park HOA - Cust,15090/254,3517SOC,16185,314,NOT FLIPPED,,5999,MED,60,edge,5136,9,NOT FLIPPED,LOW,1,PIN
75370203,3127beb0-0c3e-11f1-8768-5551e7a34f27,Oaklawn Park HOA - Cust,15090/254,3445SOC,15090,254,FLIPPED,,5999,MED,-3,edge,7,5483,FLIPPED,LOW,2,PIN
75361400,3500b320-0c3e-11f1-8768-5551e7a34f27,Oaklawn Park HOA - Cust,15090/254,3499SOC,15090,254,FLIPPED,,5998,MED,112,edge,160,3376,FLIPPED,LOW,2,PIN
75364255,013fd6f0-0c3f-11f1-8768-5551e7a34f27,Oaklawn Park HOA - Cust,15090/254,3383SOC,15090,254,FLIPPED,,5997,MED,6,edge,0,4845,FLIPPED,LOW,2,PIN
75368082,7a5905f0-0c69-11f1-8768-5551e7a34f27,Oaklawn Park HOA - Cust,15090/254,2615EOC,15090,254,NOT FLIPPED,,5999,MED,-20,edge,5387,6,NOT FLIPPED,LOW,1,PIN
75374478,7a41ad60-0c69-11f1-8768-5551e7a34f27,Oaklawn Park HOA - Cust,15090/254,3443SOC,15090,254,NOT FLIPPED,,5998,MED,7,edge,5249,15,NOT FLIPPED,LOW,1,PIN
75362259,754399e0-0c69-11f1-8768-5551e7a34f27,Oaklawn Park HOA - Cust,15090/254,3490SOC,15090,254,FLIPPED,,21,,,,0,0,,NO-DRAWS,,REPORTED-ONLY
72714274,75f42530-0c69-11f1-8768-5551e7a34f27,Oaklawn Park HOA - Cust,15090/254,2619EOC,16185,314,FLIPPED,,5999,MED,3,edge,2,5570,FLIPPED,LOW,2,PIN
75362812,038f5db0-0c6a-11f1-8768-5551e7a34f27,Oaklawn Park HOA - Cust,15090/254,2621EOC,15090,254,NOT FLIPPED,,5998,MED,-44,edge,4763,1,NOT FLIPPED,LOW,1,PIN
75361640,106eb230-0c90-11f1-8768-5551e7a34f27,Oaklawn Park HOA - Cust,15090/254,3512SOC,15090,254,NOT FLIPPED,,5999,MED,-4,edge,5282,14,NOT FLIPPED,LOW,1,PIN
75363844,70c74ed0-0c90-11f1-8768-5551e7a34f27,Oaklawn Park HOA - Cust,15090/254,3427SOC,15090,254,FLIPPED,,6000,MED,-6,edge,1,5310,FLIPPED,LOW,2,PIN
75363968,65da8640-0c90-11f1-8768-5551e7a34f27,Oaklawn Park HOA - Cust,15090/254,3362SOC,15090,254,FLIPPED,,6000,MED,-99,edge,45,4184,FLIPPED,LOW,2,PIN
75360444,566db3d0-0c90-11f1-8768-5551e7a34f27,Oaklawn Park HOA - Cust,15090/254,2632EOC,15090,254,FLIPPED,,1353,MED,-756,edge,5,2,no draws,NO-DRAWS,,NO-DRAWS
75369569,57435350-0c90-11f1-8768-5551e7a34f27,Oaklawn Park HOA - Cust,15090/254,3347SOC,15090,254,NOT FLIPPED,,0,,,,0,0,,NO-DRAWS,,REPORTED-ONLY
75372126,4ac6c300-0c90-11f1-8768-5551e7a34f27,Oaklawn Park HOA - Cust,15090/254,3432SOC,15090,254,FLIPPED,,0,,,,0,0,,NO-DRAWS,,REPORTED-ONLY
75363851,0cbe0640-0c90-11f1-8768-5551e7a34f27,Oaklawn Park HOA - Cust,15090/254,3438SOC,16185,314,FLIPPED,,5999,MED,37,edge,1,3304,FLIPPED,LOW,2,PIN
75370559,5a90d0a0-0c90-11f1-8768-5551e7a34f27,Oaklawn Park HOA - Cust,15090/254,3345SOC,15090,254,NOT FLIPPED,,5999,MED,-2,edge,5275,1,NOT FLIPPED,LOW,1,PIN
75363638,0a2d2230-0c90-11f1-8768-5551e7a34f27,Oaklawn Park HOA - Cust,15090/254,3320SOC,15090,254,FLIPPED,,6000,MED,31,edge,0,5736,FLIPPED,LOW,2,PIN
72723473,56358cd0-0c90-11f1-8768-5551e7a34f27,Oaklawn Park HOA - Cust,15090/254,3368SOC,15090,254,FLIPPED,,5999,MED,48,edge,1,5733,FLIPPED,LOW,2,PIN
75370179,69fa47b0-0c90-11f1-8768-5551e7a34f27,Oaklawn Park HOA - Cust,15090/254,3446SOC,15090,254,NOT FLIPPED,,5998,MED,-32,edge,5352,0,NOT FLIPPED,LOW,1,PIN
75369478,0ae304b0-0c90-11f1-8768-5551e7a34f27,Oaklawn Park HOA - Cust,15090/254,3514SOC,16185,314,FLIPPED,FLIPPED,5999,MED,-177,edge,25,5155,FLIPPED,LOW,,ATTR-OK
75369429,4e288ba0-0c90-11f1-8768-5551e7a34f27,Oaklawn Park HOA - Cust,15090/254,3488SOC,15090,254,NOT FLIPPED,,5998,MED,-52,edge,5090,0,NOT FLIPPED,LOW,1,PIN
75363315,5ab2fea0-0c90-11f1-8768-5551e7a34f27,Oaklawn Park HOA - Cust,15090/254,3436SOC,15090,254,FLIPPED,,5999,MED,51,edge,0,5468,FLIPPED,LOW,2,PIN
75362994,5b53ab70-0c90-11f1-8768-5551e7a34f27,Oaklawn Park HOA - Cust,15090/254,3315SOC,15090,254,NOT FLIPPED,,5999,MED,0,edge,5945,0,NOT FLIPPED,LOW,1,PIN
75363117,6eb537b0-0c90-11f1-8768-5551e7a34f27,Oaklawn Park HOA - Cust,15090/254,3420SOC,15090,254,FLIPPED,,6000,MED,-75,edge,22,5484,FLIPPED,LOW,2,PIN
75371078,149e83c0-0c91-11f1-8768-5551e7a34f27,Oaklawn Park HOA - Cust,15090/254,3429SOC,15090,254,NOT FLIPPED,,6000,MED,84,edge,5491,8,NOT FLIPPED,LOW,1,PIN
75360386,02fafb30-0c91-11f1-8768-5551e7a34f27,Oaklawn Park HOA - Cust,15090/254,3313SOC,15090,254,FLIPPED,,6000,MED,-31,edge,0,5554,FLIPPED,LOW,2,PIN
75372894,64100a00-0c91-11f1-8768-5551e7a34f27,Oaklawn Park HOA - Cust,15090/254,2624EOD,15090,254,NOT FLIPPED,,6000,MED,-5,edge,5414,0,NOT FLIPPED,LOW,1,PIN
75373173,6ec82e00-0c91-11f1-8768-5551e7a34f27,Oaklawn Park HOA - Cust,15090/254,3434SOC,15090,254,FLIPPED,,6000,MED,53,edge,0,5771,FLIPPED,LOW,2,PIN
75362150,58004540-0c91-11f1-8768-5551e7a34f27,Oaklawn Park HOA - Cust,15090/254,3342SOC,15090,254,NOT FLIPPED,,6000,MED,188,edge,5488,48,NOT FLIPPED,LOW,1,PIN
72379652,5863c200-0c91-11f1-8768-5551e7a34f27,Oaklawn Park HOA - Cust,15090/254,2631EOC,16022,260,FLIPPED,FLIPPED,0,,,,0,0,,NO-DRAWS,,ATTR-PRESENT
75362010,206e3240-0c91-11f1-8768-5551e7a34f27,Oaklawn Park HOA - Cust,15090/254,2630EOC,15090,254,FLIPPED,,5999,MED,-185,edge,37,5461,FLIPPED,LOW,2,PIN
75363745,6cb839c0-0c91-11f1-8768-5551e7a34f27,Oaklawn Park HOA - Cust,15090/254,2633EOC,15090,254,FLIPPED,,0,,,,0,0,,NO-DRAWS,,REPORTED-ONLY
75362911,230cf900-0c91-11f1-8768-5551e7a34f27,Oaklawn Park HOA - Cust,15090/254,3332SOC,15090,254,FLIPPED,,5999,MED,61,edge,0,4873,FLIPPED,LOW,2,PIN
75372506,6da88d30-0c91-11f1-8768-5551e7a34f27,Oaklawn Park HOA - Cust,15090/254,3408SOC,15090,254,FLIPPED,,5997,MED,-57,edge,1,5194,FLIPPED,LOW,2,PIN
75373652,5b94b6a0-0c91-11f1-8768-5551e7a34f27,Oaklawn Park HOA - Cust,15090/254,3406SOC,15090,254,NOT FLIPPED,,5996,MED,41,edge,4872,0,NOT FLIPPED,LOW,1,PIN
75365062,7bac59c0-0c91-11f1-8768-5551e7a34f27,Oaklawn Park HOA - Cust,15090/254,2626EOC,16185,314,NOT FLIPPED,,5998,MED,113,edge,623,217,NOT FLIPPED,LOW,1,PIN
75363208,6dc95ba0-0c91-11f1-8768-5551e7a34f27,Oaklawn Park HOA - Cust,15090/254,3463SOC,15090,254,FLIPPED,,6000,MED,-5,edge,0,5447,FLIPPED,LOW,2,PIN
72383852,38804e40-0c91-11f1-8768-5551e7a34f27,Oaklawn Park HOA - Cust,15090/254,3498SOC,15090,254,FLIPPED,,3044,MED,-64,edge,20,2607,FLIPPED,LOW,2,PIN
75363653,6408de10-0c91-11f1-8768-5551e7a34f27,Oaklawn Park HOA - Cust,15090/254,3422SOC,15090,254,NOT FLIPPED,,201,MED,-40,edge,174,0,NOT FLIPPED,LOW,1,PIN
75373769,1e8749d0-0c91-11f1-8768-5551e7a34f27,Oaklawn Park HOA - Cust,15090/254,3344SOC,15090,254,FLIPPED,,3797,MED,-39,edge,0,3468,FLIPPED,LOW,2,PIN
75367233,878e09a0-0c91-11f1-8768-5551e7a34f27,Oaklawn Park HOA - Cust,15090/254,3421SOC,15090,254,FLIPPED,,5999,MED,-75,edge,16,5626,FLIPPED,LOW,2,PIN
72723739,55af41a0-0c97-11f1-8768-5551e7a34f27,Oaklawn Park HOA - Cust,15090/254,3381SOC,15090,254,FLIPPED,,365,MED,-558,edge,23,6,NOT FLIPPED,LOW,,CONFLICT
75364008,4b6f81f0-0c97-11f1-8768-5551e7a34f27,Oaklawn Park HOA - Cust,15090/254,3473SOC,15090,254,FLIPPED,,5998,MED,6,edge,1,5563,FLIPPED,LOW,2,PIN
72723986,0d950550-0c90-11f1-8768-5551e7a34f27,Oaklawn Park HOA - Cust,15090/254,2618EOC,15090,254,FLIPPED,,6000,MED,129,edge,5,5360,FLIPPED,LOW,2,PIN
75372159,77a43f00-0c91-11f1-8768-5551e7a34f27,Oaklawn Park HOA - Cust,15090/254,3372SOC,15090,254,NOT FLIPPED,,5999,MED,89,edge,5178,0,NOT FLIPPED,LOW,1,PIN
72722491,6c3bb7c0-0c86-11f1-8768-5551e7a34f27,Oaklawn Park HOA - Cust,15090/254,3346SOC,15090,254,FLIPPED,,6000,MED,-24,edge,2,5389,FLIPPED,LOW,2,PIN
75370351,5b084a90-0c90-11f1-8768-5551e7a34f27,Oaklawn Park HOA - Cust,15090/254,3551SOC,15090,254,NOT FLIPPED,,6000,MED,199,edge,4861,95,NOT FLIPPED,LOW,1,PIN
72723648,0a39cc60-0c90-11f1-8768-5551e7a34f27,Oaklawn Park HOA - Cust,15090/254,3469SOC,15090,254,FLIPPED,,5542,MED,-44,edge,2,4009,FLIPPED,LOW,2,PIN
75366037,15374150-0c91-11f1-8768-5551e7a34f27,Oaklawn Park HOA - Cust,15090/254,3496SOC,15090,254,NOT FLIPPED,,5999,MED,122,edge,5593,51,NOT FLIPPED,LOW,1,PIN
75361764,749f58e0-0c90-11f1-8768-5551e7a34f27,Oaklawn Park HOA - Cust,15090/254,3461SOC,16185,314,FLIPPED,FLIPPED,5998,MED,-5,edge,0,4798,FLIPPED,LOW,,ATTR-OK
75365666,43a221d0-0c97-11f1-8768-5551e7a34f27,Oaklawn Park HOA - Cust,15090/254,2620EOC,15090,254,NOT FLIPPED,,6000,MED,-13,edge,5183,13,NOT FLIPPED,LOW,1,PIN
75367498,71cf5380-0c91-11f1-8768-5551e7a34f27,Oaklawn Park HOA - Cust,15090/254,3477SOC,15090,254,FLIPPED,,5998,MED,-35,edge,0,5614,FLIPPED,LOW,2,PIN
75361582,5b527d80-0c91-11f1-8768-5551e7a34f27,Oaklawn Park HOA - Cust,15090/254,3547SOC,16022,260,NOT FLIPPED,,6000,MED,122,edge,5834,17,NOT FLIPPED,LOW,1,PIN
70273139,0269fee0-6134-11f0-9fcd-87e94e720126,Oaklawn Park HOA - Cust,15090/254,3341SOC,15090,254,FLIPPED,,5998,MED,26,edge,0,5373,FLIPPED,LOW,2,PIN
72719208,75be6f30-0c69-11f1-8768-5551e7a34f27,Oaklawn Park HOA - Cust,15090/254,3389SOC,16185,314,NOT FLIPPED,,0,,,,0,0,,NO-DRAWS,,REPORTED-ONLY
75367134,7ac13da0-0c69-11f1-8768-5551e7a34f27,Oaklawn Park HOA - Cust,15090/254,3411SOC,15090,254,FLIPPED,,5016,MED,-40,edge,8,4810,FLIPPED,LOW,2,PIN
77058016,19155ef0-269c-11f0-8272-45e3ef110760,Oaklawn Park HOA - Cust,15090/254,3428SOC,15090,254,NOT FLIPPED,,6000,MED,70,edge,5625,4,NOT FLIPPED,LOW,1,PIN
72717756,7afaeb40-0c69-11f1-8768-5551e7a34f27,Oaklawn Park HOA - Cust,15090/254,3370SOC,15090,254,FLIPPED,,6000,MED,29,edge,1,1968,FLIPPED,LOW,2,PIN
75361699,651feca0-0c3f-11f1-8768-5551e7a34f27,Oaklawn Park HOA - Cust,15090/254,2628EOC,16022,260,FLIPPED,,6000,MED,75,edge,11,5539,FLIPPED,LOW,2,PIN
75371458,351377d0-0c3e-11f1-8768-5551e7a34f27,Oaklawn Park HOA - Cust,15090/254,2634EOD,15090,254,NOT FLIPPED,,0,,,,0,0,,NO-DRAWS,,REPORTED-ONLY
75362341,841df050-0c69-11f1-8768-5551e7a34f27,Oaklawn Park HOA - Cust,15090/254,3482SOC,15090,254,FLIPPED,,5999,MED,-17,edge,7,5696,FLIPPED,LOW,2,PIN
75369536,659daee0-0c91-11f1-8768-5551e7a34f27,Oaklawn Park HOA - Cust,15090/254,3450SOC,15090,254,FLIPPED,,5999,MED,25,edge,3,5693,FLIPPED,LOW,2,PIN
75360881,14d91bc0-0c91-11f1-8768-5551e7a34f27,Oaklawn Park HOA - Cust,15090/254,3467SOC,15090,254,FLIPPED,,6000,MED,45,edge,0,5607,FLIPPED,LOW,2,PIN
75368108,626fa070-0c91-11f1-8768-5551e7a34f27,Oaklawn Park HOA - Cust,15090/254,3455SOC,15090,254,FLIPPED,,5998,MED,-66,edge,0,5523,FLIPPED,LOW,2,PIN
65828660,5de876c0-b99b-11ef-8f43-73c96c0de66f,Oaklawn Park HOA - Cust,15090/254,3489SOC,15090,254,FLIPPED,,6000,MED,-152,edge,43,4790,FLIPPED,LOW,2,PIN
77057976,36026220-26b4-11f0-8272-45e3ef110760,Oaklawn Park HOA - Cust,15090/254,3348SOC,15090,254,NOT FLIPPED,,5997,MED,71,edge,4767,1,NOT FLIPPED,LOW,1,PIN
70265382,8c8b2740-524b-11f0-acb1-514e01860b07,Oaklawn Park HOA - Cust,15090/254,3557SOC,15090,254,NOT FLIPPED,,5999,MED,-63,edge,5184,36,NOT FLIPPED,LOW,1,PIN
70265416,10ade660-a92d-11f0-98a7-c3bc57f9afe3,Oaklawn Park HOA - Cust,15090/254,3454SOC,15090,254,FLIPPED,,5875,MED,16,edge,0,4908,FLIPPED,LOW,2,PIN
72715230,8a54d1f0-0c69-11f1-8768-5551e7a34f27,Oaklawn Park HOA - Cust,15090/254,3475SOC,15090,254,FLIPPED,,5998,MED,-155,edge,0,5108,FLIPPED,LOW,2,PIN
75371565,148d1ea0-0c91-11f1-8768-5551e7a34f27,Oaklawn Park HOA - Cust,15090/254,3549SOC,16022,260,FLIPPED,,2547,MED,-136,edge,85,1989,FLIPPED,LOW,2,PIN
72720321,1192b000-c427-11f0-9842-6d029661c338,Oaklawn Park HOA - Cust,15090/254,3404SOC,15090,254,FLIPPED,,0,,,,0,0,,NO-DRAWS,,REPORTED-ONLY
72716246,13630330-c427-11f0-9842-6d029661c338,Oaklawn Park HOA - Cust,15090/254,3322SOC,15090,254,FLIPPED,,6000,MED,120,edge,1,5401,FLIPPED,LOW,2,PIN
65830708,4beb67b0-0285-11f0-92a4-09772dfb61f8,Oaklawn Park HOA - Cust,15090/254,3407SOC,15090,254,FLIPPED,,6000,MED,-44,edge,1,5134,FLIPPED,LOW,2,PIN
65828009,34e79d20-bb65-11ef-8f43-73c96c0de66f,Oaklawn Park HOA - Cust,15090/254,3364SOC,16185,314,FLIPPED,,5999,MED,-39,edge,0,5302,FLIPPED,LOW,2,PIN
65823711,0c4a1c30-c943-11ef-8f43-73c96c0de66f,Oaklawn Park HOA - Cust,15090/254,2622EOC,15090,254,NOT FLIPPED,,0,,,,0,0,,NO-DRAWS,,REPORTED-ONLY
77059345,1c70d5b0-5230-11f0-acb1-514e01860b07,Oaklawn Park HOA - Cust,15090/254,3453SOC,15090,254,FLIPPED,,0,,,,0,0,,NO-DRAWS,,REPORTED-ONLY
68612520,44113eb0-a0cf-11ef-82ac-6ff8f1723c66,Oaklawn Park HOA - Cust,15090/254,2616EOC,15090,254,NOT FLIPPED,,5999,MED,-12,edge,5365,14,NOT FLIPPED,LOW,1,PIN
65822663,47811c70-c7b0-11ef-8f43-73c96c0de66f,Oaklawn Park HOA - Cust,15090/254,3441SOC,15090,254,NOT FLIPPED,,6000,MED,164,edge,3923,2,NOT FLIPPED,LOW,1,PIN
75364693,8390fac0-f8ae-11f0-b153-63024d3301e1,Oaklawn Park HOA - Cust,15090/254,2645EOD,15090,254,FLIPPED,,5998,MED,-62,edge,0,5336,FLIPPED,LOW,2,PIN
65826300,19451d50-e247-11ef-a5fd-a97d57576080,Oaklawn Park HOA - Cust,15090/254,3340SOC,15090,254,FLIPPED,,5999,MED,-87,edge,42,4984,FLIPPED,LOW,2,PIN
72720461,75c459a0-cfc3-11f0-9bfa-a7eff651ff22,Oaklawn Park HOA - Cust,15090/254,3410SOC,15090,254,NOT FLIPPED,,5999,MED,-25,edge,5337,3,NOT FLIPPED,LOW,1,PIN
68593134,82a2b410-a2eb-11ef-82ac-6ff8f1723c66,Oaklawn Park HOA - Cust,15090/254,3521SOC,15090,254,FLIPPED,,4139,MED,-201,edge,8,3898,FLIPPED,LOW,2,PIN
65830401,33aa3560-01d5-11f0-92a4-09772dfb61f8,Oaklawn Park HOA - Cust,15090/254,2623EOC,15090,254,NOT FLIPPED,,399,MED,37,edge,312,0,NOT FLIPPED,LOW,1,PIN
77055707,872007d0-3504-11f0-8e55-b138a1c03c8e,Oaklawn Park HOA - Cust,15090/254,3448SOC,15090,254,FLIPPED,,5999,MED,32,edge,0,5372,FLIPPED,LOW,2,PIN
77059600,651b3ab0-3504-11f0-8e55-b138a1c03c8e,Oaklawn Park HOA - Cust,15090/254,3452SOC,15090,254,NOT FLIPPED,,4338,MED,46,edge,3924,0,NOT FLIPPED,LOW,1,PIN
65830542,903fe7e0-e4dc-11ef-a76f-4d93d4a482f0,Oaklawn Park HOA - Cust,15090/254,3425SOC,15090,254,NOT FLIPPED,,5999,MED,164,edge,5273,11,NOT FLIPPED,LOW,1,PIN
75368124,914893c0-0c91-11f1-8768-5551e7a34f27,Oaklawn Park HOA - Cust,15090/254,3352SOC,15090,254,FLIPPED,,5999,MED,-26,edge,1,4753,FLIPPED,LOW,2,PIN
70259856,93548c00-666f-11f0-8658-7f4e94e41769,Oaklawn Park HOA - Cust,15090/254,3539SOC,15090,254,FLIPPED,,5997,MED,4,edge,0,4655,FLIPPED,LOW,2,PIN
70269731,937b4de0-666f-11f0-8658-7f4e94e41769,Oaklawn Park HOA - Cust,15090/254,3426SOC,15090,254,FLIPPED,,6000,MED,-22,edge,0,5321,FLIPPED,LOW,2,PIN
75363059,945ca2d0-0c97-11f1-8768-5551e7a34f27,Oaklawn Park HOA - Cust,15090/254,3325SOC,15090,254,FLIPPED,,6000,MED,7,edge,0,5613,FLIPPED,LOW,2,PIN
75372357,971e3800-0c90-11f1-8768-5551e7a34f27,Oaklawn Park HOA - Cust,15090/254,2647EOD,15090,254,FLIPPED,,5997,MED,164,edge,23,5197,FLIPPED,LOW,2,PIN
75364446,978a1930-0c90-11f1-8768-5551e7a34f27,Oaklawn Park HOA - Cust,15090/254,3385SOC,15090,254,NOT FLIPPED,,0,,,,0,0,,NO-DRAWS,,REPORTED-ONLY
75370237,97f5d350-0c90-11f1-8768-5551e7a34f27,Oaklawn Park HOA - Cust,15090/254,2643EOD,15090,254,FLIPPED,,5999,MED,-14,edge,7,5133,FLIPPED,LOW,2,PIN
77041301,9a6a3b50-2639-11f0-8272-45e3ef110760,Oaklawn Park HOA - Cust,15090/254,3511SOC,15090,254,NOT FLIPPED,,5999,MED,84,edge,5431,1,NOT FLIPPED,LOW,1,PIN
75362853,9c1bfd60-0c90-11f1-8768-5551e7a34f27,Oaklawn Park HOA - Cust,15090/254,3457SOC,15090,254,NOT FLIPPED,,5962,MED,23,largest,73,0,NOT FLIPPED,LOW,1,PIN
75363513,9c361510-0c90-11f1-8768-5551e7a34f27,Oaklawn Park HOA - Cust,15090/254,3403SOC,15090,254,NOT FLIPPED,,5999,MED,63,edge,5612,6,NOT FLIPPED,LOW,1,PIN
75364974,9dfec720-0c90-11f1-8768-5551e7a34f27,Oaklawn Park HOA - Cust,15090/254,2636EOD,16185,314,FLIPPED,,5999,MED,32,edge,0,5592,FLIPPED,LOW,2,PIN
65830286,a0663730-01e4-11f0-92a4-09772dfb61f8,Oaklawn Park HOA - Cust,15090/254,3590SOC,15090,254,NOT FLIPPED,,6,,,,0,0,,NO-DRAWS,,REPORTED-ONLY
65831185,a32bfe60-bdbe-11ef-8f43-73c96c0de66f,Oaklawn Park HOA - Cust,15090/254,2617EOC,15090,254,NOT FLIPPED,,6000,HIGH,,,0,0,,AMBIGUOUS-ZERO,,AMBIGUOUS-ZERO
65824149,a4a29330-be4a-11ef-8f43-73c96c0de66f,Oaklawn Park HOA - Cust,15090/254,3537SOC,16185,314,NOT FLIPPED,,6000,MED,134,edge,5243,20,NOT FLIPPED,LOW,1,PIN
75370781,a5f903a0-0c90-11f1-8768-5551e7a34f27,Oaklawn Park HOA - Cust,15090/254,3334SOC,15090,254,FLIPPED,,6000,MED,-44,edge,0,5664,FLIPPED,LOW,2,PIN
75373579,a6395b40-0c80-11f1-8768-5551e7a34f27,Oaklawn Park HOA - Cust,15090/254,3451SOC,15090,254,FLIPPED,,5999,MED,-10,edge,0,5373,FLIPPED,LOW,2,PIN
65828512,a657bd40-be4a-11ef-8f43-73c96c0de66f,Oaklawn Park HOA - Cust,15090/254,3402SOC,15090,254,FLIPPED,,5999,MED,14,edge,1,5316,FLIPPED,LOW,2,PIN
75373207,a78b6370-0c90-11f1-8768-5551e7a34f27,Oaklawn Park HOA - Cust,15090/254,3400SOC,15090,254,NOT FLIPPED,,5348,MED,74,edge,4744,0,NOT FLIPPED,LOW,1,PIN
75371540,aaae68a0-0c80-11f1-8768-5551e7a34f27,Oaklawn Park HOA - Cust,15090/254,3504SOC,15090,254,NOT FLIPPED,,0,,,,0,0,,NO-DRAWS,,REPORTED-ONLY
75369916,aab1f7d0-0c90-11f1-8768-5551e7a34f27,Oaklawn Park HOA - Cust,15090/254,3321SOC,15090,254,NOT FLIPPED,,5999,MED,-6,edge,5382,0,NOT FLIPPED,LOW,1,PIN
75362176,af4f6880-3e87-11f1-b39d-b550dfb4ab8b,Oaklawn Park HOA - Cust,15090/254,3354SOC,16185,314,FLIPPED,FLIPPED,5999,MED,97,edge,1,5789,FLIPPED,LOW,,ATTR-OK
75362101,af640e30-0c90-11f1-8768-5551e7a34f27,Oaklawn Park HOA - Cust,15090/254,3509SOC,15090,254,FLIPPED,,5997,MED,136,edge,126,4846,FLIPPED,LOW,2,PIN
65822168,af791a40-bdbe-11ef-8f43-73c96c0de66f,Oaklawn Park HOA - Cust,15090/254,3360SOC,15090,254,FLIPPED,,5999,MED,13,edge,2,5643,FLIPPED,LOW,2,PIN
70268642,afb7a540-66b4-11f0-8658-7f4e94e41769,Oaklawn Park HOA - Cust,15090/254,2629EOC,15090,254,NOT FLIPPED,,5999,MED,60,edge,5565,0,NOT FLIPPED,LOW,1,PIN
65829940,b171c4a0-e58c-11ef-a76f-4d93d4a482f0,Oaklawn Park HOA - Cust,15090/254,3327SOC,15090,254,FLIPPED,,0,,,,0,0,,NO-DRAWS,,REPORTED-ONLY
77041368,b2a3a450-260b-11f0-8272-45e3ef110760,Oaklawn Park HOA - Cust,15090/254,3491SOC,15090,254,FLIPPED,,3406,MED,-312,edge,21,3146,FLIPPED,LOW,2,PIN
75370419,b39d55a0-0c91-11f1-8768-5551e7a34f27,Oaklawn Park HOA - Cust,15090/254,3501SOC,15090,254,FLIPPED,,5999,MED,-37,edge,15,5544,FLIPPED,LOW,2,PIN
75374809,b9c2f930-0c91-11f1-8768-5551e7a34f27,Oaklawn Park HOA - Cust,15090/254,3559SOC,16185,314,FLIPPED,,5995,MED,11,edge,28,5424,FLIPPED,LOW,2,PIN
75369858,bcf610b0-0c91-11f1-8768-5551e7a34f27,Oaklawn Park HOA - Cust,15090/254,2627EOC,15090,254,FLIPPED,,0,,,,0,0,,NO-DRAWS,,REPORTED-ONLY
75368553,bd29c050-0c90-11f1-8768-5551e7a34f27,Oaklawn Park HOA - Cust,15090/254,3423SOC,15090,254,NOT FLIPPED,,6000,MED,198,edge,5170,3,NOT FLIPPED,LOW,1,PIN
77054940,bd66b100-3d05-11f0-8e55-b138a1c03c8e,Oaklawn Park HOA - Cust,15090/254,3444SOC,15090,254,FLIPPED,,6000,MED,61,edge,1,5772,FLIPPED,LOW,2,PIN
77057380,c108ce80-3524-11f0-8e55-b138a1c03c8e,Oaklawn Park HOA - Cust,15090/254,3374SOC,15090,254,FLIPPED,,0,,,,0,0,,NO-DRAWS,,REPORTED-ONLY
75372621,c10e4d80-0c90-11f1-8768-5551e7a34f27,Oaklawn Park HOA - Cust,15090/254,3480SOC,15090,254,NOT FLIPPED,,6000,MED,-9,edge,5343,7,NOT FLIPPED,LOW,1,PIN
75364164,c135bd60-0c69-11f1-8768-5551e7a34f27,Oaklawn Park HOA - Cust,15090/254,3447SOC,15090,254,NOT FLIPPED,,4084,MED,213,edge,2945,124,NOT FLIPPED,LOW,1,PIN
75363109,c1523450-0c90-11f1-8768-5551e7a34f27,Oaklawn Park HOA - Cust,15090/254,3529SOC,15090,254,FLIPPED,,6000,MED,143,edge,10,5641,FLIPPED,LOW,2,PIN
75367175,c1888690-0c90-11f1-8768-5551e7a34f27,Oaklawn Park HOA - Cust,15090/254,3350SOC,15090,254,NOT FLIPPED,,523,MED,-18,edge,505,0,NOT FLIPPED,LOW,1,PIN
72723713,c1d5bc30-0c90-11f1-8768-5551e7a34f27,Oaklawn Park HOA - Cust,15090/254,3317SOC,15090,254,NOT FLIPPED,,4779,MED,67,edge,4408,0,NOT FLIPPED,LOW,1,PIN
75372746,c3254270-0c97-11f1-8768-5551e7a34f27,Oaklawn Park HOA - Cust,15090/254,3541SOC,16185,314,FLIPPED,,3886,MED,-177,edge,57,3481,FLIPPED,LOW,2,PIN
75360329,c4dcc530-0c91-11f1-8768-5551e7a34f27,Oaklawn Park HOA - Cust,15090/254,2624EOC,15090,254,NOT FLIPPED,,5998,MED,110,edge,5358,0,NOT FLIPPED,LOW,1,PIN
72719661,c4f29e50-0c69-11f1-8768-5551e7a34f27,Oaklawn Park HOA - Cust,15090/254,3493SOC,15090,254,NOT FLIPPED,,6000,MED,172,edge,4825,14,NOT FLIPPED,LOW,1,PIN
72720511,c52bafb0-0c69-11f1-8768-5551e7a34f27,Oaklawn Park HOA - Cust,15090/254,3356SOC,16131,296,FLIPPED,,5998,MED,-25,edge,7,5386,FLIPPED,LOW,2,PIN
72719950,c62a9760-0c90-11f1-8768-5551e7a34f27,Oaklawn Park HOA - Cust,15090/254,3503SOC,15090,254,FLIPPED,,6000,MED,-98,edge,15,5619,FLIPPED,LOW,2,PIN
65825070,c8a49640-be52-11ef-8f43-73c96c0de66f,Oaklawn Park HOA - Cust,15090/254,3431SOC,15090,254,FLIPPED,,5999,MED,48,edge,0,5629,FLIPPED,LOW,2,PIN
75363224,ca1f5bc0-0c91-11f1-8768-5551e7a34f27,Oaklawn Park HOA - Cust,15090/254,3519SOC,15090,254,FLIPPED,,6000,MED,-65,edge,3,5872,FLIPPED,LOW,2,PIN
79460588,caa4c8a0-3e87-11f1-b39d-b550dfb4ab8b,Oaklawn Park HOA - Cust,15090/254,3596SOC,15090,260,NOT FLIPPED,,5997,MED,202,edge,5314,88,NOT FLIPPED,LOW,1,PIN
75367811,cb33ce70-0c90-11f1-8768-5551e7a34f27,Oaklawn Park HOA - Cust,15090/254,3330SOC,15090,254,FLIPPED,,5998,MED,-35,edge,0,5364,FLIPPED,LOW,2,PIN
75374098,cf62ab10-0c90-11f1-8768-5551e7a34f27,Oaklawn Park HOA - Cust,15090/254,3531SOC,15090,254,FLIPPED,,1688,MED,-85,edge,2,1658,FLIPPED,LOW,2,PIN
75361327,cf8415c0-0c90-11f1-8768-5551e7a34f27,Oaklawn Park HOA - Cust,15090/254,3387SOC,15090,254,FLIPPED,,6000,MED,78,edge,4,5631,FLIPPED,LOW,2,PIN
70271067,d01cbf10-520e-11f0-acb1-514e01860b07,Oaklawn Park HOA - Cust,15090/254,3343SOC,15090,254,NOT FLIPPED,,5999,MED,-9,edge,5539,0,NOT FLIPPED,LOW,1,PIN
75367118,d0412430-0c90-11f1-8768-5551e7a34f27,Oaklawn Park HOA - Cust,15090/254,2641EOD,15090,254,FLIPPED,,6000,MED,33,edge,2,5573,FLIPPED,LOW,2,PIN
65823497,d0fc0490-b989-11ef-8f43-73c96c0de66f,Oaklawn Park HOA - Cust,15090/254,3440SOC,15090,254,FLIPPED,,5999,MED,37,edge,0,5267,FLIPPED,LOW,2,PIN
72714803,d2188e00-0c69-11f1-8768-5551e7a34f27,Oaklawn Park HOA - Cust,15090/254,3324SOC,16185,314,NOT FLIPPED,,5998,MED,-7,edge,5631,0,NOT FLIPPED,LOW,1,PIN
75370161,d251ed80-0c69-11f1-8768-5551e7a34f27,Oaklawn Park HOA - Cust,15090/254,2628EOD,15090,254,FLIPPED,,3131,MED,174,edge,1,2878,FLIPPED,LOW,2,PIN
65827159,d4f4a850-01fe-11f0-92a4-09772dfb61f8,Oaklawn Park HOA - Cust,15090/254,3326SOC,15090,254,NOT FLIPPED,,5999,MED,-3,edge,5402,0,NOT FLIPPED,LOW,1,PIN
75373637,da6bfc50-0c90-11f1-8768-5551e7a34f27,Oaklawn Park HOA - Cust,15090/254,3506SOC,15090,254,FLIPPED,,5996,MED,49,edge,11,5248,FLIPPED,LOW,2,PIN
75361525,dbde3bb0-0c69-11f1-8768-5551e7a34f27,Oaklawn Park HOA - Cust,15090/254,3459SOC,16185,314,NOT FLIPPED,NOT FLIPPED,5999,MED,121,edge,1383,198,NOT FLIPPED,LOW,,ATTR-OK
75372753,dce73580-0c90-11f1-8768-5551e7a34f27,Oaklawn Park HOA - Cust,15090/254,3401SOC,15090,254,FLIPPED,,3898,MED,0,edge,0,3555,FLIPPED,LOW,2,PIN
70269723,dd1eed90-5223-11f0-acb1-514e01860b07,Oaklawn Park HOA - Cust,15090/254,3391SOC,15090,254,FLIPPED,,6000,MED,-14,edge,4,5247,FLIPPED,LOW,2,PIN
75360568,e0525eb0-0c69-11f1-8768-5551e7a34f27,Oaklawn Park HOA - Cust,15090/254,3465SOC,16185,314,UNKNOWN,,110,MED,-594,edge,4,0,no draws,NO-DRAWS,,NO-DRAWS
65829395,e53c1a50-3a88-11f0-8e55-b138a1c03c8e,Oaklawn Park HOA - Cust,15090/254,3336SOC,16185,314,NOT FLIPPED,,12,,,,0,0,,NO-DRAWS,,REPORTED-ONLY
75362309,e5af5b10-0c69-11f1-8768-5551e7a34f27,Oaklawn Park HOA - Cust,15090/254,3351SOC,15090,254,FLIPPED,,5999,MED,-5,edge,0,5660,FLIPPED,LOW,2,PIN
77059543,eb559110-52bf-11f0-acb1-514e01860b07,Oaklawn Park HOA - Cust,15090/254,3592SOC,15090,254,NOT FLIPPED,,5999,MED,-160,edge,5414,24,NOT FLIPPED,LOW,1,PIN
75370229,f1365610-0c90-11f1-8768-5551e7a34f27,Oaklawn Park HOA - Cust,15090/254,3424SOC,15090,254,NOT FLIPPED,,205,MED,74,edge,148,0,NOT FLIPPED,LOW,1,PIN
75360071,f4b70310-0c69-11f1-8768-5551e7a34f27,Oaklawn Park HOA - Cust,15090/254,2614EOC,15090,254,FLIPPED,,6000,MED,59,edge,9,5676,FLIPPED,LOW,2,PIN
72720966,fa13ff70-0c69-11f1-8768-5551e7a34f27,Oaklawn Park HOA - Cust,15090/254,3311SOC,15090,254,NOT FLIPPED,,5997,MED,49,edge,5339,0,NOT FLIPPED,LOW,1,PIN
72721014,ff48fc60-c426-11f0-9842-6d029661c338,Oaklawn Park HOA - Cust,15090/254,3442SOC,15090,254,FLIPPED,,5998,MED,12,edge,0,5506,FLIPPED,LOW,2,PIN
65829809,00d04d20-e653-11ef-bcd4-5bcca9a9134f,Brown's MHP-CUST,15154/260,25,15154,260,FLIPPED,,6000,MED,1190,edge,6,5736,FLIPPED,LOW,2,PIN
68588183,0a2bb470-b9aa-11ef-8f43-73c96c0de66f,Brown's MHP-CUST,15154/260,16,15154,260,FLIPPED,,3298,MED,-226,edge,0,2896,FLIPPED,LOW,2,PIN
70262595,127509a0-9f9c-11f0-b5af-5dfa9891b485,Brown's MHP-CUST,15154/260,41,15154,260,FLIPPED,,6000,MED,-216,edge,1,4332,FLIPPED,LOW,2,PIN
65828728,50527ee0-c78b-11ef-8f43-73c96c0de66f,Brown's MHP-CUST,15154/260,5,15154,260,FLIPPED,,5999,MED,-10,edge,3,5379,FLIPPED,LOW,2,PIN
77058255,5448bc80-3d01-11f0-8e55-b138a1c03c8e,Brown's MHP-CUST,15154/260,33,15154,260,FLIPPED,,6000,MED,273,edge,9,5713,FLIPPED,LOW,2,PIN
65827662,80a07810-01f9-11f0-92a4-09772dfb61f8,Brown's MHP-CUST,15154/260,4,15154,260,FLIPPED,,6000,MED,-606,edge,0,0,no draws,NO-DRAWS,,NO-DRAWS
77029439,c56a80e0-35a6-11f0-8e55-b138a1c03c8e,Fowler Apts MF,362/209,701,16185,314,NOT FLIPPED,,5999,MED,5,edge,3614,6,NOT FLIPPED,LOW,1,PIN
77054387,d00bc180-35a6-11f0-8e55-b138a1c03c8e,Fowler Apts MF,362/209,501,362,209,FLIPPED,,5998,MED,,,0,0,,AMBIGUOUS-ZERO,,AMBIGUOUS-ZERO
77051995,d534a410-352e-11f0-8e55-b138a1c03c8e,Fowler Apts MF,362/209,502,362,209,UNKNOWN,,208,MED,173,largest=edge,4,18,FLIPPED,LOW,,DRAWS-ONLY
77057877,dc10b0d0-35a6-11f0-8e55-b138a1c03c8e,Fowler Apts MF,362/209,707,16022,260,FLIPPED,,6000,MED,-67,edge,0,5408,FLIPPED,LOW,2,PIN
72379140,22263c40-a959-11f0-98a7-c3bc57f9afe3,Dorr Drive MHP,15085/254,10,16185,314,FLIPPED,FLIPPED,6000,MED,-132,edge,37,5724,FLIPPED,LOW,,ATTR-OK
72383753,2a56cb00-a959-11f0-98a7-c3bc57f9afe3,Dorr Drive MHP,15085/254,17,16185,314,NOT FLIPPED,,5999,MED,31,edge,5370,8,NOT FLIPPED,LOW,1,PIN
72381286,4ac98670-a959-11f0-98a7-c3bc57f9afe3,Dorr Drive MHP,15085/254,1,16185,314,FLIPPED,,6000,MED,-71,edge,35,5569,FLIPPED,LOW,2,PIN
72379223,63074650-a959-11f0-98a7-c3bc57f9afe3,Dorr Drive MHP,15085/254,8,16185,314,NOT FLIPPED,,6000,MED,107,edge,5461,70,NOT FLIPPED,LOW,1,PIN
72381757,6b7c3460-a082-11f0-b5af-5dfa9891b485,Dorr Drive MHP,15085/254,16,16185,314,NOT FLIPPED,NOT FLIPPED,5998,MED,67,edge,5446,51,NOT FLIPPED,LOW,,ATTR-OK
70263544,72379580-9a72-11f0-b5af-5dfa9891b485,Dorr Drive MHP,15085/254,5,16022,260,NOT FLIPPED,,0,,,,0,0,,NO-DRAWS,,REPORTED-ONLY
72381237,889f32d0-a939-11f0-98a7-c3bc57f9afe3,Dorr Drive MHP,15085/254,15,16185,314,NOT FLIPPED,,31,,,,0,0,,NO-DRAWS,,REPORTED-ONLY
72392937,8c42e910-842f-11f0-8b4a-0d0197d44616,Dorr Drive MHP,15085/254,6,16185,314,FLIPPED,,6000,MED,-121,edge,20,5497,FLIPPED,LOW,2,PIN
70266364,9fe59a60-a939-11f0-98a7-c3bc57f9afe3,Dorr Drive MHP,15085/254,9,16185,314,FLIPPED,,6000,MED,155,edge,0,5855,FLIPPED,LOW,2,PIN
70266273,b5329ff0-a95a-11f0-98a7-c3bc57f9afe3,Dorr Drive MHP,15085/254,2,15085,254,NOT FLIPPED,,6000,MED,-16,edge,4948,0,NOT FLIPPED,LOW,1,PIN
