group,device,fwVer,sessions,completed,hung_est,days_with_records_of_7,rsrp_med
Stevens Park MHC,Device 70263874,,0,0,0,,
Stevens Park MHC,Device 72387614,,0,0,0,,
Stevens Park MHC,Device 72387697,,0,0,0,,
Stevens Park MHC,Device 72384033,,0,0,0,,
Stevens Park MHC,Device 72386970,,0,0,0,,
Stevens Park MHC,Device 72391160,,0,0,0,,
Stevens Park MHC,Device 72380783,,0,0,0,,
Stevens Park MHC,Device 72379710,,0,0,0,,
Stevens Park MHC,Device 77036616,,0,0,0,,
Stevens Park MHC,Device 77054502,,0,0,0,,
Stevens Park MHC,Device 77036624,,0,0,0,,
Stevens Park MHC,Device 77036673,,0,0,0,,
Stevens Park MHC,Device 77054585,,0,0,0,,
Stevens Park MHC,Device 65825351,,0,0,0,,
Lake Road Village RV Park-Cust,Device 72381195,362,9,13,0,7,-92.0
Lake Road Village RV Park-Cust,Device 72387721,362,9,13,0,6,-98.0
Lake Road Village RV Park-Cust,Device 72384728,362,12,13,0,7,-114.0
Lake Road Village RV Park-Cust,Device 72386996,17040,7,6,0,0,-102.0
Lake Road Village RV Park-Cust,Device 70260300,16022,7,6,0,7,-106.0
Lake Road Village RV Park-Cust,Device 72380221,16131,7,6,0,3,-109.0
Lake Road Village RV Park-Cust,Device 72387887,362,11,13,0,7,-102.0
Lake Road Village RV Park-Cust,Device 72379892,362,12,12,0,6,-101.0
Lake Road Village RV Park-Cust,Device 72384157,16193,7,6,0,6,-102.0
Lake Road Village RV Park-Cust,Device 70266539,362,9,13,0,7,-100.0
Lake Road Village RV Park-Cust,Device 70266190,362,10,13,0,7,-96.0
Lake Road Village RV Park-Cust,Device 70262520,362,8,13,0,7,-108.0
Lake Road Village RV Park-Cust,Device 70260458,362,7,13,0,7,-91.0
Sara Drive MHP,Device 65825963,16131,7,6,0,7,-110.0
Sara Drive MHP,Device 72389917,16131,7,6,0,7,-105.0
Sara Drive MHP,Device 70261688,362,10,13,0,7,-103.0
Sara Drive MHP,Device 70265283,362,9,13,0,7,-110.0
Sara Drive MHP,Device 70271133,362,11,13,0,7,-102.0
Sara Drive MHP,Device 77053876,362,14,13,0,7,-105.0
Sara Drive MHP,Device 77036905,362,13,13,0,6,-118.0
Sara Drive MHP,Device 77060855,362,13,12,0,4,-118.0
Sara Drive MHP,Device 77058263,362,11,13,0,7,-99.0
Sara Drive MHP,Device 65824719,362,14,13,0,7,-115.0
Sara Drive MHP,Device 77058750,362,13,13,0,7,-106.0
Sara Drive MHP,Device 77057323,362,12,12,0,7,-115.0
Sara Drive MHP,Device 77057687,362,8,13,0,7,-104.0
Sara Drive MHP,Device 65826920,362,14,14,0,7,-108.0
Sara Drive MHP,Device 65824560,362,10,11,0,6,-106.0
Sara Drive MHP,Device 65830617,362,11,13,0,7,-113.0
Sara Drive MHP,Device 65826649,,0,0,0,,
Sara Drive MHP,Device 65825880,362,10,13,0,7,-107.0
Sara Drive MHP,Device 65829130,362,11,13,0,7,-110.0
Sara Drive MHP,Device 65823042,362,8,12,0,7,-109.0
Sara Drive MHP,Device 65828611,,0,0,0,,
Sara Drive MHP,Device 65827035,362,10,9,0,7,-101.0
Sara Drive MHP,Device 65829601,,0,0,0,,
Sara Drive MHP,Device 65827555,362,12,12,0,6,-112.0
Sara Drive MHP,Device 65829924,362,14,13,0,7,-116.0
Sara Drive MHP,Device 65824578,,0,0,0,,
Sara Drive MHP,Device 65826581,362,11,12,0,7,-101.0
Sara Drive MHP,Device 65827852,362,8,13,0,6,-103.0
Sara Drive MHP,Device 65822481,362,13,13,0,7,-109.0
Sara Drive MHP,Device 65831490,362,10,13,0,7,-109.0
Sara Drive MHP,Device 65822457,362,9,13,0,7,-110.0
Sara Drive MHP,Device 65831987,16022,7,6,0,7,-106.0
Sara Drive MHP,Device 65827076,362,12,13,0,7,-115.0
Sara Drive MHP,Device 65823521,362,13,13,0,7,-108.0
Sara Drive MHP,Device 65825252,362,12,13,0,7,-111.0
Sara Drive MHP,Device 65827803,362,13,12,0,7,-119.0
Sara Drive MHP,Device 65822440,362,9,15,0,5,-111.0
Sara Drive MHP,Device 65826268,362,13,13,0,7,-118.0
Sara Drive MHP,Device 68584349,17037,8,7,0,7,-104.0
Sara Drive MHP,Device 65822200,362,12,12,0,6,-120.0
Sara Drive MHP,Device 65823430,362,10,13,0,6,-112.0
Sara Drive MHP,Device 65822283,362,12,13,0,7,-112.0
Sara Drive MHP,Device 65831417,362,12,13,0,7,-120.0
Cedarbrook Estates MHC,Device 75371045,16185,7,6,0,0,-101.0
Cedarbrook Estates MHC,Device 79461651,16185,7,6,0,7,-92.0
Cedarbrook Estates MHC,Device 79460570,16185,7,6,0,7,-98.0
Woodland Heights MHC,Device 79457899,17037,12,9,2,7,-79.0
Woodland Heights MHC,Device 79466833,17037,11,9,1,7,-80.0
Woodland Heights MHC,Device 79456693,17037,9,7,1,6,-78.0
Woodland Heights MHC,Device 79456321,17037,9,8,0,7,-108.0
Woodland Heights MHC,Device 79458665,17037,11,10,0,0,-105.0
Woodland Heights MHC,Device 79457600,17042,151,150,0,0,-79.0
Woodland Heights MHC,Device 79453542,17037,10,8,1,7,-88.0
Woodland Heights MHC,Device 79467872,17037,10,8,1,7,-79.0
Woodland Heights MHC,Device 79466726,17037,8,8,0,5,-79.0
Woodland Heights MHC,Device 79456248,17037,7,6,0,7,-75.0
Woodland Heights MHC,Device 79460273,17037,9,7,1,7,-110.0
Woodland Heights MHC,Device 79457154,17037,11,8,2,7,-91.0
Woodland Heights MHC,Device 79466882,17037,5,4,0,6,-106.0
Woodland Heights MHC,Device 79459614,17037,7,6,0,7,-76.0
Woodland Heights MHC,Device 79457352,17037,7,6,0,6,-79.0
Woodland Heights MHC,Device 79461263,17037,7,6,0,7,-91.0
Woodland Heights MHC,Device 79455455,17037,7,6,0,6,-76.0
Woodland Heights MHC,Device 79467864,17037,7,6,0,7,-107.0
Woodland Heights MHC,Device 79458475,17037,9,8,0,7,-121.0
Woodland Heights MHC,Device 79459960,17037,9,8,0,7,-106.0
Woodland Heights MHC,Device 79461842,17037,8,6,1,0,-122.0
Woodland Heights MHC,Device 79459028,17037,7,6,0,2,-116.0
Woodland Heights MHC,Device 79468052,17037,7,6,0,7,-98.0
Woodland Heights MHC,Device 79467658,17037,7,6,0,7,-106.0
Woodland Heights MHC,Device 79459101,17037,7,6,0,7,-119.0
Woodland Heights MHC,Device 79467963,17037,7,6,0,7,-100.0
Woodland Heights MHC,Device 79458848,17037,11,10,0,7,-105.0
Woodland Heights MHC,Device 79465355,17037,7,6,0,7,-112.0
Woodland Heights MHC,Device 79453617,17037,7,6,0,7,-111.0
Woodland Heights MHC,Device 79464937,17037,7,6,0,7,-85.0
Woodland Heights MHC,Device 79464309,17037,9,8,0,6,-101.0
Woodland Heights MHC,Device 79454235,17037,7,6,0,7,-111.0
Woodland Heights MHC,Device 79454086,17037,4,3,0,5,-84.0
Woodland Heights MHC,Device 79453872,17037,7,6,0,4,-103.0
Woodland Heights MHC,Device 79458905,17037,7,6,0,7,-109.0
Woodland Heights MHC,Device 79464770,17037,7,6,0,7,-104.0
Woodland Heights MHC,Device 79464705,17037,6,6,0,7,-113.0
Woodland Heights MHC,Device 79463673,17037,10,9,0,6,-101.0
Woodland Heights MHC,Device 79458798,17037,7,6,0,7,-105.0
Woodland Heights MHC,Device 79454771,17037,7,6,0,7,-87.0
Woodland Heights MHC,Device 79459440,17037,8,7,0,0,-99.0
Woodland Heights MHC,Device 79463616,17037,4,3,0,4,-89.0
Woodland Heights MHC,Device 75487346,17037,7,6,0,6,-74.0
Woodland Heights MHC,Device 79457493,17037,7,6,0,1,-77.0
Woodland Heights MHC,Device 79463798,17037,7,6,0,0,-86.0
Woodland Heights MHC,Device 79463707,17037,7,6,0,0,-86.0
Woodland Heights MHC,Device 79465629,17037,8,7,0,7,-82.0
Woodland Heights MHC,Device 79458830,17037,8,8,0,7,-82.0
Woodland Heights MHC,Device 75468478,17037,7,6,0,7,-85.0
Woodland Heights MHC,Device 79463756,17037,10,8,1,7,-79.0
Woodland Heights MHC,Device 75495539,17037,7,6,0,7,-86.0
Woodland Heights MHC,Device 75500429,17037,16,15,0,7,-78.0
Woodland Heights MHC,Device 75465391,17037,7,6,0,7,-95.0
Woodland Heights MHC,Device 79453492,17037,7,6,0,7,-85.0
Woodland Heights MHC,Device 79459622,17037,7,6,0,7,-95.0
Woodland Heights MHC,Device 79457592,17037,8,6,1,7,-77.0
Woodland Heights MHC,Device 79455844,17037,9,8,0,7,-85.0
Woodland Heights MHC,Device 79464234,17037,10,7,2,5,-83.0
Woodland Heights MHC,Device 79467708,17037,12,12,0,7,-126.0
Woodland Heights MHC,Device 79456537,17037,7,6,0,7,-94.0
Woodland Heights MHC,Device 79462410,17037,7,6,0,0,-82.0
Woodland Heights MHC,Device 79453823,17037,8,6,1,1,-77.0
Woodland Heights MHC,Device 75370575,17037,8,7,0,7,-87.0
Woodland Heights MHC,Device 72389396,17037,7,6,0,7,-78.0
Round Lake MHP,Device 75374239,15154,9,8,0,7,-106.0
Round Lake MHP,Device 75364818,15154,7,6,0,7,-110.0
Round Lake MHP,Device 75360808,15154,7,6,0,7,-109.0
Round Lake MHP,Device 75374064,15154,10,10,0,7,-113.0
Round Lake MHP,Device 75367340,15154,16,15,0,7,-115.0
Round Lake MHP,Device 72719372,15154,8,7,0,7,-110.0
Round Lake MHP,Device 75371748,15154,9,8,0,7,-102.0
Round Lake MHP,Device 75372902,15154,7,6,0,7,-98.0
Round Lake MHP,Device 75369940,15154,9,8,0,7,-104.0
Round Lake MHP,Device 75374957,17037,7,6,0,0,-113.0
Round Lake MHP,Device 72723796,15154,6,6,0,7,-109.0
Round Lake MHP,Device 75362077,15154,6,5,0,6,-104.0
Round Lake MHP,Device 75361517,15154,6,6,0,7,-105.0
Round Lake MHP,Device 72723242,15154,14,14,0,7,-118.0
Round Lake MHP,Device 72723374,15154,8,7,0,7,-105.0
Round Lake MHP,Device 75371052,15154,7,6,0,7,-113.0
Round Lake MHP,Device 72723770,15154,8,7,0,7,-108.0
Round Lake MHP,Device 75360493,15154,6,5,0,0,-115.0
Round Lake MHP,Device 72723606,15154,6,5,0,6,-105.0
Round Lake MHP,Device 75363760,15154,6,5,0,6,-112.0
Round Lake MHP,Device 75367191,15154,6,5,0,6,-113.0
Round Lake MHP,Device 75367787,15154,7,6,0,6,-117.0
Round Lake MHP,Device 75366649,15154,7,6,0,7,-111.0
Round Lake MHP,Device 75373496,15154,7,6,0,7,-122.0
Round Lake MHP,Device 72719836,15154,8,7,0,7,-110.0
Round Lake MHP,Device 75372605,15154,10,9,0,7,-112.0
Round Lake MHP,Device 75363257,15154,7,6,0,5,-118.0
Round Lake MHP,Device 75373462,15154,7,6,0,6,-113.0
Round Lake MHP,Device 75369817,15154,13,12,0,7,-106.0
Round Lake MHP,Device 72719059,15154,8,7,0,7,-110.0
Round Lake MHP,Device 75372480,15154,7,6,0,7,-113.0
Round Lake MHP,Device 75372241,15154,9,8,0,7,-111.0
Round Lake MHP,Device 75362986,15154,8,7,0,6,-114.0
Round Lake MHP,Device 75370013,15154,7,6,0,7,-108.0
Round Lake MHP,Device 75360279,15154,10,11,0,0,-118.0
Round Lake MHP,Device 75364941,15154,7,6,0,7,-109.0
Round Lake MHP,Device 75363679,15154,8,7,0,6,-104.0
Round Lake MHP,Device 75368637,15154,7,6,0,7,-104.0
Round Lake MHP,Device 75369759,15154,7,7,0,1,-119.0
Round Lake MHP,Device 75373116,15154,13,14,0,6,-115.0
Round Lake MHP,Device 75369395,15154,8,8,0,6,-116.0
Round Lake MHP,Device 75363935,15154,7,6,0,7,-115.0
Round Lake MHP,Device 75371961,15154,7,6,0,7,-107.0
Round Lake MHP,Device 75372597,15154,9,8,0,7,-114.0
Round Lake MHP,Device 75364461,15154,10,9,0,7,-115.0
Round Lake MHP,Device 75370732,15154,18,18,0,7,-114.0
Round Lake MHP,Device 75372399,15154,10,9,0,6,-114.0
Round Lake MHP,Device 75362218,15154,8,7,0,7,-106.0
Round Lake MHP,Device 72723879,15154,8,7,0,6,-113.0
Round Lake MHP,Device 75363943,15154,16,16,0,6,-116.0
Round Lake MHP,Device 75370294,15154,10,9,0,7,-113.0
Round Lake MHP,Device 75372498,15154,7,6,0,7,-115.0
Round Lake MHP,Device 75364347,15154,6,5,0,6,-112.0
Round Lake MHP,Device 75362796,15154,7,6,0,6,-121.0
Round Lake MHP,Device 75361004,15154,10,9,0,7,-111.0
Round Lake MHP,Device 75365047,15154,8,7,0,7,-107.0
Round Lake MHP,Device 75363604,15154,11,10,0,7,-110.0
Round Lake MHP,Device 75369619,15154,7,6,0,6,-114.0
Round Lake MHP,Device 75374163,15154,9,8,0,7,-104.0
Round Lake MHP,Device 72713797,15154,8,7,0,7,-111.0
Round Lake MHP,Device 75361343,15154,8,7,0,7,-108.0
Round Lake MHP,Device 75363893,15154,7,6,0,7,-114.0
Round Lake MHP,Device 75369957,15154,9,10,0,1,-119.0
Shirlee's MHP,Device 79455810,17032,7,6,0,7,-99.0
Shirlee's MHP,Device 79464465,17032,7,6,0,4,-116.0
Shirlee's MHP,Device 79455703,17032,11,10,0,7,-105.0
Shirlee's MHP,Device 75505691,17032,7,6,0,7,-106.0
Shirlee's MHP,Device 79466676,17032,4,3,0,0,-123.0
Shirlee's MHP,Device 79464424,17032,7,6,0,6,-107.0
Shirlee's MHP,Device 79456016,17037,6,6,0,2,-110.0
Shirlee's MHP,Device 79455877,17032,9,8,0,6,-116.0
Shirlee's MHP,Device 79455752,17032,7,6,0,7,-110.0
Shirlee's MHP,Device 79459473,17032,8,6,1,0,-113.0
Shirlee's MHP,Device 79467435,17032,7,6,0,6,-107.0
Shirlee's MHP,Device 79459408,17032,13,12,0,7,-113.0
Shirlee's MHP,Device 79457097,17032,4,4,0,5,-115.0
Shirlee's MHP,Device 79461255,17032,6,6,0,5,-99.0
Shirlee's MHP,Device 79461909,17032,7,6,0,4,-115.0
Shirlee's MHP,Device 79459929,17032,7,6,0,7,-101.0
Southern Cross MHC,Device 75366698,362,7,13,0,5,-93.0
Southern Cross MHC,Device 72723531,362,8,12,0,3,-90.0
Southern Cross MHC,Device 75363794,362,9,13,0,7,-93.0
Southern Cross MHC,Device 75363562,16022,7,6,0,7,-98.0
Southern Cross MHC,Device 75374031,362,13,13,0,7,-92.0
Southern Cross MHC,Device 75373843,362,13,13,0,7,-92.0
Southern Cross MHC,Device 75367415,362,12,13,0,7,-97.0
Southern Cross MHC,Device 75373132,362,12,12,0,6,-90.0
Southern Cross MHC,Device 75372373,17040,6,7,0,2,-94.0
Southern Cross MHC,Device 75360337,16185,7,6,0,0,-92.0
Southern Cross MHC,Device 75363216,362,14,14,0,7,-94.0
Southern Cross MHC,Device 72722673,362,11,13,0,1,-104.0
Southern Cross MHC,Device 75373397,362,9,13,0,7,-96.0
Southern Cross MHC,Device 75361566,16185,7,6,0,0,-96.0
Southern Cross MHC,Device 72724141,362,10,13,0,7,-92.0
Southern Cross MHC,Device 75372001,362,9,13,0,5,-105.0
Southern Cross MHC,Device 75362416,362,12,13,0,7,-101.0
Southern Cross MHC,Device 75368801,16185,7,6,0,1,-88.0
Southern Cross MHC,Device 75374866,16185,17,16,0,7,-98.0
Southern Cross MHC,Device 75366201,362,12,12,0,6,-99.0
Highlands MHC,Device 75365443,362,9,13,0,7,-101.0
Highlands MHC,Device 75374619,362,8,13,0,5,-92.0
Highlands MHC,Device 75370245,362,12,13,0,7,-104.0
Highlands MHC,Device 75361855,16185,20,20,0,7,-98.0
Highlands MHC,Device 75373868,,0,0,0,,
Highlands MHC,Device 75373710,17037,38,36,1,7,-104.0
Highlands MHC,Device 75364396,362,7,12,0,0,-85.0
Highlands MHC,Device 75374494,17037,26,26,0,7,-91.0
Highlands MHC,Device 75371250,17037,28,32,0,7,-104.0
Highlands MHC,Device 75374833,362,7,12,0,3,-88.0
Highlands MHC,Device 75365617,362,12,12,0,6,-110.0
Highlands MHC,Device 75371730,362,14,13,0,7,-104.0
Highlands MHC,Device 72718978,16185,14,14,0,4,-105.0
Highlands MHC,Device 75361426,16185,50,49,0,7,-80.0
Highlands MHC,Device 75370484,362,9,13,0,6,-97.0
Highlands MHC,Device 72719539,16185,14,13,0,7,-91.0
Highlands MHC,Device 75372761,17040,25,28,0,0,-90.0
Highlands MHC,Device 75361129,362,13,12,0,6,-90.0
Highlands MHC,Device 75371912,362,7,9,0,6,-85.0
Highlands MHC,Device 72723887,362,7,12,0,6,-101.0
Highlands MHC,Device 75366177,16185,48,48,0,7,-87.0
Highlands MHC,Device 75362820,362,10,13,0,5,-96.0
Highlands MHC,Device 75362119,362,9,11,0,1,-106.0
Highlands MHC,Device 75373272,362,9,13,0,6,-110.0
Highlands MHC,Device 75363232,16022,46,46,0,7,-93.0
Highlands MHC,Device 75371896,362,10,12,0,5,-102.0
Highlands MHC,Device 75368587,17040,10,10,0,4,-94.0
Highlands MHC,Device 72718036,362,9,11,0,7,-97.0
Highlands MHC,Device 75363521,362,13,13,0,7,-93.0
Highlands MHC,Device 72719489,16185,38,38,0,6,-88.0
Highlands MHC,Device 65822887,,0,0,0,,
Oak Forest Estate MHC,Device 75374072,17037,7,6,0,7,-97.0
Oak Forest Estate MHC,Device 75363554,17037,15,22,0,4,-111.0
Oak Forest Estate MHC,Device 72723671,17037,7,6,0,7,-110.0
Oak Forest Estate MHC,Device 75368561,17037,7,6,0,0,-120.0
Oak Forest Estate MHC,Device 75373876,17037,6,6,0,2,-120.0
Oak Forest Estate MHC,Device 72723572,17037,7,6,0,7,-110.0
Oak Forest Estate MHC,Device 72724075,17040,7,6,0,3,-109.0
Oak Forest Estate MHC,Device 75364487,17037,7,6,0,7,-105.0
Oak Forest Estate MHC,Device 75367977,17037,7,6,0,5,-116.0
Oak Forest Estate MHC,Device 75362960,17037,7,6,0,0,-104.0
Oak Forest Estate MHC,Device 75370054,17037,6,6,0,2,-116.0
Oak Forest Estate MHC,Device 72390659,17037,8,6,1,7,-111.0
Oak Forest Estate MHC,Device 72390733,17037,9,6,2,4,-109.0
Oak Forest Estate MHC,Device 72389206,,0,0,0,,
Oak Forest Estate MHC,Device 72382581,17037,7,6,0,7,-106.0
Oak Forest Estate MHC,Device 72385352,17037,7,6,0,5,-118.0
Oak Forest Estate MHC,Device 72378126,17037,7,6,0,7,-108.0
Oak Forest Estate MHC,Device 72390998,17037,7,6,0,6,-113.0
Oak Forest Estate MHC,Device 70259153,17037,7,6,0,7,-111.0
Oak Forest Estate MHC,Device 70259732,17037,7,6,0,7,-109.0
Oak Forest Estate MHC,Device 70273428,17037,7,6,0,7,-111.0
Oak Forest Estate MHC,Device 70263767,17037,7,6,0,7,-107.0
Oak Forest Estate MHC,Device 70264880,17037,7,6,0,6,-106.0
Oak Forest Estate MHC,Device 77061747,,0,0,0,,
Oak Forest Estate MHC,Device 77056523,17037,7,6,0,7,-108.0
Oak Forest Estate MHC,Device 77054528,17037,7,6,0,7,-104.0
Oak Forest Estate MHC,Device 77054122,17037,7,6,0,3,-116.0
Oak Forest Estate MHC,Device 77058487,17037,6,6,0,6,-118.0
Oak Forest Estate MHC,Device 77053827,17037,7,6,0,4,-113.0
Oak Forest Estate MHC,Device 77058370,17037,19,24,0,0,-120.0
Oak Forest Estate MHC,Device 65829718,17037,2,3,0,0,-127.0
Oak Forest Estate MHC,Device 77058511,17037,8,9,0,2,-102.0
Oak Forest Estate MHC,Device 77054056,17037,7,6,0,4,-108.0
Oak Forest Estate MHC,Device 77060897,17037,7,6,0,7,-105.0
Oak Forest Estate MHC,Device 77061572,17037,7,8,0,0,-120.0
Oak Forest Estate MHC,Device 65824800,17037,7,6,0,7,-111.0
Oak Forest Estate MHC,Device 65828918,17037,7,6,0,3,-106.0
Oak Forest Estate MHC,Device 68593092,,0,0,0,,
Paola MHC,Device 79464382,17037,6,6,0,0,-119.0
Paola MHC,Device 79458517,16185,7,6,0,6,-119.0
Paola MHC,Device 79463129,16185,7,6,0,7,-118.0
Paola MHC,Device 79463475,16185,7,6,0,7,-116.0
Paola MHC,Device 79466353,17037,6,5,0,7,-115.0
Paola MHC,Device 79462246,16185,7,6,0,7,-110.0
Paola MHC,Device 79461578,17037,7,6,0,7,-119.0
Paola MHC,Device 79463418,17037,6,5,0,0,-125.0
Paola MHC,Device 79461552,17037,7,6,0,0,-99.0
Paola MHC,Device 79466478,17037,8,6,1,0,-119.0
Paola MHC,Device 79460554,17037,7,6,0,7,-106.0
Paola MHC,Device 79465496,17037,7,6,0,7,-116.0
Paola MHC,Device 79464390,17037,7,6,0,0,-120.0
Paola MHC,Device 79461966,16185,7,6,0,5,-117.0
Paola MHC,Device 79466411,16185,7,6,0,7,-111.0
Paola MHC,Device 79461271,17037,7,6,0,7,-114.0
Paola MHC,Device 79460778,16185,7,6,0,7,-114.0
Paola MHC,Device 79454284,17037,7,6,0,7,-108.0
Paola MHC,Device 79460695,16185,16,14,1,7,-114.0
Paola MHC,Device 79461545,16185,6,5,0,5,-111.0
Paola MHC,Device 79462907,,0,0,0,,
Paola MHC,Device 79461156,,0,0,0,,
Paola MHC,Device 79462659,16131,7,6,0,7,-102.0
Paola MHC,Device 79463194,,0,0,0,,
Paola MHC,Device 79461560,17037,7,6,0,7,-116.0
Flower Mound MHC-CUST,Device 75364701,17037,7,6,0,7,-93.0
Flower Mound MHC-CUST,Device 72721022,362,12,13,0,7,-71.0
Flower Mound MHC-CUST,Device 72381575,362,12,13,0,7,-72.0
Flower Mound MHC-CUST,Device 72391921,362,14,13,0,7,-74.0
Flower Mound MHC-CUST,Device 72380635,16185,7,6,0,1,-75.0
Flower Mound MHC-CUST,Device 70270788,362,8,13,0,7,-79.0
Flower Mound MHC-CUST,Device 72379009,362,12,12,0,7,-74.0
Flower Mound MHC-CUST,Device 72387382,362,14,13,0,7,-89.0
Flower Mound MHC-CUST,Device 72378373,,0,0,0,,
Flower Mound MHC-CUST,Device 70269327,362,12,12,0,6,-81.0
Flower Mound MHC-CUST,Device 72387515,362,11,13,0,7,-76.0
Flower Mound MHC-CUST,Device 70258791,362,10,13,0,7,-67.0
Flower Mound MHC-CUST,Device 70266695,362,11,13,0,7,-86.0
Flower Mound MHC-CUST,Device 72387408,362,10,13,0,7,-78.0
Flower Mound MHC-CUST,Device 72380114,362,15,15,0,7,-82.0
Flower Mound MHC-CUST,Device 72391731,16185,7,6,0,7,-87.0
Flower Mound MHC-CUST,Device 70271505,362,11,12,0,6,-80.0
Flower Mound MHC-CUST,Device 70265895,362,11,13,0,7,-82.0
Flower Mound MHC-CUST,Device 72387630,362,8,13,0,7,-81.0
Flower Mound MHC-CUST,Device 72379280,16185,7,6,0,7,-84.0
Flower Mound MHC-CUST,Device 70260615,362,8,12,0,7,-118.0
Flower Mound MHC-CUST,Device 70269715,362,9,13,0,7,-76.0
Flower Mound MHC-CUST,Device 72379041,362,11,13,0,7,-75.0
Flower Mound MHC-CUST,Device 72391194,17037,7,6,0,4,-79.0
Flower Mound MHC-CUST,Device 72379017,16022,6,6,0,7,-71.0
Flower Mound MHC-CUST,Device 70260250,362,10,13,0,7,-70.0
Flower Mound MHC-CUST,Device 72384629,362,10,13,0,7,-73.0
Flower Mound MHC-CUST,Device 72384504,362,11,13,0,7,-72.0
Flower Mound MHC-CUST,Device 70259062,16185,7,6,0,7,-77.0
Flower Mound MHC-CUST,Device 72381088,,0,0,0,,
Flower Mound MHC-CUST,Device 70265945,16185,11,10,0,7,-81.0
Flower Mound MHC-CUST,Device 72378563,362,9,12,0,7,-76.0
Flower Mound MHC-CUST,Device 70269020,362,13,13,0,7,-73.0
Flower Mound MHC-CUST,Device 72379439,17037,8,6,1,4,-77.0
Flower Mound MHC-CUST,Device 72385451,362,10,13,0,7,-68.0
Smitty's MHP,Device 73276857,17037,7,6,0,7,-108.0
Smitty's MHP,Device 79465611,17037,7,6,0,7,-104.0
Smitty's MHP,Device 82377573,17037,7,6,0,7,-96.0
Smitty's MHP,Device 73276931,17037,7,6,0,7,-90.0
Smitty's MHP,Device 79456347,17037,7,6,0,7,-84.0
Smitty's MHP,Device 79457675,17037,7,6,0,4,-96.0
Smitty's MHP,Device 79458285,17037,9,8,0,5,-98.0
Smitty's MHP,Device 79453575,17037,7,6,0,7,-99.0
Smitty's MHP,Device 82377490,17037,6,6,0,0,-101.0
Smitty's MHP,Device 79457766,17037,7,6,0,7,-115.0
Smitty's MHP,Device 79454441,17037,7,6,0,7,-90.0
Smitty's MHP,Device 75477271,17037,7,6,0,0,-94.0
Smitty's MHP,Device 79456594,17037,7,6,0,2,-88.0
Smitty's MHP,Device 72443383,17037,9,8,0,7,-87.0
Smitty's MHP,Device 79458012,17037,7,6,0,7,-111.0
Smitty's MHP,Device 82377672,17037,7,6,0,7,-99.0
Smitty's MHP,Device 79457469,17037,6,5,0,7,-111.0
Smitty's MHP,Device 79456859,17037,9,8,0,7,-94.0
Smitty's MHP,Device 79465017,17037,7,6,0,7,-97.0
Smitty's MHP,Device 72443367,17037,7,6,0,7,-102.0
Smitty's MHP,Device 79458889,17037,7,6,0,7,-97.0
Smitty's MHP,Device 79455901,17037,7,6,0,7,-99.0
Smitty's MHP,Device 73276881,17037,7,6,0,7,-99.0
Smitty's MHP,Device 75501997,17037,7,6,0,7,-95.0
Smitty's MHP,Device 79464911,17037,7,6,0,7,-84.0
Smitty's MHP,Device 79456677,17037,7,6,0,0,-87.0
Smitty's MHP,Device 79463715,17037,13,12,0,7,-90.0
Smitty's MHP,Device 79464960,17037,7,6,0,7,-86.0
Smitty's MHP,Device 79459317,17037,7,6,0,7,-104.0
Smitty's MHP,Device 79458673,17037,8,7,0,7,-86.0
Smitty's MHP,Device 79466650,17037,19,18,0,7,-100.0
Smitty's MHP,Device 79465058,17037,6,6,0,7,-90.0
Smitty's MHP,Device 79464515,17037,7,6,0,7,-107.0
Smitty's MHP,Device 79465165,17037,11,10,0,7,-99.0
Smitty's MHP,Device 79459010,17037,7,6,0,7,-109.0
Smitty's MHP,Device 79466932,17037,8,7,0,7,-78.0
Smitty's MHP,Device 79467906,17037,6,6,0,0,-97.0
Smitty's MHP,Device 79465025,17037,7,6,0,7,-101.0
Smitty's MHP,Device 75465383,17037,7,6,0,7,-99.0
Smitty's MHP,Device 79457006,17037,8,7,0,7,-95.0
Smitty's MHP,Device 2041765681,10706,0,0,0,,
FOTA Test-Cust,Device 79454912,17045,238,18,219,5,-80.0
FOTA Test-Cust,Device 79457295,,0,0,0,,
FOTA Test-Cust,Device 79460281,,0,0,0,,
FOTA Test-Cust,Device 70262397,17034,1,0,0,0,-92.0
FOTA Test-Cust,Device 72390097,17034,2,1,0,0,-96.0
FOTA Test-Cust,Device 77059261,17034,1,0,0,0,-94.0
Grand Central MHP,,15090,7,6,0,7,-98.0
Grand Central MHP,,,0,0,0,,
Grand Central MHP,,17037,7,6,0,7,-101.0
Grand Central MHP,,16185,7,6,0,0,-100.0
Grand Central MHP,,,0,0,0,,
Grand Central MHP,,16185,7,6,0,7,-94.0
Grand Central MHP,,16022,7,6,0,7,-108.0
Grand Central MHP,,15090,7,6,0,7,-97.0
Grand Central MHP,,16185,7,5,1,4,-113.0
Grand Central MHP,,16185,7,6,0,6,-98.0
Grand Central MHP,,16131,7,6,0,5,-95.0
Grand Central MHP,,16185,6,5,0,5,-104.0
Grand Central MHP,,16185,7,6,0,7,-111.0
Grand Central MHP,,16022,7,6,0,0,-109.0
Grand Central MHP,,15090,6,5,0,6,-96.0
Grand Central MHP,,,0,0,0,,
East Barre MHP,Device 70259864,16185,7,6,0,6,-99.0
East Barre MHP,Device 70263494,362,9,13,0,7,-93.0
East Barre MHP,Device 70260490,362,9,8,0,2,-98.0
East Barre MHP,Device 72391632,362,11,13,0,4,-106.0
East Barre MHP,Device 70268691,16022,7,6,0,7,-93.0
East Barre MHP,Device 72392689,362,12,11,0,6,-97.0
Shady Lane MHP-Cust,Device 75362887,17037,8,7,0,3,-107.0
Shady Lane MHP-Cust,Device 75363901,17037,9,10,0,7,-120.0
Shady Lane MHP-Cust,Device 75368777,17037,33,34,0,3,-118.0
Shady Lane MHP-Cust,Device 75365898,17028,7,6,0,7,-107.0
Shady Lane MHP-Cust,Device 75368397,17028,7,6,0,7,-115.0
Shady Lane MHP-Cust,Device 75366953,17037,6,6,0,6,-106.0
Shady Lane MHP-Cust,Device 79466858,17028,8,7,0,7,-113.0
Shady Lane MHP-Cust,Device 79459895,17040,7,3,3,1,-118.0
Shady Lane MHP-Cust,Device 75365427,17028,7,6,0,7,-104.0
Shady Lane MHP-Cust,Device 75364586,17028,7,6,0,7,-117.0
Shady Lane MHP-Cust,Device 79466007,17037,7,7,0,4,-115.0
Shady Lane MHP-Cust,Device 75366029,17037,8,7,0,7,-113.0
Shady Lane MHP-Cust,Device 75368439,17028,7,7,0,7,-114.0
Shady Lane MHP-Cust,Device 79461768,17050,11,9,1,7,-109.0
Shady Lane MHP-Cust,Device 75363992,17028,7,6,0,6,-112.0
Shady Lane MHP-Cust,Device 75364883,17037,33,31,1,4,-119.0
Shady Lane MHP-Cust,Device 75365302,17028,6,5,0,3,-107.0
Shady Lane MHP-Cust,Device 79466304,17037,7,6,0,7,-110.0
Shady Lane MHP-Cust,Device 79466379,17028,9,8,0,7,-111.0
Shady Lane MHP-Cust,Device 75369486,17037,9,8,0,7,-109.0
Shady Lane MHP-Cust,Device 75369098,17037,6,6,0,6,-119.0
Shady Lane MHP-Cust,Device 79455422,17028,7,7,0,7,-115.0
Shady Lane MHP-Cust,Device 79454037,17040,9,9,0,7,-113.0
Shady Lane MHP-Cust,Device 75366011,17037,7,6,0,7,-110.0
Shady Lane MHP-Cust,Device 75367100,17037,9,8,0,7,-106.0
Shady Lane MHP-Cust,Device 79461115,17037,6,5,0,7,-117.0
Shady Lane MHP-Cust,Device 79466452,17028,38,38,0,7,-107.0
Shady Lane MHP-Cust,Device 75366938,17037,6,5,0,6,-110.0
Shady Lane MHP-Cust,Device 70268832,17028,6,6,0,7,-114.0
Shady Lane MHP-Cust,Device 70269798,17050,7,8,0,0,-100.0
Shady Lane MHP-Cust,Device 70267966,17028,17,16,0,7,-109.0
Shady Lane MHP-Cust,Device 65823489,17028,7,6,0,6,-93.0
Shady Lane MHP-Cust,Device 77054957,17028,7,6,0,7,-98.0
Shady Lane MHP-Cust,Device 77041962,17028,8,7,0,7,-111.0
Shady Lane MHP-Cust,Device 65824917,17028,7,6,0,4,-99.0
Shady Lane MHP-Cust,Device 65828520,17028,7,6,0,7,-108.0
River Hill MHC,Device 72378118,,0,0,0,,
Broadway MHP DesMoines,Device 79460208,17037,7,6,0,7,-113.0
Broadway MHP DesMoines,Device 75365534,17037,7,6,0,0,-116.0
Broadway MHP DesMoines,Device 75369593,17037,7,6,0,7,-96.0
Broadway MHP DesMoines,Device 79454870,17037,7,6,0,0,-114.0
Broadway MHP DesMoines,Device 75368181,17037,13,13,0,7,-107.0
Broadway MHP DesMoines,Device 79467070,17037,7,6,0,0,-111.0
Broadway MHP DesMoines,Device 79456115,17037,12,13,0,7,-112.0
Broadway MHP DesMoines,Device 79455356,17037,7,6,0,2,-118.0
Broadway MHP DesMoines,Device 79454599,17037,6,5,0,5,-112.0
Broadway MHP DesMoines,Device 75365088,17037,7,6,0,0,-110.0
Broadway MHP DesMoines,Device 79454383,,0,0,0,,
Broadway MHP DesMoines,Device 75367704,17040,8,8,0,0,-118.0
Broadway MHP DesMoines,Device 75368488,17037,6,5,0,6,-109.0
Broadway MHP DesMoines,Device 79460786,17037,6,7,0,0,-121.0
Broadway MHP DesMoines,Device 79458236,17037,15,14,0,7,-109.0
Broadway MHP DesMoines,Device 79467088,17037,7,6,0,0,-110.0
Broadway MHP DesMoines,Device 75362234,17037,6,6,0,3,-113.0
Broadway MHP DesMoines,Device 75361251,17037,19,20,0,7,-110.0
Broadway MHP DesMoines,Device 79454474,17037,7,6,0,7,-112.0
Broadway MHP DesMoines,Device 75371813,17037,7,6,0,3,-116.0
Broadway MHP DesMoines,Device 79458392,17037,7,6,0,6,-112.0
Broadway MHP DesMoines,Device 70262025,17040,11,8,2,0,-123.0
Broadway MHP DesMoines,Device 72379488,17037,5,6,0,2,-121.0
Broadway MHP DesMoines,Device 72382516,,0,0,0,,
Broadway MHP DesMoines,Device 72383142,17037,12,11,0,6,-110.0
Broadway MHP DesMoines,Device 72384900,17037,9,7,1,0,-121.0
Broadway MHP DesMoines,Device 72379884,17037,2,2,0,0,-101.0
Broadway MHP DesMoines,Device 72383191,17037,5,6,0,0,-122.0
Broadway MHP DesMoines,Device 2049914455,10693,2,1,0,0,-95.0
Broadway MHP DesMoines,Device 2049907004,,0,0,0,,
Broadway MHP DesMoines,Device 2041750923,,0,0,0,,
Broadway MHP DesMoines,Device 2041742920,,0,0,0,,
Kay Bee Mobile Villa MHP,Device 75371904,16131,14,13,0,7,-95.0
Kay Bee Mobile Villa MHP,Device 75360378,16131,7,6,0,7,-115.0
Kay Bee Mobile Villa MHP,Device 79463111,16131,6,6,0,6,-109.0
Kay Bee Mobile Villa MHP,Device 79463145,16131,7,6,0,7,-105.0
Kay Bee Mobile Villa MHP,Device 79461065,16131,7,6,0,7,-110.0
Kay Bee Mobile Villa MHP,Device 79461289,16131,5,5,0,7,-105.0
Kay Bee Mobile Villa MHP,Device 79462832,16185,7,6,0,6,-115.0
Kay Bee Mobile Villa MHP,Device 79460992,16185,7,6,0,7,-115.0
Kay Bee Mobile Villa MHP,Device 75360709,16131,7,6,0,7,-103.0
Kay Bee Mobile Villa MHP,Device 75361673,16165,6,6,0,1,-116.0
Kay Bee Mobile Villa MHP,Device 75368058,16131,6,5,0,6,-109.0
Kay Bee Mobile Villa MHP,Device 72723978,16131,7,6,0,7,-113.0
Kay Bee Mobile Villa MHP,Device 75373512,16131,7,6,0,7,-108.0
Kay Bee Mobile Villa MHP,Device 72719125,16185,8,8,0,7,-110.0
Kay Bee Mobile Villa MHP,Device 70271653,16131,5,5,0,6,-105.0
Kay Bee Mobile Villa MHP,Device 72720248,16131,7,6,0,7,-108.0
Kay Bee Mobile Villa MHP,Device 70267461,16131,7,6,0,7,-105.0
Kay Bee Mobile Villa MHP,Device 72715412,16131,7,6,0,7,-102.0
Kay Bee Mobile Villa MHP,Device 72717319,16131,7,6,0,7,-103.0
Kay Bee Mobile Villa MHP,Device 72718127,16131,7,6,0,7,-109.0
Kay Bee Mobile Villa MHP,Device 72720529,16131,5,5,0,6,-101.0
Kay Bee Mobile Villa MHP,Device 72722004,16131,8,7,0,7,-108.0
Kay Bee Mobile Villa MHP,Device 72721279,16131,7,6,0,7,-103.0
Kay Bee Mobile Villa MHP,Device 72719976,16131,8,7,0,7,-110.0
Kay Bee Mobile Villa MHP,Device 70272354,16131,7,6,0,7,-103.0
Kay Bee Mobile Villa MHP,Device 72716907,16131,7,6,0,7,-108.0
Kay Bee Mobile Villa MHP,Device 72714399,16131,7,6,0,7,-103.0
Kay Bee Mobile Villa MHP,Device 72716816,16131,7,6,0,7,-104.0
Kay Bee Mobile Villa MHP,Device 72720636,16131,7,6,0,6,-106.0
Kay Bee Mobile Villa MHP,Device 72714977,16131,10,9,0,7,-114.0
Kay Bee Mobile Villa MHP,Device 72722095,16131,7,6,0,7,-114.0
Kay Bee Mobile Villa MHP,Device 72719018,16131,5,5,0,7,-111.0
Kay Bee Mobile Villa MHP,Device 72715677,16131,9,8,0,7,-103.0
Kay Bee Mobile Villa MHP,Device 72722376,16131,7,6,0,7,-103.0
Kay Bee Mobile Villa MHP,Device 70271810,16131,8,7,0,7,-103.0
Kay Bee Mobile Villa MHP,Device 72722087,16131,7,6,0,7,-106.0
Kay Bee Mobile Villa MHP,Device 70272073,16131,7,6,0,7,-102.0
Kay Bee Mobile Villa MHP,Device 72721956,16131,7,6,0,6,-106.0
Kay Bee Mobile Villa MHP,Device 72721949,16131,7,6,0,7,-112.0
Kay Bee Mobile Villa MHP,Device 72722269,16185,6,6,0,7,-104.0
Kay Bee Mobile Villa MHP,Device 72714209,16131,7,6,0,7,-103.0
Kay Bee Mobile Villa MHP,Device 72717046,16131,5,6,0,7,-113.0
Kay Bee Mobile Villa MHP,Device 72716899,16131,7,6,0,6,-112.0
Kay Bee Mobile Villa MHP,Device 72721139,16131,7,6,0,7,-109.0
Kay Bee Mobile Villa MHP,Device 72717640,16131,7,6,0,7,-105.0
Kay Bee Mobile Villa MHP,Device 72724521,16131,7,6,0,7,-99.0
Kay Bee Mobile Villa MHP,Device 72719174,16185,5,5,0,7,-111.0
Kay Bee Mobile Villa MHP,Device 72716311,16131,7,6,0,7,-107.0
Kay Bee Mobile Villa MHP,Device 72720552,16131,5,6,0,5,-124.0
Kay Bee Mobile Villa MHP,Device 72719513,16131,6,5,0,6,-105.0
Kay Bee Mobile Villa MHP,Device 72718192,16131,6,6,0,7,-106.0
Kay Bee Mobile Villa MHP,Device 72721915,16131,7,7,0,7,-103.0
Kay Bee Mobile Villa MHP,Device 72719604,16131,7,6,0,7,-108.0
Kay Bee Mobile Villa MHP,Device 72715743,16131,6,6,0,1,-109.0
Kay Bee Mobile Villa MHP,Device 72719133,16131,7,6,0,7,-104.0
Kay Bee Mobile Villa MHP,Device 72722343,16131,7,6,0,7,-104.0
Kay Bee Mobile Villa MHP,Device 72723309,16131,7,6,0,7,-104.0
Kay Bee Mobile Villa MHP,Device 72719802,16131,2,1,0,3,-117.0
Kay Bee Mobile Villa MHP,Device 72724497,16131,7,6,0,7,-104.0
Kay Bee Mobile Villa MHP,Device 72714860,16131,7,6,0,6,-106.0
Kay Bee Mobile Villa MHP,Device 72720271,16131,3,2,0,3,-126.0
Kay Bee Mobile Villa MHP,Device 72719885,16131,6,6,0,7,-97.0
Kay Bee Mobile Villa MHP,Device 72714043,16131,4,6,0,5,-126.0
Kay Bee Mobile Villa MHP,Device 72715370,16131,7,6,0,7,-111.0
Kay Bee Mobile Villa MHP,Device 72718994,16131,7,6,0,7,-103.0
Kay Bee Mobile Villa MHP,Device 72718481,16131,7,6,0,7,-109.0
Kay Bee Mobile Villa MHP,Device 72722061,16131,7,6,0,7,-102.0
Kay Bee Mobile Villa MHP,Device 72715859,16131,7,6,0,7,-111.0
Kay Bee Mobile Villa MHP,Device 72716030,16131,6,6,0,6,-109.0
Kay Bee Mobile Villa MHP,Device 72719927,16185,7,6,0,7,-113.0
Kay Bee Mobile Villa MHP,Device 72718457,16131,7,6,0,7,-103.0
Kay Bee Mobile Villa MHP,Device 72717624,16131,7,6,0,7,-111.0
Kay Bee Mobile Villa MHP,Device 72720214,16131,7,6,0,7,-102.0
Kay Bee Mobile Villa MHP,Device 72722194,16131,7,6,0,1,-106.0
Kay Bee Mobile Villa MHP,Device 72723044,16131,7,6,0,7,-105.0
Kay Bee Mobile Villa MHP,Device 72718259,16131,8,8,0,7,-105.0
Kay Bee Mobile Villa MHP,Device 72722210,16131,7,6,0,7,-103.0
Kay Bee Mobile Villa MHP,Device 72723168,16165,7,6,0,7,-110.0
Kay Bee Mobile Villa MHP,Device 72716592,16131,7,6,0,7,-104.0
Kay Bee Mobile Villa MHP,Device 72720784,16131,10,9,0,7,-108.0
Kay Bee Mobile Villa MHP,Device 72714258,16131,7,7,0,6,-104.0
Kay Bee Mobile Villa MHP,Device 72721287,16131,7,6,0,7,-111.0
Kay Bee Mobile Villa MHP,Device 72714266,16131,12,11,0,7,-108.0
Kay Bee Mobile Villa MHP,Device 72715974,16131,7,6,0,7,-107.0
Kay Bee Mobile Villa MHP,Device 70265085,16185,7,6,0,6,-115.0
Kay Bee Mobile Villa MHP,Device 72717012,16131,7,6,0,7,-106.0
Kay Bee Mobile Villa MHP,Device 72719240,16131,7,6,0,7,-123.0
Kay Bee Mobile Villa MHP,Device 72720834,16131,7,6,0,7,-114.0
Kay Bee Mobile Villa MHP,Device 72718531,16131,12,11,0,7,-105.0
Kay Bee Mobile Villa MHP,Device 72720735,16131,7,6,0,7,-109.0
Kay Bee Mobile Villa MHP,Device 72721337,,0,0,0,,
Kay Bee Mobile Villa MHP,Device 72721584,16185,7,6,0,4,-108.0
Kay Bee Mobile Villa MHP,Device 72721444,16131,7,6,0,4,-119.0
Kay Bee Mobile Villa MHP,Device 72717665,16131,7,6,0,7,-106.0
Kay Bee Mobile Villa MHP,Device 72721865,17037,6,6,0,7,-106.0
Kay Bee Mobile Villa MHP,Device 72390881,16131,20,19,0,7,-103.0
Kay Bee Mobile Villa MHP,Device 72390105,16131,15,15,0,7,-108.0
Kay Bee Mobile Villa MHP,Device 72388323,16131,9,8,0,6,-106.0
Kay Bee Mobile Villa MHP,Device 72389057,16131,7,6,0,7,-108.0
Kay Bee Mobile Villa MHP,Device 72385725,16131,7,6,0,2,-111.0
Kay Bee Mobile Villa MHP,Device 72382953,16131,7,6,0,6,-108.0
Kay Bee Mobile Villa MHP,Device 72392838,16131,20,19,0,7,-109.0
Kay Bee Mobile Villa MHP,Device 72389883,16131,5,6,0,5,-106.0
Kay Bee Mobile Villa MHP,Device 72388505,16131,7,6,0,7,-107.0
Kay Bee Mobile Villa MHP,Device 72385923,16131,7,6,0,6,-110.0
Kay Bee Mobile Villa MHP,Device 70260599,16131,7,6,0,7,-111.0
Ft Lauderdale MHP,Device 2049778645,,0,0,0,,
Ft Lauderdale MHP,Device 2049848182,,0,0,0,,
Roosevelt MHC,Device 75361137,17040,18,18,0,7,-112.0
Roosevelt MHC,Device 75366961,16131,7,6,0,0,-102.0
Roosevelt MHC,Device 75367555,16131,7,6,0,7,-107.0
Roosevelt MHC,Device 75360352,16131,8,7,0,6,-110.0
Roosevelt MHC,Device 75367035,16131,7,6,0,0,-101.0
Roosevelt MHC,Device 75366573,16131,7,6,0,0,-113.0
Roosevelt MHC,Device 75369791,16131,7,6,0,0,-103.0
Roosevelt MHC,Device 75369163,16131,7,6,0,3,-106.0
Roosevelt MHC,Device 75365567,16131,7,6,0,7,-108.0
Roosevelt MHC,Device 79455570,16131,7,6,0,1,-113.0
Roosevelt MHC,Device 75366540,16131,7,6,0,3,-104.0
Roosevelt MHC,Device 75361202,16131,7,6,0,4,-102.0
Roosevelt MHC,Device 79462709,16131,7,6,0,0,-105.0
Roosevelt MHC,Device 75360196,16131,7,6,0,3,-104.0
Roosevelt MHC,Device 79461040,16131,7,6,0,4,-111.0
Roosevelt MHC,Device 75361434,16131,7,6,0,7,-104.0
Roosevelt MHC,Device 79461321,16131,7,6,0,0,-106.0
Roosevelt MHC,Device 75374643,16131,7,6,0,4,-117.0
Roosevelt MHC,Device 75365484,16131,7,6,0,7,-102.0
Roosevelt MHC,Device 72724232,16131,7,6,0,7,-92.0
Roosevelt MHC,Device 72723085,17037,9,8,0,1,-108.0
Roosevelt MHC,Device 72723929,16185,7,6,0,1,-96.0
Roosevelt MHC,Device 75360600,17037,7,6,0,0,-111.0
Roosevelt MHC,Device 75373538,16131,7,6,0,7,-109.0
Roosevelt MHC,Device 75372852,,0,0,0,,
Roosevelt MHC,Device 75371334,16185,7,6,0,2,-115.0
Roosevelt MHC,Device 75373983,16185,7,6,0,0,-109.0
Roosevelt MHC,Device 75360345,,0,0,0,,
Roosevelt MHC,Device 75374353,16185,7,6,0,7,-97.0
Roosevelt MHC,Device 75372886,16131,6,5,0,6,-101.0
Roosevelt MHC,Device 75371474,16131,7,6,0,3,-101.0
Roosevelt MHC,Device 75371235,16185,17,16,0,5,-110.0
Roosevelt MHC,Device 75372266,17037,7,6,0,4,-103.0
Roosevelt MHC,Device 75370278,16131,11,10,0,4,-107.0
Roosevelt MHC,Device 75360949,16131,7,6,0,6,-112.0
Roosevelt MHC,Device 72723952,16131,7,6,0,1,-98.0
Roosevelt MHC,Device 75371656,16185,7,6,0,1,-106.0
Roosevelt MHC,Device 75362135,16185,7,6,0,2,-103.0
Roosevelt MHC,Device 75374270,16185,7,6,0,0,-94.0
Roosevelt MHC,Device 75362093,16185,7,6,0,2,-102.0
Roosevelt MHC,Device 75370799,16022,7,6,0,0,-95.0
Roosevelt MHC,Device 72714761,,0,0,0,,
Roosevelt MHC,Device 75361632,16131,7,6,0,0,-95.0
Roosevelt MHC,Device 72714779,16022,7,6,0,3,-106.0
Roosevelt MHC,Device 75368074,16185,7,6,0,2,-100.0
Roosevelt MHC,Device 75361574,17037,7,6,0,0,-104.0
Roosevelt MHC,Device 75361996,17037,7,7,0,0,-96.0
Roosevelt MHC,Device 75367506,17037,2,2,0,2,-106.0
Roosevelt MHC,Device 75372449,16185,7,6,0,0,-98.0
Roosevelt MHC,Device 75362978,17040,8,8,0,0,-97.0
Roosevelt MHC,Device 75363372,16131,6,5,0,0,-97.0
Roosevelt MHC,Device 75373561,16185,7,6,0,0,-107.0
Roosevelt MHC,Device 75373751,16131,7,6,0,6,-102.0
Roosevelt MHC,Device 75363174,16185,7,6,0,6,-88.0
Roosevelt MHC,Device 75360105,16185,7,6,0,0,-99.0
Roosevelt MHC,Device 75361301,,0,0,0,,
Roosevelt MHC,Device 72719356,17037,7,6,0,3,-104.0
Roosevelt MHC,Device 75372233,16185,8,7,0,1,-102.0
Roosevelt MHC,Device 75364669,16131,7,6,0,0,-102.0
Roosevelt MHC,Device 75370146,17037,7,6,0,0,-93.0
Roosevelt MHC,Device 75370922,16131,7,6,0,1,-103.0
Roosevelt MHC,Device 75362408,16185,7,6,0,1,-106.0
Roosevelt MHC,Device 72723838,16131,12,11,0,7,-106.0
Roosevelt MHC,Device 75360121,,0,0,0,,
Roosevelt MHC,Device 75361954,16131,7,6,0,0,-107.0
Roosevelt MHC,Device 72723440,16131,7,6,0,0,-110.0
Roosevelt MHC,Device 75364479,16131,7,6,0,3,-102.0
Roosevelt MHC,Device 72720842,16185,7,6,0,0,-100.0
Roosevelt MHC,Device 75374288,16131,7,6,0,5,-99.0
Roosevelt MHC,Device 75370880,16185,7,6,0,2,-96.0
Roosevelt MHC,Device 75373629,16131,7,6,0,1,-85.0
Roosevelt MHC,Device 75371417,16131,7,6,0,0,-88.0
Roosevelt MHC,Device 72723499,,0,0,0,,
Roosevelt MHC,Device 75373835,16131,6,5,0,0,-96.0
Roosevelt MHC,Device 75360717,16131,7,6,0,0,-101.0
Roosevelt MHC,Device 75369528,16185,7,6,0,1,-108.0
Roosevelt MHC,Device 75371425,17040,7,9,0,0,-100.0
Roosevelt MHC,Device 75372951,16185,7,6,0,0,-91.0
Roosevelt MHC,Device 75367605,16131,7,6,0,0,-100.0
Roosevelt MHC,Device 75371789,17037,6,6,0,0,-104.0
Roosevelt MHC,Device 75374817,16185,7,6,0,0,-97.0
Roosevelt MHC,Device 75370948,16185,7,6,0,0,-99.0
Roosevelt MHC,Device 75362127,16185,7,6,0,3,-97.0
Roosevelt MHC,Device 75373991,16131,7,6,0,2,-104.0
Roosevelt MHC,Device 75374247,16185,7,6,0,2,-106.0
Roosevelt MHC,Device 75367712,16131,7,6,0,0,-91.0
Roosevelt MHC,Device 75373611,17040,2,2,0,0,-106.0
Roosevelt MHC,Device 75364677,16131,7,6,0,4,-99.0
Roosevelt MHC,Device 75372332,16185,7,6,0,0,-102.0
Roosevelt MHC,Device 75370476,16131,7,6,0,0,-89.0
Roosevelt MHC,Device 75371391,16185,7,6,0,0,-98.0
Roosevelt MHC,Device 75360485,16131,7,6,0,0,-120.0
Roosevelt MHC,Device 75370492,17040,8,7,0,6,-94.0
Roosevelt MHC,Device 75368603,16185,6,6,0,0,-103.0
Roosevelt MHC,Device 75366292,17037,7,6,0,1,-104.0
Roosevelt MHC,Device 75367696,17040,9,10,0,2,-109.0
Roosevelt MHC,Device 75362671,16185,6,45,0,2,-95.0
Roosevelt MHC,Device 75368579,16131,7,6,0,1,-99.0
Roosevelt MHC,Device 75371714,16131,7,6,0,4,-113.0
Roosevelt MHC,Device 75372118,16185,7,6,0,0,-102.0
Roosevelt MHC,Device 75372217,16185,7,6,0,1,-100.0
Roosevelt MHC,Device 75369049,16131,6,5,0,0,-107.0
Roosevelt MHC,Device 75368090,16185,7,6,0,1,-108.0
Roosevelt MHC,Device 72724018,17037,20,9,10,1,-107.0
Roosevelt MHC,Device 75360543,16185,6,6,0,4,-105.0
Roosevelt MHC,Device 75364628,16131,7,6,0,0,-96.0
Roosevelt MHC,Device 75364024,16185,7,6,0,0,-104.0
Roosevelt MHC,Device 72714910,16131,7,6,0,5,-103.0
Roosevelt MHC,Device 75374155,16185,7,6,0,2,-98.0
Roosevelt MHC,Device 75368710,16131,7,6,0,0,-110.0
Roosevelt MHC,Device 75362226,16131,7,6,0,0,-97.0
Roosevelt MHC,Device 75373918,16131,7,6,0,0,-87.0
Roosevelt MHC,Device 75374023,16131,6,5,0,1,-98.0
Roosevelt MHC,Device 75373520,16131,6,5,0,6,-101.0
Roosevelt MHC,Device 72723697,16131,7,6,0,7,-103.0
Roosevelt MHC,Device 75371342,16131,7,6,0,0,-99.0
Roosevelt MHC,Device 75360758,16131,7,6,0,1,-89.0
Roosevelt MHC,Device 75360527,16131,7,6,0,0,-98.0
Roosevelt MHC,Device 75371953,17037,7,6,0,2,-107.0
Roosevelt MHC,Device 75366706,16131,7,6,0,7,-99.0
Roosevelt MHC,Device 75373389,16131,7,6,0,0,-107.0
Roosevelt MHC,Device 75372985,16131,7,6,0,0,-101.0
Roosevelt MHC,Device 72715628,16131,7,6,0,0,-98.0
Roosevelt MHC,Device 72716204,16131,7,6,0,0,-90.0
Roosevelt MHC,Device 72385741,16131,8,7,0,7,-99.0
Roosevelt MHC,Device 72385147,16185,7,6,0,7,-107.0
Roosevelt MHC,Device 72388760,16131,6,6,0,1,-101.0
Roosevelt MHC,Device 72392846,16131,7,6,0,0,-105.0
Roosevelt MHC,Device 72378589,16131,6,6,0,0,-106.0
Roosevelt MHC,Device 72385980,16131,5,5,0,0,-93.0
Roosevelt MHC,Device 72378068,17037,7,6,0,0,-105.0
Roosevelt MHC,Device 72385212,16131,7,6,0,0,-104.0
Roosevelt MHC,Device 72390626,16131,8,7,0,7,-107.0
Roosevelt MHC,Device 72392630,16131,7,6,0,1,-93.0
Roosevelt MHC,Device 70269509,16131,7,6,0,0,-103.0
Roosevelt MHC,Device 72390345,16131,7,6,0,0,-105.0
Roosevelt MHC,Device 72388950,16131,7,6,0,2,-101.0
Roosevelt MHC,Device 72384405,16131,7,6,0,1,-96.0
Roosevelt MHC,Device 72389099,16131,7,6,0,0,-103.0
Roosevelt MHC,Device 72386798,16131,7,6,0,0,-112.0
Roosevelt MHC,Device 70259898,16131,6,6,0,0,-114.0
Roosevelt MHC,Device 70273238,17037,7,6,0,0,-100.0
Roosevelt MHC,Device 70271612,,0,0,0,,
Roosevelt MHC,Device 70261712,16185,7,6,0,0,-103.0
Roosevelt MHC,Device 70264443,,0,0,0,,
Roosevelt MHC,Device 70261217,16022,7,6,0,0,-95.0
Roosevelt MHC,Device 70260276,16131,7,6,0,2,-102.0
Roosevelt MHC,Device 70269988,,0,0,0,,
Roosevelt MHC,Device 70261894,16185,7,6,0,7,-115.0
Roosevelt MHC,Device 70268535,16185,7,6,0,3,-100.0
Roosevelt MHC,Device 70265101,16131,7,6,0,0,-114.0
Roosevelt MHC,Device 70266349,16185,7,6,0,0,-99.0
Roosevelt MHC,Device 70263650,16022,7,6,0,0,-109.0
Roosevelt MHC,Device 65829221,16131,7,6,0,7,-102.0
Roosevelt MHC,Device 2068586245,10671,3,2,0,5,-85.0
Roosevelt MHC,Device 2068607678,10671,0,0,0,,
Roosevelt MHC,Device 2068584737,10671,0,0,0,,
Roosevelt MHC,Device 2041739306,,0,0,0,,
Roosevelt MHC,Device 2042740709,10671,0,0,0,,
Roosevelt MHC,Device 2042730577,10706,0,0,0,,
Roosevelt MHC,Device 2041761573,10671,5,4,0,5,-115.0
Roosevelt MHC,Device 2041761037,10671,0,0,0,,
Roosevelt MHC,Device 2041742391,10706,2,1,0,2,-94.0
Roosevelt MHC,Device 2049924710,,0,0,0,,
Roosevelt MHC,Device 2042741079,10671,3,2,0,4,-111.0
Roosevelt MHC,Device 2041742961,,0,0,0,,
Roosevelt MHC,Device 2042821384,,0,0,0,,
Roosevelt MHC,Device 2041746681,,0,0,0,,
Roosevelt MHC,Device 2041750485,,0,0,0,,
Roosevelt MHC,Device 2041752622,10706,0,0,0,,
Roosevelt MHC,Device 2041749891,,0,0,0,,
Roosevelt MHC,Device 2041750345,,0,0,0,,
Roosevelt MHC,Device 2041750428,,0,0,0,,
Roosevelt MHC,Device 2041750436,,0,0,0,,
Roosevelt MHC,Device 2041750915,,0,0,0,,
Roosevelt MHC,Device 2041744355,,0,0,0,,
Roosevelt MHC,Device 2041743159,,0,0,0,,
Roosevelt MHC,Device 2041736856,10671,0,0,0,,
Roosevelt MHC,Device 2041737086,,0,0,0,,
Roosevelt MHC,Device 2041739181,,0,0,0,,
Roosevelt MHC,Device 2041747879,10671,2,1,0,5,-88.0
Roosevelt MHC,Device 2041741609,10671,2,1,0,3,-92.0
Roosevelt MHC,Device 2042816541,10671,0,0,0,,
Green Forest Estates MHC,2024120005000023,,0,0,0,,
Backcountry MHC,Device 79462915,17037,7,6,0,7,-108.0
Backcountry MHC,Device 79462816,15154,9,8,0,7,-106.0
Backcountry MHC,Device 79463483,16185,3,4,0,0,-124.0
Backcountry MHC,Device 79461172,15154,7,6,0,0,-97.0
Backcountry MHC,Device 79461396,16185,8,6,1,0,-122.0
Backcountry MHC,Device 79462568,16022,7,6,0,3,-120.0
Backcountry MHC,Device 65830039,16185,11,10,0,7,-115.0
Backcountry MHC,Device 2041742615,10706,6,5,0,7,-97.0
Backcountry MHC,Device 2042789243,10671,0,0,0,,
Backcountry MHC,Device 2041761714,10706,0,0,0,,
Backcountry MHC,Device 2041739827,10671,2,1,0,5,-110.0
Backcountry MHC,Device 2041742300,10671,2,1,0,4,-116.0
Backcountry MHC,Device 2042733357,10671,6,9,0,0,-108.0
Backcountry MHC,Device 2049961936,10706,4,3,0,6,-103.0
Kingsbrook MHP,2025080001020041,,0,0,0,,
Kingsbrook MHP,2025080001020040,,0,0,0,,
Oak Forest MHC,2025020005000012,,0,0,0,,
Oak Tree MHP,2024120005000019,,0,0,0,,
Sara Drive MHC-Nowi,2025020005000013,,0,0,0,,
Fair Lane MHC,Device 79463137,16131,7,6,0,7,-100.0
Fair Lane MHC,Device 79460885,15154,7,6,0,7,-98.0
Fair Lane MHC,Device 65828694,,0,0,0,,
Fair Lane MHC,Device 2041763868,,0,0,0,,
Sunset MHP,Device 65828561,,0,0,0,,
Sunset MHP,Device 65831227,,0,0,0,,
Sunset MHP,Device 65826946,,0,0,0,,
Sunset MHP,Device 65831565,,0,0,0,,
Sunset MHP,Device 65825765,,0,0,0,,
Sunset MHP,Device 65830955,,0,0,0,,
Sunset MHP,Device 65828454,,0,0,0,,
Sunset MHP,Device 65828058,,0,0,0,,
Sunset MHP,Device 65823240,,0,0,0,,
Sunset MHP,Device 65823398,,0,0,0,,
Sunset MHP,Device 65824453,,0,0,0,,
Sunset MHP,Device 65823661,,0,0,0,,
Sunset MHP,Device 65824131,,0,0,0,,
Sunset MHP,Device 65826383,,0,0,0,,
Sunset MHP,Device 65828744,,0,0,0,,
Sunset MHP,Device 65825831,,0,0,0,,
Sunset MHP,Device 65831110,,0,0,0,,
Sunset MHP,Device 65830849,,0,0,0,,
Sunset MHP,Device 65831037,,0,0,0,,
Sunset MHP,Device 65828405,,0,0,0,,
Sunset MHP,Device 65827993,,0,0,0,,
Sunset MHP,Device 65828363,,0,0,0,,
Sunset MHP,Device 65826888,,0,0,0,,
Sunset MHP,Device 65823653,,0,0,0,,
Sunset MHP,Device 2049832210,,0,0,0,,
Sunset MHP,Device 2049917532,,0,0,0,,
Sunset MHP,Device 2049874113,,0,0,0,,
Sunset MHP,Device 2049879476,,0,0,0,,
Sunset MHP,Device 2049932010,,0,0,0,,
Sunset MHP,Device 2049873750,10693,3,2,0,6,-92.0
Sunset MHP,Device 2049920650,,0,0,0,,
Fair Meadows MHC,Device 79455257,16022,7,6,0,7,-112.0
Fair Meadows MHC,Device 75371854,16131,7,6,0,3,-105.0
Fair Meadows MHC,Device 75368942,16022,7,6,0,2,-108.0
Fair Meadows MHC,Device 75362762,16022,7,6,0,7,-108.0
Fair Meadows MHC,Device 75364115,16022,7,6,0,7,-98.0
Fair Meadows MHC,Device 79466536,16022,7,6,0,7,-107.0
Fair Meadows MHC,Device 75368322,16022,7,6,0,7,-107.0
Fair Meadows MHC,Device 75369585,16022,7,6,0,7,-99.0
Fair Meadows MHC,Device 75368264,16022,7,6,0,7,-109.0
Fair Meadows MHC,Device 75370047,16022,7,6,0,7,-107.0
Fair Meadows MHC,Device 75364404,16022,6,5,0,1,-110.0
Fair Meadows MHC,Device 75365690,16022,7,6,0,7,-107.0
Fair Meadows MHC,Device 79461057,16022,7,6,0,0,-106.0
Fair Meadows MHC,Device 75365005,,0,0,0,,
Fair Meadows MHC,Device 75362473,16022,8,7,0,7,-103.0
Fair Meadows MHC,Device 72381625,16022,7,6,0,7,-99.0
Fair Meadows MHC,Device 72378985,16022,7,6,0,7,-99.0
Fair Meadows MHC,Device 72388885,16022,7,6,0,7,-105.0
Fair Meadows MHC,Device 70258593,16022,7,6,0,6,-108.0
Fair Meadows MHC,Device 70271372,16022,7,6,0,7,-105.0
Fair Meadows MHC,Device 70260839,16131,4,3,0,2,-101.0
Fair Meadows MHC,Device 77058214,16022,7,6,0,6,-100.0
Fair Meadows MHC,Device 77052084,16022,7,6,0,1,-108.0
Fair Meadows MHC,Device 77041293,16022,7,6,0,7,-108.0
Fair Meadows MHC,Device 77062125,16022,7,6,0,3,-98.0
Fair Meadows MHC,Device 77053793,16022,7,6,0,7,-107.0
Fair Meadows MHC,Device 65827092,16022,7,6,0,7,-109.0
Fair Meadows MHC,Device 77053926,16022,7,6,0,7,-108.0
Fair Meadows MHC,Device 65830021,16022,7,6,0,7,-102.0
Fair Meadows MHC,Device 65827365,16022,7,6,0,7,-111.0
Fair Meadows MHC,Device 65830005,16022,7,6,0,7,-112.0
Fair Meadows MHC,Device 65826011,16022,7,6,0,7,-99.0
Fair Meadows MHC,Device 65829171,16022,7,6,0,0,-104.0
Fair Meadows MHC,Device 65828942,16022,7,6,0,0,-105.0
Fair Meadows MHC,Device 65831722,16022,7,6,0,7,-104.0
Fair Meadows MHC,Device 65827084,,0,0,0,,
Fair Meadows MHC,Device 65823471,,0,0,0,,
Fair Meadows MHC,Device 65823331,16022,7,6,0,7,-103.0
Fair Meadows MHC,Device 65823448,16022,7,6,0,7,-108.0
Fair Meadows MHC,Device 2049963072,10639,10,9,0,6,-98.0
Fair Meadows MHC,Device 2049878601,10671,0,0,0,,
Fair Meadows MHC,Device 2049923977,10671,2,1,0,4,-95.0
Fair Meadows MHC,Device 2049917540,10671,2,1,0,4,-97.0
Fair Meadows MHC,Device 2049916047,10671,5,4,0,4,-102.0
Fair Meadows MHC,Device 2068596921,10693,3,2,0,4,-89.0
Fair Meadows MHC,Device 2049872067,10693,1,1,0,0,-107.0
Fair Meadows MHC,Device 2049916526,10671,0,0,0,,
Fair Meadows MHC,Device 2049905347,10671,3,2,0,4,-95.0
Fair Meadows MHC,Device 2068588365,10671,2,1,0,1,-95.0
Fair Meadows MHC,Device 2049933232,10671,2,3,0,3,-95.0
Fair Meadows MHC,Device 2049826048,10671,0,0,0,,
Fair Meadows MHC,Device 2049948008,10693,0,0,0,,
Fair Meadows MHC,Device 2049948057,10671,0,0,0,,
Fair Meadows MHC,Device 2049908036,10671,0,0,0,,
Fair Meadows MHC,Device 2049821296,10671,2,3,0,3,-98.0
Fair Meadows MHC,Device 2049922763,10704,0,0,0,,
Fair Meadows MHC,Device 2049893717,10671,4,3,0,7,-93.0
Fair Meadows MHC,Device 2049874105,10693,3,3,0,1,-90.0
Fair Meadows MHC,Device 2049924827,10671,4,3,0,3,-89.0
Fair Meadows MHC,Device 2049882389,10671,0,0,0,,
Fair Meadows MHC,Device 2049886083,10671,6,5,0,7,-89.0
Fair Meadows MHC,Device 2049914042,10671,0,0,0,,
Fair Meadows MHC,Device 2049925436,10671,0,0,0,,
Fair Meadows MHC,Device 2041750576,10671,3,2,0,5,-91.0
Fair Meadows MHC,Device 2042743687,10671,2,3,0,3,-89.0
Fair Meadows MHC,Device 2042742895,10671,3,2,0,4,-92.0
Fair Meadows MHC,Device 2041750030,10671,0,0,0,,
Fair Meadows MHC,Device 2041750618,10671,0,0,0,,
Fair Meadows MHC,Device 2041752580,10693,0,0,0,,
Fair Meadows MHC,Device 2041759874,10671,2,3,0,3,-96.0
Fair Meadows MHC,Device 2041741062,10671,0,0,0,,
Fair Meadows MHC,Device 2041738902,10671,0,0,0,,
Fair Meadows MHC,Device 2041745576,10706,0,0,0,,
Fair Meadows MHC,Device 2041745451,10671,0,0,0,,
Fair Meadows MHC,Device 2041762472,10693,0,0,0,,
Fair Meadows MHC,Device 2042755541,10671,0,0,0,,
Fair Meadows MHC,Device 2041749107,10693,2,3,0,3,-98.0
Fair Meadows MHC,Device 2041753349,10671,0,0,0,,
Fair Meadows MHC,Device 2041741161,10671,0,0,0,,
Fair Meadows MHC,Device 2041753265,10671,4,3,0,3,-102.0
Fair Meadows MHC,Device 2042813977,10671,0,0,0,,
Oswego MHP,Device 75364610,16185,7,6,0,7,-89.0
Oswego MHP,Device 75368454,16185,7,6,0,7,-84.0
Oswego MHP,Device 75374528,17037,7,6,0,7,-93.0
Oswego MHP,Device 79454953,16185,7,6,0,7,-92.0
Oswego MHP,Device 79460067,16185,7,6,0,0,-105.0
Oswego MHP,Device 75360931,16185,7,6,0,7,-90.0
Oswego MHP,Device 75362747,16185,11,10,0,7,-84.0
Oswego MHP,Device 75374544,17037,7,6,0,7,-97.0
Oswego MHP,Device 75360469,17037,7,6,0,7,-99.0
Oswego MHP,Device 79454417,17037,9,8,0,7,-79.0
Oswego MHP,Device 75374320,17037,7,6,0,6,-76.0
Oswego MHP,Device 79463335,16185,7,6,0,7,-83.0
Oswego MHP,Device 79461495,16185,7,6,0,0,-112.0
Oswego MHP,Device 79464739,16185,7,6,0,7,-78.0
Oswego MHP,Device 79460315,17037,7,6,0,7,-91.0
Oswego MHP,Device 79454748,17037,7,6,0,7,-74.0
Oswego MHP,Device 75364388,16185,7,6,0,6,-92.0
Oswego MHP,Device 79459200,17037,7,6,0,7,-91.0
Oswego MHP,Device 75361715,16185,7,6,0,7,-86.0
Oswego MHP,Device 75374338,16185,7,6,0,7,-92.0
Oswego MHP,Device 79466866,16185,7,6,0,7,-86.0
Oswego MHP,Device 79465454,17040,6,6,0,0,-92.0
Oswego MHP,Device 79459267,16185,7,6,0,7,-86.0
Oswego MHP,Device 75368306,16185,7,6,0,0,-105.0
Oswego MHP,Device 75372324,16185,7,7,0,7,-103.0
Oswego MHP,Device 79462972,16185,11,10,0,7,-93.0
Oswego MHP,Device 79466056,17037,7,7,0,7,-73.0
Oswego MHP,Device 75365823,17037,7,6,0,7,-79.0
Oswego MHP,Device 75366326,17037,12,11,0,7,-98.0
Oswego MHP,Device 79454920,17037,7,6,0,7,-79.0
Oswego MHP,Device 79463202,17040,7,7,0,0,-88.0
Oswego MHP,Device 79463228,17037,7,6,0,7,-95.0
Oswego MHP,Device 75365575,17037,7,6,0,7,-92.0
Oaklodge MHP,Device 2042731112,10706,2,1,0,0,-101.0
Oaklodge MHP,Device 2041765756,,0,0,0,,
Oaklodge MHP,Device 2041765608,10706,2,1,0,0,-92.0
Oaklodge MHP,Device 2041742573,,0,0,0,,
Oaklodge MHP,Device 2042731500,10706,2,1,0,0,-99.0
Oaklodge MHP,Device 2042775101,10706,2,1,0,0,-94.0
Oaklodge MHP,Device 2042732474,10706,2,1,0,0,-99.0
Oaklodge MHP,Device 2049963387,,0,0,0,,
Oaklodge MHP,Device 2042740493,10706,2,1,0,0,-97.0
Oaklodge MHP,Device 2042730437,10706,2,1,0,0,-90.0
Oaklodge MHP,Device 2042775432,10706,2,1,0,0,-95.0
Oaklodge MHP,Device 2041764064,10706,2,1,0,0,-96.0
Oaklodge MHP,Device 2041738209,10706,2,1,0,0,-101.0
Oaklodge MHP,Device 2041765772,10671,2,1,0,0,-97.0
Oaklodge MHP,Device 2041753133,10671,2,1,0,6,-101.0
Oaklodge MHP,Device 2041759601,10706,2,1,0,0,-93.0
Oaklodge MHP,Device 2041741930,10706,2,1,0,6,-100.0
Oaklodge MHP,Device 2049961639,10706,2,1,0,0,-95.0
Oaklodge MHP,Device 2049912483,10693,2,1,0,0,-94.0
Oaklodge MHP,Device 2049884864,10706,2,1,0,0,-93.0
Oaklodge MHP,Device 2049778173,,0,0,0,,
Oaklodge MHP,Device 2068588290,,0,0,0,,
Oaklodge MHP,Device 2049796191,10706,2,1,0,0,-102.0
Oaklodge MHP,Device 2049946572,10706,2,1,0,0,-96.0
Oaklodge MHP,Device 2049790145,10706,2,1,0,0,-104.0
Oaklodge MHP,Device 2068588191,10706,2,1,0,0,-90.0
Oaklodge MHP,Device 2049962231,,0,0,0,,
Oaklodge MHP,Device 2049892545,,0,0,0,,
Oaklodge MHP,Device 2049960235,10706,2,1,0,0,-95.0
Oaklodge MHP,Device 2049798015,10706,2,1,0,0,-96.0
Oaklodge MHP,Device 2049883122,10706,0,0,0,,
Oaklodge MHP,Device 2049953032,,0,0,0,,
Oaklodge MHP,Device 2049904928,10706,2,1,0,0,-94.0
Oaklodge MHP,Device 2049836336,10671,2,1,0,0,-87.0
Oaklodge MHP,Device 2049948958,,0,0,0,,
Oaklodge MHP,Device 2049936607,10671,2,1,0,0,-82.0
Oaklodge MHP,Device 2049891778,,0,0,0,,
Oaklodge MHP,Device 2049925097,10706,2,1,0,0,-101.0
Oaklodge MHP,Device 2049960482,10706,2,1,0,0,-95.0
Oaklodge MHP,Device 2049962173,10706,2,1,0,0,-94.0
Oaklodge MHP,Device 2049931103,,0,0,0,,
Oaklodge MHP,Device 2049865871,10706,2,1,0,0,-100.0
Oaklodge MHP,Device 2049917961,,0,0,0,,
Oaklodge MHP,Device 2049917417,10706,2,1,0,0,-97.0
Oaklodge MHP,Device 2049916971,10706,2,1,0,0,-94.0
Oaklodge MHP,Device 2049870020,10706,2,1,0,0,-96.0
Oaklodge MHP,Device 2049946895,10706,2,1,0,0,-102.0
Oaklodge MHP,Device 2049933844,10706,2,1,0,0,-104.0
Oaklodge MHP,Device 2049961688,,0,0,0,,
Oaklodge MHP,Device 2049798973,,0,0,0,,
Oaklodge MHP,Device 2049946770,10706,2,1,0,0,-98.0
Oaklodge MHP,Device 2049910032,10706,2,1,0,0,-93.0
Oaklodge MHP,Device 2049868636,,0,0,0,,
Oaklodge MHP,Device 2049781441,10671,2,1,0,0,-91.0
Oaklodge MHP,Device 2049914216,10706,2,1,0,0,-99.0
Oaklodge MHP,Device 2049915015,,0,0,0,,
Oaklodge MHP,Device 2049923696,,0,0,0,,
Oaklodge MHP,Device 2049925402,10693,2,1,0,0,-93.0
Oaklodge MHP,Device 2041761888,10706,2,1,0,0,-91.0
Oaklodge MHP,Device 2041758819,10706,2,1,0,0,-95.0
Oaklodge MHP,Device 2049917656,,0,0,0,,
Oaklodge MHP,Device 2042740857,10706,2,1,0,0,-94.0
Oaklodge MHP,Device 2042741046,10706,2,1,0,0,-99.0
Oaklodge MHP,Device 2042742150,10706,2,1,0,0,-97.0
Oaklodge MHP,Device 2042741194,,0,0,0,,
Oaklodge MHP,Device 2042742671,,0,0,0,,
Oaklodge MHP,Device 2042742440,,0,0,0,,
Oaklodge MHP,Device 2041761946,10706,2,1,0,0,-95.0
Oaklodge MHP,Device 2041742078,10706,2,1,0,0,-98.0
Oaklodge MHP,Device 2041759239,10706,2,1,0,0,-100.0
Oaklodge MHP,Device 2041761110,10706,2,1,0,0,-100.0
Paradise Village Cooperative MHC,Device 75374395,15154,7,6,0,7,-76.0
Paradise Village Cooperative MHC,Device 79461123,15154,7,6,0,7,-83.0
Paradise Village Cooperative MHC,Device 75362523,15154,8,7,0,7,-89.0
Paradise Village Cooperative MHC,Device 79453930,15154,7,6,0,7,-89.0
Paradise Village Cooperative MHC,Device 75366565,15154,7,6,0,7,-86.0
Paradise Village Cooperative MHC,Device 79465850,15154,7,6,0,7,-90.0
Paradise Village Cooperative MHC,Device 75360048,17040,8,8,0,0,-81.0
Paradise Village Cooperative MHC,Device 75373413,15154,7,6,0,7,-86.0
Paradise Village Cooperative MHC,Device 75374791,15154,6,5,0,6,-73.0
Paradise Village Cooperative MHC,Device 75364800,15154,7,6,0,6,-84.0
Paradise Village Cooperative MHC,Device 75368983,15154,7,6,0,7,-83.0
Paradise Village Cooperative MHC,Device 79461016,15154,7,6,0,7,-95.0
Paradise Village Cooperative MHC,Device 79459994,15154,6,5,0,6,-83.0
Paradise Village Cooperative MHC,Device 75360238,15154,7,6,0,7,-78.0
Paradise Village Cooperative MHC,Device 75363786,15154,6,5,0,5,-84.0
Paradise Village Cooperative MHC,Device 79462154,15154,8,7,0,7,-81.0
Paradise Village Cooperative MHC,Device 75374858,15154,10,9,0,7,-84.0
Paradise Village Cooperative MHC,Device 79465462,16131,7,6,0,0,-69.0
Paradise Village Cooperative MHC,Device 75364594,15154,7,6,0,7,-84.0
Paradise Village Cooperative MHC,Device 72724430,15154,7,6,0,7,-94.0
Paradise Village Cooperative MHC,Device 70263759,15154,7,6,0,7,-74.0
Paradise Village Cooperative MHC,Device 72721188,15154,7,6,0,7,-80.0
Paradise Village Cooperative MHC,Device 70272230,15154,7,6,0,7,-79.0
Paradise Village Cooperative MHC,Device 70272719,15154,7,6,0,7,-89.0
Paradise Village Cooperative MHC,Device 70272461,,0,0,0,,
Paradise Village Cooperative MHC,Device 72718879,15154,7,6,0,7,-80.0
Paradise Village Cooperative MHC,Device 70259021,15154,9,8,0,7,-71.0
Paradise Village Cooperative MHC,Device 72720438,15154,7,6,0,7,-95.0
Paradise Village Cooperative MHC,Device 72717327,15154,7,6,0,7,-76.0
Paradise Village Cooperative MHC,Device 70272339,15154,7,6,0,7,-84.0
Paradise Village Cooperative MHC,Device 70268931,15154,6,6,0,7,-91.0
Paradise Village Cooperative MHC,Device 70273642,15154,7,6,0,7,-77.0
Paradise Village Cooperative MHC,Device 72715750,15154,7,6,0,7,-92.0
Paradise Village Cooperative MHC,Device 72721451,15154,6,5,0,7,-64.0
Paradise Village Cooperative MHC,Device 70272677,15154,9,8,0,7,-77.0
Paradise Village Cooperative MHC,Device 72720230,15154,7,6,0,7,-86.0
Paradise Village Cooperative MHC,Device 72714647,15154,7,6,0,7,-97.0
Paradise Village Cooperative MHC,Device 72392861,15154,7,6,0,7,-65.0
Paradise Village Cooperative MHC,Device 77059022,15154,7,6,0,7,-83.0
Paradise Village Cooperative MHC,Device 77056028,15154,7,6,0,7,-95.0
Kingsbrook MHC,Device 75370757,16131,7,6,0,7,-110.0
Kingsbrook MHC,Device 75360402,16131,7,6,0,7,-124.0
Kingsbrook MHC,Device 79454532,16131,7,6,0,7,-105.0
Kingsbrook MHC,Device 75367050,17040,7,6,0,0,-116.0
Kingsbrook MHC,Device 75367258,,0,0,0,,
Kingsbrook MHC,Device 75366722,16131,7,6,0,7,-110.0
Kingsbrook MHC,Device 79460612,16185,7,6,0,7,-103.0
Kingsbrook MHC,Device 79463277,16131,7,6,0,7,-114.0
Kingsbrook MHC,Device 75363620,16022,7,6,0,7,-124.0
Kingsbrook MHC,Device 79466643,16131,6,6,0,0,-121.0
Kingsbrook MHC,Device 75363547,,0,0,0,,
Kingsbrook MHC,Device 75368223,16022,6,6,0,6,-119.0
Kingsbrook MHC,Device 75366557,16185,7,6,0,7,-122.0
Kingsbrook MHC,Device 75368744,16131,7,6,0,7,-111.0
Kingsbrook MHC,Device 75366078,16131,7,6,0,0,-113.0
Kingsbrook MHC,Device 75368934,16131,3,3,0,0,-122.0
Kingsbrook MHC,Device 72716691,16131,6,5,0,5,-92.0
Kingsbrook MHC,Device 72714290,16131,7,6,0,7,-106.0
Kingsbrook MHC,Device 72714738,16128,7,6,0,7,-106.0
Kingsbrook MHC,Device 72718010,16022,7,6,0,7,-116.0
Kingsbrook MHC,Device 72714613,16131,6,5,0,5,-118.0
Kingsbrook MHC,Device 72720115,16131,7,6,0,0,-116.0
Kingsbrook MHC,Device 72720875,16131,7,6,0,7,-103.0
Kingsbrook MHC,Device 72714753,16131,7,6,0,6,-114.0
Kingsbrook MHC,Device 72716279,16131,7,6,0,1,-107.0
Kingsbrook MHC,Device 72716105,16131,7,6,0,0,-117.0
Kingsbrook MHC,Device 72714571,,0,0,0,,
Kingsbrook MHC,Device 72720958,16131,7,6,0,7,-114.0
Kingsbrook MHC,Device 72718085,16185,6,6,0,5,-114.0
Kingsbrook MHC,Device 72717632,16131,7,6,0,6,-109.0
Kingsbrook MHC,Device 72720057,16131,6,6,0,6,-118.0
Kingsbrook MHC,Device 72715685,16131,6,5,0,5,-112.0
Kingsbrook MHC,Device 72722467,16131,7,6,0,7,-103.0
Kingsbrook MHC,Kingsbrook 815HU,,0,0,0,,
Kingsbrook MHC,Kingsbrook 814HU,,0,0,0,,
Kingsbrook MHC,Kingsbrook 813HU,,0,0,0,,
Kingsbrook MHC,Kingsbrook 810HU,,0,0,0,,
Kingsbrook MHC,Kingsbrook 809HU,,0,0,0,,
Kingsbrook MHC,Kingsbrook 807HU,,0,0,0,,
Kingsbrook MHC,Kingsbrook 805HU,,0,0,0,,
Kingsbrook MHC,Kingsbrook 803HU,,0,0,0,,
Kingsbrook MHC,Kingsbrook 801HU,,0,0,0,,
Kingsbrook MHC,Kingsbrook 799FA,,0,0,0,,
Kingsbrook MHC,Kingsbrook 798AS,,0,0,0,,
Kingsbrook MHC,Kingsbrook 797OA,,0,0,0,,
Kingsbrook MHC,Kingsbrook 794AS,,0,0,0,,
Kingsbrook MHC,Kingsbrook 788AS,,0,0,0,,
Kingsbrook MHC,Kingsbrook 787AM,,0,0,0,,
Kingsbrook MHC,Kingsbrook 786AM,,0,0,0,,
Kingsbrook MHC,Kingsbrook 785OA,,0,0,0,,
Kingsbrook MHC,Kingsbrook 785FA,,0,0,0,,
Kingsbrook MHC,Kingsbrook 783OA,,0,0,0,,
Kingsbrook MHC,Kingsbrook 782AM,,0,0,0,,
Kingsbrook MHC,Kingsbrook 779AM,,0,0,0,,
Kingsbrook MHC,Kingsbrook 777SU,,0,0,0,,
Kingsbrook MHC,Kingsbrook 777AS,,0,0,0,,
Kingsbrook MHC,Kingsbrook 775FA,,0,0,0,,
Kingsbrook MHC,Kingsbrook 774FA,,0,0,0,,
Kingsbrook MHC,Kingsbrook 773AS,,0,0,0,,
Kingsbrook MHC,Kingsbrook 770EL,,0,0,0,,
Kingsbrook MHC,Kingsbrook 766SU,,0,0,0,,
Kingsbrook MHC,Kingsbrook 764FA,,0,0,0,,
Kingsbrook MHC,Kingsbrook 763AS,,0,0,0,,
Kingsbrook MHC,Kingsbrook 761SU,,0,0,0,,
Kingsbrook MHC,Kingsbrook 758EL,,0,0,0,,
Kingsbrook MHC,Kingsbrook 755FA,,0,0,0,,
Kingsbrook MHC,Kingsbrook 751FA,,0,0,0,,
Kingsbrook MHC,Kingsbrook 747EL,,0,0,0,,
Kingsbrook MHC,Kingsbrook 747AS,,0,0,0,,
Kingsbrook MHC,Kingsbrook 746EL,,0,0,0,,
Kingsbrook MHC,Kingsbrook 745FA,,0,0,0,,
Kingsbrook MHC,Kingbrook 744AS,,0,0,0,,
Kingsbrook MHC,Kingsbrook 741EL,,0,0,0,,
Kingsbrook MHC,Kingsbrook 723EL,,0,0,0,,
Kingsbrook MHC,Kingsbrook 718EL,,0,0,0,,
Kingsbrook MHC,Kingsbrook 715EL,,0,0,0,,
Kingsbrook MHC,Kingsbrook 712AS,,0,0,0,,
Kingsbrook MHC,Kingsbrook 705GR,,0,0,0,,
Kingsbrook MHC,Kingsbrook 700MI,,0,0,0,,
Kingsbrook MHC,Kingsbrook 686AS,,0,0,0,,
Kingsbrook MHC,Kingsbrook 682AS,,0,0,0,,
Kingsbrook MHC,Kingsbrook 678EL,,0,0,0,,
Kingsbrook MHC,Kingsbrook 678AS,,0,0,0,,
Kingsbrook MHC,Kingsbrook 676MI,,0,0,0,,
Kingsbrook MHC,Kingsbrook 670EL,,0,0,0,,
Kingsbrook MHC,Kingsbrook 660AS,,0,0,0,,
Kingsbrook MHC,Kingsbrook 643EL,,0,0,0,,
Kingsbrook MHC,Kingsbrook 640MI,,0,0,0,,
Kingsbrook MHC,Kingsbrook 636AS,,0,0,0,,
Kingsbrook MHC,Kingsbrook 616FE,,0,0,0,,
Kingsbrook MHC,Kingsbrook 613FE,,0,0,0,,
Kingsbrook MHC,Kingsbrook 609FE,,0,0,0,,
Kingsbrook MHC,Kingsbrook 605FE,,0,0,0,,
Kingsbrook MHC,Kingsbrook 603FE,,0,0,0,,
Kingsbrook MHC,Kingsbrook 506ED,,0,0,0,,
Kingsbrook MHC,Kingsbrook 505ED,,0,0,0,,
Kingsbrook MHC,Kingsbrook 504ED,,0,0,0,,
Kingsbrook MHC,Kingsbrook 408DO,,0,0,0,,
Kingsbrook MHC,Kingsbrook 404DO,,0,0,0,,
Kingsbrook MHC,Kingsbrook 3213W,,0,0,0,,
Kingsbrook MHC,Kingsbrook 3211W,,0,0,0,,
Kingsbrook MHC,Kingsbrook 311CA,,0,0,0,,
Kingsbrook MHC,Kingsbrook 310CA,,0,0,0,,
Kingsbrook MHC,Kingsbrook 309CA,,0,0,0,,
Kingsbrook MHC,Kingsbrook 307CA,,0,0,0,,
Kingsbrook MHC,Kingsbrook 2808V,,0,0,0,,
Kingsbrook MHC,Kingsbrook 2804V,,0,0,0,,
Kingsbrook MHC,Kingsbrook 123AB,,0,0,0,,
Kingsbrook MHC,Kingsbrook 116AB,,0,0,0,,
Kingsbrook MHC,Kingsbrook 115AB,,0,0,0,,
Kingsbrook MHC,Kingsbrook 111AB,,0,0,0,,
Kingsbrook MHC,Kingsbrook 110AB,,0,0,0,,
Kingsbrook MHC,Device 72390873,16131,6,5,0,6,-108.0
Kingsbrook MHC,Device 72388984,,0,0,0,,
Kingsbrook MHC,Device 72386897,16131,7,6,0,6,-103.0
Kingsbrook MHC,Device 72392804,16131,7,6,0,7,-116.0
Kingsbrook MHC,Device 72386913,16185,10,9,0,6,-105.0
Kingsbrook MHC,Device 72390808,16131,7,6,0,2,-111.0
Kingsbrook MHC,Device 72392218,16131,7,6,0,7,-112.0
Kingsbrook MHC,Device 70262934,16131,7,6,0,7,-101.0
Kingsbrook MHC,Device 72385477,16185,7,6,0,0,-96.0
Kingsbrook MHC,Device 72380882,16131,7,6,0,6,-114.0
Kingsbrook MHC,Device 70261126,16131,7,6,0,7,-111.0
Kingsbrook MHC,Device 70264666,16131,7,6,0,7,-117.0
Kingsbrook MHC,Device 70270606,16022,7,6,0,0,-115.0
Kingsbrook MHC,Device 70270705,16131,6,6,0,1,-119.0
Kingsbrook MHC,Device 70267198,,0,0,0,,
Kingsbrook MHC,Device 70262058,16131,7,6,0,7,-124.0
Kingsbrook MHC,Device 70259484,16131,7,6,0,7,-118.0
Kingsbrook MHC,Device 70270366,16131,7,6,0,7,-116.0
Kingsbrook MHC,Device 70265044,16022,7,6,0,7,-119.0
Kingsbrook MHC,Device 70259633,16131,7,6,0,7,-121.0
Kingsbrook MHC,Device 70260011,17037,5,4,0,4,-122.0
Kingsbrook MHC,Device 70267388,,0,0,0,,
Kingsbrook MHC,Device 70271034,16131,7,6,0,7,-113.0
Kingsbrook MHC,Device 70259435,16131,7,6,0,7,-115.0
Kingsbrook MHC,Device 70264161,16131,7,6,0,7,-112.0
Kingsbrook MHC,Device 70260342,16131,63,65,0,0,-119.0
Kingsbrook MHC,Device 70267719,16022,7,6,0,7,-111.0
Kingsbrook MHC,Device 70268030,16131,7,6,0,7,-113.0
Kingsbrook MHC,Device 77059980,16131,7,6,0,7,-120.0
Kingsbrook MHC,Device 70260375,16022,7,6,0,6,-122.0
Kingsbrook MHC,Device 70267479,16131,7,6,0,7,-116.0
Kingsbrook MHC,Device 70268204,16022,7,6,0,7,-119.0
Kingsbrook MHC,Device 70270945,16131,7,6,0,7,-114.0
Kingsbrook MHC,Device 70265192,16131,7,6,0,7,-115.0
Kingsbrook MHC,Device 70265119,16131,7,6,0,0,-111.0
Kingsbrook MHC,Device 70260714,16131,7,6,0,7,-110.0
Kingsbrook MHC,Device 77056895,16131,7,6,0,7,-113.0
Kingsbrook MHC,Device 70258973,16131,7,6,0,7,-119.0
Kingsbrook MHC,Device 70263718,16131,7,6,0,2,-122.0
Kingsbrook MHC,Device 70264278,,0,0,0,,
Kingsbrook MHC,Device 77059170,16131,5,4,0,0,-124.0
Kingsbrook MHC,Device 70267339,16131,7,6,0,7,-112.0
Kingsbrook MHC,Device 70261647,16131,6,6,0,7,-120.0
Kingsbrook MHC,Device 70265143,16131,7,6,0,7,-108.0
Kingsbrook MHC,Device 70273410,16131,7,6,0,7,-123.0
Kingsbrook MHC,Device 70258726,16131,5,6,0,4,-125.0
Kingsbrook MHC,Device 70263866,16131,7,6,0,7,-117.0
Kingsbrook MHC,Device 77059295,16022,7,6,0,7,-117.0
Kingsbrook MHC,Device 70263379,16131,7,6,0,7,-121.0
Kingsbrook MHC,Device 77054023,,0,0,0,,
Kingsbrook MHC,Device 77054254,16131,7,6,0,6,-113.0
Kingsbrook MHC,Device 77053330,16131,7,6,0,7,-109.0
Kingsbrook MHC,Device 77053520,16131,7,6,0,7,-119.0
Kingsbrook MHC,Device 77058503,16131,8,7,0,7,-113.0
Kingsbrook MHC,Device 77056705,16131,7,6,0,4,-113.0
Kingsbrook MHC,Device 77058461,16131,7,6,0,7,-118.0
Kingsbrook MHC,Device 77058438,16022,7,6,0,7,-113.0
Kingsbrook MHC,Device 77059881,16131,7,6,0,7,-114.0
Kingsbrook MHC,Device 77053249,16131,7,6,0,7,-115.0
Kingsbrook MHC,Device 77056119,16131,7,6,0,7,-118.0
Kingsbrook MHC,Device 77060186,16131,7,6,0,7,-103.0
Kingsbrook MHC,Device 77041665,16131,7,6,0,0,-112.0
Kingsbrook MHC,Device 77053165,16131,7,6,0,7,-116.0
Kingsbrook MHC,Device 77054544,16131,7,6,0,7,-111.0
Kingsbrook MHC,Device 77029082,16131,7,6,0,1,-110.0
Kingsbrook MHC,Device 77054197,16131,7,6,0,7,-108.0
Kingsbrook MHC,Device 77056572,,0,0,0,,
Kingsbrook MHC,Device 77036954,16131,7,6,0,7,-105.0
Kingsbrook MHC,Device 77061028,16131,7,6,0,7,-117.0
Kingsbrook MHC,Device 77060335,,0,0,0,,
Kingsbrook MHC,Device 77029140,16131,7,6,0,7,-120.0
Kingsbrook MHC,Device 77056655,16131,7,6,0,7,-110.0
Kingsbrook MHC,Device 77061333,16131,7,6,0,7,-111.0
Kingsbrook MHC,Device 77060210,16131,7,6,0,7,-109.0
Kingsbrook MHC,Device 77055293,16131,7,6,0,7,-116.0
Kingsbrook MHC,Device 77055954,,0,0,0,,
Kingsbrook MHC,Device 68618758,16131,7,6,0,7,-113.0
Kingsbrook MHC,Device 77060285,16131,7,6,0,0,-123.0
Kingsbrook MHC,Device 65827340,17037,7,6,0,7,-111.0
Kingsbrook MHC,Device 77055632,16131,7,6,0,7,-113.0
Kingsbrook MHC,Device 77055996,,0,0,0,,
Kingsbrook MHC,Device 77054346,16022,7,6,0,7,-114.0
Kingsbrook MHC,Device 77057091,16131,7,6,0,7,-106.0
Kingsbrook MHC,Device 77053983,16185,7,6,0,6,-108.0
Kingsbrook MHC,Device 77054098,,0,0,0,,
Kingsbrook MHC,Device 77054296,16131,7,6,0,4,-115.0
Kingsbrook MHC,Device 77057695,16131,7,6,0,7,-118.0
Kingsbrook MHC,Device 65824008,16131,7,6,0,7,-120.0
Kingsbrook MHC,Device 65825229,,0,0,0,,
Kingsbrook MHC,Device 77028803,16131,7,6,0,7,-116.0
Kingsbrook MHC,Device 65822051,16131,7,6,0,7,-110.0
Kingsbrook MHC,Device 77036632,16131,7,6,0,6,-111.0
Kingsbrook MHC,Device 77028852,16131,7,6,0,7,-108.0
Kingsbrook MHC,Device 77060277,16022,7,6,0,7,-122.0
Kingsbrook MHC,Device 77056218,16131,7,6,0,7,-109.0
Kingsbrook MHC,Device 77061341,16131,7,6,0,7,-111.0
Kingsbrook MHC,Device 77028886,16131,7,6,0,7,-108.0
Kingsbrook MHC,Device 77055426,16131,7,6,0,7,-108.0
Kingsbrook MHC,Device 77061887,16131,7,6,0,7,-121.0
Kingsbrook MHC,Device 77042226,16131,7,6,0,7,-113.0
Kingsbrook MHC,Device 77055111,16131,7,6,0,7,-108.0
Kingsbrook MHC,Device 77041749,16131,3,3,0,0,-126.0
Kingsbrook MHC,Device 77060442,16131,7,6,0,7,-118.0
Kingsbrook MHC,Device 77056606,16185,8,7,0,7,-117.0
Kingsbrook MHC,Device 65826433,16185,7,6,0,7,-104.0
Kingsbrook MHC,Device 77055244,16131,7,6,0,0,-110.0
Kingsbrook MHC,Device 77060095,16022,7,6,0,7,-115.0
Kingsbrook MHC,Device 77058537,16131,7,6,0,4,-113.0
Kingsbrook MHC,Device 77055392,,0,0,0,,
Kingsbrook MHC,Device 77028506,16185,7,6,0,6,-112.0
Kingsbrook MHC,Device 77055749,16131,7,6,0,7,-119.0
Kingsbrook MHC,Device 65824677,,0,0,0,,
Kingsbrook MHC,Device 77058669,16131,7,6,0,7,-116.0
Kingsbrook MHC,Device 77057661,16022,7,6,0,7,-110.0
Kingsbrook MHC,Device 77057240,16131,4,5,0,2,-126.0
Kingsbrook MHC,Device 77061416,16131,2,1,0,3,-123.0
Kingsbrook MHC,Device 65826425,16131,3,3,0,0,-123.0
Kingsbrook MHC,Device 77057950,16131,7,6,0,3,-117.0
Kingsbrook MHC,Device 77055772,16131,7,6,0,7,-117.0
Kingsbrook MHC,Device 65824750,16022,7,6,0,7,-108.0
Kingsbrook MHC,Device 65821996,16131,6,5,0,6,-112.0
Kingsbrook MHC,Device 65830237,16022,7,6,0,4,-113.0
Kingsbrook MHC,Device 65828785,16131,7,6,0,7,-109.0
Kingsbrook MHC,Device 65825310,16131,7,6,0,0,-101.0
Kingsbrook MHC,Device 65829023,16131,7,6,0,7,-113.0
Kingsbrook MHC,Device 65831045,16131,7,6,0,7,-112.0
Kingsbrook MHC,Device 65828496,16131,2,1,0,0,-122.0
Kingsbrook MHC,Device 65830435,16185,2,1,0,1,-118.0
Kingsbrook MHC,Device 65828074,16131,7,6,0,7,-111.0
Kingsbrook MHC,Device 65823976,,0,0,0,,
Ponderosa MHC,Device 75363984,17037,6,4,1,3,-117.0
Ponderosa MHC,Device 75360063,17037,6,5,0,4,-117.0
Ponderosa MHC,Device 75373967,17037,7,6,0,7,-110.0
Ponderosa MHC,Device 72719505,17037,7,6,0,7,-117.0
Ponderosa MHC,Device 72718341,17037,7,6,0,2,-106.0
Ponderosa MHC,Device 72721659,17037,7,6,0,3,-118.0
Ponderosa MHC,Device 72716733,17037,8,6,1,7,-117.0
Ponderosa MHC,Device 72385626,17037,7,6,0,7,-106.0
Ponderosa MHC,Device 72382649,17037,7,6,0,7,-101.0
Ponderosa MHC,Device 72385204,17037,7,6,0,7,-107.0
Ponderosa MHC,Device 72378183,17037,12,10,1,2,-109.0
Ponderosa MHC,Device 72385238,17037,7,6,0,7,-104.0
Ponderosa MHC,Device 70269541,17037,7,6,0,7,-106.0
Ponderosa MHC,Device 72386921,17037,7,6,0,7,-98.0
Ponderosa MHC,Device 72386095,17037,7,6,0,7,-113.0
Ponderosa MHC,Device 72380767,17037,7,5,1,0,-128.0
Ponderosa MHC,Device 72392168,17037,7,6,0,7,-116.0
Ponderosa MHC,Device 70262819,,0,0,0,,
Ponderosa MHC,Device 72390113,17037,7,6,0,7,-96.0
Ponderosa MHC,Device 72389016,17037,6,5,0,6,-110.0
Ponderosa MHC,Device 72388687,17037,9,9,0,4,-122.0
Ponderosa MHC,Device 72378605,17037,44,45,0,0,-117.0
Ponderosa MHC,Device 72388356,17037,11,11,0,0,-109.0
Ponderosa MHC,Device 70263619,17037,7,6,0,4,-111.0
Ponderosa MHC,Device 72378209,17037,4,3,0,0,-124.0
Ponderosa MHC,Device 72388125,17037,9,10,0,6,-103.0
Ponderosa MHC,Device 70263882,17037,7,8,0,0,-111.0
Ponderosa MHC,Device 72384934,,0,0,0,,
Ponderosa MHC,Device 72389933,17037,7,6,0,7,-109.0
Ponderosa MHC,Device 72392853,17037,9,8,0,0,-108.0
Ponderosa MHC,Device 72385501,17037,9,8,0,7,-105.0
Ponderosa MHC,Device 72385543,17037,6,5,0,7,-107.0
Ponderosa MHC,Device 72384827,17037,8,8,0,0,-119.0
Ponderosa MHC,Device 72384785,17037,7,6,0,7,-105.0
Ponderosa MHC,Device 72390238,17037,5,5,0,2,-124.0
Ponderosa MHC,Device 72390980,17037,7,6,0,7,-109.0
Ponderosa MHC,Device 72385337,17037,8,8,0,0,-106.0
Ponderosa MHC,Device 72382896,17037,7,6,0,0,-118.0
Ponderosa MHC,Device 72381005,17037,7,6,0,7,-105.0
Ponderosa MHC,Device 72380361,17037,8,9,0,0,-115.0
Ponderosa MHC,Device 72383175,17037,6,8,0,0,-123.0
Ponderosa MHC,Device 70269475,17037,7,6,0,7,-110.0
Ponderosa MHC,Device 72378274,17037,5,6,0,0,-106.0
Ponderosa MHC,Device 70269616,17037,9,8,0,0,-112.0
Ponderosa MHC,Device 72382722,17037,9,8,0,7,-97.0
Ponderosa MHC,Device 72390931,17037,11,10,0,7,-110.0
Ponderosa MHC,Device 72380965,17037,8,8,0,0,-106.0
Ponderosa MHC,Device 72390352,17037,7,6,0,5,-103.0
Ponderosa MHC,Device 72392721,17037,7,6,0,7,-102.0
Ponderosa MHC,Device 72380908,17037,18,17,0,0,-107.0
Ponderosa MHC,Device 72389768,17037,2,3,0,0,-99.0
Ponderosa MHC,Device 72383456,17037,7,6,0,7,-111.0
Ponderosa MHC,Device 72389537,17037,7,6,0,5,-103.0
Ponderosa MHC,Device 72385972,17037,4,5,0,0,-120.0
Ponderosa MHC,Device 72388190,17037,7,6,0,7,-108.0
Ponderosa MHC,Device 72389404,17037,11,10,0,0,-121.0
Ponderosa MHC,Device 72389388,16185,3,1,1,0,-120.0
Ponderosa MHC,Device 65822721,17037,6,6,0,7,-113.0
Ponderosa MHC,Device 65830807,16185,3,8,0,0,-122.0
Ponderosa MHC,Device 65829684,17037,7,6,0,7,-102.0
The Oaks MHC,Device 75369247,16131,7,6,0,6,-101.0
The Oaks MHC,Device 75362929,16131,6,5,0,6,-111.0
The Oaks MHC,Device 79465512,16131,6,5,0,6,-107.0
The Oaks MHC,Device 72381658,16131,6,5,0,7,-108.0
The Oaks MHC,Device 72389081,16131,6,5,0,7,-110.0
The Oaks MHC,Device 72391012,16131,6,6,0,5,-94.0
The Oaks MHC,Device 70269228,16131,7,6,0,7,-99.0
The Oaks MHC,Device 72392358,16131,7,6,0,7,-99.0
The Oaks MHC,Device 70263700,16131,7,6,0,7,-88.0
The Oaks MHC,Device 70260078,16131,7,6,0,7,-101.0
The Oaks MHC,Device 70261118,16131,7,6,0,7,-103.0
The Oaks MHC,Device 70273295,16131,7,6,0,7,-94.0
The Oaks MHC,Device 70266216,16131,7,6,0,7,-95.0
The Oaks MHC,Device 70270150,16131,7,6,0,7,-92.0
The Oaks MHC,Device 70270143,16131,9,8,0,7,-100.0
The Oaks MHC,Device 70261928,16131,7,6,0,7,-96.0
The Oaks MHC,Device 77053868,16131,7,6,0,7,-107.0
The Oaks MHC,Device 77055145,16131,7,6,0,7,-101.0
The Oaks MHC,Device 77055277,16131,7,6,0,6,-101.0
The Oaks MHC,Device 77041913,16131,7,6,0,7,-101.0
The Oaks MHC,Device 77061036,16131,7,6,0,7,-92.0
The Oaks MHC,Device 77042234,16131,7,6,0,7,-88.0
The Oaks MHC,Device 77053835,16131,7,6,0,7,-104.0
The Oaks MHC,Device 77057596,16131,7,6,0,7,-97.0
The Oaks MHC,Device 77058057,16131,7,6,0,7,-110.0
The Oaks MHC,Device 77056341,16185,7,6,0,7,-102.0
The Oaks MHC,Device 77056630,16131,7,6,0,7,-96.0
The Oaks MHC,Device 65828165,16131,7,6,0,7,-109.0
The Oaks MHC,Device 65830245,16131,7,6,0,0,-103.0
The Oaks MHC,Device 65826318,16131,7,6,0,7,-92.0
The Oaks MHC,Device 65827712,16131,7,6,0,5,-97.0
The Oaks MHC,Device 65828132,16131,7,6,0,7,-97.0
The Oaks MHC,Device 65828645,16131,7,6,0,7,-91.0
The Oaks MHC,Device 65830427,16131,7,6,0,7,-106.0
The Oaks MHC,Device 65825799,16131,14,13,0,7,-95.0
The Oaks MHC,Device 65828777,16131,7,6,0,7,-102.0
The Oaks MHC,Device 65831474,16131,7,6,0,7,-105.0
The Oaks MHC,Device 65825088,16131,7,6,0,7,-96.0
The Oaks MHC,Device 65824289,16131,7,6,0,7,-109.0
The Oaks MHC,Device 65822127,16131,7,6,0,7,-115.0
The Oaks MHC,Device 65822192,16131,7,6,0,7,-106.0
Scottsdale MHP,Device 2068608890,10706,0,0,0,,
Scottsdale MHP,Device 2068587912,10693,0,0,0,,
Scottsdale MHP,Device 2068574423,10671,0,0,0,,
Scottsdale MHP,Device 2068608379,10671,0,0,0,,
Scottsdale MHP,Device 2068593076,10671,0,0,0,,
Scottsdale MHP,Device 2068606944,10703,0,0,0,,
Scottsdale MHP,Device 2068597259,10671,0,0,0,,
Scottsdale MHP,Device 2068606274,10706,0,0,0,,
Scottsdale MHP,Device 2068607777,,0,0,0,,
Scottsdale MHP,Device 2068605565,10671,0,0,0,,
Scottsdale MHP,Device 2068603933,10706,50,80,0,0,-83.0
Scottsdale MHP,Device 2068605839,10706,2,3,0,0,-81.0
Scottsdale MHP,Device 2068608148,10671,0,0,0,,
Scottsdale MHP,Device 2068606597,10671,0,0,0,,
Scottsdale MHP,Device 2068608296,10706,0,0,0,,
Scottsdale MHP,Device 2068582715,10671,0,0,0,,
Scottsdale MHP,Device 2068614385,10706,0,0,0,,
Scottsdale MHP,Device 2068583929,10671,0,0,0,,
Scottsdale MHP,Device 2068608213,10671,0,0,0,,
Scottsdale MHP,Device 2068608031,,0,0,0,,
Scottsdale MHP,Device 2068605714,10706,0,0,0,,
Scottsdale MHP,Device 2068608403,10706,0,0,0,,
Scottsdale MHP,Device 2068587995,,0,0,0,,
Scottsdale MHP,Device 2068608700,10706,0,0,0,,
Scottsdale MHP,Device 2068608114,10671,2,1,0,0,-60.0
Scottsdale MHP,Device 2068614591,10706,0,0,0,,
Scottsdale MHP,Device 2068608957,10671,0,0,0,,
Scottsdale MHP,Device 2068606662,10671,0,0,0,,
Scottsdale MHP,Device 2068608619,10706,0,0,0,,
Scottsdale MHP,Device 2068605094,10671,0,0,0,,
Scottsdale MHP,Device 2068606761,10671,0,0,0,,
Scottsdale MHP,Device 2068574449,10671,0,0,0,,
Scottsdale MHP,Device 2068588480,,0,0,0,,
Scottsdale MHP,Device 2068584042,10671,0,0,0,,
Scottsdale MHP,Device 2068608825,10706,0,0,0,,
Scottsdale MHP,Device 2068607553,10706,0,0,0,,
Scottsdale MHP,Device 2068608569,10671,0,0,0,,
Scottsdale MHP,Device 2068607033,10706,0,0,0,,
Scottsdale MHP,Device 2068607454,10706,0,0,0,,
Scottsdale MHP,Device 2068605623,10706,0,0,0,,
Scottsdale MHP,Device 2068606985,10706,0,0,0,,
Scottsdale MHP,Device 2068599925,10706,0,0,0,,
Scottsdale MHP,Device 2068603974,10671,1,3,0,0,-86.0
Scottsdale MHP,Device 2068602406,10671,0,0,0,,
Scottsdale MHP,Device 2068604006,10703,0,0,0,,
Scottsdale MHP,Device 2068608601,10671,0,0,0,,
Scottsdale MHP,Device 2068599594,10706,0,0,0,,
Scottsdale MHP,Device 2068607371,10671,0,0,0,,
Scottsdale MHP,Device 2068599305,10706,0,0,0,,
Scottsdale MHP,Device 2068574571,10706,0,0,0,,
Scottsdale MHP,Device 2068606993,10706,0,0,0,,
Scottsdale MHP,Device 2068604063,10706,0,0,0,,
Scottsdale MHP,Device 2068608163,10671,0,0,0,,
Scottsdale MHP,Device 2068602539,10706,0,0,0,,
Scottsdale MHP,Device 2068602646,10706,0,0,0,,
Scottsdale MHP,Device 2068599677,10706,0,0,0,,
Scottsdale MHP,Device 2068597416,10671,0,0,0,,
Verandah MHC-Cust,Device 2041761896,10671,0,0,0,,
Verandah MHC-Cust,Device 2042740352,10671,0,0,0,,
Verandah MHC-Cust,Device 2049909836,10671,0,0,0,,
Verandah MHC-Cust,Device 2041742003,10706,0,0,0,,
Verandah MHC-Cust,Device 2049961662,10671,0,0,0,,
Verandah MHC-Cust,Device 2049962496,10671,0,0,0,,
Verandah MHC-Cust,Device 2041764130,10671,0,0,0,,
Verandah MHC-Cust,Device 2042730684,10671,0,0,0,,
Verandah MHC-Cust,Device 2042809868,10671,0,0,0,,
Verandah MHC-Cust,Device 2041759270,10671,0,0,0,,
Verandah MHC-Cust,Device 2041742201,10706,4,3,0,4,-67.0
Verandah MHC-Cust,Device 2042730817,10671,0,0,0,,
Verandah MHC-Cust,Device 2042809892,10671,0,0,0,,
Verandah MHC-Cust,Device 2042740303,10671,0,0,0,,
Verandah MHC-Cust,Device 2042736780,10671,0,0,0,,
Verandah MHC-Cust,Device 2042809744,10671,0,0,0,,
Verandah MHC-Cust,Device 2041739959,10671,0,0,0,,
Verandah MHC-Cust,Device 2041742672,10671,0,0,0,,
Verandah MHC-Cust,Device 2042729199,10671,2,1,0,4,-72.0
Verandah MHC-Cust,Device 2042740774,10671,0,0,0,,
Verandah MHC-Cust,Device 2041753752,10671,0,0,0,,
Verandah MHC-Cust,Device 2049907764,10671,0,0,0,,
Verandah MHC-Cust,Device 2049888220,10671,0,0,0,,
Verandah MHC-Cust,Device 2068586047,10671,0,0,0,,
Verandah MHC-Cust,Device 2049886067,10671,0,0,0,,
Verandah MHC-Cust,Device 2049924033,10706,0,0,0,,
Verandah MHC-Cust,Device 2049960995,10671,0,0,0,,
Verandah MHC-Cust,Device 2049962397,10671,0,0,0,,
Broken Arrow MHP,Device 75370971,16131,7,6,0,7,-106.0
Broken Arrow MHP,Device 75361921,16131,7,6,0,7,-117.0
Broken Arrow MHP,Device 75372787,16131,7,6,0,7,-116.0
Broken Arrow MHP,Device 79466700,17032,5,6,0,0,-110.0
Broken Arrow MHP,Device 75367670,17032,8,7,0,7,-107.0
Broken Arrow MHP,Device 79462030,,0,0,0,,
Broken Arrow MHP,Device 79468177,17040,6,7,0,2,-116.0
Broken Arrow MHP,Device 75374940,16131,6,5,0,7,-119.0
Broken Arrow MHP,Device 75366003,17037,8,7,0,7,-108.0
Broken Arrow MHP,Device 79460794,17037,7,6,0,7,-110.0
Broken Arrow MHP,Device 75366615,17032,8,7,0,7,-107.0
Broken Arrow MHP,Device 75369577,16131,7,6,0,7,-101.0
Broken Arrow MHP,Device 79462675,,0,0,0,,
Broken Arrow MHP,Device 75361822,16131,7,6,0,7,-93.0
Broken Arrow MHP,Device 75367357,16131,11,13,0,0,-121.0
Broken Arrow MHP,Device 75368272,17040,7,6,0,0,-106.0
Broken Arrow MHP,Device 75360972,17037,7,6,0,7,-97.0
Broken Arrow MHP,Device 75369346,16131,7,6,0,6,-101.0
Broken Arrow MHP,Device 75360899,16131,7,6,0,7,-114.0
Broken Arrow MHP,Device 79461669,16131,7,6,0,7,-106.0
Broken Arrow MHP,Device 79455802,,0,0,0,,
Broken Arrow MHP,Device 75365435,16131,7,6,0,7,-124.0
Broken Arrow MHP,Device 70260128,16131,7,6,0,7,-115.0
Broken Arrow MHP,Device 70269897,17040,7,7,0,0,-108.0
Westview Mobile Estates MHC,Device 72378266,362,13,13,0,7,-113.0
Westview Mobile Estates MHC,Device 72385592,,0,0,0,,
Westview Mobile Estates MHC,Device 70273600,17037,7,6,0,7,-107.0
Westview Mobile Estates MHC,Device 72389750,17037,5,5,0,7,-108.0
Westview Mobile Estates MHC,Device 72382797,362,10,13,0,7,-97.0
Westview Mobile Estates MHC,Device 72389008,,0,0,0,,
Westview Mobile Estates MHC,Device 72382425,362,10,13,0,7,-103.0
Westview Mobile Estates MHC,Device 72382698,362,11,13,0,6,-108.0
Westview Mobile Estates MHC,Device 72380122,362,7,13,0,1,-101.0
Westview Mobile Estates MHC,Device 70268659,16185,12,12,0,6,-105.0
Westview Mobile Estates MHC,Device 72388745,362,13,13,0,7,-109.0
Westview Mobile Estates MHC,Device 72388406,362,10,13,0,7,-106.0
Westview Mobile Estates MHC,Device 72389685,362,9,13,0,7,-118.0
Westview Mobile Estates MHC,Device 72378639,362,11,13,0,7,-112.0
Westview Mobile Estates MHC,Device 72386277,17037,7,6,0,7,-106.0
Westview Mobile Estates MHC,Device 72391962,362,12,13,0,7,-117.0
Westview Mobile Estates MHC,Device 72393026,16185,7,6,0,7,-112.0
Westview Mobile Estates MHC,Device 72392622,17037,7,6,0,7,-116.0
Westview Mobile Estates MHC,Device 72379306,362,10,13,0,7,-102.0
Westview Mobile Estates MHC,Device 72382300,16185,7,6,0,6,-116.0
Westview Mobile Estates MHC,Device 72388869,16185,7,6,0,7,-107.0
Westview Mobile Estates MHC,Device 72385782,16185,7,6,0,7,-114.0
Westview Mobile Estates MHC,Device 72386103,362,10,13,0,7,-108.0
Westview Mobile Estates MHC,Device 72381591,,0,0,0,,
Westview Mobile Estates MHC,Device 72389818,362,11,12,0,7,-122.0
Westview Mobile Estates MHC,Device 72389560,362,8,13,0,0,-116.0
Westview Mobile Estates MHC,Device 70265804,16185,7,6,0,7,-111.0
Westview Mobile Estates MHC,Device 72383688,362,8,13,0,7,-104.0
Westview Mobile Estates MHC,Device 72386400,362,11,13,0,7,-126.0
Westview Mobile Estates MHC,Device 72388182,362,8,13,0,7,-111.0
Westview Mobile Estates MHC,Device 72387937,362,11,13,0,7,-105.0
Westview Mobile Estates MHC,Device 72389651,362,9,13,0,7,-105.0
Westview Mobile Estates MHC,Device 72382987,16185,7,6,0,6,-104.0
Westview Mobile Estates MHC,Device 72392580,17037,7,6,0,7,-123.0
Westview Mobile Estates MHC,Device 72388794,362,11,13,0,7,-100.0
Westview Mobile Estates MHC,Device 72386129,17037,7,6,0,7,-105.0
Westview Mobile Estates MHC,Device 72386202,,0,0,0,,
Westview Mobile Estates MHC,Device 72388380,362,9,13,0,7,-109.0
Westview Mobile Estates MHC,Device 72383514,362,11,13,0,7,-116.0
Westview Mobile Estates MHC,Device 72392341,,0,0,0,,
Westview Mobile Estates MHC,Device 72390543,362,13,13,0,7,-113.0
Westview Mobile Estates MHC,Device 72389669,16185,7,6,0,7,-111.0
Westview Mobile Estates MHC,Device 72382557,362,11,13,0,7,-97.0
Westview Mobile Estates MHC,Device 72382615,16185,7,6,0,7,-113.0
Westview Mobile Estates MHC,Device 72386699,362,13,13,0,7,-108.0
Westview Mobile Estates MHC,Device 72392424,16185,7,6,0,7,-101.0
Westview Mobile Estates MHC,Device 72389792,16185,7,6,0,7,-105.0
Westview Mobile Estates MHC,Device 72389032,16185,7,6,0,7,-108.0
Westview Mobile Estates MHC,Device 72392663,362,10,14,0,7,-111.0
Westview Mobile Estates MHC,Device 72382532,,0,0,0,,
Westview Mobile Estates MHC,Device 72388257,362,9,13,0,7,-100.0
Westview Mobile Estates MHC,Device 72383704,362,9,13,0,7,-121.0
Westview Mobile Estates MHC,Device 72381641,362,13,13,0,7,-108.0
Westview Mobile Estates MHC,Device 72388422,362,13,13,0,6,-107.0
Westview Mobile Estates MHC,Device 72388414,362,10,13,0,7,-114.0
Westview Mobile Estates MHC,Device 72388711,17037,6,6,0,7,-114.0
Westview Mobile Estates MHC,Device 72390402,,0,0,0,,
Westview Mobile Estates MHC,Device 70258882,17037,7,6,0,4,-116.0
Westview Mobile Estates MHC,Device 72388828,17037,10,9,0,7,-116.0
Westview Mobile Estates MHC,Device 72378498,17037,10,12,0,7,-102.0
Westview Mobile Estates MHC,Device 72390618,17037,7,6,0,7,-106.0
Westview Mobile Estates MHC,Device 70269376,362,8,13,0,7,-106.0
Westview Mobile Estates MHC,Device 72386590,16185,7,6,0,5,-113.0
Westview Mobile Estates MHC,Device 72388935,362,12,13,0,7,-108.0
Westview Mobile Estates MHC,Device 72384801,362,12,13,0,7,-113.0
Westview Mobile Estates MHC,Device 72385683,,0,0,0,,
Westview Mobile Estates MHC,Device 72386467,362,12,13,0,6,-104.0
Westview Mobile Estates MHC,Device 72380858,16185,7,6,0,5,-109.0
Westview Mobile Estates MHC,Device 72388430,362,11,13,0,7,-108.0
Westview Mobile Estates MHC,Device 72390139,362,9,13,0,7,-107.0
Westview Mobile Estates MHC,Device 70267529,16185,6,5,0,6,-119.0
Westview Mobile Estates MHC,Device 77059972,16185,7,6,0,4,-118.0
Westview Mobile Estates MHC,Device 70273212,362,11,13,0,7,-106.0
Westview Mobile Estates MHC,Device 77052134,362,11,13,0,7,-116.0
Westview Mobile Estates MHC,Device 77058131,362,5,6,0,0,-122.0
Westview Mobile Estates MHC,Device 77060350,362,12,13,0,7,-116.0
Westview Mobile Estates MHC,Device 65829908,362,11,12,0,7,-114.0
Westview Mobile Estates MHC,Device 65824925,362,11,13,0,7,-122.0
Westview Mobile Estates MHC,Device 65825864,362,8,9,0,5,-125.0
Westview Mobile Estates MHC,Device 65823810,362,11,13,0,7,-106.0
Westview Mobile Estates MHC,Device 65827977,,0,0,0,,
Westview Mobile Estates MHC,Device 65830997,362,7,13,0,7,-109.0
Westview Mobile Estates MHC,Device 65825104,362,10,13,0,7,-108.0
Sunview MHP,Device 72723903,17037,7,6,0,7,-101.0
Sunview MHP,Device 75374346,17037,7,6,0,7,-102.0
Sunview MHP,Device 75362242,17037,7,6,0,7,-97.0
Sunview MHP,Device 72723622,17037,7,6,0,7,-106.0
Sunview MHP,Device 72721675,17037,5,6,0,4,-116.0
Sunview MHP,Device 72716758,17037,6,6,0,0,-99.0
Sunview MHP,Device 70265697,17037,7,6,0,5,-104.0
Sunview MHP,Device 72387242,17037,7,6,0,0,-93.0
Sunview MHP,Device 72379546,17037,6,5,0,1,-106.0
Sunview MHP,Device 72381609,17037,7,6,0,7,-101.0
Sunview MHP,Device 70262108,17037,7,6,0,0,-104.0
Sunview MHP,Device 72391418,17040,9,7,1,5,-110.0
Sunview MHP,Device 70261613,17037,7,6,0,7,-106.0
Sunview MHP,Device 70263981,17037,7,6,0,7,-94.0
Sunview MHP,Device 70261803,17037,7,6,0,0,-103.0
Sunview MHP,Device 70261480,17040,7,6,0,0,-96.0
Sunview MHP,Device 70263106,17037,7,6,0,4,-100.0
Sunview MHP,Device 70258585,17037,7,6,0,7,-93.0
Sunview MHP,Device 70263346,17037,7,6,0,7,-92.0
Sunview MHP,Device 70266372,17037,7,6,0,7,-99.0
Sunview MHP,Device 2049835460,,0,0,0,,
Sunview MHP,Device 2049961365,,0,0,0,,
Sunview MHP,Device 2049946275,,0,0,0,,
Sunview MHP,Device 2049902393,,0,0,0,,
Sunview MHP,Device 2049882280,10671,0,0,0,,
Sunview MHP,Device 2049958932,10706,0,0,0,,
Sunview MHP,Device 2042742549,10704,0,0,0,,
Sunview MHP,Device 2042742986,,0,0,0,,
Sunview MHP,Device 2042741558,10671,0,0,0,,
Sunview MHP,Device 2049873628,,0,0,0,,
Sunview MHP,Device 2049847283,10706,2,1,0,6,-96.0
Brighton Court MHP,Device 75372860,15090,5,5,0,0,-115.0
Brighton Court MHP,Device 75360683,15090,7,6,0,7,-112.0
Brighton Court MHP,Device 72391483,16185,6,5,0,5,-104.0
Brighton Court MHP,Device 72387523,15090,7,6,0,6,-109.0
Brighton Court MHP,Device 72387861,15090,7,6,0,7,-97.0
Brighton Court MHP,Device 72387564,15090,6,5,0,6,-100.0
Brighton Court MHP,Device 72387853,15090,7,6,0,4,-105.0
Brighton Court MHP,Device 72384074,16185,6,6,0,6,-108.0
Brighton Court MHP,Device 72380445,16185,7,6,0,6,-94.0
Brighton Court MHP,Device 70266208,15090,7,6,0,7,-105.0
Brighton Court MHP,Device 70270960,15090,5,5,0,6,-110.0
Brighton Court MHP,Device 70259070,15090,6,5,0,5,-101.0
Brighton Court MHP,Device 72380411,17040,7,6,0,0,-89.0
Rustic Acres MHC,Device 79462394,17037,13,11,1,1,-85.0
Rustic Acres MHC,Device 79462295,17037,13,12,0,2,-92.0
Rustic Acres MHC,Device 79468029,17037,13,12,0,0,-89.0
Rustic Acres MHC,Device 79462980,17037,15,13,1,1,-96.0
Rustic Acres MHC,Device 79453351,17037,11,11,0,0,-86.0
Rustic Acres MHC,Device 79456073,17037,10,10,0,1,-85.0
Rustic Acres MHC,Device 79454631,17037,13,10,2,2,-89.0
Rustic Acres MHC,Device 79456024,17037,12,13,0,2,-92.0
Rustic Acres MHC,Device 79464317,17037,12,10,1,2,-89.0
Rustic Acres MHC,Device 79464218,17037,12,13,0,1,-120.0
Rustic Acres MHC,Device 79464747,17037,12,10,1,1,-89.0
Rustic Acres MHC,Device 79459002,17037,10,10,0,0,-114.0
Rustic Acres MHC,Phantom Rustic Acres 9,,0,0,0,,
Rustic Acres MHC,Device 79463103,17037,9,9,0,0,-105.0
Rustic Acres MHC,Device 79458566,17037,8,7,0,0,-105.0
Rustic Acres MHC,Device 79466296,17037,7,6,0,3,-119.0
Rustic Acres MHC,Device 75363281,17037,4,3,0,4,-116.0
Rustic Acres MHC,Device 79463210,17037,7,6,0,4,-118.0
Rustic Acres MHC,Device 79466270,17037,7,6,0,0,-103.0
Rustic Acres MHC,Device 79460257,17037,6,6,0,0,-125.0
Rustic Acres MHC,Device 79461644,17037,7,6,0,7,-109.0
Rustic Acres MHC,Device 79462741,17037,6,6,0,1,-120.0
Rustic Acres MHC,Device 79454458,17037,7,6,0,3,-123.0
Rustic Acres MHC,Device 79460497,17037,7,6,0,7,-120.0
Rustic Acres MHC,Device 79461313,17037,7,6,0,6,-121.0
Rustic Acres MHC,Device 79465835,17040,7,6,0,7,-129.0
Rustic Acres MHC,Device 79460562,17037,8,8,0,0,-119.0
Rustic Acres MHC,Device 79462121,17037,7,6,0,7,-119.0
Rustic Acres MHC,Device 79462857,17037,7,7,0,7,-118.0
Rustic Acres MHC,Device 79464150,16185,7,6,0,7,-108.0
Rustic Acres MHC,Device 72380973,17037,7,6,0,0,-113.0
Rustic Acres MHC,Device 70272313,17037,7,6,0,1,-113.0
Rustic Acres MHC,Device 70269434,17037,7,6,0,7,-108.0
Rustic Acres MHC,Device 70265069,17037,8,6,1,5,-114.0
Rustic Acres MHC,Device 72381401,16185,7,6,0,5,-112.0
Rustic Acres MHC,Device 72382037,16185,8,6,1,0,-121.0
Rustic Acres MHC,Device 72381245,16185,7,6,0,6,-109.0
Rustic Acres MHC,Device 72381120,16185,7,6,0,7,-113.0
Rustic Acres MHC,Device 72381559,17037,11,8,2,4,-115.0
Rustic Acres MHC,Device 70263486,17040,10,8,1,0,-119.0
Rustic Acres MHC,Device 70259799,,0,0,0,,
Rustic Acres MHC,Device 72381914,17037,7,6,0,7,-116.0
Rustic Acres MHC,Device 72391319,16131,8,7,0,0,-116.0
Rustic Acres MHC,Device 70264211,17037,7,6,0,0,-112.0
Rustic Acres MHC,Device 70259880,16185,4,5,0,0,-122.0
Rustic Acres MHC,Device 72378571,17037,7,6,0,7,-111.0
Rustic Acres MHC,Device 70262371,16185,7,6,0,6,-114.0
Rustic Acres MHC,Device 70262348,16185,9,6,2,1,-121.0
Rustic Acres MHC,Device 70268923,17037,12,9,2,4,-118.0
Rustic Acres MHC,Device 70263460,17037,7,6,0,7,-109.0
Rustic Acres MHC,Device 70272610,17037,7,6,0,5,-108.0
Rustic Acres MHC,Device 70266471,17037,5,4,0,4,-120.0
Rustic Acres MHC,Device 72387366,17037,3,6,0,0,-109.0
Rustic Acres MHC,Device 72381385,16185,7,6,0,6,-112.0
Rustic Acres MHC,Device 70262272,17037,7,6,0,7,-109.0
Rustic Acres MHC,Device 72388216,,0,0,0,,
Rustic Acres MHC,Device 70272560,17037,14,12,1,7,-115.0
Rustic Acres MHC,Device 70269178,17037,8,7,0,7,-118.0
Rustic Acres MHC,Device 72382011,17037,7,6,0,4,-113.0
Rustic Acres MHC,Device 72379249,16185,7,6,0,7,-112.0
Rustic Acres MHC,Device 70269996,16185,7,6,0,7,-111.0
Rustic Acres MHC,Device 72384959,17037,5,6,0,3,-125.0
Rustic Acres MHC,Device 72384793,17040,7,6,0,7,-115.0
Rustic Acres MHC,Device 72385089,16185,7,6,0,7,-108.0
Rustic Acres MHC,Device 70266968,17037,7,6,0,7,-127.0
Rustic Acres MHC,Device 70266562,,0,0,0,,
Rustic Acres MHC,Device 65827910,,0,0,0,,
Rustic Acres MHC,Device 68612744,17037,7,8,0,0,-121.0
Parkview MHP-Cust,Device 72724034,17037,8,7,0,7,-103.0
Parkview MHP-Cust,Device 72715321,16185,7,6,0,7,-99.0
Parkview MHP-Cust,Device 72724182,16185,7,6,0,3,-94.0
Parkview MHP-Cust,Device 70269061,,0,0,0,,
Parkview MHP-Cust,Device 70265481,16130,7,6,0,7,-95.0
Parkview MHP-Cust,Device 70272586,16185,7,6,0,0,-93.0
Parkview MHP-Cust,Device 72391558,17037,8,7,0,7,-106.0
Parkview MHP-Cust,Device 70262769,16130,7,6,0,7,-100.0
Parkview MHP-Cust,Device 72386889,17037,7,6,0,7,-101.0
Parkview MHP-Cust,Device 72390527,17037,9,8,0,7,-100.0
Parkview MHP-Cust,Device 72378597,17037,7,6,0,7,-104.0
Parkview MHP-Cust,Device 72385303,17040,7,6,0,0,-86.0
Parkview MHP-Cust,Device 72392929,17037,7,6,0,7,-91.0
Parkview MHP-Cust,Device 72382284,16130,7,6,0,0,-96.0
Parkview MHP-Cust,Device 72392523,17037,7,6,0,7,-93.0
Parkview MHP-Cust,Device 72389172,17037,7,6,0,7,-93.0
Parkview MHP-Cust,Device 72383373,17037,7,6,0,7,-102.0
Parkview MHP-Cust,Device 70265978,17037,7,6,0,7,-100.0
Parkview MHP-Cust,Device 70263684,17037,6,6,0,0,-104.0
Parkview MHP-Cust,Device 70259468,17040,7,6,0,0,-91.0
Parkview MHP-Cust,Device 77059808,17040,7,6,0,0,-89.0
Parkview MHP-Cust,Device 70260391,16185,7,6,0,7,-113.0
Parkview MHP-Cust,Device 70267495,16185,7,6,0,7,-107.0
Parkview MHP-Cust,Device 70263973,16130,7,6,0,7,-116.0
Parkview MHP-Cust,Device 77058446,17040,7,7,0,0,-96.0
Parkview MHP-Cust,Device 77062141,16185,7,6,0,7,-90.0
Parkview MHP-Cust,Device 65827720,16185,7,6,0,2,-109.0
Parkview MHP-Cust,Device 77052035,17037,9,8,0,7,-102.0
Parkview MHP-Cust,Device 65824321,16130,8,7,0,6,-111.0
Parkview MHP-Cust,Device 77060145,17037,7,6,0,7,-99.0
Parkview MHP-Cust,Device 77053561,16185,7,6,0,0,-96.0
Parkview MHP-Cust,Device 77061978,17037,8,7,0,7,-103.0
Parkview MHP-Cust,Device 77058099,16185,7,6,0,0,-96.0
Parkview MHP-Cust,Device 65827621,17037,7,6,0,7,-91.0
Parkview MHP-Cust,Device 65822697,16130,6,7,0,7,-111.0
Parkview MHP-Cust,Device 65827670,17037,7,6,0,7,-92.0
Parkview MHP-Cust,Device 65828223,17037,7,6,0,7,-92.0
Parkview MHP-Cust,Device 65824388,17037,7,6,0,7,-107.0
Parkview MHP-Cust,Device 65827357,17037,7,6,0,7,-98.0
Parkview MHP-Cust,Device 65831235,16130,7,6,0,7,-96.0
Parkview MHP-Cust,Device 65829122,16130,7,6,0,7,-101.0
Parkview MHP-Cust,Device 65832027,,0,0,0,,
Parkview MHP-Cust,Device 68588134,16185,7,6,0,7,-107.0
Parkview MHP-Cust,Device 65828421,16185,7,6,0,5,-97.0
Parkview MHP-Cust,Device 65823299,16185,7,6,0,7,-93.0
Parkview MHP-Cust,Device 65823802,16130,7,6,0,7,-112.0
Parkview MHP-Cust,Device 65831250,16185,7,6,0,7,-97.0
Parkview MHP-Cust,Device 65827142,16185,7,6,0,7,-103.0
Parkview MHP-Cust,Device 65825146,17037,7,6,0,0,-92.0
Parkview MHP-Cust,Device 65830740,17037,17,16,0,7,-111.0
Parkview MHP-Cust,Device 68584240,17037,7,6,0,7,-102.0
Parkview MHP-Cust,Device 68612637,17037,7,6,0,7,-95.0
Steve Scheiter 5plex-Cust,Device 70267172,,0,0,0,,
Steve Scheiter 5plex-Cust,Device 70264534,17050,5,3,1,6,-104.0
Steve Scheiter 5plex-Cust,Device 77059246,17037,2,1,0,7,-99.0
Steve Scheiter 5plex-Cust,Device 70268329,17050,5,3,1,4,-96.0
Steve Scheiter 5plex-Cust,Device 77058966,16022,2,1,0,7,-101.0
Ontario Place MHC,Device 79465082,17037,9,7,1,1,-111.0
Ontario Place MHC,Device 79459499,17037,9,9,0,0,-116.0
Ontario Place MHC,Device 79454243,17037,10,9,0,3,-110.0
Ontario Place MHC,Device 79464788,17037,8,6,1,2,-108.0
Ontario Place MHC,Device 79458988,17037,9,7,1,1,-103.0
Ontario Place MHC,Device 79458053,17037,11,10,0,3,-104.0
Ontario Place MHC,Device 79468128,17037,12,10,1,2,-113.0
Ontario Place MHC,Device 79456776,17037,9,6,2,0,-105.0
Ontario Place MHC,Device 79463723,17037,10,9,0,0,-104.0
Ontario Place MHC,Device 75366359,16185,7,6,0,6,-117.0
Ontario Place MHC,Device 79461024,17037,18,12,5,2,-113.0
Ontario Place MHC,Device 79464093,16185,7,6,0,0,-111.0
Ontario Place MHC,Device 79462774,17037,0,0,0,,
Ontario Place MHC,Device 75360303,17037,17,16,0,5,-114.0
Ontario Place MHC,Device 79454078,17037,7,6,0,1,-108.0
Ontario Place MHC,Device 75364560,17037,7,6,0,2,-108.0
Ontario Place MHC,Device 79460935,17037,11,10,0,2,-117.0
Ontario Place MHC,Device 75364743,17037,7,6,0,3,-106.0
Ontario Place MHC,Device 79466155,17037,7,6,0,2,-109.0
Ontario Place MHC,Device 75361848,17037,5,6,0,0,-112.0
Ontario Place MHC,Device 79462279,17037,6,5,0,3,-113.0
Ontario Place MHC,Device 79463012,17037,4,4,0,0,-109.0
Ontario Place MHC,Device 75362663,17037,9,7,1,3,-113.0
Ontario Place MHC,Device 79463020,17037,1,2,0,0,-107.0
Ontario Place MHC,Device 75364826,17037,5,4,0,3,-105.0
Ontario Place MHC,Device 79461362,17037,7,5,1,3,-108.0
Ontario Place MHC,Device 79463392,17037,6,5,0,2,-111.0
Ontario Place MHC,Device 79460877,17037,9,7,1,3,-117.0
Ontario Place MHC,Device 79463301,17037,6,5,0,2,-107.0
Ontario Place MHC,Device 79465793,17037,7,5,1,3,-111.0
Ontario Place MHC,Device 79463376,17037,7,5,1,0,-109.0
Ontario Place MHC,Device 79462535,17037,12,9,2,2,-114.0
Ontario Place MHC,Device 75360030,17037,8,7,0,3,-110.0
Ontario Place MHC,Device 79460869,17037,5,4,0,0,-112.0
Ontario Place MHC,Device 75363133,17037,6,5,0,3,-113.0
Ontario Place MHC,Device 70267743,17037,10,8,1,6,-116.0
Ontario Place MHC,Device 70262181,17037,7,6,0,7,-110.0
Ontario Place MHC,Device 70268626,16185,3,6,0,0,-123.0
Ontario Place MHC,Device 72382920,16185,7,6,0,7,-109.0
Ontario Place MHC,Device 70262363,16022,6,5,0,6,-117.0
Ontario Place MHC,Device 72378787,16022,7,6,0,7,-106.0
Ontario Place MHC,Device 72389594,16185,7,6,0,6,-118.0
Ontario Place MHC,Device 72381211,16185,7,6,0,7,-112.0
Ontario Place MHC,Device 72389974,16185,7,6,0,6,-111.0
Ontario Place MHC,Device 72381179,16185,7,6,0,5,-114.0
Ontario Place MHC,Device 72381864,,0,0,0,,
Ontario Place MHC,Device 70259807,16185,7,6,0,7,-111.0
Ontario Place MHC,Device 72379447,17037,10,7,2,6,-119.0
Ontario Place MHC,Device 72392010,16185,7,6,0,0,-117.0
Ontario Place MHC,Device 70262538,16185,4,5,0,1,-113.0
Ontario Place MHC,Device 70266513,16185,7,6,0,7,-110.0
Ontario Place MHC,Device 70265432,16185,7,6,0,6,-112.0
Ontario Place MHC,Device 70267925,16185,7,6,0,0,-122.0
Ontario Place MHC,Device 72384660,16185,6,6,0,7,-115.0
Ontario Place MHC,Device 72378860,16185,7,6,0,4,-111.0
Ontario Place MHC,Device 72379397,16185,7,6,0,7,-113.0
Ontario Place MHC,Device 72381419,17037,7,6,0,1,-120.0
Ontario Place MHC,Device 72381773,16185,7,6,0,1,-114.0
Ontario Place MHC,Device 72383407,17037,9,10,0,0,-107.0
Ontario Place MHC,Device 72378993,16185,8,6,1,7,-109.0
Ontario Place MHC,Device 70258932,17037,7,6,0,7,-114.0
Ontario Place MHC,Device 72383597,17037,7,6,0,7,-119.0
Ontario Place MHC,Device 70262298,17037,8,6,1,7,-110.0
Ontario Place MHC,Device 72381161,17037,8,7,0,0,-114.0
Ontario Place MHC,Device 72381344,16185,7,6,0,5,-111.0
Ontario Place MHC,Device 72391244,,0,0,0,,
Ontario Place MHC,Device 70266489,17037,7,6,0,7,-124.0
Ontario Place MHC,Device 72382094,17037,7,6,0,7,-121.0
Ontario Place MHC,Device 72381518,16185,6,6,0,3,-114.0
Ontario Place MHC,Device 72392713,16185,7,6,0,5,-109.0
Ontario Place MHC,Device 70266257,16185,7,6,0,7,-114.0
Ontario Place MHC,Device 70262256,16185,9,8,0,6,-111.0
Ontario Place MHC,Device 70273030,16185,7,6,0,6,-106.0
Ontario Place MHC,Device 72381799,16185,7,6,0,7,-106.0
Ontario Place MHC,Device 72381849,16185,7,6,0,7,-113.0
Ontario Place MHC,Device 70263221,16185,7,6,0,0,-111.0
Ontario Place MHC,Device 70272917,17037,7,6,0,7,-117.0
Ontario Place MHC,Device 72391368,16185,6,5,0,7,-110.0
Ontario Place MHC,Device 70273097,16185,7,6,0,6,-109.0
Ontario Place MHC,Device 70272743,16185,7,6,0,7,-109.0
Ontario Place MHC,Device 70265796,16022,7,6,0,7,-120.0
Ontario Place MHC,Device 72378910,16185,7,6,0,7,-106.0
Ontario Place MHC,Device 72381971,17037,7,6,0,7,-109.0
Ontario Place MHC,Device 72381765,16185,7,6,0,7,-110.0
Ontario Place MHC,Device 72381500,16185,7,6,0,6,-111.0
Ontario Place MHC,Device 72391129,17037,7,6,0,7,-109.0
Ontario Place MHC,Device 70264583,17037,7,6,0,6,-115.0
Ontario Place MHC,Device 70264732,17037,5,5,0,0,-106.0
Ontario Place MHC,Device 70259112,,0,0,0,,
Ontario Place MHC,Device 77058917,16185,7,6,0,7,-118.0
Ontario Place MHC,Device 70265135,17037,7,6,0,1,-118.0
Ontario Place MHC,Device 70267149,16185,6,8,0,0,-114.0
Ontario Place MHC,Device 70271968,17037,2,4,0,0,-111.0
Ontario Place MHC,Device 70259195,16185,6,6,0,1,-122.0
Ontario Place MHC,Device 70259054,17037,7,6,0,7,-120.0
Ontario Place MHC,Device 70261068,17037,5,6,0,0,-111.0
Ontario Place MHC,Device 70265127,,0,0,0,,
Ontario Place MHC,Device 70270812,16185,10,10,0,1,-118.0
Ontario Place MHC,Device 70267768,,0,0,0,,
Ontario Place MHC,Device 70260052,17037,8,7,0,7,-111.0
Ontario Place MHC,Device 70267826,17037,8,6,1,4,-114.0
Ontario Place MHC,Device 70259351,16185,6,6,0,4,-116.0
Ontario Place MHC,Device 70267776,,0,0,0,,
Ontario Place MHC,Device 70264070,16185,7,6,0,7,-111.0
Ontario Place MHC,Device 70266877,17037,7,6,0,7,-92.0
Ontario Place MHC,Device 70264237,16022,5,5,0,0,-116.0
Ontario Place MHC,Device 70261316,17037,10,11,0,1,-113.0
Ontario Place MHC,Device 70271380,17040,13,12,0,5,-109.0
Ontario Place MHC,Device 70260581,,0,0,0,,
Ontario Place MHC,Device 70264260,,0,0,0,,
Ontario Place MHC,Device 70261142,17037,7,6,0,7,-119.0
Ontario Place MHC,Device 70264476,,0,0,0,,
Ontario Place MHC,Device 70261209,16185,7,6,0,7,-113.0
Ontario Place MHC,Device 70260904,,0,0,0,,
Ontario Place MHC,Device 70260797,17037,6,6,0,7,-115.0
Ontario Place MHC,Device 70270309,,0,0,0,,
Ontario Place MHC,Device 70267735,17037,6,6,0,7,-122.0
Ontario Place MHC,Device 65824487,,0,0,0,,
Ontario Place MHC,Device 65829833,17037,6,5,0,0,-111.0
Ontario Place MHC,Device 65824586,16185,7,6,0,7,-105.0
Ontario Place MHC,Device 65827308,16185,6,6,0,7,-120.0
Ontario Place MHC,Device 65825112,16185,7,6,0,7,-113.0
Ontario Place MHC,Device 65825286,17037,6,6,0,0,-124.0
Island Club MHC-CUST,Device 75368496,17040,7,10,0,0,-107.0
Island Club MHC-CUST,Device 75368462,16131,7,6,0,7,-118.0
Running Springs MHP,Device 75371516,,0,0,0,,
Running Springs MHP,Device 75361145,16185,7,6,0,6,-102.0
Running Springs MHP,Device 75368066,17037,7,6,0,0,-101.0
Running Springs MHP,Device 72724208,17037,7,7,0,7,-105.0
Running Springs MHP,Device 72723580,16185,7,6,0,2,-110.0
Running Springs MHP,Device 75367399,17037,3,7,0,2,-114.0
Running Springs MHP,Device 75362317,16131,6,6,0,5,-86.0
Running Springs MHP,Device 75369510,16185,7,6,0,7,-90.0
Running Springs MHP,Device 75372910,17037,1,0,0,1,-112.0
Running Springs MHP,Device 75368348,17037,13,14,0,5,-109.0
Running Springs MHP,Device 72715362,17037,9,7,1,0,-115.0
Running Springs MHP,Device 72379900,16185,7,6,0,7,-80.0
Running Springs MHP,Device 72390469,16185,5,5,0,2,-112.0
Running Springs MHP,Device 70264096,,0,0,0,,
Running Springs MHP,Device 70271547,,0,0,0,,
Running Springs MHP,Device 2049903896,10671,0,0,0,,
Running Springs MHP,Device 2049961332,10671,2,2,0,6,-83.0
Running Springs MHP,Device 2049878577,10671,3,2,0,5,-71.0
Running Springs MHP,Device 2049965879,10671,0,0,0,,
Country Squire MHC,Device 79461198,16185,0,0,0,,
Country Squire MHC,Device 79461529,16185,6,6,0,6,-117.0
Country Squire MHC,Device 79460810,16185,7,6,0,5,-109.0
Country Squire MHC,Device 70271802,16185,7,6,0,7,-110.0
Country Squire MHC,Device 72387150,16185,11,10,0,7,-97.0
Country Squire MHC,Device 72391079,16185,8,7,0,7,-105.0
Country Squire MHC,Device 72378829,17037,11,10,0,7,-98.0
Country Squire MHC,Device 72381492,16185,8,6,1,6,-108.0
Country Squire MHC,Device 70270101,16185,7,6,0,0,-107.0
Country Squire MHC,Device 72381468,17037,7,6,0,7,-105.0
Country Squire MHC,Device 72384777,16185,8,6,1,3,-107.0
Country Squire MHC,Device 70272735,16185,7,6,0,7,-109.0
Country Squire MHC,Device 70265911,16185,7,6,0,6,-102.0
Country Squire MHC,Device 70272826,16185,7,6,0,6,-103.0
Country Squire MHC,Device 72384892,16185,7,6,0,0,-103.0
Country Squire MHC,Device 72379090,16185,7,6,0,7,-101.0
Country Squire MHC,Device 72391210,16185,7,6,0,7,-100.0
Country Squire MHC,Device 72382730,16185,9,8,0,6,-105.0
Country Squire MHC,Device 70269491,16185,7,6,0,7,-102.0
Country Squire MHC,Device 72393059,16185,7,6,0,7,-99.0
Country Squire MHC,Device 72382441,16185,7,6,0,6,-111.0
Country Squire MHC,Device 70259740,16185,7,6,0,7,-103.0
Country Squire MHC,Device 70268451,16185,7,6,0,7,-108.0
Country Squire MHC,Device 70264203,16185,31,29,1,0,-116.0
Country Squire MHC,Device 70266356,16185,7,6,0,7,-100.0
Country Squire MHC,Device 70268303,16185,7,6,0,7,-104.0
Country Squire MHC,Device 70269707,16185,6,6,0,0,-119.0
Country Squire MHC,Device 77058545,16185,7,6,0,7,-108.0
Country Squire MHC,Device 65828017,16185,7,6,0,2,-113.0
Country Squire MHC,Device 2049950426,10671,0,0,0,,
Country Squire MHC,Device 2042742713,10706,0,0,0,,
Country Squire MHC,Device 2049920015,,0,0,0,,
Country Squire MHC,Device 2042741384,10706,0,0,0,,
Country Squire MHC,Device 2042804174,10671,0,0,0,,
Country Squire MHC,Device 2042728381,10671,0,0,0,,
Country Squire MHC,Device 2041750527,,0,0,0,,
Country Squire MHC,Device 2041750113,10671,0,0,0,,
Country Squire MHC,Device 2042821236,10693,0,0,0,,
Country Squire MHC,Device 2042813886,10706,0,0,0,,
Country Squire MHC,Device 2042814553,10671,0,0,0,,
Country Squire MHC,Device 2041749701,10671,0,0,0,,
Country Squire MHC,Device 2041742912,10706,0,0,0,,
Country Squire MHC,Device 2041747622,10704,0,0,0,,
Country Squire MHC,Device 2041743233,10671,2,1,0,0,-108.0
Country Squire MHC,Device 2041752853,10706,0,0,0,,
Country Squire MHC,Device 2041738936,10706,0,0,0,,
Country Squire MHC,Device 2041736583,10671,0,0,0,,
Country Squire MHC,Device 2041744728,10706,0,0,0,,
Country Squire MHC,Device 2041744603,10671,0,0,0,,
Country Squire MHC,Device 2041745246,10706,0,0,0,,
Country Squire MHC,Device 2042814397,10671,0,0,0,,
Country Squire MHC,Device 2041747804,10671,0,0,0,,
Country Squire MHC,Device 2042767835,10671,0,0,0,,
Country Squire MHC,Device 2041748372,10706,0,0,0,,
Country Squire MHC,Device 2041745147,10671,0,0,0,,
Country Squire MHC,Device 2041744777,10706,0,0,0,,
Country Squire MHC,Device 2042815956,,0,0,0,,
Country Squire MHC,Device 2041748984,10671,6,5,0,5,-116.0
Country Squire MHC,Device 2042819263,10671,0,0,0,,
Country Squire MHC,Device 2042815907,10671,0,0,0,,
Country Squire MHC,Device 2042814041,10671,0,0,0,,
Country Squire MHC,Device 2042814124,,0,0,0,,
Country Squire MHC,Device 2042816004,10671,0,0,0,,
Backwater MHC,Device 72718044,17040,2,2,0,1,-90.0
Backwater MHC,Device 72715107,17032,7,6,0,0,-79.0
Backwater MHC,Device 72717020,17032,8,7,0,7,-76.0
Backwater MHC,Device 72715990,17032,7,6,0,0,-75.0
Backwater MHC,Device 72719588,17032,7,6,0,7,-79.0
Backwater MHC,Device 72722186,17032,7,6,0,7,-75.0
Backwater MHC,Device 72715453,17032,8,6,1,0,-82.0
Backwater MHC,Device 72723077,17032,9,6,2,1,-83.0
Backwater MHC,Device 72720578,17032,7,6,0,5,-79.0
Backwater MHC,Device 70259476,17040,13,11,1,5,-78.0
Backwater MHC,Device 72378548,17032,57,23,33,7,-88.0
Backwater MHC,Device 70266117,17032,7,6,0,4,-74.0
Backwater MHC,Device 72387275,17032,7,6,0,0,-78.0
Backwater MHC,Device 70266307,17032,7,6,0,0,-87.0
Backwater MHC,Device 70260474,17032,7,6,0,7,-85.0
Backwater MHC,Device 70266422,17032,3,2,0,1,-82.0
Backwater MHC,Device 72391509,17037,11,11,0,5,-81.0
Backwater MHC,Device 72391541,17037,12,10,1,7,-83.0
Backwater MHC,Device 72385428,17032,7,6,0,5,-80.0
Backwater MHC,Device 72391608,17032,7,6,0,0,-78.0
Backwater MHC,Device 72381716,17032,7,6,0,1,-75.0
Backwater MHC,Device 72387507,17037,4,3,0,4,-88.0
Backwater MHC,Device 72391905,17037,7,6,0,7,-75.0
Backwater MHC,Device 70262694,17032,14,13,0,6,-87.0
Backwater MHC,Device 70269343,17032,7,6,0,2,-89.0
Backwater MHC,Device 70268667,17037,7,6,0,7,-85.0
Backwater MHC,Device 72387440,17032,7,6,0,2,-78.0
Backwater MHC,Device 72387499,17032,7,6,0,7,-71.0
Backwater MHC,Device 72379694,17032,7,6,0,3,-86.0
Backwater MHC,Device 72385493,17037,8,15,0,3,-79.0
Backwater MHC,Device 72379611,17032,8,7,0,7,-85.0
Backwater MHC,Device 72378878,17037,7,6,0,7,-84.0
Backwater MHC,Device 72387374,17037,7,6,0,7,-88.0
Backwater MHC,Device 70260169,17037,7,6,0,0,-90.0
Backwater MHC,Device 70265853,17032,7,6,0,4,-88.0
Backwater MHC,Device 72387341,17032,7,6,0,6,-78.0
Backwater MHC,Device 70258874,17037,7,6,0,7,-87.0
Backwater MHC,Device 72391772,17032,7,6,0,6,-93.0
Backwater MHC,Device 70266158,17032,7,6,0,7,-93.0
Backwater MHC,Device 70266224,17037,7,6,0,7,-86.0
Backwater MHC,Device 72379629,17032,7,6,0,6,-77.0
Backwater MHC,Device 72390725,17032,7,6,0,7,-79.0
Backwater MHC,Device 72389479,17037,10,10,0,3,-90.0
Hanover MHP,Device 2049808954,10706,0,0,0,,
Hanover MHP,Device 2049929800,10671,0,0,0,,
Hanover MHP,Device 2049794667,,0,0,0,,
Hanover MHP,Device 2049916690,10671,2,1,0,4,-110.0
Hanover MHP,Device 2049781961,,0,0,0,,
Hanover MHP,Device 2049947174,10671,0,0,0,,
Hanover MHP,Device 2049823854,10671,2,1,0,4,-107.0
Hanover MHP,Device 2049782704,10671,0,0,0,,
Hanover MHP,Device 2049792653,10706,0,0,0,,
Hanover MHP,Device 2049935245,,0,0,0,,
Hanover MHP,Device 2049879245,10671,0,0,0,,
Hanover MHP,Device 2049961803,10671,0,0,0,,
Hanover MHP,Device 2049961738,10706,0,0,0,,
Hanover MHP,Device 2049932044,10671,2,1,0,4,-110.0
Hanover MHP,Device 2049963668,,0,0,0,,
Tuttle Estates MHC-Cust,Device 75368918,17037,7,6,0,7,-102.0
Tuttle Estates MHC-Cust,Device 72724398,17037,7,6,0,0,-99.0
Tuttle Estates MHC-Cust,Device 72713854,16130,6,5,0,7,-102.0
Tuttle Estates MHC-Cust,Device 75370765,17037,6,6,0,6,-107.0
Tuttle Estates MHC-Cust,Device 72719679,17037,7,6,0,0,-107.0
Tuttle Estates MHC-Cust,Device 72722301,17037,7,6,0,7,-104.0
Tuttle Estates MHC-Cust,Device 75363331,16130,7,6,0,7,-121.0
Tuttle Estates MHC-Cust,Device 75370500,16130,7,6,0,7,-90.0
Tuttle Estates MHC-Cust,Device 72714936,17037,7,6,0,0,-102.0
Tuttle Estates MHC-Cust,Device 75371037,16130,5,5,0,4,-105.0
Tuttle Estates MHC-Cust,Device 72720594,16130,7,6,0,6,-102.0
Tuttle Estates MHC-Cust,Device 72717772,17037,7,6,0,6,-106.0
Tuttle Estates MHC-Cust,Device 72723994,17037,7,7,0,3,-113.0
Tuttle Estates MHC-Cust,Device bc2a327870,,0,0,0,,
J&L MHP,Device 75366193,17037,10,8,1,7,-84.0
J&L MHP,Device 79460737,17037,13,10,2,7,-78.0
J&L MHP,Device 79462808,17037,9,7,1,7,-82.0
J&L MHP,Device 79460950,17037,10,8,1,7,-87.0
J&L MHP,Device 75365948,17037,10,8,1,6,-85.0
J&L MHP,Device 75361061,17037,10,8,1,1,-87.0
Hillview MHC,Device 79466395,17037,7,6,0,7,-125.0
Hillview MHC,Device 72719331,17040,7,7,0,0,-88.0
Hillview MHC,Device 75361681,17037,8,7,0,7,-105.0
Hillview MHC,Device 72724273,17037,7,6,0,6,-115.0
Hillview MHC,Device 72722962,17037,5,6,0,5,-118.0
Hillview MHC,Device 72723895,16185,7,6,0,6,-112.0
Hillview MHC,Device 72383647,17037,9,8,0,7,-91.0
Hillview MHC,Device 72716121,17037,10,9,0,6,-120.0
Hillview MHC,Device 72720016,16131,6,6,0,1,-104.0
Hillview MHC,Device 72722020,16131,7,6,0,7,-104.0
Hillview MHC,Device 72714019,17037,6,5,0,4,-110.0
Hillview MHC,Device 72719646,16131,7,6,0,0,-105.0
Hillview MHC,Device 72714522,16185,7,5,1,4,-126.0
Hillview MHC,Device 72716469,16185,7,6,0,6,-94.0
Hillview MHC,Device 72722228,16131,5,4,0,6,-102.0
Hillview MHC,Device 72722368,16131,7,6,0,6,-109.0
Hillview MHC,Device 72716543,17040,6,6,0,0,-110.0
Hillview MHC,Device 72722517,16185,7,6,0,1,-108.0
Hillview MHC,Device 70271877,17037,7,6,0,7,-109.0
Hillview MHC,Device 72721592,,0,0,0,,
Hillview MHC,Device 72722699,16185,7,6,0,6,-112.0
Hillview MHC,Device 72723010,17040,5,3,1,0,-104.0
Hillview MHC,Device 72724349,17037,7,6,0,7,-102.0
Hillview MHC,Device 72722434,17037,8,7,0,7,-111.0
Hillview MHC,Device 72720206,16185,7,6,0,7,-102.0
Hillview MHC,Device 72720313,16131,6,6,0,6,-111.0
Hillview MHC,Device 72715792,16131,5,5,0,7,-100.0
Hillview MHC,Device 72721477,16185,7,6,0,7,-107.0
Hillview MHC,Device 72724513,16185,6,6,0,0,-119.0
Hillview MHC,Device 70271919,17037,7,6,0,2,-93.0
Hillview MHC,Device 72715909,16185,7,6,0,6,-108.0
Hillview MHC,Device 72724505,16131,7,6,0,7,-106.0
Hillview MHC,Device 72714068,,0,0,0,,
Hillview MHC,Device 72721873,16131,6,6,0,7,-111.0
Hillview MHC,Device 72722848,17037,10,9,0,7,-91.0
Rancho MHC,Device 2068608353,10671,0,0,0,,
Rancho MHC,Device 2068605037,10671,0,0,0,,
Rancho MHC,Device 2068614609,10671,3,2,0,4,-90.0
Rancho MHC,Device 2068608338,13706,7,6,0,0,-70.0
Rancho MHC,Device 2068588548,10706,0,0,0,,
Rancho MHC,Device 2068602356,10693,0,0,0,,
Rancho MHC,Device 2068608452,10693,18,17,0,7,-93.0
Rancho MHC,Device 2068597358,13706,7,6,0,0,-99.0
Rancho MHC,Device 2068599560,10706,0,0,0,,
Rancho MHC,Device 2068618790,10706,0,0,0,,
Rancho MHC,Device 2068606217,10671,2,1,0,4,-89.0
Rancho MHC,Device 2068602315,,0,0,0,,
Rancho MHC,Device 2068597606,10693,2,1,0,4,-90.0
Rancho MHC,Device 2068614443,10693,3,2,0,6,-93.0
Rancho MHC,Device 2068607462,10671,0,0,0,,
Rancho MHC,Device 2068604949,10693,0,0,0,,
Rancho MHC,Device 2068605524,10693,0,0,0,,
Rancho MHC,Device 2068597689,10706,0,0,0,,
Put In Bay Condos-CUST,Device 79454722,16131,7,6,0,7,-114.0
Put In Bay Condos-CUST,Device 79465918,16185,8,8,0,7,-115.0
Estancia MHP-CUST,Device 79465934,,0,0,0,,
Estancia MHP-CUST,Device 79462782,,0,0,0,,
Estancia MHP-CUST,Device 75360287,16185,7,6,0,7,-99.0
Estancia MHP-CUST,Device 72723945,16185,5,6,0,3,-103.0
Estancia MHP-CUST,Device 75361889,15147,5,5,0,7,-92.0
Estancia MHP-CUST,Device 75368546,15147,5,5,0,6,-100.0
Estancia MHP-CUST,Device 75372613,16185,7,6,0,7,-96.0
Estancia MHP-CUST,Device 75361467,15147,4,4,0,0,-104.0
Estancia MHP-CUST,Device 72713839,16022,7,6,0,7,-114.0
Estancia MHP-CUST,Device 75368355,15147,4,6,0,7,-102.0
Estancia MHP-CUST,Device 75372167,17037,7,6,0,0,-102.0
Estancia MHP-CUST,Device 75366490,15147,6,5,0,7,-113.0
Estancia MHP-CUST,Device 75372712,15147,7,6,0,7,-111.0
Estancia MHP-CUST,Device 75374684,15147,6,6,0,7,-110.0
Estancia MHP-CUST,Device 72723655,15147,4,5,0,7,-109.0
Estancia MHP-CUST,Device 75368330,17037,7,6,0,3,-94.0
Estancia MHP-CUST,Device 75370724,15147,6,5,0,7,-96.0
Estancia MHP-CUST,Device 75373900,16185,9,9,0,6,-104.0
Estancia MHP-CUST,Device 75373330,,0,0,0,,
Estancia MHP-CUST,Device 72714829,16185,7,6,0,7,-95.0
Estancia MHP-CUST,Device 75368041,17037,7,6,0,7,-106.0
Estancia MHP-CUST,Device 75373249,15147,7,6,0,0,-119.0
Estancia MHP-CUST,Device 75373546,17040,8,9,0,0,-98.0
Estancia MHP-CUST,Device 72713771,15147,6,6,0,5,-101.0
Estancia MHP-CUST,Device 75366847,17037,2,1,0,1,-105.0
Estancia MHP-CUST,Device 75373314,17037,3,1,1,0,-112.0
Estancia MHP-CUST,Device 75372381,15147,6,5,0,6,-105.0
Estancia MHP-CUST,Device 75373777,15147,7,6,0,7,-112.0
Estancia MHP-CUST,Device 72724117,15147,6,5,0,6,-97.0
Estancia MHP-CUST,Device 75373165,16128,6,5,0,2,-104.0
Estancia MHP-CUST,Device 75364636,15147,5,5,0,6,-108.0
Estancia MHP-CUST,Device 72717418,15147,4,4,0,6,-93.0
Estancia MHP-CUST,Device 75360436,15147,7,7,0,7,-98.0
Estancia MHP-CUST,Device 75374502,17037,10,9,0,3,-102.0
Estancia MHP-CUST,Device 75373926,15147,7,6,0,7,-95.0
Estancia MHP-CUST,Device 75366797,15147,4,5,0,6,-96.0
Estancia MHP-CUST,Device 75372514,15147,7,6,0,7,-91.0
Estancia MHP-CUST,Device 75372431,15147,7,6,0,7,-106.0
Estancia MHP-CUST,Device 75372571,15147,6,5,0,6,-113.0
Estancia MHP-CUST,Device 75373322,15147,5,5,0,6,-100.0
Estancia MHP-CUST,Device 75373785,15147,7,6,0,7,-105.0
Estancia MHP-CUST,Device 75373355,15147,5,6,0,4,-118.0
Estancia MHP-CUST,Device 72714415,17037,11,10,0,6,-112.0
Estancia MHP-CUST,Device 75372209,15147,7,7,0,7,-90.0
Estancia MHP-CUST,Device 75363398,16185,19,24,0,4,-120.0
Estancia MHP-CUST,Device 75365161,15147,6,5,0,7,-117.0
Estancia MHP-CUST,Device 75370138,15147,5,5,0,7,-96.0
Estancia MHP-CUST,Device 72715784,17037,5,5,0,6,-102.0
Estancia MHP-CUST,Device 72719364,15147,8,7,0,6,-105.0
Estancia MHP-CUST,Device 75369908,,0,0,0,,
Estancia MHP-CUST,Device 75361228,15147,5,6,0,7,-116.0
Estancia MHP-CUST,Device 75374049,15147,9,8,0,7,-111.0
Estancia MHP-CUST,Device 75372027,15147,7,6,0,7,-105.0
Estancia MHP-CUST,Device 75374767,15147,6,6,0,7,-110.0
Estancia MHP-CUST,Device 75371581,15147,4,3,0,0,-112.0
Estancia MHP-CUST,Device 75362879,15147,9,8,0,7,-106.0
Estancia MHP-CUST,Device 75373363,17040,6,6,0,0,-103.0
Estancia MHP-CUST,Device 75367951,15147,7,6,0,7,-93.0
Estancia MHP-CUST,Device 72724307,17040,5,6,0,0,-98.0
Estancia MHP-CUST,Device 75373884,16128,7,6,0,0,-99.0
Estancia MHP-CUST,Device 75365229,16022,7,7,0,7,-107.0
Estancia MHP-CUST,Device 75374692,15147,7,6,0,7,-104.0
Estancia MHP-CUST,Device 75374486,16185,4,5,0,0,-100.0
Estancia MHP-CUST,Device 75363802,15147,6,5,0,6,-104.0
Estancia MHP-CUST,Device 75373587,,0,0,0,,
Estancia MHP-CUST,Device 75374056,16185,6,6,0,5,-109.0
Estancia MHP-CUST,Device 72724026,,0,0,0,,
Estancia MHP-CUST,Device 72724166,15147,3,4,0,1,-104.0
Estancia MHP-CUST,Device 75374189,15147,7,6,0,5,-106.0
Estancia MHP-CUST,Device 75370716,15147,2,4,0,0,-124.0
Estancia MHP-CUST,Device 75367001,,0,0,0,,
Estancia MHP-CUST,Device 75360923,15147,3,6,0,1,-117.0
Estancia MHP-CUST,Device 75364032,15147,7,6,0,7,-105.0
Estancia MHP-CUST,Device 72723457,16185,7,6,0,6,-95.0
Estancia MHP-CUST,Device 75370302,16128,6,5,0,0,-110.0
Estancia MHP-CUST,Device 72723556,15147,4,6,0,0,-118.0
Estancia MHP-CUST,Device 72724125,15147,7,6,0,7,-103.0
Estancia MHP-CUST,Device 72720750,15147,7,6,0,6,-114.0
Estancia MHP-CUST,Device 72722996,17037,7,6,0,7,-109.0
Estancia MHP-CUST,Device 75361491,15147,3,3,0,3,-103.0
Estancia MHP-CUST,Device 72719422,16022,7,6,0,7,-115.0
Estancia MHP-CUST,Device 72724265,15147,7,6,0,7,-105.0
Estancia MHP-CUST,Device 72724000,15147,7,6,0,6,-98.0
Estancia MHP-CUST,Device 72719398,15147,5,5,0,6,-96.0
Estancia MHP-CUST,Device 75361541,16185,7,6,0,1,-102.0
Estancia MHP-CUST,Device 75364230,,0,0,0,,
Estancia MHP-CUST,Device 72722806,15147,6,6,0,0,-93.0
Estancia MHP-CUST,Device 75364198,15147,5,5,0,7,-101.0
Estancia MHP-CUST,Device 72724109,15147,7,6,0,7,-96.0
Estancia MHP-CUST,Device 75366664,15147,17,20,0,6,-118.0
Estancia MHP-CUST,Device 75361350,16185,4,5,0,5,-99.0
Estancia MHP-CUST,Device 72715883,15147,6,6,0,7,-107.0
Estancia MHP-CUST,Device 72722350,,0,0,0,,
Estancia MHP-CUST,Device 72717202,15147,7,6,0,6,-110.0
Estancia MHP-CUST,Device 70267891,15147,7,6,0,7,-107.0
Estancia MHP-CUST,Device 70272396,15147,7,6,0,0,-106.0
Estancia MHP-CUST,Device 72722236,17037,18,17,0,7,-98.0
Estancia MHP-CUST,Device 72722905,16185,7,6,0,1,-102.0
Estancia MHP-CUST,Device 72721741,16185,7,6,0,1,-101.0
Estancia MHP-CUST,Device 77054809,,0,0,0,,
Estancia MHP-CUST,Device 70259849,15147,7,6,0,7,-92.0
Estancia MHP-CUST,Device 70261423,15147,6,5,0,7,-104.0
Estancia MHP-CUST,Device 70268006,,0,0,0,,
Estancia MHP-CUST,Device 70260383,16185,7,6,0,7,-91.0
Estancia MHP-CUST,Device 70267115,15147,7,6,0,3,-109.0
Estancia MHP-CUST,Device 70261845,15147,7,6,0,7,-108.0
Estancia MHP-CUST,Device 70265093,15147,7,6,0,7,-104.0
Estancia MHP-CUST,Device 70258734,15147,7,6,0,7,-102.0
Estancia MHP-CUST,Device 70264898,16185,7,6,0,7,-109.0
Estancia MHP-CUST,Device 70261886,15147,7,6,0,7,-102.0
Estancia MHP-CUST,Device 70265291,15147,7,6,0,7,-96.0
Estancia MHP-CUST,Device 70272008,15147,7,6,0,7,-98.0
Estancia MHP-CUST,Device 77059303,15147,7,6,0,7,-100.0
Estancia MHP-CUST,Device 70265473,15147,7,6,0,7,-95.0
Estancia MHP-CUST,Device 70263395,15147,7,6,0,7,-113.0
Estancia MHP-CUST,Device 70270580,16185,7,6,0,0,-108.0
Estancia MHP-CUST,Device 70264724,16185,7,6,0,0,-106.0
Estancia MHP-CUST,Device 70267974,15147,7,6,0,7,-105.0
Estancia MHP-CUST,Device 77053306,,0,0,0,,
Estancia MHP-CUST,Device 77041772,15147,7,6,0,7,-100.0
Estancia MHP-CUST,Device 77055566,16185,13,13,0,7,-103.0
Estancia MHP-CUST,Device 77054007,15147,8,7,0,7,-90.0
Estancia MHP-CUST,Device 77042069,,0,0,0,,
Estancia MHP-CUST,Device 77060194,15147,7,6,0,4,-106.0
Estancia MHP-CUST,Device 65822846,15147,7,6,0,7,-101.0
Estancia MHP-CUST,Device 65824347,15147,7,6,0,7,-103.0
Estancia MHP-CUST,Device 65824040,15147,7,6,0,1,-108.0
Estancia MHP-CUST,Device 65825559,15147,7,6,0,2,-105.0
Estancia MHP-CUST,Device 65825807,15147,8,7,0,6,-108.0
Estancia MHP-CUST,Device 65827688,15147,8,7,0,7,-94.0
Estancia MHP-CUST,Device 65823075,15147,29,35,0,7,-101.0
Estancia MHP-CUST,Device 65825898,15147,7,6,0,7,-107.0
Estancia MHP-CUST,Device 65824172,15147,7,6,0,7,-99.0
Estancia MHP-CUST,Device 65830138,15147,14,16,0,7,-110.0
Estancia MHP-CUST,Device 65830567,16185,8,7,0,7,-96.0
Estancia MHP-CUST,Device 65824511,16128,7,6,0,7,-99.0
Estancia MHP-CUST,Device 65828843,17040,7,6,0,7,-105.0
Estancia MHP-CUST,Device 65829767,,0,0,0,,
Estancia MHP-CUST,Device 65830161,15147,7,6,0,7,-108.0
Estancia MHP-CUST,Device 65827209,15147,7,6,0,7,-100.0
Estancia MHP-CUST,Device 65830484,15147,7,6,0,7,-99.0
Estancia MHP-CUST,Device 65829981,16128,7,6,0,7,-92.0
Estancia MHP-CUST,Device 68618634,16185,7,6,0,7,-105.0
Estancia MHP-CUST,Device 65824768,15147,7,6,0,7,-93.0
Estancia MHP-CUST,Device 65830666,16185,7,6,0,7,-98.0
Estancia MHP-CUST,Device 65822556,15147,7,6,0,7,-108.0
Estancia MHP-CUST,Device 65830757,16022,7,6,0,7,-101.0
Estancia MHP-CUST,Device 65828108,,0,0,0,,
Estancia MHP-CUST,Device 65828199,16128,7,6,0,7,-95.0
Estancia MHP-CUST,Device 65825955,15147,9,8,0,7,-99.0
Estancia MHP-CUST,Device 65822010,15147,7,6,0,7,-107.0
Estancia MHP-CUST,Device 65831920,15147,7,6,0,7,-109.0
Estancia MHP-CUST,Device 65821970,15147,8,7,0,7,-104.0
Estancia MHP-CUST,Device 65823794,,0,0,0,,
Estancia MHP-CUST,Device 65822036,16022,7,6,0,7,-93.0
Estancia MHP-CUST,Device 65827233,15147,7,6,0,7,-100.0
Estancia MHP-CUST,Device 65823125,15147,7,6,0,7,-101.0
Estancia MHP-CUST,Device 65826342,15147,7,6,0,7,-98.0
Estancia MHP-CUST,Device 65829510,16128,7,6,0,7,-105.0
Estancia MHP-CUST,Device 65827001,15147,14,14,0,6,-107.0
Estancia MHP-CUST,Device 65824123,,0,0,0,,
Estancia MHP-CUST,Device 65826706,15147,7,6,0,7,-106.0
Estancia MHP-CUST,Device 65822978,,0,0,0,,
Estancia MHP-CUST,Device 65828249,15147,7,6,0,7,-104.0
Estancia MHP-CUST,Device 65831938,15147,7,6,0,7,-110.0
Estancia MHP-CUST,Device 65825047,16185,8,7,0,7,-109.0
Estancia MHP-CUST,Device 65827761,16185,8,7,0,7,-102.0
Estancia MHP-CUST,Device 65828389,,0,0,0,,
Whispering Pines Mobile Estates-CUST,Device 72381302,362,12,13,0,7,-103.0
Whispering Pines Mobile Estates-CUST,Device 72391293,362,8,13,0,7,-106.0
Whispering Pines Mobile Estates-CUST,Device 72387127,362,11,12,0,7,-90.0
Whispering Pines Mobile Estates-CUST,Device 72391152,,0,0,0,,
Whispering Pines Mobile Estates-CUST,Device 72391467,362,10,14,0,7,-108.0
Whispering Pines Mobile Estates-CUST,Device 72381815,362,12,13,0,7,-91.0
Whispering Pines Mobile Estates-CUST,Device 72379595,362,11,13,0,7,-108.0
Whispering Pines Mobile Estates-CUST,Device 72381336,362,9,13,0,7,-108.0
Whispering Pines Mobile Estates-CUST,Device 70266406,362,13,13,0,7,-108.0
Whispering Pines Mobile Estates-CUST,Device 72381831,362,11,13,0,7,-102.0
Whispering Pines Mobile Estates-CUST,Device 70263429,362,11,13,0,7,-104.0
Whispering Pines Mobile Estates-CUST,Device 70260565,16131,7,6,0,7,-108.0
Whispering Pines Mobile Estates-CUST,Device 70263502,362,9,13,0,7,-90.0
Whispering Pines Mobile Estates-CUST,Device 72391277,362,11,13,0,7,-93.0
Whispering Pines Mobile Estates-CUST,Device 72378647,362,10,13,0,7,-106.0
Whispering Pines Mobile Estates-CUST,Device 70273105,362,7,13,0,0,-96.0
Whispering Pines Mobile Estates-CUST,Device 72381682,16131,8,7,0,7,-104.0
Whispering Pines Mobile Estates-CUST,Device 72378977,16131,7,6,0,7,-93.0
Whispering Pines Mobile Estates-CUST,Device 72378936,362,8,12,0,7,-92.0
Whispering Pines Mobile Estates-CUST,Device 72391095,362,12,13,0,7,-98.0
Whispering Pines Mobile Estates-CUST,Device 72378944,362,12,13,0,7,-100.0
Whispering Pines Mobile Estates-CUST,Device 72391491,362,10,11,0,7,-97.0
Whispering Pines Mobile Estates-CUST,Device 70268956,16022,7,6,0,7,-101.0
Whispering Pines Mobile Estates-CUST,Device 72384736,362,8,13,0,7,-97.0
Whispering Pines Mobile Estates-CUST,Device 70270382,17040,21,20,0,7,-103.0
Whispering Pines Mobile Estates-CUST,Device 70265572,362,13,13,0,7,-100.0
Whispering Pines Mobile Estates-CUST,Device 70262918,362,12,13,0,7,-109.0
Whispering Pines Mobile Estates-CUST,Device 72383829,17040,7,6,0,0,-105.0
Whispering Pines Mobile Estates-CUST,Device 70272776,362,14,13,0,7,-98.0
Whispering Pines Mobile Estates-CUST,Device 70265671,16131,7,6,0,7,-83.0
Whispering Pines Mobile Estates-CUST,Device 70263510,362,14,13,0,7,-101.0
Whispering Pines Mobile Estates-CUST,Device 72391616,16185,7,6,0,7,-94.0
Whispering Pines Mobile Estates-CUST,Device 72381187,362,11,13,0,7,-90.0
Whispering Pines Mobile Estates-CUST,Device 72381674,362,8,13,0,7,-85.0
Whispering Pines Mobile Estates-CUST,Device 72379470,362,10,13,0,7,-86.0
Whispering Pines Mobile Estates-CUST,Device 70263916,362,10,13,0,7,-95.0
Whispering Pines Mobile Estates-CUST,Device 72388588,,0,0,0,,
Whispering Pines Mobile Estates-CUST,Device 70263205,362,10,12,0,6,-98.0
Whispering Pines Mobile Estates-CUST,Device 70261035,362,13,13,0,7,-105.0
Whispering Pines Mobile Estates-CUST,Device 70263437,16022,7,6,0,7,-71.0
Whispering Pines Mobile Estates-CUST,Device 70264252,362,12,14,0,7,-78.0
Whispering Pines Mobile Estates-CUST,Device 72378886,16131,6,5,0,0,-87.0
Whispering Pines Mobile Estates-CUST,Device 70259237,362,10,13,0,7,-85.0
Whispering Pines Mobile Estates-CUST,Device 70265515,362,9,13,0,7,-95.0
Whispering Pines Mobile Estates-CUST,Device 72391566,362,11,13,0,7,-74.0
Whispering Pines Mobile Estates-CUST,Device 72392085,362,11,13,0,7,-86.0
Whispering Pines Mobile Estates-CUST,Device 72379116,362,11,13,0,7,-92.0
Whispering Pines Mobile Estates-CUST,Device 72381823,362,9,12,0,6,-88.0
Whispering Pines Mobile Estates-CUST,Device 72378928,362,8,13,0,7,-78.0
Whispering Pines Mobile Estates-CUST,Device 70262355,16185,7,6,0,6,-87.0
Whispering Pines Mobile Estates-CUST,Device 72378753,,0,0,0,,
Whispering Pines Mobile Estates-CUST,Device 70273113,362,9,13,0,7,-93.0
Whispering Pines Mobile Estates-CUST,Device 70267453,362,9,13,0,7,-88.0
Whispering Pines Mobile Estates-CUST,Device 72391442,,0,0,0,,
Whispering Pines Mobile Estates-CUST,Device 72387358,362,11,13,0,7,-100.0
Whispering Pines Mobile Estates-CUST,Device 72383738,16131,7,6,0,7,-106.0
Whispering Pines Mobile Estates-CUST,Device 72381377,362,13,13,0,7,-82.0
Whispering Pines Mobile Estates-CUST,Device 70268709,362,9,13,0,7,-99.0
Whispering Pines Mobile Estates-CUST,Device 70273576,16022,10,9,0,7,-108.0
Whispering Pines Mobile Estates-CUST,Device 72379157,362,8,13,0,7,-86.0
Whispering Pines Mobile Estates-CUST,Device 72380627,362,11,13,0,7,-75.0
Whispering Pines Mobile Estates-CUST,Device 70260540,16131,6,5,0,6,-88.0
Whispering Pines Mobile Estates-CUST,Device 70259229,362,14,13,0,7,-80.0
Whispering Pines Mobile Estates-CUST,Device 70265606,16185,8,7,0,7,-81.0
Whispering Pines Mobile Estates-CUST,Device 70262306,16185,18,44,0,2,-85.0
Whispering Pines Mobile Estates-CUST,Device 70272362,362,7,13,0,1,-80.0
Whispering Pines Mobile Estates-CUST,Device 70265622,16185,7,6,0,7,-81.0
Whispering Pines Mobile Estates-CUST,Device 70272909,,0,0,0,,
Whispering Pines Mobile Estates-CUST,Device 72391400,362,13,12,0,7,-89.0
Whispering Pines Mobile Estates-CUST,Device 72380015,16131,7,6,0,7,-112.0
Whispering Pines Mobile Estates-CUST,Device 70262116,362,12,13,0,7,-102.0
Whispering Pines Mobile Estates-CUST,Device 72392036,,0,0,0,,
Whispering Pines Mobile Estates-CUST,Device 70263585,362,7,13,0,7,-106.0
Whispering Pines Mobile Estates-CUST,Device 70262447,17037,8,7,0,4,-97.0
Whispering Pines Mobile Estates-CUST,Device 70270200,16022,7,6,0,4,-94.0
Whispering Pines Mobile Estates-CUST,Device 70262165,16131,7,6,0,7,-87.0
Whispering Pines Mobile Estates-CUST,Device 72385766,362,10,13,0,7,-112.0
Whispering Pines Mobile Estates-CUST,Device 72384470,362,8,12,0,7,-109.0
Whispering Pines Mobile Estates-CUST,Device 72388166,362,13,14,0,7,-101.0
Whispering Pines Mobile Estates-CUST,Device 72383068,362,9,12,0,3,-98.0
Whispering Pines Mobile Estates-CUST,Device 72386848,362,9,13,0,7,-105.0
Whispering Pines Mobile Estates-CUST,Device 72385121,362,10,13,0,7,-107.0
Whispering Pines Mobile Estates-CUST,Device 72389305,16131,7,6,0,7,-107.0
Whispering Pines Mobile Estates-CUST,Device 72388273,362,10,13,0,7,-95.0
Whispering Pines Mobile Estates-CUST,Device 72389289,16022,7,6,0,5,-100.0
Whispering Pines Mobile Estates-CUST,Device 70268790,362,12,13,0,7,-104.0
Whispering Pines Mobile Estates-CUST,Device 72383464,17040,8,6,1,0,-96.0
Whispering Pines Mobile Estates-CUST,Device 72390766,362,11,13,0,7,-97.0
Whispering Pines Mobile Estates-CUST,Device 72391103,16185,2,2,0,0,-127.0
Whispering Pines Mobile Estates-CUST,Device 70261639,362,7,13,0,7,-109.0
Whispering Pines Mobile Estates-CUST,Device 77028795,362,9,13,0,7,-94.0
Whispering Pines Mobile Estates-CUST,Device 77052050,362,7,13,0,4,-84.0
Whispering Pines Mobile Estates-CUST,Device 65830278,362,10,13,0,7,-85.0
Whispering Pines Mobile Estates-CUST,Device 65827746,362,11,13,0,7,-100.0
Whispering Pines Mobile Estates-CUST,Device 68584554,362,10,13,0,7,-102.0
Whispering Pines Mobile Estates-CUST,Device 65823992,,0,0,0,,
Chickadee Lane MHC,Device 70266778,16185,9,8,0,6,-101.0
Chickadee Lane MHC,Device 70265531,16185,7,6,0,6,-87.0
Chickadee Lane MHC,Device 70265663,16185,7,6,0,7,-101.0
Chickadee Lane MHC,Device 72383092,16185,7,6,0,7,-89.0
Chickadee Lane MHC,Device 70267792,16185,6,6,0,5,-85.0
Chickadee Lane MHC,Device 70272966,16185,7,6,0,6,-94.0
Chickadee Lane MHC,Device 72380437,16185,7,6,0,6,-101.0
Chickadee Lane MHC,Device 72386905,16185,7,6,0,6,-104.0
Chickadee Lane MHC,Device 70263726,16185,7,6,0,7,-99.0
Chickadee Lane MHC,Device 72385113,17037,7,6,0,7,-91.0
Chickadee Lane MHC,Device 72388968,16185,7,6,0,2,-106.0
Chickadee Lane MHC,Device 72392739,16185,7,6,0,4,-91.0
Chickadee Lane MHC,Device 72386574,16185,8,7,0,7,-111.0
Chickadee Lane MHC,Device 72380742,16185,7,6,0,4,-111.0
Chickadee Lane MHC,Device 72388737,16185,6,6,0,5,-102.0
Chickadee Lane MHC,Device 72386509,16185,7,6,0,6,-103.0
Chickadee Lane MHC,Device 70263049,16185,7,6,0,2,-102.0
Chickadee Lane MHC,Device 72382854,16185,7,6,0,7,-85.0
Chickadee Lane MHC,Device 72384819,16185,7,6,0,7,-98.0
Chickadee Lane MHC,Device 72390444,16185,7,6,0,7,-102.0
Chickadee Lane MHC,Device 72386343,16185,6,5,0,6,-105.0
Chickadee Lane MHC,Device 72388604,16185,7,6,0,7,-103.0
Chickadee Lane MHC,Device 72385196,16185,7,6,0,3,-113.0
Chickadee Lane MHC,Device 72382961,16185,6,6,0,6,-99.0
Chickadee Lane MHC,Device 77029330,16185,7,6,0,7,-102.0
Chickadee Lane MHC,Device 77029595,16185,7,6,0,7,-108.0
Chickadee Lane MHC,Device 77061366,16185,7,6,0,7,-108.0
Chickadee Lane MHC,Device 77056994,,0,0,0,,
Chickadee Lane MHC,Device 77029041,16185,7,6,0,7,-100.0
Chickadee Lane MHC,Device 77052282,16185,9,8,0,7,-97.0
Chickadee Lane MHC,Device 65829288,16185,7,6,0,7,-101.0
Chickadee Lane MHC,Device 77028589,16185,7,6,0,7,-106.0
Chickadee Lane MHC,Device 77056333,17037,7,6,0,7,-118.0
Chickadee Lane MHC,Device 77054353,16185,7,6,0,7,-97.0
Chickadee Lane MHC,Device 77058073,16185,7,6,0,7,-87.0
Chickadee Lane MHC,Device 77052167,17037,33,33,0,0,-118.0
Chickadee Lane MHC,Device 77055871,16185,7,6,0,7,-96.0
Chickadee Lane MHC,Device 77028548,16185,7,6,0,1,-109.0
Chickadee Lane MHC,Device 77055467,16131,7,6,0,7,-115.0
Chickadee Lane MHC,Device 77029371,,0,0,0,,
Chickadee Lane MHC,Device 77041327,16185,7,6,0,7,-109.0
Chickadee Lane MHC,Device 77059220,16185,7,6,0,7,-107.0
Chickadee Lane MHC,Device 65831961,16185,7,6,0,0,-91.0
Chickadee Lane MHC,Device 2068608726,10693,2,1,0,6,-105.0
Chickadee Lane MHC,Device 2068608791,10693,2,1,0,6,-95.0
Chickadee Lane MHC,Device 2068607025,10693,2,1,0,4,-99.0
Chickadee Lane MHC,Device 2068599743,10693,3,2,0,6,-91.0
Chickadee Lane MHC,Device 2068605581,10693,3,2,0,6,-95.0
Chickadee Lane MHC,Device 2068607710,10693,2,1,0,2,-87.0
Chickadee Lane MHC,Device 2068586377,10693,2,1,0,6,-96.0
Chickadee Lane MHC,Device 2068592847,10693,5,4,0,6,-90.0
Chickadee Lane MHC,Device 2068602505,10693,2,1,0,6,-89.0
Chickadee Lane MHC,Device 2068607363,10693,2,1,0,0,-107.0
Chickadee Lane MHC,Device 2068607603,10693,2,1,0,0,-124.0
Chickadee Lane MHC,Device 2068602364,10693,2,1,0,6,-95.0
Chickadee Lane MHC,Device 2068604865,10693,2,1,0,6,-100.0
Chickadee Lane MHC,Device 2068584810,10693,2,1,0,6,-94.0
Chickadee Lane MHC,Device 2068604154,10693,2,1,0,6,-93.0
Chickadee Lane MHC,Device 2068604055,10693,2,1,0,6,-95.0
Chickadee Lane MHC,Device 2068606639,10693,2,1,0,6,-93.0
Chickadee Lane MHC,Device 2068583986,10693,2,1,0,6,-97.0
Chickadee Lane MHC,Device 2068614583,10693,2,1,0,6,-90.0
Chickadee Lane MHC,Device 2068608544,10693,2,1,0,6,-92.0
Chickadee Lane MHC,Device 2068607538,10693,2,1,0,6,-100.0
Chickadee Lane MHC,Device 2068614641,,0,0,0,,
Chickadee Lane MHC,Device 2068584778,10706,2,1,0,6,-102.0
Chickadee Lane MHC,Device 2068593118,10693,2,1,0,6,-105.0
Chickadee Lane MHC,Device 2068575966,10693,2,1,0,6,-110.0
Chickadee Lane MHC,Device 2068607926,10693,2,1,0,6,-109.0
Chickadee Lane MHC,Device 2068607637,10693,2,1,0,6,-99.0
Chickadee Lane MHC,Device 2068587870,10693,3,3,0,0,-94.0
Chickadee Lane MHC,Device 2068605748,10693,2,1,0,6,-101.0
Chickadee Lane MHC,Device 2068606357,10693,2,1,0,6,-105.0
Chickadee Lane MHC,Device 2068600558,10693,2,1,0,6,-96.0
Chickadee Lane MHC,Device 2068605375,10693,3,2,0,6,-98.0
Chickadee Lane MHC,Device 2068607298,10693,2,1,0,6,-98.0
Chickadee Lane MHC,Device 2068602513,10693,2,1,0,6,-85.0
Chickadee Lane MHC,Device 2068602828,10693,2,1,0,6,-98.0
Chickadee Lane MHC,Device 2068603917,10693,2,1,0,6,-98.0
Chickadee Lane MHC,Device 2068584992,10693,0,0,0,,
Chickadee Lane MHC,Device 2068588787,10693,2,1,0,6,-99.0
Chickadee Lane MHC,Device 2068606365,10693,2,1,0,6,-95.0
Chickadee Lane MHC,Device 2068614757,10693,2,1,0,6,-90.0
Chickadee Lane MHC,Device 2068605573,10693,3,2,0,6,-100.0
Chickadee Lane MHC,Device 2068574696,10693,4,3,0,6,-98.0
Chickadee Lane MHC,Device 2068605276,10693,0,0,0,,
Chickadee Lane MHC,Device 2068614799,10693,4,3,0,6,-93.0
Chickadee Lane MHC,Device 2068605417,10693,2,1,0,6,-99.0
Chickadee Lane MHC,Device 2068602497,10693,4,3,0,6,-97.0
Chickadee Lane MHC,Device 2068588662,10693,2,1,0,6,-106.0
John Alexander-CUST,Device 70263080,17037,2,2,0,2,-118.0
Country Edge MHC,Device 75365245,362,13,14,0,7,-99.0
Country Edge MHC,Device 75371664,362,11,14,0,7,-97.0
Country Edge MHC,Device 75362143,16131,7,6,0,7,-104.0
Country Edge MHC,Device 72723960,362,10,13,0,7,-101.0
Country Edge MHC,Device 72723358,362,9,13,0,7,-100.0
Country Edge MHC,Device 75360618,362,8,13,0,6,-89.0
Country Edge MHC,Device 72723101,362,8,11,0,6,-96.0
Country Edge MHC,Device 75371466,,0,0,0,,
Country Edge MHC,Device 75362325,362,13,13,0,7,-91.0
Country Edge MHC,Device 75360576,362,10,13,0,7,-90.0
Country Edge MHC,Device 72723408,16131,7,6,0,7,-93.0
Country Edge MHC,Device 75363778,362,9,13,0,7,-85.0
Country Edge MHC,Device 75373603,,0,0,0,,
Country Edge MHC,Device 2068614559,10706,3,2,0,0,-94.0
Country Edge MHC,Device 2068604097,10671,0,0,0,,
Country Edge MHC,Device 2068597192,10693,0,0,0,,
Country Edge MHC,Device 2068584885,10706,0,0,0,,
Country Edge MHC,Device 2068608205,10671,0,0,0,,
Carolina Springs MHP,Device 72381690,,0,0,0,,
Carolina Springs MHP,Device 72391475,363,12,13,0,7,-115.0
Carolina Springs MHP,Device 72378803,,0,0,0,,
Carolina Springs MHP,Device 70263452,,0,0,0,,
Carolina Springs MHP,Device 72379561,,0,0,0,,
Carolina Springs MHP,Device 70272891,,0,0,0,,
Carolina Springs MHP,Device 70260227,,0,0,0,,
Carolina Springs MHP,Device 72388042,16185,7,6,0,0,-108.0
Carolina Springs MHP,Device 70262330,,0,0,0,,
Carolina Springs MHP,Device 70272594,,0,0,0,,
Carolina Springs MHP,Device 70262140,,0,0,0,,
Carolina Springs MHP,Device 70272529,,0,0,0,,
Carolina Springs MHP,Device 72383183,,0,0,0,,
Carolina Springs MHP,Device 72378514,,0,0,0,,
Carolina Springs MHP,Device 72388679,,0,0,0,,
Carolina Springs MHP,Device 72388620,,0,0,0,,
Carolina Springs MHP,Device 72385410,,0,0,0,,
Carolina Springs MHP,Device 65824529,,0,0,0,,
Lakeview MHC-CUST,Device 79462717,16185,13,12,0,7,-73.0
Lakeview MHC-CUST,Device 75363034,16185,7,6,0,7,-77.0
Lakeview MHC-CUST,Device 75367563,16185,7,6,0,2,-88.0
Lakeview MHC-CUST,Device 75367837,362,11,14,0,7,-77.0
Lakeview MHC-CUST,Device 75367985,362,10,13,0,7,-80.0
Lakeview MHC-CUST,Device 75364297,362,7,13,0,6,-99.0
Lakeview MHC-CUST,Device 79467062,362,11,11,0,7,-81.0
Lakeview MHC-CUST,Device 75361012,362,12,14,0,7,-75.0
Lakeview MHC-CUST,Device 79455117,362,7,13,0,7,-87.0
Lakeview MHC-CUST,Device 75369148,362,7,13,0,6,-80.0
Lakeview MHC-CUST,Device 79460471,17037,7,6,0,7,-85.0
Lakeview MHC-CUST,Device 79466544,16185,7,6,0,7,-75.0
Lakeview MHC-CUST,Device 79453781,17037,7,6,0,7,-79.0
Lakeview MHC-CUST,Device 79461487,17037,7,6,0,7,-93.0
Lakeview MHC-CUST,Device 75363364,16185,6,6,0,5,-62.0
Lakeview MHC-CUST,Device 75374361,16185,7,7,0,6,-73.0
Lakeview MHC-CUST,Device 70262074,,0,0,0,,
Lakeview MHC-CUST,Device 70267644,16185,7,6,0,7,-81.0
Lakeview MHC-CUST,Device 77052142,16131,7,6,0,7,-80.0
Lakeview MHC-CUST,Device 65824446,362,9,13,0,7,-103.0
Lakeview MHC-CUST,Device 77041947,362,10,13,0,7,-85.0
Lakeview MHC-CUST,Device 65825419,362,7,13,0,5,-85.0
Lakeview MHC-CUST,Device 77053231,362,9,13,0,7,-88.0
Lakeview MHC-CUST,Device 65829353,362,13,13,0,7,-69.0
Lakeview MHC-CUST,Device 65831102,,0,0,0,,
Lakeview MHC-CUST,Device 65830930,16185,7,6,0,7,-94.0
Lakeview MHC-CUST,Device 65830229,362,0,0,0,,
Lakeview MHC-CUST,Device 65822424,362,10,13,0,7,-81.0
Parkway MHC-Cust,Device 75367928,17040,7,6,0,7,-100.0
Parkway MHC-Cust,Device 75360667,17040,7,6,0,7,-100.0
Parkway MHC-Cust,Device 75361038,16130,7,6,0,7,-115.0
Parkway MHC-Cust,Device 75367332,,0,0,0,,
Parkway MHC-Cust,Device 72387226,16022,6,6,0,7,-99.0
Parkway MHC-Cust,Device 72380403,16022,7,6,0,5,-90.0
Parkway MHC-Cust,Device 72383522,17040,7,6,0,7,-103.0
Parkway MHC-Cust,Device 72389982,16022,7,6,0,7,-97.0
Parkway MHC-Cust,Device 72388307,17040,7,6,0,7,-105.0
Parkway MHC-Cust,Device 72383290,17040,12,11,0,3,-104.0
Parkway MHC-Cust,Device 72390477,16022,7,6,0,7,-115.0
Parkway MHC-Cust,Device 72378761,17040,10,9,0,7,-99.0
Parkway MHC-Cust,Device 72392820,16022,7,6,0,2,-98.0
Parkway MHC-Cust,Device 70261092,16022,7,6,0,7,-110.0
Parkway MHC-Cust,Device 70262405,16022,7,6,0,7,-101.0
Parkway MHC-Cust,Device 77056960,16022,7,6,0,7,-114.0
Parkway MHC-Cust,Device 70264351,16022,7,6,0,2,-107.0
Parkway MHC-Cust,Device 70259401,16022,7,6,0,7,-96.0
Parkway MHC-Cust,Device 70270689,16022,7,6,0,7,-108.0
Parkway MHC-Cust,Device 70259914,16022,7,6,0,7,-101.0
Parkway MHC-Cust,Device 70264138,16022,7,6,0,7,-99.0
Parkway MHC-Cust,Device 77058685,16022,7,6,0,7,-97.0
Parkway MHC-Cust,Device 70259971,16022,7,6,0,7,-100.0
Parkway MHC-Cust,Device 70260193,16022,7,6,0,7,-101.0
Parkway MHC-Cust,Device 77059899,16022,7,6,0,0,-110.0
Parkway MHC-Cust,Device 77054973,,0,0,0,,
Parkway MHC-Cust,Device 77053504,16022,7,6,0,7,-98.0
Parkway MHC-Cust,Device 77055038,17040,7,6,0,7,-98.0
Parkway MHC-Cust,Device 77056135,16022,7,6,0,7,-101.0
Parkway MHC-Cust,Device 77041376,17040,7,6,0,7,-89.0
Parkway MHC-Cust,Device 77029090,16022,7,6,0,7,-97.0
Parkway MHC-Cust,Device 77041640,16022,7,6,0,5,-106.0
Parkway MHC-Cust,Device 77060129,16022,7,6,0,7,-103.0
Parkway MHC-Cust,Device 65824818,16022,7,6,0,0,-103.0
Parkway MHC-Cust,Device 77051961,16022,7,6,0,7,-107.0
Parkway MHC-Cust,Device 77057604,16022,7,6,0,7,-104.0
Parkway MHC-Cust,Device 77052118,,0,0,0,,
Parkway MHC-Cust,Device 65830096,16022,7,6,0,7,-99.0
Parkway MHC-Cust,Device 65831094,16022,7,6,0,6,-120.0
Parkway MHC-Cust,Device 65830443,16022,7,6,0,7,-100.0
Parkway MHC-Cust,Device 65830815,16022,7,6,0,6,-96.0
Parkway MHC-Cust,Device 65826391,16022,7,6,0,6,-108.0
Parkway MHC-Cust,Device 65830013,16022,7,6,0,7,-103.0
Parkway MHC-Cust,Device 65829148,17040,7,7,0,4,-93.0
Parkway MHC-Cust,Device 65826680,16022,7,6,0,7,-99.0
Parkway MHC-Cust,Device 65826524,16022,7,6,0,7,-99.0
Parkway MHC-Cust,Device 65831698,16022,7,6,0,7,-95.0
Parkway MHC-Cust,Device 65824933,16022,7,6,0,6,-101.0
Parkway MHC-Cust,Device 65831326,16022,7,6,0,7,-107.0
Parkway MHC-Cust,Device 65823950,17032,7,6,0,7,-93.0
Parkway MHC-Cust,Device 65832019,16022,7,6,0,7,-99.0
Parkway MHC-Cust,Device 65822788,16022,7,6,0,2,-98.0
Parkway MHC-Cust,Device 65828462,16022,7,6,0,5,-96.0
Parkway MHC-Cust,Device 65831011,16022,7,6,0,6,-104.0
Parkway MHC-Cust,Device 65822853,16022,7,6,0,0,-100.0
Parkway MHC-Cust,Device 68612462,16022,7,6,0,7,-95.0
Pedro's Devices-CUST,Device 72378159,57037,1,0,0,0,-87.0
Pedro's Devices-CUST,Device 2041741237,,0,0,0,,
Carolina Springs MHP-CUST,Device 72390832,16022,10,9,0,6,-115.0
Carolina Springs MHP-CUST,Device 72387317,362,11,12,0,4,-121.0
Carolina Springs MHP-CUST,Device 70258858,16131,7,6,0,7,-122.0
Carolina Springs MHP-CUST,Device 72378795,16131,7,6,0,7,-114.0
Carolina Springs MHP-CUST,Device 70272727,16131,7,6,0,7,-110.0
Carolina Springs MHP-CUST,Device 70267867,362,12,11,0,5,-115.0
Carolina Springs MHP-CUST,Device 70262157,16131,7,6,0,5,-106.0
Carolina Springs MHP-CUST,Device 70264088,16131,7,6,0,6,-111.0
Carolina Springs MHP-CUST,Device 72387143,16131,8,7,0,7,-112.0
Carolina Springs MHP-CUST,Device 70269335,362,12,13,0,7,-117.0
Carolina Springs MHP-CUST,Device 72380981,362,11,13,0,7,-107.0
Carolina Springs MHP-CUST,Device 70272156,362,10,13,0,7,-118.0
Carolina Springs MHP-CUST,Device 72380486,16022,7,6,0,5,-115.0
Carolina Springs MHP-CUST,Device 72391871,362,9,8,0,7,-113.0
Carolina Springs MHP-CUST,Device 72384710,362,10,12,0,7,-116.0
Carolina Springs MHP-CUST,Device 72392002,16022,5,6,0,6,-114.0
Carolina Springs MHP-CUST,Device 72392192,362,10,13,0,7,-116.0
Carolina Springs MHP-CUST,Device 72378746,362,13,13,0,7,-119.0
Carolina Springs MHP-CUST,Device 70262124,362,12,13,0,7,-120.0
Carolina Springs MHP-CUST,Device 72391228,362,8,11,0,3,-120.0
Carolina Springs MHP-CUST,Device 72391061,362,12,13,0,7,-111.0
Carolina Springs MHP-CUST,Device 70262132,362,9,13,0,7,-108.0
Carolina Springs MHP-CUST,Device 70262488,362,13,13,0,7,-109.0
Carolina Springs MHP-CUST,Device 70266398,362,11,13,0,6,-111.0
Carolina Springs MHP-CUST,Device 72392044,362,9,13,0,4,-107.0
Carolina Springs MHP-CUST,Device 70273071,362,14,13,0,6,-107.0
Carolina Springs MHP-CUST,Device 72380551,362,12,13,0,7,-109.0
Carolina Springs MHP-CUST,Device 70272834,362,12,13,0,7,-115.0
Carolina Springs MHP-CUST,Device 70262314,362,8,12,0,3,-107.0
Carolina Springs MHP-CUST,Device 70259260,362,10,13,0,7,-103.0
Carolina Springs MHP-CUST,Device 70269202,362,11,12,0,7,-116.0
Carolina Springs MHP-CUST,Device 72383795,16131,4,11,0,0,-116.0
Carolina Springs MHP-CUST,Device 72381104,362,13,13,0,7,-118.0
Carolina Springs MHP-CUST,Device 70259245,362,12,13,0,7,-109.0
Carolina Springs MHP-CUST,Device 72392093,362,10,13,0,7,-116.0
Carolina Springs MHP-CUST,Device 72382003,362,12,13,0,6,-105.0
Carolina Springs MHP-CUST,Device 70272552,362,13,13,0,3,-120.0
Carolina Springs MHP-CUST,Device 72381906,16022,8,7,0,7,-111.0
Carolina Springs MHP-CUST,Device 70272578,362,13,14,0,7,-118.0
Carolina Springs MHP-CUST,Device 70273543,362,12,13,0,7,-108.0
Carolina Springs MHP-CUST,Device 70263809,16131,6,5,0,0,-107.0
Carolina Springs MHP-CUST,Device 70263411,362,13,13,0,7,-108.0
Carolina Springs MHP-CUST,Device 72391053,362,11,13,0,7,-100.0
Carolina Springs MHP-CUST,Device 72381328,16131,7,6,0,7,-117.0
Carolina Springs MHP-CUST,Device 70272990,362,12,13,0,7,-111.0
Carolina Springs MHP-CUST,Device 70266992,362,9,13,0,7,-111.0
Carolina Springs MHP-CUST,Device 72391939,362,12,13,0,7,-108.0
Carolina Springs MHP-CUST,Device 70262249,362,9,13,0,7,-106.0
Carolina Springs MHP-CUST,Device 70269418,362,14,13,0,7,-117.0
Carolina Springs MHP-CUST,Device 72384553,362,12,14,0,7,-111.0
Carolina Springs MHP-CUST,Device 70272123,16131,7,6,0,7,-109.0
Carolina Springs MHP-CUST,Device 70269657,362,7,11,0,3,-120.0
Carolina Springs MHP-CUST,Device 70269046,16131,7,6,0,4,-115.0
Carolina Springs MHP-CUST,Device 70265754,362,13,13,0,7,-109.0
Carolina Springs MHP-CUST,Device 70272867,362,12,13,0,7,-112.0
Carolina Springs MHP-CUST,Device 70263577,362,12,13,0,7,-106.0
Carolina Springs MHP-CUST,Device 72383605,362,13,12,0,6,-118.0
Carolina Springs MHP-CUST,Device 70265564,16131,6,5,0,0,-110.0
Carolina Springs MHP-CUST,Device 70266059,362,11,13,0,7,-110.0
Carolina Springs MHP-CUST,Device 70262611,362,12,13,0,7,-108.0
Carolina Springs MHP-CUST,Device 70262215,362,11,12,0,7,-109.0
Carolina Springs MHP-CUST,Device 72386459,362,8,7,0,7,-113.0
Carolina Springs MHP-CUST,Device 70265689,362,9,13,0,7,-109.0
Carolina Springs MHP-CUST,Device 70266067,16131,7,6,0,7,-110.0
Carolina Springs MHP-CUST,Device 72380668,362,12,12,0,7,-111.0
Carolina Springs MHP-CUST,Device 72391574,362,10,14,0,7,-113.0
Carolina Springs MHP-CUST,Device 70265655,17037,7,6,0,7,-111.0
Carolina Springs MHP-CUST,Device 72385550,362,12,13,0,7,-116.0
Carolina Springs MHP-CUST,Device 72381955,,0,0,0,,
Carolina Springs MHP-CUST,Device 70272768,,0,0,0,,
Carolina Springs MHP-CUST,Device 70272784,16131,6,5,0,6,-116.0
Carolina Springs MHP-CUST,Device 70272883,362,0,0,0,,
Carolina Springs MHP-CUST,Device 72384843,362,16,16,0,7,-107.0
Carolina Springs MHP-CUST,Device 70258841,16131,6,6,0,5,-109.0
Carolina Springs MHP-CUST,Device 72391434,16131,7,6,0,7,-115.0
Carolina Springs MHP-CUST,Device 72379421,,0,0,0,,
Carolina Springs MHP-CUST,Device 72379074,362,7,13,0,0,-106.0
Carolina Springs MHP-CUST,Device 72381443,16131,7,6,0,7,-107.0
Carolina Springs MHP-CUST,Device 70266505,362,7,13,0,5,-113.0
Carolina Springs MHP-CUST,Device 70259625,362,9,13,0,7,-112.0
Carolina Springs MHP-CUST,Device 72381393,16131,6,5,0,6,-113.0
Carolina Springs MHP-CUST,Device 72380619,16131,7,6,0,7,-108.0
Carolina Springs MHP-CUST,Device 72381203,362,6,9,0,4,-116.0
Carolina Springs MHP-CUST,Device 72380023,16131,7,6,0,7,-115.0
Carolina Springs MHP-CUST,Device 72388513,,0,0,0,,
Carolina Springs MHP-CUST,Device 70263072,,0,0,0,,
Carolina Springs MHP-CUST,Device 72388695,362,9,11,0,5,-117.0
Carolina Springs MHP-CUST,Device 72378621,362,13,13,0,7,-113.0
Carolina Springs MHP-CUST,Device 77058925,,0,0,0,,
Carolina Springs MHP-CUST,Device 70264450,,0,0,0,,
Carolina Springs MHP-CUST,Device 77041707,17037,6,5,0,7,-112.0
Carolina Springs MHP-CUST,Device 77054627,17037,6,6,0,7,-111.0
Carolina Springs MHP-CUST,Device 77061432,16131,14,13,0,7,-109.0
Carolina Springs MHP-CUST,Device 77053173,362,8,13,0,7,-108.0
Carolina Springs MHP-CUST,Device 77054239,362,7,13,0,1,-115.0
Carolina Springs MHP-CUST,Device 65829478,16131,7,6,0,0,-122.0
Carolina Springs MHP-CUST,Device 65825666,,0,0,0,,
Carolina Springs MHP-CUST,Device 65825542,17037,3,2,0,0,-123.0
Carolina Springs MHP-CUST,Device 65826250,362,7,13,0,7,-107.0
Carolina Springs MHP-CUST,Device 65822234,362,7,13,0,7,-110.0
Stafford MHC-CUST,Device 75366854,17037,7,6,0,6,-87.0
Stafford MHC-CUST,Device 75367571,17037,10,9,0,7,-113.0
Stafford MHC-CUST,Device 79455265,16185,7,6,0,7,-101.0
Stafford MHC-CUST,Device 75365526,17037,7,6,0,7,-107.0
Stafford MHC-CUST,Device 79456271,17037,7,6,0,7,-99.0
Stafford MHC-CUST,Device 75365328,16185,7,6,0,7,-95.0
Stafford MHC-CUST,Device 75364511,16185,7,6,0,6,-106.0
Stafford MHC-CUST,Device 75362549,16185,9,8,0,7,-92.0
Stafford MHC-CUST,Device 79454888,16185,7,6,0,7,-106.0
Stafford MHC-CUST,Device 75367266,16185,7,6,0,6,-113.0
Stafford MHC-CUST,Device 75365468,16185,7,6,0,7,-115.0
Stafford MHC-CUST,Device 75361194,17037,7,6,0,3,-107.0
Stafford MHC-CUST,Device 79461834,17037,7,7,0,7,-116.0
Stafford MHC-CUST,Device 75368017,17037,7,6,0,7,-98.0
Stafford MHC-CUST,Device 75366433,16185,7,6,0,7,-118.0
Stafford MHC-CUST,Device 75365393,16185,7,6,0,7,-100.0
Stafford MHC-CUST,Device 79467005,16185,7,6,0,2,-107.0
Stafford MHC-CUST,Device 79454292,17037,10,10,0,7,-104.0
Stafford MHC-CUST,Device 75364537,16185,7,6,0,5,-93.0
Stafford MHC-CUST,Device 79454169,16185,7,6,0,7,-97.0
Stafford MHC-CUST,Device 75360832,16185,9,8,0,7,-101.0
Stafford MHC-CUST,Device 75368900,16185,7,6,0,7,-109.0
Stafford MHC-CUST,Device 75371821,363,7,13,0,7,-111.0
Stafford MHC-CUST,Device 79453773,17037,7,6,0,7,-103.0
Stafford MHC-CUST,Device 75368033,363,8,13,0,7,-95.0
Stafford MHC-CUST,Device 75369437,16185,7,6,0,7,-97.0
Stafford MHC-CUST,Device 75361269,363,14,13,0,7,-112.0
Stafford MHC-CUST,Device 75373231,16128,7,7,0,7,-80.0
Stafford MHC-CUST,Device 75372993,363,12,13,0,7,-96.0
Stafford MHC-CUST,Device 75371508,,0,0,0,,
Stafford MHC-CUST,Device 75367183,363,7,7,0,7,-96.0
Stafford MHC-CUST,Device 75361178,,0,0,0,,
Stafford MHC-CUST,Device 75371243,363,10,13,0,7,-113.0
Stafford MHC-CUST,Device 75370450,363,13,14,0,7,-106.0
Stafford MHC-CUST,Device 75360725,363,12,13,0,7,-108.0
Stafford MHC-CUST,Device 72723614,16022,7,6,0,7,-104.0
Stafford MHC-CUST,Device 75368884,17037,7,6,0,7,-90.0
Stafford MHC-CUST,Device 72719471,363,7,13,0,7,-87.0
Stafford MHC-CUST,Device 72724356,363,12,12,0,6,-99.0
Stafford MHC-CUST,Device 72716188,17037,6,6,0,2,-119.0
Stafford MHC-CUST,Device 72713946,16185,8,6,1,0,-109.0
Stafford MHC-CUST,Device 70271778,17040,9,8,0,3,-101.0
Stafford MHC-CUST,Device 72717228,16185,34,33,0,7,-85.0
Stafford MHC-CUST,Device 72717459,17040,6,6,0,0,-95.0
Stafford MHC-CUST,Device 72721964,17040,9,7,1,2,-97.0
Stafford MHC-CUST,Device 72721550,363,10,12,0,7,-96.0
Stafford MHC-CUST,Device 72719182,363,13,14,0,7,-101.0
Stafford MHC-CUST,Device 72714621,,0,0,0,,
Stafford MHC-CUST,Device 72387101,16131,7,6,0,7,-88.0
Stafford MHC-CUST,Device 72390758,17037,7,6,0,7,-84.0
Stafford MHC-CUST,Device 72392481,363,9,13,0,7,-80.0
Stafford MHC-CUST,Device 72383761,16022,7,6,0,7,-93.0
Stafford MHC-CUST,Device 72385386,16185,7,6,0,7,-79.0
Stafford MHC-CUST,Device 70263056,,0,0,0,,
Stafford MHC-CUST,Device 72386012,16185,7,6,0,4,-88.0
Stafford MHC-CUST,Device 70269459,17037,7,6,0,7,-102.0
Stafford MHC-CUST,Device 70262827,363,9,13,0,5,-120.0
Stafford MHC-CUST,Device 72392119,363,12,13,0,7,-108.0
Stafford MHC-CUST,Device 70262892,363,13,12,0,7,-117.0
Stafford MHC-CUST,Device 72379967,16185,7,6,0,7,-98.0
Stafford MHC-CUST,Device 72390162,16185,6,6,0,7,-84.0
Stafford MHC-CUST,Device 72388596,16185,7,6,0,5,-97.0
Stafford MHC-CUST,Device 72392184,16022,7,6,0,0,-101.0
Stafford MHC-CUST,Device 72392127,17037,7,6,0,3,-95.0
Stafford MHC-CUST,Device 72390485,363,8,13,0,7,-106.0
Stafford MHC-CUST,Device 70262975,,0,0,0,,
Stafford MHC-CUST,Device 72379801,16022,7,6,0,7,-107.0
Stafford MHC-CUST,Device 70263064,17037,7,6,0,7,-76.0
Stafford MHC-CUST,Device 70262785,17037,7,6,0,7,-102.0
Stafford MHC-CUST,Device 72390055,363,9,13,0,7,-101.0
Stafford MHC-CUST,Device 72384421,16185,8,7,0,7,-88.0
Stafford MHC-CUST,Device 72382706,363,10,13,0,7,-83.0
Stafford MHC-CUST,Device 72383613,16131,7,6,0,7,-106.0
Stafford MHC-CUST,Device 72392606,363,12,13,0,7,-117.0
Stafford MHC-CUST,Device 70262504,363,13,13,0,7,-98.0
Stafford MHC-CUST,Device 70268949,16185,8,6,1,7,-110.0
Stafford MHC-CUST,Device 72388158,363,12,13,0,7,-111.0
Stafford MHC-CUST,Device 72390642,363,12,12,0,6,-102.0
Stafford MHC-CUST,Device 70262710,16185,7,6,0,7,-108.0
Stafford MHC-CUST,Device 70269004,16185,7,6,0,5,-113.0
Stafford MHC-CUST,Device 72392960,363,11,13,0,7,-112.0
Stafford MHC-CUST,Device 72385931,17040,10,8,1,0,-110.0
Stafford MHC-CUST,Device 72388372,16022,8,7,0,7,-104.0
Stafford MHC-CUST,Device 72385022,16131,5,4,0,6,-75.0
Stafford MHC-CUST,Device 70263023,363,11,13,0,7,-109.0
Stafford MHC-CUST,Device 72390311,16131,7,6,0,7,-104.0
Stafford MHC-CUST,Device 72386350,363,11,13,0,7,-108.0
Stafford MHC-CUST,Device 72390147,17037,6,6,0,7,-80.0
Stafford MHC-CUST,Device 72392648,16185,9,8,0,7,-115.0
Stafford MHC-CUST,Device 72382219,,0,0,0,,
Stafford MHC-CUST,Device 72385824,,0,0,0,,
Stafford MHC-CUST,Device 72378480,16022,7,6,0,7,-89.0
Stafford MHC-CUST,Device 72385907,363,12,12,0,7,-113.0
Stafford MHC-CUST,Device 72390824,363,11,13,0,7,-110.0
Stafford MHC-CUST,Device 72392515,363,14,13,0,7,-106.0
Stafford MHC-CUST,Device 72389073,363,13,15,0,7,-83.0
Stafford MHC-CUST,Device 70262728,16131,7,6,0,7,-106.0
Stafford MHC-CUST,Device 72390121,16185,7,6,0,6,-90.0
Stafford MHC-CUST,Device 72389636,363,7,6,0,7,-117.0
Stafford MHC-CUST,Device 72389321,,0,0,0,,
Stafford MHC-CUST,Device 72383365,16131,7,6,0,7,-103.0
Stafford MHC-CUST,Device 72383225,17037,14,13,0,7,-122.0
Stafford MHC-CUST,Device 72386731,16131,7,6,0,7,-105.0
Stafford MHC-CUST,Device 72392531,16185,7,6,0,7,-93.0
Stafford MHC-CUST,Device 72386293,17037,10,9,0,7,-108.0
Stafford MHC-CUST,Device 72386319,16185,5,6,0,7,-115.0
Stafford MHC-CUST,Device 72389255,17037,6,6,0,3,-123.0
Stafford MHC-CUST,Device 72386087,16185,7,6,0,7,-113.0
Stafford MHC-CUST,Device 72389123,16131,6,5,0,6,-116.0
Stafford MHC-CUST,Device 72389776,16022,7,6,0,6,-106.0
Stafford MHC-CUST,Device 72388992,363,12,13,0,7,-104.0
Stafford MHC-CUST,Device 72378217,363,13,13,0,7,-105.0
Stafford MHC-CUST,Device 72389784,363,13,15,0,7,-109.0
Stafford MHC-CUST,Device 72389545,17037,7,6,0,0,-109.0
Stafford MHC-CUST,Device 72386137,363,9,13,0,7,-105.0
Stafford MHC-CUST,Device 72392390,17037,8,7,0,7,-103.0
Stafford MHC-CUST,Device 72389107,363,9,13,0,7,-114.0
Stafford MHC-CUST,Device 72392770,16131,6,5,0,6,-112.0
Stafford MHC-CUST,Device 72388398,16131,7,6,0,7,-118.0
Stafford MHC-CUST,Device 72380890,16185,9,8,0,6,-113.0
Stafford MHC-CUST,Device 72388778,363,13,14,0,7,-116.0
Stafford MHC-CUST,Device 72383027,16185,7,6,0,0,-102.0
Stafford MHC-CUST,Device 72378530,17037,16,16,0,7,-82.0
Stafford MHC-CUST,Device 72385311,16185,7,6,0,5,-103.0
Stafford MHC-CUST,Device 72382623,363,12,13,0,7,-104.0
Stafford MHC-CUST,Device 72386186,363,13,13,0,7,-111.0
Stafford MHC-CUST,Device 72378241,16185,7,6,0,7,-91.0
Stafford MHC-CUST,Device 72386814,,0,0,0,,
Stafford MHC-CUST,Device 72390170,16185,7,6,0,7,-101.0
Stafford MHC-CUST,Device 72389602,363,11,13,0,7,-101.0
Stafford MHC-CUST,Device 72388786,16022,7,6,0,7,-100.0
Stafford MHC-CUST,Device 72384520,17040,5,6,0,0,-122.0
Stafford MHC-CUST,Device 72384363,363,14,16,0,7,-104.0
Stafford MHC-CUST,Device 72388133,363,8,13,0,3,-107.0
Stafford MHC-CUST,Device 72384355,17037,15,13,1,1,-122.0
Stafford MHC-CUST,Device 72384579,16185,7,6,0,7,-109.0
Stafford MHC-CUST,Device 72388067,363,7,13,0,7,-97.0
Stafford MHC-CUST,Device 72383019,,0,0,0,,
Stafford MHC-CUST,Device 72383118,16185,7,6,0,7,-99.0
Stafford MHC-CUST,Device 72384538,16185,17,16,0,7,-96.0
Stafford MHC-CUST,Device 72385857,363,14,13,0,7,-105.0
Stafford MHC-CUST,Device 72386301,16128,7,6,0,7,-101.0
Stafford MHC-CUST,Device 72390261,16185,7,6,0,7,-93.0
Stafford MHC-CUST,Device 72389529,363,7,6,0,7,-98.0
Stafford MHC-CUST,Device 72388752,16022,7,6,0,7,-112.0
Stafford MHC-CUST,Device 72393034,16131,7,6,0,7,-108.0
Stafford MHC-CUST,Device 72385998,363,14,13,0,7,-103.0
Stafford MHC-CUST,Device 72392259,17040,7,6,0,0,-107.0
Stafford MHC-CUST,Device 72382458,16131,7,6,0,7,-99.0
Stafford MHC-CUST,Device 72392135,363,11,13,0,7,-113.0
Stafford MHC-CUST,Device 72384496,16185,7,6,0,7,-109.0
Stafford MHC-CUST,Device 72383639,16131,7,6,0,7,-101.0
Stafford MHC-CUST,Device 72392572,16131,7,6,0,7,-105.0
Stafford MHC-CUST,Device 72384462,16128,7,6,0,7,-102.0
Stafford MHC-CUST,Device 72388547,16131,7,6,0,4,-116.0
Stafford MHC-CUST,Device 72385873,17037,7,6,0,7,-100.0
Stafford MHC-CUST,Device 72384413,363,13,13,0,7,-110.0
Stafford MHC-CUST,Device 72389156,16022,7,6,0,7,-104.0
Stafford MHC-CUST,Device 72381526,16185,11,10,0,7,-103.0
Stafford MHC-CUST,Device 72389198,16131,7,6,0,6,-112.0
Stafford MHC-CUST,Device 72388976,363,10,13,0,7,-99.0
Stafford MHC-CUST,Device 72387911,16185,7,6,0,7,-107.0
Stafford MHC-CUST,Device 72383357,363,7,6,0,7,-102.0
Stafford MHC-CUST,Device 72389131,16131,10,9,0,7,-108.0
Stafford MHC-CUST,Device 72388653,16185,7,6,0,7,-106.0
Stafford MHC-CUST,Device 72385915,16185,7,6,0,7,-94.0
Stafford MHC-CUST,Device 72386525,16185,7,6,0,7,-105.0
Stafford MHC-CUST,Device 72386327,16022,7,6,0,0,-109.0
Stafford MHC-CUST,Device 72389719,363,11,13,0,7,-110.0
Stafford MHC-CUST,Device 72392465,16128,7,6,0,7,-104.0
Stafford MHC-CUST,Device 72389800,363,12,13,0,7,-104.0
Stafford MHC-CUST,Device 72384454,,0,0,0,,
Stafford MHC-CUST,Device 72392457,363,7,13,0,0,-103.0
Stafford MHC-CUST,Device 72386434,16131,7,6,0,7,-103.0
Stafford MHC-CUST,Device 72387838,363,9,13,0,7,-105.0
Stafford MHC-CUST,Device 72392275,16185,9,8,0,7,-100.0
Stafford MHC-CUST,Device 72385865,,0,0,0,,
Stafford MHC-CUST,Device 72383563,16022,7,6,0,7,-112.0
Stafford MHC-CUST,Device 72389693,16131,7,6,0,7,-95.0
Stafford MHC-CUST,Device 72388489,16185,7,6,0,7,-100.0
Stafford MHC-CUST,Device 72389495,16131,7,6,0,7,-96.0
Stafford MHC-CUST,Device 72384348,16022,7,6,0,7,-101.0
Stafford MHC-CUST,Device 72389503,,0,0,0,,
Stafford MHC-CUST,Device 72389610,16131,7,6,0,7,-113.0
Stafford MHC-CUST,Device 72387655,17037,7,6,0,7,-101.0
Stafford MHC-CUST,Device 72389354,16185,21,20,0,7,-108.0
Stafford MHC-CUST,Device 72388091,363,8,13,0,7,-103.0
Stafford MHC-CUST,Device 72389214,16131,7,6,0,6,-100.0
Stafford MHC-CUST,Device 72392945,363,13,14,0,7,-101.0
Stafford MHC-CUST,Device 72387903,,0,0,0,,
Stafford MHC-CUST,Device 72382474,16185,7,7,0,7,-103.0
Stafford MHC-CUST,Device 72392887,363,7,6,0,7,-105.0
Stafford MHC-CUST,Device 72392267,363,12,13,0,7,-100.0
Stafford MHC-CUST,Device 72389586,363,8,13,0,7,-107.0
Stafford MHC-CUST,Device 70264682,16022,7,6,0,7,-112.0
Stafford MHC-CUST,Device 70270614,363,11,13,0,7,-94.0
Stafford MHC-CUST,Device 72392416,16131,7,6,0,7,-95.0
Stafford MHC-CUST,Device 72392499,363,11,13,0,7,-108.0
Stafford MHC-CUST,Device 72393018,17037,7,6,0,7,-102.0
Stafford MHC-CUST,Device 72386178,16185,9,8,0,7,-109.0
Stafford MHC-CUST,Device 72392242,363,13,13,0,7,-103.0
Stafford MHC-CUST,Device 72383258,16022,6,6,0,0,-110.0
Stafford MHC-CUST,Device 72387929,16131,7,6,0,7,-105.0
Stafford MHC-CUST,Device 70267701,16131,7,6,0,6,-101.0
Stafford MHC-CUST,Device 70264112,363,14,13,0,7,-109.0
Stafford MHC-CUST,Device 72383423,16131,7,6,0,7,-115.0
Stafford MHC-CUST,Device 72389362,363,10,13,0,7,-102.0
Stafford MHC-CUST,Device 70264146,,0,0,0,,
Stafford MHC-CUST,Device 70267412,,0,0,0,,
Stafford MHC-CUST,Device 70265820,363,11,14,0,7,-101.0
Stafford MHC-CUST,Device 70273204,363,12,14,0,7,-103.0
Stafford MHC-CUST,Device 70260482,,0,0,0,,
Stafford MHC-CUST,Device 70258627,363,9,13,0,7,-104.0
Parker MHC-CUST,Device 75374585,17037,7,6,0,7,-86.0
Parker MHC-CUST,Device 72719638,362,7,12,0,2,-91.0
Parker MHC-CUST,Device 72721170,362,10,13,0,7,-102.0
Parker MHC-CUST,Device 72723093,17037,7,6,0,7,-99.0
Parker MHC-CUST,Device 72715511,16185,8,7,0,7,-98.0
Parker MHC-CUST,Device 72718655,362,13,13,0,6,-87.0
Parker MHC-CUST,Device 70266919,362,12,14,0,7,-104.0
Parker MHC-CUST,Device 70272453,362,12,11,0,7,-87.0
Parker MHC-CUST,Device 72717590,16131,7,6,0,7,-105.0
Parker MHC-CUST,Device 72719315,17037,9,8,0,7,-90.0
Parker MHC-CUST,Device 72719711,16185,7,6,0,7,-98.0
Parker MHC-CUST,Device 72722814,362,8,13,0,7,-88.0
Parker MHC-CUST,Device 72723705,16185,7,6,0,5,-85.0
Parker MHC-CUST,Device 72715222,362,8,13,0,7,-99.0
Parker MHC-CUST,Device 72718960,16185,6,6,0,7,-92.0
Parker MHC-CUST,Device 72719844,16185,7,6,0,7,-95.0
Parker MHC-CUST,Device 70272693,16185,6,7,0,6,-82.0
Parker MHC-CUST,Device 70270440,17037,7,6,0,0,-88.0
Parker MHC-CUST,Device 72716824,16185,7,6,0,7,-96.0
Parker MHC-CUST,Device 70261563,362,9,13,0,7,-90.0
Parker MHC-CUST,Device 72718861,362,13,13,0,7,-96.0
Parker MHC-CUST,Device 70271927,16185,7,6,0,7,-107.0
Parker MHC-CUST,Device 72721816,16131,8,7,0,6,-96.0
Parker MHC-CUST,Device 72721105,16185,7,6,0,6,-99.0
Parker MHC-CUST,Device 72714969,16185,7,6,0,7,-102.0
Parker MHC-CUST,Device 72719224,16185,7,6,0,3,-94.0
Parker MHC-CUST,Device 70271679,16185,7,6,0,7,-101.0
Parker MHC-CUST,Device 72721162,16185,7,6,0,7,-86.0
Parker MHC-CUST,Device 72717558,16185,7,6,0,7,-101.0
Parker MHC-CUST,Device 70272412,16185,7,6,0,7,-106.0
Parker MHC-CUST,Device 72715479,16185,8,6,1,7,-95.0
Parker MHC-CUST,Device 70272669,17037,6,5,0,7,-101.0
Parker MHC-CUST,Device 72719745,,0,0,0,,
Parker MHC-CUST,Device 72719232,16185,7,6,0,7,-84.0
Parker MHC-CUST,Device 72721501,16185,7,6,0,7,-101.0
Parker MHC-CUST,Device 72719455,362,12,13,0,7,-83.0
Parker MHC-CUST,Device 70272347,17037,7,6,0,7,-93.0
Parker MHC-CUST,Device 65826508,16185,9,8,0,7,-97.0
Parker MHC-CUST,Device 65826730,16185,7,6,0,7,-106.0
Parker MHC-CUST,Device 65823836,362,11,13,0,7,-85.0
Parker MHC-CUST,Device 65830864,16022,7,6,0,7,-107.0
Parker MHC-CUST,Device 65831219,16185,7,6,0,7,-87.0
Parker MHC-CUST,Device 68588225,16185,7,6,0,7,-94.0
Noble Estates MHC-Cust,Device 75360410,17032,7,6,0,7,-110.0
Noble Estates MHC-Cust,Device 75365971,,0,0,0,,
Noble Estates MHC-Cust,Device 79462576,17037,7,6,0,7,-118.0
Noble Estates MHC-Cust,Device 75374577,17037,7,6,0,7,-112.0
Noble Estates MHC-Cust,Device 75369155,17032,2,1,0,0,-124.0
Noble Estates MHC-Cust,Device 75362770,,0,0,0,,
Noble Estates MHC-Cust,Device 79462865,16185,5,6,0,2,-118.0
Noble Estates MHC-Cust,Device 75361731,17037,2,2,0,0,-119.0
Noble Estates MHC-Cust,Device 72715966,,0,0,0,,
Noble Estates MHC-Cust,Device 75360865,16185,5,3,1,1,-118.0
Noble Estates MHC-Cust,Device 75371631,16130,7,6,0,6,-106.0
Noble Estates MHC-Cust,Device 72720305,17040,7,6,0,0,-111.0
Noble Estates MHC-Cust,Device 72714498,17037,7,6,0,3,-118.0
Noble Estates MHC-Cust,Device 75373009,17037,6,6,0,4,-114.0
Noble Estates MHC-Cust,Device 75373660,17037,7,6,0,7,-115.0
Noble Estates MHC-Cust,Device 75360675,17032,7,6,0,0,-107.0
Noble Estates MHC-Cust,Device 75363265,17037,9,9,0,5,-112.0
Noble Estates MHC-Cust,Device 75363307,17032,6,5,0,3,-117.0
Noble Estates MHC-Cust,Device 75362531,17037,31,32,0,3,-114.0
Noble Estates MHC-Cust,Device 75364099,16185,7,6,0,7,-111.0
Noble Estates MHC-Cust,Device 72713763,16131,6,5,0,0,-117.0
Noble Estates MHC-Cust,Device 75362648,17040,7,7,0,0,-123.0
Noble Estates MHC-Cust,Device 75366631,17032,4,4,0,2,-120.0
Noble Estates MHC-Cust,Device 72719117,17037,7,6,0,4,-106.0
Noble Estates MHC-Cust,Device 75371607,17037,7,6,0,7,-118.0
Noble Estates MHC-Cust,Device 75371102,17037,4,5,0,0,-117.0
Noble Estates MHC-Cust,Device 75368199,16131,7,6,0,7,-108.0
Noble Estates MHC-Cust,Device 75361509,17037,9,6,2,0,-120.0
Noble Estates MHC-Cust,Device 75366623,17037,5,5,0,4,-122.0
Noble Estates MHC-Cust,Device 75370468,17032,6,6,0,1,-123.0
Noble Estates MHC-Cust,Device 75365237,16130,7,6,0,6,-113.0
Noble Estates MHC-Cust,Device 75366888,17037,7,6,0,4,-111.0
Noble Estates MHC-Cust,Device 75369197,17032,6,5,0,2,-125.0
Noble Estates MHC-Cust,Device 75372654,17037,6,6,0,7,-116.0
Noble Estates MHC-Cust,Device 75360626,16185,7,6,0,7,-106.0
Noble Estates MHC-Cust,Device 75367746,17037,7,6,0,2,-121.0
Noble Estates MHC-Cust,Device 75372456,16185,8,6,1,7,-119.0
Noble Estates MHC-Cust,Device 75373074,17040,7,6,0,0,-101.0
Noble Estates MHC-Cust,Device 75370955,17037,7,6,0,6,-112.0
Noble Estates MHC-Cust,Device 75363356,16185,7,6,0,7,-107.0
Noble Estates MHC-Cust,Device 75365401,16185,7,6,0,6,-113.0
Noble Estates MHC-Cust,Device 75370344,,0,0,0,,
Noble Estates MHC-Cust,Device 75363448,17037,4,4,0,5,-120.0
Noble Estates MHC-Cust,Device 75370583,,0,0,0,,
Noble Estates MHC-Cust,Device 72719737,,0,0,0,,
Noble Estates MHC-Cust,Device 72720032,17032,6,5,0,1,-116.0
Alta Vista MHC-CUST,Device 79460224,363,7,13,0,2,-100.0
Alta Vista MHC-CUST,Device 75365476,16131,7,6,0,7,-115.0
Alta Vista MHC-CUST,Device 79459671,,0,0,0,,
Alta Vista MHC-CUST,Device 79456529,,0,0,0,,
Alta Vista MHC-CUST,Device 79466189,,0,0,0,,
Alta Vista MHC-CUST,Device 75365682,17037,9,8,0,7,-106.0
Alta Vista MHC-CUST,Device 75366334,,0,0,0,,
Alta Vista MHC-CUST,Device 75369874,16131,7,6,0,7,-98.0
Alta Vista MHC-CUST,Device 75361814,16131,7,6,0,7,-109.0
Alta Vista MHC-CUST,Device 75374460,17037,7,6,0,0,-113.0
Alta Vista MHC-CUST,Device 72716261,16185,8,7,0,7,-90.0
Alta Vista MHC-CUST,Device 72715578,363,13,13,0,7,-106.0
Alta Vista MHC-CUST,Device 72714506,363,7,12,0,7,-94.0
Alta Vista MHC-CUST,Device 72382128,16185,5,6,0,0,-77.0
Alta Vista MHC-CUST,Device 70263098,17037,6,6,0,0,-105.0
Alta Vista MHC-CUST,Device 70264997,16185,7,6,0,7,-98.0
Alta Vista MHC-CUST,Device 70264765,16185,7,6,0,5,-110.0
Alta Vista MHC-CUST,Device 70264187,16131,7,6,0,7,-118.0
Alta Vista MHC-CUST,Device 70260177,363,7,13,0,0,-97.0
Alta Vista MHC-CUST,Device 70269749,,0,0,0,,
Alta Vista MHC-CUST,Device 70265200,16131,14,13,0,7,-108.0
Alta Vista MHC-CUST,Device 70270804,16185,7,6,0,3,-97.0
Alta Vista MHC-CUST,Device 70271356,16131,7,6,0,7,-96.0
Alta Vista MHC-CUST,Device 77061879,16185,7,6,0,7,-104.0
Alta Vista MHC-CUST,Device 77054668,363,11,13,0,7,-94.0
Alta Vista MHC-CUST,Device 77059873,16185,12,11,0,7,-105.0
Alta Vista MHC-CUST,Device 77055699,16131,7,6,0,7,-107.0
Alta Vista MHC-CUST,Device 77060061,363,10,13,0,7,-104.0
Alta Vista MHC-CUST,Device 77061531,16185,7,6,0,7,-106.0
Alta Vista MHC-CUST,Device 77054130,363,7,13,0,6,-98.0
Alta Vista MHC-CUST,Device 77056143,16131,7,6,0,7,-109.0
Alta Vista MHC-CUST,Device 77058305,363,10,13,0,7,-111.0
Alta Vista MHC-CUST,Device 77057729,16185,8,7,0,7,-106.0
Alta Vista MHC-CUST,Device 77061143,17040,7,6,0,0,-101.0
Alta Vista MHC-CUST,Device 77054437,16131,7,6,0,7,-105.0
Alta Vista MHC-CUST,Device 77061119,16185,7,6,0,7,-107.0
Alta Vista MHC-CUST,Device 65824628,363,7,13,0,1,-109.0
Alta Vista MHC-CUST,Device 65826144,,0,0,0,,
Alta Vista MHC-CUST,Device 65825716,363,12,13,0,7,-106.0
Alta Vista MHC-CUST,Device 65824784,16185,7,6,0,7,-114.0
Alta Vista MHC-CUST,Device 65823034,16185,7,6,0,7,-105.0
Alta Vista MHC-CUST,Device 65824735,16131,4,3,0,4,-106.0
Alta Vista MHC-CUST,Device 65824842,16185,7,6,0,7,-103.0
Alta Vista MHC-CUST,Device 65831581,17040,7,8,0,0,-116.0
Alta Vista MHC-CUST,Device 65831821,16185,7,6,0,7,-110.0
Alta Vista MHC-CUST,Device 65827795,16185,7,6,0,7,-109.0
Alta Vista MHC-CUST,Device 65830856,16185,7,6,0,7,-109.0
Alta Vista MHC-CUST,Device 65824909,363,11,13,0,7,-112.0
Alta Vista MHC-CUST,Device 65823927,16185,13,12,0,7,-98.0
Alta Vista MHC-CUST,Device 65832035,,0,0,0,,
Alta Vista MHC-CUST,Device 65823596,363,9,13,0,7,-111.0
Alta Vista MHC-CUST,Device 65831342,16131,7,6,0,7,-99.0
Alta Vista MHC-CUST,Device 65823356,16131,7,6,0,7,-99.0
Alta Vista MHC-CUST,Device 65823604,,0,0,0,,
Alta Vista MHC-CUST,Device 65823901,16185,7,6,0,7,-115.0
Alta Vista MHC-CUST,Device 65830971,363,10,14,0,5,-93.0
Alta Vista MHC-CUST,Device 65829239,16131,7,6,0,7,-112.0
Alta Vista MHC-CUST,Device 65830385,16131,8,7,0,6,-106.0
Midtown MHP,Device 72722335,15090,6,5,0,6,-107.0
Midtown MHP,Device 75370369,,0,0,0,,
Midtown MHP,Device 75374668,15090,7,6,0,5,-111.0
Midtown MHP,Device 75369932,15090,7,6,0,6,-115.0
Midtown MHP,Device 75372944,15090,7,6,0,7,-100.0
Midtown MHP,Device 75364966,15090,7,6,0,7,-113.0
Midtown MHP,Device 75363349,16131,6,5,0,5,-112.0
Midtown MHP,Device 75367779,15090,7,6,0,5,-110.0
Midtown MHP,Device 75361376,16185,7,6,0,7,-115.0
Oak Grove MHC,Device 72718630,362,9,13,0,6,-87.0
Oak Grove MHC,Device 72718788,16131,7,6,0,7,-87.0
Oak Grove MHC,Device 72716154,16131,7,6,0,7,-89.0
Oak Grove MHC,Device 72715305,362,13,13,0,7,-84.0
Oak Grove MHC,Device 72721600,362,9,13,0,7,-80.0
Oak Grove MHC,Device 72721097,362,12,13,0,7,-81.0
Oak Grove MHC,Device 72718275,362,13,13,0,7,-87.0
Oak Grove MHC,Device 72723325,362,12,12,0,7,-97.0
Oak Grove MHC,Device 72717657,362,10,13,0,7,-82.0
Oak Grove MHC,Device 72714563,16131,6,7,0,7,-83.0
Oak Grove MHC,Oak Grove 112,,0,0,0,,
Oak Grove MHC,Device 2049965143,10706,0,0,0,,
Oak Grove MHC,Device 2049820033,10671,0,0,0,,
Oak Grove MHC,Device 2068614781,10671,2,1,0,5,-71.0
Oak Grove MHC,Device 2049912558,10671,0,0,0,,
Oak Grove MHC,Device 2049936888,10671,0,0,0,,
Oak Grove MHC,Device 2049925881,10671,0,0,0,,
Oak Grove MHC,Device 2049913572,10671,0,0,0,,
Oak Grove MHC,Device 2049782456,10671,0,0,0,,
Oak Grove MHC,Device 2049923126,10671,0,0,0,,
Oak Grove MHC,Device 2049893410,10671,0,0,0,,
Oak Grove MHC,Device 2049916443,10671,0,0,0,,
Oak Grove MHC,Device 2049835114,10671,0,0,0,,
Oak Grove MHC,Device 2049820173,10671,0,0,0,,
Oak Grove MHC,Device 2049961811,10671,0,0,0,,
Oak Grove MHC,Device 2049915791,10671,2,1,0,5,-82.0
Oak Grove MHC,Device 2049947455,10671,0,0,0,,
Oak Grove MHC,Device 2049790707,10671,0,0,0,,
Oak Grove MHC,Device 2068586211,10671,0,0,0,,
Oak Grove MHC,Device 2068586120,10671,0,0,0,,
Oak Grove MHC,Device 2049956456,10671,0,0,0,,
Oak Grove MHC,Device 2068588357,10671,0,0,0,,
Oak Grove MHC,Device 2049899136,10671,0,0,0,,
Oak Grove MHC,Device 2049835189,10671,0,0,0,,
Selkirk MHC,Device 77055228,,0,0,0,,
Selkirk MHC,Device 77058743,,0,0,0,,
Selkirk MHC,Device 77061267,,0,0,0,,
Selkirk MHC,Device 77053850,,0,0,0,,
Forest at Sherman MHC-CUST,Device 75364438,16185,7,6,0,6,-76.0
Forest at Sherman MHC-CUST,Device 75372134,362,11,13,0,7,-105.0
Forest at Sherman MHC-CUST,Device 72720719,16131,7,6,0,1,-105.0
Forest at Sherman MHC-CUST,Device 72719158,362,15,14,0,7,-109.0
Forest at Sherman MHC-CUST,Device 70260284,16185,7,6,0,7,-116.0
Forest at Sherman MHC-CUST,Device 70271281,362,11,13,0,7,-101.0
Forest at Sherman MHC-CUST,Device 70260037,16185,7,6,0,5,-109.0
Forest at Sherman MHC-CUST,Device 70264773,362,12,13,0,7,-103.0
Forest at Sherman MHC-CUST,Device 70260524,16185,7,6,0,7,-110.0
Forest at Sherman MHC-CUST,Device 77057786,17040,6,6,0,7,-109.0
Forest at Sherman MHC-CUST,Device 77058222,16185,7,6,0,7,-100.0
Forest at Sherman MHC-CUST,Device 77056481,16185,6,6,0,7,-112.0
Forest at Sherman MHC-CUST,Device 65829205,16185,7,6,0,1,-97.0
Forest at Sherman MHC-CUST,Device 65824792,362,14,13,0,7,-112.0
Forest at Sherman MHC-CUST,Device 65827258,362,9,13,0,7,-107.0
Forest at Sherman MHC-CUST,Device 65829270,16185,7,6,0,7,-113.0
Forest at Sherman MHC-CUST,Device 65825633,16131,7,6,0,7,-109.0
Forest at Sherman MHC-CUST,Device 65824552,16185,7,6,0,0,-101.0
Forest at Sherman MHC-CUST,Device 65829494,362,12,13,0,3,-116.0
Forest at Sherman MHC-CUST,Device 65829403,,0,0,0,,
Forest at Sherman MHC-CUST,Device 65830088,17037,21,20,0,7,-109.0
Forest at Sherman MHC-CUST,Device 65825484,362,12,13,0,7,-107.0
Forest at Sherman MHC-CUST,Device 65822598,16185,7,6,0,7,-100.0
Forest at Sherman MHC-CUST,Device 65823109,,0,0,0,,
Forest at Sherman MHC-CUST,Device 65830500,16185,6,5,0,4,-119.0
Forest at Sherman MHC-CUST,Device 65826052,16185,7,6,0,7,-104.0
Forest at Sherman MHC-CUST,Device 65829155,362,13,13,0,7,-106.0
Forest at Sherman MHC-CUST,Device 65826185,16185,9,8,0,6,-101.0
Forest at Sherman MHC-CUST,Device 65827845,17037,27,27,0,4,-113.0
Forest at Sherman MHC-CUST,Device 65822879,16185,7,6,0,7,-91.0
Forest at Sherman MHC-CUST,Device 65822960,16185,7,6,0,6,-104.0
Forest at Sherman MHC-CUST,Device 65822101,17040,7,8,0,0,-108.0
Forest at Sherman MHC-CUST,Device 65822630,16185,8,7,0,7,-104.0
Forest at Sherman MHC-CUST,Device 65826276,16185,7,6,0,7,-112.0
Forest at Sherman MHC-CUST,Device 65824982,17037,8,6,1,4,-114.0
Forest at Sherman MHC-CUST,Device 65831391,362,10,13,0,7,-108.0
Forest at Sherman MHC-CUST,Device 65823943,,0,0,0,,
Forest at Sherman MHC-CUST,Device 68587979,16185,5,4,0,4,-121.0
Forest at Sherman MHC-CUST,Device 65823687,16185,16,19,0,7,-105.0
Forest at Sherman MHC-CUST,Device 65825195,362,15,15,0,7,-100.0
Forest at Sherman MHC-CUST,Device 65831383,17037,7,6,0,0,-100.0
Forest at Sherman MHC-CUST,Device 65826243,16185,7,6,0,7,-107.0
Forest at Sherman MHC-CUST,Device 65831375,362,9,13,0,7,-96.0
Forest at Sherman MHC-CUST,Device 65822622,16185,7,6,0,7,-103.0
Oak Tree MHP,Device 75360204,16130,8,7,0,7,-86.0
Oak Tree MHP,Device 75369676,16130,7,6,0,6,-87.0
Oak Tree MHP,Device 75370211,16130,7,6,0,7,-87.0
Oak Tree MHP,Device 75360535,17037,5,6,0,4,-88.0
Oak Tree MHP,Device 75370153,16131,5,5,0,7,-80.0
Oak Tree MHP,Device 75363299,16131,6,5,0,4,-94.0
Oak Tree MHP,Device 75367480,16131,3,3,0,4,-86.0
Oak Tree MHP,Device 70271794,16130,6,6,0,5,-93.0
Oak Tree MHP,Device 72721758,16130,5,5,0,7,-92.0
Oak Tree MHP,Device 72722749,17037,7,6,0,0,-82.0
Oak Tree MHP,Device 72716923,16193,7,6,0,6,-89.0
Oak Tree MHP,Device 72716220,16131,7,6,0,7,-82.0
Oak Tree MHP,Device 72720164,16130,6,5,0,6,-85.0
Oak Tree MHP,Device 72720610,16131,7,6,0,7,-97.0
Oak Tree MHP,Device 72717236,16131,7,6,0,7,-84.0
Oak Tree MHP,Device 70270408,16131,7,6,0,6,-88.0
Oak Tree MHP,Device 70261456,16131,7,6,0,7,-82.0
Oak Tree MHP,Device 2068584158,10671,0,0,0,,
Oak Tree MHP,Device 2068609419,10671,2,1,0,4,-76.0
Oak Tree MHP,Device 2068608056,,0,0,0,,
Oak Tree MHP,Device 2068609450,10706,0,0,0,,
Oak Tree MHP,Device 2068592912,10706,0,0,0,,
Oak Tree MHP,Device 2068588654,10706,0,0,0,,
Oak Tree MHP,Device 2068588456,10706,0,0,0,,
Oak Tree MHP,Device 2068586328,10671,0,0,0,,
Oak Tree MHP,Device 2068600772,10671,3,2,0,4,-78.0
Oak Tree MHP,Device 2068604907,10693,2,1,0,4,-91.0
Coleman Village MHC-CUST,Device 75370435,15154,7,6,0,7,-91.0
Coleman Village MHC-CUST,Device 75372415,16185,7,6,0,6,-85.0
Coleman Village MHC-CUST,Device 72723382,15154,7,6,0,7,-86.0
Coleman Village MHC-CUST,Device 75371011,15154,6,6,0,7,-72.0
Coleman Village MHC-CUST,Device 75360428,15154,7,6,0,7,-95.0
Coleman Village MHC-CUST,Device 75373454,16185,7,6,0,7,-76.0
Coleman Village MHC-CUST,Device 75373298,17037,7,6,0,0,-93.0
Coleman Village MHC-CUST,Device 72723762,17037,7,6,0,7,-81.0
Coleman Village MHC-CUST,Device 75374965,17037,7,6,0,7,-84.0
Coleman Village MHC-CUST,Device 72723788,17037,7,6,0,7,-89.0
Coleman Village MHC-CUST,Device 72724240,16185,6,5,0,6,-82.0
Coleman Village MHC-CUST,Device 75370690,16128,7,6,0,7,-87.0
Coleman Village MHC-CUST,Device 75371920,17040,7,7,0,0,-83.0
Coleman Village MHC-CUST,Device 75373744,15154,7,6,0,7,-95.0
Coleman Village MHC-CUST,Device 75371367,15154,7,6,0,7,-86.0
Coleman Village MHC-CUST,Device 72718937,16185,7,6,0,5,-84.0
Coleman Village MHC-CUST,Device 72722723,16185,8,6,1,6,-80.0
Coleman Village MHC-CUST,Device 72724380,15154,7,6,0,7,-74.0
Coleman Village MHC-CUST,Device 70266018,16185,7,6,0,7,-89.0
Coleman Village MHC-CUST,Device 70266240,16185,7,6,0,7,-81.0
Coleman Village MHC-CUST,Device 72387168,16185,8,7,0,7,-80.0
Coleman Village MHC-CUST,Device 72379132,15154,7,6,0,7,-96.0
Coleman Village MHC-CUST,Device 72382136,15154,7,6,0,2,-87.0
Coleman Village MHC-CUST,Device 72388059,15154,7,6,0,7,-85.0
Coleman Village MHC-CUST,Device 70273287,17040,7,6,0,7,-85.0
Coleman Village MHC-CUST,Device 70258924,16185,7,6,0,7,-87.0
Coleman Village MHC-CUST,Device 70260995,17037,7,6,0,7,-90.0
Coleman Village MHC-CUST,Device 70266331,16185,7,6,0,7,-86.0
Coleman Village MHC-CUST,Device 77059030,16185,7,6,0,7,-82.0
Coleman Village MHC-CUST,Device 70268543,15154,7,6,0,0,-93.0
Coleman Village MHC-CUST,Device 70272099,15154,7,6,0,7,-98.0
Coleman Village MHC-CUST,Device 70273386,15154,7,6,0,6,-83.0
Coleman Village MHC-CUST,Device 70267636,15154,7,6,0,7,-89.0
Coleman Village MHC-CUST,Device 70270622,16185,9,8,0,7,-84.0
Coleman Village MHC-CUST,Device 70271521,17037,7,6,0,7,-85.0
Coleman Village MHC-CUST,Device 70261704,15154,7,6,0,7,-90.0
Coleman Village MHC-CUST,Device 70266893,15154,7,6,0,7,-88.0
Coleman Village MHC-CUST,Device 70267073,15154,7,6,0,7,-101.0
Coleman Village MHC-CUST,Device 70266323,15154,7,6,0,7,-84.0
Coleman Village MHC-CUST,Device 70269855,15154,7,6,0,7,-96.0
Coleman Village MHC-CUST,Device 70261902,17040,8,7,0,1,-88.0
Coleman Village MHC-CUST,Device 70268550,16185,7,6,0,7,-81.0
Coleman Village MHC-CUST,Device 70259930,15154,7,6,0,7,-92.0
Coleman Village MHC-CUST,Device 70267594,16185,7,6,0,7,-65.0
Coleman Village MHC-CUST,Device 70263643,16185,7,6,0,7,-83.0
Coleman Village MHC-CUST,Device 70260235,16185,7,6,0,6,-87.0
Coleman Village MHC-CUST,Device 70259773,17037,7,6,0,7,-82.0
Coleman Village MHC-CUST,Device 70259567,16185,7,6,0,7,-84.0
Coleman Village MHC-CUST,Device 70270341,15154,6,6,0,7,-85.0
Coleman Village MHC-CUST,Device 70258411,16185,8,7,0,6,-72.0
Coleman Village MHC-CUST,Device 70270119,15154,7,6,0,7,-79.0
Coleman Village MHC-CUST,Device 70273154,15154,7,6,0,7,-88.0
Coleman Village MHC-CUST,Device 70273337,15154,7,6,0,7,-86.0
Coleman Village MHC-CUST,Device 70259039,17037,7,6,0,7,-84.0
Coleman Village MHC-CUST,Device 77059642,,0,0,0,,
Coleman Village MHC-CUST,Device 70273451,16185,7,6,0,7,-83.0
Coleman Village MHC-CUST,Device 70273360,16185,7,6,0,7,-84.0
Coleman Village MHC-CUST,Device 70270036,15154,7,6,0,7,-86.0
Coleman Village MHC-CUST,Device 70265259,15154,7,6,0,7,-88.0
Coleman Village MHC-CUST,Device 77059956,16185,8,7,0,7,-90.0
Coleman Village MHC-CUST,Device 70261332,15154,7,6,0,7,-87.0
Coleman Village MHC-CUST,Device 70260649,15154,7,6,0,7,-77.0
Coleman Village MHC-CUST,Device 70259922,15154,7,6,0,7,-91.0
Coleman Village MHC-CUST,Device 70265077,16185,7,6,0,7,-86.0
Coleman Village MHC-CUST,Device 70258395,15154,9,8,0,7,-96.0
Coleman Village MHC-CUST,Device 70261837,17037,7,6,0,0,-97.0
Coleman Village MHC-CUST,Device 70268428,15154,7,6,0,7,-90.0
Coleman Village MHC-CUST,Device 70266414,16185,8,7,0,7,-82.0
Coleman Village MHC-CUST,Device 70270572,15154,7,6,0,7,-88.0
Coleman Village MHC-CUST,Device 70260607,15154,7,6,0,7,-93.0
Coleman Village MHC-CUST,Device 70263833,17037,7,6,0,0,-98.0
Coleman Village MHC-CUST,Device 70267362,15154,7,6,0,6,-85.0
Coleman Village MHC-CUST,Device 70271539,16185,7,6,0,7,-87.0
Coleman Village MHC-CUST,Device 70267370,15154,7,6,0,7,-90.0
Coleman Village MHC-CUST,Device 70268576,16185,7,6,0,7,-78.0
Coleman Village MHC-CUST,Device 70271489,16185,7,6,0,7,-98.0
Coleman Village MHC-CUST,Device 77053454,16185,7,6,0,7,-87.0
Coleman Village MHC-CUST,Device 77028860,15154,7,6,0,7,-84.0
Coleman Village MHC-CUST,Device 77028456,15154,7,6,0,7,-84.0
Coleman Village MHC-CUST,Device 65830492,,0,0,0,,
Coleman Village MHC-CUST,Device 65831870,15154,7,6,0,7,-86.0
Coleman Village MHC-CUST,Device 68584505,16185,7,6,0,7,-90.0
Coleman Village MHC-CUST,Device 65824461,16185,7,6,0,0,-93.0
Coleman Village MHC-CUST,Device 65822655,16185,7,6,0,4,-86.0
Minot Gardens MHC-Cust,Device 65825823,,0,0,0,,
Minot Gardens MHC-Cust,Device 72386483,17037,2,1,0,7,-103.0
Minot Gardens MHC-Cust,Device 72383803,17037,2,1,0,0,-111.0
Minot Gardens MHC-Cust,Device 70261753,,0,0,0,,
Minot Gardens MHC-Cust,Device 70270853,,0,0,0,,
Minot Gardens MHC-Cust,Device 70260821,,0,0,0,,
Minot Gardens MHC-Cust,Device 70268220,16131,6,6,0,0,-121.0
Minot Gardens MHC-Cust,Device 70260771,,0,0,0,,
Minot Gardens MHC-Cust,Device 70259450,,0,0,0,,
Minot Gardens MHC-Cust,Device 70264963,16185,2,0,1,0,-122.0
Minot Gardens MHC-Cust,Device 70267883,17037,2,1,0,7,-117.0
Minot Gardens MHC-Cust,Device 70271497,17037,3,2,0,0,-119.0
Minot Gardens MHC-Cust,Device 70271109,,0,0,0,,
Minot Gardens MHC-Cust,Device 77056820,17037,2,1,0,0,-112.0
Minot Gardens MHC-Cust,Device 70268469,,0,0,0,,
Minot Gardens MHC-Cust,Device 77054445,16131,5,6,0,0,-124.0
Minot Gardens MHC-Cust,Device 65825427,,0,0,0,,
Minot Gardens MHC-Cust,Device 77053215,,0,0,0,,
Minot Gardens MHC-Cust,Device 77053553,,0,0,0,,
Minot Gardens MHC-Cust,Device 77055657,,0,0,0,,
Minot Gardens MHC-Cust,Device 77057430,17037,2,1,0,3,-109.0
Minot Gardens MHC-Cust,Device 77041699,,0,0,0,,
Minot Gardens MHC-Cust,Device 65828587,,0,0,0,,
Minot Gardens MHC-Cust,Device 65825674,,0,0,0,,
Minot Gardens MHC-Cust,Device 65827266,16131,7,6,0,0,-121.0
Minot Gardens MHC-Cust,Device 65830948,,0,0,0,,
Minot Gardens MHC-Cust,Device 65825336,,0,0,0,,
Minot Gardens MHC-Cust,Device 65827175,16131,7,6,0,2,-116.0
Minot Gardens MHC-Cust,Device 65826136,,0,0,0,,
Minot Gardens MHC-Cust,Device 65829882,,0,0,0,,
Minot Gardens MHC-Cust,Device 65827324,,0,0,0,,
Minot Gardens MHC-Cust,Device 65828397,17037,5,3,1,0,-113.0
Minot Gardens MHC-Cust,Device 65822796,,0,0,0,,
Minot Gardens MHC-Cust,Device 65824867,17037,1,0,0,0,-119.0
Minot Gardens MHC-Cust,Device 65829262,,0,0,0,,
Minot Gardens MHC-Cust,Device 65828033,17037,25,23,1,0,-115.0
Minot Gardens MHC-Cust,Device 68584513,,0,0,0,,
Minot Gardens MHC-Cust,Device 65831664,,0,0,0,,
Minot Gardens MHC-Cust,Device 65830989,,0,0,0,,
Wildwood Estates MHC-CUST,Device 75373264,17037,6,6,0,7,-99.0
Wildwood Estates MHC-CUST,Device 75363497,17040,4,8,0,0,-107.0
Wildwood Estates MHC-CUST,Device 75363687,362,9,13,0,7,-115.0
Wildwood Estates MHC-CUST,Device 75372829,16131,7,6,0,7,-96.0
Wildwood Estates MHC-CUST,Device 70272016,16185,2,4,0,1,-111.0
Wildwood Estates MHC-CUST,Device 72718564,16185,6,6,0,6,-106.0
Wildwood Estates MHC-CUST,Device 72719323,16185,4,5,0,3,-109.0
Wildwood Estates MHC-CUST,Device 72714233,362,11,12,0,5,-118.0
Wildwood Estates MHC-CUST,Device 72720339,16185,10,7,2,6,-108.0
Wildwood Estates MHC-CUST,Device 72720073,16185,7,6,0,6,-103.0
Wildwood Estates MHC-CUST,Device 72718325,16185,6,6,0,1,-106.0
Wildwood Estates MHC-CUST,Device 70265986,16131,5,5,0,5,-129.0
Wildwood Estates MHC-CUST,Device 72713961,,0,0,0,,
Wildwood Estates MHC-CUST,Device 72715891,362,10,13,0,7,-109.0
Wildwood Estates MHC-CUST,Device 72718762,362,2,1,0,1,-118.0
Wildwood Estates MHC-CUST,Device 72721725,16185,6,6,0,7,-120.0
Wildwood Estates MHC-CUST,Device 72718739,16185,7,6,0,7,-107.0
Wildwood Estates MHC-CUST,Device 72722954,17037,18,17,0,7,-110.0
Wildwood Estates MHC-CUST,Device 72718804,362,7,13,0,3,-98.0
Wildwood Estates MHC-CUST,Device 70268212,17037,6,5,0,6,-114.0
Wildwood Estates MHC-CUST,Device 70271216,17037,5,6,0,7,-104.0
Wildwood Estates MHC-CUST,Device 72723390,16185,7,6,0,6,-106.0
Wildwood Estates MHC-CUST,Device 72714217,,0,0,0,,
Wildwood Estates MHC-CUST,Device 72717947,17037,4,6,0,3,-105.0
Wildwood Estates MHC-CUST,Device 72717780,16185,7,6,0,0,-95.0
Wildwood Estates MHC-CUST,Device 72720479,16185,7,6,0,7,-107.0
Wildwood Estates MHC-CUST,Device 70262926,,0,0,0,,
Wildwood Estates MHC-CUST,Device 72717467,16185,5,6,0,3,-105.0
Wildwood Estates MHC-CUST,Device 72722178,362,9,14,0,6,-113.0
Wildwood Estates MHC-CUST,Device 72714951,16185,4,6,0,4,-101.0
Wildwood Estates MHC-CUST,Device 72721931,16185,5,6,0,0,-95.0
Wildwood Estates MHC-CUST,Device 72719778,16185,7,6,0,5,-106.0
Wildwood Estates MHC-CUST,Device 72716568,362,7,11,0,6,-99.0
Wildwood Estates MHC-CUST,Device 72717087,16185,7,6,0,6,-118.0
Wildwood Estates MHC-CUST,Device 72718911,16185,7,6,0,7,-105.0
Wildwood Estates MHC-CUST,Device 72718903,16185,7,6,0,0,-105.0
Wildwood Estates MHC-CUST,Device 72715669,16185,9,8,0,6,-103.0
Wildwood Estates MHC-CUST,Device 70272503,16185,7,8,0,7,-103.0
Wildwood Estates MHC-CUST,Device 72719810,16185,6,6,0,7,-107.0
Wildwood Estates MHC-CUST,Device 72718101,17037,7,6,0,7,-105.0
Wildwood Estates MHC-CUST,Device 72720172,362,12,13,0,7,-110.0
Wildwood Estates MHC-CUST,Device 70271687,16185,5,6,0,7,-102.0
Wildwood Estates MHC-CUST,Device 72724372,16185,7,6,0,7,-108.0
Wildwood Estates MHC-CUST,Device 72722632,362,8,10,0,5,-105.0
Wildwood Estates MHC-CUST,Device 72724489,16185,7,6,0,3,-112.0
Wildwood Estates MHC-CUST,Device 72717293,16185,7,6,0,7,-111.0
Wildwood Estates MHC-CUST,Device 72717723,16185,7,6,0,7,-103.0
Wildwood Estates MHC-CUST,Device 72716071,362,9,9,0,4,-116.0
Wildwood Estates MHC-CUST,Device 70261795,,0,0,0,,
Maple Run MHC,,,0,0,0,,
Maple Run MHC,,,0,0,0,,
Maple Run MHC,,16022,8,7,0,7,-115.0
Pleasant View MHP,Device 72390428,,0,0,0,,
Mena Estates MHC,Device 72385618,16185,7,6,0,0,-96.0
Mena Estates MHC,Device 72390634,17037,31,30,0,7,-95.0
Mena Estates MHC,Device 77059790,16185,7,6,0,7,-79.0
Mena Estates MHC,Device 70264674,16185,7,6,0,7,-85.0
Mena Estates MHC,Device 70268089,17037,7,6,0,7,-87.0
Mena Estates MHC,Device 70261522,17037,7,6,0,6,-97.0
Mena Estates MHC,Device 70271208,17037,10,9,0,7,-90.0
Mena Estates MHC,Device 70269822,16185,7,6,0,7,-80.0
Mena Estates MHC,Device 70261258,16185,7,6,0,7,-99.0
Mena Estates MHC,Device 70268170,16185,7,6,0,0,-84.0
Mena Estates MHC,Device 70264708,16185,7,6,0,0,-106.0
Mena Estates MHC,Device 70270325,16185,7,6,0,7,-84.0
Mena Estates MHC,Device 70269848,16185,8,7,0,7,-80.0
Mena Estates MHC,Device 77055681,16185,10,9,0,7,-91.0
Mena Estates MHC,Device 77057125,16185,7,6,0,0,-95.0
Mena Estates MHC,Device 65823091,,0,0,0,,
Mena Estates MHC,Device 77055269,16185,9,8,0,6,-91.0
Mena Estates MHC,Device 77057653,16185,7,6,0,3,-83.0
Mena Estates MHC,Device 77055053,16185,7,6,0,7,-75.0
Mena Estates MHC,Device 77055079,16185,7,6,0,7,-92.0
Mena Estates MHC,Device 77053801,17037,7,6,0,4,-92.0
Mena Estates MHC,Device 77062158,16185,7,6,0,6,-79.0
Mena Estates MHC,Device 77055210,16185,7,6,0,0,-104.0
Mena Estates MHC,Device 77054221,16185,7,6,0,7,-65.0
Mena Estates MHC,Device 77061671,16185,7,6,0,0,-93.0
Mena Estates MHC,Device 77041855,16185,7,6,0,7,-110.0
Mena Estates MHC,Device 77041319,16185,7,6,0,0,-95.0
Mena Estates MHC,Device 65824339,16185,7,6,0,0,-97.0
Mena Estates MHC,Device 77061101,16185,10,9,0,7,-94.0
Mena Estates MHC,Device 77054858,16185,7,6,0,7,-85.0
Mena Estates MHC,Device 77052001,16185,7,6,0,7,-86.0
Mena Estates MHC,Device 77053413,17037,8,7,0,7,-88.0
Mena Estates MHC,Device 77057760,16185,8,7,0,7,-90.0
Mena Estates MHC,Device 77058594,17037,7,6,0,7,-96.0
Mena Estates MHC,Device 65829874,17037,7,6,0,7,-73.0
Mena Estates MHC,Device 65827878,16185,7,6,0,7,-86.0
Mena Estates MHC,Device 77054395,16185,7,6,0,7,-85.0
Mena Estates MHC,Device 77058248,17037,7,6,0,0,-94.0
Mena Estates MHC,Device 77058123,17037,7,6,0,7,-82.0
Mena Estates MHC,Device 77055491,16185,7,6,0,7,-73.0
Mena Estates MHC,Device 65825708,16185,17,16,0,7,-89.0
Mena Estates MHC,Device 65831433,16185,7,6,0,7,-86.0
Mena Estates MHC,Device 65830724,16185,7,6,0,7,-74.0
Mena Estates MHC,Device 65826177,17037,7,6,0,7,-85.0
Mena Estates MHC,Device 65825021,16185,7,6,0,0,-87.0
Mena Estates MHC,Device 65829072,16185,7,6,0,7,-84.0
Mena Estates MHC,Device 65831763,16185,7,6,0,0,-83.0
Mena Estates MHC,Device 65831615,16185,7,6,0,0,-79.0
La Comunidad MHC-CUST,Device 70262280,16185,7,6,0,5,-100.0
La Comunidad MHC-CUST,Device 70272107,16185,10,9,0,7,-108.0
La Comunidad MHC-CUST,Device 70273022,16185,4,6,0,6,-110.0
La Comunidad MHC-CUST,Device 70270499,16185,7,6,0,7,-115.0
La Comunidad MHC-CUST,Device 72379124,16185,7,6,0,0,-97.0
La Comunidad MHC-CUST,Device 70258643,16185,5,5,0,6,-98.0
La Comunidad MHC-CUST,Device 70261274,362,12,13,0,7,-101.0
La Comunidad MHC-CUST,Device 70265523,16185,7,6,0,6,-98.0
La Comunidad MHC-CUST,Device 70269467,16185,7,6,0,0,-90.0
La Comunidad MHC-CUST,Device 72383993,16185,6,5,0,3,-87.0
La Comunidad MHC-CUST,Device 70269277,16185,7,6,0,7,-94.0
La Comunidad MHC-CUST,Device 72387291,16185,7,6,0,7,-96.0
La Comunidad MHC-CUST,Device 72387804,,0,0,0,,
La Comunidad MHC-CUST,Device 70265994,16185,6,6,0,6,-102.0
La Comunidad MHC-CUST,Device 72383944,,0,0,0,,
La Comunidad MHC-CUST,Device 70270721,362,9,13,0,7,-97.0
La Comunidad MHC-CUST,Device 72380213,16185,7,6,0,6,-108.0
La Comunidad MHC-CUST,Device 72380353,16185,6,6,0,7,-96.0
La Comunidad MHC-CUST,Device 72386285,16185,4,6,0,3,-97.0
La Comunidad MHC-CUST,Device 70266737,16185,7,6,0,7,-112.0
La Comunidad MHC-CUST,Device 72387648,16185,7,6,0,6,-106.0
La Comunidad MHC-CUST,Device 72384546,16185,11,10,0,7,-103.0
La Comunidad MHC-CUST,Device 72383977,16185,6,6,0,4,-103.0
La Comunidad MHC-CUST,Device 72380130,16185,5,6,0,4,-107.0
La Comunidad MHC-CUST,Device 72387770,362,12,13,0,7,-103.0
La Comunidad MHC-CUST,Device 72380247,16185,6,6,0,7,-97.0
La Comunidad MHC-CUST,Device 70270002,16185,17,16,0,7,-103.0
La Comunidad MHC-CUST,Device 70262439,16185,7,6,0,7,-108.0
La Comunidad MHC-CUST,Device 70261779,17037,7,6,0,0,-88.0
La Comunidad MHC-CUST,Device 72384058,16185,6,6,0,4,-89.0
La Comunidad MHC-CUST,Device 72380601,362,8,13,0,7,-107.0
La Comunidad MHC-CUST,Device 70265267,16185,6,5,0,7,-104.0
La Comunidad MHC-CUST,Device 70266026,,0,0,0,,
La Comunidad MHC-CUST,Device 72387960,16185,7,6,0,7,-96.0
La Comunidad MHC-CUST,Device 70265580,16185,6,6,0,0,-104.0
La Comunidad MHC-CUST,Device 72380262,,0,0,0,,
La Comunidad MHC-CUST,Device 70269236,16185,7,6,0,6,-112.0
La Comunidad MHC-CUST,Device 72387952,16185,7,6,0,6,-111.0
La Comunidad MHC-CUST,Device 72384082,,0,0,0,,
La Comunidad MHC-CUST,Device 72387069,16185,6,7,0,6,-97.0
La Comunidad MHC-CUST,Device 70266083,16185,7,6,0,5,-95.0
La Comunidad MHC-CUST,Device 70261548,362,12,13,0,7,-94.0
La Comunidad MHC-CUST,Device 72381450,16022,6,6,0,1,-97.0
La Comunidad MHC-CUST,Device 72387747,17037,7,6,0,7,-106.0
La Comunidad MHC-CUST,Device 72387010,16185,8,7,0,5,-90.0
La Comunidad MHC-CUST,Device 70258429,16185,5,6,0,4,-111.0
La Comunidad MHC-CUST,Device 72380478,16185,6,6,0,4,-91.0
La Comunidad MHC-CUST,Device 72379678,362,12,13,0,7,-108.0
La Comunidad MHC-CUST,Device 72384108,16185,6,6,0,6,-97.0
La Comunidad MHC-CUST,Device 72384264,16185,7,6,0,7,-103.0
La Comunidad MHC-CUST,Device 72380577,362,8,13,0,7,-114.0
La Comunidad MHC-CUST,Device 72387077,17037,6,5,0,5,-121.0
La Comunidad MHC-CUST,Device 70269905,362,6,12,0,2,-120.0
La Comunidad MHC-CUST,Device 70272206,16185,6,6,0,7,-110.0
La Comunidad MHC-CUST,Device 72380346,16185,6,6,0,6,-126.0
La Comunidad MHC-CUST,Device 70269285,16185,7,6,0,7,-98.0
La Comunidad MHC-CUST,Device 70269384,16185,7,6,0,5,-102.0
La Comunidad MHC-CUST,Device 70268816,16185,6,5,0,2,-106.0
La Comunidad MHC-CUST,Device 72387762,16185,7,6,0,7,-103.0
La Comunidad MHC-CUST,Device 72384249,16185,7,6,0,4,-107.0
La Comunidad MHC-CUST,Device 72384165,16185,7,6,0,4,-112.0
La Comunidad MHC-CUST,Device 72387028,,0,0,0,,
La Comunidad MHC-CUST,Device 70265499,16185,6,6,0,6,-110.0
La Comunidad MHC-CUST,Device 72378316,16185,6,5,0,7,-99.0
La Comunidad MHC-CUST,Device 72380429,17037,10,9,0,7,-99.0
La Comunidad MHC-CUST,Device 70269038,362,12,13,0,7,-106.0
La Comunidad MHC-CUST,Device 72380544,16185,11,10,0,7,-101.0
La Comunidad MHC-CUST,Device 70271943,16185,7,6,0,7,-96.0
La Comunidad MHC-CUST,Device 72380494,16185,8,8,0,7,-102.0
La Comunidad MHC-CUST,Device 72391665,16022,6,6,0,7,-102.0
La Comunidad MHC-CUST,Device 70270267,17037,7,6,0,0,-114.0
La Comunidad MHC-CUST,Device 72380320,16185,7,6,0,6,-105.0
La Comunidad MHC-CUST,Device 70269558,16185,7,6,0,6,-107.0
La Comunidad MHC-CUST,Device 72387598,16185,7,6,0,7,-93.0
La Comunidad MHC-CUST,Device 72384561,16185,7,6,0,6,-105.0
La Comunidad MHC-CUST,Device 72387705,16185,6,6,0,6,-99.0
La Comunidad MHC-CUST,Device 72384025,362,10,13,0,7,-91.0
La Comunidad MHC-CUST,Device 72387465,16185,7,6,0,3,-103.0
La Comunidad MHC-CUST,Device 70267800,16185,6,5,0,6,-100.0
La Comunidad MHC-CUST,Device 72384686,16185,5,5,0,7,-114.0
La Comunidad MHC-CUST,Device 70272198,16185,8,6,1,6,-111.0
La Comunidad MHC-CUST,Device 70271414,16185,6,6,0,6,-108.0
La Comunidad MHC-CUST,Device 72384595,16185,10,9,0,7,-105.0
La Comunidad MHC-CUST,Device 70265457,16185,7,6,0,7,-101.0
La Comunidad MHC-CUST,Device 72380775,16185,7,6,0,6,-107.0
La Comunidad MHC-CUST,Device 70266182,16185,6,6,0,7,-99.0
La Comunidad MHC-CUST,Device 72384124,17037,21,20,0,7,-94.0
La Comunidad MHC-CUST,Device 72384207,16185,7,6,0,7,-103.0
La Comunidad MHC-CUST,Device 70267669,16185,7,6,0,6,-118.0
La Comunidad MHC-CUST,Device 72380676,,0,0,0,,
La Comunidad MHC-CUST,Device 72391178,16185,6,6,0,7,-106.0
La Comunidad MHC-CUST,Device 72383746,16185,6,6,0,5,-101.0
La Comunidad MHC-CUST,Device 70258775,,0,0,0,,
La Comunidad MHC-CUST,Device 72386947,16185,7,6,0,7,-114.0
La Comunidad MHC-CUST,Device 70269962,16185,9,8,0,6,-96.0
La Comunidad MHC-CUST,Device 72384140,16185,6,6,0,7,-98.0
La Comunidad MHC-CUST,Device 72387739,16185,7,6,0,4,-119.0
La Comunidad MHC-CUST,Device 72381724,362,11,12,0,7,-108.0
La Comunidad MHC-CUST,Device 72380460,16185,7,6,0,7,-81.0
La Comunidad MHC-CUST,Device 72384041,16185,7,6,0,6,-102.0
La Comunidad MHC-CUST,Device 72378688,16185,4,6,0,3,-110.0
La Comunidad MHC-CUST,Device 70259575,17037,7,6,0,7,-98.0
La Comunidad MHC-CUST,Device 72380296,16185,7,6,0,7,-101.0
La Comunidad MHC-CUST,Device 70273634,16022,6,5,0,7,-116.0
La Comunidad MHC-CUST,Device 70272164,16185,7,6,0,7,-99.0
La Comunidad MHC-CUST,Device 72379058,362,9,11,0,5,-120.0
La Comunidad MHC-CUST,Device 72379660,16185,7,6,0,0,-95.0
La Comunidad MHC-CUST,Device 70268758,16022,6,5,0,7,-108.0
La Comunidad MHC-CUST,Device 72387994,16185,7,6,0,6,-99.0
La Comunidad MHC-CUST,Device 72383910,16185,6,6,0,6,-105.0
La Comunidad MHC-CUST,Device 70260318,16185,8,7,0,6,-108.0
La Comunidad MHC-CUST,Device 70266042,16185,5,6,0,3,-104.0
La Comunidad MHC-CUST,Device 72388315,,0,0,0,,
La Comunidad MHC-CUST,Device 72391913,16185,7,6,0,7,-98.0
La Comunidad MHC-CUST,Device 72381278,,0,0,0,,
La Comunidad MHC-CUST,Device 72379371,16185,7,6,0,7,-101.0
La Comunidad MHC-CUST,Device 72381963,16185,7,6,0,7,-108.0
La Comunidad MHC-CUST,Device 72387002,362,13,14,0,7,-99.0
La Comunidad MHC-CUST,Device 70258999,16185,7,6,0,0,-102.0
La Comunidad MHC-CUST,Device 70269590,,0,0,0,,
La Comunidad MHC-CUST,Device 70262082,362,8,13,0,7,-102.0
La Comunidad MHC-CUST,Device 72378308,16185,7,6,0,7,-103.0
La Comunidad MHC-CUST,Device 72387267,17037,6,5,0,7,-89.0
La Comunidad MHC-CUST,Device 72379298,362,11,14,0,7,-87.0
La Comunidad MHC-CUST,Device 72379363,16185,9,7,1,7,-116.0
La Comunidad MHC-CUST,Device 72379215,16185,7,6,0,6,-105.0
La Comunidad MHC-CUST,Device 72379587,362,11,13,0,7,-102.0
La Comunidad MHC-CUST,Device 72381997,16184,7,6,0,6,-95.0
La Comunidad MHC-CUST,Device 72391855,16185,6,6,0,6,-96.0
La Comunidad MHC-CUST,Device 72378738,16185,6,6,0,5,-110.0
La Comunidad MHC-CUST,Device 70269764,16185,7,6,0,0,-91.0
La Comunidad MHC-CUST,Device 70259583,16185,6,6,0,5,-105.0
La Comunidad MHC-CUST,Device 72391236,16185,7,6,0,7,-96.0
La Comunidad MHC-CUST,Device 72378720,362,12,15,0,7,-100.0
La Comunidad MHC-CUST,Device 72378852,16185,8,7,0,7,-95.0
La Comunidad MHC-CUST,Device 72390535,16185,4,6,0,5,-93.0
La Comunidad MHC-CUST,Device 70265549,16185,7,8,0,6,-96.0
La Comunidad MHC-CUST,Device 72379405,16185,7,6,0,7,-101.0
La Comunidad MHC-CUST,Device 70259872,362,13,13,0,7,-107.0
La Comunidad MHC-CUST,Device 70267446,16185,7,6,0,7,-107.0
La Comunidad MHC-CUST,Device 72387622,16185,6,5,0,7,-93.0
La Comunidad MHC-CUST,Device 70273006,16185,7,6,0,6,-93.0
La Comunidad MHC-CUST,Device 72379108,16185,6,6,0,6,-107.0
La Comunidad MHC-CUST,Device 70265721,16185,7,6,0,7,-94.0
La Comunidad MHC-CUST,Device 70263783,16185,6,6,0,6,-86.0
La Comunidad MHC-CUST,Device 70266265,16185,7,6,0,7,-106.0
La Comunidad MHC-CUST,Device 70272545,16185,7,6,0,5,-114.0
La Comunidad MHC-CUST,Device 72385634,16185,6,5,0,6,-106.0
La Comunidad MHC-CUST,Device 72390857,16185,7,6,0,3,-89.0
La Comunidad MHC-CUST,Device 72390840,16185,9,9,0,6,-102.0
La Comunidad MHC-CUST,Device 70261514,16185,7,6,0,0,-109.0
La Comunidad MHC-CUST,Device 70259302,,0,0,0,,
La Comunidad MHC-CUST,Device 70260888,16185,8,7,0,7,-114.0
La Comunidad MHC-CUST,Device 65822291,16185,7,6,0,1,-105.0
La Comunidad MHC-CUST,Device 68618733,16185,7,6,0,7,-109.0
La Comunidad MHC-CUST,Device 65831409,17037,8,7,0,7,-102.0
La Comunidad MHC-CUST,Device 65831805,16185,7,6,0,7,-100.0
Wildwood Village MHC-CUST,Device 75363406,16185,6,5,0,6,-87.0
Wildwood Village MHC-CUST,Device 75362333,16185,7,6,0,7,-92.0
Wildwood Village MHC-CUST,Device 75362507,16185,9,10,0,6,-89.0
Wildwood Village MHC-CUST,Device 75364149,17037,7,6,0,2,-85.0
Wildwood Village MHC-CUST,Device 72715776,17037,7,6,0,7,-91.0
Wildwood Village MHC-CUST,Device 72719943,16185,7,6,0,7,-76.0
Wildwood Village MHC-CUST,Device 72718374,16185,7,6,0,7,-97.0
Wildwood Village MHC-CUST,Device 72717160,16185,7,6,0,7,-88.0
Wildwood Village MHC-CUST,Device 72715156,16185,6,6,0,7,-93.0
Wildwood Village MHC-CUST,Device 72721733,,0,0,0,,
Wildwood Village MHC-CUST,Device 72722863,362,13,14,0,7,-102.0
Wildwood Village MHC-CUST,Device 72722483,,0,0,0,,
Wildwood Village MHC-CUST,Device 72722400,362,11,13,0,7,-83.0
Wildwood Village MHC-CUST,Device 72722509,17037,7,6,0,0,-90.0
Wildwood Village MHC-CUST,Device 72716857,16185,7,6,0,6,-80.0
Wildwood Village MHC-CUST,Device 72714332,362,9,13,0,5,-84.0
Wildwood Village MHC-CUST,Device 72716451,,0,0,0,,
Wildwood Village MHC-CUST,Device 72722384,16185,6,5,0,7,-82.0
Wildwood Village MHC-CUST,Device 72714001,16185,5,4,0,6,-87.0
Wildwood Village MHC-CUST,Device 72721543,16185,5,6,0,5,-84.0
Wildwood Village MHC-CUST,Device 72715933,16185,6,6,0,7,-78.0
Wildwood Village MHC-CUST,Device 70272651,362,10,13,0,7,-92.0
Wildwood Village MHC-CUST,Device 70271703,16185,10,9,0,7,-93.0
Wildwood Village MHC-CUST,Device 65829544,16185,7,6,0,7,-87.0
Wildwood Village MHC-CUST,Device 65831896,362,10,13,0,7,-99.0
Kay Lou-Cust,Device 75363885,16131,7,6,0,6,-105.0
Kay Lou-Cust,Device 75370807,16131,7,6,0,7,-106.0
Kay Lou-Cust,Device 79463541,16131,7,6,0,7,-82.0
Kay Lou-Cust,Device 79454755,16131,7,6,0,7,-90.0
Kay Lou-Cust,Device 75367159,16131,7,6,0,7,-91.0
Kay Lou-Cust,Device 75362481,16131,7,6,0,7,-83.0
Kay Lou-Cust,Device 79466106,17037,7,6,0,7,-97.0
Kay Lou-Cust,Device 75364305,17037,7,6,0,7,-88.0
Kay Lou-Cust,Device 75365807,16131,7,6,0,7,-91.0
Kay Lou-Cust,Device 79462766,16131,7,6,0,0,-88.0
Kay Lou-Cust,Device 79453450,16131,7,6,0,3,-91.0
Kay Lou-Cust,Device 79454268,16131,7,6,0,7,-76.0
Kay Lou-Cust,Device 75374510,,0,0,0,,
Kay Lou-Cust,Device 79455372,16131,7,6,0,7,-101.0
Kay Lou-Cust,Device 75368975,16131,7,6,0,4,-83.0
Kay Lou-Cust,Device 75373447,16131,7,6,0,0,-84.0
Kay Lou-Cust,Device 75363125,16131,7,6,0,5,-102.0
Kay Lou-Cust,Device 75369379,16131,7,6,0,7,-101.0
Kay Lou-Cust,Device 75374882,17037,10,9,0,5,-93.0
Kay Lou-Cust,Device 75371086,16131,7,6,0,7,-86.0
Kay Lou-Cust,Device 75364271,16131,7,6,0,7,-92.0
Kay Lou-Cust,Device 75366045,16131,7,6,0,7,-94.0
Kay Lou-Cust,Device 75368009,17037,7,6,0,7,-85.0
Kay Lou-Cust,Device 79460422,17032,7,6,0,7,-83.0
Kay Lou-Cust,Device 75369288,16131,7,6,0,7,-104.0
Kay Lou-Cust,Device 75360253,17037,7,6,0,7,-89.0
Kay Lou-Cust,Device 75370609,16131,14,13,0,7,-111.0
Kay Lou-Cust,Device 75365864,16131,7,6,0,7,-95.0
Kay Lou-Cust,Device 75360188,16131,7,6,0,2,-89.0
Kay Lou-Cust,Device 75365419,16131,7,6,0,7,-101.0
Kay Lou-Cust,Device 79465702,17037,17,16,0,7,-89.0
Kay Lou-Cust,Device 75369130,16131,7,6,0,7,-84.0
Kay Lou-Cust,Device 75366342,16131,7,6,0,7,-106.0
Kay Lou-Cust,Device 75360592,16131,7,6,0,7,-86.0
Kay Lou-Cust,Device 79460547,16131,7,6,0,7,-90.0
Kay Lou-Cust,Device 75367720,16131,7,6,0,5,-80.0
Kay Lou-Cust,Device 79455562,17037,7,6,0,7,-92.0
Kay Lou-Cust,Device 79460919,17040,7,6,0,0,-83.0
Kay Lou-Cust,Device 75360816,17040,10,11,0,7,-91.0
Kay Lou-Cust,Device 75374536,16131,7,6,0,7,-99.0
Kay Lou-Cust,Device 75366300,16131,6,6,0,0,-85.0
Kay Lou-Cust,Device 75360873,16131,7,6,0,6,-83.0
Kay Lou-Cust,Device 79458038,16131,7,6,0,7,-96.0
Kay Lou-Cust,Device 79466247,16131,7,6,0,6,-93.0
Kay Lou-Cust,Device 79465447,17037,7,6,0,7,-86.0
Kay Lou-Cust,Device 79453971,16131,7,6,0,7,-108.0
Kay Lou-Cust,Device 79464721,16131,7,6,0,7,-80.0
Kay Lou-Cust,Device 79455216,16131,7,6,0,7,-92.0
Kay Lou-Cust,Device 75366284,16131,7,6,0,7,-83.0
Kay Lou-Cust,Device 79466791,16131,7,6,0,7,-89.0
Kay Lou-Cust,Device 75367688,16131,7,6,0,6,-82.0
Kay Lou-Cust,Device 75374742,16131,7,6,0,6,-86.0
Kay Lou-Cust,Device 75361152,17037,7,6,0,6,-88.0
Kay Lou-Cust,Device 72390279,17040,7,6,0,3,-92.0
Kay Lou-Cust,Device 72392101,17037,7,6,0,4,-82.0
Kay Lou-Cust,Device 72385527,16131,7,6,0,7,-98.0
Kay Lou-Cust,Device 72390667,16131,7,6,0,7,-85.0
Kay Lou-Cust,Device 72383589,16131,7,6,0,7,-91.0
Kay Lou-Cust,Device 70273592,16131,6,5,0,6,-88.0
Kay Lou-Cust,Device 72380759,16131,7,6,0,6,-89.0
Kay Lou-Cust,Device 72382938,17040,7,6,0,4,-85.0
Kay Lou-Cust,Device 72390436,16131,7,6,0,6,-100.0
Kay Lou-Cust,Device 72389628,16131,7,6,0,7,-96.0
Kay Lou-Cust,Device 72389024,16131,7,6,0,7,-102.0
Maple Run MHC-CUST,Missing Meter 120,,0,0,0,,
Maple Run MHC-CUST,Device 72718267,362,12,13,0,7,-111.0
Maple Run MHC-CUST,Device 72722525,362,8,13,0,5,-111.0
Maple Run MHC-CUST,Device 72715214,362,11,13,0,7,-110.0
Maple Run MHC-CUST,Device 72722855,362,8,13,0,7,-114.0
Maple Run MHC-CUST,Device 72721329,362,11,12,0,7,-117.0
Maple Run MHC-CUST,Device 70271737,362,7,12,0,1,-114.0
Maple Run MHC-CUST,Device 72716303,362,13,14,0,7,-117.0
Maple Run MHC-CUST,Device 72714878,362,15,15,0,7,-119.0
Maple Run MHC-CUST,Device 72721881,362,10,13,0,7,-110.0
Maple Run MHC-CUST,Device 72716386,362,11,13,0,6,-116.0
Maple Run MHC-CUST,Device 72722640,362,28,27,0,0,-110.0
Maple Run MHC-CUST,Device 72718002,362,11,13,0,7,-112.0
Maple Run MHC-CUST,Device 72716097,362,11,14,0,7,-112.0
Maple Run MHC-CUST,Device 72722277,362,11,10,0,7,-112.0
Maple Run MHC-CUST,Device 72391681,362,7,12,0,1,-113.0
Maple Run MHC-CUST,Device 72391137,362,13,13,0,7,-114.0
Maple Run MHC-CUST,Device 70273469,362,9,11,0,6,-111.0
Maple Run MHC-CUST,Device 72386681,362,10,13,0,7,-115.0
Maple Run MHC-CUST,Device 72381153,362,13,13,0,7,-115.0
Maple Run MHC-CUST,Device 72382052,362,11,13,0,1,-112.0
Maple Run MHC-CUST,Device 72391327,362,11,13,0,7,-112.0
Maple Run MHC-CUST,Device 72383126,362,14,13,0,7,-120.0
Maple Run MHC-CUST,Device 70272818,362,14,13,0,7,-107.0
Maple Run MHC-CUST,Device 72390949,362,13,12,0,7,-122.0
Maple Run MHC-CUST,Device 70270531,362,12,13,0,7,-109.0
Maple Run MHC-CUST,Device 70266521,16022,8,7,0,7,-121.0
Maple Run MHC-CUST,Device 70264757,362,8,13,0,7,-112.0
Maple Run MHC-CUST,Device 77059659,362,11,13,0,7,-108.0
Maple Run MHC-CUST,Device 70270507,362,10,13,0,7,-108.0
Maple Run MHC-CUST,Device 70273311,362,7,12,0,4,-124.0
Maple Run MHC-CUST,Device 70268568,362,11,13,0,7,-121.0
Maple Run MHC-CUST,Device 70264575,362,8,13,0,7,-111.0
Maple Run MHC-CUST,Device 70266901,17040,9,7,1,1,-119.0
Maple Run MHC-CUST,Device 70267297,362,11,13,0,7,-117.0
Maple Run MHC-CUST,Device 70270473,362,13,13,0,7,-121.0
Maple Run MHC-CUST,Device 70264872,362,10,13,0,7,-110.0
Maple Run MHC-CUST,Device 70264567,16022,7,6,0,7,-109.0
Maple Run MHC-CUST,Device 70273170,362,9,13,0,7,-119.0
Maple Run MHC-CUST,Device 70270598,362,13,12,0,7,-122.0
Maple Run MHC-CUST,Device 70264591,16022,6,6,0,0,-118.0
Maple Run MHC-CUST,Device 70270564,362,10,13,0,7,-115.0
Maple Run MHC-CUST,Device 70271224,362,12,13,0,7,-115.0
Maple Run MHC-CUST,Device 70267305,362,11,12,0,6,-111.0
Maple Run MHC-CUST,Device 70264500,362,11,13,0,7,-122.0
Maple Run MHC-CUST,Device 70258452,16022,6,6,0,0,-120.0
Maple Run MHC-CUST,Device 70267099,362,10,13,0,7,-113.0
Maple Run MHC-CUST,Device 70258833,362,9,13,0,7,-115.0
Maple Run MHC-CUST,Device 70271059,362,14,13,0,7,-119.0
Maple Run MHC-CUST,Device 70263213,362,12,13,0,7,-118.0
Maple Run MHC-CUST,Device 70264716,362,10,13,0,7,-121.0
Maple Run MHC-CUST,Device 77028563,362,10,13,0,7,-116.0
Maple Run MHC-CUST,Device 70264526,16131,7,6,0,7,-116.0
Maple Run MHC-CUST,Device 70261597,362,12,14,0,7,-116.0
Maple Run MHC-CUST,Device 70270135,362,8,7,0,7,-116.0
Maple Run MHC-CUST,Device 70267032,362,8,13,0,7,-112.0
Maple Run MHC-CUST,Device 70259781,362,11,13,0,7,-118.0
Maple Run MHC-CUST,Device 70271075,362,11,13,0,7,-115.0
Maple Run MHC-CUST,Device 70270861,362,9,13,0,7,-118.0
Maple Run MHC-CUST,Device 70271984,362,10,13,0,3,-123.0
Maple Run MHC-CUST,Device 70267818,362,7,13,0,3,-112.0
Maple Run MHC-CUST,Device 70270663,362,11,13,0,6,-108.0
Maple Run MHC-CUST,Device 70258510,362,12,13,0,7,-109.0
Maple Run MHC-CUST,Device 70269392,362,12,13,0,7,-116.0
Maple Run MHC-CUST,Device 70259328,362,11,13,0,7,-115.0
Maple Run MHC-CUST,Device 70268394,362,10,13,0,6,-112.0
Maple Run MHC-CUST,Device 70269053,362,11,13,0,7,-111.0
Maple Run MHC-CUST,Device 77059147,16131,7,6,0,7,-109.0
Maple Run MHC-CUST,Device 70267123,362,10,9,0,7,-112.0
Maple Run MHC-CUST,Device 70260854,362,12,12,0,6,-117.0
Maple Run MHC-CUST,Device 70264807,362,12,13,0,6,-117.0
Maple Run MHC-CUST,Device 70258460,362,6,6,0,0,-116.0
Maple Run MHC-CUST,Device 70271125,362,10,12,0,7,-105.0
Maple Run MHC-CUST,Device 70260755,362,12,13,0,7,-116.0
Maple Run MHC-CUST,Device 70264781,362,7,12,0,5,-109.0
Maple Run MHC-CUST,Device 70268261,362,8,13,0,7,-118.0
Maple Run MHC-CUST,Device 70272081,362,8,13,0,7,-115.0
Maple Run MHC-CUST,Device 70271091,362,9,13,0,0,-123.0
Maple Run MHC-CUST,Device 70261696,362,9,12,0,6,-112.0
Maple Run MHC-CUST,Device 70259492,362,9,13,0,7,-118.0
Maple Run MHC-CUST,Device 70270424,362,10,13,0,7,-115.0
Maple Run MHC-CUST,Device 70270994,362,12,13,0,7,-116.0
Maple Run MHC-CUST,Device 77059998,362,12,13,0,7,-110.0
Maple Run MHC-CUST,Device 70260219,362,11,13,0,7,-108.0
Maple Run MHC-CUST,Device 70260425,362,11,13,0,7,-106.0
Maple Run MHC-CUST,Device 70260961,362,11,13,0,7,-117.0
Maple Run MHC-CUST,Device 70265028,16022,7,6,0,1,-116.0
Maple Run MHC-CUST,Device 77059964,362,11,13,0,7,-109.0
Maple Run MHC-CUST,Device 77059824,362,10,13,0,7,-113.0
Maple Run MHC-CUST,Device 70266950,362,7,6,0,7,-113.0
Maple Run MHC-CUST,Device 77058693,362,7,13,0,7,-112.0
Maple Run MHC-CUST,Device 70270630,362,9,13,0,7,-100.0
Maple Run MHC-CUST,Device 70267321,362,10,13,0,5,-119.0
Maple Run MHC-CUST,Device 70265309,16022,7,6,0,5,-115.0
Maple Run MHC-CUST,Device 77059832,362,12,13,0,6,-115.0
Maple Run MHC-CUST,Device 70260151,362,12,13,0,7,-110.0
Maple Run MHC-CUST,Device 70268402,362,11,13,0,7,-121.0
Maple Run MHC-CUST,Device 70268071,362,11,13,0,7,-107.0
Maple Run MHC-CUST,Device 70270028,362,9,13,0,7,-110.0
Maple Run MHC-CUST,Device 70270796,362,5,6,0,7,-114.0
Maple Run MHC-CUST,Device 70269632,362,12,13,0,7,-114.0
Maple Run MHC-CUST,Device 70267222,17037,8,7,0,6,-114.0
Maple Run MHC-CUST,Device 77059915,362,8,13,0,7,-109.0
Maple Run MHC-CUST,Device 70267081,362,7,13,0,1,-116.0
Maple Run MHC-CUST,Device 70267180,362,14,13,0,7,-117.0
Maple Run MHC-CUST,Device 70265812,362,12,12,0,7,-117.0
Maple Run MHC-CUST,Device 70258437,362,11,13,0,7,-105.0
Maple Run MHC-CUST,Device 70267263,362,13,13,0,6,-118.0
Maple Run MHC-CUST,Device 77059683,362,11,14,0,7,-114.0
Maple Run MHC-CUST,Device 70267545,362,12,13,0,7,-120.0
Maple Run MHC-CUST,Device 70258577,362,12,13,0,7,-111.0
Maple Run MHC-CUST,Device 70271422,362,12,13,0,7,-116.0
Maple Run MHC-CUST,Device 70273527,362,10,13,0,7,-113.0
Maple Run MHC-CUST,Device 70266943,362,9,11,0,5,-122.0
Maple Run MHC-CUST,Device 70270838,362,11,13,0,7,-114.0
Maple Run MHC-CUST,Device 70259716,362,8,13,0,7,-112.0
Maple Run MHC-CUST,Device 70265465,362,7,13,0,2,-119.0
Maple Run MHC-CUST,Device 70260896,17040,6,4,1,0,-124.0
Maple Run MHC-CUST,Device 70272040,362,11,13,0,7,-115.0
Maple Run MHC-CUST,Device 70261399,362,11,13,0,7,-113.0
Maple Run MHC-CUST,Device 70268337,16131,7,6,0,6,-117.0
Maple Run MHC-CUST,Device 70272057,16022,7,6,0,6,-114.0
Maple Run MHC-CUST,Device 77061069,362,9,13,0,7,-109.0
Maple Run MHC-CUST,Device 70267008,362,14,13,0,7,-118.0
Maple Run MHC-CUST,Device 70264344,362,13,13,0,7,-114.0
Maple Run MHC-CUST,Device 70270549,362,9,13,0,7,-113.0
Maple Run MHC-CUST,Device 70260201,362,12,13,0,4,-111.0
Maple Run MHC-CUST,Device 70264609,362,13,13,0,7,-115.0
Maple Run MHC-CUST,Device 77055061,362,14,14,0,7,-119.0
Maple Run MHC-CUST,Device 65823851,362,9,13,0,7,-110.0
Maple Run MHC-CUST,Device 77060293,362,11,13,0,7,-111.0
Maple Run MHC-CUST,Device 77041822,16022,7,6,0,7,-119.0
Maple Run MHC-CUST,Device 77052233,16131,7,6,0,7,-111.0
Maple Run MHC-CUST,Device 77061630,362,14,13,0,7,-111.0
Maple Run MHC-CUST,Device 77055236,362,7,7,0,7,-115.0
Maple Run MHC-CUST,Device 65826359,362,12,13,0,7,-120.0
Maple Run MHC-CUST,Device 65827423,362,12,13,0,7,-110.0
Maple Run MHC-CUST,Device 65828835,362,9,13,0,5,-118.0
Maple Run MHC-CUST,Device 65824610,362,11,13,0,7,-122.0
Maple Run MHC-CUST,Device 65830534,362,13,13,0,7,-107.0
Maple Run MHC-CUST,Device 65829031,362,13,13,0,7,-115.0
Maple Run MHC-CUST,Device 65822176,362,12,13,0,7,-118.0
Maple Run MHC-CUST,Device 65823893,362,8,13,0,6,-109.0
Maple Run MHC-CUST,Device 65823422,362,10,13,0,0,-118.0
Eastwood Hills MHC-CUST,Device 72723812,362,12,13,0,7,-104.0
Eastwood Hills MHC-CUST,Device 75366151,362,13,13,0,7,-90.0
Eastwood Hills MHC-CUST,Device 75373140,362,6,6,0,7,-91.0
Eastwood Hills MHC-CUST,Device 72714241,362,14,13,0,7,-85.0
Eastwood Hills MHC-CUST,Device 72717152,,0,0,0,,
Eastwood Hills MHC-CUST,Device 72720933,16185,7,6,0,7,-88.0
Eastwood Hills MHC-CUST,Device 70271760,362,10,13,0,7,-104.0
Eastwood Hills MHC-CUST,Device 72718135,16185,7,6,0,6,-92.0
Eastwood Hills MHC-CUST,Device 72720990,,0,0,0,,
Eastwood Hills MHC-CUST,Device 72722764,362,12,13,0,7,-85.0
Eastwood Hills MHC-CUST,Device 72720883,,0,0,0,,
Eastwood Hills MHC-CUST,Device 72715503,362,11,13,0,7,-99.0
Eastwood Hills MHC-CUST,Device 72717517,362,11,13,0,7,-96.0
Eastwood Hills MHC-CUST,Device 72721113,362,11,12,0,7,-93.0
Eastwood Hills MHC-CUST,Device 72717301,,0,0,0,,
Eastwood Hills MHC-CUST,Device 72714126,16131,7,6,0,6,-103.0
Eastwood Hills MHC-CUST,Device 72720453,362,10,13,0,7,-95.0
Eastwood Hills MHC-CUST,Device 72713847,362,9,11,0,3,-103.0
Eastwood Hills MHC-CUST,Device 72720040,16185,7,6,0,6,-94.0
Eastwood Hills MHC-CUST,Device 70271711,16131,7,6,0,7,-96.0
Eastwood Hills MHC-CUST,Device 72716980,362,10,13,0,7,-101.0
Eastwood Hills MHC-CUST,Device 72715826,362,12,13,0,7,-106.0
Eastwood Hills MHC-CUST,Device 72717996,362,9,13,0,7,-101.0
Eastwood Hills MHC-CUST,Device 72716352,16185,7,6,0,7,-93.0
Eastwood Hills MHC-CUST,Device 72720412,16131,7,6,0,7,-99.0
Eastwood Hills MHC-CUST,Device 72718093,16131,7,6,0,7,-103.0
Eastwood Hills MHC-CUST,Device 70259823,362,10,13,0,7,-96.0
Eastwood Hills MHC-CUST,Device 72714035,16185,7,6,0,5,-84.0
Eastwood Hills MHC-CUST,Device 72720149,362,12,13,0,7,-96.0
Eastwood Hills MHC-CUST,Device 72716667,362,10,13,0,7,-98.0
Eastwood Hills MHC-CUST,Device 72714605,16185,2,1,0,1,-113.0
Eastwood Hills MHC-CUST,Device 72714308,362,9,12,0,7,-90.0
Eastwood Hills MHC-CUST,Device 72720198,17040,12,11,0,0,-103.0
Eastwood Hills MHC-CUST,Device 72722889,362,11,13,0,7,-97.0
Eastwood Hills MHC-CUST,Device 72714282,16185,7,6,0,6,-104.0
Eastwood Hills MHC-CUST,Device 72722871,362,9,13,0,7,-95.0
Eastwood Hills MHC-CUST,Device 72719265,362,10,13,0,7,-91.0
Eastwood Hills MHC-CUST,Device 72719570,362,7,7,0,6,-95.0
Eastwood Hills MHC-CUST,Device 72718663,362,9,13,0,7,-110.0
Eastwood Hills MHC-CUST,Device 72722988,362,13,13,0,7,-84.0
Eastwood Hills MHC-CUST,Device 72722327,16185,7,6,0,7,-92.0
Eastwood Hills MHC-CUST,Device 72720156,362,9,13,0,7,-79.0
Eastwood Hills MHC-CUST,Device 72713821,362,13,13,0,7,-89.0
Eastwood Hills MHC-CUST,Device 72722731,16022,7,6,0,6,-91.0
Eastwood Hills MHC-CUST,Device 72713862,16131,7,6,0,1,-80.0
Eastwood Hills MHC-CUST,Device 72720065,362,12,13,0,7,-90.0
Eastwood Hills MHC-CUST,Device 72715131,362,9,13,0,7,-85.0
Eastwood Hills MHC-CUST,Device 72721089,362,13,13,0,7,-105.0
Eastwood Hills MHC-CUST,Device 72719083,362,10,13,0,6,-97.0
Eastwood Hills MHC-CUST,Device 70271950,,0,0,0,,
Eastwood Hills MHC-CUST,Device 72721303,362,13,13,0,7,-96.0
Eastwood Hills MHC-CUST,Device 72721634,362,12,13,0,7,-84.0
Eastwood Hills MHC-CUST,Device 72723127,16022,7,6,0,5,-95.0
Eastwood Hills MHC-CUST,Device 70271018,362,11,13,0,7,-88.0
Eastwood Hills MHC-CUST,Device 72717038,16185,7,6,0,6,-94.0
Eastwood Hills MHC-CUST,Device 72724224,362,8,11,0,6,-96.0
Eastwood Hills MHC-CUST,Device 72714381,362,12,13,0,7,-95.0
Eastwood Hills MHC-CUST,Device 70269111,362,8,13,0,7,-86.0
Eastwood Hills MHC-CUST,Device 72720420,17037,7,6,0,7,-97.0
Eastwood Hills MHC-CUST,Device 72718432,362,11,13,0,7,-101.0
Eastwood Hills MHC-CUST,Device 72715313,362,11,14,0,7,-96.0
Eastwood Hills MHC-CUST,Device 72715586,362,9,11,0,7,-95.0
Eastwood Hills MHC-CUST,Device 72715099,362,12,13,0,7,-108.0
Eastwood Hills MHC-CUST,Device 72721238,17037,7,6,0,7,-91.0
Eastwood Hills MHC-CUST,Device 72721766,,0,0,0,,
Eastwood Hills MHC-CUST,Device 72724539,362,12,13,0,7,-111.0
Eastwood Hills MHC-CUST,Device 72718440,16185,7,6,0,2,-79.0
Eastwood Hills MHC-CUST,Device 72716725,362,12,13,0,7,-91.0
Eastwood Hills MHC-CUST,Device 72716436,16185,7,6,0,5,-102.0
Eastwood Hills MHC-CUST,Device 70271893,362,12,13,0,7,-94.0
Eastwood Hills MHC-CUST,Device 72719786,362,10,13,0,7,-96.0
Eastwood Hills MHC-CUST,Device 72717673,362,13,13,0,7,-85.0
Eastwood Hills MHC-CUST,Device 72717004,16185,7,6,0,2,-98.0
Eastwood Hills MHC-CUST,Device 72722103,,0,0,0,,
Eastwood Hills MHC-CUST,Device 72721253,362,11,11,0,6,-98.0
Eastwood Hills MHC-CUST,Device 72719026,362,11,13,0,7,-88.0
Eastwood Hills MHC-CUST,Device 72716873,362,13,13,0,5,-103.0
Eastwood Hills MHC-CUST,Device 72722319,362,8,13,0,7,-88.0
Eastwood Hills MHC-CUST,Device 72716618,362,9,13,0,6,-100.0
Eastwood Hills MHC-CUST,Device 72723291,362,8,13,0,7,-100.0
Eastwood Hills MHC-CUST,Device 72724315,362,10,12,0,7,-85.0
Eastwood Hills MHC-CUST,Device 70271695,17040,7,6,0,0,-93.0
Eastwood Hills MHC-CUST,Device 72722244,362,10,13,0,7,-103.0
Eastwood Hills MHC-CUST,Device 72721220,362,11,11,0,7,-83.0
Eastwood Hills MHC-CUST,Device 72720354,362,9,13,0,7,-97.0
Eastwood Hills MHC-CUST,Device 72721618,362,12,13,0,7,-105.0
Eastwood Hills MHC-CUST,Device 72721261,362,10,13,0,7,-95.0
Eastwood Hills MHC-CUST,Device 72720495,362,9,13,0,7,-85.0
Eastwood Hills MHC-CUST,Device 72715701,16022,7,6,0,7,-81.0
Eastwood Hills MHC-CUST,Device 72721840,16185,7,6,0,1,-86.0
Eastwood Hills MHC-CUST,Device 72714340,362,8,12,0,0,-83.0
Eastwood Hills MHC-CUST,Device 72720826,362,11,13,0,7,-96.0
Eastwood Hills MHC-CUST,Device 72720685,16185,7,6,0,6,-85.0
Eastwood Hills MHC-CUST,Device 70271620,,0,0,0,,
Eastwood Hills MHC-CUST,Device 72723218,362,12,11,0,6,-102.0
Eastwood Hills MHC-CUST,Device 72715081,362,10,13,0,7,-67.0
Eastwood Hills MHC-CUST,Device 70272487,362,11,13,0,7,-100.0
Eastwood Hills MHC-CUST,Device 72714373,362,10,13,0,7,-101.0
Eastwood Hills MHC-CUST,Device 72720560,362,13,13,0,7,-100.0
Eastwood Hills MHC-CUST,Device 72715982,362,11,12,0,6,-95.0
Eastwood Hills MHC-CUST,Device 72718853,16131,8,7,0,7,-90.0
Eastwood Hills MHC-CUST,Device 72722756,16185,7,6,0,6,-101.0
Eastwood Hills MHC-CUST,Device 72722822,16185,7,6,0,6,-98.0
Eastwood Hills MHC-CUST,Device 72717269,16185,16,15,0,7,-88.0
Eastwood Hills MHC-CUST,Device 72713904,362,14,14,0,7,-95.0
Eastwood Hills MHC-CUST,Device 70272479,16185,7,6,0,7,-100.0
Eastwood Hills MHC-CUST,Device 72718796,16022,7,6,0,7,-103.0
Eastwood Hills MHC-CUST,Device 72714720,17037,7,6,0,7,-78.0
Eastwood Hills MHC-CUST,Device 72716527,362,12,13,0,7,-82.0
Eastwood Hills MHC-CUST,Device 72718283,362,8,13,0,7,-95.0
Eastwood Hills MHC-CUST,Device 72716949,362,12,13,0,7,-103.0
Eastwood Hills MHC-CUST,Device 72723119,362,11,14,0,7,-110.0
Eastwood Hills MHC-CUST,Device 72717509,362,12,13,0,7,-97.0
Eastwood Hills MHC-CUST,Device 72720024,362,9,9,0,7,-105.0
Eastwood Hills MHC-CUST,Device 72716535,16131,7,6,0,5,-101.0
Eastwood Hills MHC-CUST,Device 72717541,362,8,13,0,7,-81.0
Eastwood Hills MHC-CUST,Device 72715008,16131,7,6,0,5,-92.0
Eastwood Hills MHC-CUST,Device 72716972,16185,8,7,0,7,-88.0
Eastwood Hills MHC-CUST,Device 72716329,362,13,13,0,7,-90.0
Eastwood Hills MHC-CUST,Device 70272685,,0,0,0,,
Eastwood Hills MHC-CUST,Device 72721626,362,6,5,0,6,-81.0
Eastwood Hills MHC-CUST,Device 70272438,362,7,12,0,3,-105.0
Eastwood Hills MHC-CUST,Device 72714548,362,11,13,0,7,-98.0
Eastwood Hills MHC-CUST,Device 72715115,16185,7,6,0,7,-94.0
Eastwood Hills MHC-CUST,Device 72717681,16185,7,6,0,0,-95.0
Eastwood Hills MHC-CUST,Device 72721196,17037,7,6,0,6,-90.0
Eastwood Hills MHC-CUST,Device 70267552,362,10,13,0,7,-101.0
Eastwood Hills MHC-CUST,Device 77028902,16185,7,6,0,7,-94.0
Eastwood Hills MHC-CUST,Device 77056853,362,13,13,0,7,-108.0
Eastwood Hills MHC-CUST,Device 77061952,17040,6,7,0,0,-104.0
Eastwood Hills MHC-CUST,Device 77056036,362,9,13,0,7,-98.0
Eastwood Hills MHC-CUST,Device 77054247,362,12,13,0,7,-98.0
Eastwood Hills MHC-CUST,Device 77057455,362,9,13,0,4,-101.0
Eastwood Hills MHC-CUST,Device 77029363,362,10,13,0,7,-105.0
Eastwood Hills MHC-CUST,Device 77061184,362,7,7,0,7,-95.0
Eastwood Hills MHC-CUST,Device 65830054,16185,7,6,0,7,-77.0
Eastwood Hills MHC-CUST,Device 65824636,362,12,13,0,7,-110.0
Eastwood Hills MHC-CUST,Device 65825872,,0,0,0,,
Eastwood Hills MHC-CUST,Device 65830781,16185,7,6,0,0,-107.0
Eastwood Hills MHC-CUST,Device 65830344,362,12,13,0,7,-97.0
Eastwood Hills MHC-CUST,Device 65827043,362,11,13,0,6,-108.0
Eastwood Hills MHC-CUST,Device 65826029,362,8,13,0,7,-90.0
Eastwood Hills MHC-CUST,Device 65825294,362,11,13,0,7,-78.0
Eastwood Hills MHC-CUST,Device 65824669,362,7,13,0,0,-97.0
Eastwood Hills MHC-CUST,Device 65823729,362,9,13,0,7,-100.0
Eastwood Hills MHC-CUST,Device 65828934,362,7,10,0,6,-104.0
Eastwood Hills MHC-CUST,Device 65822390,16185,7,6,0,7,-93.0
Eastwood Hills MHC-CUST,Device 65823067,362,9,13,0,7,-109.0
Blue Sky Village MHC,Device 79455406,15154,7,6,0,7,-91.0
Blue Sky Village MHC,Device 79460521,15154,7,6,0,7,-84.0
Blue Sky Village MHC,Device 79464101,16131,7,6,0,7,-89.0
Blue Sky Village MHC,Device 79461628,17040,7,6,0,0,-92.0
Blue Sky Village MHC,Device 79462220,17040,10,9,0,7,-82.0
Green Acres MHC,Device 72721147,362,10,13,0,7,-103.0
Green Acres MHC,Device 72718333,16022,7,6,0,7,-114.0
Green Acres MHC,Device 70272131,362,15,17,0,7,-106.0
Green Acres MHC,Device 72387713,16131,11,10,0,6,-104.0
Green Acres MHC,Device 72384132,362,10,13,0,7,-99.0
Green Acres MHC,Device 72383969,362,9,13,0,7,-103.0
Green Acres MHC,Device 72387283,362,11,13,0,7,-113.0
Green Acres MHC,Device 72386988,17040,5,5,0,0,-106.0
Green Acres MHC,Device 72383951,362,12,13,0,6,-121.0
Green Acres MHC,Device 72387051,362,12,13,0,7,-110.0
Green Acres MHC,Device 70263155,16022,7,6,0,7,-104.0
Green Acres MHC,Device 70259369,,0,0,0,,
Green Acres MHC,Device 72387473,362,9,13,0,7,-95.0
Green Acres MHC,Device 72387572,17037,7,6,0,7,-106.0
Green Acres MHC,Device 70263197,,0,0,0,,
Green Acres MHC,Device 77036665,362,13,15,0,7,-101.0
Green Acres MHC,Device 65828140,,0,0,0,,
Green Acres MHC,Device 65825211,,0,0,0,,
Green Acres MHC,Device 65827837,,0,0,0,,
Green Acres MHC,Device 65826896,362,10,13,0,7,-109.0
Green Acres MHC,Device 65822184,,0,0,0,,
Wheeler MHC,Device 2042731096,10706,0,0,0,,
Wheeler MHC,Device 2041738589,10706,7,7,0,0,-116.0
Wheeler MHC,Device 2049907137,10693,0,0,0,,
Wheeler MHC,Device 2049928620,,0,0,0,,
Wheeler MHC,Device 2049830867,,0,0,0,,
Wheeler MHC,Device 2049907160,10693,0,0,0,,
Wheeler MHC,Device 2049912251,,0,0,0,,
Wheeler MHC,Device 2049868453,,0,0,0,,
Wheeler MHC,Device 2049924686,10706,0,0,0,,
Wheeler MHC,Device 2041758983,10693,0,0,0,,
Needham MHP,,16131,7,6,0,3,-112.0
Needham MHP,,,0,0,0,,
Needham MHP,,362,10,11,0,5,-118.0
Needham MHP,,362,9,12,0,4,-108.0
Needham MHP,,,0,0,0,,
Needham MHP,,362,14,13,0,7,-101.0
Needham MHP,,16185,7,6,0,0,-107.0
Needham MHP,,362,9,12,0,7,-107.0
Needham MHP,,362,9,13,0,7,-106.0
Needham MHP,,362,10,11,0,6,-102.0
Needham MHP,,16185,5,6,0,2,-99.0
Needham MHP,,362,10,13,0,7,-105.0
Needham MHP,,362,10,11,0,6,-111.0
Needham MHP,,,0,0,0,,
Needham MHP,,10706,0,0,0,,
Needham MHP,,10693,0,0,0,,
Needham MHP,,10693,3,2,0,4,-106.0
Needham MHP,,10706,2,1,0,5,-84.0
Needham MHP,,10706,0,0,0,,
Needham MHP,,10693,0,0,0,,
Needham MHP,,10693,0,0,0,,
Needham MHP,,10693,0,0,0,,
Needham MHP,,,0,0,0,,
South Breeze MHC,Device 2049908705,10693,2,2,0,0,-125.0
South Breeze MHC,Device 2049783900,10706,7,6,0,0,-118.0
South Breeze MHC,Device 2049918191,,0,0,0,,
South Breeze MHC,Device 2049886612,10706,0,0,0,,
South Breeze MHC,Device 2049821312,,0,0,0,,
South Breeze MHC,Device 2049903375,10706,2,3,0,0,-114.0
South Breeze MHC,Device 2049835502,,0,0,0,,
South Breeze MHC,Device 2049788800,,0,0,0,,
South Breeze MHC,Device 2049779817,,0,0,0,,
South Breeze MHC,Device 2049883148,,0,0,0,,
South Breeze MHC,Device 2049933950,10704,2,1,0,4,-121.0
South Breeze MHC,Device 2049928844,10706,2,3,0,0,-102.0
South Breeze MHC,Device 2049934131,,0,0,0,,
South Breeze MHC,Device 2049925790,,0,0,0,,
South Breeze MHC,Device 2049826923,10706,0,0,0,,
South Breeze MHC,Device 2049934321,,0,0,0,,
South Breeze MHC,Device 2049910271,10706,5,4,0,6,-120.0
South Breeze MHC,Device 2049912566,,0,0,0,,
South Breeze MHC,Device 2049902450,,0,0,0,,
South Breeze MHC,Device 2049905644,10706,2,3,0,0,-109.0
South Breeze MHC,Device 2041764072,10706,2,3,0,0,-119.0
South Breeze MHC,Device 2049909133,10706,4,3,0,0,-119.0
South Breeze MHC,Device 2049847507,,0,0,0,,
South Breeze MHC,Device 2049895647,10693,0,0,0,,
South Breeze MHC,Device 2042730403,,0,0,0,,
South Breeze MHC,Device 2049961654,10706,3,4,0,1,-111.0
South Breeze MHC,Device 2049961704,10706,2,3,0,0,-106.0
South Breeze MHC,Device 2042730965,10706,2,3,0,0,-115.0
South Breeze MHC,Device 2041758942,10706,2,3,0,0,-109.0
South Breeze MHC,Device 2041759668,,0,0,0,,
South Breeze MHC,Device 2042749346,10706,0,0,0,,
South Breeze MHC,Device 2041758959,10706,0,0,0,,
South Breeze MHC,Device 2042738927,10706,0,0,0,,
South Breeze MHC,Device 2041759056,10706,6,5,0,0,-113.0
South Breeze MHC,Device 2049961837,10706,1,3,0,0,-117.0
South Breeze MHC,Device 2042775010,10693,2,1,0,3,-107.0
South Breeze MHC,Device 2042775366,10706,0,0,0,,
Oakwood MHP,Device 79467112,17037,9,7,1,5,-82.0
Oakwood MHP,Device 79459796,17037,9,7,1,5,-88.0
Oakwood MHP,Device 79458129,17037,10,9,0,1,-100.0
Oakwood MHP,Device 79457386,17037,9,7,1,4,-102.0
Oakwood MHP,Device 79458004,17037,12,11,0,5,-98.0
Oakwood MHP,Device 82370883,17037,10,9,0,5,-100.0
Oakwood MHP,Device 79458061,17037,8,7,0,4,-95.0
Oakwood MHP,Device 79467120,17037,7,7,0,0,-97.0
Oakwood MHP,Device 79464697,17037,10,9,0,4,-100.0
Oakwood MHP,Device 79454177,17037,10,10,0,1,-105.0
Oakwood MHP,Device 79458590,17037,12,10,1,3,-100.0
Oakwood MHP,Device 79459390,17037,11,9,1,3,-80.0
Oakwood MHP,Device 79455745,17037,10,9,0,5,-90.0
Oakwood MHP,Device 75362051,17037,16,14,1,7,-107.0
Oakwood MHP,Device 79457105,17037,12,9,2,7,-109.0
Oakwood MHP,Device 75366532,17037,10,8,1,7,-107.0
Oakwood MHP,Device 75366763,17037,9,8,0,6,-95.0
Oakwood MHP,Device 79459416,17037,10,8,1,6,-99.0
Oakwood MHP,Device 75363141,17037,12,10,1,7,-101.0
Oakwood MHP,Device 75360642,17037,10,8,1,7,-104.0
Oakwood MHP,Device 75369213,17037,11,8,2,7,-96.0
Oakwood MHP,Device 75367316,17037,9,9,0,3,-106.0
Oakwood MHP,Device 75368991,17037,13,11,1,3,-105.0
Oakwood MHP,Device 79462329,17037,10,8,1,7,-95.0
Oakwood MHP,Device 75364313,17037,9,8,0,2,-103.0
Oakwood MHP,Device 75364982,17037,10,8,1,7,-97.0
Oakwood MHP,Device 79461826,17040,8,7,0,3,-112.0
Oakwood MHP,Device 75365955,17037,11,8,2,7,-105.0
Oakwood MHP,Device 79465157,17037,14,12,1,7,-91.0
Oakwood MHP,Device 75368165,17037,10,8,1,7,-99.0
Oakwood MHP,Device 75366243,17037,8,7,0,7,-101.0
Oakwood MHP,Device 75372720,17037,9,8,0,5,-87.0
Oakwood MHP,Device 70262231,,0,0,0,,
Oakwood MHP,Device 70262207,17037,10,8,1,7,-94.0
Oakwood MHP,Device 70272537,17037,8,7,0,7,-93.0
Oakwood MHP,Device 70262009,17037,10,8,1,7,-93.0
Oakwood MHP,Device 77059774,,0,0,0,,
Oakwood MHP,Device 70267784,17037,10,8,1,7,-98.0
Oakwood MHP,Device 70261662,,0,0,0,,
Oakwood MHP,Device 70269913,17037,7,7,0,7,-121.0
Oakwood MHP,Device 77058230,17037,10,8,1,7,-102.0
Oakwood MHP,Device 65830047,17037,8,7,0,7,-110.0
Oakwood MHP,Device 65827241,17040,7,6,0,0,-102.0
Oakwood MHP,Device 65828504,17037,10,8,1,7,-99.0
Oakwood MHP,Device 68587987,17037,13,9,3,7,-102.0
Oakwood MHP,Device 65831706,17037,9,8,0,7,-93.0
Oakwood MHP,Device 65827787,17037,9,7,1,7,-97.0
Oakwood MHP,Device 68593050,17037,8,7,0,7,-103.0
Oakwood MHP,Device 65826805,17037,8,7,0,7,-98.0
Oakwood MHP,Device 65831771,17037,10,8,1,7,-105.0
Oakwood MHP,Device 65830906,17037,10,8,1,7,-106.0
Oakwood MHP,Device 65823315,17037,10,8,1,7,-105.0
Oakwood MHP,Device 2049809127,10671,2,1,0,6,-98.0
Oakwood MHP,Device 2049903706,10706,2,1,0,6,-92.0
Oakwood MHP,Device 2049916625,10671,2,1,0,6,-83.0
Oakwood MHP,Device 2049885002,10671,4,3,0,6,-85.0
Oakwood MHP,Device 2049777613,10706,2,1,0,6,-84.0
Oakwood MHP,Device 2049887685,,0,0,0,,
Oakwood MHP,Device 2049915734,10671,4,3,0,6,-86.0
Oakwood MHP,Device 2049884229,10706,2,1,0,6,-88.0
Oakwood MHP,Device 2049884526,10671,2,1,0,6,-86.0
Oakwood MHP,Device 2042740931,10671,4,3,0,0,-104.0
Oakwood MHP,Device 2042741731,10671,2,1,0,6,-92.0
Oakwood MHP,Device 2049898567,10671,2,1,0,6,-95.0
Oakwood MHP,Device 2049933786,10671,2,1,0,6,-88.0
Oakwood MHP,Device 2049810273,10706,2,1,0,6,-98.0
Oakwood MHP,Device 2042742119,10671,2,1,0,6,-93.0
Oakwood MHP,Device 2049798171,10706,2,1,0,0,-99.0
Oakwood MHP,Device 2042742028,10671,5,4,0,7,-76.0
Oakwood MHP,Device 2049885754,10671,2,1,0,6,-92.0
Oakwood MHP,Device 2049914703,10671,2,1,0,6,-94.0
Oakwood MHP,Device 2042741434,10706,2,1,0,6,-80.0
Oakwood MHP,Device 2049921427,10706,2,1,0,6,-83.0
Oakwood MHP,Device 2049923985,10671,0,0,0,,
Oakwood MHP,Device 2049922441,10706,2,1,0,6,-88.0
Oakwood MHP,Device 2049915908,10671,2,1,0,6,-90.0
Oakwood MHP,Device 2049877793,10671,2,1,0,6,-76.0
Oakwood MHP,Device 2042740816,,0,0,0,,
Oakwood MHP,Device 2042730262,10671,3,2,0,6,-89.0
Oakwood MHP,Device 2042743778,10706,2,1,0,6,-86.0
Oakwood MHP,Device 2049912905,,0,0,0,,
Oakwood MHP,Device 2042741863,10671,2,1,0,6,-83.0
Oakwood MHP,Device 2042742689,10671,2,1,0,6,-82.0
Oakwood MHP,Device 2049895308,10706,2,1,0,6,-86.0
Oakwood MHP,Device 2049960896,10693,2,1,0,6,-86.0
Oakwood MHP,Device 2042742721,10671,5,4,0,7,-96.0
Oakwood MHP,Device 2049949014,10706,2,1,0,6,-85.0
Oakwood MHP,Device 2049933265,10706,2,1,0,7,-82.0
Oakwood MHP,Device 2049950897,10671,2,1,0,6,-71.0
Oakwood MHP,Device 2049878825,10671,2,1,0,6,-83.0
Oakwood MHP,Device 2042741095,10671,4,3,0,6,-88.0
Oakwood MHP,Device 2042742614,10671,3,2,0,6,-86.0
Oakwood MHP,Device 2042730155,10671,3,2,0,6,-80.0
Oakwood MHP,Device 2042741418,10671,2,1,0,6,-89.0
Oakwood MHP,Device 2042740865,10671,2,1,0,6,-84.0
Oakwood MHP,Device 2049923274,10671,2,1,0,0,-93.0
Oakwood MHP,Device 2042742556,10671,2,1,0,6,-86.0
Oakwood MHP,Device 2042743703,10671,2,1,0,6,-85.0
Oakwood MHP,Device 2049935146,10671,3,2,0,6,-95.0
Oakwood MHP,Device 2049918332,10671,2,1,0,6,-87.0
Oakwood MHP,Device 2049914034,,0,0,0,,
Oakwood MHP,Device 2042743661,10671,7,6,0,7,-87.0
Oakwood MHP,Device 2049915437,10671,2,1,0,6,-91.0
Oakwood MHP,Device 2049922722,,0,0,0,,
Oakwood MHP,Device 2042741582,10671,5,5,0,3,-88.0
Oakwood MHP,Device 2049885994,10693,2,1,0,6,-92.0
Oakwood MHP,Device 2042742077,10706,10,10,0,1,-97.0
Oakwood MHP,Device 2049884740,10671,2,1,0,6,-94.0
Oakwood MHP,Device 2042741541,10671,2,1,0,6,-96.0
Oakwood MHP,Device 2042741533,10706,4,3,0,6,-93.0
Oakwood MHP,Device 2042743497,10671,2,1,0,6,-100.0
Oakwood MHP,Device 2049887891,10671,2,1,0,6,-89.0
Oakwood MHP,Device 2049892792,,0,0,0,,
Oakwood MHP,Device 2049937647,10671,2,1,0,6,-96.0
Oakwood MHP,Device 2049783116,10671,2,1,0,6,-97.0
Oakwood MHP,Device 2049924843,10671,2,1,0,6,-87.0
Oakwood MHP,Device 2042741566,10671,2,1,0,6,-94.0
Oakwood MHP,Device 2042741699,10671,4,3,0,7,-87.0
Oakwood MHP,Device 2049810570,10671,2,1,0,6,-72.0
Oakwood MHP,Device 2049907269,10706,2,1,0,6,-91.0
Oakwood MHP,Device 2049874121,10671,3,2,0,6,-80.0
Oakwood MHP,Device 2042742358,10706,2,1,0,6,-92.0
Big Country Mobile Home & RV Park-Cust,Device 75370062,17037,7,6,0,0,-95.0
Big Country Mobile Home & RV Park-Cust,Device 75364644,16130,6,5,0,6,-101.0
Big Country Mobile Home & RV Park-Cust,Device 75360733,17037,7,5,1,2,-77.0
Big Country Mobile Home & RV Park-Cust,Device 75362192,16185,7,6,0,7,-87.0
Big Country Mobile Home & RV Park-Cust,Device 75364917,17037,7,6,0,7,-81.0
Big Country Mobile Home & RV Park-Cust,Device 72718838,,0,0,0,,
Big Country Mobile Home & RV Park-Cust,Device 77053819,17037,7,6,0,7,-77.0
Big Country Mobile Home & RV Park-Cust,Device 75369775,16130,8,7,0,5,-106.0
Big Country Mobile Home & RV Park-Cust,Device 75370443,16130,7,6,0,7,-101.0
Big Country Mobile Home & RV Park-Cust,Device 75370534,16130,7,6,0,7,-98.0
Big Country Mobile Home & RV Park-Cust,Device 72720537,16130,7,6,0,7,-92.0
Big Country Mobile Home & RV Park-Cust,Device 75369403,17037,7,6,0,7,-98.0
Big Country Mobile Home & RV Park-Cust,Device 75364248,17037,7,6,0,7,-94.0
Big Country Mobile Home & RV Park-Cust,Device 72723911,17037,7,6,0,7,-95.0
Big Country Mobile Home & RV Park-Cust,Device 75362283,17037,7,6,0,7,-90.0
Big Country Mobile Home & RV Park-Cust,Device 75367894,16130,7,6,0,6,-94.0
Big Country Mobile Home & RV Park-Cust,Device 75372019,17037,7,6,0,0,-97.0
Big Country Mobile Home & RV Park-Cust,Device 75369718,16131,6,5,0,5,-93.0
Big Country Mobile Home & RV Park-Cust,Device 75372696,16130,7,6,0,7,-92.0
Big Country Mobile Home & RV Park-Cust,Device 72715461,16130,7,6,0,1,-88.0
Big Country Mobile Home & RV Park-Cust,Device 75361277,17037,7,6,0,7,-89.0
Big Country Mobile Home & RV Park-Cust,Device 75369767,16130,7,6,0,7,-82.0
Big Country Mobile Home & RV Park-Cust,Device 72719414,16130,7,6,0,7,-88.0
Big Country Mobile Home & RV Park-Cust,Device 72724133,16131,7,6,0,7,-85.0
Big Country Mobile Home & RV Park-Cust,Device 75368215,16130,7,6,0,7,-90.0
Big Country Mobile Home & RV Park-Cust,Device 75371318,16130,7,6,0,7,-79.0
Big Country Mobile Home & RV Park-Cust,Device 75366136,16131,7,6,0,1,-76.0
Big Country Mobile Home & RV Park-Cust,Device 75361897,16131,7,6,0,7,-85.0
Big Country Mobile Home & RV Park-Cust,Device 75360550,17037,7,6,0,7,-81.0
Big Country Mobile Home & RV Park-Cust,Device 75365070,16185,7,6,0,0,-84.0
Big Country Mobile Home & RV Park-Cust,Device 75369411,17037,7,6,0,7,-97.0
Big Country Mobile Home & RV Park-Cust,Device 75362689,16185,7,6,0,6,-85.0
Big Country Mobile Home & RV Park-Cust,Device 72719695,17037,7,6,0,7,-84.0
Big Country Mobile Home & RV Park-Cust,Device 75369460,17037,9,8,0,7,-94.0
Big Country Mobile Home & RV Park-Cust,Device 75367761,16130,7,6,0,7,-83.0
Big Country Mobile Home & RV Park-Cust,Device 75367662,16130,7,6,0,7,-99.0
Big Country Mobile Home & RV Park-Cust,Device 75364339,16130,7,6,0,7,-99.0
Big Country Mobile Home & RV Park-Cust,Device 72714928,16130,7,6,0,7,-87.0
Big Country Mobile Home & RV Park-Cust,Device 75362655,17037,7,6,0,7,-94.0
Big Country Mobile Home & RV Park-Cust,Device 75361780,16185,10,9,0,7,-90.0
Big Country Mobile Home & RV Park-Cust,Device 75369742,16185,7,6,0,0,-88.0
Big Country Mobile Home & RV Park-Cust,Device 72721006,16131,7,6,0,7,-84.0
Big Country Mobile Home & RV Park-Cust,Device 75363596,17037,10,9,0,7,-99.0
Big Country Mobile Home & RV Park-Cust,Device 75372639,17037,8,6,1,0,-75.0
Big Country Mobile Home & RV Park-Cust,Device 75370328,16130,6,5,0,6,-89.0
Big Country Mobile Home & RV Park-Cust,Device 75371292,16130,7,6,0,1,-90.0
Big Country Mobile Home & RV Park-Cust,Device 75371680,17037,7,6,0,7,-79.0
Big Country Mobile Home & RV Park-Cust,Device 72719554,17040,7,6,0,5,-94.0
Big Country Mobile Home & RV Park-Cust,Device 75370708,16185,7,6,0,6,-93.0
Big Country Mobile Home & RV Park-Cust,Device 75373033,17037,7,6,0,0,-90.0
Big Country Mobile Home & RV Park-Cust,Device 75372100,16185,7,6,0,7,-95.0
Big Country Mobile Home & RV Park-Cust,Device 75374379,16130,6,6,0,7,-88.0
Big Country Mobile Home & RV Park-Cust,Device 75372258,16130,7,6,0,7,-100.0
Big Country Mobile Home & RV Park-Cust,Device 75370377,16131,7,6,0,7,-87.0
Big Country Mobile Home & RV Park-Cust,Device 75363729,17037,21,20,0,7,-91.0
Big Country Mobile Home & RV Park-Cust,Device 75369684,17037,9,8,0,7,-103.0
River Bend-Cust,Device 75371797,17037,2,1,0,5,-102.0
River Bend-Cust,Device 75371284,17037,2,1,0,5,-104.0
River Bend-Cust,Device 79467880,17037,1,0,0,5,-117.0
River Bend-Cust,Device 79461941,17037,3,2,0,5,-112.0
River Bend-Cust,Device 79456198,17037,2,1,0,5,-99.0
River Bend-Cust,Device 75372365,17037,2,1,0,5,-109.0
River Bend-Cust,Device 75360956,17037,2,1,0,5,-100.0
River Bend-Cust,Device 79463285,17037,2,1,0,1,-100.0
River Bend-Cust,Device 75369296,17037,2,1,0,5,-101.0
River Bend-Cust,Device 75365799,17037,2,1,0,5,-100.0
River Bend-Cust,Device 75371151,17040,1,0,0,0,-108.0
River Bend-Cust,Device 75362499,17037,2,1,0,5,-100.0
River Bend-Cust,Device 75371128,17037,2,1,0,5,-99.0
River Bend-Cust,Device 75365922,17037,2,1,0,4,-103.0
River Bend-Cust,Device 75368207,17037,21,20,0,7,-105.0
River Bend-Cust,Device 75361913,17037,2,1,0,1,-100.0
River Bend-Cust,Device 75367324,17037,1,0,0,5,-105.0
River Bend-Cust,Device 75363323,17037,2,1,0,5,-100.0
River Bend-Cust,Device 75366185,17037,2,1,0,5,-103.0
River Bend-Cust,Device 75373223,17037,2,2,0,0,-119.0
River Bend-Cust,Device 75371706,,0,0,0,,
River Bend-Cust,Device 72723564,17037,4,3,0,5,-96.0
River Bend-Cust,Device 75366896,17037,2,1,0,5,-103.0
River Bend-Cust,Device 75374015,17037,2,1,0,5,-95.0
River Bend-Cust,Device 75362374,17037,2,1,0,5,-105.0
River Bend-Cust,Device 75373686,17037,2,1,0,5,-95.0
River Bend-Cust,Device 75374825,17037,2,1,0,5,-112.0
River Bend-Cust,Device 75364578,17037,13,12,0,0,-115.0
River Bend-Cust,Device 75374171,17037,3,3,0,3,-111.0
River Bend-Cust,Device 72714795,17037,2,1,0,4,-106.0
River Bend-Cust,Device 75367514,17037,3,2,0,5,-105.0
River Bend-Cust,Device 72718473,17037,2,1,0,5,-106.0
River Bend-Cust,Device 70271174,,0,0,0,,
River Bend-Cust,Device 77057075,,0,0,0,,
River Bend-Cust,Device 70263130,,0,0,0,,
River Bend-Cust,Device 70259526,,0,0,0,,
River Bend-Cust,Device 77059204,,0,0,0,,
River Bend-Cust,Device 70268527,,0,0,0,,
River Bend-Cust,Device 77059816,,0,0,0,,
River Bend-Cust,Device 70270051,17037,5,4,0,5,-95.0
Lafountaine MHC,Device 72388901,16131,7,6,0,7,-105.0
Lafountaine MHC,Device 70262850,,0,0,0,,
Lafountaine MHC,Device 72380726,16131,7,6,0,6,-96.0
Lafountaine MHC,Device 70262942,16131,8,7,0,7,-109.0
Lafountaine MHC,Device 72388703,16131,7,6,0,7,-93.0
Lafountaine MHC,Device 72391996,16131,7,6,0,7,-111.0
Lafountaine MHC,Device 72388521,16131,7,6,0,2,-103.0
Lafountaine MHC,Device 72384942,16131,7,6,0,7,-103.0
Lafountaine MHC,Device 72380072,16131,7,6,0,6,-100.0
Lafountaine MHC,Device 72389149,16131,7,6,0,7,-95.0
Lafountaine MHC,Device 72380866,17040,7,6,0,0,-101.0
Lafountaine MHC,Device 72388927,16131,8,7,0,7,-109.0
Lafountaine MHC,Device 77053223,16131,7,6,0,6,-103.0
Lafountaine MHC,Device 77056622,16131,7,6,0,7,-94.0
Lafountaine MHC,Device 77057646,16131,7,6,0,5,-86.0
Lafountaine MHC,Device 77056085,,0,0,0,,
Lafountaine MHC,Device 65826540,,0,0,0,,
Lafountaine MHC,Device 65824032,,0,0,0,,
Lafountaine MHC,Device 65830518,,0,0,0,,
Lafountaine MHC,Device 65823117,,0,0,0,,
Lafountaine MHC,Device 65823935,,0,0,0,,
Lafountaine MHC,Device 65830765,,0,0,0,,
Lafountaine MHC,Device 65826623,,0,0,0,,
Lafountaine MHC,Device 65831573,,0,0,0,,
Lafountaine MHC,Device 65827126,,0,0,0,,
Lafountaine MHC,Device 65830609,,0,0,0,,
Lafountaine MHC,Device 65829957,,0,0,0,,
Lafountaine MHC,Device 65826417,16131,7,6,0,7,-112.0
Lafountaine MHC,Device 65826573,,0,0,0,,
Lafountaine MHC,Device 65829890,,0,0,0,,
Lafountaine MHC,Device 65830799,16131,7,6,0,7,-100.0
Lafountaine MHC,Device 65823307,,0,0,0,,
Lafountaine MHC,Device 65831516,,0,0,0,,
Lafountaine MHC,Device 68588050,,0,0,0,,
Maple Grove MHC,Device 2068605052,10693,7,9,0,0,-110.0
Maple Grove MHC,Device 2068608254,10706,0,0,0,,
Maple Grove MHC,Device 2068608643,10706,0,0,0,,
Maple Grove MHC,Device 2068608635,,0,0,0,,
Maple Grove MHC,Device 2068584695,10693,9,8,0,7,-104.0
Maple Grove MHC,Device 2068614625,10706,0,0,0,,
Maple Grove MHC,Device 2068597481,10706,0,0,0,,
Maple Grove MHC,Device 2068600491,13706,7,6,0,0,-104.0
Maple Grove MHC,Device 2068597598,10706,0,0,0,,
Maple Grove MHC,Device 2068605151,10706,0,0,0,,
Maple Grove MHC,Device 2068574555,10704,0,0,0,,
Maple Grove MHC,Device 2068607975,10671,0,0,0,,
Maple Grove MHC,Device 2068605136,10706,0,0,0,,
Maple Grove MHC,Device 2068609039,10706,4,3,0,0,-110.0
Maple Grove MHC,Device 2068597390,10693,0,0,0,,
Maple Grove MHC,Device 2068607140,10706,0,0,0,,
Maple Grove MHC,Device 2068586104,10671,0,0,0,,
Maple Grove MHC,Device 2068607793,10706,0,0,0,,
Maple Grove MHC,Device 2068602562,10706,0,0,0,,
Maple Grove MHC,Device 2068608411,10706,0,0,0,,
Maple Grove MHC,Device 2068584406,10706,0,0,0,,
Maple Grove MHC,Device 2068597382,10706,0,0,0,,
Maple Grove MHC,Device 2068599503,10706,0,0,0,,
Maple Grove MHC,Device 2068605235,10706,0,0,0,,
Maple Grove MHC,Device 2068586260,10706,0,0,0,,
Maple Grove MHC,Device 2068608288,10706,0,0,0,,
Maple Grove MHC,Device 2068605086,10706,0,0,0,,
Maple Grove MHC,Device 2068584927,10706,0,0,0,,
Maple Grove MHC,Device 2068604980,,0,0,0,,
Maple Grove MHC,Device 2068618816,10671,7,9,0,0,-110.0
Turfland MHC,Device 2068588514,,0,0,0,,
Turfland MHC,Device 2068602331,,0,0,0,,
Turfland MHC,Device 2068614427,,0,0,0,,
Turfland MHC,Device 2068609369,,0,0,0,,
Turfland MHC,Device 2068614468,10671,0,0,0,,
Turfland MHC,Device 2068586294,,0,0,0,,
Turfland MHC,Device 2068592698,10706,0,0,0,,
Turfland MHC,Device 2068605466,,0,0,0,,
Turfland MHC,Device 2068606720,10706,0,0,0,,
Turfland MHC,Device 2068584604,10706,0,0,0,,
Turfland MHC,Device 2068604998,10706,0,0,0,,
Turfland MHC,Device 2068606522,10706,0,0,0,,
Turfland MHC,Device 2068599453,,0,0,0,,
Turfland MHC,Device 2068587730,,0,0,0,,
Turfland MHC,Device 2068602570,10706,0,0,0,,
Turfland MHC,Device 2068584877,,0,0,0,,
Turfland MHC,Device 2068604048,10671,2,3,0,0,-118.0
Turfland MHC,Device 2068584752,,0,0,0,,
Turfland MHC,Device 2068586187,,0,0,0,,
Turfland MHC,Device 2068586062,,0,0,0,,
Turfland MHC,Device 2068597770,,0,0,0,,
Turfland MHC,Device 2068584570,,0,0,0,,
Turfland MHC,Device 2068588522,,0,0,0,,
Turfland MHC,Device 2068614401,,0,0,0,,
Turfland MHC,Device 2068586393,,0,0,0,,
Turfland MHC,Device 2068586146,10706,0,0,0,,
Turfland MHC,Device 2068585015,,0,0,0,,
Turfland MHC,Device 2068584463,,0,0,0,,
Turfland MHC,Device 2068608155,,0,0,0,,
Turfland MHC,Device 2068608478,10706,0,0,0,,
Turfland MHC,Device 2068608767,10706,0,0,0,,
Turfland MHC,Device 2068618600,10671,0,0,0,,
Turfland MHC,Device 2068584133,10706,0,0,0,,
Turfland MHC,Device 2068586476,10706,0,0,0,,
Crystal Acres MHC,Device 79463517,17032,7,6,0,5,-121.0
Crystal Acres MHC,Device 72721410,17032,9,8,0,6,-118.0
Crystal Acres MHC,Device 72720925,17032,7,6,0,0,-108.0
Crystal Acres MHC,Device 72718234,17032,7,6,0,0,-110.0
Crystal Acres MHC,Device 72716170,17032,9,8,0,4,-104.0
Crystal Acres MHC,Device 72722921,17032,7,6,0,0,-121.0
Crystal Acres MHC,Device 72723283,17032,6,6,0,7,-114.0
Crystal Acres MHC,Device 72717533,17037,12,11,0,4,-106.0
Crystal Acres MHC,Device 72716956,17032,7,6,0,0,-112.0
Crystal Acres MHC,Device 72717095,17032,7,6,0,7,-100.0
Crystal Acres MHC,Device 72722046,17032,8,7,0,5,-108.0
Crystal Acres MHC,Device 72383712,17032,6,5,0,6,-106.0
Crystal Acres MHC,Device 70268964,17032,7,6,0,2,-109.0
Crystal Acres MHC,Device 72379538,17037,3,2,0,0,-115.0
Crystal Acres MHC,Device 72385485,17032,7,6,0,0,-104.0
Crystal Acres MHC,Device 72387184,17037,7,6,0,0,-107.0
Crystal Acres MHC,Device 72381633,17032,10,42,0,2,-103.0
Crystal Acres MHC,Device 72387333,17037,7,6,0,3,-108.0
Crystal Acres MHC,Device 70270192,17032,7,6,0,0,-114.0
Crystal Acres MHC,Device 72382102,17040,7,6,0,0,-104.0
Crystal Acres MHC,Device 72392986,17032,7,6,0,6,-109.0
Crystal Acres MHC,Device 72387259,17032,7,6,0,5,-106.0
Crystal Acres MHC,Device 72387424,17032,7,6,0,7,-108.0
Crystal Acres MHC,Device 72385436,17032,7,6,0,6,-115.0
Crystal Acres MHC,Device 70266141,17032,7,6,0,3,-107.0
Crystal Acres MHC,Device 72381369,17040,6,6,0,0,-107.0
Crystal Acres MHC,Device 72379348,17032,7,6,0,6,-116.0
Crystal Acres MHC,Device 72382078,17032,7,6,0,0,-110.0
Crystal Acres MHC,Device 70263403,17037,7,6,0,7,-115.0
Crystal Acres MHC,Device 70269301,17032,7,6,0,4,-111.0
Crystal Acres MHC,Device 72382045,17037,7,6,0,5,-112.0
Crystal Acres MHC,Device 72384678,17037,31,26,4,5,-109.0
Crystal Acres MHC,Device 70263999,17032,7,6,0,6,-118.0
Crystal Acres MHC,Device 72387093,17037,7,6,0,2,-108.0
Crystal Acres MHC,Device 72379264,17037,7,6,0,4,-121.0
Crystal Acres MHC,Device 70272180,17037,7,6,0,7,-116.0
Crystal Acres MHC,Device 70269160,17037,13,11,1,6,-113.0
Crystal Acres MHC,Device 72392069,17037,7,6,0,0,-102.0
Crystal Acres MHC,Device 72391640,17032,6,5,0,2,-107.0
Crystal Acres MHC,Device 72389115,17032,8,7,0,2,-119.0
Crystal Acres MHC,Device 70268782,17032,7,6,0,5,-99.0
Crystal Acres MHC,Device 72385774,17032,4,6,0,0,-127.0
Aurora MHC-CUST,Device 72380999,16131,7,6,0,7,-90.0
Aurora MHC-CUST,Device 72389040,,0,0,0,,
Aurora MHC-CUST,Device 72382391,16022,8,7,0,7,-93.0
Aurora MHC-CUST,Device 72392374,16131,7,6,0,7,-94.0
Aurora MHC-CUST,Device 72392549,16022,7,6,0,7,-95.0
Aurora MHC-CUST,Device 72388232,16131,7,6,0,5,-103.0
Aurora MHC-CUST,Device 72380098,16022,7,6,0,7,-100.0
Aurora MHC-CUST,Device 72388109,,0,0,0,,
Aurora MHC-CUST,Device 72389412,17040,8,7,0,3,-88.0
Aurora MHC-CUST,Device 72384371,,0,0,0,,
Aurora MHC-CUST,Device 72386608,16022,7,6,0,7,-121.0
Aurora MHC-CUST,Device 72392556,16185,10,10,0,6,-82.0
Aurora MHC-CUST,Device 70259674,16022,7,6,0,7,-91.0
Aurora MHC-CUST,Device 77059550,16022,7,6,0,6,-92.0
Aurora MHC-CUST,Device 70264559,16022,7,6,0,6,-97.0
Aurora MHC-CUST,Device 70266679,16131,7,6,0,7,-89.0
Aurora MHC-CUST,Device 70260698,16131,7,6,0,7,-90.0
Aurora MHC-CUST,Device 70259120,16131,9,8,0,7,-93.0
Aurora MHC-CUST,Device 70263114,16131,7,6,0,7,-79.0
Aurora MHC-CUST,Device 70273162,16022,7,6,0,6,-78.0
Aurora MHC-CUST,Device 70270648,16131,7,6,0,7,-84.0
Aurora MHC-CUST,Device 70261829,16022,7,6,0,7,-94.0
Aurora MHC-CUST,Device 70260268,16185,7,6,0,1,-81.0
Aurora MHC-CUST,Device 70264690,16022,7,6,0,7,-87.0
Aurora MHC-CUST,Device 70271588,16022,7,6,0,7,-87.0
Aurora MHC-CUST,Device 70266729,16022,7,6,0,7,-89.0
Aurora MHC-CUST,Device 70272024,,0,0,0,,
Aurora MHC-CUST,Device 70266596,17040,7,11,0,0,-86.0
Aurora MHC-CUST,Device 70272115,16022,9,8,0,7,-80.0
Aurora MHC-CUST,Device 70272065,,0,0,0,,
Aurora MHC-CUST,Device 70263668,,0,0,0,,
Aurora MHC-CUST,Device 70259658,16022,7,6,0,7,-98.0
Aurora MHC-CUST,Device 70259013,16185,7,6,0,7,-86.0
Aurora MHC-CUST,Device 70259096,16185,7,6,0,7,-95.0
Aurora MHC-CUST,Device 70261761,17040,7,6,0,0,-89.0
Aurora MHC-CUST,Device 70258569,16022,7,6,0,7,-93.0
Aurora MHC-CUST,Device 70263742,16022,7,6,0,5,-76.0
Aurora MHC-CUST,Device 70263353,,0,0,0,,
Aurora MHC-CUST,Device 70263122,16022,7,6,0,7,-85.0
Aurora MHC-CUST,Device 70261605,16022,7,6,0,7,-98.0
Aurora MHC-CUST,Device 70265960,16022,7,6,0,7,-86.0
Aurora MHC-CUST,Device 70258387,16022,7,6,0,7,-75.0
Aurora MHC-CUST,Device 70263148,16022,7,6,0,7,-84.0
Aurora MHC-CUST,Device 70263825,17037,16,15,0,7,-84.0
Aurora MHC-CUST,Device 70260623,16022,7,6,0,7,-99.0
Aurora MHC-CUST,Device 70260730,16022,7,6,0,7,-92.0
Aurora MHC-CUST,Device 70263932,16022,7,6,0,7,-74.0
Aurora MHC-CUST,Device 70261308,16185,7,6,0,7,-88.0
Aurora MHC-CUST,Device 70258957,16130,7,6,0,7,-89.0
Aurora MHC-CUST,Device 70261589,16022,7,6,0,7,-85.0
Aurora MHC-CUST,Device 70271273,16022,7,6,0,7,-74.0
Aurora MHC-CUST,Device 70263320,,0,0,0,,
Aurora MHC-CUST,Device 70264302,17040,7,6,0,0,-78.0
Aurora MHC-CUST,Device 70261654,16022,7,6,0,7,-82.0
Aurora MHC-CUST,Device 70263312,16022,7,6,0,7,-96.0
Aurora MHC-CUST,Device 70259948,,0,0,0,,
Aurora MHC-CUST,Device 70267917,17037,7,6,0,0,-82.0
Aurora MHC-CUST,Device 70265218,16022,7,6,0,5,-85.0
Aurora MHC-CUST,Device 70259336,16022,7,6,0,7,-88.0
Aurora MHC-CUST,Device 70271315,16022,7,6,0,7,-79.0
Aurora MHC-CUST,Device 70261431,16022,7,6,0,7,-94.0
Aurora MHC-CUST,Device 70264179,16022,7,6,0,7,-88.0
Aurora MHC-CUST,Device 70259161,16185,7,6,0,7,-76.0
Aurora MHC-CUST,Device 70270895,,0,0,0,,
Aurora MHC-CUST,Device 70264492,16131,7,6,0,7,-95.0
Aurora MHC-CUST,Device 70271430,16022,7,6,0,6,-93.0
Aurora MHC-CUST,Device 70263015,,0,0,0,,
Aurora MHC-CUST,Device 70261811,16022,7,6,0,4,-102.0
Aurora MHC-CUST,Device 70261746,16022,7,6,0,7,-91.0
Aurora MHC-CUST,Device 70273477,,0,0,0,,
Aurora MHC-CUST,Device 70271307,16022,7,6,0,7,-91.0
Aurora MHC-CUST,Device 70258940,16022,7,6,0,7,-88.0
Aurora MHC-CUST,Device 70264005,16022,7,6,0,5,-96.0
Aurora MHC-CUST,Device 70261860,16022,7,6,0,7,-76.0
Aurora MHC-CUST,Device 70273345,16022,7,6,0,7,-79.0
Aurora MHC-CUST,Device 70260094,16022,7,6,0,6,-89.0
Aurora MHC-CUST,Device 70271513,,0,0,0,,
Aurora MHC-CUST,Device 70273394,16185,7,6,0,7,-74.0
Aurora MHC-CUST,Device 70259179,16131,7,6,0,7,-111.0
Aurora MHC-CUST,Device 77059360,16022,9,8,0,7,-90.0
Aurora MHC-CUST,Device 70261167,,0,0,0,,
Aurora MHC-CUST,Device 70271166,,0,0,0,,
Aurora MHC-CUST,Device 70267206,,0,0,0,,
Aurora MHC-CUST,Device 70267131,16022,7,6,0,7,-101.0
Aurora MHC-CUST,Device 70269921,16022,7,6,0,2,-87.0
Aurora MHC-CUST,Device 70271406,16022,7,6,0,6,-84.0
Aurora MHC-CUST,Device 77059352,16022,7,6,0,7,-85.0
Aurora MHC-CUST,Device 70264286,16131,7,6,0,7,-91.0
Aurora MHC-CUST,Device 70268105,16131,7,6,0,0,-87.0
Aurora MHC-CUST,Device 77052316,16022,7,6,0,7,-83.0
Aurora MHC-CUST,Device 77053264,16131,7,6,0,6,-100.0
Aurora MHC-CUST,Device 77054882,16022,7,6,0,7,-85.0
Aurora MHC-CUST,Device 77054049,16131,8,7,0,7,-76.0
Aurora MHC-CUST,Device 65824230,16022,7,6,0,7,-82.0
Aurora MHC-CUST,Device 77041715,16022,7,6,0,6,-102.0
Aurora MHC-CUST,Device 77057679,16022,8,7,0,7,-95.0
Aurora MHC-CUST,Device 77055350,16022,7,6,0,7,-90.0
Aurora MHC-CUST,Device 77057885,17040,7,6,0,0,-85.0
Aurora MHC-CUST,Device 77052274,16022,7,6,0,7,-81.0
Aurora MHC-CUST,Device 77029553,16022,7,6,0,7,-86.0
Aurora MHC-CUST,Device 65826607,16022,6,5,0,6,-83.0
Aurora MHC-CUST,Device 77057984,17037,9,8,0,6,-91.0
Aurora MHC-CUST,Device 77061739,16022,8,7,0,7,-83.0
Aurora MHC-CUST,Device 77056788,,0,0,0,,
Aurora MHC-CUST,Device 65825385,16131,7,6,0,7,-89.0
Aurora MHC-CUST,Device 77061614,16022,7,6,0,7,-88.0
Aurora MHC-CUST,Device 77057828,16022,7,6,0,7,-81.0
Aurora MHC-CUST,Device 77057141,16022,9,8,0,7,-87.0
Aurora MHC-CUST,Device 65822218,16022,8,7,0,6,-91.0
Aurora MHC-CUST,Device 65825203,16022,7,6,0,7,-90.0
Aurora MHC-CUST,Device 77029124,16022,7,6,0,7,-88.0
Aurora MHC-CUST,Device 65826953,16131,7,6,0,0,-75.0
Aurora MHC-CUST,Device 65828967,16131,7,6,0,7,-91.0
Aurora MHC-CUST,Device 77042093,17040,10,10,0,7,-101.0
Aurora MHC-CUST,Device 77029629,16022,7,6,0,7,-99.0
Aurora MHC-CUST,Device 77056440,16022,7,6,0,7,-90.0
Aurora MHC-CUST,Device 65824404,16022,7,6,0,7,-91.0
Aurora MHC-CUST,Device 77057372,16131,7,6,0,7,-92.0
Aurora MHC-CUST,Device 77057166,16022,7,6,0,7,-92.0
Aurora MHC-CUST,Device 77061010,16022,7,6,0,7,-78.0
Aurora MHC-CUST,Device 77051987,16022,7,6,0,7,-88.0
Aurora MHC-CUST,Device 77055459,16131,7,6,0,7,-87.0
Aurora MHC-CUST,Device 77058834,17037,7,6,0,7,-90.0
Aurora MHC-CUST,Device 65825815,16131,7,6,0,6,-86.0
Aurora MHC-CUST,Device 77029512,16022,7,6,0,7,-78.0
Aurora MHC-CUST,Device 77059436,16022,7,6,0,7,-88.0
Aurora MHC-CUST,Device 77056549,16022,7,6,0,7,-92.0
Aurora MHC-CUST,Device 77060988,17037,7,6,0,7,-79.0
Aurora MHC-CUST,Device 77056291,16131,7,6,0,7,-75.0
Aurora MHC-CUST,Device 77061705,17037,7,6,0,0,-95.0
Aurora MHC-CUST,Device 77054163,16022,7,6,0,7,-86.0
Aurora MHC-CUST,Device 77055673,17037,7,6,0,7,-93.0
Aurora MHC-CUST,Device 77060111,17037,7,6,0,4,-79.0
Aurora MHC-CUST,Device 77042044,16131,7,6,0,4,-75.0
Aurora MHC-CUST,Device 77028597,16131,7,6,0,7,-84.0
Aurora MHC-CUST,Device 77028613,16022,7,6,0,7,-79.0
Aurora MHC-CUST,Device 77060970,16185,7,6,0,7,-81.0
Aurora MHC-CUST,Device 77057935,16022,7,6,0,7,-73.0
Aurora MHC-CUST,Device 77056184,16131,7,6,0,7,-87.0
Aurora MHC-CUST,Device 77028498,16185,7,6,0,7,-88.0
Aurora MHC-CUST,Device 65826458,16131,7,6,0,7,-92.0
Aurora MHC-CUST,Device 65829452,16022,7,6,0,7,-94.0
Aurora MHC-CUST,Device 65830294,16131,7,6,0,7,-87.0
Aurora MHC-CUST,Device 65829429,16022,7,6,0,6,-91.0
Aurora MHC-CUST,Device 65825625,16022,7,6,0,7,-88.0
Aurora MHC-CUST,Device 65830450,,0,0,0,,
Aurora MHC-CUST,Device 65824065,16022,7,6,0,7,-97.0
Aurora MHC-CUST,Device 65827027,16131,7,6,0,6,-82.0
Aurora MHC-CUST,Device 65825849,16022,7,6,0,2,-87.0
Aurora MHC-CUST,Device 65822341,16022,7,6,0,7,-97.0
Aurora MHC-CUST,Device 65829049,,0,0,0,,
Aurora MHC-CUST,Device 65825302,16022,7,6,0,7,-90.0
Aurora MHC-CUST,Device 68588324,16131,7,6,0,7,-92.0
Aurora MHC-CUST,Device 65830732,16131,7,6,0,7,-95.0
Aurora MHC-CUST,Device 65823745,,0,0,0,,
Aurora MHC-CUST,Device 65823737,16022,7,6,0,7,-86.0
Aurora MHC-CUST,Device 68593019,16022,7,6,0,7,-74.0
Aurora MHC-CUST,Device 65831292,16131,7,6,0,0,-88.0
Aurora MHC-CUST,Device 65829080,16022,7,6,0,7,-89.0
Aurora MHC-CUST,Device 65823380,16022,7,6,0,7,-95.0
Haven MHP,Device 75371946,17040,7,6,0,0,-107.0
Haven MHP,Device 75371003,16131,7,6,0,7,-100.0
Haven MHP,Device 75368405,17040,7,6,0,0,-90.0
Haven MHP,Device 75368967,16131,7,6,0,7,-110.0
Haven MHP,Device 75360089,16131,7,6,0,7,-101.0
Haven MHP,Device 75365054,16131,14,13,0,7,-88.0
Haven MHP,Device 75361459,16131,7,6,0,4,-105.0
Haven MHP,Device 75365732,16131,7,6,0,7,-100.0
Haven MHP,Device 75366425,16131,7,6,0,7,-94.0
Haven MHP,Device 79466080,16131,7,6,0,7,-94.0
Haven MHP,Device 79468045,16131,7,6,0,0,-87.0
Haven MHP,Device 75364891,16131,7,6,0,6,-89.0
Haven MHP,Device 75360022,16131,9,16,0,2,-99.0
Haven MHP,Device 75367613,16131,7,6,0,3,-94.0
Haven MHP,Device 79462949,16131,7,6,0,7,-98.0
Haven MHP,Device 75369080,16131,8,7,0,7,-93.0
Haven MHP,Device 75360477,16131,7,6,0,7,-103.0
Haven MHP,Device 79466197,16131,7,6,0,7,-99.0
Haven MHP,Device 75365252,16131,7,7,0,6,-108.0
Haven MHP,Device 79465892,16131,7,6,0,7,-97.0
Haven MHP,Device 75365740,17040,7,6,0,0,-83.0
Haven MHP,Device 75371169,16131,7,6,0,7,-99.0
Haven MHP,Device 75369221,16131,7,6,0,1,-90.0
Haven MHP,Device 75368926,16131,7,6,0,7,-104.0
Sunnyvale MHP,Device 72384017,362,12,13,0,7,-101.0
Sunnyvale MHP,Device 72384066,16185,7,6,0,5,-94.0
Sunnyvale MHP,Device 72387978,16131,7,6,0,7,-95.0
Sunnyvale MHP,Device 72384181,16131,7,6,0,0,-93.0
Sunnyvale MHP,Device 72387879,362,12,13,0,7,-93.0
Sunnyvale MHP,Device 70265507,362,12,12,0,6,-89.0
Sunnyvale MHP,Device 70269269,362,8,12,0,7,-96.0
Sunnyvale MHP,Device 72383928,16131,8,7,0,7,-88.0
Sunnyvale MHP,Device 72383985,16131,7,6,0,7,-99.0
Sunnyvale MHP,Device 70267693,362,10,12,0,7,-101.0
Sunnyvale MHP,Device 70269772,362,13,13,0,7,-119.0
Sunnyvale MHP,Device 72387606,362,9,13,0,7,-101.0
Sunnyvale MHP,Device 72387788,,0,0,0,,
Sunnyvale MHP,Device 72380379,362,9,13,0,7,-99.0
Sunnyvale MHP,Device 70268246,362,8,13,0,7,-98.0
Sunnyvale MHP,Device 72387796,362,11,13,0,0,-114.0
Sunnyvale MHP,Device 70269400,362,11,13,0,7,-97.0
Sunnyvale MHP,Device 72391723,362,7,13,0,1,-103.0
Sunnyvale MHP,Device 70265937,16131,7,6,0,7,-96.0
Sunnyvale MHP,Device 70266232,16131,7,6,0,7,-87.0
Sunnyvale MHP,Device 72384256,362,10,13,0,7,-99.0
Sunnyvale MHP,Device 72380452,16131,7,6,0,7,-100.0
Sunnyvale MHP,Device 72383894,,0,0,0,,
Sunnyvale MHP,Device 70270358,362,10,13,0,7,-103.0
Rusk MHC,,,0,0,0,,
Rusk MHC,,,0,0,0,,
Rusk MHC,,,0,0,0,,
Rusk MHC,,17037,7,6,0,1,-102.0
Rusk MHC,,17037,7,6,0,4,-98.0
Rusk MHC,,17037,25,27,0,6,-106.0
Rusk MHC,,17037,7,6,0,6,-101.0
Rusk MHC,,17040,7,6,0,6,-96.0
Rusk MHC,,17037,8,7,0,5,-99.0
Rusk MHC,,17037,7,6,0,6,-107.0
Rusk MHC,,17037,7,6,0,4,-94.0
Rusk MHC,,17037,7,6,0,0,-96.0
Rusk MHC,,17037,7,6,0,5,-96.0
Rusk MHC,,17037,7,6,0,4,-96.0
Rusk MHC,,17037,7,6,0,7,-100.0
Rusk MHC,,17037,7,6,0,5,-98.0
Rusk MHC,,17037,7,6,0,3,-102.0
Rusk MHC,,17037,9,8,0,6,-95.0
Rusk MHC,,17037,7,6,0,7,-96.0
Rusk MHC,,17037,8,6,1,4,-104.0
Rusk MHC,,17037,7,6,0,0,-102.0
Rusk MHC,,,0,0,0,,
Rusk MHC,,17037,17,20,0,7,-104.0
Rusk MHC,,17037,8,7,0,3,-89.0
Rusk MHC,,17037,7,6,0,4,-94.0
Rusk MHC,,17037,7,6,0,6,-91.0
Rusk MHC,,17037,7,6,0,7,-97.0
Rusk MHC,,17037,7,6,0,3,-97.0
Rusk MHC,,17037,7,6,0,5,-103.0
Rusk MHC,,17037,8,7,0,7,-104.0
Rusk MHC,,17037,7,6,0,7,-94.0
Rusk MHC,,17040,9,7,1,4,-96.0
Rusk MHC,,17037,7,6,0,3,-106.0
Rusk MHC,,17037,7,6,0,7,-97.0
Rusk MHC,,17037,21,23,0,7,-103.0
Rusk MHC,,17037,7,6,0,3,-101.0
Rusk MHC,,17037,7,6,0,6,-96.0
Rusk MHC,,17037,7,6,0,7,-92.0
Rusk MHC,,17037,7,6,0,7,-92.0
Rusk MHC,,17037,7,6,0,5,-88.0
Rusk MHC,,17037,14,13,0,7,-97.0
Rusk MHC,,17037,8,6,1,4,-87.0
Rusk MHC,,17037,7,6,0,2,-93.0
Rusk MHC,,17037,13,9,3,7,-92.0
Rusk MHC,,17037,7,6,0,7,-107.0
Rusk MHC,,,0,0,0,,
Rusk MHC,,17037,7,6,0,4,-92.0
Rusk MHC,,17037,9,6,2,5,-111.0
Rusk MHC,,17037,7,6,0,7,-94.0
Rusk MHC,,17037,7,6,0,3,-97.0
Rusk MHC,,17037,7,6,0,4,-99.0
Hoosier Park MHC,Device 79465207,17037,7,6,0,7,-91.0
Hoosier Park MHC,Device 79455836,17032,7,6,0,7,-104.0
Hoosier Park MHC,Device 79464606,17032,12,11,0,7,-98.0
Hoosier Park MHC,Device 82371501,17032,11,10,0,7,-108.0
Hoosier Park MHC,Device 79458509,17037,251,251,0,0,-88.0
Hoosier Park MHC,Device 79456123,17032,6,5,0,7,-97.0
Hoosier Park MHC,Device 79463822,17037,7,6,0,7,-100.0
Hoosier Park MHC,Device 72384769,,0,0,0,,
Hoosier Park MHC,Device 72381732,17032,8,6,1,6,-107.0
Hoosier Park MHC,Device 72379454,17037,7,6,0,7,-99.0
Hoosier Park MHC,Device 72380304,17037,9,8,0,7,-103.0
Hoosier Park MHC,Device 70266034,,0,0,0,,
Hoosier Park MHC,Device 72381872,,0,0,0,,
Hoosier Park MHC,Device 70264310,17032,7,6,0,6,-105.0
Hoosier Park MHC,Device 70272305,17037,7,6,0,7,-100.0
Hoosier Park MHC,Device 70266455,17032,11,9,1,7,-99.0
Hoosier Park MHC,Device 72386962,17032,7,6,0,6,-105.0
Hoosier Park MHC,Device 72380312,17032,7,6,0,7,-97.0
Hoosier Park MHC,Device 70259286,17037,7,6,0,7,-110.0
Hoosier Park MHC,Device 72383316,17037,252,713,0,7,-96.0
Hoosier Park MHC,Device 70261936,17037,7,7,0,0,-98.0
Hoosier Park MHC,Device 65826060,,0,0,0,,
Hoosier Park MHC,Device 77057505,,0,0,0,,
Hoosier Park MHC,Device 77061135,,0,0,0,,
Hoosier Park MHC,Device 77056192,,0,0,0,,
Hoosier Park MHC,Device 65828801,17032,7,6,0,7,-97.0
Little Acres MHC,Device 72715180,17037,7,6,0,7,-96.0
Little Acres MHC,Device 72719307,17037,7,6,0,7,-87.0
Little Acres MHC,Device 72718317,17037,7,6,0,7,-89.0
Little Acres MHC,Device 72718671,17037,7,6,0,7,-97.0
Little Acres MHC,Device 72722582,17037,7,6,0,7,-95.0
Little Acres MHC,Device 72720602,17037,7,6,0,7,-87.0
Little Acres MHC,Device 72723051,17037,7,6,0,7,-96.0
Little Acres MHC,Device 72718812,17037,7,6,0,7,-96.0
Little Acres MHC,Device 72714076,17037,7,6,0,7,-90.0
Bannock MHP,Device 79467153,17032,7,6,0,0,-83.0
Bannock MHP,Device 79454680,17032,7,6,0,2,-107.0
Bannock MHP,Device 79466577,17032,7,6,0,0,-91.0
Bannock MHP,Device 79453955,17032,7,6,0,0,-98.0
Bannock MHP,Device 75373975,17032,7,6,0,0,-95.0
Bannock MHP,Device 75370989,17032,7,6,0,0,-87.0
Bannock MHP,Device 79455273,17032,7,6,0,0,-95.0
Bannock MHP,Device 75369205,17032,7,6,0,7,-89.0
Bannock MHP,Device 75363158,17032,7,6,0,7,-92.0
Bannock MHP,Device 79454573,17032,7,6,0,0,-94.0
Bannock MHP,Device 75365112,17032,7,6,0,0,-86.0
Bannock MHP,Device 75374114,17032,7,6,0,0,-89.0
Bannock MHP,Device 75374387,17032,7,6,0,0,-95.0
Bannock MHP,Device 75360311,17032,7,6,0,0,-97.0
Bannock MHP,Device 79460364,17032,7,6,0,3,-86.0
Bannock MHP,Device 79466122,17032,7,6,0,0,-85.0
Bannock MHP,Device 75374312,17032,7,6,0,0,-87.0
Bannock MHP,Device 79462824,17032,7,6,0,0,-95.0
Bannock MHP,Device 75364735,17032,7,6,0,0,-98.0
Bannock MHP,Device 79456222,17032,7,6,0,0,-94.0
Bannock MHP,Device 79466429,17032,7,6,0,0,-86.0
Bannock MHP,Device 79463053,17032,7,6,0,0,-100.0
Bannock MHP,Device 75374080,17032,7,6,0,0,-96.0
Bannock MHP,Device 75368660,17032,5,5,0,7,-93.0
Bannock MHP,Device 79454516,17032,7,6,0,0,-87.0
Bannock MHP,Device 79463046,17032,8,6,1,4,-119.0
Bannock MHP,Device 79462352,17032,21,20,0,7,-92.0
Bannock MHP,Device 75368892,17032,7,6,0,7,-94.0
Bannock MHP,Device 75366276,17032,7,6,0,0,-94.0
Bannock MHP,Device 79459655,17032,7,6,0,7,-94.0
Bannock MHP,Device 79460141,17032,7,6,0,7,-99.0
Bannock MHP,Device 79466528,17032,7,6,0,0,-86.0
Bannock MHP,Device 75374254,17032,9,8,0,3,-92.0
Bannock MHP,Device 79465983,17032,7,6,0,7,-91.0
Bannock MHP,Device 79463996,17032,7,6,0,0,-87.0
Green Grove Trailer Court MHC,Device 72382672,16131,7,6,0,7,-108.0
Green Grove Trailer Court MHC,Device 70258619,16131,7,6,0,0,-120.0
Green Grove Trailer Court MHC,Device 70259146,16131,6,5,0,2,-115.0
Green Grove Trailer Court MHC,Device 70259997,16131,7,6,0,5,-114.0
Green Grove Trailer Court MHC,Device 70259708,16131,7,6,0,7,-111.0
Green Grove Trailer Court MHC,Device 70261944,16131,5,6,0,6,-111.0
Green Grove Trailer Court MHC,Device 70271182,17037,6,6,0,0,-121.0
Green Grove Trailer Court MHC,Device 70259989,16131,3,3,0,0,-119.0
Green Grove Trailer Court MHC,Device 70269863,16131,7,6,0,7,-107.0
Green Grove Trailer Court MHC,Device 77055129,16131,7,6,0,7,-114.0
Green Grove Trailer Court MHC,Device 77057273,16131,7,6,0,6,-106.0
Green Grove Trailer Court MHC,Device 77060889,16131,7,6,0,0,-116.0
Green Grove Trailer Court MHC,Device 65831649,16131,7,6,0,7,-90.0
Green Grove Trailer Court MHC,Device 77054551,16131,6,5,0,7,-115.0
Green Grove Trailer Court MHC,Device 65826193,16131,7,6,0,7,-111.0
Green Grove Trailer Court MHC,Device 65825989,16131,7,6,0,6,-111.0
Green Grove Trailer Court MHC,Device 65825500,17040,8,9,0,1,-95.0
Green Grove Trailer Court MHC,Device 65826102,16131,7,6,0,2,-112.0
Green Grove Trailer Court MHC,Device 65830377,16131,5,4,0,5,-106.0
Green Grove Trailer Court MHC,Device 65825153,17037,7,6,0,7,-103.0
Green Grove Trailer Court MHC,Device 65824107,16131,7,6,0,7,-114.0
Mountaineer Village MHC,Device 75367308,17037,7,6,0,7,-106.0
Mountaineer Village MHC,Device 79465520,17037,7,6,0,0,-102.0
Mountaineer Village MHC,Device 75370898,17037,7,6,0,7,-99.0
Mountaineer Village MHC,Device 72721428,15085,7,6,0,7,-106.0
Mountaineer Village MHC,Device 72720776,17040,5,6,0,0,-94.0
Mountaineer Village MHC,Device 72722079,15085,7,6,0,7,-100.0
Mountaineer Village MHC,Device 72379330,15085,7,6,0,7,-99.0
Mountaineer Village MHC,Device 72381062,15085,7,6,0,7,-91.0
Mountaineer Village MHC,Device 70262900,15085,7,6,0,6,-89.0
Mountaineer Village MHC,Device 70272214,15085,7,6,0,7,-90.0
Mountaineer Village MHC,Device 70272248,15085,7,6,0,7,-107.0
Mountaineer Village MHC,Device 70266497,15085,7,6,0,7,-92.0
Mountaineer Village MHC,Device 72378670,15085,10,9,0,7,-93.0
Mountaineer Village MHC,Device 72381260,15085,7,6,0,7,-77.0
Mountaineer Village MHC,Device 70273014,15085,7,6,0,5,-103.0
Mountaineer Village MHC,Device 70272297,15085,7,6,0,7,-104.0
Mountaineer Village MHC,Device 70272842,15085,6,5,0,5,-108.0
Mountaineer Village MHC,Device 70269517,15085,7,6,0,7,-107.0
Mountaineer Village MHC,Device 70261670,15085,6,5,0,6,-93.0
Mountaineer Village MHC,Device 72391202,15085,7,6,0,7,-93.0
Mountaineer Village MHC,Device 70272933,15085,7,6,0,7,-90.0
Mountaineer Village MHC,Device 72381948,15085,6,5,0,6,-108.0
Mountaineer Village MHC,Device 70262173,15085,7,6,0,7,-93.0
Mountaineer Village MHC,Device 70266109,15085,7,6,0,7,-96.0
Mountaineer Village MHC,Device 70269194,15085,7,6,0,7,-90.0
Mountaineer Village MHC,Device 72384694,15085,6,5,0,6,-106.0
Mountaineer Village MHC,Device 72378902,16131,7,6,0,7,-96.0
Mountaineer Village MHC,Device 72381096,15085,7,6,0,7,-103.0
Mountaineer Village MHC,Device 72383696,,0,0,0,,
Mountaineer Village MHC,Device 70268097,16131,7,6,0,7,-116.0
Mountaineer Village MHC,Device 2068597341,10706,2,3,0,0,-97.0
Ridge Crest MHC,Device 72724448,362,12,13,0,7,-78.0
Ridge Crest MHC,Device 72720131,362,11,13,0,7,-84.0
Ridge Crest MHC,Device 72719984,,0,0,0,,
Holly Tree MHP,Device 79454565,16185,7,6,0,7,-113.0
Holly Tree MHP,Device 79464168,16185,7,6,0,4,-109.0
Holly Tree MHP,Device 75363091,16185,7,6,0,6,-106.0
Holly Tree MHP,Device 75360766,16185,7,6,0,6,-108.0
Holly Tree MHP,Device 79463400,16185,7,6,0,5,-108.0
Holly Tree MHP,Device 79461131,16185,13,12,0,7,-107.0
Holly Tree MHP,Device 79462048,17037,7,6,0,7,-107.0
Holly Tree MHP,Device 79461107,17037,7,6,0,3,-113.0
Holly Tree MHP,Device 79462725,16185,5,4,0,4,-116.0
Holly Tree MHP,Device 79462022,16185,7,6,0,6,-103.0
Holly Tree MHP,Device 79461222,16185,7,6,0,6,-113.0
Holly Tree MHP,Device 79460901,16185,3,5,0,3,-117.0
Holly Tree MHP,Device 79461388,16185,4,5,0,2,-112.0
Holly Tree MHP,Device 79462733,16185,7,6,0,5,-112.0
Holly Tree MHP,Device 75372225,16185,7,6,0,0,-113.0
Holly Tree MHP,Device 79461073,16185,7,6,0,7,-116.0
Holly Tree MHP,Device 75362184,16185,8,7,0,2,-112.0
Holly Tree MHP,Device 75374759,16185,5,5,0,0,-122.0
Holly Tree MHP,Device 72719042,16185,6,6,0,1,-113.0
Holly Tree MHP,Device 70268915,16185,7,6,0,6,-111.0
Holly Tree MHP,Device 72391814,17037,29,24,4,7,-106.0
Holly Tree MHP,Device 72378779,16185,7,6,0,7,-110.0
Holly Tree MHP,Device 72391038,16185,7,6,0,6,-115.0
Holly Tree MHP,Device 72391269,16185,7,6,0,5,-105.0
Holly Tree MHP,Device 70262199,16185,6,6,0,3,-120.0
Holly Tree MHP,Device 72381427,16185,7,6,0,6,-100.0
Holly Tree MHP,Device 70272974,16185,7,6,0,5,-109.0
Holly Tree MHP,Device 70261985,16185,7,6,0,7,-109.0
Holly Tree MHP,Device 72386780,16185,8,6,1,6,-113.0
Holly Tree MHP,Device 72390246,16185,7,6,0,7,-100.0
Holly Tree MHP,Device 72392796,16185,7,6,0,7,-110.0
Holly Tree MHP,Device 72383548,16185,7,6,0,7,-110.0
Holly Tree MHP,Device 72392408,16185,7,6,0,6,-108.0
Holly Tree MHP,Device 70262884,16185,7,6,0,4,-113.0
Holly Tree MHP,Device 72392382,16185,7,6,0,7,-109.0
Holly Tree MHP,Device 77061283,16185,7,6,0,7,-113.0
Holly Tree MHP,Device 77060228,16185,7,6,0,3,-114.0
Holly Tree MHP,Device 77056069,16185,7,6,0,7,-101.0
Holly Tree MHP,Device 77042085,16185,7,6,0,7,-115.0
Holly Tree MHP,Device 77052258,16185,7,6,0,7,-110.0
Holly Tree MHP,Device 77029397,16185,7,6,0,0,-113.0
Holly Tree MHP,Device 77029413,16185,6,6,0,6,-111.0
Holly Tree MHP,Device 77029231,16185,7,6,0,7,-115.0
Holly Tree MHP,Device 77052191,16185,6,6,0,7,-112.0
Holly Tree MHP,Device 77029355,16185,7,6,0,7,-106.0
Holly Tree MHP,Device 77057208,16185,7,6,0,7,-113.0
Holly Tree MHP,Device 65829700,16185,7,6,0,7,-106.0
Holly Tree MHP,Device 77041889,16185,7,6,0,7,-110.0
Holly Tree MHP,Device 77029314,16185,4,6,0,7,-112.0
Holly Tree MHP,Device 77055400,17037,7,6,0,7,-102.0
Holly Tree MHP,Device 77057620,16185,8,7,0,7,-106.0
Holly Tree MHP,Device 77058727,16185,8,6,1,0,-121.0
Holly Tree MHP,Device 77057364,16185,7,6,0,7,-111.0
Holly Tree MHP,Device 65824990,16185,7,6,0,7,-110.0
Holly Tree MHP,Device 77058008,16185,7,6,0,7,-106.0
Holly Tree MHP,Device 77029546,16185,7,6,0,7,-114.0
Holly Tree MHP,Device 77041996,16185,7,6,0,7,-105.0
Holly Tree MHP,Device 77056432,16185,7,6,0,7,-115.0
Holly Tree MHP,Device 77028688,16185,7,6,0,7,-118.0
Holly Tree MHP,Device 77029207,17037,7,6,0,7,-109.0
Holly Tree MHP,Device 77061812,16185,7,6,0,7,-113.0
Holly Tree MHP,Device 77057018,16185,7,6,0,7,-107.0
Holly Tree MHP,Device 65824412,16185,8,7,0,7,-117.0
Holly Tree MHP,Device 77058271,16185,7,6,0,1,-109.0
Holly Tree MHP,Device 77054684,16185,7,6,0,7,-112.0
Holly Tree MHP,Device 65827589,16185,7,6,0,7,-109.0
Holly Tree MHP,Device 77055582,16185,7,6,0,7,-118.0
Holly Tree MHP,Device 77036657,16185,7,6,0,7,-119.0
Holly Tree MHP,Device 77054379,16185,7,6,0,7,-111.0
Holly Tree MHP,Device 77061721,16185,7,6,0,7,-118.0
Holly Tree MHP,Device 77057570,17037,7,6,0,6,-110.0
Holly Tree MHP,Device 77056556,16185,7,6,0,7,-108.0
Holly Tree MHP,Device 77057992,16185,7,6,0,7,-110.0
Holly Tree MHP,Device 77058610,17037,7,6,0,7,-120.0
Holly Tree MHP,Device 65830112,16185,7,6,0,7,-115.0
Holly Tree MHP,Device 65829577,16185,6,5,0,7,-112.0
Maple Creek Estates MHC,Device 75364750,17037,7,6,0,7,-105.0
Maple Creek Estates MHC,Device 75369361,16185,7,6,0,7,-105.0
Maple Creek Estates MHC,Device 79467229,16185,7,6,0,7,-112.0
Maple Creek Estates MHC,Device 75361590,16185,9,8,0,7,-100.0
Maple Creek Estates MHC,Device 75363976,16185,7,7,0,3,-111.0
Maple Creek Estates MHC,Device 75371862,17037,7,6,0,7,-107.0
Maple Creek Estates MHC,Device 75371029,16185,7,6,0,0,-103.0
Maple Creek Estates MHC,Device 75365591,16185,21,20,0,7,-106.0
Maple Creek Estates MHC,Device 75365609,16185,7,6,0,0,-110.0
Maple Creek Estates MHC,Device 79465678,16185,7,6,0,7,-102.0
Maple Creek Estates MHC,Device 79467054,16185,7,6,0,7,-104.0
Maple Creek Estates MHC,Device 75369650,17037,7,6,0,7,-104.0
Freedom MHP,Device 75367902,363,9,12,0,6,-85.0
Freedom MHP,Device 75360741,363,10,12,0,7,-78.0
Freedom MHP,Device 75373793,363,11,13,0,6,-72.0
Freedom MHP,Device 75373645,363,6,5,0,0,-75.0
Freedom MHP,Device 72717210,363,11,13,0,7,-76.0
Freedom MHP,Device 72721998,,0,0,0,,
Freedom MHP,Device 72716915,363,13,13,0,7,-87.0
Freedom MHP,Device 72719448,363,10,13,0,6,-82.0
Freedom MHP,Device 70266869,16131,9,8,0,7,-88.0
Freedom MHP,Device 72716378,,0,0,0,,
Freedom MHP,Device 72721402,363,14,13,0,7,-79.0
Freedom MHP,Device 72718713,,0,0,0,,
Freedom MHP,Device 72723192,16022,7,6,0,0,-75.0
Freedom MHP,Device 72721808,363,7,13,0,0,-88.0
Freedom MHP,Device 72720008,363,12,13,0,7,-76.0
Freedom MHP,Device 72723143,,0,0,0,,
Freedom MHP,Device 72721832,363,7,6,0,0,-79.0
Freedom MHP,Device 72717806,16022,7,6,0,0,-67.0
Freedom MHP,Device 72722111,16131,48,49,0,7,-80.0
Freedom MHP,Device 72714944,363,7,13,0,1,-75.0
Freedom MHP,Device 72718200,363,7,8,0,1,-86.0
Freedom MHP,Device 72719141,16131,7,6,0,7,-71.0
Freedom MHP,Device 72715123,17040,7,6,0,0,-80.0
Freedom MHP,Device 70258650,17037,7,6,0,7,-81.0
Freedom MHP,Device 70268014,363,10,13,0,7,-84.0
Freedom MHP,Device 77028639,363,9,13,0,7,-94.0
Freedom MHP,Device 77056374,363,14,13,0,7,-81.0
Sunny Acres MHP,Device 2041765624,10706,0,0,0,,
Brown's MHP-CUST,Device 70262595,15154,7,6,0,7,-106.0
Brown's MHP-CUST,Device 70266984,17037,57,52,4,7,-115.0
Brown's MHP-CUST,Device 77058255,15154,7,6,0,7,-106.0
Brown's MHP-CUST,Device 77061242,17040,7,6,0,7,-103.0
Brown's MHP-CUST,Device 65827662,15154,7,6,0,7,-102.0
Brown's MHP-CUST,Device 65829809,15154,7,6,0,7,-99.0
Brown's MHP-CUST,Device 65824255,,0,0,0,,
Brown's MHP-CUST,Device 65828728,15154,7,6,0,7,-104.0
Brown's MHP-CUST,Device 65831466,,0,0,0,,
Brown's MHP-CUST,Device 68588183,15154,7,6,0,6,-112.0
Dorr Drive MHP,Device 70266273,15085,4,4,0,6,-101.0
Dorr Drive MHP,Device 72379223,16185,5,6,0,3,-109.0
Dorr Drive MHP,Device 72381286,16185,8,7,0,7,-112.0
Dorr Drive MHP,Device 72383753,,0,0,0,,
Dorr Drive MHP,Device 70261373,17037,7,6,0,7,-115.0
Dorr Drive MHP,Device 72379140,16185,3,3,0,2,-117.0
Dorr Drive MHP,Device 70266364,16185,7,6,0,6,-110.0
Dorr Drive MHP,Device 72381237,16185,6,7,0,0,-121.0
Dorr Drive MHP,Device 72378555,16185,5,6,0,4,-113.0
Dorr Drive MHP,Device 72381757,16185,7,6,0,7,-103.0
Dorr Drive MHP,Device 70263544,,0,0,0,,
Dorr Drive MHP,Device 72390584,,0,0,0,,
Dorr Drive MHP,Device 72392937,16185,4,6,0,4,-116.0
Dorr Drive MHP,Device 77029728,,0,0,0,,
