group,device,fwVer,sessions,hung_est,days_with_records_of_7,rsrp_med,meterVal_first,meterVal_last,usage_7d_gal
Stevens Park MHC,Device 70263874,,0,0,,,,,
Stevens Park MHC,Device 72387614,,0,0,,,,,
Stevens Park MHC,Device 72387697,,0,0,,,,,
Stevens Park MHC,Device 72384033,,0,0,,,,,
Stevens Park MHC,Device 72386970,,0,0,,,,,
Stevens Park MHC,Device 72391160,,0,0,,,,,
Stevens Park MHC,Device 72380783,,0,0,,,,,
Stevens Park MHC,Device 72379710,,0,0,,,,,
Stevens Park MHC,Device 77036616,,0,0,,,,,
Stevens Park MHC,Device 77054502,,0,0,,,,,
Stevens Park MHC,Device 77036624,,0,0,,,,,
Stevens Park MHC,Device 77036673,,0,0,,,,,
Stevens Park MHC,Device 77054585,,0,0,,,,,
Stevens Park MHC,Device 65825351,,0,0,,,,,
Lake Road Village RV Park-Cust,Device 72381195,362,9,0,7,-92.0,28668.006,29180.762,512.7559999999976
Lake Road Village RV Park-Cust,Device 72387721,362,9,0,6,-98.0,103025.328,103137.586,112.25800000000163
Lake Road Village RV Park-Cust,Device 72384728,362,12,0,7,-114.0,55878.734,56129.141,250.40700000000652
Lake Road Village RV Park-Cust,Device 72386996,17040,7,0,0,-102.0,284867.906,284867.906,0.0
Lake Road Village RV Park-Cust,Device 70260300,16022,7,0,7,-106.0,5510.352,5697.186,186.83399999999983
Lake Road Village RV Park-Cust,Device 72380221,16131,7,0,3,-109.0,5380.23,5743.035,362.8050000000003
Lake Road Village RV Park-Cust,Device 72387887,362,11,0,7,-102.0,3428.732,3494.97,66.23799999999983
Lake Road Village RV Park-Cust,Device 72379892,362,12,0,6,-101.0,36594.426,37190.156,595.7300000000032
Lake Road Village RV Park-Cust,Device 72384157,16193,7,0,6,-102.0,13657.248,14133.139,475.8909999999996
Lake Road Village RV Park-Cust,Device 70266539,362,9,0,7,-100.0,17370.543,17768.953,398.40999999999985
Lake Road Village RV Park-Cust,Device 70266190,362,10,0,7,-96.0,23177.211,23843.771,666.5600000000013
Lake Road Village RV Park-Cust,Device 70262520,362,8,0,7,-108.0,83199.695,83437.711,238.0159999999887
Lake Road Village RV Park-Cust,Device 70260458,362,7,0,7,-91.0,12389.867,12602.413,212.54600000000028
Sara Drive MHP,Device 65825963,16131,7,0,7,-110.0,36787.898,37675.066,887.1679999999978
Sara Drive MHP,Device 72389917,16131,7,0,7,-105.0,142974.0,143572.609,598.6089999999967
Sara Drive MHP,Device 70261688,362,10,0,7,-103.0,27473.535,27949.637,476.10199999999895
Sara Drive MHP,Device 70265283,362,9,0,7,-110.0,11547.18,11868.007,320.8269999999993
Sara Drive MHP,Device 70271133,362,11,0,7,-102.0,42849.895,43699.766,849.8710000000065
Sara Drive MHP,Device 77053876,362,14,0,7,-105.0,238355.563,238994.406,638.8429999999935
Sara Drive MHP,Device 77036905,362,13,0,6,-118.0,11292.559,11413.153,120.59400000000096
Sara Drive MHP,Device 77060855,362,13,0,4,-118.0,119649.82,120978.422,1328.601999999999
Sara Drive MHP,Device 77058263,362,11,0,7,-99.0,14511.558,14747.18,235.6219999999994
Sara Drive MHP,Device 65824719,362,14,0,7,-115.0,32535.844,33228.789,692.9449999999961
Sara Drive MHP,Device 77058750,362,13,0,7,-106.0,37536.863,38470.629,933.7660000000033
Sara Drive MHP,Device 77057323,362,12,0,7,-115.0,68466.469,69814.219,1347.75
Sara Drive MHP,Device 77057687,362,8,0,7,-104.0,7903.486,8026.321,122.83500000000004
Sara Drive MHP,Device 65826920,362,14,0,7,-108.0,123312.094,124860.961,1548.8669999999984
Sara Drive MHP,Device 65824560,362,10,0,6,-106.0,43210.117,44083.613,873.4959999999992
Sara Drive MHP,Device 65830617,362,11,0,7,-113.0,7740.86,7850.776,109.91600000000017
Sara Drive MHP,Device 65826649,,0,0,,,,,
Sara Drive MHP,Device 65825880,362,10,0,7,-107.0,23083.396,23639.033,555.6369999999988
Sara Drive MHP,Device 65829130,362,11,0,7,-110.0,48067.711,49128.492,1060.7809999999954
Sara Drive MHP,Device 65823042,362,8,0,7,-109.0,13450.706,13689.672,238.96600000000035
Sara Drive MHP,Device 65828611,,0,0,,,,,
Sara Drive MHP,Device 65827035,362,10,0,7,-101.0,156153.219,158126.938,1973.7189999999828
Sara Drive MHP,Device 65829601,,0,0,,,,,
Sara Drive MHP,Device 65827555,362,12,0,6,-112.0,35521.648,36256.125,734.476999999999
Sara Drive MHP,Device 65829924,362,14,0,7,-116.0,26864.955,27761.273,896.3179999999993
Sara Drive MHP,Device 65824578,,0,0,,,,,
Sara Drive MHP,Device 65826581,362,11,0,7,-101.0,24273.779,24731.508,457.729000000003
Sara Drive MHP,Device 65827852,362,8,0,6,-103.0,13219.331,13395.291,175.95999999999913
Sara Drive MHP,Device 65822481,362,13,0,7,-109.0,59067.723,60230.5,1162.7770000000019
Sara Drive MHP,Device 65831490,362,10,0,7,-109.0,58200.789,58828.863,628.0740000000005
Sara Drive MHP,Device 65822457,362,9,0,7,-110.0,16444.998,16736.711,291.71299999999974
Sara Drive MHP,Device 65831987,16022,7,0,7,-106.0,42998.016,43974.375,976.3589999999967
Sara Drive MHP,Device 65827076,362,12,0,7,-115.0,42038.93,43037.348,998.4179999999978
Sara Drive MHP,Device 65823521,362,13,0,7,-108.0,14274.729,14567.472,292.7430000000004
Sara Drive MHP,Device 65825252,362,12,0,7,-111.0,46402.066,47401.125,999.0590000000011
Sara Drive MHP,Device 65827803,362,13,0,7,-119.0,41107.418,42011.902,904.484000000004
Sara Drive MHP,Device 65822440,362,9,0,5,-111.0,35872.762,38627.504,2754.7419999999984
Sara Drive MHP,Device 65826268,362,13,0,7,-118.0,16957.156,17137.371,180.21500000000015
Sara Drive MHP,Device 68584349,17037,8,0,7,-104.0,59620.793,60957.586,1336.7930000000051
Sara Drive MHP,Device 65822200,362,12,0,6,-120.0,45180.418,45894.777,714.359000000004
Sara Drive MHP,Device 65823430,362,10,0,6,-112.0,25724.07,26218.551,494.48099999999977
Sara Drive MHP,Device 65822283,362,12,0,7,-112.0,57201.633,58320.887,1119.2540000000008
Sara Drive MHP,Device 65831417,362,12,0,7,-120.0,29534.406,30484.469,950.0630000000019
Cedarbrook Estates MHC,Device 75371045,16185,7,0,0,-101.0,0.0,0.0,0.0
Cedarbrook Estates MHC,Device 79461651,16185,7,0,7,-92.0,343.635,350.731,7.096000000000004
Cedarbrook Estates MHC,Device 79460570,16185,7,0,7,-98.0,6473.627,6865.985,392.35799999999927
Woodland Heights MHC,Device 79457899,17037,12,2,7,-79.0,0.0,0.527,0.527
Woodland Heights MHC,Device 79466833,17037,11,1,7,-80.0,0.0,309.601,309.601
Woodland Heights MHC,Device 79456693,17037,9,1,6,-78.0,0.0,264.617,264.617
Woodland Heights MHC,Device 79456321,17037,9,0,7,-108.0,0.0,4.92,4.92
Woodland Heights MHC,Device 79458665,17037,11,0,0,-105.0,0.0,0.0,0.0
Woodland Heights MHC,Device 79457600,17042,151,0,0,-79.0,0.0,0.0,0.0
Woodland Heights MHC,Device 79453542,17037,10,1,7,-88.0,0.0,544.405,544.405
Woodland Heights MHC,Device 79467872,17037,10,1,7,-79.0,0.0,231.56,231.56
Woodland Heights MHC,Device 79466726,17037,8,0,5,-79.0,0.0,12.051,12.051
Woodland Heights MHC,Device 79456248,17037,7,0,7,-75.0,135.406,394.212,258.806
Woodland Heights MHC,Device 79460273,17037,9,1,7,-110.0,2.499,87.233,84.73400000000001
Woodland Heights MHC,Device 79457154,17037,11,2,7,-91.0,51.0,1142.291,1091.291
Woodland Heights MHC,Device 79466882,17037,5,0,6,-106.0,184.823,379.528,194.705
Woodland Heights MHC,Device 79459614,17037,7,0,7,-76.0,29.234,347.338,318.10400000000004
Woodland Heights MHC,Device 79457352,17037,7,0,6,-79.0,0.393,6.094,5.7010000000000005
Woodland Heights MHC,Device 79461263,17037,7,0,7,-91.0,19.147,713.543,694.396
Woodland Heights MHC,Device 79455455,17037,7,0,6,-76.0,5.265,20.856,15.591000000000001
Woodland Heights MHC,Device 79467864,17037,7,0,7,-107.0,214.672,624.62,409.948
Woodland Heights MHC,Device 79458475,17037,9,0,7,-121.0,2859.859,7387.979,4528.120000000001
Woodland Heights MHC,Device 79459960,17037,9,0,7,-106.0,0.0,595.723,595.723
Woodland Heights MHC,Device 79461842,17037,8,1,0,-122.0,0.617,0.617,0.0
Woodland Heights MHC,Device 79459028,17037,7,0,2,-116.0,69.908,424.871,354.96299999999997
Woodland Heights MHC,Device 79468052,17037,7,0,7,-98.0,121.618,560.953,439.335
Woodland Heights MHC,Device 79467658,17037,7,0,7,-106.0,21.177,143.709,122.53200000000001
Woodland Heights MHC,Device 79459101,17037,7,0,7,-119.0,62.479,205.161,142.68200000000002
Woodland Heights MHC,Device 79467963,17037,7,0,7,-100.0,95.228,257.521,162.293
Woodland Heights MHC,Device 79458848,17037,11,0,7,-105.0,271.557,1606.133,1334.576
Woodland Heights MHC,Device 79465355,17037,7,0,7,-112.0,1.122,2.186,1.0639999999999998
Woodland Heights MHC,Device 79453617,17037,7,0,7,-111.0,131.556,481.101,349.54499999999996
Woodland Heights MHC,Device 79464937,17037,7,0,7,-85.0,120.3,938.073,817.773
Woodland Heights MHC,Device 79464309,17037,9,0,6,-101.0,935.222,1702.496,767.2740000000001
Woodland Heights MHC,Device 79454235,17037,7,0,7,-111.0,87.492,229.208,141.716
Woodland Heights MHC,Device 79454086,17037,4,0,5,-84.0,209.544,436.779,227.23499999999999
Woodland Heights MHC,Device 79453872,17037,7,0,4,-103.0,12.466,26.19,13.724000000000002
Woodland Heights MHC,Device 79458905,17037,7,0,7,-109.0,153.24,397.884,244.644
Woodland Heights MHC,Device 79464770,17037,7,0,7,-104.0,121.59,401.22,279.63
Woodland Heights MHC,Device 79464705,17037,6,0,7,-113.0,104.086,261.606,157.51999999999998
Woodland Heights MHC,Device 79463673,17037,10,0,6,-101.0,337.633,1013.097,675.4639999999999
Woodland Heights MHC,Device 79458798,17037,7,0,7,-105.0,151.588,506.984,355.39599999999996
Woodland Heights MHC,Device 79454771,17037,7,0,7,-87.0,379.789,1068.274,688.4849999999999
Woodland Heights MHC,Device 79459440,17037,8,0,0,-99.0,0.0,0.0,0.0
Woodland Heights MHC,Device 79463616,17037,4,0,4,-89.0,53.557,720.796,667.239
Woodland Heights MHC,Device 75487346,17037,7,0,6,-74.0,17.338,284.666,267.328
Woodland Heights MHC,Device 79457493,17037,7,0,1,-77.0,0.142,0.157,0.015000000000000013
Woodland Heights MHC,Device 79463798,17037,7,0,0,-86.0,1715.063,1715.063,0.0
Woodland Heights MHC,Device 79463707,17037,7,0,0,-86.0,0.211,0.211,0.0
Woodland Heights MHC,Device 79465629,17037,8,0,7,-82.0,0.0,360.384,360.384
Woodland Heights MHC,Device 79458830,17037,8,0,7,-82.0,222.564,536.513,313.94900000000007
Woodland Heights MHC,Device 75468478,17037,7,0,7,-85.0,73.0,354.715,281.715
Woodland Heights MHC,Device 79463756,17037,10,1,7,-79.0,0.0,387.202,387.202
Woodland Heights MHC,Device 75495539,17037,7,0,7,-86.0,29.182,94.675,65.493
Woodland Heights MHC,Device 75500429,17037,16,0,7,-78.0,460.738,13004.851,12544.113000000001
Woodland Heights MHC,Device 75465391,17037,7,0,7,-95.0,5.074,19.237,14.162999999999998
Woodland Heights MHC,Device 79453492,17037,7,0,7,-85.0,73.521,649.502,575.981
Woodland Heights MHC,Device 79459622,17037,7,0,7,-95.0,10.596,69.302,58.706
Woodland Heights MHC,Device 79457592,17037,8,1,7,-77.0,1953.0,2263.912,310.9119999999998
Woodland Heights MHC,Device 79455844,17037,9,0,7,-85.0,0.0,1539.391,1539.391
Woodland Heights MHC,Device 79464234,17037,10,2,5,-83.0,0.0,510.744,510.744
Woodland Heights MHC,Device 79467708,17037,12,0,7,-126.0,255.642,2258.722,2003.0800000000002
Woodland Heights MHC,Device 79456537,17037,7,0,7,-94.0,19.951,91.935,71.98400000000001
Woodland Heights MHC,Device 79462410,17037,7,0,0,-82.0,0.233,0.233,0.0
Woodland Heights MHC,Device 79453823,17037,8,1,1,-77.0,0.0,0.237,0.237
Woodland Heights MHC,Device 75370575,17037,8,0,7,-87.0,0.367,534.583,534.216
Woodland Heights MHC,Device 72389396,17037,7,0,7,-78.0,45.047,255.723,210.67600000000002
Round Lake MHP,Device 75374239,15154,9,0,7,-106.0,71706.836,78005.453,6298.616999999998
Round Lake MHP,Device 75364818,15154,7,0,7,-110.0,30217.627,30508.242,290.61499999999796
Round Lake MHP,Device 75360808,15154,7,0,7,-109.0,250042.688,250365.625,322.93700000000536
Round Lake MHP,Device 75374064,15154,10,0,7,-113.0,91003.68,94141.133,3137.4530000000086
Round Lake MHP,Device 75367340,15154,16,0,7,-115.0,45043.199,45043.199,0.0
Round Lake MHP,Device 72719372,15154,8,0,7,-110.0,58770.672,59744.645,973.9729999999981
Round Lake MHP,Device 75371748,15154,9,0,7,-102.0,55210.621,57976.844,2766.222999999998
Round Lake MHP,Device 75372902,15154,7,0,7,-98.0,10437.76,10692.392,254.6319999999996
Round Lake MHP,Device 75369940,15154,9,0,7,-104.0,28660.012,31994.754,3334.742000000002
Round Lake MHP,Device 75374957,17037,7,0,0,-113.0,14128.189,14128.189,0.0
Round Lake MHP,Device 72723796,15154,6,0,7,-109.0,7711.485,7971.038,259.5529999999999
Round Lake MHP,Device 75362077,15154,6,0,6,-104.0,12821.884,13100.132,278.2479999999996
Round Lake MHP,Device 75361517,15154,6,0,7,-105.0,21870.264,22485.102,614.8379999999997
Round Lake MHP,Device 72723242,15154,14,0,7,-118.0,109217.453,124579.008,15361.555000000008
Round Lake MHP,Device 72723374,15154,8,0,7,-105.0,43723.113,44628.609,905.4959999999992
Round Lake MHP,Device 75371052,15154,7,0,7,-113.0,77447.133,77819.813,372.679999999993
Round Lake MHP,Device 72723770,15154,8,0,7,-108.0,77694.867,79857.906,2163.0390000000043
Round Lake MHP,Device 75360493,15154,6,0,0,-115.0,57285.801,57285.801,0.0
Round Lake MHP,Device 72723606,15154,6,0,6,-105.0,16552.289,16936.176,383.8869999999988
Round Lake MHP,Device 75363760,15154,6,0,6,-112.0,17430.375,18195.744,765.3689999999988
Round Lake MHP,Device 75367191,15154,6,0,6,-113.0,60457.129,60754.508,297.3790000000008
Round Lake MHP,Device 75367787,15154,7,0,6,-117.0,88163.414,88701.078,537.6639999999898
Round Lake MHP,Device 75366649,15154,7,0,7,-111.0,7400.977,7829.686,428.70899999999983
Round Lake MHP,Device 75373496,15154,7,0,7,-122.0,108946.039,109109.008,162.96899999999732
Round Lake MHP,Device 72719836,15154,8,0,7,-110.0,16674.465,18580.533,1906.0679999999993
Round Lake MHP,Device 75372605,15154,10,0,7,-112.0,56281.68,60393.91,4112.230000000003
Round Lake MHP,Device 75363257,15154,7,0,5,-118.0,29646.947,30110.197,463.25
Round Lake MHP,Device 75373462,15154,7,0,6,-113.0,153744.859,155788.297,2043.4379999999946
Round Lake MHP,Device 75369817,15154,13,0,7,-106.0,97224.969,104284.648,7059.679000000004
Round Lake MHP,Device 72719059,15154,8,0,7,-110.0,30247.633,33000.668,2753.034999999996
Round Lake MHP,Device 75372480,15154,7,0,7,-113.0,32357.574,33281.473,923.8989999999976
Round Lake MHP,Device 75372241,15154,9,0,7,-111.0,23242.26,26531.357,3289.0970000000016
Round Lake MHP,Device 75362986,15154,8,0,6,-114.0,13373.591,14248.93,875.3389999999999
Round Lake MHP,Device 75370013,15154,7,0,7,-108.0,52899.504,53480.164,580.6599999999962
Round Lake MHP,Device 75360279,15154,10,0,0,-118.0,13920.188,14718.921,798.7330000000002
Round Lake MHP,Device 75364941,15154,7,0,7,-109.0,63724.715,64482.738,758.023000000001
Round Lake MHP,Device 75363679,15154,8,0,6,-104.0,33022.953,35806.098,2783.144999999997
Round Lake MHP,Device 75368637,15154,7,0,7,-104.0,35464.699,35823.09,358.390999999996
Round Lake MHP,Device 75369759,15154,7,0,1,-119.0,91455.719,93939.906,2484.1870000000054
Round Lake MHP,Device 75373116,15154,13,0,6,-115.0,38524.258,41386.316,2862.0579999999973
Round Lake MHP,Device 75369395,15154,8,0,6,-116.0,44427.883,46723.352,2295.4689999999973
Round Lake MHP,Device 75363935,15154,7,0,7,-115.0,32181.039,32346.535,165.49599999999919
Round Lake MHP,Device 75371961,15154,7,0,7,-107.0,32144.545,33541.574,1397.0290000000023
Round Lake MHP,Device 75372597,15154,9,0,7,-114.0,29809.504,30825.627,1016.1229999999996
Round Lake MHP,Device 75364461,15154,10,0,7,-115.0,118005.781,125448.156,7442.375
Round Lake MHP,Device 75370732,15154,18,0,7,-114.0,71131.906,76763.172,5631.266000000003
Round Lake MHP,Device 75372399,15154,10,0,6,-114.0,88673.633,92551.977,3878.3439999999973
Round Lake MHP,Device 75362218,15154,8,0,7,-106.0,85428.0,86512.375,1084.375
Round Lake MHP,Device 72723879,15154,8,0,6,-113.0,500757.344,519357.813,18600.46900000004
Round Lake MHP,Device 75363943,15154,16,0,6,-116.0,56702.43,58673.02,1970.5899999999965
Round Lake MHP,Device 75370294,15154,10,0,7,-113.0,23101.824,32285.467,9183.643
Round Lake MHP,Device 75372498,15154,7,0,7,-115.0,17550.404,18091.08,540.6760000000031
Round Lake MHP,Device 75364347,15154,6,0,6,-112.0,30385.672,30768.197,382.52500000000146
Round Lake MHP,Device 75362796,15154,7,0,6,-121.0,28300.801,30270.617,1969.815999999999
Round Lake MHP,Device 75361004,15154,10,0,7,-111.0,98526.188,105535.703,7009.514999999999
Round Lake MHP,Device 75365047,15154,8,0,7,-107.0,29112.961,30374.854,1261.893
Round Lake MHP,Device 75363604,15154,11,0,7,-110.0,80101.055,84739.57,4638.515000000014
Round Lake MHP,Device 75369619,15154,7,0,6,-114.0,105493.477,106279.25,785.773000000001
Round Lake MHP,Device 75374163,15154,9,0,7,-104.0,21093.93,22494.713,1400.7829999999994
Round Lake MHP,Device 72713797,15154,8,0,7,-111.0,37224.672,37970.035,745.3630000000048
Round Lake MHP,Device 75361343,15154,8,0,7,-108.0,73700.492,76240.039,2539.547000000006
Round Lake MHP,Device 75363893,15154,7,0,7,-114.0,53138.023,53814.785,676.7620000000024
Round Lake MHP,Device 75369957,15154,9,0,1,-119.0,4851.484,6613.771,1762.2869999999994
Shirlee's MHP,Device 79455810,17032,7,0,7,-99.0,682.029,866.26,184.231
Shirlee's MHP,Device 79464465,17032,7,0,4,-116.0,164.213,167.921,3.7079999999999984
Shirlee's MHP,Device 79455703,17032,11,0,7,-105.0,4596.568,5136.512,539.9439999999995
Shirlee's MHP,Device 75505691,17032,7,0,7,-106.0,3889.393,4827.533,938.1400000000003
Shirlee's MHP,Device 79466676,17032,4,0,0,-123.0,3544.299,3987.025,442.7260000000001
Shirlee's MHP,Device 79464424,17032,7,0,6,-107.0,975.295,1143.432,168.13700000000006
Shirlee's MHP,Device 79456016,17037,6,0,2,-110.0,1879.864,2367.036,487.172
Shirlee's MHP,Device 79455877,17032,9,0,6,-116.0,1853.199,2961.807,1108.6079999999997
Shirlee's MHP,Device 79455752,17032,7,0,7,-110.0,2171.589,2543.434,371.84500000000025
Shirlee's MHP,Device 79459473,17032,8,1,0,-113.0,1082.446,1298.807,216.3610000000001
Shirlee's MHP,Device 79467435,17032,7,0,6,-107.0,1302.85,1570.107,267.25700000000006
Shirlee's MHP,Device 79459408,17032,13,0,7,-113.0,9185.144,13971.563,4786.419
Shirlee's MHP,Device 79457097,17032,4,0,5,-115.0,428.546,500.776,72.23000000000002
Shirlee's MHP,Device 79461255,17032,6,0,5,-99.0,141.419,176.643,35.22399999999999
Shirlee's MHP,Device 79461909,17032,7,0,4,-115.0,6633.858,7167.584,533.7259999999997
Shirlee's MHP,Device 79459929,17032,7,0,7,-101.0,55.051,153.161,98.11
Southern Cross MHC,Device 75366698,362,7,0,5,-93.0,7487.922,7509.522,21.600000000000364
Southern Cross MHC,Device 72723531,362,8,0,3,-90.0,4926.774,5045.749,118.97499999999945
Southern Cross MHC,Device 75363794,362,9,0,7,-93.0,16481.471,16903.064,421.5929999999971
Southern Cross MHC,Device 75363562,16022,7,0,7,-98.0,18737.021,18927.523,190.5020000000004
Southern Cross MHC,Device 75374031,362,13,0,7,-92.0,46995.551,48419.141,1423.5900000000038
Southern Cross MHC,Device 75373843,362,13,0,7,-92.0,32751.668,33787.039,1035.3709999999955
Southern Cross MHC,Device 75367415,362,12,0,7,-97.0,46983.27,48085.754,1102.484000000004
Southern Cross MHC,Device 75373132,362,12,0,6,-90.0,19016.914,19298.957,282.04299999999785
Southern Cross MHC,Device 75372373,17040,6,0,2,-94.0,24242.0,24242.875,0.875
Southern Cross MHC,Device 75360337,16185,7,0,0,-92.0,0.245,0.245,0.0
Southern Cross MHC,Device 75363216,362,14,0,7,-94.0,32125.207,33607.59,1482.382999999998
Southern Cross MHC,Device 72722673,362,11,0,1,-104.0,30218.141,30218.141,0.0
Southern Cross MHC,Device 75373397,362,9,0,7,-96.0,20091.404,20669.471,578.0670000000027
Southern Cross MHC,Device 75361566,16185,7,0,0,-96.0,5.335,5.335,0.0
Southern Cross MHC,Device 72724141,362,10,0,7,-92.0,9310.874,9455.655,144.78100000000086
Southern Cross MHC,Device 75372001,362,9,0,5,-105.0,6442.73,6778.929,336.1990000000005
Southern Cross MHC,Device 75362416,362,12,0,7,-101.0,16502.297,16941.857,439.5600000000013
Southern Cross MHC,Device 75368801,16185,7,0,1,-88.0,10.447,10.466,0.019000000000000128
Southern Cross MHC,Device 75374866,16185,17,0,7,-98.0,51291.5,56982.848,5691.347999999998
Southern Cross MHC,Device 75366201,362,12,0,6,-99.0,13791.464,14583.35,791.8860000000004
Highlands MHC,Device 75365443,362,9,0,7,-101.0,16452.197,16818.408,366.21099999999933
Highlands MHC,Device 75374619,362,8,0,5,-92.0,113581.883,113841.508,259.625
Highlands MHC,Device 75370245,362,12,0,7,-104.0,47136.074,48512.957,1376.8830000000016
Highlands MHC,Device 75361855,16185,20,0,7,-98.0,29924.018,30898.133,974.1150000000016
Highlands MHC,Device 75373868,,0,0,,,,,
Highlands MHC,Device 75373710,17037,38,1,7,-104.0,126368.375,131023.422,4655.047000000006
Highlands MHC,Device 75364396,362,7,0,0,-85.0,7976.544,7976.544,0.0
Highlands MHC,Device 75374494,17037,26,0,7,-91.0,3913.496,6519.431,2605.9349999999995
Highlands MHC,Device 75371250,17037,28,0,7,-104.0,1244.387,1721.478,477.0910000000001
Highlands MHC,Device 75374833,362,7,0,3,-88.0,4243.542,4302.265,58.722999999999956
Highlands MHC,Device 75365617,362,12,0,6,-110.0,17832.348,18227.904,395.55599999999686
Highlands MHC,Device 75371730,362,14,0,7,-104.0,26922.104,27562.57,640.4660000000003
Highlands MHC,Device 72718978,16185,14,0,4,-105.0,53655.465,54411.773,756.3080000000045
Highlands MHC,Device 75361426,16185,50,0,7,-80.0,53970.063,55888.121,1918.0579999999973
Highlands MHC,Device 75370484,362,9,0,6,-97.0,10721.985,10772.643,50.65799999999945
Highlands MHC,Device 72719539,16185,14,0,7,-91.0,11311.078,11468.141,157.0630000000001
Highlands MHC,Device 75372761,17040,25,0,0,-90.0,33128.0,33128.0,0.0
Highlands MHC,Device 75361129,362,13,0,6,-90.0,19615.488,20086.424,470.9359999999979
Highlands MHC,Device 75371912,362,7,0,6,-85.0,20854.906,21111.604,256.6980000000003
Highlands MHC,Device 72723887,362,7,0,6,-101.0,34655.41,35487.297,831.8869999999952
Highlands MHC,Device 75366177,16185,48,0,7,-87.0,7937.433,8361.145,423.71200000000044
Highlands MHC,Device 75362820,362,10,0,5,-96.0,3246.414,3253.048,6.63399999999956
Highlands MHC,Device 75362119,362,9,0,1,-106.0,9418.044,9707.395,289.35100000000057
Highlands MHC,Device 75373272,362,9,0,6,-110.0,5476.025,5648.971,172.9459999999999
Highlands MHC,Device 75363232,16022,46,0,7,-93.0,43498.523,45114.84,1616.3169999999955
Highlands MHC,Device 75371896,362,10,0,5,-102.0,7664.427,7874.852,210.42500000000018
Highlands MHC,Device 75368587,17040,10,0,4,-94.0,61.263,170.207,108.94399999999999
Highlands MHC,Device 72718036,362,9,0,7,-97.0,63007.941,67208.344,4200.402999999998
Highlands MHC,Device 75363521,362,13,0,7,-93.0,76217.242,77859.344,1642.101999999999
Highlands MHC,Device 72719489,16185,38,0,6,-88.0,2322.114,2448.341,126.22699999999986
Highlands MHC,Device 65822887,,0,0,,,,,
Oak Forest Estate MHC,Device 75374072,17037,7,0,7,-97.0,30401.621,31343.883,942.2620000000024
Oak Forest Estate MHC,Device 75363554,17037,15,0,4,-111.0,23032.494,26724.402,3691.9079999999994
Oak Forest Estate MHC,Device 72723671,17037,7,0,7,-110.0,3327.544,3440.585,113.04100000000017
Oak Forest Estate MHC,Device 75368561,17037,7,0,0,-120.0,11303.0,11303.0,0.0
Oak Forest Estate MHC,Device 75373876,17037,6,0,2,-120.0,19967.773,20243.99,276.21700000000055
Oak Forest Estate MHC,Device 72723572,17037,7,0,7,-110.0,25327.896,26135.248,807.351999999999
Oak Forest Estate MHC,Device 72724075,17040,7,0,3,-109.0,33156.039,33865.129,709.0900000000038
Oak Forest Estate MHC,Device 75364487,17037,7,0,7,-105.0,17274.359,18026.049,751.6899999999987
Oak Forest Estate MHC,Device 75367977,17037,7,0,5,-116.0,7730.142,7915.063,184.92100000000028
Oak Forest Estate MHC,Device 75362960,17037,7,0,0,-104.0,0.959,0.959,0.0
Oak Forest Estate MHC,Device 75370054,17037,6,0,2,-116.0,23054.021,23806.068,752.0469999999987
Oak Forest Estate MHC,Device 72390659,17037,8,1,7,-111.0,39335.715,40183.395,847.6800000000003
Oak Forest Estate MHC,Device 72390733,17037,9,2,4,-109.0,49428.457,50780.191,1351.7339999999967
Oak Forest Estate MHC,Device 72389206,,0,0,,,,,
Oak Forest Estate MHC,Device 72382581,17037,7,0,7,-106.0,24439.721,25075.865,636.1440000000002
Oak Forest Estate MHC,Device 72385352,17037,7,0,5,-118.0,462107.156,462970.094,862.9379999999655
Oak Forest Estate MHC,Device 72378126,17037,7,0,7,-108.0,36142.797,36980.121,837.3240000000005
Oak Forest Estate MHC,Device 72390998,17037,7,0,6,-113.0,21103.752,21654.383,550.6310000000012
Oak Forest Estate MHC,Device 70259153,17037,7,0,7,-111.0,1794.323,2243.786,449.46299999999997
Oak Forest Estate MHC,Device 70259732,17037,7,0,7,-109.0,16422.297,16554.924,132.6270000000004
Oak Forest Estate MHC,Device 70273428,17037,7,0,7,-111.0,11598.437,11751.306,152.8690000000006
Oak Forest Estate MHC,Device 70263767,17037,7,0,7,-107.0,95918.195,96742.594,824.3989999999903
Oak Forest Estate MHC,Device 70264880,17037,7,0,6,-106.0,2916.999,3420.628,503.62900000000036
Oak Forest Estate MHC,Device 77061747,,0,0,,,,,
Oak Forest Estate MHC,Device 77056523,17037,7,0,7,-108.0,32669.482,33254.91,585.4280000000035
Oak Forest Estate MHC,Device 77054528,17037,7,0,7,-104.0,11831.933,12048.011,216.07799999999952
Oak Forest Estate MHC,Device 77054122,17037,7,0,3,-116.0,41755.297,42440.906,685.609000000004
Oak Forest Estate MHC,Device 77058487,17037,6,0,6,-118.0,41782.25,42354.516,572.2660000000033
Oak Forest Estate MHC,Device 77053827,17037,7,0,4,-113.0,60390.328,61218.871,828.5429999999978
Oak Forest Estate MHC,Device 77058370,17037,19,0,0,-120.0,66918.555,67866.703,948.148000000001
Oak Forest Estate MHC,Device 65829718,17037,2,0,0,-127.0,0.0,0.0,0.0
Oak Forest Estate MHC,Device 77058511,17037,8,0,2,-102.0,14573.0,14604.804,31.804000000000087
Oak Forest Estate MHC,Device 77054056,17037,7,0,4,-108.0,18464.621,18867.525,402.90400000000227
Oak Forest Estate MHC,Device 77060897,17037,7,0,7,-105.0,72797.734,73618.539,820.8050000000076
Oak Forest Estate MHC,Device 77061572,17037,7,0,0,-120.0,0.0,0.0,0.0
Oak Forest Estate MHC,Device 65824800,17037,7,0,7,-111.0,73560.0,74319.273,759.273000000001
Oak Forest Estate MHC,Device 65828918,17037,7,0,3,-106.0,14805.396,14809.579,4.182999999999083
Oak Forest Estate MHC,Device 68593092,,0,0,,,,,
Paola MHC,Device 79464382,17037,6,0,0,-119.0,10495.296,11046.479,551.1829999999991
Paola MHC,Device 79458517,16185,7,0,6,-119.0,47741.48,48088.879,347.3989999999976
Paola MHC,Device 79463129,16185,7,0,7,-118.0,14164.432,14751.017,586.5849999999991
Paola MHC,Device 79463475,16185,7,0,7,-116.0,14812.676,15267.806,455.130000000001
Paola MHC,Device 79466353,17037,6,0,7,-115.0,7013.488,7541.02,527.5320000000002
Paola MHC,Device 79462246,16185,7,0,7,-110.0,1624.899,1709.548,84.64900000000011
Paola MHC,Device 79461578,17037,7,0,7,-119.0,9463.208,10371.377,908.1689999999999
Paola MHC,Device 79463418,17037,6,0,0,-125.0,19435.947,20175.484,739.5370000000003
Paola MHC,Device 79461552,17037,7,0,0,-99.0,0.263,0.263,0.0
Paola MHC,Device 79466478,17037,8,1,0,-119.0,6168.611,6417.254,248.64300000000003
Paola MHC,Device 79460554,17037,7,0,7,-106.0,7900.485,8979.512,1079.027000000001
Paola MHC,Device 79465496,17037,7,0,7,-116.0,18296.391,19079.57,783.1790000000001
Paola MHC,Device 79464390,17037,7,0,0,-120.0,1541.945,1618.16,76.21500000000015
Paola MHC,Device 79461966,16185,7,0,5,-117.0,3640.126,3942.972,302.846
Paola MHC,Device 79466411,16185,7,0,7,-111.0,1321.855,1365.32,43.46499999999992
Paola MHC,Device 79461271,17037,7,0,7,-114.0,8259.945,8878.444,618.4989999999998
Paola MHC,Device 79460778,16185,7,0,7,-114.0,4171.622,4303.823,132.20100000000002
Paola MHC,Device 79454284,17037,7,0,7,-108.0,1915.556,2062.734,147.17799999999988
Paola MHC,Device 79460695,16185,16,1,7,-114.0,32552.686,35205.012,2652.326000000001
Paola MHC,Device 79461545,16185,6,0,5,-111.0,18972.961,19846.824,873.8630000000012
Paola MHC,Device 79462907,,0,0,,,,,
Paola MHC,Device 79461156,,0,0,,,,,
Paola MHC,Device 79462659,16131,7,0,7,-102.0,4693.19,5864.942,1171.7520000000004
Paola MHC,Device 79463194,,0,0,,,,,
Paola MHC,Device 79461560,17037,7,0,7,-116.0,2788.391,2942.379,153.98799999999983
Flower Mound MHC-CUST,Device 75364701,17037,7,0,7,-93.0,24600.934,25906.867,1305.9329999999973
Flower Mound MHC-CUST,Device 72721022,362,12,0,7,-71.0,20965.838,22005.52,1039.6820000000007
Flower Mound MHC-CUST,Device 72381575,362,12,0,7,-72.0,39197.809,39851.906,654.0970000000016
Flower Mound MHC-CUST,Device 72391921,362,14,0,7,-74.0,29021.039,30112.182,1091.143
Flower Mound MHC-CUST,Device 72380635,16185,7,0,1,-75.0,11584.0,11608.271,24.27100000000064
Flower Mound MHC-CUST,Device 70270788,362,8,0,7,-79.0,54147.078,55020.902,873.8240000000005
Flower Mound MHC-CUST,Device 72379009,362,12,0,7,-74.0,18843.488,19029.053,185.5649999999987
Flower Mound MHC-CUST,Device 72387382,362,14,0,7,-89.0,78874.656,79905.891,1031.2350000000006
Flower Mound MHC-CUST,Device 72378373,,0,0,,,,,
Flower Mound MHC-CUST,Device 70269327,362,12,0,6,-81.0,58004.547,59260.227,1255.6800000000003
Flower Mound MHC-CUST,Device 72387515,362,11,0,7,-76.0,62894.395,63770.281,875.8860000000059
Flower Mound MHC-CUST,Device 70258791,362,10,0,7,-67.0,31749.621,32304.277,554.655999999999
Flower Mound MHC-CUST,Device 70266695,362,11,0,7,-86.0,34319.984,35112.406,792.4220000000059
Flower Mound MHC-CUST,Device 72387408,362,10,0,7,-78.0,62536.359,63454.438,918.0790000000052
Flower Mound MHC-CUST,Device 72380114,362,15,0,7,-82.0,90137.414,92255.281,2117.8669999999984
Flower Mound MHC-CUST,Device 72391731,16185,7,0,7,-87.0,60913.941,61622.238,708.2969999999987
Flower Mound MHC-CUST,Device 70271505,362,11,0,6,-80.0,56844.836,57809.715,964.8789999999935
Flower Mound MHC-CUST,Device 70265895,362,11,0,7,-82.0,57044.133,58338.914,1294.7809999999954
Flower Mound MHC-CUST,Device 72387630,362,8,0,7,-81.0,28716.227,29001.852,285.625
Flower Mound MHC-CUST,Device 72379280,16185,7,0,7,-84.0,39734.363,40397.809,663.4460000000036
Flower Mound MHC-CUST,Device 70260615,362,8,0,7,-118.0,24530.631,24863.586,332.9549999999981
Flower Mound MHC-CUST,Device 70269715,362,9,0,7,-76.0,87990.75,88468.141,477.39100000000326
Flower Mound MHC-CUST,Device 72379041,362,11,0,7,-75.0,50304.117,50912.148,608.0310000000027
Flower Mound MHC-CUST,Device 72391194,17037,7,0,4,-79.0,109056.297,111047.508,1991.2109999999957
Flower Mound MHC-CUST,Device 72379017,16022,6,0,7,-71.0,35404.801,35833.137,428.33600000000297
Flower Mound MHC-CUST,Device 70260250,362,10,0,7,-70.0,35278.293,36067.406,789.1130000000048
Flower Mound MHC-CUST,Device 72384629,362,10,0,7,-73.0,62088.438,62961.828,873.3899999999994
Flower Mound MHC-CUST,Device 72384504,362,11,0,7,-72.0,25369.031,25829.049,460.01800000000003
Flower Mound MHC-CUST,Device 70259062,16185,7,0,7,-77.0,32227.883,32596.021,368.137999999999
Flower Mound MHC-CUST,Device 72381088,,0,0,,,,,
Flower Mound MHC-CUST,Device 70265945,16185,11,0,7,-81.0,83916.031,86302.023,2385.9919999999984
Flower Mound MHC-CUST,Device 72378563,362,9,0,7,-76.0,40509.113,41278.887,769.7740000000049
Flower Mound MHC-CUST,Device 70269020,362,13,0,7,-73.0,75753.016,77246.055,1493.0389999999898
Flower Mound MHC-CUST,Device 72379439,17037,8,1,4,-77.0,81032.469,82376.18,1343.7109999999957
Flower Mound MHC-CUST,Device 72385451,362,10,0,7,-68.0,69282.25,70659.773,1377.523000000001
Smitty's MHP,Device 73276857,17037,7,0,7,-108.0,1117.252,1968.497,851.2450000000001
Smitty's MHP,Device 79465611,17037,7,0,7,-104.0,608.802,915.676,306.874
Smitty's MHP,Device 82377573,17037,7,0,7,-96.0,1524.877,2751.671,1226.7939999999999
Smitty's MHP,Device 73276931,17037,7,0,7,-90.0,1178.681,1776.481,597.8
Smitty's MHP,Device 79456347,17037,7,0,7,-84.0,5337.472,5928.021,590.549
Smitty's MHP,Device 79457675,17037,7,0,4,-96.0,0.314,0.442,0.128
Smitty's MHP,Device 79458285,17037,9,0,5,-98.0,1303.758,1978.0,674.242
Smitty's MHP,Device 79453575,17037,7,0,7,-99.0,742.198,1321.673,579.475
Smitty's MHP,Device 82377490,17037,6,0,0,-101.0,0.222,0.222,0.0
Smitty's MHP,Device 79457766,17037,7,0,7,-115.0,954.649,1370.667,416.0179999999999
Smitty's MHP,Device 79454441,17037,7,0,7,-90.0,598.353,872.494,274.1410000000001
Smitty's MHP,Device 75477271,17037,7,0,0,-94.0,0.648,0.648,0.0
Smitty's MHP,Device 79456594,17037,7,0,2,-88.0,0.592,0.613,0.02100000000000002
Smitty's MHP,Device 72443383,17037,9,0,7,-87.0,2296.383,3901.379,1604.996
Smitty's MHP,Device 79458012,17037,7,0,7,-111.0,1086.517,1927.516,840.999
Smitty's MHP,Device 82377672,17037,7,0,7,-99.0,1245.679,1914.6,668.9209999999998
Smitty's MHP,Device 79457469,17037,6,0,7,-111.0,12657.679,13553.331,895.652
Smitty's MHP,Device 79456859,17037,9,0,7,-94.0,9820.89,13033.074,3212.184000000001
Smitty's MHP,Device 79465017,17037,7,0,7,-97.0,343.809,562.915,219.10599999999994
Smitty's MHP,Device 72443367,17037,7,0,7,-102.0,837.721,1264.402,426.68100000000004
Smitty's MHP,Device 79458889,17037,7,0,7,-97.0,1717.496,2500.498,783.002
Smitty's MHP,Device 79455901,17037,7,0,7,-99.0,1940.401,2962.931,1022.53
Smitty's MHP,Device 73276881,17037,7,0,7,-99.0,1313.031,1959.974,646.943
Smitty's MHP,Device 75501997,17037,7,0,7,-95.0,952.619,1518.323,565.7040000000001
Smitty's MHP,Device 79464911,17037,7,0,7,-84.0,1450.904,1985.133,534.229
Smitty's MHP,Device 79456677,17037,7,0,0,-87.0,0.422,0.422,0.0
Smitty's MHP,Device 79463715,17037,13,0,7,-90.0,6707.5,11602.786,4895.286
Smitty's MHP,Device 79464960,17037,7,0,7,-86.0,1090.149,1331.58,241.43100000000004
Smitty's MHP,Device 79459317,17037,7,0,7,-104.0,1002.286,1709.889,707.603
Smitty's MHP,Device 79458673,17037,8,0,7,-86.0,2033.91,3377.83,1343.9199999999998
Smitty's MHP,Device 79466650,17037,19,0,7,-100.0,8848.729,19805.469,10956.740000000002
Smitty's MHP,Device 79465058,17037,6,0,7,-90.0,455.099,724.777,269.67800000000005
Smitty's MHP,Device 79464515,17037,7,0,7,-107.0,1019.664,1508.027,488.36300000000006
Smitty's MHP,Device 79465165,17037,11,0,7,-99.0,1139.208,3715.625,2576.417
Smitty's MHP,Device 79459010,17037,7,0,7,-109.0,1145.522,1752.989,607.4670000000001
Smitty's MHP,Device 79466932,17037,8,0,7,-78.0,1785.008,3230.158,1445.1499999999999
Smitty's MHP,Device 79467906,17037,6,0,0,-97.0,0.0,0.0,0.0
Smitty's MHP,Device 79465025,17037,7,0,7,-101.0,290.05,462.011,171.961
Smitty's MHP,Device 75465383,17037,7,0,7,-99.0,1565.702,2427.764,862.0620000000001
Smitty's MHP,Device 79457006,17037,8,0,7,-95.0,977.666,1660.651,682.985
Smitty's MHP,Device 2041765681,10706,0,0,,,0.0,0.0,0.0
FOTA Test-Cust,Device 79454912,17045,238,219,5,-80.0,0.15,0.153,0.0030000000000000027
FOTA Test-Cust,Device 79457295,,0,0,,,,,
FOTA Test-Cust,Device 79460281,,0,0,,,,,
FOTA Test-Cust,Device 70262397,17034,1,0,0,-92.0,0.0,0.0,0.0
FOTA Test-Cust,Device 72390097,17034,2,0,0,-96.0,12890.0,12890.0,0.0
FOTA Test-Cust,Device 77059261,17034,1,0,0,-94.0,338.0,338.0,0.0
East Barre MHP,Device 70259864,16185,7,0,6,-99.0,8071.126,8436.297,365.1710000000003
East Barre MHP,Device 70263494,362,9,0,7,-93.0,8334.607,8462.295,127.6880000000001
East Barre MHP,Device 70260490,362,9,0,2,-98.0,17071.766,17086.971,15.205000000001746
East Barre MHP,Device 72391632,362,11,0,4,-106.0,9306.722,9431.737,125.01499999999942
East Barre MHP,Device 70268691,16022,7,0,7,-93.0,3858.883,3964.475,105.5920000000001
East Barre MHP,Device 72392689,362,12,0,6,-97.0,6283.437,6531.382,247.9449999999997
Shady Lane MHP-Cust,Device 75362887,17037,8,0,3,-107.0,1399.659,1577.568,177.90899999999988
Shady Lane MHP-Cust,Device 75363901,17037,9,0,7,-120.0,1974.704,2123.2,148.49599999999987
Shady Lane MHP-Cust,Device 75368777,17037,33,0,3,-118.0,262.843,351.349,88.50599999999997
Shady Lane MHP-Cust,Device 75365898,17028,7,0,7,-107.0,3544.865,3774.192,229.32700000000023
Shady Lane MHP-Cust,Device 75368397,17028,7,0,7,-115.0,5208.84,5509.746,300.90599999999995
Shady Lane MHP-Cust,Device 75366953,17037,6,0,6,-106.0,3388.666,3673.017,284.35099999999966
Shady Lane MHP-Cust,Device 79466858,17028,8,0,7,-113.0,4858.413,5217.042,358.6290000000008
Shady Lane MHP-Cust,Device 79459895,17040,7,3,1,-118.0,6645.0,6645.0,0.0
Shady Lane MHP-Cust,Device 75365427,17028,7,0,7,-104.0,3668.555,3912.817,244.26200000000017
Shady Lane MHP-Cust,Device 75364586,17028,7,0,7,-117.0,1690.527,1772.038,81.51099999999997
Shady Lane MHP-Cust,Device 79466007,17037,7,0,4,-115.0,12362.03,12434.8,72.76999999999862
Shady Lane MHP-Cust,Device 75366029,17037,8,0,7,-113.0,7197.021,7796.946,599.9250000000002
Shady Lane MHP-Cust,Device 75368439,17028,7,0,7,-114.0,16485.822,17836.023,1350.201000000001
Shady Lane MHP-Cust,Device 79461768,17050,11,1,7,-109.0,5771.885,9118.0,3346.115
Shady Lane MHP-Cust,Device 75363992,17028,7,0,6,-112.0,8819.508,9425.784,606.2759999999998
Shady Lane MHP-Cust,Device 75364883,17037,33,1,4,-119.0,3179.198,3612.209,433.01099999999997
Shady Lane MHP-Cust,Device 75365302,17028,6,0,3,-107.0,1694.206,1705.921,11.715000000000146
Shady Lane MHP-Cust,Device 79466304,17037,7,0,7,-110.0,11410.164,12203.882,793.7179999999989
Shady Lane MHP-Cust,Device 79466379,17028,9,0,7,-111.0,1935.759,2088.998,153.23900000000003
Shady Lane MHP-Cust,Device 75369486,17037,9,0,7,-109.0,15852.425,18186.553,2334.1280000000006
Shady Lane MHP-Cust,Device 75369098,17037,6,0,6,-119.0,1496.491,1953.233,456.74199999999996
Shady Lane MHP-Cust,Device 79455422,17028,7,0,7,-115.0,6207.772,6756.396,548.6239999999998
Shady Lane MHP-Cust,Device 79454037,17040,9,0,7,-113.0,16505.0,18074.785,1569.7849999999999
Shady Lane MHP-Cust,Device 75366011,17037,7,0,7,-110.0,2153.805,2314.416,160.61100000000033
Shady Lane MHP-Cust,Device 75367100,17037,9,0,7,-106.0,10215.202,10763.846,548.6440000000002
Shady Lane MHP-Cust,Device 79461115,17037,6,0,7,-117.0,3276.744,3549.489,272.7449999999999
Shady Lane MHP-Cust,Device 79466452,17028,38,0,7,-107.0,245.483,362.854,117.37099999999998
Shady Lane MHP-Cust,Device 75366938,17037,6,0,6,-110.0,1004.856,1031.747,26.891000000000076
Shady Lane MHP-Cust,Device 70268832,17028,6,0,7,-114.0,41088.391,41145.348,56.95699999999488
Shady Lane MHP-Cust,Device 70269798,17050,7,0,0,-100.0,74.0,74.0,0.0
Shady Lane MHP-Cust,Device 70267966,17028,17,0,7,-109.0,3014.924,5339.884,2324.96
Shady Lane MHP-Cust,Device 65823489,17028,7,0,6,-93.0,1895.016,2217.709,322.69299999999976
Shady Lane MHP-Cust,Device 77054957,17028,7,0,7,-98.0,1.727,160.841,159.114
Shady Lane MHP-Cust,Device 77041962,17028,8,0,7,-111.0,1212.797,1453.229,240.43200000000002
Shady Lane MHP-Cust,Device 65824917,17028,7,0,4,-99.0,108.048,108.048,0.0
Shady Lane MHP-Cust,Device 65828520,17028,7,0,7,-108.0,1167.32,1409.86,242.53999999999996
River Hill MHC,Device 72378118,,0,0,,,,,
Broadway MHP DesMoines,Device 79460208,17037,7,0,7,-113.0,8700.334,9196.189,495.85499999999956
Broadway MHP DesMoines,Device 75365534,17037,7,0,0,-116.0,12044.323,12044.323,0.0
Broadway MHP DesMoines,Device 75369593,17037,7,0,7,-96.0,10498.427,11302.128,803.7010000000009
Broadway MHP DesMoines,Device 79454870,17037,7,0,0,-114.0,34936.0,34936.0,0.0
Broadway MHP DesMoines,Device 75368181,17037,13,0,7,-107.0,18098.838,24795.57,6696.732
Broadway MHP DesMoines,Device 79467070,17037,7,0,0,-111.0,3803.396,3803.396,0.0
Broadway MHP DesMoines,Device 79456115,17037,12,0,7,-112.0,2621.024,4892.393,2271.369
Broadway MHP DesMoines,Device 79455356,17037,7,0,2,-118.0,1139.395,1184.679,45.284000000000106
Broadway MHP DesMoines,Device 79454599,17037,6,0,5,-112.0,1281.0,1423.217,142.2170000000001
Broadway MHP DesMoines,Device 75365088,17037,7,0,0,-110.0,0.209,0.209,0.0
Broadway MHP DesMoines,Device 79454383,,0,0,,,,,
Broadway MHP DesMoines,Device 75367704,17040,8,0,0,-118.0,552.0,552.0,0.0
Broadway MHP DesMoines,Device 75368488,17037,6,0,6,-109.0,1504.198,1616.573,112.375
Broadway MHP DesMoines,Device 79460786,17037,6,0,0,-121.0,223589.328,224363.734,774.4059999999881
Broadway MHP DesMoines,Device 79458236,17037,15,0,7,-109.0,9275.284,13737.883,4462.599
Broadway MHP DesMoines,Device 79467088,17037,7,0,0,-110.0,0.124,0.124,0.0
Broadway MHP DesMoines,Device 75362234,17037,6,0,3,-113.0,7626.924,7936.886,309.96200000000044
Broadway MHP DesMoines,Device 75361251,17037,19,0,7,-110.0,23062.5,34371.867,11309.366999999998
Broadway MHP DesMoines,Device 79454474,17037,7,0,7,-112.0,4124.405,4529.66,405.2550000000001
Broadway MHP DesMoines,Device 75371813,17037,7,0,3,-116.0,228.906,232.06,3.1539999999999964
Broadway MHP DesMoines,Device 79458392,17037,7,0,6,-112.0,7352.774,8119.268,766.4939999999997
Broadway MHP DesMoines,Device 70262025,17040,11,2,0,-123.0,0.0,0.0,0.0
Broadway MHP DesMoines,Device 72379488,17037,5,0,2,-121.0,563.892,1156.157,592.2649999999999
Broadway MHP DesMoines,Device 72382516,,0,0,,,,,
Broadway MHP DesMoines,Device 72383142,17037,12,0,6,-110.0,4346.023,9102.665,4756.642000000001
Broadway MHP DesMoines,Device 72384900,17037,9,1,0,-121.0,152.185,229.069,76.88399999999999
Broadway MHP DesMoines,Device 72379884,17037,2,0,0,-101.0,6963.0,6963.0,0.0
Broadway MHP DesMoines,Device 72383191,17037,5,0,0,-122.0,0.0,0.0,0.0
Broadway MHP DesMoines,Device 2049914455,10693,2,0,0,-95.0,26217.0,26217.0,0.0
Broadway MHP DesMoines,Device 2049907004,,0,0,,,,,
Broadway MHP DesMoines,Device 2041750923,,0,0,,,,,
Broadway MHP DesMoines,Device 2041742920,,0,0,,,,,
Kay Bee Mobile Villa MHP,Device 75371904,16131,14,0,7,-95.0,34357.105,42457.527,8100.421999999999
Kay Bee Mobile Villa MHP,Device 75360378,16131,7,0,7,-115.0,8847.179,10257.41,1410.2309999999998
Kay Bee Mobile Villa MHP,Device 79463111,16131,6,0,6,-109.0,7448.011,7785.376,337.3649999999998
Kay Bee Mobile Villa MHP,Device 79463145,16131,7,0,7,-105.0,42157.488,44369.648,2212.1600000000035
Kay Bee Mobile Villa MHP,Device 79461065,16131,7,0,7,-110.0,14452.395,15312.911,860.5159999999996
Kay Bee Mobile Villa MHP,Device 79461289,16131,5,0,7,-105.0,26913.432,27560.926,647.4939999999988
Kay Bee Mobile Villa MHP,Device 79462832,16185,7,0,6,-115.0,88124.133,88909.367,785.2339999999967
Kay Bee Mobile Villa MHP,Device 79460992,16185,7,0,7,-115.0,46603.355,47524.684,921.3289999999979
Kay Bee Mobile Villa MHP,Device 75360709,16131,7,0,7,-103.0,21310.006,22286.297,976.2909999999974
Kay Bee Mobile Villa MHP,Device 75361673,16165,6,0,1,-116.0,210.801,210.801,0.0
Kay Bee Mobile Villa MHP,Device 75368058,16131,6,0,6,-109.0,13785.275,14156.139,370.8639999999996
Kay Bee Mobile Villa MHP,Device 72723978,16131,7,0,7,-113.0,29481.48,30795.195,1313.7150000000001
Kay Bee Mobile Villa MHP,Device 75373512,16131,7,0,7,-108.0,5732.458,5901.704,169.2460000000001
Kay Bee Mobile Villa MHP,Device 72719125,16185,8,0,7,-110.0,66286.773,67675.008,1388.2350000000006
Kay Bee Mobile Villa MHP,Device 70271653,16131,5,0,6,-105.0,6175.411,6260.226,84.8149999999996
Kay Bee Mobile Villa MHP,Device 72720248,16131,7,0,7,-108.0,14885.607,15140.871,255.2639999999992
Kay Bee Mobile Villa MHP,Device 70267461,16131,7,0,7,-105.0,45451.555,45899.871,448.3159999999989
Kay Bee Mobile Villa MHP,Device 72715412,16131,7,0,7,-102.0,6879.006,6899.424,20.417999999999665
Kay Bee Mobile Villa MHP,Device 72717319,16131,7,0,7,-103.0,35529.316,35847.555,318.2390000000014
Kay Bee Mobile Villa MHP,Device 72718127,16131,7,0,7,-109.0,59969.773,60505.367,535.5939999999973
Kay Bee Mobile Villa MHP,Device 72720529,16131,5,0,6,-101.0,63359.023,63958.504,599.4809999999998
Kay Bee Mobile Villa MHP,Device 72722004,16131,8,0,7,-108.0,33822.336,34766.281,943.9449999999997
Kay Bee Mobile Villa MHP,Device 72721279,16131,7,0,7,-103.0,60593.84,61576.871,983.0310000000027
Kay Bee Mobile Villa MHP,Device 72719976,16131,8,0,7,-110.0,15248.551,18287.178,3038.6270000000004
Kay Bee Mobile Villa MHP,Device 70272354,16131,7,0,7,-103.0,53687.254,55095.629,1408.375
Kay Bee Mobile Villa MHP,Device 72716907,16131,7,0,7,-108.0,39511.785,40336.621,824.8359999999957
Kay Bee Mobile Villa MHP,Device 72714399,16131,7,0,7,-103.0,92545.188,94728.328,2183.1399999999994
Kay Bee Mobile Villa MHP,Device 72716816,16131,7,0,7,-104.0,14812.777,15084.007,271.22999999999956
Kay Bee Mobile Villa MHP,Device 72720636,16131,7,0,6,-106.0,152508.0,153228.094,720.0940000000119
Kay Bee Mobile Villa MHP,Device 72714977,16131,10,0,7,-114.0,10008.655,11200.061,1191.405999999999
Kay Bee Mobile Villa MHP,Device 72722095,16131,7,0,7,-114.0,6846.725,6892.191,45.46599999999944
Kay Bee Mobile Villa MHP,Device 72719018,16131,5,0,7,-111.0,45744.023,46874.473,1130.449999999997
Kay Bee Mobile Villa MHP,Device 72715677,16131,9,0,7,-103.0,28586.424,28979.656,393.23199999999997
Kay Bee Mobile Villa MHP,Device 72722376,16131,7,0,7,-103.0,16560.674,17145.105,584.4310000000005
Kay Bee Mobile Villa MHP,Device 70271810,16131,8,0,7,-103.0,120590.797,120828.992,238.19499999999243
Kay Bee Mobile Villa MHP,Device 72722087,16131,7,0,7,-106.0,48654.254,50019.063,1364.809000000001
Kay Bee Mobile Villa MHP,Device 70272073,16131,7,0,7,-102.0,5882.933,6118.645,235.71200000000044
Kay Bee Mobile Villa MHP,Device 72721956,16131,7,0,6,-106.0,9629.22,9899.236,270.01600000000144
Kay Bee Mobile Villa MHP,Device 72721949,16131,7,0,7,-112.0,19329.15,19944.268,615.1179999999986
Kay Bee Mobile Villa MHP,Device 72722269,16185,6,0,7,-104.0,4632.201,4861.047,228.84599999999955
Kay Bee Mobile Villa MHP,Device 72714209,16131,7,0,7,-103.0,20078.039,20584.775,506.7360000000008
Kay Bee Mobile Villa MHP,Device 72717046,16131,5,0,7,-113.0,35902.324,36394.754,492.4300000000003
Kay Bee Mobile Villa MHP,Device 72716899,16131,7,0,6,-112.0,15982.166,16250.597,268.4310000000005
Kay Bee Mobile Villa MHP,Device 72721139,16131,7,0,7,-109.0,7440.676,7845.258,404.5819999999994
Kay Bee Mobile Villa MHP,Device 72717640,16131,7,0,7,-105.0,13224.0,13482.902,258.90200000000004
Kay Bee Mobile Villa MHP,Device 72724521,16131,7,0,7,-99.0,58604.773,60783.703,2178.9300000000003
Kay Bee Mobile Villa MHP,Device 72719174,16185,5,0,7,-111.0,35679.742,36329.281,649.5390000000043
Kay Bee Mobile Villa MHP,Device 72716311,16131,7,0,7,-107.0,10411.097,10725.141,314.04399999999987
Kay Bee Mobile Villa MHP,Device 72720552,16131,5,0,5,-124.0,31550.139,33107.355,1557.216000000004
Kay Bee Mobile Villa MHP,Device 72719513,16131,6,0,6,-105.0,8093.695,8348.178,254.48300000000017
Kay Bee Mobile Villa MHP,Device 72718192,16131,6,0,7,-106.0,17213.08,17760.207,547.1269999999968
Kay Bee Mobile Villa MHP,Device 72721915,16131,7,0,7,-103.0,5240.007,9783.192,4543.1849999999995
Kay Bee Mobile Villa MHP,Device 72719604,16131,7,0,7,-108.0,14738.965,15205.851,466.8860000000004
Kay Bee Mobile Villa MHP,Device 72715743,16131,6,0,1,-109.0,303.566,303.566,0.0
Kay Bee Mobile Villa MHP,Device 72719133,16131,7,0,7,-104.0,16766.217,17544.928,778.7109999999993
Kay Bee Mobile Villa MHP,Device 72722343,16131,7,0,7,-104.0,13957.154,14509.432,552.2780000000002
Kay Bee Mobile Villa MHP,Device 72723309,16131,7,0,7,-104.0,12363.996,13117.362,753.366
Kay Bee Mobile Villa MHP,Device 72719802,16131,2,0,3,-117.0,39347.348,39565.758,218.4100000000035
Kay Bee Mobile Villa MHP,Device 72724497,16131,7,0,7,-104.0,9995.982,10397.196,401.21399999999994
Kay Bee Mobile Villa MHP,Device 72714860,16131,7,0,6,-106.0,14915.112,15649.271,734.1590000000015
Kay Bee Mobile Villa MHP,Device 72720271,16131,3,0,3,-126.0,14831.008,14831.668,0.6599999999998545
Kay Bee Mobile Villa MHP,Device 72719885,16131,6,0,7,-97.0,18056.068,18930.305,874.237000000001
Kay Bee Mobile Villa MHP,Device 72714043,16131,4,0,5,-126.0,102.265,129.998,27.73299999999999
Kay Bee Mobile Villa MHP,Device 72715370,16131,7,0,7,-111.0,9637.964,10030.547,392.58300000000054
Kay Bee Mobile Villa MHP,Device 72718994,16131,7,0,7,-103.0,12471.772,13129.499,657.726999999999
Kay Bee Mobile Villa MHP,Device 72718481,16131,7,0,7,-109.0,21108.605,21925.045,816.4399999999987
Kay Bee Mobile Villa MHP,Device 72722061,16131,7,0,7,-102.0,6249.254,6409.525,160.27099999999973
Kay Bee Mobile Villa MHP,Device 72715859,16131,7,0,7,-111.0,15347.868,16095.894,748.0259999999998
Kay Bee Mobile Villa MHP,Device 72716030,16131,6,0,6,-109.0,16202.463,17034.605,832.1419999999998
Kay Bee Mobile Villa MHP,Device 72719927,16185,7,0,7,-113.0,17033.826,17236.148,202.32200000000012
Kay Bee Mobile Villa MHP,Device 72718457,16131,7,0,7,-103.0,4235.809,4622.922,387.1129999999994
Kay Bee Mobile Villa MHP,Device 72717624,16131,7,0,7,-111.0,8008.081,8427.585,419.503999999999
Kay Bee Mobile Villa MHP,Device 72720214,16131,7,0,7,-102.0,21260.637,22305.559,1044.9220000000023
Kay Bee Mobile Villa MHP,Device 72722194,16131,7,0,1,-106.0,467.707,467.78,0.07299999999997908
Kay Bee Mobile Villa MHP,Device 72723044,16131,7,0,7,-105.0,9527.365,9942.421,415.0560000000005
Kay Bee Mobile Villa MHP,Device 72718259,16131,8,0,7,-105.0,5869.008,6854.733,985.7250000000004
Kay Bee Mobile Villa MHP,Device 72722210,16131,7,0,7,-103.0,13784.444,14266.888,482.4440000000013
Kay Bee Mobile Villa MHP,Device 72723168,16165,7,0,7,-110.0,900.754,953.033,52.278999999999996
Kay Bee Mobile Villa MHP,Device 72716592,16131,7,0,7,-104.0,19094.176,20274.154,1179.9779999999992
Kay Bee Mobile Villa MHP,Device 72720784,16131,10,0,7,-108.0,127103.195,129482.07,2378.875
Kay Bee Mobile Villa MHP,Device 72714258,16131,7,0,6,-104.0,90202.125,91951.758,1749.6330000000016
Kay Bee Mobile Villa MHP,Device 72721287,16131,7,0,7,-111.0,15475.562,15928.223,452.66100000000006
Kay Bee Mobile Villa MHP,Device 72714266,16131,12,0,7,-108.0,32398.854,35387.68,2988.826000000001
Kay Bee Mobile Villa MHP,Device 72715974,16131,7,0,7,-107.0,13195.649,13611.47,415.8209999999999
Kay Bee Mobile Villa MHP,Device 70265085,16185,7,0,6,-115.0,9429.853,9466.216,36.36300000000119
Kay Bee Mobile Villa MHP,Device 72717012,16131,7,0,7,-106.0,5762.007,5921.429,159.42200000000048
Kay Bee Mobile Villa MHP,Device 72719240,16131,7,0,7,-123.0,24332.953,24992.352,659.3989999999976
Kay Bee Mobile Villa MHP,Device 72720834,16131,7,0,7,-114.0,31802.16,32522.732,720.5720000000001
Kay Bee Mobile Villa MHP,Device 72718531,16131,12,0,7,-105.0,36479.586,40479.313,3999.726999999999
Kay Bee Mobile Villa MHP,Device 72720735,16131,7,0,7,-109.0,10568.507,10826.695,258.1880000000001
Kay Bee Mobile Villa MHP,Device 72721337,,0,0,,,,,
Kay Bee Mobile Villa MHP,Device 72721584,16185,7,0,4,-108.0,3976.717,3976.927,0.21000000000003638
Kay Bee Mobile Villa MHP,Device 72721444,16131,7,0,4,-119.0,14591.633,15031.736,440.103000000001
Kay Bee Mobile Villa MHP,Device 72717665,16131,7,0,7,-106.0,28933.367,29814.014,880.6470000000008
Kay Bee Mobile Villa MHP,Device 72721865,17037,6,0,7,-106.0,67219.258,68025.609,806.3509999999951
Kay Bee Mobile Villa MHP,Device 72390881,16131,20,0,7,-103.0,8793.0,8793.0,0.0
Kay Bee Mobile Villa MHP,Device 72390105,16131,15,0,7,-108.0,6456.541,12548.455,6091.914
Kay Bee Mobile Villa MHP,Device 72388323,16131,9,0,6,-106.0,103728.0,103728.0,0.0
Kay Bee Mobile Villa MHP,Device 72389057,16131,7,0,7,-108.0,2461.113,2758.82,297.70700000000033
Kay Bee Mobile Villa MHP,Device 72385725,16131,7,0,2,-111.0,7499.391,7504.884,5.493000000000393
Kay Bee Mobile Villa MHP,Device 72382953,16131,7,0,6,-108.0,4258.941,4276.126,17.1850000000004
Kay Bee Mobile Villa MHP,Device 72392838,16131,20,0,7,-109.0,34234.0,34234.0,0.0
Kay Bee Mobile Villa MHP,Device 72389883,16131,5,0,5,-106.0,101115.203,101140.766,25.563000000009197
Kay Bee Mobile Villa MHP,Device 72388505,16131,7,0,7,-107.0,30068.465,30812.934,744.469000000001
Kay Bee Mobile Villa MHP,Device 72385923,16131,7,0,6,-110.0,29877.555,30690.785,813.2299999999996
Kay Bee Mobile Villa MHP,Device 70260599,16131,7,0,7,-111.0,3210.983,3361.638,150.65499999999975
Ft Lauderdale MHP,Device 2049778645,,0,0,,,,,
Ft Lauderdale MHP,Device 2049848182,,0,0,,,,,
Roosevelt MHC,Device 75361137,17040,18,0,7,-112.0,1496.719,16180.67,14683.951000000001
Roosevelt MHC,Device 75366961,16131,7,0,0,-102.0,995.493,995.493,0.0
Roosevelt MHC,Device 75367555,16131,7,0,7,-107.0,1088.363,1099.605,11.241999999999962
Roosevelt MHC,Device 75360352,16131,8,0,6,-110.0,7883.558,8260.835,377.27699999999913
Roosevelt MHC,Device 75367035,16131,7,0,0,-101.0,781.648,781.648,0.0
Roosevelt MHC,Device 75366573,16131,7,0,0,-113.0,0.0,0.0,0.0
Roosevelt MHC,Device 75369791,16131,7,0,0,-103.0,1235.723,1235.723,0.0
Roosevelt MHC,Device 75369163,16131,7,0,3,-106.0,1066.951,1285.68,218.72900000000004
Roosevelt MHC,Device 75365567,16131,7,0,7,-108.0,384.434,406.889,22.454999999999984
Roosevelt MHC,Device 79455570,16131,7,0,1,-113.0,67.345,67.345,0.0
Roosevelt MHC,Device 75366540,16131,7,0,3,-104.0,729.572,742.083,12.510999999999967
Roosevelt MHC,Device 75361202,16131,7,0,4,-102.0,8746.156,8746.156,0.0
Roosevelt MHC,Device 79462709,16131,7,0,0,-105.0,131.276,131.276,0.0
Roosevelt MHC,Device 75360196,16131,7,0,3,-104.0,1002.674,1066.251,63.577
Roosevelt MHC,Device 79461040,16131,7,0,4,-111.0,77.952,165.178,87.226
Roosevelt MHC,Device 75361434,16131,7,0,7,-104.0,181.814,182.361,0.546999999999997
Roosevelt MHC,Device 79461321,16131,7,0,0,-106.0,175.033,175.033,0.0
Roosevelt MHC,Device 75374643,16131,7,0,4,-117.0,565.319,617.623,52.30400000000009
Roosevelt MHC,Device 75365484,16131,7,0,7,-102.0,344.571,501.015,156.44399999999996
Roosevelt MHC,Device 72724232,16131,7,0,7,-92.0,584.716,584.716,0.0
Roosevelt MHC,Device 72723085,17037,9,0,1,-108.0,6673.662,6873.699,200.03699999999935
Roosevelt MHC,Device 72723929,16185,7,0,1,-96.0,6809.705,6809.717,0.011999999999716238
Roosevelt MHC,Device 75360600,17037,7,0,0,-111.0,1256.515,1256.515,0.0
Roosevelt MHC,Device 75373538,16131,7,0,7,-109.0,25798.258,26709.326,911.0679999999993
Roosevelt MHC,Device 75372852,,0,0,,,,,
Roosevelt MHC,Device 75371334,16185,7,0,2,-115.0,7016.948,7022.5,5.55199999999968
Roosevelt MHC,Device 75373983,16185,7,0,0,-109.0,4990.052,4990.052,0.0
Roosevelt MHC,Device 75360345,,0,0,,,,,
Roosevelt MHC,Device 75374353,16185,7,0,7,-97.0,4370.797,4580.409,209.61200000000008
Roosevelt MHC,Device 75372886,16131,6,0,6,-101.0,799.044,1842.752,1043.708
Roosevelt MHC,Device 75371474,16131,7,0,3,-101.0,402.039,409.894,7.855000000000018
Roosevelt MHC,Device 75371235,16185,17,0,5,-110.0,8290.739,10494.097,2203.358
Roosevelt MHC,Device 75372266,17037,7,0,4,-103.0,10897.089,10897.148,0.058999999999286956
Roosevelt MHC,Device 75370278,16131,11,0,4,-107.0,6065.063,6265.084,200.02099999999973
Roosevelt MHC,Device 75360949,16131,7,0,6,-112.0,3975.896,3976.365,0.4689999999995962
Roosevelt MHC,Device 72723952,16131,7,0,1,-98.0,1374.556,1404.185,29.628999999999905
Roosevelt MHC,Device 75371656,16185,7,0,1,-106.0,4647.445,4647.804,0.35900000000037835
Roosevelt MHC,Device 75362135,16185,7,0,2,-103.0,4094.267,4094.306,0.03900000000021464
Roosevelt MHC,Device 75374270,16185,7,0,0,-94.0,8025.102,8025.102,0.0
Roosevelt MHC,Device 75362093,16185,7,0,2,-102.0,1653.39,1770.503,117.11299999999983
Roosevelt MHC,Device 75370799,16022,7,0,0,-95.0,82.693,82.693,0.0
Roosevelt MHC,Device 72714761,,0,0,,,,,
Roosevelt MHC,Device 75361632,16131,7,0,0,-95.0,17150.02,17150.02,0.0
Roosevelt MHC,Device 72714779,16022,7,0,3,-106.0,3290.132,3511.596,221.46399999999994
Roosevelt MHC,Device 75368074,16185,7,0,2,-100.0,10318.268,10318.303,0.03499999999985448
Roosevelt MHC,Device 75361574,17037,7,0,0,-104.0,1353.361,1353.361,0.0
Roosevelt MHC,Device 75361996,17037,7,0,0,-96.0,0.0,0.0,0.0
Roosevelt MHC,Device 75367506,17037,2,0,2,-106.0,19594.326,19895.328,301.0020000000004
Roosevelt MHC,Device 75372449,16185,7,0,0,-98.0,3617.893,3617.893,0.0
Roosevelt MHC,Device 75362978,17040,8,0,0,-97.0,140.0,140.0,0.0
Roosevelt MHC,Device 75363372,16131,6,0,0,-97.0,1115.461,1115.461,0.0
Roosevelt MHC,Device 75373561,16185,7,0,0,-107.0,1902.983,1902.983,0.0
Roosevelt MHC,Device 75373751,16131,7,0,6,-102.0,9176.069,9514.68,338.6110000000008
Roosevelt MHC,Device 75363174,16185,7,0,6,-88.0,4406.672,4407.682,1.0100000000002183
Roosevelt MHC,Device 75360105,16185,7,0,0,-99.0,11398.58,11398.58,0.0
Roosevelt MHC,Device 75361301,,0,0,,,,,
Roosevelt MHC,Device 72719356,17037,7,0,3,-104.0,4.329,68.067,63.73799999999999
Roosevelt MHC,Device 75372233,16185,8,0,1,-102.0,7330.898,7582.533,251.63500000000022
Roosevelt MHC,Device 75364669,16131,7,0,0,-102.0,255.954,255.954,0.0
Roosevelt MHC,Device 75370146,17037,7,0,0,-93.0,3165.72,3165.72,0.0
Roosevelt MHC,Device 75370922,16131,7,0,1,-103.0,3315.485,3315.485,0.0
Roosevelt MHC,Device 75362408,16185,7,0,1,-106.0,9677.137,9677.403,0.26599999999962165
Roosevelt MHC,Device 72723838,16131,12,0,7,-106.0,8612.609,9172.374,559.7649999999994
Roosevelt MHC,Device 75360121,,0,0,,,,,
Roosevelt MHC,Device 75361954,16131,7,0,0,-107.0,2988.052,2988.052,0.0
Roosevelt MHC,Device 72723440,16131,7,0,0,-110.0,13.385,13.385,0.0
Roosevelt MHC,Device 75364479,16131,7,0,3,-102.0,2264.559,2328.24,63.680999999999585
Roosevelt MHC,Device 72720842,16185,7,0,0,-100.0,1427775.125,1427780.0,4.875
Roosevelt MHC,Device 75374288,16131,7,0,5,-99.0,9927.488,10345.867,418.3790000000008
Roosevelt MHC,Device 75370880,16185,7,0,2,-96.0,2564.845,2658.922,94.07700000000023
Roosevelt MHC,Device 75373629,16131,7,0,1,-85.0,2617.819,2641.227,23.4079999999999
Roosevelt MHC,Device 75371417,16131,7,0,0,-88.0,5766.312,5766.312,0.0
Roosevelt MHC,Device 72723499,,0,0,,,,,
Roosevelt MHC,Device 75373835,16131,6,0,0,-96.0,6621.3,6621.3,0.0
Roosevelt MHC,Device 75360717,16131,7,0,0,-101.0,517.057,517.057,0.0
Roosevelt MHC,Device 75369528,16185,7,0,1,-108.0,2890.803,2903.785,12.981999999999971
Roosevelt MHC,Device 75371425,17040,7,0,0,-100.0,19.0,19.0,0.0
Roosevelt MHC,Device 75372951,16185,7,0,0,-91.0,3149.208,3149.208,0.0
Roosevelt MHC,Device 75367605,16131,7,0,0,-100.0,704.909,704.909,0.0
Roosevelt MHC,Device 75371789,17037,6,0,0,-104.0,4617.206,4617.206,0.0
Roosevelt MHC,Device 75374817,16185,7,0,0,-97.0,3577.117,3577.117,0.0
Roosevelt MHC,Device 75370948,16185,7,0,0,-99.0,309.471,309.471,0.0
Roosevelt MHC,Device 75362127,16185,7,0,3,-97.0,5993.309,6200.326,207.01699999999983
Roosevelt MHC,Device 75373991,16131,7,0,2,-104.0,4166.896,4227.823,60.92700000000059
Roosevelt MHC,Device 75374247,16185,7,0,2,-106.0,10675.395,10889.446,214.05099999999948
Roosevelt MHC,Device 75367712,16131,7,0,0,-91.0,1465.406,1465.406,0.0
Roosevelt MHC,Device 75373611,17040,2,0,0,-106.0,122.0,122.0,0.0
Roosevelt MHC,Device 75364677,16131,7,0,4,-99.0,1053.979,1414.196,360.21699999999987
Roosevelt MHC,Device 75372332,16185,7,0,0,-102.0,1343.13,1343.13,0.0
Roosevelt MHC,Device 75370476,16131,7,0,0,-89.0,2502.849,2502.849,0.0
Roosevelt MHC,Device 75371391,16185,7,0,0,-98.0,10547.33,10547.33,0.0
Roosevelt MHC,Device 75360485,16131,7,0,0,-120.0,258.0,258.0,0.0
Roosevelt MHC,Device 75370492,17040,8,0,6,-94.0,932.0,937.431,5.43100000000004
Roosevelt MHC,Device 75368603,16185,6,0,0,-103.0,990.246,990.246,0.0
Roosevelt MHC,Device 75366292,17037,7,0,1,-104.0,2742.0,2742.01,0.010000000000218279
Roosevelt MHC,Device 75367696,17040,9,0,2,-109.0,2799.0,2799.485,0.48500000000012733
Roosevelt MHC,Device 75362671,16185,6,0,2,-95.0,13331.0,13331.132,0.1319999999996071
Roosevelt MHC,Device 75368579,16131,7,0,1,-99.0,6208.891,6216.267,7.376000000000204
Roosevelt MHC,Device 75371714,16131,7,0,4,-113.0,4550.045,4703.722,153.67699999999968
Roosevelt MHC,Device 75372118,16185,7,0,0,-102.0,2442.0,2442.0,0.0
Roosevelt MHC,Device 75372217,16185,7,0,1,-100.0,2466.775,2612.221,145.4459999999999
Roosevelt MHC,Device 75369049,16131,6,0,0,-107.0,4008.153,4008.153,0.0
Roosevelt MHC,Device 75368090,16185,7,0,1,-108.0,21348.172,21348.197,0.02500000000145519
Roosevelt MHC,Device 72724018,17037,20,10,1,-107.0,5775.0,5902.784,127.78399999999965
Roosevelt MHC,Device 75360543,16185,6,0,4,-105.0,2962.254,3110.385,148.1310000000003
Roosevelt MHC,Device 75364628,16131,7,0,0,-96.0,66.852,66.852,0.0
Roosevelt MHC,Device 75364024,16185,7,0,0,-104.0,628.48,628.48,0.0
Roosevelt MHC,Device 72714910,16131,7,0,5,-103.0,16147.705,16148.086,0.38099999999940337
Roosevelt MHC,Device 75374155,16185,7,0,2,-98.0,5663.338,5679.868,16.530000000000655
Roosevelt MHC,Device 75368710,16131,7,0,0,-110.0,118.058,118.058,0.0
Roosevelt MHC,Device 75362226,16131,7,0,0,-97.0,56.687,56.687,0.0
Roosevelt MHC,Device 75373918,16131,7,0,0,-87.0,7.513,7.513,0.0
Roosevelt MHC,Device 75374023,16131,6,0,1,-98.0,1131.098,1131.478,0.38000000000010914
Roosevelt MHC,Device 75373520,16131,6,0,6,-101.0,289.058,436.423,147.365
Roosevelt MHC,Device 72723697,16131,7,0,7,-103.0,1049.62,1049.62,0.0
Roosevelt MHC,Device 75371342,16131,7,0,0,-99.0,832.729,832.729,0.0
Roosevelt MHC,Device 75360758,16131,7,0,1,-89.0,316.525,316.525,0.0
Roosevelt MHC,Device 75360527,16131,7,0,0,-98.0,0.922,0.922,0.0
Roosevelt MHC,Device 75371953,17037,7,0,2,-107.0,11208.538,11208.605,0.06699999999909778
Roosevelt MHC,Device 75366706,16131,7,0,7,-99.0,10771.587,12698.154,1926.567000000001
Roosevelt MHC,Device 75373389,16131,7,0,0,-107.0,835.485,835.485,0.0
Roosevelt MHC,Device 75372985,16131,7,0,0,-101.0,11.652,11.652,0.0
Roosevelt MHC,Device 72715628,16131,7,0,0,-98.0,138.722,138.722,0.0
Roosevelt MHC,Device 72716204,16131,7,0,0,-90.0,2678.161,2678.161,0.0
Roosevelt MHC,Device 72385741,16131,8,0,7,-99.0,1423.08,2452.67,1029.5900000000001
Roosevelt MHC,Device 72385147,16185,7,0,7,-107.0,6596.648,6677.52,80.8720000000003
Roosevelt MHC,Device 72388760,16131,6,0,1,-101.0,123371.875,123371.875,0.0
Roosevelt MHC,Device 72392846,16131,7,0,0,-105.0,10221.534,10221.534,0.0
Roosevelt MHC,Device 72378589,16131,6,0,0,-106.0,8978.383,8978.383,0.0
Roosevelt MHC,Device 72385980,16131,5,0,0,-93.0,18412.0,18412.0,0.0
Roosevelt MHC,Device 72378068,17037,7,0,0,-105.0,130580.93,130580.93,0.0
Roosevelt MHC,Device 72385212,16131,7,0,0,-104.0,17824.33,17824.33,0.0
Roosevelt MHC,Device 72390626,16131,8,0,7,-107.0,14104.32,14473.058,368.7380000000012
Roosevelt MHC,Device 72392630,16131,7,0,1,-93.0,8872.005,8872.502,0.4970000000012078
Roosevelt MHC,Device 70269509,16131,7,0,0,-103.0,5525.0,5525.0,0.0
Roosevelt MHC,Device 72390345,16131,7,0,0,-105.0,4237.595,4237.595,0.0
Roosevelt MHC,Device 72388950,16131,7,0,2,-101.0,12876.35,12876.35,0.0
Roosevelt MHC,Device 72384405,16131,7,0,1,-96.0,11358.966,11359.02,0.05400000000008731
Roosevelt MHC,Device 72389099,16131,7,0,0,-103.0,36973.086,36973.086,0.0
Roosevelt MHC,Device 72386798,16131,7,0,0,-112.0,7494.444,7494.444,0.0
Roosevelt MHC,Device 70259898,16131,6,0,0,-114.0,1089.092,1089.092,0.0
Roosevelt MHC,Device 70273238,17037,7,0,0,-100.0,4913.0,4913.0,0.0
Roosevelt MHC,Device 70271612,,0,0,,,,,
Roosevelt MHC,Device 70261712,16185,7,0,0,-103.0,1278.981,1278.981,0.0
Roosevelt MHC,Device 70264443,,0,0,,,,,
Roosevelt MHC,Device 70261217,16022,7,0,0,-95.0,21619.842,21619.842,0.0
Roosevelt MHC,Device 70260276,16131,7,0,2,-102.0,4178.013,4338.459,160.4459999999999
Roosevelt MHC,Device 70269988,,0,0,,,,,
Roosevelt MHC,Device 70261894,16185,7,0,7,-115.0,28107.508,28141.814,34.30599999999686
Roosevelt MHC,Device 70268535,16185,7,0,3,-100.0,10925.133,11039.681,114.54800000000068
Roosevelt MHC,Device 70265101,16131,7,0,0,-114.0,6582.115,6582.115,0.0
Roosevelt MHC,Device 70266349,16185,7,0,0,-99.0,1766.0,1766.0,0.0
Roosevelt MHC,Device 70263650,16022,7,0,0,-109.0,12003.211,12003.211,0.0
Roosevelt MHC,Device 65829221,16131,7,0,7,-102.0,9997.697,10140.511,142.8140000000003
Roosevelt MHC,Device 2068586245,10671,3,0,5,-85.0,9445.0,9477.0,32.0
Roosevelt MHC,Device 2068607678,10671,0,0,,,3881.0,3881.0,0.0
Roosevelt MHC,Device 2068584737,10671,0,0,,,7398.0,7398.0,0.0
Roosevelt MHC,Device 2041739306,,0,0,,,,,
Roosevelt MHC,Device 2042740709,10671,0,0,,,11690.0,11690.0,0.0
Roosevelt MHC,Device 2042730577,10706,0,0,,,28372.0,28372.0,0.0
Roosevelt MHC,Device 2041761573,10671,5,0,5,-115.0,12759.0,12865.0,106.0
Roosevelt MHC,Device 2041761037,10671,0,0,,,7525.0,7525.0,0.0
Roosevelt MHC,Device 2041742391,10706,2,0,2,-94.0,2839.0,2839.0,0.0
Roosevelt MHC,Device 2049924710,,0,0,,,,,
Roosevelt MHC,Device 2042741079,10671,3,0,4,-111.0,21452.0,21452.0,0.0
Roosevelt MHC,Device 2041742961,,0,0,,,,,
Roosevelt MHC,Device 2042821384,,0,0,,,,,
Roosevelt MHC,Device 2041746681,,0,0,,,,,
Roosevelt MHC,Device 2041750485,,0,0,,,,,
Roosevelt MHC,Device 2041752622,10706,0,0,,,76259.0,76259.0,0.0
Roosevelt MHC,Device 2041749891,,0,0,,,,,
Roosevelt MHC,Device 2041750345,,0,0,,,,,
Roosevelt MHC,Device 2041750428,,0,0,,,,,
Roosevelt MHC,Device 2041750436,,0,0,,,,,
Roosevelt MHC,Device 2041750915,,0,0,,,,,
Roosevelt MHC,Device 2041744355,,0,0,,,,,
Roosevelt MHC,Device 2041743159,,0,0,,,,,
Roosevelt MHC,Device 2041736856,10671,0,0,,,44232.0,44232.0,0.0
Roosevelt MHC,Device 2041737086,,0,0,,,,,
Roosevelt MHC,Device 2041739181,,0,0,,,,,
Roosevelt MHC,Device 2041747879,10671,2,0,5,-88.0,15516.0,15516.0,0.0
Roosevelt MHC,Device 2041741609,10671,2,0,3,-92.0,40266.0,40266.0,0.0
Roosevelt MHC,Device 2042816541,10671,0,0,,,17585.0,17585.0,0.0
Green Forest Estates MHC,2024120005000023,,0,0,,,,,
Backcountry MHC,Device 79462915,17037,7,0,7,-108.0,18667.449,18878.492,211.04299999999785
Backcountry MHC,Device 79462816,15154,9,0,7,-106.0,70164.836,71575.359,1410.523000000001
Backcountry MHC,Device 79463483,16185,3,0,0,-124.0,,,
Backcountry MHC,Device 79461172,15154,7,0,0,-97.0,416956.844,416956.844,0.0
Backcountry MHC,Device 79461396,16185,8,1,0,-122.0,12916.347,13598.185,681.8379999999997
Backcountry MHC,Device 79462568,16022,7,0,3,-120.0,2408.205,2408.522,0.3170000000000073
Backcountry MHC,Device 65830039,16185,11,0,7,-115.0,30293.047,31645.697,1352.6500000000015
Backcountry MHC,Device 2041742615,10706,6,0,7,-97.0,58645.0,61368.0,2723.0
Backcountry MHC,Device 2042789243,10671,0,0,,,71755.0,71755.0,0.0
Backcountry MHC,Device 2041761714,10706,0,0,,,93464.0,93464.0,0.0
Backcountry MHC,Device 2041739827,10671,2,0,5,-110.0,73486.0,73517.0,31.0
Backcountry MHC,Device 2041742300,10671,2,0,4,-116.0,130833.0,131034.0,201.0
Backcountry MHC,Device 2042733357,10671,6,0,0,-108.0,52634.0,52634.0,0.0
Backcountry MHC,Device 2049961936,10706,4,0,6,-103.0,44054.0,44994.0,940.0
Kingsbrook MHP,2025080001020041,,0,0,,,2411991.637,2420999.171,9007.533999999985
Kingsbrook MHP,2025080001020040,,0,0,,,,,
Oak Forest MHC,2025020005000012,,0,0,,,4305868.75,4309698.558,3829.8080000001937
Oak Tree MHP,2024120005000019,,0,0,,,1907730.0,1909500.909,1770.908999999985
Sara Drive MHC-Nowi,2025020005000013,,0,0,,,2176156.642,2205802.574,29645.93200000003
Fair Lane MHC,Device 79463137,16131,7,0,7,-100.0,5113.604,5206.443,92.83899999999994
Fair Lane MHC,Device 79460885,15154,7,0,7,-98.0,2626.601,2821.343,194.74199999999973
Fair Lane MHC,Device 65828694,,0,0,,,,,
Fair Lane MHC,Device 2041763868,,0,0,,,,,
Sunset MHP,Device 65828561,,0,0,,,,,
Sunset MHP,Device 65831227,,0,0,,,,,
Sunset MHP,Device 65826946,,0,0,,,,,
Sunset MHP,Device 65831565,,0,0,,,,,
Sunset MHP,Device 65825765,,0,0,,,,,
Sunset MHP,Device 65830955,,0,0,,,,,
Sunset MHP,Device 65828454,,0,0,,,,,
Sunset MHP,Device 65828058,,0,0,,,,,
Sunset MHP,Device 65823240,,0,0,,,,,
Sunset MHP,Device 65823398,,0,0,,,,,
Sunset MHP,Device 65824453,,0,0,,,,,
Sunset MHP,Device 65823661,,0,0,,,,,
Sunset MHP,Device 65824131,,0,0,,,,,
Sunset MHP,Device 65826383,,0,0,,,,,
Sunset MHP,Device 65828744,,0,0,,,,,
Sunset MHP,Device 65825831,,0,0,,,,,
Sunset MHP,Device 65831110,,0,0,,,,,
Sunset MHP,Device 65830849,,0,0,,,,,
Sunset MHP,Device 65831037,,0,0,,,,,
Sunset MHP,Device 65828405,,0,0,,,,,
Sunset MHP,Device 65827993,,0,0,,,,,
Sunset MHP,Device 65828363,,0,0,,,,,
Sunset MHP,Device 65826888,,0,0,,,,,
Sunset MHP,Device 65823653,,0,0,,,,,
Sunset MHP,Device 2049832210,,0,0,,,,,
Sunset MHP,Device 2049917532,,0,0,,,,,
Sunset MHP,Device 2049874113,,0,0,,,,,
Sunset MHP,Device 2049879476,,0,0,,,,,
Sunset MHP,Device 2049932010,,0,0,,,,,
Sunset MHP,Device 2049873750,10693,3,0,6,-92.0,146747.0,146946.0,199.0
Sunset MHP,Device 2049920650,,0,0,,,,,
Fair Meadows MHC,Device 79455257,16022,7,0,7,-112.0,4272.052,4477.76,205.70800000000054
Fair Meadows MHC,Device 75371854,16131,7,0,3,-105.0,10141.933,10263.041,121.10799999999836
Fair Meadows MHC,Device 75368942,16022,7,0,2,-108.0,247.902,256.308,8.406000000000006
Fair Meadows MHC,Device 75362762,16022,7,0,7,-108.0,8449.179,8995.108,545.9290000000001
Fair Meadows MHC,Device 75364115,16022,7,0,7,-98.0,19985.768,21096.697,1110.929
Fair Meadows MHC,Device 79466536,16022,7,0,7,-107.0,19434.029,20596.994,1162.9650000000001
Fair Meadows MHC,Device 75368322,16022,7,0,7,-107.0,16278.02,17233.313,955.2929999999978
Fair Meadows MHC,Device 75369585,16022,7,0,7,-99.0,4328.979,4475.229,146.25
Fair Meadows MHC,Device 75368264,16022,7,0,7,-109.0,19536.689,20833.889,1297.2000000000007
Fair Meadows MHC,Device 75370047,16022,7,0,7,-107.0,15139.885,16134.76,994.875
Fair Meadows MHC,Device 75364404,16022,6,0,1,-110.0,23.642,23.642,0.0
Fair Meadows MHC,Device 75365690,16022,7,0,7,-107.0,3217.746,3881.375,663.6289999999999
Fair Meadows MHC,Device 79461057,16022,7,0,0,-106.0,28.696,28.696,0.0
Fair Meadows MHC,Device 75365005,,0,0,,,,,
Fair Meadows MHC,Device 75362473,16022,8,0,7,-103.0,3610.632,5025.032,1414.4
Fair Meadows MHC,Device 72381625,16022,7,0,7,-99.0,49846.855,49946.91,100.05500000000029
Fair Meadows MHC,Device 72378985,16022,7,0,7,-99.0,9566.26,9852.479,286.21899999999914
Fair Meadows MHC,Device 72388885,16022,7,0,7,-105.0,9296.595,9870.438,573.8430000000008
Fair Meadows MHC,Device 70258593,16022,7,0,6,-108.0,43833.766,44434.609,600.8429999999935
Fair Meadows MHC,Device 70271372,16022,7,0,7,-105.0,13160.812,13410.983,250.17100000000028
Fair Meadows MHC,Device 70260839,16131,4,0,2,-101.0,28931.168,28985.564,54.395999999997
Fair Meadows MHC,Device 77058214,16022,7,0,6,-100.0,57248.684,57502.164,253.47999999999593
Fair Meadows MHC,Device 77052084,16022,7,0,1,-108.0,609.079,611.276,2.1970000000000027
Fair Meadows MHC,Device 77041293,16022,7,0,7,-108.0,74631.25,75414.234,782.9839999999967
Fair Meadows MHC,Device 77062125,16022,7,0,3,-98.0,8270.542,8324.826,54.28399999999965
Fair Meadows MHC,Device 77053793,16022,7,0,7,-107.0,41583.496,42790.398,1206.9020000000019
Fair Meadows MHC,Device 65827092,16022,7,0,7,-109.0,2426.053,2563.079,137.0260000000003
Fair Meadows MHC,Device 77053926,16022,7,0,7,-108.0,21057.133,21480.373,423.23999999999796
Fair Meadows MHC,Device 65830021,16022,7,0,7,-102.0,31004.914,31812.152,807.2379999999976
Fair Meadows MHC,Device 65827365,16022,7,0,7,-111.0,27921.055,28578.389,657.3339999999989
Fair Meadows MHC,Device 65830005,16022,7,0,7,-112.0,82762.016,84207.414,1445.398000000001
Fair Meadows MHC,Device 65826011,16022,7,0,7,-99.0,54931.484,56275.742,1344.2580000000016
Fair Meadows MHC,Device 65829171,16022,7,0,0,-104.0,19699.0,19699.0,0.0
Fair Meadows MHC,Device 65828942,16022,7,0,0,-105.0,9342.264,9342.264,0.0
Fair Meadows MHC,Device 65831722,16022,7,0,7,-104.0,77655.094,79334.859,1679.7649999999994
Fair Meadows MHC,Device 65827084,,0,0,,,,,
Fair Meadows MHC,Device 65823471,,0,0,,,,,
Fair Meadows MHC,Device 65823331,16022,7,0,7,-103.0,21474.23,21689.264,215.03399999999965
Fair Meadows MHC,Device 65823448,16022,7,0,7,-108.0,25627.67,25973.838,346.1680000000015
Fair Meadows MHC,Device 2049963072,10639,10,0,6,-98.0,58959.0,60425.0,1466.0
Fair Meadows MHC,Device 2049878601,10671,0,0,,,81102.0,81102.0,0.0
Fair Meadows MHC,Device 2049923977,10671,2,0,4,-95.0,149589.0,149847.0,258.0
Fair Meadows MHC,Device 2049917540,10671,2,0,4,-97.0,113437.0,113533.0,96.0
Fair Meadows MHC,Device 2049916047,10671,5,0,4,-102.0,76801.0,77520.0,719.0
Fair Meadows MHC,Device 2068596921,10693,3,0,4,-89.0,26831.0,26846.0,15.0
Fair Meadows MHC,Device 2049872067,10693,1,0,0,-107.0,1590.0,1590.0,0.0
Fair Meadows MHC,Device 2049916526,10671,0,0,,,40692.0,40692.0,0.0
Fair Meadows MHC,Device 2049905347,10671,3,0,4,-95.0,34258.0,34353.0,95.0
Fair Meadows MHC,Device 2068588365,10671,2,0,1,-95.0,38013.0,38196.0,183.0
Fair Meadows MHC,Device 2049933232,10671,2,0,3,-95.0,24325.0,24325.0,0.0
Fair Meadows MHC,Device 2049826048,10671,0,0,,,42506.0,42506.0,0.0
Fair Meadows MHC,Device 2049948008,10693,0,0,,,34901.0,34901.0,0.0
Fair Meadows MHC,Device 2049948057,10671,0,0,,,24932.0,24932.0,0.0
Fair Meadows MHC,Device 2049908036,10671,0,0,,,155300.0,155300.0,0.0
Fair Meadows MHC,Device 2049821296,10671,2,0,3,-98.0,69013.0,69013.0,0.0
Fair Meadows MHC,Device 2049922763,10704,0,0,,,157197.0,157197.0,0.0
Fair Meadows MHC,Device 2049893717,10671,4,0,7,-93.0,83126.0,83953.0,827.0
Fair Meadows MHC,Device 2049874105,10693,3,0,1,-90.0,48641.0,48641.0,0.0
Fair Meadows MHC,Device 2049924827,10671,4,0,3,-89.0,125862.0,125862.0,0.0
Fair Meadows MHC,Device 2049882389,10671,0,0,,,182185.0,182185.0,0.0
Fair Meadows MHC,Device 2049886083,10671,6,0,7,-89.0,108923.0,109561.0,638.0
Fair Meadows MHC,Device 2049914042,10671,0,0,,,70220.0,70220.0,0.0
Fair Meadows MHC,Device 2049925436,10671,0,0,,,60195.0,60195.0,0.0
Fair Meadows MHC,Device 2041750576,10671,3,0,5,-91.0,132829.0,133319.0,490.0
Fair Meadows MHC,Device 2042743687,10671,2,0,3,-89.0,113608.0,113608.0,0.0
Fair Meadows MHC,Device 2042742895,10671,3,0,4,-92.0,47900.0,48201.0,301.0
Fair Meadows MHC,Device 2041750030,10671,0,0,,,36637.0,36637.0,0.0
Fair Meadows MHC,Device 2041750618,10671,0,0,,,74480.0,74480.0,0.0
Fair Meadows MHC,Device 2041752580,10693,0,0,,,110975.0,110975.0,0.0
Fair Meadows MHC,Device 2041759874,10671,2,0,3,-96.0,55771.0,55771.0,0.0
Fair Meadows MHC,Device 2041741062,10671,0,0,,,72169.0,72169.0,0.0
Fair Meadows MHC,Device 2041738902,10671,0,0,,,59965.0,59965.0,0.0
Fair Meadows MHC,Device 2041745576,10706,0,0,,,164472.0,164472.0,0.0
Fair Meadows MHC,Device 2041745451,10671,0,0,,,113811.0,113811.0,0.0
Fair Meadows MHC,Device 2041762472,10693,0,0,,,88907.0,88907.0,0.0
Fair Meadows MHC,Device 2042755541,10671,0,0,,,67033.0,67033.0,0.0
Fair Meadows MHC,Device 2041749107,10693,2,0,3,-98.0,70180.0,70180.0,0.0
Fair Meadows MHC,Device 2041753349,10671,0,0,,,72306.0,72306.0,0.0
Fair Meadows MHC,Device 2041741161,10671,0,0,,,36535.0,36535.0,0.0
Fair Meadows MHC,Device 2041753265,10671,4,0,3,-102.0,138124.0,138124.0,0.0
Fair Meadows MHC,Device 2042813977,10671,0,0,,,50407.0,50407.0,0.0
Oswego MHP,Device 75364610,16185,7,0,7,-89.0,3475.503,3685.841,210.33799999999974
Oswego MHP,Device 75368454,16185,7,0,7,-84.0,3777.857,4088.326,310.46900000000005
Oswego MHP,Device 75374528,17037,7,0,7,-93.0,5930.177,6300.627,370.4500000000007
Oswego MHP,Device 79454953,16185,7,0,7,-92.0,1782.79,1966.879,184.08899999999994
Oswego MHP,Device 79460067,16185,7,0,0,-105.0,25442.0,25442.0,0.0
Oswego MHP,Device 75360931,16185,7,0,7,-90.0,2972.819,3255.512,282.6930000000002
Oswego MHP,Device 75362747,16185,11,0,7,-84.0,3863.047,5807.478,1944.431
Oswego MHP,Device 75374544,17037,7,0,7,-97.0,7119.381,7686.645,567.2640000000001
Oswego MHP,Device 75360469,17037,7,0,7,-99.0,5140.295,5780.426,640.1310000000003
Oswego MHP,Device 79454417,17037,9,0,7,-79.0,39993.113,42423.621,2430.5080000000016
Oswego MHP,Device 75374320,17037,7,0,6,-76.0,2813.803,3093.934,280.1310000000003
Oswego MHP,Device 79463335,16185,7,0,7,-83.0,8690.707,9212.305,521.598
Oswego MHP,Device 79461495,16185,7,0,0,-112.0,0.0,0.0,0.0
Oswego MHP,Device 79464739,16185,7,0,7,-78.0,5695.811,6435.744,739.933
Oswego MHP,Device 79460315,17037,7,0,7,-91.0,5887.891,6280.742,392.85100000000057
Oswego MHP,Device 79454748,17037,7,0,7,-74.0,8594.974,9049.08,454.10599999999977
Oswego MHP,Device 75364388,16185,7,0,6,-92.0,1263.45,1393.99,130.53999999999996
Oswego MHP,Device 79459200,17037,7,0,7,-91.0,29489.482,29609.762,120.27999999999884
Oswego MHP,Device 75361715,16185,7,0,7,-86.0,4053.023,4451.617,398.59400000000005
Oswego MHP,Device 75374338,16185,7,0,7,-92.0,4662.927,5075.153,412.22600000000057
Oswego MHP,Device 79466866,16185,7,0,7,-86.0,578.584,756.279,177.69500000000005
Oswego MHP,Device 79465454,17040,6,0,0,-92.0,14.0,14.0,0.0
Oswego MHP,Device 79459267,16185,7,0,7,-86.0,11816.789,12816.09,999.3009999999995
Oswego MHP,Device 75368306,16185,7,0,0,-105.0,1242.0,1242.0,0.0
Oswego MHP,Device 75372324,16185,7,0,7,-103.0,776.718,1013.524,236.80600000000004
Oswego MHP,Device 79462972,16185,11,0,7,-93.0,12831.779,16494.49,3662.711000000001
Oswego MHP,Device 79466056,17037,7,0,7,-73.0,4420.214,5001.486,581.2719999999999
Oswego MHP,Device 75365823,17037,7,0,7,-79.0,692.841,1179.087,486.246
Oswego MHP,Device 75366326,17037,12,0,7,-98.0,74333.57,75473.57,1140.0
Oswego MHP,Device 79454920,17037,7,0,7,-79.0,109794.719,109916.93,122.21099999999569
Oswego MHP,Device 79463202,17040,7,0,0,-88.0,103393.0,103393.0,0.0
Oswego MHP,Device 79463228,17037,7,0,7,-95.0,4406.085,4910.622,504.53700000000026
Oswego MHP,Device 75365575,17037,7,0,7,-92.0,2113.312,2814.408,701.096
Oaklodge MHP,Device 2042731112,10706,2,0,0,-101.0,8511.0,8511.0,0.0
Oaklodge MHP,Device 2041765756,,0,0,,,,,
Oaklodge MHP,Device 2041765608,10706,2,0,0,-92.0,5514.0,5514.0,0.0
Oaklodge MHP,Device 2041742573,,0,0,,,,,
Oaklodge MHP,Device 2042731500,10706,2,0,0,-99.0,109012.0,109012.0,0.0
Oaklodge MHP,Device 2042775101,10706,2,0,0,-94.0,2531.0,2531.0,0.0
Oaklodge MHP,Device 2042732474,10706,2,0,0,-99.0,3593.0,3593.0,0.0
Oaklodge MHP,Device 2049963387,,0,0,,,,,
Oaklodge MHP,Device 2042740493,10706,2,0,0,-97.0,55468.0,55468.0,0.0
Oaklodge MHP,Device 2042730437,10706,2,0,0,-90.0,18899.0,18899.0,0.0
Oaklodge MHP,Device 2042775432,10706,2,0,0,-95.0,4520.0,4520.0,0.0
Oaklodge MHP,Device 2041764064,10706,2,0,0,-96.0,10330.0,10330.0,0.0
Oaklodge MHP,Device 2041738209,10706,2,0,0,-101.0,14767.0,14767.0,0.0
Oaklodge MHP,Device 2041765772,10671,2,0,0,-97.0,54436.0,54436.0,0.0
Oaklodge MHP,Device 2041753133,10671,2,0,6,-101.0,4415.0,4415.0,0.0
Oaklodge MHP,Device 2041759601,10706,2,0,0,-93.0,39979.0,39979.0,0.0
Oaklodge MHP,Device 2041741930,10706,2,0,6,-100.0,63220.0,63221.0,1.0
Oaklodge MHP,Device 2049961639,10706,2,0,0,-95.0,21659.0,21659.0,0.0
Oaklodge MHP,Device 2049912483,10693,2,0,0,-94.0,75013.0,75013.0,0.0
Oaklodge MHP,Device 2049884864,10706,2,0,0,-93.0,7885.0,7885.0,0.0
Oaklodge MHP,Device 2049778173,,0,0,,,,,
Oaklodge MHP,Device 2068588290,,0,0,,,,,
Oaklodge MHP,Device 2049796191,10706,2,0,0,-102.0,15421.0,15421.0,0.0
Oaklodge MHP,Device 2049946572,10706,2,0,0,-96.0,201.0,201.0,0.0
Oaklodge MHP,Device 2049790145,10706,2,0,0,-104.0,52577.0,52577.0,0.0
Oaklodge MHP,Device 2068588191,10706,2,0,0,-90.0,11897.0,11897.0,0.0
Oaklodge MHP,Device 2049962231,,0,0,,,,,
Oaklodge MHP,Device 2049892545,,0,0,,,,,
Oaklodge MHP,Device 2049960235,10706,2,0,0,-95.0,921.0,921.0,0.0
Oaklodge MHP,Device 2049798015,10706,2,0,0,-96.0,35738.0,35738.0,0.0
Oaklodge MHP,Device 2049883122,10706,0,0,,,137941.0,137941.0,0.0
Oaklodge MHP,Device 2049953032,,0,0,,,,,
Oaklodge MHP,Device 2049904928,10706,2,0,0,-94.0,19587.0,19587.0,0.0
Oaklodge MHP,Device 2049836336,10671,2,0,0,-87.0,94164.0,94164.0,0.0
Oaklodge MHP,Device 2049948958,,0,0,,,,,
Oaklodge MHP,Device 2049936607,10671,2,0,0,-82.0,141281.0,141281.0,0.0
Oaklodge MHP,Device 2049891778,,0,0,,,,,
Oaklodge MHP,Device 2049925097,10706,2,0,0,-101.0,9186.0,9186.0,0.0
Oaklodge MHP,Device 2049960482,10706,2,0,0,-95.0,10900.0,10900.0,0.0
Oaklodge MHP,Device 2049962173,10706,2,0,0,-94.0,3002.0,3002.0,0.0
Oaklodge MHP,Device 2049931103,,0,0,,,,,
Oaklodge MHP,Device 2049865871,10706,2,0,0,-100.0,11138.0,11138.0,0.0
Oaklodge MHP,Device 2049917961,,0,0,,,,,
Oaklodge MHP,Device 2049917417,10706,2,0,0,-97.0,23991.0,23991.0,0.0
Oaklodge MHP,Device 2049916971,10706,2,0,0,-94.0,30038.0,30038.0,0.0
Oaklodge MHP,Device 2049870020,10706,2,0,0,-96.0,21184.0,21184.0,0.0
Oaklodge MHP,Device 2049946895,10706,2,0,0,-102.0,2509.0,2509.0,0.0
Oaklodge MHP,Device 2049933844,10706,2,0,0,-104.0,33574.0,33574.0,0.0
Oaklodge MHP,Device 2049961688,,0,0,,,,,
Oaklodge MHP,Device 2049798973,,0,0,,,,,
Oaklodge MHP,Device 2049946770,10706,2,0,0,-98.0,24264.0,24264.0,0.0
Oaklodge MHP,Device 2049910032,10706,2,0,0,-93.0,1346.0,1346.0,0.0
Oaklodge MHP,Device 2049868636,,0,0,,,,,
Oaklodge MHP,Device 2049781441,10671,2,0,0,-91.0,54635.0,54635.0,0.0
Oaklodge MHP,Device 2049914216,10706,2,0,0,-99.0,31349.0,31349.0,0.0
Oaklodge MHP,Device 2049915015,,0,0,,,,,
Oaklodge MHP,Device 2049923696,,0,0,,,,,
Oaklodge MHP,Device 2049925402,10693,2,0,0,-93.0,164401.0,164401.0,0.0
Oaklodge MHP,Device 2041761888,10706,2,0,0,-91.0,45947.0,45947.0,0.0
Oaklodge MHP,Device 2041758819,10706,2,0,0,-95.0,12265.0,12265.0,0.0
Oaklodge MHP,Device 2049917656,,0,0,,,,,
Oaklodge MHP,Device 2042740857,10706,2,0,0,-94.0,9336.0,9336.0,0.0
Oaklodge MHP,Device 2042741046,10706,2,0,0,-99.0,12715.0,12715.0,0.0
Oaklodge MHP,Device 2042742150,10706,2,0,0,-97.0,845.0,845.0,0.0
Oaklodge MHP,Device 2042741194,,0,0,,,,,
Oaklodge MHP,Device 2042742671,,0,0,,,,,
Oaklodge MHP,Device 2042742440,,0,0,,,,,
Oaklodge MHP,Device 2041761946,10706,2,0,0,-95.0,51177.0,51177.0,0.0
Oaklodge MHP,Device 2041742078,10706,2,0,0,-98.0,7528.0,7528.0,0.0
Oaklodge MHP,Device 2041759239,10706,2,0,0,-100.0,34363.0,34363.0,0.0
Oaklodge MHP,Device 2041761110,10706,2,0,0,-100.0,21884.0,21884.0,0.0
Paradise Village Cooperative MHC,Device 75374395,15154,7,0,7,-76.0,12666.211,13415.285,749.0740000000005
Paradise Village Cooperative MHC,Device 79461123,15154,7,0,7,-83.0,21935.678,22597.674,661.9959999999992
Paradise Village Cooperative MHC,Device 75362523,15154,8,0,7,-89.0,7616.563,8291.742,675.1790000000001
Paradise Village Cooperative MHC,Device 79453930,15154,7,0,7,-89.0,34433.047,35886.031,1452.984000000004
Paradise Village Cooperative MHC,Device 75366565,15154,7,0,7,-86.0,11110.73,11634.666,523.9359999999997
Paradise Village Cooperative MHC,Device 79465850,15154,7,0,7,-90.0,23713.729,24762.488,1048.7590000000018
Paradise Village Cooperative MHC,Device 75360048,17040,8,0,0,-81.0,15662.0,15662.0,0.0
Paradise Village Cooperative MHC,Device 75373413,15154,7,0,7,-86.0,24095.58,25447.639,1352.0589999999975
Paradise Village Cooperative MHC,Device 75374791,15154,6,0,6,-73.0,20468.67,20913.369,444.6990000000005
Paradise Village Cooperative MHC,Device 75364800,15154,7,0,6,-84.0,4110.031,4265.891,155.85999999999967
Paradise Village Cooperative MHC,Device 75368983,15154,7,0,7,-83.0,18007.449,18784.646,777.1970000000001
Paradise Village Cooperative MHC,Device 79461016,15154,7,0,7,-95.0,43373.883,44622.164,1248.2809999999954
Paradise Village Cooperative MHC,Device 79459994,15154,6,0,6,-83.0,16935.279,17257.283,322.0040000000008
Paradise Village Cooperative MHC,Device 75360238,15154,7,0,7,-78.0,10546.5,10949.592,403.09200000000055
Paradise Village Cooperative MHC,Device 75363786,15154,6,0,5,-84.0,2606.269,2732.885,126.61600000000044
Paradise Village Cooperative MHC,Device 79462154,15154,8,0,7,-81.0,41953.621,43950.707,1997.086000000003
Paradise Village Cooperative MHC,Device 75374858,15154,10,0,7,-84.0,36600.016,38420.512,1820.4959999999992
Paradise Village Cooperative MHC,Device 79465462,16131,7,0,0,-69.0,251404.172,251404.172,0.0
Paradise Village Cooperative MHC,Device 75364594,15154,7,0,7,-84.0,27159.908,28148.678,988.7700000000004
Paradise Village Cooperative MHC,Device 72724430,15154,7,0,7,-94.0,19874.861,20124.773,249.91200000000026
Paradise Village Cooperative MHC,Device 70263759,15154,7,0,7,-74.0,17812.785,18499.41,686.625
Paradise Village Cooperative MHC,Device 72721188,15154,7,0,7,-80.0,16573.367,17036.525,463.1580000000031
Paradise Village Cooperative MHC,Device 70272230,15154,7,0,7,-79.0,21317.926,21900.926,583.0
Paradise Village Cooperative MHC,Device 70272719,15154,7,0,7,-89.0,21627.943,22050.912,422.96900000000096
Paradise Village Cooperative MHC,Device 70272461,,0,0,,,,,
Paradise Village Cooperative MHC,Device 72718879,15154,7,0,7,-80.0,5089.624,5341.696,252.07200000000012
Paradise Village Cooperative MHC,Device 70259021,15154,9,0,7,-71.0,30515.211,31930.805,1415.594000000001
Paradise Village Cooperative MHC,Device 72720438,15154,7,0,7,-95.0,22275.477,23071.248,795.7710000000006
Paradise Village Cooperative MHC,Device 72717327,15154,7,0,7,-76.0,26091.158,26940.865,849.7070000000022
Paradise Village Cooperative MHC,Device 70272339,15154,7,0,7,-84.0,9438.938,9825.354,386.41599999999926
Paradise Village Cooperative MHC,Device 70268931,15154,6,0,7,-91.0,54623.18,56007.703,1384.523000000001
Paradise Village Cooperative MHC,Device 70273642,15154,7,0,7,-77.0,9615.061,9981.88,366.8189999999995
Paradise Village Cooperative MHC,Device 72715750,15154,7,0,7,-92.0,31185.844,32278.852,1093.007999999998
Paradise Village Cooperative MHC,Device 72721451,15154,6,0,7,-64.0,4875.747,4966.919,91.17199999999957
Paradise Village Cooperative MHC,Device 70272677,15154,9,0,7,-77.0,37516.281,39253.195,1736.913999999997
Paradise Village Cooperative MHC,Device 72720230,15154,7,0,7,-86.0,5698.553,5798.702,100.14900000000034
Paradise Village Cooperative MHC,Device 72714647,15154,7,0,7,-97.0,13148.619,13581.299,432.6800000000003
Paradise Village Cooperative MHC,Device 72392861,15154,7,0,7,-65.0,17742.164,18504.09,761.9259999999995
Paradise Village Cooperative MHC,Device 77059022,15154,7,0,7,-83.0,35489.902,36395.449,905.5469999999987
Paradise Village Cooperative MHC,Device 77056028,15154,7,0,7,-95.0,34625.73,35367.063,741.3329999999987
Kingsbrook MHC,Device 75370757,16131,7,0,7,-110.0,4243.311,4544.106,300.7950000000001
Kingsbrook MHC,Device 75360402,16131,7,0,7,-124.0,4277.162,4521.242,244.07999999999993
Kingsbrook MHC,Device 79454532,16131,7,0,7,-105.0,9296.843,9646.107,349.2639999999992
Kingsbrook MHC,Device 75367050,17040,7,0,0,-116.0,0.0,0.0,0.0
Kingsbrook MHC,Device 75367258,,0,0,,,,,
Kingsbrook MHC,Device 75366722,16131,7,0,7,-110.0,1100.61,1357.482,256.87200000000007
Kingsbrook MHC,Device 79460612,16185,7,0,7,-103.0,13375.655,14403.302,1027.646999999999
Kingsbrook MHC,Device 79463277,16131,7,0,7,-114.0,5591.213,6179.71,588.4970000000003
Kingsbrook MHC,Device 75363620,16022,7,0,7,-124.0,17309.402,18255.02,945.6180000000022
Kingsbrook MHC,Device 79466643,16131,6,0,0,-121.0,463.729,463.729,0.0
Kingsbrook MHC,Device 75363547,,0,0,,,,,
Kingsbrook MHC,Device 75368223,16022,6,0,6,-119.0,5213.185,5530.89,317.7049999999999
Kingsbrook MHC,Device 75366557,16185,7,0,7,-122.0,10235.222,10441.762,206.54000000000087
Kingsbrook MHC,Device 75368744,16131,7,0,7,-111.0,11508.311,12180.146,671.835000000001
Kingsbrook MHC,Device 75366078,16131,7,0,0,-113.0,5.49,6.992,1.5019999999999998
Kingsbrook MHC,Device 75368934,16131,3,0,0,-122.0,11889.901,12242.432,352.53100000000086
Kingsbrook MHC,Device 72716691,16131,6,0,5,-92.0,69424.883,69623.672,198.7890000000043
Kingsbrook MHC,Device 72714290,16131,7,0,7,-106.0,61020.516,61218.477,197.9609999999957
Kingsbrook MHC,Device 72714738,16128,7,0,7,-106.0,8845.507,9174.587,329.0799999999999
Kingsbrook MHC,Device 72718010,16022,7,0,7,-116.0,34516.535,35261.137,744.601999999999
Kingsbrook MHC,Device 72714613,16131,6,0,5,-118.0,6628.553,6833.669,205.11599999999999
Kingsbrook MHC,Device 72720115,16131,7,0,0,-116.0,1836.736,1908.362,71.62599999999998
Kingsbrook MHC,Device 72720875,16131,7,0,7,-103.0,8350.991,8595.835,244.84399999999914
Kingsbrook MHC,Device 72714753,16131,7,0,6,-114.0,15528.378,16147.119,618.741
Kingsbrook MHC,Device 72716279,16131,7,0,1,-107.0,3070.172,3071.974,1.8020000000001346
Kingsbrook MHC,Device 72716105,16131,7,0,0,-117.0,32055.68,32055.68,0.0
Kingsbrook MHC,Device 72714571,,0,0,,,,,
Kingsbrook MHC,Device 72720958,16131,7,0,7,-114.0,18203.553,18777.721,574.1680000000015
Kingsbrook MHC,Device 72718085,16185,6,0,5,-114.0,77181.594,77708.117,526.523000000001
Kingsbrook MHC,Device 72717632,16131,7,0,6,-109.0,17174.693,17417.063,242.36999999999898
Kingsbrook MHC,Device 72720057,16131,6,0,6,-118.0,16770.988,17407.703,636.7150000000001
Kingsbrook MHC,Device 72715685,16131,6,0,5,-112.0,17213.426,17747.701,534.2750000000015
Kingsbrook MHC,Device 72722467,16131,7,0,7,-103.0,4402.51,4583.088,180.57799999999952
Kingsbrook MHC,Kingsbrook 815HU,,0,0,,,,,
Kingsbrook MHC,Kingsbrook 814HU,,0,0,,,,,
Kingsbrook MHC,Kingsbrook 813HU,,0,0,,,,,
Kingsbrook MHC,Kingsbrook 810HU,,0,0,,,,,
Kingsbrook MHC,Kingsbrook 809HU,,0,0,,,,,
Kingsbrook MHC,Kingsbrook 807HU,,0,0,,,,,
Kingsbrook MHC,Kingsbrook 805HU,,0,0,,,,,
Kingsbrook MHC,Kingsbrook 803HU,,0,0,,,,,
Kingsbrook MHC,Kingsbrook 801HU,,0,0,,,,,
Kingsbrook MHC,Kingsbrook 799FA,,0,0,,,,,
Kingsbrook MHC,Kingsbrook 798AS,,0,0,,,,,
Kingsbrook MHC,Kingsbrook 797OA,,0,0,,,,,
Kingsbrook MHC,Kingsbrook 794AS,,0,0,,,,,
Kingsbrook MHC,Kingsbrook 788AS,,0,0,,,,,
Kingsbrook MHC,Kingsbrook 787AM,,0,0,,,,,
Kingsbrook MHC,Kingsbrook 786AM,,0,0,,,,,
Kingsbrook MHC,Kingsbrook 785OA,,0,0,,,,,
Kingsbrook MHC,Kingsbrook 785FA,,0,0,,,,,
Kingsbrook MHC,Kingsbrook 783OA,,0,0,,,,,
Kingsbrook MHC,Kingsbrook 782AM,,0,0,,,,,
Kingsbrook MHC,Kingsbrook 779AM,,0,0,,,,,
Kingsbrook MHC,Kingsbrook 777SU,,0,0,,,,,
Kingsbrook MHC,Kingsbrook 777AS,,0,0,,,,,
Kingsbrook MHC,Kingsbrook 775FA,,0,0,,,,,
Kingsbrook MHC,Kingsbrook 774FA,,0,0,,,,,
Kingsbrook MHC,Kingsbrook 773AS,,0,0,,,,,
Kingsbrook MHC,Kingsbrook 770EL,,0,0,,,,,
Kingsbrook MHC,Kingsbrook 766SU,,0,0,,,,,
Kingsbrook MHC,Kingsbrook 764FA,,0,0,,,,,
Kingsbrook MHC,Kingsbrook 763AS,,0,0,,,,,
Kingsbrook MHC,Kingsbrook 761SU,,0,0,,,,,
Kingsbrook MHC,Kingsbrook 758EL,,0,0,,,,,
Kingsbrook MHC,Kingsbrook 755FA,,0,0,,,,,
Kingsbrook MHC,Kingsbrook 751FA,,0,0,,,,,
Kingsbrook MHC,Kingsbrook 747EL,,0,0,,,,,
Kingsbrook MHC,Kingsbrook 747AS,,0,0,,,,,
Kingsbrook MHC,Kingsbrook 746EL,,0,0,,,,,
Kingsbrook MHC,Kingsbrook 745FA,,0,0,,,,,
Kingsbrook MHC,Kingbrook 744AS,,0,0,,,,,
Kingsbrook MHC,Kingsbrook 741EL,,0,0,,,,,
Kingsbrook MHC,Kingsbrook 723EL,,0,0,,,,,
Kingsbrook MHC,Kingsbrook 718EL,,0,0,,,,,
Kingsbrook MHC,Kingsbrook 715EL,,0,0,,,,,
Kingsbrook MHC,Kingsbrook 712AS,,0,0,,,,,
Kingsbrook MHC,Kingsbrook 705GR,,0,0,,,,,
Kingsbrook MHC,Kingsbrook 700MI,,0,0,,,,,
Kingsbrook MHC,Kingsbrook 686AS,,0,0,,,,,
Kingsbrook MHC,Kingsbrook 682AS,,0,0,,,,,
Kingsbrook MHC,Kingsbrook 678EL,,0,0,,,,,
Kingsbrook MHC,Kingsbrook 678AS,,0,0,,,,,
Kingsbrook MHC,Kingsbrook 676MI,,0,0,,,,,
Kingsbrook MHC,Kingsbrook 670EL,,0,0,,,,,
Kingsbrook MHC,Kingsbrook 660AS,,0,0,,,,,
Kingsbrook MHC,Kingsbrook 643EL,,0,0,,,,,
Kingsbrook MHC,Kingsbrook 640MI,,0,0,,,,,
Kingsbrook MHC,Kingsbrook 636AS,,0,0,,,,,
Kingsbrook MHC,Kingsbrook 616FE,,0,0,,,,,
Kingsbrook MHC,Kingsbrook 613FE,,0,0,,,,,
Kingsbrook MHC,Kingsbrook 609FE,,0,0,,,,,
Kingsbrook MHC,Kingsbrook 605FE,,0,0,,,,,
Kingsbrook MHC,Kingsbrook 603FE,,0,0,,,,,
Kingsbrook MHC,Kingsbrook 506ED,,0,0,,,,,
Kingsbrook MHC,Kingsbrook 505ED,,0,0,,,,,
Kingsbrook MHC,Kingsbrook 504ED,,0,0,,,,,
Kingsbrook MHC,Kingsbrook 408DO,,0,0,,,,,
Kingsbrook MHC,Kingsbrook 404DO,,0,0,,,,,
Kingsbrook MHC,Kingsbrook 3213W,,0,0,,,,,
Kingsbrook MHC,Kingsbrook 3211W,,0,0,,,,,
Kingsbrook MHC,Kingsbrook 311CA,,0,0,,,,,
Kingsbrook MHC,Kingsbrook 310CA,,0,0,,,,,
Kingsbrook MHC,Kingsbrook 309CA,,0,0,,,,,
Kingsbrook MHC,Kingsbrook 307CA,,0,0,,,,,
Kingsbrook MHC,Kingsbrook 2808V,,0,0,,,,,
Kingsbrook MHC,Kingsbrook 2804V,,0,0,,,,,
Kingsbrook MHC,Kingsbrook 123AB,,0,0,,,,,
Kingsbrook MHC,Kingsbrook 116AB,,0,0,,,,,
Kingsbrook MHC,Kingsbrook 115AB,,0,0,,,,,
Kingsbrook MHC,Kingsbrook 111AB,,0,0,,,,,
Kingsbrook MHC,Kingsbrook 110AB,,0,0,,,,,
Kingsbrook MHC,Device 72390873,16131,6,0,6,-108.0,3908.373,3968.254,59.88099999999986
Kingsbrook MHC,Device 72388984,,0,0,,,,,
Kingsbrook MHC,Device 72386897,16131,7,0,6,-103.0,9303.155,9422.159,119.003999999999
Kingsbrook MHC,Device 72392804,16131,7,0,7,-116.0,22466.846,23318.467,851.6209999999992
Kingsbrook MHC,Device 72386913,16185,10,0,6,-105.0,16848.863,17799.68,950.8169999999991
Kingsbrook MHC,Device 72390808,16131,7,0,2,-111.0,9748.061,9749.737,1.6759999999994761
Kingsbrook MHC,Device 72392218,16131,7,0,7,-112.0,11817.645,12062.658,245.012999999999
Kingsbrook MHC,Device 70262934,16131,7,0,7,-101.0,20903.025,21219.85,316.8249999999971
Kingsbrook MHC,Device 72385477,16185,7,0,0,-96.0,10151.153,10151.153,0.0
Kingsbrook MHC,Device 72380882,16131,7,0,6,-114.0,8195.865,8460.411,264.5460000000003
Kingsbrook MHC,Device 70261126,16131,7,0,7,-111.0,15579.504,16179.065,599.5609999999997
Kingsbrook MHC,Device 70264666,16131,7,0,7,-117.0,3147.874,3226.803,78.92900000000009
Kingsbrook MHC,Device 70270606,16022,7,0,0,-115.0,6546.294,6546.294,0.0
Kingsbrook MHC,Device 70270705,16131,6,0,1,-119.0,8873.988,8876.364,2.3760000000002037
Kingsbrook MHC,Device 70267198,,0,0,,,,,
Kingsbrook MHC,Device 70262058,16131,7,0,7,-124.0,9101.372,9352.819,251.44700000000012
Kingsbrook MHC,Device 70259484,16131,7,0,7,-118.0,9910.274,10326.509,416.2350000000006
Kingsbrook MHC,Device 70270366,16131,7,0,7,-116.0,3519.731,3662.159,142.42799999999988
Kingsbrook MHC,Device 70265044,16022,7,0,7,-119.0,16505.313,16704.482,199.1690000000017
Kingsbrook MHC,Device 70259633,16131,7,0,7,-121.0,37074.293,37746.785,672.4920000000056
Kingsbrook MHC,Device 70260011,17037,5,0,4,-122.0,26900.928,27203.514,302.58599999999933
Kingsbrook MHC,Device 70267388,,0,0,,,,,
Kingsbrook MHC,Device 70271034,16131,7,0,7,-113.0,46767.039,47627.828,860.7890000000043
Kingsbrook MHC,Device 70259435,16131,7,0,7,-115.0,44496.934,45582.398,1085.464
Kingsbrook MHC,Device 70264161,16131,7,0,7,-112.0,25148.932,25652.809,503.8770000000004
Kingsbrook MHC,Device 70260342,16131,63,0,0,-119.0,69316.211,70358.18,1041.9689999999973
Kingsbrook MHC,Device 70267719,16022,7,0,7,-111.0,28898.639,29407.549,508.90999999999985
Kingsbrook MHC,Device 70268030,16131,7,0,7,-113.0,261946.719,262601.531,654.8120000000054
Kingsbrook MHC,Device 77059980,16131,7,0,7,-120.0,34149.277,34698.395,549.1179999999949
Kingsbrook MHC,Device 70260375,16022,7,0,6,-122.0,37687.961,38046.969,359.00799999999435
Kingsbrook MHC,Device 70267479,16131,7,0,7,-116.0,33454.172,33754.277,300.1050000000032
Kingsbrook MHC,Device 70268204,16022,7,0,7,-119.0,17462.873,17531.762,68.88899999999921
Kingsbrook MHC,Device 70270945,16131,7,0,7,-114.0,64796.535,66004.898,1208.3629999999976
Kingsbrook MHC,Device 70265192,16131,7,0,7,-115.0,43373.074,43807.824,434.75
Kingsbrook MHC,Device 70265119,16131,7,0,0,-111.0,18695.248,18695.248,0.0
Kingsbrook MHC,Device 70260714,16131,7,0,7,-110.0,3947.318,4140.288,192.96999999999935
Kingsbrook MHC,Device 77056895,16131,7,0,7,-113.0,69365.039,69798.352,433.31299999999464
Kingsbrook MHC,Device 70258973,16131,7,0,7,-119.0,23641.49,23839.754,198.2639999999992
Kingsbrook MHC,Device 70263718,16131,7,0,2,-122.0,35759.137,37452.066,1692.9289999999964
Kingsbrook MHC,Device 70264278,,0,0,,,,,
Kingsbrook MHC,Device 77059170,16131,5,0,0,-124.0,14130.344,14247.122,116.77800000000025
Kingsbrook MHC,Device 70267339,16131,7,0,7,-112.0,47340.102,47602.238,262.1359999999986
Kingsbrook MHC,Device 70261647,16131,6,0,7,-120.0,11724.706,12075.162,350.45600000000013
Kingsbrook MHC,Device 70265143,16131,7,0,7,-108.0,34008.484,35328.793,1320.309000000001
Kingsbrook MHC,Device 70273410,16131,7,0,7,-123.0,52664.266,53181.492,517.2259999999951
Kingsbrook MHC,Device 70258726,16131,5,0,4,-125.0,56931.289,57354.813,423.5240000000049
Kingsbrook MHC,Device 70263866,16131,7,0,7,-117.0,68670.352,69967.898,1297.546000000002
Kingsbrook MHC,Device 77059295,16022,7,0,7,-117.0,14700.681,14734.268,33.586999999999534
Kingsbrook MHC,Device 70263379,16131,7,0,7,-121.0,13769.929,14469.313,699.384
Kingsbrook MHC,Device 77054023,,0,0,,,,,
Kingsbrook MHC,Device 77054254,16131,7,0,6,-113.0,17548.09,18136.791,588.7010000000009
Kingsbrook MHC,Device 77053330,16131,7,0,7,-109.0,31513.602,32116.51,602.9079999999994
Kingsbrook MHC,Device 77053520,16131,7,0,7,-119.0,43839.688,45397.16,1557.4720000000016
Kingsbrook MHC,Device 77058503,16131,8,0,7,-113.0,26957.979,27137.441,179.46199999999953
Kingsbrook MHC,Device 77056705,16131,7,0,4,-113.0,39331.426,39331.426,0.0
Kingsbrook MHC,Device 77058461,16131,7,0,7,-118.0,95062.688,95931.781,869.093000000008
Kingsbrook MHC,Device 77058438,16022,7,0,7,-113.0,55117.008,55487.137,370.1290000000008
Kingsbrook MHC,Device 77059881,16131,7,0,7,-114.0,40226.379,40683.5,457.1209999999992
Kingsbrook MHC,Device 77053249,16131,7,0,7,-115.0,32585.926,33064.285,478.359000000004
Kingsbrook MHC,Device 77056119,16131,7,0,7,-118.0,12931.562,13103.876,172.3140000000003
Kingsbrook MHC,Device 77060186,16131,7,0,7,-103.0,22801.361,23222.047,420.6859999999979
Kingsbrook MHC,Device 77041665,16131,7,0,0,-112.0,8318.0,8318.0,0.0
Kingsbrook MHC,Device 77053165,16131,7,0,7,-116.0,12070.237,12216.581,146.34400000000096
Kingsbrook MHC,Device 77054544,16131,7,0,7,-111.0,78989.445,80011.695,1022.25
Kingsbrook MHC,Device 77029082,16131,7,0,1,-110.0,15912.969,15914.845,1.8760000000002037
Kingsbrook MHC,Device 77054197,16131,7,0,7,-108.0,56423.207,57147.199,723.9919999999984
Kingsbrook MHC,Device 77056572,,0,0,,,,,
Kingsbrook MHC,Device 77036954,16131,7,0,7,-105.0,12499.782,12942.125,442.34300000000076
Kingsbrook MHC,Device 77061028,16131,7,0,7,-117.0,14490.401,14676.444,186.04299999999967
Kingsbrook MHC,Device 77060335,,0,0,,,,,
Kingsbrook MHC,Device 77029140,16131,7,0,7,-120.0,64328.273,64412.168,83.8949999999968
Kingsbrook MHC,Device 77056655,16131,7,0,7,-110.0,106555.531,108007.0,1451.4689999999973
Kingsbrook MHC,Device 77061333,16131,7,0,7,-111.0,66735.625,67719.516,983.8910000000033
Kingsbrook MHC,Device 77060210,16131,7,0,7,-109.0,47569.461,48611.379,1041.9179999999978
Kingsbrook MHC,Device 77055293,16131,7,0,7,-116.0,43890.328,44510.613,620.2849999999962
Kingsbrook MHC,Device 77055954,,0,0,,,,,
Kingsbrook MHC,Device 68618758,16131,7,0,7,-113.0,55055.945,55738.145,682.1999999999971
Kingsbrook MHC,Device 77060285,16131,7,0,0,-123.0,11013.476,11013.476,0.0
Kingsbrook MHC,Device 65827340,17037,7,0,7,-111.0,33993.309,34325.121,331.8119999999981
Kingsbrook MHC,Device 77055632,16131,7,0,7,-113.0,17403.258,17765.611,362.35299999999916
Kingsbrook MHC,Device 77055996,,0,0,,,,,
Kingsbrook MHC,Device 77054346,16022,7,0,7,-114.0,35802.508,36165.711,363.20300000000134
Kingsbrook MHC,Device 77057091,16131,7,0,7,-106.0,61022.77,62087.113,1064.3430000000008
Kingsbrook MHC,Device 77053983,16185,7,0,6,-108.0,37764.797,38257.551,492.7540000000008
Kingsbrook MHC,Device 77054098,,0,0,,,,,
Kingsbrook MHC,Device 77054296,16131,7,0,4,-115.0,43130.395,43648.047,517.6520000000019
Kingsbrook MHC,Device 77057695,16131,7,0,7,-118.0,45207.855,45965.84,757.9849999999933
Kingsbrook MHC,Device 65824008,16131,7,0,7,-120.0,18422.941,18729.318,306.3770000000004
Kingsbrook MHC,Device 65825229,,0,0,,,,,
Kingsbrook MHC,Device 77028803,16131,7,0,7,-116.0,50859.207,51207.188,347.98099999999977
Kingsbrook MHC,Device 65822051,16131,7,0,7,-110.0,21999.023,22322.256,323.2330000000002
Kingsbrook MHC,Device 77036632,16131,7,0,6,-111.0,20302.752,20539.623,236.87099999999919
Kingsbrook MHC,Device 77028852,16131,7,0,7,-108.0,22093.053,22341.703,248.65000000000146
Kingsbrook MHC,Device 77060277,16022,7,0,7,-122.0,37445.887,37793.469,347.5819999999949
Kingsbrook MHC,Device 77056218,16131,7,0,7,-109.0,25153.863,25861.447,707.5839999999989
Kingsbrook MHC,Device 77061341,16131,7,0,7,-111.0,70121.242,70657.969,536.726999999999
Kingsbrook MHC,Device 77028886,16131,7,0,7,-108.0,25949.529,26462.244,512.7150000000001
Kingsbrook MHC,Device 77055426,16131,7,0,7,-108.0,37073.48,37614.289,540.8089999999938
Kingsbrook MHC,Device 77061887,16131,7,0,7,-121.0,32606.992,32921.789,314.79699999999866
Kingsbrook MHC,Device 77042226,16131,7,0,7,-113.0,21366.801,21585.607,218.8060000000005
Kingsbrook MHC,Device 77055111,16131,7,0,7,-108.0,29853.375,30261.051,407.6759999999995
Kingsbrook MHC,Device 77041749,16131,3,0,0,-126.0,72952.805,73001.445,48.64000000001397
Kingsbrook MHC,Device 77060442,16131,7,0,7,-118.0,42947.762,43435.859,488.0969999999943
Kingsbrook MHC,Device 77056606,16185,8,0,7,-117.0,21852.508,22299.176,446.66799999999785
Kingsbrook MHC,Device 65826433,16185,7,0,7,-104.0,59508.023,61015.012,1506.9890000000014
Kingsbrook MHC,Device 77055244,16131,7,0,0,-110.0,43524.16,43524.16,0.0
Kingsbrook MHC,Device 77060095,16022,7,0,7,-115.0,17329.518,17519.406,189.887999999999
Kingsbrook MHC,Device 77058537,16131,7,0,4,-113.0,42739.77,43791.57,1051.800000000003
Kingsbrook MHC,Device 77055392,,0,0,,,,,
Kingsbrook MHC,Device 77028506,16185,7,0,6,-112.0,48823.211,49125.402,302.1909999999989
Kingsbrook MHC,Device 77055749,16131,7,0,7,-119.0,22112.834,22492.723,379.88900000000285
Kingsbrook MHC,Device 65824677,,0,0,,,,,
Kingsbrook MHC,Device 77058669,16131,7,0,7,-116.0,24365.629,24915.254,549.625
Kingsbrook MHC,Device 77057661,16022,7,0,7,-110.0,95942.508,97817.125,1874.6169999999984
Kingsbrook MHC,Device 77057240,16131,4,0,2,-126.0,19494.834,19890.064,395.22999999999956
Kingsbrook MHC,Device 77061416,16131,2,0,3,-123.0,12436.137,12440.09,3.95299999999952
Kingsbrook MHC,Device 65826425,16131,3,0,0,-123.0,6606.996,6739.383,132.38699999999972
Kingsbrook MHC,Device 77057950,16131,7,0,3,-117.0,11220.615,11327.78,107.16500000000087
Kingsbrook MHC,Device 77055772,16131,7,0,7,-117.0,14616.522,15258.792,642.2699999999986
Kingsbrook MHC,Device 65824750,16022,7,0,7,-108.0,19987.615,20607.211,619.5959999999977
Kingsbrook MHC,Device 65821996,16131,6,0,6,-112.0,28389.984,28867.404,477.41999999999825
Kingsbrook MHC,Device 65830237,16022,7,0,4,-113.0,42269.734,42284.445,14.711000000002969
Kingsbrook MHC,Device 65828785,16131,7,0,7,-109.0,9217.211,9646.422,429.21100000000115
Kingsbrook MHC,Device 65825310,16131,7,0,0,-101.0,536.819,536.819,0.0
Kingsbrook MHC,Device 65829023,16131,7,0,7,-113.0,6864.804,7150.46,285.65599999999995
Kingsbrook MHC,Device 65831045,16131,7,0,7,-112.0,17420.551,18243.479,822.9279999999999
Kingsbrook MHC,Device 65828496,16131,2,0,0,-122.0,4696.039,4708.664,12.625
Kingsbrook MHC,Device 65830435,16185,2,0,1,-118.0,529194.0,529194.25,0.25
Kingsbrook MHC,Device 65828074,16131,7,0,7,-111.0,28979.045,29213.443,234.39800000000105
Kingsbrook MHC,Device 65823976,,0,0,,,,,
Ponderosa MHC,Device 75363984,17037,6,1,3,-117.0,11083.39,11713.977,630.5870000000014
Ponderosa MHC,Device 75360063,17037,6,0,4,-117.0,2238.735,2452.064,213.32899999999972
Ponderosa MHC,Device 75373967,17037,7,0,7,-110.0,5154877.0,5155945.5,1068.5
Ponderosa MHC,Device 72719505,17037,7,0,7,-117.0,4689.702,4778.766,89.0639999999994
Ponderosa MHC,Device 72718341,17037,7,0,2,-106.0,20619.016,20619.354,0.33799999999973807
Ponderosa MHC,Device 72721659,17037,7,0,3,-118.0,8195.871,8980.731,784.8600000000006
Ponderosa MHC,Device 72716733,17037,8,1,7,-117.0,12824.878,14106.573,1281.6949999999997
Ponderosa MHC,Device 72385626,17037,7,0,7,-106.0,6192.904,6748.077,555.1729999999998
Ponderosa MHC,Device 72382649,17037,7,0,7,-101.0,53161.246,55386.867,2225.620999999999
Ponderosa MHC,Device 72385204,17037,7,0,7,-107.0,28422.201,28498.049,75.84799999999814
Ponderosa MHC,Device 72378183,17037,12,1,2,-109.0,15710.077,15710.0,-0.07699999999931606
Ponderosa MHC,Device 72385238,17037,7,0,7,-104.0,14542.09,14835.044,292.9539999999997
Ponderosa MHC,Device 70269541,17037,7,0,7,-106.0,18744.688,19843.783,1099.0950000000012
Ponderosa MHC,Device 72386921,17037,7,0,7,-98.0,8863.518,9794.977,931.4590000000007
Ponderosa MHC,Device 72386095,17037,7,0,7,-113.0,26040.855,26468.604,427.7489999999998
Ponderosa MHC,Device 72380767,17037,7,1,0,-128.0,14218.051,14636.581,418.53000000000065
Ponderosa MHC,Device 72392168,17037,7,0,7,-116.0,30683.854,31645.02,961.1660000000011
Ponderosa MHC,Device 70262819,,0,0,,,,,
Ponderosa MHC,Device 72390113,17037,7,0,7,-96.0,18762.982,19235.49,472.50800000000163
Ponderosa MHC,Device 72389016,17037,6,0,6,-110.0,37188.219,37658.098,469.8790000000008
Ponderosa MHC,Device 72388687,17037,9,0,4,-122.0,34568.484,38721.992,4153.508000000002
Ponderosa MHC,Device 72378605,17037,44,0,0,-117.0,48584.0,48584.0,0.0
Ponderosa MHC,Device 72388356,17037,11,0,0,-109.0,5408.0,5408.0,0.0
Ponderosa MHC,Device 70263619,17037,7,0,4,-111.0,9108.304,9529.478,421.17399999999907
Ponderosa MHC,Device 72378209,17037,4,0,0,-124.0,36233.621,37228.883,995.2620000000024
Ponderosa MHC,Device 72388125,17037,9,0,6,-103.0,26880.33,28303.758,1423.4279999999999
Ponderosa MHC,Device 70263882,17037,7,0,0,-111.0,97295.0,97295.0,0.0
Ponderosa MHC,Device 72384934,,0,0,,,,,
Ponderosa MHC,Device 72389933,17037,7,0,7,-109.0,15101.206,15211.723,110.51699999999983
Ponderosa MHC,Device 72392853,17037,9,0,0,-108.0,2026.0,2026.0,0.0
Ponderosa MHC,Device 72385501,17037,9,0,7,-105.0,43456.555,44539.305,1082.75
Ponderosa MHC,Device 72385543,17037,6,0,7,-107.0,18001.73,18152.969,151.2390000000014
Ponderosa MHC,Device 72384827,17037,8,0,0,-119.0,0.0,0.0,0.0
Ponderosa MHC,Device 72384785,17037,7,0,7,-105.0,39476.383,40583.441,1107.0579999999973
Ponderosa MHC,Device 72390238,17037,5,0,2,-124.0,4371.462,4479.057,107.59499999999935
Ponderosa MHC,Device 72390980,17037,7,0,7,-109.0,31073.082,32094.01,1020.9279999999999
Ponderosa MHC,Device 72385337,17037,8,0,0,-106.0,4933.0,4933.0,0.0
Ponderosa MHC,Device 72382896,17037,7,0,0,-118.0,78601.211,79777.828,1176.6169999999984
Ponderosa MHC,Device 72381005,17037,7,0,7,-105.0,24402.049,25859.572,1457.523000000001
Ponderosa MHC,Device 72380361,17037,8,0,0,-115.0,23711.0,23711.0,0.0
Ponderosa MHC,Device 72383175,17037,6,0,0,-123.0,46050.0,46050.0,0.0
Ponderosa MHC,Device 70269475,17037,7,0,7,-110.0,19490.271,20667.275,1177.0040000000008
Ponderosa MHC,Device 72378274,17037,5,0,0,-106.0,116744.875,116744.875,0.0
Ponderosa MHC,Device 70269616,17037,9,0,0,-112.0,96077.0,96077.0,0.0
Ponderosa MHC,Device 72382722,17037,9,0,7,-97.0,210208.109,213587.359,3379.25
Ponderosa MHC,Device 72390931,17037,11,0,7,-110.0,26606.586,28121.715,1515.1290000000008
Ponderosa MHC,Device 72380965,17037,8,0,0,-106.0,36328.0,36328.0,0.0
Ponderosa MHC,Device 72390352,17037,7,0,5,-103.0,17660.514,17662.162,1.6480000000010477
Ponderosa MHC,Device 72392721,17037,7,0,7,-102.0,20624.793,20937.051,312.257999999998
Ponderosa MHC,Device 72380908,17037,18,0,0,-107.0,50525.0,50525.0,0.0
Ponderosa MHC,Device 72389768,17037,2,0,0,-99.0,26944.0,26944.0,0.0
Ponderosa MHC,Device 72383456,17037,7,0,7,-111.0,4890.2,4978.539,88.33899999999994
Ponderosa MHC,Device 72389537,17037,7,0,5,-103.0,24514.709,24953.588,438.8790000000008
Ponderosa MHC,Device 72385972,17037,4,0,0,-120.0,26114.0,26114.0,0.0
Ponderosa MHC,Device 72388190,17037,7,0,7,-108.0,19337.57,19407.49,69.92000000000189
Ponderosa MHC,Device 72389404,17037,11,0,0,-121.0,9450.0,9450.0,0.0
Ponderosa MHC,Device 72389388,16185,3,1,0,-120.0,23693.287,23765.191,71.90399999999863
Ponderosa MHC,Device 65822721,17037,6,0,7,-113.0,8497.781,9225.237,727.4559999999983
Ponderosa MHC,Device 65830807,16185,3,0,0,-122.0,105498.0,105498.0,0.0
Ponderosa MHC,Device 65829684,17037,7,0,7,-102.0,60828.93,61817.48,988.5500000000029
The Oaks MHC,Device 75369247,16131,7,0,6,-101.0,44210.973,44414.379,203.40600000000268
The Oaks MHC,Device 75362929,16131,6,0,6,-111.0,456.186,514.781,58.59499999999997
The Oaks MHC,Device 79465512,16131,6,0,6,-107.0,8146.485,8500.201,353.71599999999944
The Oaks MHC,Device 72381658,16131,6,0,7,-108.0,11851.431,12595.283,743.851999999999
The Oaks MHC,Device 72389081,16131,6,0,7,-110.0,3462.632,3826.784,364.15200000000004
The Oaks MHC,Device 72391012,16131,6,0,5,-94.0,21238.857,22248.684,1009.8270000000011
The Oaks MHC,Device 70269228,16131,7,0,7,-99.0,5208.345,6010.394,802.049
The Oaks MHC,Device 72392358,16131,7,0,7,-99.0,17615.373,18179.637,564.2639999999992
The Oaks MHC,Device 70263700,16131,7,0,7,-88.0,1806.321,1897.84,91.519
The Oaks MHC,Device 70260078,16131,7,0,7,-101.0,20645.844,21534.424,888.5799999999981
The Oaks MHC,Device 70261118,16131,7,0,7,-103.0,14412.81,15090.854,678.0439999999999
The Oaks MHC,Device 70273295,16131,7,0,7,-94.0,5333.206,5661.972,328.7659999999996
The Oaks MHC,Device 70266216,16131,7,0,7,-95.0,30385.063,31316.35,931.2870000000003
The Oaks MHC,Device 70270150,16131,7,0,7,-92.0,6297.751,6857.314,559.5630000000001
The Oaks MHC,Device 70270143,16131,9,0,7,-100.0,16114.417,17762.984,1648.567000000001
The Oaks MHC,Device 70261928,16131,7,0,7,-96.0,7124.634,7864.408,739.7740000000003
The Oaks MHC,Device 77053868,16131,7,0,7,-107.0,37277.594,38353.203,1075.609000000004
The Oaks MHC,Device 77055145,16131,7,0,7,-101.0,2780.881,2861.738,80.85699999999997
The Oaks MHC,Device 77055277,16131,7,0,6,-101.0,7543.884,7898.611,354.72699999999986
The Oaks MHC,Device 77041913,16131,7,0,7,-101.0,2458311.25,2458874.75,563.5
The Oaks MHC,Device 77061036,16131,7,0,7,-92.0,11359.281,11811.271,451.9899999999998
The Oaks MHC,Device 77042234,16131,7,0,7,-88.0,7980.628,8318.213,337.58500000000004
The Oaks MHC,Device 77053835,16131,7,0,7,-104.0,20949.082,20986.693,37.611000000000786
The Oaks MHC,Device 77057596,16131,7,0,7,-97.0,17460.969,18420.393,959.4239999999991
The Oaks MHC,Device 77058057,16131,7,0,7,-110.0,12166.467,12835.115,668.6479999999992
The Oaks MHC,Device 77056341,16185,7,0,7,-102.0,16777216.0,16777216.0,0.0
The Oaks MHC,Device 77056630,16131,7,0,7,-96.0,60147.098,60846.809,699.711000000003
The Oaks MHC,Device 65828165,16131,7,0,7,-109.0,23339.799,24490.129,1150.3300000000017
The Oaks MHC,Device 65830245,16131,7,0,0,-103.0,89.799,89.799,0.0
The Oaks MHC,Device 65826318,16131,7,0,7,-92.0,13041.964,13420.935,378.97099999999955
The Oaks MHC,Device 65827712,16131,7,0,5,-97.0,13430.666,13430.666,0.0
The Oaks MHC,Device 65828132,16131,7,0,7,-97.0,9722.238,10178.155,455.9170000000013
The Oaks MHC,Device 65828645,16131,7,0,7,-91.0,77763.0,78541.539,778.5390000000043
The Oaks MHC,Device 65830427,16131,7,0,7,-106.0,105464.703,106414.383,949.6800000000076
The Oaks MHC,Device 65825799,16131,14,0,7,-95.0,57556.742,57556.742,0.0
The Oaks MHC,Device 65828777,16131,7,0,7,-102.0,3827.588,3960.579,132.99099999999999
The Oaks MHC,Device 65831474,16131,7,0,7,-105.0,39483.691,39983.375,499.6840000000011
The Oaks MHC,Device 65825088,16131,7,0,7,-96.0,3232.153,3340.838,108.6850000000004
The Oaks MHC,Device 65824289,16131,7,0,7,-109.0,33857.699,34212.594,354.8949999999968
The Oaks MHC,Device 65822127,16131,7,0,7,-115.0,17317.193,17708.371,391.1779999999999
The Oaks MHC,Device 65822192,16131,7,0,7,-106.0,172321.578,173033.719,712.1410000000033
Scottsdale MHP,Device 2068608890,10706,0,0,,,0.0,0.0,0.0
Scottsdale MHP,Device 2068587912,10693,0,0,,,64959.0,64959.0,0.0
Scottsdale MHP,Device 2068574423,10671,0,0,,,18671.0,18671.0,0.0
Scottsdale MHP,Device 2068608379,10671,0,0,,,161706.0,161706.0,0.0
Scottsdale MHP,Device 2068593076,10671,0,0,,,4699.0,4699.0,0.0
Scottsdale MHP,Device 2068606944,10703,0,0,,,1738.0,1738.0,0.0
Scottsdale MHP,Device 2068597259,10671,0,0,,,35615.0,35615.0,0.0
Scottsdale MHP,Device 2068606274,10706,0,0,,,3454.0,3454.0,0.0
Scottsdale MHP,Device 2068607777,,0,0,,,,,
Scottsdale MHP,Device 2068605565,10671,0,0,,,53548.0,53548.0,0.0
Scottsdale MHP,Device 2068603933,10706,50,0,0,-83.0,3377.0,3377.0,0.0
Scottsdale MHP,Device 2068605839,10706,2,0,0,-81.0,0.0,0.0,0.0
Scottsdale MHP,Device 2068608148,10671,0,0,,,112094.0,112094.0,0.0
Scottsdale MHP,Device 2068606597,10671,0,0,,,134.0,134.0,0.0
Scottsdale MHP,Device 2068608296,10706,0,0,,,58601.0,58601.0,0.0
Scottsdale MHP,Device 2068582715,10671,0,0,,,50402.0,50402.0,0.0
Scottsdale MHP,Device 2068614385,10706,0,0,,,21450.0,21450.0,0.0
Scottsdale MHP,Device 2068583929,10671,0,0,,,25196.0,25196.0,0.0
Scottsdale MHP,Device 2068608213,10671,0,0,,,13295.0,13295.0,0.0
Scottsdale MHP,Device 2068608031,,0,0,,,,,
Scottsdale MHP,Device 2068605714,10706,0,0,,,0.0,0.0,0.0
Scottsdale MHP,Device 2068608403,10706,0,0,,,0.0,0.0,0.0
Scottsdale MHP,Device 2068587995,,0,0,,,,,
Scottsdale MHP,Device 2068608700,10706,0,0,,,0.0,0.0,0.0
Scottsdale MHP,Device 2068608114,10671,2,0,0,-60.0,17581.0,17581.0,0.0
Scottsdale MHP,Device 2068614591,10706,0,0,,,0.0,0.0,0.0
Scottsdale MHP,Device 2068608957,10671,0,0,,,16378.0,16378.0,0.0
Scottsdale MHP,Device 2068606662,10671,0,0,,,12223.0,12223.0,0.0
Scottsdale MHP,Device 2068608619,10706,0,0,,,2912.0,2912.0,0.0
Scottsdale MHP,Device 2068605094,10671,0,0,,,1686.0,1686.0,0.0
Scottsdale MHP,Device 2068606761,10671,0,0,,,13335.0,13335.0,0.0
Scottsdale MHP,Device 2068574449,10671,0,0,,,80308.0,80308.0,0.0
Scottsdale MHP,Device 2068588480,,0,0,,,,,
Scottsdale MHP,Device 2068584042,10671,0,0,,,8497.0,8497.0,0.0
Scottsdale MHP,Device 2068608825,10706,0,0,,,25.0,25.0,0.0
Scottsdale MHP,Device 2068607553,10706,0,0,,,0.0,0.0,0.0
Scottsdale MHP,Device 2068608569,10671,0,0,,,192767.0,192767.0,0.0
Scottsdale MHP,Device 2068607033,10706,0,0,,,265.0,265.0,0.0
Scottsdale MHP,Device 2068607454,10706,0,0,,,0.0,0.0,0.0
Scottsdale MHP,Device 2068605623,10706,0,0,,,34917.0,34917.0,0.0
Scottsdale MHP,Device 2068606985,10706,0,0,,,57981.0,57981.0,0.0
Scottsdale MHP,Device 2068599925,10706,0,0,,,0.0,0.0,0.0
Scottsdale MHP,Device 2068603974,10671,1,0,0,-86.0,11430.0,11430.0,0.0
Scottsdale MHP,Device 2068602406,10671,0,0,,,15470.0,15470.0,0.0
Scottsdale MHP,Device 2068604006,10703,0,0,,,385.0,385.0,0.0
Scottsdale MHP,Device 2068608601,10671,0,0,,,16809.0,16809.0,0.0
Scottsdale MHP,Device 2068599594,10706,0,0,,,985.0,985.0,0.0
Scottsdale MHP,Device 2068607371,10671,0,0,,,10945.0,10945.0,0.0
Scottsdale MHP,Device 2068599305,10706,0,0,,,11332.0,11332.0,0.0
Scottsdale MHP,Device 2068574571,10706,0,0,,,98167.0,98167.0,0.0
Scottsdale MHP,Device 2068606993,10706,0,0,,,1574.0,1574.0,0.0
Scottsdale MHP,Device 2068604063,10706,0,0,,,1.0,1.0,0.0
Scottsdale MHP,Device 2068608163,10671,0,0,,,10240.0,10240.0,0.0
Scottsdale MHP,Device 2068602539,10706,0,0,,,49130.0,49130.0,0.0
Scottsdale MHP,Device 2068602646,10706,0,0,,,0.0,0.0,0.0
Scottsdale MHP,Device 2068599677,10706,0,0,,,0.0,0.0,0.0
Scottsdale MHP,Device 2068597416,10671,0,0,,,104523.0,104523.0,0.0
Verandah MHC-Cust,Device 2041761896,10671,0,0,,,83995.0,83995.0,0.0
Verandah MHC-Cust,Device 2042740352,10671,0,0,,,95974.0,95974.0,0.0
Verandah MHC-Cust,Device 2049909836,10671,0,0,,,67658.0,67658.0,0.0
Verandah MHC-Cust,Device 2041742003,10706,0,0,,,123081.0,123081.0,0.0
Verandah MHC-Cust,Device 2049961662,10671,0,0,,,37880.0,37880.0,0.0
Verandah MHC-Cust,Device 2049962496,10671,0,0,,,164588.0,164588.0,0.0
Verandah MHC-Cust,Device 2041764130,10671,0,0,,,110049.0,110049.0,0.0
Verandah MHC-Cust,Device 2042730684,10671,0,0,,,32498.0,32498.0,0.0
Verandah MHC-Cust,Device 2042809868,10671,0,0,,,106639.0,106639.0,0.0
Verandah MHC-Cust,Device 2041759270,10671,0,0,,,32347.0,32347.0,0.0
Verandah MHC-Cust,Device 2041742201,10706,4,0,4,-67.0,158835.0,159834.0,999.0
Verandah MHC-Cust,Device 2042730817,10671,0,0,,,44567.0,44567.0,0.0
Verandah MHC-Cust,Device 2042809892,10671,0,0,,,55550.0,55550.0,0.0
Verandah MHC-Cust,Device 2042740303,10671,0,0,,,23510.0,23510.0,0.0
Verandah MHC-Cust,Device 2042736780,10671,0,0,,,40860.0,40860.0,0.0
Verandah MHC-Cust,Device 2042809744,10671,0,0,,,31022.0,31022.0,0.0
Verandah MHC-Cust,Device 2041739959,10671,0,0,,,46208.0,46208.0,0.0
Verandah MHC-Cust,Device 2041742672,10671,0,0,,,56225.0,56225.0,0.0
Verandah MHC-Cust,Device 2042729199,10671,2,0,4,-72.0,39148.0,39148.0,0.0
Verandah MHC-Cust,Device 2042740774,10671,0,0,,,60108.0,60108.0,0.0
Verandah MHC-Cust,Device 2041753752,10671,0,0,,,96881.0,96881.0,0.0
Verandah MHC-Cust,Device 2049907764,10671,0,0,,,55792.0,55792.0,0.0
Verandah MHC-Cust,Device 2049888220,10671,0,0,,,22966.0,22966.0,0.0
Verandah MHC-Cust,Device 2068586047,10671,0,0,,,28885.0,28885.0,0.0
Verandah MHC-Cust,Device 2049886067,10671,0,0,,,50479.0,50479.0,0.0
Verandah MHC-Cust,Device 2049924033,10706,0,0,,,51560.0,51560.0,0.0
Verandah MHC-Cust,Device 2049960995,10671,0,0,,,172038.0,172038.0,0.0
Verandah MHC-Cust,Device 2049962397,10671,0,0,,,51116.0,51116.0,0.0
Broken Arrow MHP,Device 75370971,16131,7,0,7,-106.0,6721.955,7219.962,498.0070000000005
Broken Arrow MHP,Device 75361921,16131,7,0,7,-117.0,3885.119,4087.834,202.7149999999997
Broken Arrow MHP,Device 75372787,16131,7,0,7,-116.0,8686.362,9066.566,380.20400000000154
Broken Arrow MHP,Device 79466700,17032,5,0,0,-110.0,197522.469,197799.406,276.93699999997625
Broken Arrow MHP,Device 75367670,17032,8,0,7,-107.0,73530.039,74711.695,1181.6560000000027
Broken Arrow MHP,Device 79462030,,0,0,,,,,
Broken Arrow MHP,Device 79468177,17040,6,0,2,-116.0,11290.0,11893.544,603.5439999999999
Broken Arrow MHP,Device 75374940,16131,6,0,7,-119.0,16482.766,17033.023,550.2570000000014
Broken Arrow MHP,Device 75366003,17037,8,0,7,-108.0,28977.16,30253.74,1276.5800000000017
Broken Arrow MHP,Device 79460794,17037,7,0,7,-110.0,36494.531,37357.223,862.6919999999955
Broken Arrow MHP,Device 75366615,17032,8,0,7,-107.0,55514.004,56347.863,833.8589999999967
Broken Arrow MHP,Device 75369577,16131,7,0,7,-101.0,11253.972,12214.747,960.7749999999996
Broken Arrow MHP,Device 79462675,,0,0,,,,,
Broken Arrow MHP,Device 75361822,16131,7,0,7,-93.0,27167.154,29042.184,1875.0300000000025
Broken Arrow MHP,Device 75367357,16131,11,0,0,-121.0,29859.648,32044.207,2184.5589999999975
Broken Arrow MHP,Device 75368272,17040,7,0,0,-106.0,36.0,36.0,0.0
Broken Arrow MHP,Device 75360972,17037,7,0,7,-97.0,42824.434,43582.465,758.0309999999954
Broken Arrow MHP,Device 75369346,16131,7,0,6,-101.0,627.543,656.077,28.533999999999992
Broken Arrow MHP,Device 75360899,16131,7,0,7,-114.0,7051.581,7477.265,425.6840000000002
Broken Arrow MHP,Device 79461669,16131,7,0,7,-106.0,17840.801,19216.439,1375.637999999999
Broken Arrow MHP,Device 79455802,,0,0,,,,,
Broken Arrow MHP,Device 75365435,16131,7,0,7,-124.0,9066.603,9450.943,384.34000000000015
Broken Arrow MHP,Device 70260128,16131,7,0,7,-115.0,18608.871,19487.459,878.5879999999997
Broken Arrow MHP,Device 70269897,17040,7,0,0,-108.0,61740.0,61740.0,0.0
Westview Mobile Estates MHC,Device 72378266,362,13,0,7,-113.0,7404.529,7520.751,116.22199999999975
Westview Mobile Estates MHC,Device 72385592,,0,0,,,,,
Westview Mobile Estates MHC,Device 70273600,17037,7,0,7,-107.0,68547.75,69160.273,612.523000000001
Westview Mobile Estates MHC,Device 72389750,17037,5,0,7,-108.0,14837.675,15255.591,417.9160000000011
Westview Mobile Estates MHC,Device 72382797,362,10,0,7,-97.0,6278.508,6418.525,140.01699999999983
Westview Mobile Estates MHC,Device 72389008,,0,0,,,,,
Westview Mobile Estates MHC,Device 72382425,362,10,0,7,-103.0,55815.965,56518.039,702.0740000000005
Westview Mobile Estates MHC,Device 72382698,362,11,0,6,-108.0,20010.301,20373.813,363.5119999999988
Westview Mobile Estates MHC,Device 72380122,362,7,0,1,-101.0,23587.686,23587.686,0.0
Westview Mobile Estates MHC,Device 70268659,16185,12,0,6,-105.0,52698.875,58604.656,5905.781000000003
Westview Mobile Estates MHC,Device 72388745,362,13,0,7,-109.0,10017.51,10198.72,181.20999999999913
Westview Mobile Estates MHC,Device 72388406,362,10,0,7,-106.0,10109.517,10311.234,201.71700000000055
Westview Mobile Estates MHC,Device 72389685,362,9,0,7,-118.0,13683.901,14124.142,440.241
Westview Mobile Estates MHC,Device 72378639,362,11,0,7,-112.0,29150.559,29720.865,570.3060000000005
Westview Mobile Estates MHC,Device 72386277,17037,7,0,7,-106.0,256161.188,258749.141,2587.9530000000086
Westview Mobile Estates MHC,Device 72391962,362,12,0,7,-117.0,26458.283,27031.656,573.3729999999996
Westview Mobile Estates MHC,Device 72393026,16185,7,0,7,-112.0,16519.781,16710.963,191.1820000000007
Westview Mobile Estates MHC,Device 72392622,17037,7,0,7,-116.0,19812.254,20102.449,290.1949999999997
Westview Mobile Estates MHC,Device 72379306,362,10,0,7,-102.0,11772.25,11937.157,164.90699999999924
Westview Mobile Estates MHC,Device 72382300,16185,7,0,6,-116.0,14725.033,14959.297,234.26400000000103
Westview Mobile Estates MHC,Device 72388869,16185,7,0,7,-107.0,37544.23,37599.492,55.26199999999517
Westview Mobile Estates MHC,Device 72385782,16185,7,0,7,-114.0,76543.594,77354.203,810.6089999999967
Westview Mobile Estates MHC,Device 72386103,362,10,0,7,-108.0,17511.045,17860.674,349.6290000000008
Westview Mobile Estates MHC,Device 72381591,,0,0,,,,,
Westview Mobile Estates MHC,Device 72389818,362,11,0,7,-122.0,14182.021,14358.188,176.16699999999946
Westview Mobile Estates MHC,Device 72389560,362,8,0,0,-116.0,14774.45,14774.45,0.0
Westview Mobile Estates MHC,Device 70265804,16185,7,0,7,-111.0,24043.365,24450.313,406.9479999999967
Westview Mobile Estates MHC,Device 72383688,362,8,0,7,-104.0,26554.316,26910.479,356.16300000000047
Westview Mobile Estates MHC,Device 72386400,362,11,0,7,-126.0,4047.123,4136.031,88.9079999999999
Westview Mobile Estates MHC,Device 72388182,362,8,0,7,-111.0,9228.005,9261.141,33.13600000000042
Westview Mobile Estates MHC,Device 72387937,362,11,0,7,-105.0,12355.691,12851.736,496.0450000000001
Westview Mobile Estates MHC,Device 72389651,362,9,0,7,-105.0,12232.274,12362.025,129.7510000000002
Westview Mobile Estates MHC,Device 72382987,16185,7,0,6,-104.0,20424.898,20707.844,282.9459999999999
Westview Mobile Estates MHC,Device 72392580,17037,7,0,7,-123.0,28362.627,28424.895,62.26800000000003
Westview Mobile Estates MHC,Device 72388794,362,11,0,7,-100.0,10605.002,10834.151,229.14899999999943
Westview Mobile Estates MHC,Device 72386129,17037,7,0,7,-105.0,87876.359,88304.109,427.75
Westview Mobile Estates MHC,Device 72386202,,0,0,,,,,
Westview Mobile Estates MHC,Device 72388380,362,9,0,7,-109.0,10503.063,10574.462,71.39899999999943
Westview Mobile Estates MHC,Device 72383514,362,11,0,7,-116.0,36869.336,37649.457,780.1209999999992
Westview Mobile Estates MHC,Device 72392341,,0,0,,,,,
Westview Mobile Estates MHC,Device 72390543,362,13,0,7,-113.0,38910.66,39635.402,724.7419999999984
Westview Mobile Estates MHC,Device 72389669,16185,7,0,7,-111.0,15447.998,15724.822,276.8240000000005
Westview Mobile Estates MHC,Device 72382557,362,11,0,7,-97.0,31053.123,31675.203,622.0800000000017
Westview Mobile Estates MHC,Device 72382615,16185,7,0,7,-113.0,41439.59,42299.273,859.6830000000045
Westview Mobile Estates MHC,Device 72386699,362,13,0,7,-108.0,21210.832,21659.779,448.9470000000001
Westview Mobile Estates MHC,Device 72392424,16185,7,0,7,-101.0,81431.063,82524.938,1093.875
Westview Mobile Estates MHC,Device 72389792,16185,7,0,7,-105.0,33262.242,34298.473,1036.2309999999998
Westview Mobile Estates MHC,Device 72389032,16185,7,0,7,-108.0,31224.844,31647.076,422.23199999999997
Westview Mobile Estates MHC,Device 72392663,362,10,0,7,-111.0,17368.551,17562.096,193.5450000000019
Westview Mobile Estates MHC,Device 72382532,,0,0,,,,,
Westview Mobile Estates MHC,Device 72388257,362,9,0,7,-100.0,28604.801,28885.662,280.8610000000008
Westview Mobile Estates MHC,Device 72383704,362,9,0,7,-121.0,13171.327,13307.037,135.71000000000095
Westview Mobile Estates MHC,Device 72381641,362,13,0,7,-108.0,92084.828,92413.75,328.92200000000594
Westview Mobile Estates MHC,Device 72388422,362,13,0,6,-107.0,7042.458,7222.57,180.11200000000008
Westview Mobile Estates MHC,Device 72388414,362,10,0,7,-114.0,9877.658,10162.812,285.15400000000045
Westview Mobile Estates MHC,Device 72388711,17037,6,0,7,-114.0,38196.551,38631.32,434.76900000000023
Westview Mobile Estates MHC,Device 72390402,,0,0,,,,,
Westview Mobile Estates MHC,Device 70258882,17037,7,0,4,-116.0,5037.423,5205.01,167.58700000000044
Westview Mobile Estates MHC,Device 72388828,17037,10,0,7,-116.0,24300.098,24972.68,672.5819999999985
Westview Mobile Estates MHC,Device 72378498,17037,10,0,7,-102.0,138286.625,148213.188,9926.562999999995
Westview Mobile Estates MHC,Device 72390618,17037,7,0,7,-106.0,9313.108,9490.604,177.49599999999919
Westview Mobile Estates MHC,Device 70269376,362,8,0,7,-106.0,6007.206,6283.963,276.7569999999996
Westview Mobile Estates MHC,Device 72386590,16185,7,0,5,-113.0,70739.805,70816.648,76.84300000000803
Westview Mobile Estates MHC,Device 72388935,362,12,0,7,-108.0,17262.135,17559.518,297.38300000000163
Westview Mobile Estates MHC,Device 72384801,362,12,0,7,-113.0,16645.986,17035.684,389.6980000000003
Westview Mobile Estates MHC,Device 72385683,,0,0,,,,,
Westview Mobile Estates MHC,Device 72386467,362,12,0,6,-104.0,12405.151,12662.821,257.6700000000001
Westview Mobile Estates MHC,Device 72380858,16185,7,0,5,-109.0,285667.688,286455.625,787.9369999999763
Westview Mobile Estates MHC,Device 72388430,362,11,0,7,-108.0,30799.244,31272.736,473.492000000002
Westview Mobile Estates MHC,Device 72390139,362,9,0,7,-107.0,27504.875,27961.877,457.0020000000004
Westview Mobile Estates MHC,Device 70267529,16185,6,0,6,-119.0,19784.314,20168.729,384.4150000000009
Westview Mobile Estates MHC,Device 77059972,16185,7,0,4,-118.0,3127.84,3144.768,16.927999999999884
Westview Mobile Estates MHC,Device 70273212,362,11,0,7,-106.0,26699.266,27290.756,591.4900000000016
Westview Mobile Estates MHC,Device 77052134,362,11,0,7,-116.0,25324.795,25684.563,359.76800000000003
Westview Mobile Estates MHC,Device 77058131,362,5,0,0,-122.0,2315.332,2315.332,0.0
Westview Mobile Estates MHC,Device 77060350,362,12,0,7,-116.0,7557.284,7874.945,317.66100000000006
Westview Mobile Estates MHC,Device 65829908,362,11,0,7,-114.0,13711.142,13968.737,257.59499999999935
Westview Mobile Estates MHC,Device 65824925,362,11,0,7,-122.0,10586.201,10758.817,172.61599999999999
Westview Mobile Estates MHC,Device 65825864,362,8,0,5,-125.0,145295.078,145397.078,102.0
Westview Mobile Estates MHC,Device 65823810,362,11,0,7,-106.0,17814.768,18152.045,337.2769999999982
Westview Mobile Estates MHC,Device 65827977,,0,0,,,,,
Westview Mobile Estates MHC,Device 65830997,362,7,0,7,-109.0,19043.404,19185.328,141.9240000000027
Westview Mobile Estates MHC,Device 65825104,362,10,0,7,-108.0,28572.24,28888.27,316.02999999999884
Sunview MHP,Device 72723903,17037,7,0,7,-101.0,502.67,706.241,203.57099999999997
Sunview MHP,Device 75374346,17037,7,0,7,-102.0,7.465,10.444,2.979000000000001
Sunview MHP,Device 75362242,17037,7,0,7,-97.0,320.959,502.451,181.49200000000002
Sunview MHP,Device 72723622,17037,7,0,7,-106.0,1169.717,1522.033,352.3159999999998
Sunview MHP,Device 72721675,17037,5,0,4,-116.0,7865.451,8072.922,207.47099999999955
Sunview MHP,Device 72716758,17037,6,0,0,-99.0,64.076,64.076,0.0
Sunview MHP,Device 70265697,17037,7,0,5,-104.0,21.638,57.038,35.39999999999999
Sunview MHP,Device 72387242,17037,7,0,0,-93.0,0.0,0.0,0.0
Sunview MHP,Device 72379546,17037,6,0,1,-106.0,11321.205,11321.242,0.037000000000261934
Sunview MHP,Device 72381609,17037,7,0,7,-101.0,1543.984,2011.872,467.88800000000015
Sunview MHP,Device 70262108,17037,7,0,0,-104.0,9407.154,9407.154,0.0
Sunview MHP,Device 72391418,17040,9,1,5,-110.0,24767.0,24767.404,0.4039999999986321
Sunview MHP,Device 70261613,17037,7,0,7,-106.0,22728.875,23253.117,524.2419999999984
Sunview MHP,Device 70263981,17037,7,0,7,-94.0,22861.238,23208.164,346.9259999999995
Sunview MHP,Device 70261803,17037,7,0,0,-103.0,6044.021,6044.021,0.0
Sunview MHP,Device 70261480,17040,7,0,0,-96.0,38160.0,38160.0,0.0
Sunview MHP,Device 70263106,17037,7,0,4,-100.0,9862.415,10125.528,263.1129999999994
Sunview MHP,Device 70258585,17037,7,0,7,-93.0,41848.09,42367.699,519.609000000004
Sunview MHP,Device 70263346,17037,7,0,7,-92.0,8436.44,8587.83,151.38999999999942
Sunview MHP,Device 70266372,17037,7,0,7,-99.0,22335.201,22705.643,370.4419999999991
Sunview MHP,Device 2049835460,,0,0,,,,,
Sunview MHP,Device 2049961365,,0,0,,,,,
Sunview MHP,Device 2049946275,,0,0,,,,,
Sunview MHP,Device 2049902393,,0,0,,,,,
Sunview MHP,Device 2049882280,10671,0,0,,,47843.0,47843.0,0.0
Sunview MHP,Device 2049958932,10706,0,0,,,75309.0,75309.0,0.0
Sunview MHP,Device 2042742549,10704,0,0,,,76517.0,76517.0,0.0
Sunview MHP,Device 2042742986,,0,0,,,,,
Sunview MHP,Device 2042741558,10671,0,0,,,62303.0,62303.0,0.0
Sunview MHP,Device 2049873628,,0,0,,,,,
Sunview MHP,Device 2049847283,10706,2,0,6,-96.0,43121.0,43490.0,369.0
Brighton Court MHP,Device 75372860,15090,5,0,0,-115.0,9181.56,9474.492,292.9320000000007
Brighton Court MHP,Device 75360683,15090,7,0,7,-112.0,31015.426,32001.092,985.6660000000011
Brighton Court MHP,Device 72391483,16185,6,0,5,-104.0,60997.598,61133.191,135.59300000000076
Brighton Court MHP,Device 72387523,15090,7,0,6,-109.0,6455.928,6686.694,230.76600000000053
Brighton Court MHP,Device 72387861,15090,7,0,7,-97.0,2791.686,2858.567,66.88099999999986
Brighton Court MHP,Device 72387564,15090,6,0,6,-100.0,37428.102,37685.336,257.234000000004
Brighton Court MHP,Device 72387853,15090,7,0,4,-105.0,11960.23,12090.532,130.30199999999968
Brighton Court MHP,Device 72384074,16185,6,0,6,-108.0,8816.049,8945.935,129.8859999999986
Brighton Court MHP,Device 72380445,16185,7,0,6,-94.0,10261.406,10380.432,119.02599999999984
Brighton Court MHP,Device 70266208,15090,7,0,7,-105.0,8962.189,9133.446,171.2569999999996
Brighton Court MHP,Device 70270960,15090,5,0,6,-110.0,1885.502,1940.938,55.43600000000015
Brighton Court MHP,Device 70259070,15090,6,0,5,-101.0,20691.955,21204.344,512.3889999999992
Brighton Court MHP,Device 72380411,17040,7,0,0,-89.0,112.0,112.0,0.0
Rustic Acres MHC,Device 79462394,17037,13,1,1,-85.0,0.0,0.253,0.253
Rustic Acres MHC,Device 79462295,17037,13,0,2,-92.0,0.0,176.135,176.135
Rustic Acres MHC,Device 79468029,17037,13,0,0,-89.0,0.0,0.0,0.0
Rustic Acres MHC,Device 79462980,17037,15,1,1,-96.0,0.0,624.22,624.22
Rustic Acres MHC,Device 79453351,17037,11,0,0,-86.0,0.0,0.0,0.0
Rustic Acres MHC,Device 79456073,17037,10,0,1,-85.0,0.0,0.338,0.338
Rustic Acres MHC,Device 79454631,17037,13,2,2,-89.0,0.0,62.071,62.071
Rustic Acres MHC,Device 79456024,17037,12,0,2,-92.0,0.0,587.118,587.118
Rustic Acres MHC,Device 79464317,17037,12,1,2,-89.0,0.0,534.849,534.849
Rustic Acres MHC,Device 79464218,17037,12,0,1,-120.0,0.0,0.553,0.553
Rustic Acres MHC,Device 79464747,17037,12,1,1,-89.0,0.0,0.619,0.619
Rustic Acres MHC,Device 79459002,17037,10,0,0,-114.0,0.0,0.0,0.0
Rustic Acres MHC,Phantom Rustic Acres 9,,0,0,,,,,
Rustic Acres MHC,Device 79463103,17037,9,0,0,-105.0,0.0,0.0,0.0
Rustic Acres MHC,Device 79458566,17037,8,0,0,-105.0,0.0,0.0,0.0
Rustic Acres MHC,Device 79466296,17037,7,0,3,-119.0,4809.907,5114.944,305.03700000000026
Rustic Acres MHC,Device 75363281,17037,4,0,4,-116.0,1483.076,1502.426,19.34999999999991
Rustic Acres MHC,Device 79463210,17037,7,0,4,-118.0,7150.1,7498.008,347.90799999999945
Rustic Acres MHC,Device 79466270,17037,7,0,0,-103.0,69917.0,69917.0,0.0
Rustic Acres MHC,Device 79460257,17037,6,0,0,-125.0,25992.416,26238.373,245.95699999999852
Rustic Acres MHC,Device 79461644,17037,7,0,7,-109.0,986.984,1052.342,65.35800000000006
Rustic Acres MHC,Device 79462741,17037,6,0,1,-120.0,6220.072,6220.14,0.068000000000211
Rustic Acres MHC,Device 79454458,17037,7,0,3,-123.0,5593.938,5962.185,368.2470000000003
Rustic Acres MHC,Device 79460497,17037,7,0,7,-120.0,13246.529,13520.068,273.53899999999885
Rustic Acres MHC,Device 79461313,17037,7,0,6,-121.0,8514.454,8864.176,349.72199999999975
Rustic Acres MHC,Device 79465835,17040,7,0,7,-129.0,30757.047,31439.34,682.2930000000015
Rustic Acres MHC,Device 79460562,17037,8,0,0,-119.0,1137.077,1141.0,3.923000000000002
Rustic Acres MHC,Device 79462121,17037,7,0,7,-119.0,20393.742,21631.664,1237.9220000000023
Rustic Acres MHC,Device 79462857,17037,7,0,7,-118.0,21270.018,21676.721,406.70300000000134
Rustic Acres MHC,Device 79464150,16185,7,0,7,-108.0,2418.403,2571.63,153.22700000000032
Rustic Acres MHC,Device 72380973,17037,7,0,0,-113.0,43026.273,43026.273,0.0
Rustic Acres MHC,Device 70272313,17037,7,0,1,-113.0,15087.445,15101.332,13.887000000000626
Rustic Acres MHC,Device 70269434,17037,7,0,7,-108.0,135273.297,135682.156,408.85899999999674
Rustic Acres MHC,Device 70265069,17037,8,1,5,-114.0,17823.217,18012.637,189.41999999999825
Rustic Acres MHC,Device 72381401,16185,7,0,5,-112.0,40008.527,40366.863,358.3359999999957
Rustic Acres MHC,Device 72382037,16185,8,1,0,-121.0,36663.09,37128.633,465.5430000000051
Rustic Acres MHC,Device 72381245,16185,7,0,6,-109.0,2697.089,2740.884,43.79500000000007
Rustic Acres MHC,Device 72381120,16185,7,0,7,-113.0,31067.867,31250.436,182.56900000000314
Rustic Acres MHC,Device 72381559,17037,11,2,4,-115.0,34648.441,34753.0,104.5590000000011
Rustic Acres MHC,Device 70263486,17040,10,1,0,-119.0,45360.0,45360.0,0.0
Rustic Acres MHC,Device 70259799,,0,0,,,,,
Rustic Acres MHC,Device 72381914,17037,7,0,7,-116.0,14877.446,15013.903,136.45700000000033
Rustic Acres MHC,Device 72391319,16131,8,0,0,-116.0,18474.5,18896.992,422.49199999999837
Rustic Acres MHC,Device 70264211,17037,7,0,0,-112.0,99024.0,99024.0,0.0
Rustic Acres MHC,Device 70259880,16185,4,0,0,-122.0,132165.344,132494.563,329.21899999998277
Rustic Acres MHC,Device 72378571,17037,7,0,7,-111.0,23453.453,23850.684,397.23099999999977
Rustic Acres MHC,Device 70262371,16185,7,0,6,-114.0,13665.983,14028.251,362.26800000000003
Rustic Acres MHC,Device 70262348,16185,9,2,1,-121.0,25002.428,25002.439,0.010999999998603016
Rustic Acres MHC,Device 70268923,17037,12,2,4,-118.0,61372.535,61883.0,510.4649999999965
Rustic Acres MHC,Device 70263460,17037,7,0,7,-109.0,186855.172,187400.141,544.9690000000119
Rustic Acres MHC,Device 70272610,17037,7,0,5,-108.0,1926.411,1948.156,21.74499999999989
Rustic Acres MHC,Device 70266471,17037,5,0,4,-120.0,1.002,1.774,0.772
Rustic Acres MHC,Device 72387366,17037,3,0,0,-109.0,0.0,0.0,0.0
Rustic Acres MHC,Device 72381385,16185,7,0,6,-112.0,19180.498,19386.158,205.65999999999985
Rustic Acres MHC,Device 70262272,17037,7,0,7,-109.0,138026.813,138033.047,6.23399999999674
Rustic Acres MHC,Device 72388216,,0,0,,,,,
Rustic Acres MHC,Device 70272560,17037,14,1,7,-115.0,69019.234,73355.0,4335.766000000003
Rustic Acres MHC,Device 70269178,17037,8,0,7,-118.0,31839.17,32576.5,737.3300000000017
Rustic Acres MHC,Device 72382011,17037,7,0,4,-113.0,46244.012,46827.719,583.7069999999949
Rustic Acres MHC,Device 72379249,16185,7,0,7,-112.0,51401.992,51561.953,159.96100000000297
Rustic Acres MHC,Device 70269996,16185,7,0,7,-111.0,10092.954,10287.531,194.57700000000114
Rustic Acres MHC,Device 72384959,17037,5,0,3,-125.0,23982.262,24414.764,432.5020000000004
Rustic Acres MHC,Device 72384793,17040,7,0,7,-115.0,57325.59,58539.488,1213.898000000001
Rustic Acres MHC,Device 72385089,16185,7,0,7,-108.0,42460.25,43049.68,589.4300000000003
Rustic Acres MHC,Device 70266968,17037,7,0,7,-127.0,10268.397,10741.898,473.5009999999984
Rustic Acres MHC,Device 70266562,,0,0,,,,,
Rustic Acres MHC,Device 65827910,,0,0,,,,,
Rustic Acres MHC,Device 68612744,17037,7,0,0,-121.0,0.0,0.0,0.0
Parkview MHP-Cust,Device 72724034,17037,8,0,7,-103.0,8089.148,8763.876,674.7280000000001
Parkview MHP-Cust,Device 72715321,16185,7,0,7,-99.0,5002.426,5236.429,234.0029999999997
Parkview MHP-Cust,Device 72724182,16185,7,0,3,-94.0,624.015,701.075,77.06000000000006
Parkview MHP-Cust,Device 70269061,,0,0,,,,,
Parkview MHP-Cust,Device 70265481,16130,7,0,7,-95.0,20055.436,20764.203,708.7669999999998
Parkview MHP-Cust,Device 70272586,16185,7,0,0,-93.0,3544.837,3544.837,0.0
Parkview MHP-Cust,Device 72391558,17037,8,0,7,-106.0,5071.472,5664.123,592.6509999999998
Parkview MHP-Cust,Device 70262769,16130,7,0,7,-100.0,4539.793,4764.967,225.17399999999998
Parkview MHP-Cust,Device 72386889,17037,7,0,7,-101.0,3613.069,3733.704,120.63500000000022
Parkview MHP-Cust,Device 72390527,17037,9,0,7,-100.0,9888.395,10926.176,1037.780999999999
Parkview MHP-Cust,Device 72378597,17037,7,0,7,-104.0,1604.726,1744.874,140.1479999999999
Parkview MHP-Cust,Device 72385303,17040,7,0,0,-86.0,0.0,0.0,0.0
Parkview MHP-Cust,Device 72392929,17037,7,0,7,-91.0,14887.995,15352.352,464.35699999999997
Parkview MHP-Cust,Device 72382284,16130,7,0,0,-96.0,84.0,84.0,0.0
Parkview MHP-Cust,Device 72392523,17037,7,0,7,-93.0,6079.141,6590.938,511.7970000000005
Parkview MHP-Cust,Device 72389172,17037,7,0,7,-93.0,30719.66,32287.287,1567.6270000000004
Parkview MHP-Cust,Device 72383373,17037,7,0,7,-102.0,15465.316,16335.587,870.2709999999988
Parkview MHP-Cust,Device 70265978,17037,7,0,7,-100.0,26593.971,26929.943,335.97199999999793
Parkview MHP-Cust,Device 70263684,17037,6,0,0,-104.0,0.0,0.0,0.0
Parkview MHP-Cust,Device 70259468,17040,7,0,0,-91.0,1052.0,1052.0,0.0
Parkview MHP-Cust,Device 77059808,17040,7,0,0,-89.0,14450.0,14450.0,0.0
Parkview MHP-Cust,Device 70260391,16185,7,0,7,-113.0,31242.828,31675.408,432.5799999999981
Parkview MHP-Cust,Device 70267495,16185,7,0,7,-107.0,5202.183,5467.584,265.40099999999984
Parkview MHP-Cust,Device 70263973,16130,7,0,7,-116.0,19079.791,19148.75,68.95899999999892
Parkview MHP-Cust,Device 77058446,17040,7,0,0,-96.0,548.0,548.0,0.0
Parkview MHP-Cust,Device 77062141,16185,7,0,7,-90.0,2416.137,2582.308,166.17099999999982
Parkview MHP-Cust,Device 65827720,16185,7,0,2,-109.0,10558.909,10558.942,0.03299999999944703
Parkview MHP-Cust,Device 77052035,17037,9,0,7,-102.0,18156.572,18667.641,511.0689999999995
Parkview MHP-Cust,Device 65824321,16130,8,0,6,-111.0,11226.718,12199.461,972.7429999999986
Parkview MHP-Cust,Device 77060145,17037,7,0,7,-99.0,1844.869,2024.991,180.12200000000007
Parkview MHP-Cust,Device 77053561,16185,7,0,0,-96.0,1.155,1.155,0.0
Parkview MHP-Cust,Device 77061978,17037,8,0,7,-103.0,24077.646,25485.387,1407.7409999999982
Parkview MHP-Cust,Device 77058099,16185,7,0,0,-96.0,2091234.375,2091234.375,0.0
Parkview MHP-Cust,Device 65827621,17037,7,0,7,-91.0,8731.818,9174.064,442.246000000001
Parkview MHP-Cust,Device 65822697,16130,6,0,7,-111.0,9791.931,11865.938,2074.0069999999996
Parkview MHP-Cust,Device 65827670,17037,7,0,7,-92.0,35319.027,36555.535,1236.5080000000016
Parkview MHP-Cust,Device 65828223,17037,7,0,7,-92.0,12813.153,13354.277,541.1239999999998
Parkview MHP-Cust,Device 65824388,17037,7,0,7,-107.0,21380.168,22769.404,1389.2359999999971
Parkview MHP-Cust,Device 65827357,17037,7,0,7,-98.0,31708.82,32019.926,311.10599999999977
Parkview MHP-Cust,Device 65831235,16130,7,0,7,-96.0,2492.989,2650.577,157.5880000000002
Parkview MHP-Cust,Device 65829122,16130,7,0,7,-101.0,5055.831,5340.293,284.46199999999953
Parkview MHP-Cust,Device 65832027,,0,0,,,,,
Parkview MHP-Cust,Device 68588134,16185,7,0,7,-107.0,94570.422,95283.008,712.5859999999957
Parkview MHP-Cust,Device 65828421,16185,7,0,5,-97.0,22905.57,23276.369,370.79899999999907
Parkview MHP-Cust,Device 65823299,16185,7,0,7,-93.0,14472.183,14629.328,157.14499999999862
Parkview MHP-Cust,Device 65823802,16130,7,0,7,-112.0,16032.628,16430.035,397.40699999999924
Parkview MHP-Cust,Device 65831250,16185,7,0,7,-97.0,66052.172,66146.328,94.15599999998813
Parkview MHP-Cust,Device 65827142,16185,7,0,7,-103.0,6853.033,7182.583,329.5499999999993
Parkview MHP-Cust,Device 65825146,17037,7,0,0,-92.0,29432.0,29432.0,0.0
Parkview MHP-Cust,Device 65830740,17037,17,0,7,-111.0,47585.137,52623.391,5038.254000000001
Parkview MHP-Cust,Device 68584240,17037,7,0,7,-102.0,8325.3,8741.396,416.09600000000137
Parkview MHP-Cust,Device 68612637,17037,7,0,7,-95.0,87750.234,92075.141,4324.9070000000065
Steve Scheiter 5plex-Cust,Device 70267172,,0,0,,,,,
Steve Scheiter 5plex-Cust,Device 70264534,17050,5,1,6,-104.0,13152.0,13272.0,120.0
Steve Scheiter 5plex-Cust,Device 77059246,17037,2,0,7,-99.0,5981.381,6118.522,137.14099999999962
Steve Scheiter 5plex-Cust,Device 70268329,17050,5,1,4,-96.0,9815.0,9894.0,79.0
Steve Scheiter 5plex-Cust,Device 77058966,16022,2,0,7,-101.0,29529.912,29642.336,112.42399999999907
Ontario Place MHC,Device 79465082,17037,9,1,1,-111.0,0.0,0.125,0.125
Ontario Place MHC,Device 79459499,17037,9,0,0,-116.0,0.0,0.0,0.0
Ontario Place MHC,Device 79454243,17037,10,0,3,-110.0,0.0,76.519,76.519
Ontario Place MHC,Device 79464788,17037,8,1,2,-108.0,16.0,218.845,202.845
Ontario Place MHC,Device 79458988,17037,9,1,1,-103.0,0.0,0.45,0.45
Ontario Place MHC,Device 79458053,17037,11,0,3,-104.0,0.0,301.811,301.811
Ontario Place MHC,Device 79468128,17037,12,1,2,-113.0,0.0,2063.042,2063.042
Ontario Place MHC,Device 79456776,17037,9,2,0,-105.0,0.0,0.0,0.0
Ontario Place MHC,Device 79463723,17037,10,0,0,-104.0,0.0,0.029,0.029
Ontario Place MHC,Device 75366359,16185,7,0,6,-117.0,11895.261,12442.71,547.4489999999987
Ontario Place MHC,Device 79461024,17037,18,5,2,-113.0,0.0,295.941,295.941
Ontario Place MHC,Device 79464093,16185,7,0,0,-111.0,4714.485,4714.485,0.0
Ontario Place MHC,Device 79462774,17037,0,0,,,2238.394,2238.394,0.0
Ontario Place MHC,Device 75360303,17037,17,0,5,-114.0,41342.598,48746.031,7403.4330000000045
Ontario Place MHC,Device 79454078,17037,7,0,1,-108.0,0.0,0.796,0.796
Ontario Place MHC,Device 75364560,17037,7,0,2,-108.0,0.0,45.317,45.317
Ontario Place MHC,Device 79460935,17037,11,0,2,-117.0,0.0,543.642,543.642
Ontario Place MHC,Device 75364743,17037,7,0,3,-106.0,0.0,7.257,7.257
Ontario Place MHC,Device 79466155,17037,7,0,2,-109.0,0.0,76.165,76.165
Ontario Place MHC,Device 75361848,17037,5,0,0,-112.0,0.0,0.0,0.0
Ontario Place MHC,Device 79462279,17037,6,0,3,-113.0,0.0,81.271,81.271
Ontario Place MHC,Device 79463012,17037,4,0,0,-109.0,0.0,0.0,0.0
Ontario Place MHC,Device 75362663,17037,9,1,3,-113.0,0.0,182.378,182.378
Ontario Place MHC,Device 79463020,17037,1,0,0,-107.0,0.0,0.0,0.0
Ontario Place MHC,Device 75364826,17037,5,0,3,-105.0,0.0,70.024,70.024
Ontario Place MHC,Device 79461362,17037,7,1,3,-108.0,0.0,109.381,109.381
Ontario Place MHC,Device 79463392,17037,6,0,2,-111.0,0.0,169.527,169.527
Ontario Place MHC,Device 79460877,17037,9,1,3,-117.0,0.0,820.484,820.484
Ontario Place MHC,Device 79463301,17037,6,0,2,-107.0,0.0,43.341,43.341
Ontario Place MHC,Device 79465793,17037,7,1,3,-111.0,0.0,261.331,261.331
Ontario Place MHC,Device 79463376,17037,7,1,0,-109.0,0.0,0.0,0.0
Ontario Place MHC,Device 79462535,17037,12,2,2,-114.0,0.0,534.021,534.021
Ontario Place MHC,Device 75360030,17037,8,0,3,-110.0,0.0,104.889,104.889
Ontario Place MHC,Device 79460869,17037,5,0,0,-112.0,0.0,0.0,0.0
Ontario Place MHC,Device 75363133,17037,6,0,3,-113.0,0.0,118.292,118.292
Ontario Place MHC,Device 70267743,17037,10,1,6,-116.0,60343.598,61916.586,1572.9880000000048
Ontario Place MHC,Device 70262181,17037,7,0,7,-110.0,12355.994,12511.866,155.8719999999994
Ontario Place MHC,Device 70268626,16185,3,0,0,-123.0,63686.723,64702.84,1016.1169999999984
Ontario Place MHC,Device 72382920,16185,7,0,7,-109.0,11603.763,11703.559,99.79599999999846
Ontario Place MHC,Device 70262363,16022,6,0,6,-117.0,38531.586,38710.145,178.55899999999383
Ontario Place MHC,Device 72378787,16022,7,0,7,-106.0,23794.99,24281.227,486.23699999999735
Ontario Place MHC,Device 72389594,16185,7,0,6,-118.0,52889.039,53211.891,322.8520000000062
Ontario Place MHC,Device 72381211,16185,7,0,7,-112.0,53975.543,54097.801,122.25800000000163
Ontario Place MHC,Device 72389974,16185,7,0,6,-111.0,12497.962,12772.837,274.875
Ontario Place MHC,Device 72381179,16185,7,0,5,-114.0,29792.473,30086.721,294.2479999999996
Ontario Place MHC,Device 72381864,,0,0,,,,,
Ontario Place MHC,Device 70259807,16185,7,0,7,-111.0,5420.073,5850.784,430.71099999999933
Ontario Place MHC,Device 72379447,17037,10,2,6,-119.0,16015.471,18108.096,2092.625000000002
Ontario Place MHC,Device 72392010,16185,7,0,0,-117.0,15469.118,15730.39,261.271999999999
Ontario Place MHC,Device 70262538,16185,4,0,1,-113.0,7497.881,7623.333,125.45199999999932
Ontario Place MHC,Device 70266513,16185,7,0,7,-110.0,21120.352,21302.293,181.94100000000253
Ontario Place MHC,Device 70265432,16185,7,0,6,-112.0,17029.824,17363.316,333.49199999999837
Ontario Place MHC,Device 70267925,16185,7,0,0,-122.0,17465.693,17930.078,464.38500000000204
Ontario Place MHC,Device 72384660,16185,6,0,7,-115.0,42390.066,42603.188,213.12200000000303
Ontario Place MHC,Device 72378860,16185,7,0,4,-111.0,35050.5,35357.676,307.1759999999995
Ontario Place MHC,Device 72379397,16185,7,0,7,-113.0,40225.793,41424.621,1198.8280000000013
Ontario Place MHC,Device 72381419,17037,7,0,1,-120.0,202227.563,202517.125,289.56200000000536
Ontario Place MHC,Device 72381773,16185,7,0,1,-114.0,12124.266,12124.571,0.30500000000029104
Ontario Place MHC,Device 72383407,17037,9,0,0,-107.0,17262.0,17262.0,0.0
Ontario Place MHC,Device 72378993,16185,8,1,7,-109.0,18707.109,18985.951,278.84200000000055
Ontario Place MHC,Device 70258932,17037,7,0,7,-114.0,12702.842,12986.702,283.85999999999876
Ontario Place MHC,Device 72383597,17037,7,0,7,-119.0,23379.875,23895.434,515.5590000000011
Ontario Place MHC,Device 70262298,17037,8,1,7,-110.0,1035158.063,1035159.563,1.5
Ontario Place MHC,Device 72381161,17037,8,0,0,-114.0,18538.1,18538.0,-0.09999999999854481
Ontario Place MHC,Device 72381344,16185,7,0,5,-111.0,10432.249,10685.526,253.27700000000004
Ontario Place MHC,Device 72391244,,0,0,,,,,
Ontario Place MHC,Device 70266489,17037,7,0,7,-124.0,8498.425,8707.95,209.52500000000146
Ontario Place MHC,Device 72382094,17037,7,0,7,-121.0,54973.898,55062.285,88.38700000000244
Ontario Place MHC,Device 72381518,16185,6,0,3,-114.0,12864.32,12985.048,120.72800000000097
Ontario Place MHC,Device 72392713,16185,7,0,5,-109.0,58598.77,59102.117,503.3470000000016
Ontario Place MHC,Device 70266257,16185,7,0,7,-114.0,13783.212,14020.691,237.47900000000118
Ontario Place MHC,Device 70262256,16185,9,0,6,-111.0,49631.344,51466.531,1835.1870000000054
Ontario Place MHC,Device 70273030,16185,7,0,6,-106.0,21315.82,21512.813,196.99299999999857
Ontario Place MHC,Device 72381799,16185,7,0,7,-106.0,109693.211,110137.523,444.31200000000536
Ontario Place MHC,Device 72381849,16185,7,0,7,-113.0,55480.18,55895.77,415.5899999999965
Ontario Place MHC,Device 70263221,16185,7,0,0,-111.0,64808.16,64808.16,0.0
Ontario Place MHC,Device 70272917,17037,7,0,7,-117.0,93239.773,93387.125,147.35199999999895
Ontario Place MHC,Device 72391368,16185,6,0,7,-110.0,45773.215,45939.914,166.69900000000052
Ontario Place MHC,Device 70273097,16185,7,0,6,-109.0,46934.492,47388.473,453.98099999999977
Ontario Place MHC,Device 70272743,16185,7,0,7,-109.0,25429.25,25882.225,452.97499999999854
Ontario Place MHC,Device 70265796,16022,7,0,7,-120.0,113048.617,113724.414,675.7970000000059
Ontario Place MHC,Device 72378910,16185,7,0,7,-106.0,27584.191,28134.105,549.9140000000007
Ontario Place MHC,Device 72381971,17037,7,0,7,-109.0,22877.59,23225.992,348.4019999999982
Ontario Place MHC,Device 72381765,16185,7,0,7,-110.0,26893.986,27166.537,272.5509999999995
Ontario Place MHC,Device 72381500,16185,7,0,6,-111.0,6306.45,6367.3,60.850000000000364
Ontario Place MHC,Device 72391129,17037,7,0,7,-109.0,36456.879,37067.57,610.6909999999989
Ontario Place MHC,Device 70264583,17037,7,0,6,-115.0,24348.848,24415.916,67.0679999999993
Ontario Place MHC,Device 70264732,17037,5,0,0,-106.0,37530.0,37530.0,0.0
Ontario Place MHC,Device 70259112,,0,0,,,,,
Ontario Place MHC,Device 77058917,16185,7,0,7,-118.0,37035.68,37860.711,825.0310000000027
Ontario Place MHC,Device 70265135,17037,7,0,1,-118.0,27361.34,27945.018,583.6779999999999
Ontario Place MHC,Device 70267149,16185,6,0,0,-114.0,17129.605,17444.746,315.1409999999996
Ontario Place MHC,Device 70271968,17037,2,0,0,-111.0,11127.0,11127.0,0.0
Ontario Place MHC,Device 70259195,16185,6,0,1,-122.0,6879.131,7071.533,192.40200000000004
Ontario Place MHC,Device 70259054,17037,7,0,7,-120.0,109946.281,110135.188,188.90699999999197
Ontario Place MHC,Device 70261068,17037,5,0,0,-111.0,134661.0,134661.0,0.0
Ontario Place MHC,Device 70265127,,0,0,,,,,
Ontario Place MHC,Device 70270812,16185,10,0,1,-118.0,32193.096,32780.582,587.4860000000008
Ontario Place MHC,Device 70267768,,0,0,,,,,
Ontario Place MHC,Device 70260052,17037,8,0,7,-111.0,15922.507,16335.44,412.9330000000009
Ontario Place MHC,Device 70267826,17037,8,1,4,-114.0,20117.625,20435.143,317.51800000000003
Ontario Place MHC,Device 70259351,16185,6,0,4,-116.0,10601.694,10744.226,142.53200000000106
Ontario Place MHC,Device 70267776,,0,0,,,,,
Ontario Place MHC,Device 70264070,16185,7,0,7,-111.0,23898.641,24089.143,190.5020000000004
Ontario Place MHC,Device 70266877,17037,7,0,7,-92.0,227188.828,229300.688,2111.859999999986
Ontario Place MHC,Device 70264237,16022,5,0,0,-116.0,26403.041,26670.734,267.6929999999993
Ontario Place MHC,Device 70261316,17037,10,0,1,-113.0,136278.0,136282.0,4.0
Ontario Place MHC,Device 70271380,17040,13,0,5,-109.0,107707.273,108257.0,549.726999999999
Ontario Place MHC,Device 70260581,,0,0,,,,,
Ontario Place MHC,Device 70264260,,0,0,,,,,
Ontario Place MHC,Device 70261142,17037,7,0,7,-119.0,2402.166,3175.206,773.04
Ontario Place MHC,Device 70264476,,0,0,,,,,
Ontario Place MHC,Device 70261209,16185,7,0,7,-113.0,39561.305,40363.684,802.3790000000008
Ontario Place MHC,Device 70260904,,0,0,,,,,
Ontario Place MHC,Device 70260797,17037,6,0,7,-115.0,12513.72,12758.403,244.6830000000009
Ontario Place MHC,Device 70270309,,0,0,,,,,
Ontario Place MHC,Device 70267735,17037,6,0,7,-122.0,4513.913,4798.53,284.6170000000002
Ontario Place MHC,Device 65824487,,0,0,,,,,
Ontario Place MHC,Device 65829833,17037,6,0,0,-111.0,27395.0,27395.0,0.0
Ontario Place MHC,Device 65824586,16185,7,0,7,-105.0,22187.176,22638.182,451.0060000000012
Ontario Place MHC,Device 65827308,16185,6,0,7,-120.0,32734.533,33299.051,564.518
Ontario Place MHC,Device 65825112,16185,7,0,7,-113.0,29632.02,30157.813,525.7929999999978
Ontario Place MHC,Device 65825286,17037,6,0,0,-124.0,89258.938,89259.203,0.2649999999994179
Island Club MHC-CUST,Device 75368496,17040,7,0,0,-107.0,3931.0,3931.0,0.0
Island Club MHC-CUST,Device 75368462,16131,7,0,7,-118.0,6266.925,6493.484,226.5590000000002
Running Springs MHP,Device 75371516,,0,0,,,,,
Running Springs MHP,Device 75361145,16185,7,0,6,-102.0,14735.217,15325.839,590.6219999999994
Running Springs MHP,Device 75368066,17037,7,0,0,-101.0,18.0,18.0,0.0
Running Springs MHP,Device 72724208,17037,7,0,7,-105.0,9395.464,10322.756,927.2919999999995
Running Springs MHP,Device 72723580,16185,7,0,2,-110.0,1891.722,2171.906,280.18399999999997
Running Springs MHP,Device 75367399,17037,3,0,2,-114.0,42680.48,43197.563,517.0829999999987
Running Springs MHP,Device 75362317,16131,6,0,5,-86.0,12459.7,12855.049,395.34900000000016
Running Springs MHP,Device 75369510,16185,7,0,7,-90.0,7185.569,7194.911,9.341999999999643
Running Springs MHP,Device 75372910,17037,1,0,1,-112.0,17646.049,17646.049,0.0
Running Springs MHP,Device 75368348,17037,13,0,5,-109.0,56834.688,60223.637,3388.9490000000005
Running Springs MHP,Device 72715362,17037,9,1,0,-115.0,226449.0,226449.0,0.0
Running Springs MHP,Device 72379900,16185,7,0,7,-80.0,1468.983,1528.317,59.33400000000006
Running Springs MHP,Device 72390469,16185,5,0,2,-112.0,3019.058,3356.193,337.1350000000002
Running Springs MHP,Device 70264096,,0,0,,,,,
Running Springs MHP,Device 70271547,,0,0,,,,,
Running Springs MHP,Device 2049903896,10671,0,0,,,101075.0,101075.0,0.0
Running Springs MHP,Device 2049961332,10671,2,0,6,-83.0,138900.0,139366.0,466.0
Running Springs MHP,Device 2049878577,10671,3,0,5,-71.0,118872.0,119266.0,394.0
Running Springs MHP,Device 2049965879,10671,0,0,,,70023.0,70023.0,0.0
Country Squire MHC,Device 79461198,16185,0,0,,,8349.373,8349.373,0.0
Country Squire MHC,Device 79461529,16185,6,0,6,-117.0,2856.714,3128.666,271.9520000000002
Country Squire MHC,Device 79460810,16185,7,0,5,-109.0,8202.277,9176.801,974.5239999999994
Country Squire MHC,Device 70271802,16185,7,0,7,-110.0,3211.044,3412.655,201.61100000000033
Country Squire MHC,Device 72387150,16185,11,0,7,-97.0,2310.696,3260.121,949.4250000000002
Country Squire MHC,Device 72391079,16185,8,0,7,-105.0,21365.762,22025.506,659.7440000000024
Country Squire MHC,Device 72378829,17037,11,0,7,-98.0,24540.566,25278.756,738.1900000000023
Country Squire MHC,Device 72381492,16185,8,1,6,-108.0,68124.797,68917.109,792.3119999999908
Country Squire MHC,Device 70270101,16185,7,0,0,-107.0,1380.094,1380.094,0.0
Country Squire MHC,Device 72381468,17037,7,0,7,-105.0,41601.711,42437.555,835.8439999999973
Country Squire MHC,Device 72384777,16185,8,1,3,-107.0,131647.063,132825.531,1178.4679999999935
Country Squire MHC,Device 70272735,16185,7,0,7,-109.0,138106.188,138605.516,499.3280000000086
Country Squire MHC,Device 70265911,16185,7,0,6,-102.0,20626.588,21013.746,387.15799999999945
Country Squire MHC,Device 70272826,16185,7,0,6,-103.0,56509.492,57468.871,959.3790000000008
Country Squire MHC,Device 72384892,16185,7,0,0,-103.0,12627.133,12627.133,0.0
Country Squire MHC,Device 72379090,16185,7,0,7,-101.0,21320.738,21548.85,228.11199999999735
Country Squire MHC,Device 72391210,16185,7,0,7,-100.0,13140.705,13521.118,380.41300000000047
Country Squire MHC,Device 72382730,16185,9,0,6,-105.0,21450.764,22383.094,932.3300000000017
Country Squire MHC,Device 70269491,16185,7,0,7,-102.0,80852.43,81233.664,381.2340000000113
Country Squire MHC,Device 72393059,16185,7,0,7,-99.0,3920.291,4268.31,348.01900000000023
Country Squire MHC,Device 72382441,16185,7,0,6,-111.0,29657.73,30355.771,698.0410000000011
Country Squire MHC,Device 70259740,16185,7,0,7,-103.0,5312.723,6046.365,733.6419999999998
Country Squire MHC,Device 70268451,16185,7,0,7,-108.0,78666.883,78906.938,240.05499999999302
Country Squire MHC,Device 70264203,16185,31,1,0,-116.0,52461.871,52680.121,218.25
Country Squire MHC,Device 70266356,16185,7,0,7,-100.0,46288.852,46345.672,56.81999999999971
Country Squire MHC,Device 70268303,16185,7,0,7,-104.0,59524.348,60098.668,574.3199999999997
Country Squire MHC,Device 70269707,16185,6,0,0,-119.0,7303.568,7394.369,90.80099999999948
Country Squire MHC,Device 77058545,16185,7,0,7,-108.0,32879.281,33283.918,404.63699999999517
Country Squire MHC,Device 65828017,16185,7,0,2,-113.0,3935.429,4284.428,348.9989999999998
Country Squire MHC,Device 2049950426,10671,0,0,,,79072.0,79072.0,0.0
Country Squire MHC,Device 2042742713,10706,0,0,,,64111.0,64111.0,0.0
Country Squire MHC,Device 2049920015,,0,0,,,,,
Country Squire MHC,Device 2042741384,10706,0,0,,,98566.0,98566.0,0.0
Country Squire MHC,Device 2042804174,10671,0,0,,,79992.0,79992.0,0.0
Country Squire MHC,Device 2042728381,10671,0,0,,,13747.0,13747.0,0.0
Country Squire MHC,Device 2041750527,,0,0,,,,,
Country Squire MHC,Device 2041750113,10671,0,0,,,42608.0,42608.0,0.0
Country Squire MHC,Device 2042821236,10693,0,0,,,108398.0,108398.0,0.0
Country Squire MHC,Device 2042813886,10706,0,0,,,137518.0,137518.0,0.0
Country Squire MHC,Device 2042814553,10671,0,0,,,36116.0,36116.0,0.0
Country Squire MHC,Device 2041749701,10671,0,0,,,121719.0,121719.0,0.0
Country Squire MHC,Device 2041742912,10706,0,0,,,102463.0,102463.0,0.0
Country Squire MHC,Device 2041747622,10704,0,0,,,178877.0,178877.0,0.0
Country Squire MHC,Device 2041743233,10671,2,0,0,-108.0,1400.0,1400.0,0.0
Country Squire MHC,Device 2041752853,10706,0,0,,,74986.0,74986.0,0.0
Country Squire MHC,Device 2041738936,10706,0,0,,,145235.0,145235.0,0.0
Country Squire MHC,Device 2041736583,10671,0,0,,,85684.0,85684.0,0.0
Country Squire MHC,Device 2041744728,10706,0,0,,,68570.0,68570.0,0.0
Country Squire MHC,Device 2041744603,10671,0,0,,,219845.0,219845.0,0.0
Country Squire MHC,Device 2041745246,10706,0,0,,,125959.0,125959.0,0.0
Country Squire MHC,Device 2042814397,10671,0,0,,,62895.0,62895.0,0.0
Country Squire MHC,Device 2041747804,10671,0,0,,,41411.0,41411.0,0.0
Country Squire MHC,Device 2042767835,10671,0,0,,,44714.0,44714.0,0.0
Country Squire MHC,Device 2041748372,10706,0,0,,,70140.0,70140.0,0.0
Country Squire MHC,Device 2041745147,10671,0,0,,,132104.0,132104.0,0.0
Country Squire MHC,Device 2041744777,10706,0,0,,,69128.0,69128.0,0.0
Country Squire MHC,Device 2042815956,,0,0,,,,,
Country Squire MHC,Device 2041748984,10671,6,0,5,-116.0,205762.0,206526.0,764.0
Country Squire MHC,Device 2042819263,10671,0,0,,,110918.0,110918.0,0.0
Country Squire MHC,Device 2042815907,10671,0,0,,,88328.0,88328.0,0.0
Country Squire MHC,Device 2042814041,10671,0,0,,,22733.0,22733.0,0.0
Country Squire MHC,Device 2042814124,,0,0,,,,,
Country Squire MHC,Device 2042816004,10671,0,0,,,191181.0,191181.0,0.0
Backwater MHC,Device 72718044,17040,2,0,1,-90.0,202.609,322.719,120.10999999999999
Backwater MHC,Device 72715107,17032,7,0,0,-79.0,11631.356,11631.356,0.0
Backwater MHC,Device 72717020,17032,8,0,7,-76.0,5218.898,5292.744,73.84599999999955
Backwater MHC,Device 72715990,17032,7,0,0,-75.0,3742.0,3742.0,0.0
Backwater MHC,Device 72719588,17032,7,0,7,-79.0,12959.314,12999.461,40.146999999999025
Backwater MHC,Device 72722186,17032,7,0,7,-75.0,74.111,102.023,27.911999999999992
Backwater MHC,Device 72715453,17032,8,1,0,-82.0,4013.408,4013.408,0.0
Backwater MHC,Device 72723077,17032,9,2,1,-83.0,4.253,5.484,1.2309999999999999
Backwater MHC,Device 72720578,17032,7,0,5,-79.0,21172.789,21238.336,65.54699999999866
Backwater MHC,Device 70259476,17040,13,1,5,-78.0,27324.0,27325.047,1.0469999999986612
Backwater MHC,Device 72378548,17032,57,33,7,-88.0,0.397,0.396,-0.0010000000000000009
Backwater MHC,Device 70266117,17032,7,0,4,-74.0,1214.259,1236.503,22.243999999999915
Backwater MHC,Device 72387275,17032,7,0,0,-78.0,204.0,204.0,0.0
Backwater MHC,Device 70266307,17032,7,0,0,-87.0,10054.0,10054.0,0.0
Backwater MHC,Device 70260474,17032,7,0,7,-85.0,12137.077,12182.301,45.22400000000016
Backwater MHC,Device 70266422,17032,3,0,1,-82.0,3281.183,3281.302,0.11900000000014188
Backwater MHC,Device 72391509,17037,11,0,5,-81.0,101568.219,103175.711,1607.4919999999984
Backwater MHC,Device 72391541,17037,12,1,7,-83.0,2626.691,2769.857,143.16600000000017
Backwater MHC,Device 72385428,17032,7,0,5,-80.0,4347.396,4364.732,17.33600000000024
Backwater MHC,Device 72391608,17032,7,0,0,-78.0,61.0,61.0,0.0
Backwater MHC,Device 72381716,17032,7,0,1,-75.0,19803.055,19803.066,0.010999999998603016
Backwater MHC,Device 72387507,17037,4,0,4,-88.0,8074.482,8782.095,707.6129999999994
Backwater MHC,Device 72391905,17037,7,0,7,-75.0,7988.274,8145.825,157.55099999999948
Backwater MHC,Device 70262694,17032,14,0,6,-87.0,46298.355,48836.996,2538.640999999996
Backwater MHC,Device 70269343,17032,7,0,2,-89.0,24872.057,25052.953,180.89600000000064
Backwater MHC,Device 70268667,17037,7,0,7,-85.0,3645.48,3707.997,62.516999999999825
Backwater MHC,Device 72387440,17032,7,0,2,-78.0,3344.778,3346.948,2.1700000000000728
Backwater MHC,Device 72387499,17032,7,0,7,-71.0,4930.07,5078.653,148.58300000000054
Backwater MHC,Device 72379694,17032,7,0,3,-86.0,941.966,955.553,13.586999999999989
Backwater MHC,Device 72385493,17037,8,0,3,-79.0,15072.744,15072.852,0.10800000000017462
Backwater MHC,Device 72379611,17032,8,0,7,-85.0,23455.578,24339.762,884.1839999999975
Backwater MHC,Device 72378878,17037,7,0,7,-84.0,4843.836,4967.625,123.78899999999976
Backwater MHC,Device 72387374,17037,7,0,7,-88.0,13109.97,13180.951,70.98099999999977
Backwater MHC,Device 70260169,17037,7,0,0,-90.0,4588.966,4588.966,0.0
Backwater MHC,Device 70265853,17032,7,0,4,-88.0,18237.285,18675.105,437.8199999999997
Backwater MHC,Device 72387341,17032,7,0,6,-78.0,162366.875,162820.266,453.39100000000326
Backwater MHC,Device 70258874,17037,7,0,7,-87.0,15302.948,15331.253,28.30500000000029
Backwater MHC,Device 72391772,17032,7,0,6,-93.0,63.296,99.858,36.562000000000005
Backwater MHC,Device 70266158,17032,7,0,7,-93.0,38899.57,38900.707,1.1370000000024447
Backwater MHC,Device 70266224,17037,7,0,7,-86.0,28088.549,28533.854,445.3050000000003
Backwater MHC,Device 72379629,17032,7,0,6,-77.0,97.023,126.856,29.833
Backwater MHC,Device 72390725,17032,7,0,7,-79.0,1814.522,1904.361,89.83900000000017
Backwater MHC,Device 72389479,17037,10,0,3,-90.0,165578.0,165579.031,1.0309999999881256
Hanover MHP,Device 2049808954,10706,0,0,,,46014.0,46014.0,0.0
Hanover MHP,Device 2049929800,10671,0,0,,,39738.0,39738.0,0.0
Hanover MHP,Device 2049794667,,0,0,,,,,
Hanover MHP,Device 2049916690,10671,2,0,4,-110.0,189204.0,189689.0,485.0
Hanover MHP,Device 2049781961,,0,0,,,,,
Hanover MHP,Device 2049947174,10671,0,0,,,55955.0,55955.0,0.0
Hanover MHP,Device 2049823854,10671,2,0,4,-107.0,81846.0,81847.0,1.0
Hanover MHP,Device 2049782704,10671,0,0,,,0.0,0.0,0.0
Hanover MHP,Device 2049792653,10706,0,0,,,22558.0,22558.0,0.0
Hanover MHP,Device 2049935245,,0,0,,,,,
Hanover MHP,Device 2049879245,10671,0,0,,,107755.0,107755.0,0.0
Hanover MHP,Device 2049961803,10671,0,0,,,10944.0,10944.0,0.0
Hanover MHP,Device 2049961738,10706,0,0,,,373.0,373.0,0.0
Hanover MHP,Device 2049932044,10671,2,0,4,-110.0,134807.0,134811.0,4.0
Hanover MHP,Device 2049963668,,0,0,,,,,
Tuttle Estates MHC-Cust,Device 75368918,17037,7,0,7,-102.0,2307.467,2459.08,151.61299999999983
Tuttle Estates MHC-Cust,Device 72724398,17037,7,0,0,-99.0,5864.0,5864.0,0.0
Tuttle Estates MHC-Cust,Device 72713854,16130,6,0,7,-102.0,15733.094,16015.706,282.612000000001
Tuttle Estates MHC-Cust,Device 75370765,17037,6,0,6,-107.0,9354.977,9547.719,192.74199999999837
Tuttle Estates MHC-Cust,Device 72719679,17037,7,0,0,-107.0,2561.0,2561.0,0.0
Tuttle Estates MHC-Cust,Device 72722301,17037,7,0,7,-104.0,4343.882,4521.412,177.53000000000065
Tuttle Estates MHC-Cust,Device 75363331,16130,7,0,7,-121.0,20896.885,21645.139,748.2540000000008
Tuttle Estates MHC-Cust,Device 75370500,16130,7,0,7,-90.0,10051.998,10554.325,502.32700000000114
Tuttle Estates MHC-Cust,Device 72714936,17037,7,0,0,-102.0,104.44,104.44,0.0
Tuttle Estates MHC-Cust,Device 75371037,16130,5,0,4,-105.0,799.987,857.399,57.412000000000035
Tuttle Estates MHC-Cust,Device 72720594,16130,7,0,6,-102.0,1815.325,1910.476,95.15100000000007
Tuttle Estates MHC-Cust,Device 72717772,17037,7,0,6,-106.0,14754.163,15476.128,721.9650000000001
Tuttle Estates MHC-Cust,Device 72723994,17037,7,0,3,-113.0,5565.595,5800.847,235.2519999999995
Tuttle Estates MHC-Cust,Device bc2a327870,,0,0,,,,,
J&L MHP,Device 75366193,17037,10,1,7,-84.0,17732.463,18533.664,801.2010000000009
J&L MHP,Device 79460737,17037,13,2,7,-78.0,7147.814,7884.235,736.4209999999994
J&L MHP,Device 79462808,17037,9,1,7,-82.0,8196.374,8445.607,249.23300000000017
J&L MHP,Device 79460950,17037,10,1,7,-87.0,9657.262,10277.573,620.3109999999997
J&L MHP,Device 75365948,17037,10,1,6,-85.0,11161.806,11790.05,628.2439999999988
J&L MHP,Device 75361061,17037,10,1,1,-87.0,14.0,14.253,0.2530000000000001
Hillview MHC,Device 79466395,17037,7,0,7,-125.0,4046.344,4249.8,203.45600000000013
Hillview MHC,Device 72719331,17040,7,0,0,-88.0,13605.0,13605.0,0.0
Hillview MHC,Device 75361681,17037,8,0,7,-105.0,13252.141,13980.694,728.5529999999999
Hillview MHC,Device 72724273,17037,7,0,6,-115.0,52096.605,52216.98,120.375
Hillview MHC,Device 72722962,17037,5,0,5,-118.0,1274.738,1501.822,227.08399999999983
Hillview MHC,Device 72723895,16185,7,0,6,-112.0,60896.391,61403.078,506.6869999999981
Hillview MHC,Device 72383647,17037,9,0,7,-91.0,35069.395,36892.023,1822.6280000000042
Hillview MHC,Device 72716121,17037,10,0,6,-120.0,6922.459,9169.97,2247.5109999999995
Hillview MHC,Device 72720016,16131,6,0,1,-104.0,18936.664,18936.664,0.0
Hillview MHC,Device 72722020,16131,7,0,7,-104.0,31167.953,32836.684,1668.7309999999998
Hillview MHC,Device 72714019,17037,6,0,4,-110.0,14571.127,15451.105,879.9779999999992
Hillview MHC,Device 72719646,16131,7,0,0,-105.0,1150.735,1150.735,0.0
Hillview MHC,Device 72714522,16185,7,1,4,-126.0,7762.473,8562.387,799.9140000000007
Hillview MHC,Device 72716469,16185,7,0,6,-94.0,12919.26,13073.615,154.35499999999956
Hillview MHC,Device 72722228,16131,5,0,6,-102.0,3773.798,3773.984,0.18600000000014916
Hillview MHC,Device 72722368,16131,7,0,6,-109.0,23251.393,24175.428,924.0349999999999
Hillview MHC,Device 72716543,17040,6,0,0,-110.0,17.0,17.0,0.0
Hillview MHC,Device 72722517,16185,7,0,1,-108.0,37.654,38.024,0.36999999999999744
Hillview MHC,Device 70271877,17037,7,0,7,-109.0,18152.369,18548.666,396.2970000000023
Hillview MHC,Device 72721592,,0,0,,,,,
Hillview MHC,Device 72722699,16185,7,0,6,-112.0,9077.618,9389.062,311.4439999999995
Hillview MHC,Device 72723010,17040,5,1,0,-104.0,8143.0,8143.0,0.0
Hillview MHC,Device 72724349,17037,7,0,7,-102.0,21076.457,21873.764,797.3070000000007
Hillview MHC,Device 72722434,17037,8,0,7,-111.0,16523.656,17332.234,808.5780000000013
Hillview MHC,Device 72720206,16185,7,0,7,-102.0,13761.29,13956.647,195.35699999999997
Hillview MHC,Device 72720313,16131,6,0,6,-111.0,65139.23,65377.695,238.4649999999965
Hillview MHC,Device 72715792,16131,5,0,7,-100.0,50259.469,51827.875,1568.4060000000027
Hillview MHC,Device 72721477,16185,7,0,7,-107.0,14740.248,15008.817,268.5689999999995
Hillview MHC,Device 72724513,16185,6,0,0,-119.0,76041.352,76041.352,0.0
Hillview MHC,Device 70271919,17037,7,0,2,-93.0,83670.75,83672.523,1.7730000000010477
Hillview MHC,Device 72715909,16185,7,0,6,-108.0,4599.68,4600.485,0.8049999999993815
Hillview MHC,Device 72724505,16131,7,0,7,-106.0,32491.877,34376.074,1884.1970000000001
Hillview MHC,Device 72714068,,0,0,,,,,
Hillview MHC,Device 72721873,16131,6,0,7,-111.0,2548.7,2640.357,91.65700000000015
Hillview MHC,Device 72722848,17037,10,0,7,-91.0,29287.738,34333.109,5045.370999999996
Rancho MHC,Device 2068608353,10671,0,0,,,308011.0,308011.0,0.0
Rancho MHC,Device 2068605037,10671,0,0,,,34527.0,34527.0,0.0
Rancho MHC,Device 2068614609,10671,3,0,4,-90.0,108258.0,109074.0,816.0
Rancho MHC,Device 2068608338,13706,7,0,0,-70.0,8561.0,8561.0,0.0
Rancho MHC,Device 2068588548,10706,0,0,,,11661.0,11661.0,0.0
Rancho MHC,Device 2068602356,10693,0,0,,,61229.0,61229.0,0.0
Rancho MHC,Device 2068608452,10693,18,0,7,-93.0,383502.0,393973.0,10471.0
Rancho MHC,Device 2068597358,13706,7,0,0,-99.0,2945.0,2945.0,0.0
Rancho MHC,Device 2068599560,10706,0,0,,,689953.0,689953.0,0.0
Rancho MHC,Device 2068618790,10706,0,0,,,4373.0,4373.0,0.0
Rancho MHC,Device 2068606217,10671,2,0,4,-89.0,272216.0,272488.0,272.0
Rancho MHC,Device 2068602315,,0,0,,,,,
Rancho MHC,Device 2068597606,10693,2,0,4,-90.0,96048.0,96139.0,91.0
Rancho MHC,Device 2068614443,10693,3,0,6,-93.0,639842.0,640290.0,448.0
Rancho MHC,Device 2068607462,10671,0,0,,,39556.0,39556.0,0.0
Rancho MHC,Device 2068604949,10693,0,0,,,25993.0,25993.0,0.0
Rancho MHC,Device 2068605524,10693,0,0,,,153102.0,153102.0,0.0
Rancho MHC,Device 2068597689,10706,0,0,,,6766.0,6766.0,0.0
Put In Bay Condos-CUST,Device 79454722,16131,7,0,7,-114.0,41219.695,42614.488,1394.7929999999978
Put In Bay Condos-CUST,Device 79465918,16185,8,0,7,-115.0,61577.969,63216.531,1638.5620000000054
Estancia MHP-CUST,Device 79465934,,0,0,,,,,
Estancia MHP-CUST,Device 79462782,,0,0,,,,,
Estancia MHP-CUST,Device 75360287,16185,7,0,7,-99.0,32893.055,33394.574,501.51900000000023
Estancia MHP-CUST,Device 72723945,16185,5,0,3,-103.0,13856.748,14480.793,624.0450000000001
Estancia MHP-CUST,Device 75361889,15147,5,0,7,-92.0,8711.587,8948.669,237.08200000000033
Estancia MHP-CUST,Device 75368546,15147,5,0,6,-100.0,14999.383,15472.117,472.7340000000004
Estancia MHP-CUST,Device 75372613,16185,7,0,7,-96.0,148550.391,149268.703,718.3120000000054
Estancia MHP-CUST,Device 75361467,15147,4,0,0,-104.0,152.168,152.168,0.0
Estancia MHP-CUST,Device 72713839,16022,7,0,7,-114.0,27420.451,28055.715,635.2639999999992
Estancia MHP-CUST,Device 75368355,15147,4,0,7,-102.0,29877.033,30780.588,903.5550000000003
Estancia MHP-CUST,Device 75372167,17037,7,0,0,-102.0,12420.181,12420.181,0.0
Estancia MHP-CUST,Device 75366490,15147,6,0,7,-113.0,35822.965,36903.016,1080.0510000000068
Estancia MHP-CUST,Device 75372712,15147,7,0,7,-111.0,22086.887,22502.188,415.3009999999995
Estancia MHP-CUST,Device 75374684,15147,6,0,7,-110.0,14158.783,14925.142,766.3590000000004
Estancia MHP-CUST,Device 72723655,15147,4,0,7,-109.0,16903.771,17587.621,683.8499999999985
Estancia MHP-CUST,Device 75368330,17037,7,0,3,-94.0,310.499,368.923,58.42399999999998
Estancia MHP-CUST,Device 75370724,15147,6,0,7,-96.0,26501.771,27142.246,640.4749999999985
Estancia MHP-CUST,Device 75373900,16185,9,0,6,-104.0,135724.438,138771.516,3047.0780000000086
Estancia MHP-CUST,Device 75373330,,0,0,,,,,
Estancia MHP-CUST,Device 72714829,16185,7,0,7,-95.0,31315.014,32209.76,894.7459999999992
Estancia MHP-CUST,Device 75368041,17037,7,0,7,-106.0,24734.627,25320.938,586.3109999999979
Estancia MHP-CUST,Device 75373249,15147,7,0,0,-119.0,15900.689,15900.689,0.0
Estancia MHP-CUST,Device 75373546,17040,8,0,0,-98.0,4.0,4.0,0.0
Estancia MHP-CUST,Device 72713771,15147,6,0,5,-101.0,18231.838,18786.383,554.5450000000019
Estancia MHP-CUST,Device 75366847,17037,2,0,1,-105.0,19266.875,19266.875,0.0
Estancia MHP-CUST,Device 75373314,17037,3,1,0,-112.0,22843.705,23445.188,601.4829999999965
Estancia MHP-CUST,Device 75372381,15147,6,0,6,-105.0,14261.744,14750.012,488.26800000000003
Estancia MHP-CUST,Device 75373777,15147,7,0,7,-112.0,31236.855,32334.615,1097.760000000002
Estancia MHP-CUST,Device 72724117,15147,6,0,6,-97.0,29780.893,30899.115,1118.2220000000016
Estancia MHP-CUST,Device 75373165,16128,6,0,2,-104.0,578.652,583.702,5.0499999999999545
Estancia MHP-CUST,Device 75364636,15147,5,0,6,-108.0,20334.17,21226.789,892.6190000000024
Estancia MHP-CUST,Device 72717418,15147,4,0,6,-93.0,3884.207,4006.06,121.85300000000007
Estancia MHP-CUST,Device 75360436,15147,7,0,7,-98.0,24654.277,25648.732,994.4550000000017
Estancia MHP-CUST,Device 75374502,17037,10,0,3,-102.0,34794.355,35272.395,478.0399999999936
Estancia MHP-CUST,Device 75373926,15147,7,0,7,-95.0,39427.305,40632.863,1205.5579999999973
Estancia MHP-CUST,Device 75366797,15147,4,0,6,-96.0,5172.583,5393.348,220.76500000000033
Estancia MHP-CUST,Device 75372514,15147,7,0,7,-91.0,18794.707,19603.789,809.0820000000022
Estancia MHP-CUST,Device 75372431,15147,7,0,7,-106.0,25079.943,25948.602,868.6589999999997
Estancia MHP-CUST,Device 75372571,15147,6,0,6,-113.0,4975.583,5059.479,83.89600000000064
Estancia MHP-CUST,Device 75373322,15147,5,0,6,-100.0,10194.333,10499.552,305.21899999999914
Estancia MHP-CUST,Device 75373785,15147,7,0,7,-105.0,25831.916,26455.045,623.1289999999972
Estancia MHP-CUST,Device 75373355,15147,5,0,4,-118.0,13696.971,14096.871,399.89999999999964
Estancia MHP-CUST,Device 72714415,17037,11,0,6,-112.0,43970.355,46663.977,2693.6219999999958
Estancia MHP-CUST,Device 75372209,15147,7,0,7,-90.0,27895.928,29830.891,1934.9629999999997
Estancia MHP-CUST,Device 75363398,16185,19,0,4,-120.0,95238.234,117830.844,22592.61
Estancia MHP-CUST,Device 75365161,15147,6,0,7,-117.0,16346.498,16908.152,561.6539999999986
Estancia MHP-CUST,Device 75370138,15147,5,0,7,-96.0,13309.846,13926.246,616.3999999999996
Estancia MHP-CUST,Device 72715784,17037,5,0,6,-102.0,37162.965,37977.508,814.5430000000051
Estancia MHP-CUST,Device 72719364,15147,8,0,6,-105.0,24886.67,25899.711,1013.0410000000011
Estancia MHP-CUST,Device 75369908,,0,0,,,,,
Estancia MHP-CUST,Device 75361228,15147,5,0,7,-116.0,25193.896,26130.621,936.7249999999985
Estancia MHP-CUST,Device 75374049,15147,9,0,7,-111.0,29363.859,30456.881,1093.0220000000008
Estancia MHP-CUST,Device 75372027,15147,7,0,7,-105.0,4966.77,5260.57,293.7999999999993
Estancia MHP-CUST,Device 75374767,15147,6,0,7,-110.0,10369.578,10832.772,463.1940000000013
Estancia MHP-CUST,Device 75371581,15147,4,0,0,-112.0,15337.163,15482.97,145.80699999999888
Estancia MHP-CUST,Device 75362879,15147,9,0,7,-106.0,13791.229,15297.775,1506.5460000000003
Estancia MHP-CUST,Device 75373363,17040,6,0,0,-103.0,10764.0,10764.0,0.0
Estancia MHP-CUST,Device 75367951,15147,7,0,7,-93.0,19126.639,19849.41,722.7710000000006
Estancia MHP-CUST,Device 72724307,17040,5,0,0,-98.0,6659.0,6659.0,0.0
Estancia MHP-CUST,Device 75373884,16128,7,0,0,-99.0,2550.474,2550.474,0.0
Estancia MHP-CUST,Device 75365229,16022,7,0,7,-107.0,11955.923,12764.026,808.1029999999992
Estancia MHP-CUST,Device 75374692,15147,7,0,7,-104.0,11994.586,12664.194,669.6080000000002
Estancia MHP-CUST,Device 75374486,16185,4,0,0,-100.0,20405.553,20405.553,0.0
Estancia MHP-CUST,Device 75363802,15147,6,0,6,-104.0,2573.713,2588.915,15.20199999999977
Estancia MHP-CUST,Device 75373587,,0,0,,,,,
Estancia MHP-CUST,Device 75374056,16185,6,0,5,-109.0,4204.841,4300.509,95.66799999999967
Estancia MHP-CUST,Device 72724026,,0,0,,,,,
Estancia MHP-CUST,Device 72724166,15147,3,0,1,-104.0,1539.714,1577.192,37.478000000000065
Estancia MHP-CUST,Device 75374189,15147,7,0,5,-106.0,37768.539,39640.188,1871.649000000005
Estancia MHP-CUST,Device 75370716,15147,2,0,0,-124.0,15615.199,15989.06,373.86099999999897
Estancia MHP-CUST,Device 75367001,,0,0,,,,,
Estancia MHP-CUST,Device 75360923,15147,3,0,1,-117.0,13039.464,13709.637,670.1730000000007
Estancia MHP-CUST,Device 75364032,15147,7,0,7,-105.0,25815.92,26591.264,775.344000000001
Estancia MHP-CUST,Device 72723457,16185,7,0,6,-95.0,50410.371,50607.43,197.0590000000011
Estancia MHP-CUST,Device 75370302,16128,6,0,0,-110.0,30.555,30.555,0.0
Estancia MHP-CUST,Device 72723556,15147,4,0,0,-118.0,25326.184,26962.883,1636.6990000000005
Estancia MHP-CUST,Device 72724125,15147,7,0,7,-103.0,9833.471,10151.115,317.64400000000023
Estancia MHP-CUST,Device 72720750,15147,7,0,6,-114.0,4959.693,5175.922,216.22899999999936
Estancia MHP-CUST,Device 72722996,17037,7,0,7,-109.0,28082.844,29380.355,1297.5109999999986
Estancia MHP-CUST,Device 75361491,15147,3,0,3,-103.0,28749.363,29371.248,621.8849999999984
Estancia MHP-CUST,Device 72719422,16022,7,0,7,-115.0,48188.406,48715.305,526.8989999999976
Estancia MHP-CUST,Device 72724265,15147,7,0,7,-105.0,16817.086,17428.25,611.1640000000007
Estancia MHP-CUST,Device 72724000,15147,7,0,6,-98.0,10045.294,10220.212,174.91799999999967
Estancia MHP-CUST,Device 72719398,15147,5,0,6,-96.0,48841.422,50950.934,2109.5120000000024
Estancia MHP-CUST,Device 75361541,16185,7,0,1,-102.0,125.276,125.325,0.049000000000006594
Estancia MHP-CUST,Device 75364230,,0,0,,,,,
Estancia MHP-CUST,Device 72722806,15147,6,0,0,-93.0,4946.739,4946.739,0.0
Estancia MHP-CUST,Device 75364198,15147,5,0,7,-101.0,8853.91,9181.193,327.28299999999945
Estancia MHP-CUST,Device 72724109,15147,7,0,7,-96.0,20917.307,21797.863,880.5560000000005
Estancia MHP-CUST,Device 75366664,15147,17,0,6,-118.0,51167.219,51167.219,0.0
Estancia MHP-CUST,Device 75361350,16185,4,0,5,-99.0,30187.889,30543.82,355.9310000000005
Estancia MHP-CUST,Device 72715883,15147,6,0,7,-107.0,117489.008,118380.305,891.2969999999914
Estancia MHP-CUST,Device 72722350,,0,0,,,,,
Estancia MHP-CUST,Device 72717202,15147,7,0,6,-110.0,9244.201,9372.712,128.51100000000042
Estancia MHP-CUST,Device 70267891,15147,7,0,7,-107.0,60856.02,63663.629,2807.609000000004
Estancia MHP-CUST,Device 70272396,15147,7,0,0,-106.0,12107.847,12107.847,0.0
Estancia MHP-CUST,Device 72722236,17037,18,0,7,-98.0,99950.672,106801.789,6851.116999999998
Estancia MHP-CUST,Device 72722905,16185,7,0,1,-102.0,73104.141,75112.531,2008.3899999999994
Estancia MHP-CUST,Device 72721741,16185,7,0,1,-101.0,5320.496,5321.232,0.7359999999998763
Estancia MHP-CUST,Device 77054809,,0,0,,,,,
Estancia MHP-CUST,Device 70259849,15147,7,0,7,-92.0,34338.875,34964.16,625.2850000000035
Estancia MHP-CUST,Device 70261423,15147,6,0,7,-104.0,56942.801,58062.766,1119.9650000000038
Estancia MHP-CUST,Device 70268006,,0,0,,,,,
Estancia MHP-CUST,Device 70260383,16185,7,0,7,-91.0,8331.5,8921.404,589.9040000000005
Estancia MHP-CUST,Device 70267115,15147,7,0,3,-109.0,31050.834,31348.371,297.53700000000026
Estancia MHP-CUST,Device 70261845,15147,7,0,7,-108.0,7586.777,8040.73,453.9529999999995
Estancia MHP-CUST,Device 70265093,15147,7,0,7,-104.0,353154.25,353535.0,380.75
Estancia MHP-CUST,Device 70258734,15147,7,0,7,-102.0,43578.617,44398.93,820.3130000000019
Estancia MHP-CUST,Device 70264898,16185,7,0,7,-109.0,110921.648,112644.047,1722.399000000005
Estancia MHP-CUST,Device 70261886,15147,7,0,7,-102.0,11937.358,12478.299,540.9410000000007
Estancia MHP-CUST,Device 70265291,15147,7,0,7,-96.0,80259.977,80974.539,714.5620000000054
Estancia MHP-CUST,Device 70272008,15147,7,0,7,-98.0,66887.906,67633.25,745.3439999999973
Estancia MHP-CUST,Device 77059303,15147,7,0,7,-100.0,11460.46,11902.071,441.6110000000008
Estancia MHP-CUST,Device 70265473,15147,7,0,7,-95.0,61558.117,62639.094,1080.976999999999
Estancia MHP-CUST,Device 70263395,15147,7,0,7,-113.0,34590.508,35056.805,466.29699999999866
Estancia MHP-CUST,Device 70270580,16185,7,0,0,-108.0,76715.0,76715.0,0.0
Estancia MHP-CUST,Device 70264724,16185,7,0,0,-106.0,7398.218,7398.218,0.0
Estancia MHP-CUST,Device 70267974,15147,7,0,7,-105.0,20491.625,21055.068,563.4429999999993
Estancia MHP-CUST,Device 77053306,,0,0,,,,,
Estancia MHP-CUST,Device 77041772,15147,7,0,7,-100.0,72704.656,73498.656,794.0
Estancia MHP-CUST,Device 77055566,16185,13,0,7,-103.0,138789.984,142201.297,3411.3129999999946
Estancia MHP-CUST,Device 77054007,15147,8,0,7,-90.0,26965.461,28716.012,1750.5509999999995
Estancia MHP-CUST,Device 77042069,,0,0,,,,,
Estancia MHP-CUST,Device 77060194,15147,7,0,4,-106.0,28812.178,28813.365,1.1870000000017171
Estancia MHP-CUST,Device 65822846,15147,7,0,7,-101.0,16240.545,16294.525,53.97999999999956
Estancia MHP-CUST,Device 65824347,15147,7,0,7,-103.0,71413.531,72192.164,778.6330000000016
Estancia MHP-CUST,Device 65824040,15147,7,0,1,-108.0,0.0,0.0,0.0
Estancia MHP-CUST,Device 65825559,15147,7,0,2,-105.0,4915.712,4915.712,0.0
Estancia MHP-CUST,Device 65825807,15147,8,0,6,-108.0,62455.891,63038.934,583.0429999999978
Estancia MHP-CUST,Device 65827688,15147,8,0,7,-94.0,40536.43,42212.172,1675.7419999999984
Estancia MHP-CUST,Device 65823075,15147,29,0,7,-101.0,527502.625,536906.625,9404.0
Estancia MHP-CUST,Device 65825898,15147,7,0,7,-107.0,120166.891,121864.344,1697.452999999994
Estancia MHP-CUST,Device 65824172,15147,7,0,7,-99.0,75903.711,76342.234,438.52300000000105
Estancia MHP-CUST,Device 65830138,15147,14,0,7,-110.0,31741.885,38230.387,6488.502000000004
Estancia MHP-CUST,Device 65830567,16185,8,0,7,-96.0,171647.266,173214.578,1567.3120000000054
Estancia MHP-CUST,Device 65824511,16128,7,0,7,-99.0,844792.688,846289.125,1496.4370000000345
Estancia MHP-CUST,Device 65828843,17040,7,0,7,-105.0,41283.531,41304.281,20.75
Estancia MHP-CUST,Device 65829767,,0,0,,,,,
Estancia MHP-CUST,Device 65830161,15147,7,0,7,-108.0,179247.875,181598.422,2350.5469999999914
Estancia MHP-CUST,Device 65827209,15147,7,0,7,-100.0,31744.301,31850.443,106.14199999999983
Estancia MHP-CUST,Device 65830484,15147,7,0,7,-99.0,61728.168,62500.258,772.0900000000038
Estancia MHP-CUST,Device 65829981,16128,7,0,7,-92.0,236908.578,237787.031,878.4529999999795
Estancia MHP-CUST,Device 68618634,16185,7,0,7,-105.0,164726.234,165570.172,843.9379999999946
Estancia MHP-CUST,Device 65824768,15147,7,0,7,-93.0,42620.0,42835.758,215.75800000000163
Estancia MHP-CUST,Device 65830666,16185,7,0,7,-98.0,170638.734,171788.719,1149.9850000000151
Estancia MHP-CUST,Device 65822556,15147,7,0,7,-108.0,48688.504,49195.285,506.7810000000027
Estancia MHP-CUST,Device 65830757,16022,7,0,7,-101.0,48409.523,49002.238,592.7149999999965
Estancia MHP-CUST,Device 65828108,,0,0,,,,,
Estancia MHP-CUST,Device 65828199,16128,7,0,7,-95.0,72563.617,72926.063,362.4459999999963
Estancia MHP-CUST,Device 65825955,15147,9,0,7,-99.0,169588.359,172593.234,3004.875
Estancia MHP-CUST,Device 65822010,15147,7,0,7,-107.0,17432.795,18123.994,691.1990000000005
Estancia MHP-CUST,Device 65831920,15147,7,0,7,-109.0,110928.555,112042.805,1114.25
Estancia MHP-CUST,Device 65821970,15147,8,0,7,-104.0,74311.008,75432.195,1121.1870000000054
Estancia MHP-CUST,Device 65823794,,0,0,,,,,
Estancia MHP-CUST,Device 65822036,16022,7,0,7,-93.0,64905.98,65490.82,584.8399999999965
Estancia MHP-CUST,Device 65827233,15147,7,0,7,-100.0,47496.559,48161.668,665.1089999999967
Estancia MHP-CUST,Device 65823125,15147,7,0,7,-101.0,65213.531,65656.695,443.1640000000043
Estancia MHP-CUST,Device 65826342,15147,7,0,7,-98.0,139902.906,141402.219,1499.3130000000237
Estancia MHP-CUST,Device 65829510,16128,7,0,7,-105.0,31957.18,32276.943,319.762999999999
Estancia MHP-CUST,Device 65827001,15147,14,0,6,-107.0,58120.633,59853.684,1733.0509999999995
Estancia MHP-CUST,Device 65824123,,0,0,,,,,
Estancia MHP-CUST,Device 65826706,15147,7,0,7,-106.0,58897.051,59646.242,749.1909999999989
Estancia MHP-CUST,Device 65822978,,0,0,,,,,
Estancia MHP-CUST,Device 65828249,15147,7,0,7,-104.0,18822.457,19744.504,922.0470000000023
Estancia MHP-CUST,Device 65831938,15147,7,0,7,-110.0,12049.716,12630.231,580.5149999999994
Estancia MHP-CUST,Device 65825047,16185,8,0,7,-109.0,71969.539,73253.484,1283.9449999999924
Estancia MHP-CUST,Device 65827761,16185,8,0,7,-102.0,687.007,822.782,135.7750000000001
Estancia MHP-CUST,Device 65828389,,0,0,,,,,
Whispering Pines Mobile Estates-CUST,Device 72381302,362,12,0,7,-103.0,9841.624,10078.164,236.54000000000087
Whispering Pines Mobile Estates-CUST,Device 72391293,362,8,0,7,-106.0,5005.444,5113.855,108.41099999999915
Whispering Pines Mobile Estates-CUST,Device 72387127,362,11,0,7,-90.0,18614.84,19049.301,434.46099999999933
Whispering Pines Mobile Estates-CUST,Device 72391152,,0,0,,,,,
Whispering Pines Mobile Estates-CUST,Device 72391467,362,10,0,7,-108.0,16569.875,17500.559,930.6840000000011
Whispering Pines Mobile Estates-CUST,Device 72381815,362,12,0,7,-91.0,47973.242,48977.375,1004.1330000000016
Whispering Pines Mobile Estates-CUST,Device 72379595,362,11,0,7,-108.0,15364.022,15668.469,304.4469999999983
Whispering Pines Mobile Estates-CUST,Device 72381336,362,9,0,7,-108.0,24200.809,24498.389,297.5799999999981
Whispering Pines Mobile Estates-CUST,Device 70266406,362,13,0,7,-108.0,18015.564,18432.902,417.33799999999974
Whispering Pines Mobile Estates-CUST,Device 72381831,362,11,0,7,-102.0,9269.039,9505.893,236.85399999999936
Whispering Pines Mobile Estates-CUST,Device 70263429,362,11,0,7,-104.0,36999.992,37258.77,258.7779999999984
Whispering Pines Mobile Estates-CUST,Device 70260565,16131,7,0,7,-108.0,17967.648,18257.326,289.6779999999999
Whispering Pines Mobile Estates-CUST,Device 70263502,362,9,0,7,-90.0,13799.449,13944.982,145.53299999999945
Whispering Pines Mobile Estates-CUST,Device 72391277,362,11,0,7,-93.0,43986.133,44441.625,455.49199999999837
Whispering Pines Mobile Estates-CUST,Device 72378647,362,10,0,7,-106.0,17057.516,17358.834,301.3179999999993
Whispering Pines Mobile Estates-CUST,Device 70273105,362,7,0,0,-96.0,3051.317,3051.317,0.0
Whispering Pines Mobile Estates-CUST,Device 72381682,16131,8,0,7,-104.0,27786.801,28435.967,649.1660000000011
Whispering Pines Mobile Estates-CUST,Device 72378977,16131,7,0,7,-93.0,14248.242,14535.741,287.4989999999998
Whispering Pines Mobile Estates-CUST,Device 72378936,362,8,0,7,-92.0,24481.16,24907.268,426.1080000000002
Whispering Pines Mobile Estates-CUST,Device 72391095,362,12,0,7,-98.0,17543.324,17888.736,345.41200000000026
Whispering Pines Mobile Estates-CUST,Device 72378944,362,12,0,7,-100.0,17622.855,18572.883,950.0280000000021
Whispering Pines Mobile Estates-CUST,Device 72391491,362,10,0,7,-97.0,24515.965,25266.867,750.9019999999982
Whispering Pines Mobile Estates-CUST,Device 70268956,16022,7,0,7,-101.0,15459.791,15612.307,152.51600000000144
Whispering Pines Mobile Estates-CUST,Device 72384736,362,8,0,7,-97.0,32592.297,33090.66,498.36300000000483
Whispering Pines Mobile Estates-CUST,Device 70270382,17040,21,0,7,-103.0,184973.125,190713.641,5740.516000000003
Whispering Pines Mobile Estates-CUST,Device 70265572,362,13,0,7,-100.0,16665.77,16958.658,292.887999999999
Whispering Pines Mobile Estates-CUST,Device 70262918,362,12,0,7,-109.0,20848.674,21168.309,319.63500000000204
Whispering Pines Mobile Estates-CUST,Device 72383829,17040,7,0,0,-105.0,,,
Whispering Pines Mobile Estates-CUST,Device 70272776,362,14,0,7,-98.0,27902.85,28595.533,692.6830000000009
Whispering Pines Mobile Estates-CUST,Device 70265671,16131,7,0,7,-83.0,7413.543,8280.752,867.2090000000007
Whispering Pines Mobile Estates-CUST,Device 70263510,362,14,0,7,-101.0,14901.535,15275.379,373.84400000000096
Whispering Pines Mobile Estates-CUST,Device 72391616,16185,7,0,7,-94.0,2552.984,2574.959,21.97499999999991
Whispering Pines Mobile Estates-CUST,Device 72381187,362,11,0,7,-90.0,35504.906,36270.449,765.5429999999978
Whispering Pines Mobile Estates-CUST,Device 72381674,362,8,0,7,-85.0,158788.031,159161.797,373.76600000000326
Whispering Pines Mobile Estates-CUST,Device 72379470,362,10,0,7,-86.0,13656.757,13848.388,191.63100000000122
Whispering Pines Mobile Estates-CUST,Device 70263916,362,10,0,7,-95.0,19279.469,19605.305,325.83599999999933
Whispering Pines Mobile Estates-CUST,Device 72388588,,0,0,,,,,
Whispering Pines Mobile Estates-CUST,Device 70263205,362,10,0,6,-98.0,22480.096,22831.27,351.17399999999907
Whispering Pines Mobile Estates-CUST,Device 70261035,362,13,0,7,-105.0,154275.656,154557.516,281.86000000001513
Whispering Pines Mobile Estates-CUST,Device 70263437,16022,7,0,7,-71.0,28843.707,29056.289,212.58200000000215
Whispering Pines Mobile Estates-CUST,Device 70264252,362,12,0,7,-78.0,92272.578,92904.852,632.2740000000049
Whispering Pines Mobile Estates-CUST,Device 72378886,16131,6,0,0,-87.0,15681.0,15681.0,0.0
Whispering Pines Mobile Estates-CUST,Device 70259237,362,10,0,7,-85.0,24443.959,24576.973,133.01400000000285
Whispering Pines Mobile Estates-CUST,Device 70265515,362,9,0,7,-95.0,8963.206,9089.727,126.52100000000064
Whispering Pines Mobile Estates-CUST,Device 72391566,362,11,0,7,-74.0,12606.114,12789.421,183.3070000000007
Whispering Pines Mobile Estates-CUST,Device 72392085,362,11,0,7,-86.0,6051.992,6134.863,82.8710000000001
Whispering Pines Mobile Estates-CUST,Device 72379116,362,11,0,7,-92.0,28094.086,28310.234,216.14800000000105
Whispering Pines Mobile Estates-CUST,Device 72381823,362,9,0,6,-88.0,20951.182,21235.459,284.2769999999982
Whispering Pines Mobile Estates-CUST,Device 72378928,362,8,0,7,-78.0,8310.9,8522.21,211.3099999999995
Whispering Pines Mobile Estates-CUST,Device 70262355,16185,7,0,6,-87.0,16692.1,16702.703,10.603000000002794
Whispering Pines Mobile Estates-CUST,Device 72378753,,0,0,,,,,
Whispering Pines Mobile Estates-CUST,Device 70273113,362,9,0,7,-93.0,12773.492,12975.745,202.2530000000006
Whispering Pines Mobile Estates-CUST,Device 70267453,362,9,0,7,-88.0,5301.833,5393.512,91.67900000000009
Whispering Pines Mobile Estates-CUST,Device 72391442,,0,0,,,,,
Whispering Pines Mobile Estates-CUST,Device 72387358,362,11,0,7,-100.0,24061.424,24310.004,248.58000000000175
Whispering Pines Mobile Estates-CUST,Device 72383738,16131,7,0,7,-106.0,29897.82,30171.904,274.0839999999989
Whispering Pines Mobile Estates-CUST,Device 72381377,362,13,0,7,-82.0,15262.011,15640.323,378.3119999999999
Whispering Pines Mobile Estates-CUST,Device 70268709,362,9,0,7,-99.0,14480.206,14722.628,242.42200000000048
Whispering Pines Mobile Estates-CUST,Device 70273576,16022,10,0,7,-108.0,101954.227,104200.305,2246.077999999994
Whispering Pines Mobile Estates-CUST,Device 72379157,362,8,0,7,-86.0,17059.041,17319.049,260.007999999998
Whispering Pines Mobile Estates-CUST,Device 72380627,362,11,0,7,-75.0,18468.5,19924.883,1456.3830000000016
Whispering Pines Mobile Estates-CUST,Device 70260540,16131,6,0,6,-88.0,8865.69,9527.933,662.2430000000004
Whispering Pines Mobile Estates-CUST,Device 70259229,362,14,0,7,-80.0,9085.745,9308.278,222.53299999999945
Whispering Pines Mobile Estates-CUST,Device 70265606,16185,8,0,7,-81.0,15614.758,16363.076,748.3179999999993
Whispering Pines Mobile Estates-CUST,Device 70262306,16185,18,0,2,-85.0,,,
Whispering Pines Mobile Estates-CUST,Device 70272362,362,7,0,1,-80.0,10819.392,10822.801,3.4089999999996508
Whispering Pines Mobile Estates-CUST,Device 70265622,16185,7,0,7,-81.0,28353.891,29071.459,717.5679999999993
Whispering Pines Mobile Estates-CUST,Device 70272909,,0,0,,,,,
Whispering Pines Mobile Estates-CUST,Device 72391400,362,13,0,7,-89.0,25485.904,25912.035,426.1310000000012
Whispering Pines Mobile Estates-CUST,Device 72380015,16131,7,0,7,-112.0,16057.298,16653.156,595.8579999999984
Whispering Pines Mobile Estates-CUST,Device 70262116,362,12,0,7,-102.0,33655.813,34022.324,366.5109999999986
Whispering Pines Mobile Estates-CUST,Device 72392036,,0,0,,,,,
Whispering Pines Mobile Estates-CUST,Device 70263585,362,7,0,7,-106.0,22859.223,23112.115,252.89199999999983
Whispering Pines Mobile Estates-CUST,Device 70262447,17037,8,0,4,-97.0,57140.422,57191.301,50.879000000000815
Whispering Pines Mobile Estates-CUST,Device 70270200,16022,7,0,4,-94.0,2471.573,2490.439,18.865999999999985
Whispering Pines Mobile Estates-CUST,Device 70262165,16131,7,0,7,-87.0,12585.536,12597.228,11.691999999999098
Whispering Pines Mobile Estates-CUST,Device 72385766,362,10,0,7,-112.0,41348.527,42073.066,724.538999999997
Whispering Pines Mobile Estates-CUST,Device 72384470,362,8,0,7,-109.0,16818.322,17124.656,306.3339999999989
Whispering Pines Mobile Estates-CUST,Device 72388166,362,13,0,7,-101.0,23269.467,26042.41,2772.9429999999993
Whispering Pines Mobile Estates-CUST,Device 72383068,362,9,0,3,-98.0,21230.471,21317.004,86.53299999999945
Whispering Pines Mobile Estates-CUST,Device 72386848,362,9,0,7,-105.0,27354.186,28078.115,723.9290000000001
Whispering Pines Mobile Estates-CUST,Device 72385121,362,10,0,7,-107.0,21661.68,21791.863,130.1830000000009
Whispering Pines Mobile Estates-CUST,Device 72389305,16131,7,0,7,-107.0,21359.605,21732.369,372.7639999999992
Whispering Pines Mobile Estates-CUST,Device 72388273,362,10,0,7,-95.0,15944.872,16213.837,268.96500000000015
Whispering Pines Mobile Estates-CUST,Device 72389289,16022,7,0,5,-100.0,2509.997,2515.119,5.122000000000298
Whispering Pines Mobile Estates-CUST,Device 70268790,362,12,0,7,-104.0,7758.547,7878.773,120.22600000000057
Whispering Pines Mobile Estates-CUST,Device 72383464,17040,8,1,0,-96.0,303.143,303.143,0.0
Whispering Pines Mobile Estates-CUST,Device 72390766,362,11,0,7,-97.0,23079.535,23868.314,788.7789999999986
Whispering Pines Mobile Estates-CUST,Device 72391103,16185,2,0,0,-127.0,,,
Whispering Pines Mobile Estates-CUST,Device 70261639,362,7,0,7,-109.0,2255.223,2326.115,70.89199999999983
Whispering Pines Mobile Estates-CUST,Device 77028795,362,9,0,7,-94.0,29153.258,30337.793,1184.5349999999999
Whispering Pines Mobile Estates-CUST,Device 77052050,362,7,0,4,-84.0,15337.521,15669.884,332.3629999999994
Whispering Pines Mobile Estates-CUST,Device 65830278,362,10,0,7,-85.0,5276.54,5395.122,118.58200000000033
Whispering Pines Mobile Estates-CUST,Device 65827746,362,11,0,7,-100.0,42710.035,42862.762,152.72699999999895
Whispering Pines Mobile Estates-CUST,Device 68584554,362,10,0,7,-102.0,6475.703,6794.282,318.5789999999997
Whispering Pines Mobile Estates-CUST,Device 65823992,,0,0,,,,,
Chickadee Lane MHC,Device 70266778,16185,9,0,6,-101.0,9592.358,11506.105,1913.7469999999994
Chickadee Lane MHC,Device 70265531,16185,7,0,6,-87.0,26992.359,27192.648,200.28900000000067
Chickadee Lane MHC,Device 70265663,16185,7,0,7,-101.0,46051.352,46670.129,618.7770000000019
Chickadee Lane MHC,Device 72383092,16185,7,0,7,-89.0,42662.242,43404.73,742.4880000000048
Chickadee Lane MHC,Device 70267792,16185,6,0,5,-85.0,5746.017,5795.173,49.15599999999995
Chickadee Lane MHC,Device 70272966,16185,7,0,6,-94.0,36310.922,37551.531,1240.609000000004
Chickadee Lane MHC,Device 72380437,16185,7,0,6,-101.0,51106.992,52130.266,1023.2740000000049
Chickadee Lane MHC,Device 72386905,16185,7,0,6,-104.0,25237.818,25606.873,369.0550000000003
Chickadee Lane MHC,Device 70263726,16185,7,0,7,-99.0,76566.164,76809.055,242.8909999999887
Chickadee Lane MHC,Device 72385113,17037,7,0,7,-91.0,12536.851,13281.89,745.0389999999989
Chickadee Lane MHC,Device 72388968,16185,7,0,2,-106.0,29518.578,29525.922,7.3439999999973224
Chickadee Lane MHC,Device 72392739,16185,7,0,4,-91.0,3597.365,3604.259,6.894000000000233
Chickadee Lane MHC,Device 72386574,16185,8,0,7,-111.0,9601.385,9983.75,382.3649999999998
Chickadee Lane MHC,Device 72380742,16185,7,0,4,-111.0,9561.88,9908.606,346.72600000000057
Chickadee Lane MHC,Device 72388737,16185,6,0,5,-102.0,10073.494,10853.067,779.5729999999985
Chickadee Lane MHC,Device 72386509,16185,7,0,6,-103.0,9974.011,10492.447,518.4359999999997
Chickadee Lane MHC,Device 70263049,16185,7,0,2,-102.0,8049.029,8051.216,2.186999999999898
Chickadee Lane MHC,Device 72382854,16185,7,0,7,-85.0,10839.325,11293.756,454.4309999999987
Chickadee Lane MHC,Device 72384819,16185,7,0,7,-98.0,11592.041,12146.417,554.3760000000002
Chickadee Lane MHC,Device 72390444,16185,7,0,7,-102.0,9261.24,9724.593,463.353000000001
Chickadee Lane MHC,Device 72386343,16185,6,0,6,-105.0,146280.344,147111.359,831.0149999999849
Chickadee Lane MHC,Device 72388604,16185,7,0,7,-103.0,27415.971,27498.678,82.70699999999852
Chickadee Lane MHC,Device 72385196,16185,7,0,3,-113.0,24437.285,25443.059,1005.7740000000013
Chickadee Lane MHC,Device 72382961,16185,6,0,6,-99.0,191534.266,191810.156,275.88999999998487
Chickadee Lane MHC,Device 77029330,16185,7,0,7,-102.0,266383.5,267482.219,1098.7189999999828
Chickadee Lane MHC,Device 77029595,16185,7,0,7,-108.0,100603.375,102028.352,1424.976999999999
Chickadee Lane MHC,Device 77061366,16185,7,0,7,-108.0,35886.551,36440.027,553.4760000000024
Chickadee Lane MHC,Device 77056994,,0,0,,,,,
Chickadee Lane MHC,Device 77029041,16185,7,0,7,-100.0,121748.633,122854.914,1106.2810000000027
Chickadee Lane MHC,Device 77052282,16185,9,0,7,-97.0,42025.797,42752.547,726.75
Chickadee Lane MHC,Device 65829288,16185,7,0,7,-101.0,35910.348,36410.715,500.36699999999837
Chickadee Lane MHC,Device 77028589,16185,7,0,7,-106.0,54639.109,55178.148,539.0390000000043
Chickadee Lane MHC,Device 77056333,17037,7,0,7,-118.0,59889.273,60785.094,895.8209999999963
Chickadee Lane MHC,Device 77054353,16185,7,0,7,-97.0,89921.359,90572.828,651.4689999999973
Chickadee Lane MHC,Device 77058073,16185,7,0,7,-87.0,62331.66,63072.117,740.4569999999949
Chickadee Lane MHC,Device 77052167,17037,33,0,0,-118.0,64099.594,64990.918,891.3240000000005
Chickadee Lane MHC,Device 77055871,16185,7,0,7,-96.0,26490.248,27122.592,632.344000000001
Chickadee Lane MHC,Device 77028548,16185,7,0,1,-109.0,337.708,337.763,0.05499999999994998
Chickadee Lane MHC,Device 77055467,16131,7,0,7,-115.0,25665.15,26263.055,597.9049999999988
Chickadee Lane MHC,Device 77029371,,0,0,,,,,
Chickadee Lane MHC,Device 77041327,16185,7,0,7,-109.0,73069.711,73229.375,159.6640000000043
Chickadee Lane MHC,Device 77059220,16185,7,0,7,-107.0,154784.641,155256.844,472.2030000000086
Chickadee Lane MHC,Device 65831961,16185,7,0,0,-91.0,2835.0,2835.0,0.0
Chickadee Lane MHC,Device 2068608726,10693,2,0,6,-105.0,82369.0,82671.0,302.0
Chickadee Lane MHC,Device 2068608791,10693,2,0,6,-95.0,24502.0,24810.0,308.0
Chickadee Lane MHC,Device 2068607025,10693,2,0,4,-99.0,58314.0,58420.0,106.0
Chickadee Lane MHC,Device 2068599743,10693,3,0,6,-91.0,115353.0,115968.0,615.0
Chickadee Lane MHC,Device 2068605581,10693,3,0,6,-95.0,218418.0,219457.0,1039.0
Chickadee Lane MHC,Device 2068607710,10693,2,0,2,-87.0,22153.0,22153.0,0.0
Chickadee Lane MHC,Device 2068586377,10693,2,0,6,-96.0,87851.0,88532.0,681.0
Chickadee Lane MHC,Device 2068592847,10693,5,0,6,-90.0,108536.0,109037.0,501.0
Chickadee Lane MHC,Device 2068602505,10693,2,0,6,-89.0,132728.0,132928.0,200.0
Chickadee Lane MHC,Device 2068607363,10693,2,0,0,-107.0,44545.0,44545.0,0.0
Chickadee Lane MHC,Device 2068607603,10693,2,0,0,-124.0,99381.0,99381.0,0.0
Chickadee Lane MHC,Device 2068602364,10693,2,0,6,-95.0,79824.0,80467.0,643.0
Chickadee Lane MHC,Device 2068604865,10693,2,0,6,-100.0,28777.0,28886.0,109.0
Chickadee Lane MHC,Device 2068584810,10693,2,0,6,-94.0,54157.0,54402.0,245.0
Chickadee Lane MHC,Device 2068604154,10693,2,0,6,-93.0,32367.0,32721.0,354.0
Chickadee Lane MHC,Device 2068604055,10693,2,0,6,-95.0,143785.0,143906.0,121.0
Chickadee Lane MHC,Device 2068606639,10693,2,0,6,-93.0,110935.0,111283.0,348.0
Chickadee Lane MHC,Device 2068583986,10693,2,0,6,-97.0,43543.0,43794.0,251.0
Chickadee Lane MHC,Device 2068614583,10693,2,0,6,-90.0,180330.0,180931.0,601.0
Chickadee Lane MHC,Device 2068608544,10693,2,0,6,-92.0,67531.0,68653.0,1122.0
Chickadee Lane MHC,Device 2068607538,10693,2,0,6,-100.0,30820.0,31076.0,256.0
Chickadee Lane MHC,Device 2068614641,,0,0,,,,,
Chickadee Lane MHC,Device 2068584778,10706,2,0,6,-102.0,71673.0,71791.0,118.0
Chickadee Lane MHC,Device 2068593118,10693,2,0,6,-105.0,55673.0,55951.0,278.0
Chickadee Lane MHC,Device 2068575966,10693,2,0,6,-110.0,84370.0,85032.0,662.0
Chickadee Lane MHC,Device 2068607926,10693,2,0,6,-109.0,42785.0,43145.0,360.0
Chickadee Lane MHC,Device 2068607637,10693,2,0,6,-99.0,80456.0,81031.0,575.0
Chickadee Lane MHC,Device 2068587870,10693,3,0,0,-94.0,180913.0,180913.0,0.0
Chickadee Lane MHC,Device 2068605748,10693,2,0,6,-101.0,205669.0,206813.0,1144.0
Chickadee Lane MHC,Device 2068606357,10693,2,0,6,-105.0,98944.0,99686.0,742.0
Chickadee Lane MHC,Device 2068600558,10693,2,0,6,-96.0,66818.0,67106.0,288.0
Chickadee Lane MHC,Device 2068605375,10693,3,0,6,-98.0,98929.0,99608.0,679.0
Chickadee Lane MHC,Device 2068607298,10693,2,0,6,-98.0,172255.0,172909.0,654.0
Chickadee Lane MHC,Device 2068602513,10693,2,0,6,-85.0,77910.0,78594.0,684.0
Chickadee Lane MHC,Device 2068602828,10693,2,0,6,-98.0,65773.0,65881.0,108.0
Chickadee Lane MHC,Device 2068603917,10693,2,0,6,-98.0,101739.0,102274.0,535.0
Chickadee Lane MHC,Device 2068584992,10693,0,0,,,11882.0,11882.0,0.0
Chickadee Lane MHC,Device 2068588787,10693,2,0,6,-99.0,71426.0,71771.0,345.0
Chickadee Lane MHC,Device 2068606365,10693,2,0,6,-95.0,133594.0,134143.0,549.0
Chickadee Lane MHC,Device 2068614757,10693,2,0,6,-90.0,154687.0,155076.0,389.0
Chickadee Lane MHC,Device 2068605573,10693,3,0,6,-100.0,229629.0,230301.0,672.0
Chickadee Lane MHC,Device 2068574696,10693,4,0,6,-98.0,35286.0,35506.0,220.0
Chickadee Lane MHC,Device 2068605276,10693,0,0,,,30920.0,30920.0,0.0
Chickadee Lane MHC,Device 2068614799,10693,4,0,6,-93.0,743.0,752.0,9.0
Chickadee Lane MHC,Device 2068605417,10693,2,0,6,-99.0,96736.0,97075.0,339.0
Chickadee Lane MHC,Device 2068602497,10693,4,0,6,-97.0,102280.0,103084.0,804.0
Chickadee Lane MHC,Device 2068588662,10693,2,0,6,-106.0,75302.0,75731.0,429.0
John Alexander-CUST,Device 70263080,17037,2,0,2,-118.0,133734.203,134484.891,750.6879999999946
Country Edge MHC,Device 75365245,362,13,0,7,-99.0,83970.984,87733.109,3762.125
Country Edge MHC,Device 75371664,362,11,0,7,-97.0,18057.447,18530.299,472.85199999999895
Country Edge MHC,Device 75362143,16131,7,0,7,-104.0,10553.423,10715.064,161.64099999999962
Country Edge MHC,Device 72723960,362,10,0,7,-101.0,26705.117,27437.939,732.8220000000001
Country Edge MHC,Device 72723358,362,9,0,7,-100.0,14041.455,14348.744,307.28900000000067
Country Edge MHC,Device 75360618,362,8,0,6,-89.0,4207.876,4288.052,80.17599999999948
Country Edge MHC,Device 72723101,362,8,0,6,-96.0,7989.45,8309.566,320.1160000000009
Country Edge MHC,Device 75371466,,0,0,,,,,
Country Edge MHC,Device 75362325,362,13,0,7,-91.0,9385.905,9785.175,399.2699999999986
Country Edge MHC,Device 75360576,362,10,0,7,-90.0,12003.148,12405.453,402.3050000000003
Country Edge MHC,Device 72723408,16131,7,0,7,-93.0,5951.253,6056.493,105.24000000000069
Country Edge MHC,Device 75363778,362,9,0,7,-85.0,29361.186,30427.449,1066.262999999999
Country Edge MHC,Device 75373603,,0,0,,,,,
Country Edge MHC,Device 2068614559,10706,3,0,0,-94.0,12620.0,12620.0,0.0
Country Edge MHC,Device 2068604097,10671,0,0,,,67588.0,67588.0,0.0
Country Edge MHC,Device 2068597192,10693,0,0,,,1313.0,1313.0,0.0
Country Edge MHC,Device 2068584885,10706,0,0,,,4796.0,4796.0,0.0
Country Edge MHC,Device 2068608205,10671,0,0,,,8131.0,8131.0,0.0
Carolina Springs MHP,Device 72381690,,0,0,,,,,
Carolina Springs MHP,Device 72391475,363,12,0,7,-115.0,4120.505,4449.068,328.5630000000001
Carolina Springs MHP,Device 72378803,,0,0,,,,,
Carolina Springs MHP,Device 70263452,,0,0,,,,,
Carolina Springs MHP,Device 72379561,,0,0,,,,,
Carolina Springs MHP,Device 70272891,,0,0,,,,,
Carolina Springs MHP,Device 70260227,,0,0,,,,,
Carolina Springs MHP,Device 72388042,16185,7,0,0,-108.0,18636.0,18636.0,0.0
Carolina Springs MHP,Device 70262330,,0,0,,,,,
Carolina Springs MHP,Device 70272594,,0,0,,,,,
Carolina Springs MHP,Device 70262140,,0,0,,,,,
Carolina Springs MHP,Device 70272529,,0,0,,,,,
Carolina Springs MHP,Device 72383183,,0,0,,,,,
Carolina Springs MHP,Device 72378514,,0,0,,,,,
Carolina Springs MHP,Device 72388679,,0,0,,,,,
Carolina Springs MHP,Device 72388620,,0,0,,,,,
Carolina Springs MHP,Device 72385410,,0,0,,,,,
Carolina Springs MHP,Device 65824529,,0,0,,,,,
Lakeview MHC-CUST,Device 79462717,16185,13,0,7,-73.0,10724.631,23302.191,12577.56
Lakeview MHC-CUST,Device 75363034,16185,7,0,7,-77.0,45720.836,47938.402,2217.565999999999
Lakeview MHC-CUST,Device 75367563,16185,7,0,2,-88.0,11976.984,12066.44,89.45600000000013
Lakeview MHC-CUST,Device 75367837,362,11,0,7,-77.0,7612.038,8410.923,798.8850000000011
Lakeview MHC-CUST,Device 75367985,362,10,0,7,-80.0,22234.311,23464.246,1229.9349999999977
Lakeview MHC-CUST,Device 75364297,362,7,0,6,-99.0,4586.446,4778.217,191.77099999999973
Lakeview MHC-CUST,Device 79467062,362,11,0,7,-81.0,17033.297,18420.316,1387.0190000000002
Lakeview MHC-CUST,Device 75361012,362,12,0,7,-75.0,20370.096,26176.457,5806.360999999997
Lakeview MHC-CUST,Device 79455117,362,7,0,7,-87.0,7824.666,8034.289,209.6229999999996
Lakeview MHC-CUST,Device 75369148,362,7,0,6,-80.0,5235.551,5496.822,261.27099999999973
Lakeview MHC-CUST,Device 79460471,17037,7,0,7,-85.0,14611.047,15367.647,756.6000000000004
Lakeview MHC-CUST,Device 79466544,16185,7,0,7,-75.0,8419.203,8727.775,308.5720000000001
Lakeview MHC-CUST,Device 79453781,17037,7,0,7,-79.0,9482.846,9975.493,492.64700000000084
Lakeview MHC-CUST,Device 79461487,17037,7,0,7,-93.0,14171.026,14732.29,561.264000000001
Lakeview MHC-CUST,Device 75363364,16185,6,0,5,-62.0,26085.453,27155.314,1069.8609999999971
Lakeview MHC-CUST,Device 75374361,16185,7,0,6,-73.0,43899.395,46667.898,2768.5030000000042
Lakeview MHC-CUST,Device 70262074,,0,0,,,,,
Lakeview MHC-CUST,Device 70267644,16185,7,0,7,-81.0,18071.502,18293.033,221.53099999999904
Lakeview MHC-CUST,Device 77052142,16131,7,0,7,-80.0,15627.883,16367.115,739.232
Lakeview MHC-CUST,Device 65824446,362,9,0,7,-103.0,115802.352,116446.086,643.7339999999967
Lakeview MHC-CUST,Device 77041947,362,10,0,7,-85.0,63851.684,64292.379,440.6949999999997
Lakeview MHC-CUST,Device 65825419,362,7,0,5,-85.0,79721.313,79883.734,162.4210000000021
Lakeview MHC-CUST,Device 77053231,362,9,0,7,-88.0,54177.758,54690.383,512.625
Lakeview MHC-CUST,Device 65829353,362,13,0,7,-69.0,85624.906,86761.133,1136.226999999999
Lakeview MHC-CUST,Device 65831102,,0,0,,,,,
Lakeview MHC-CUST,Device 65830930,16185,7,0,7,-94.0,10458.08,10524.596,66.51599999999962
Lakeview MHC-CUST,Device 65830229,362,0,0,,,94716.539,94716.539,0.0
Lakeview MHC-CUST,Device 65822424,362,10,0,7,-81.0,120355.82,121460.523,1104.702999999994
Parkway MHC-Cust,Device 75367928,17040,7,0,7,-100.0,4924.055,5188.166,264.1109999999999
Parkway MHC-Cust,Device 75360667,17040,7,0,7,-100.0,33658.328,33904.477,246.1489999999976
Parkway MHC-Cust,Device 75361038,16130,7,0,7,-115.0,12404.233,13050.761,646.5280000000002
Parkway MHC-Cust,Device 75367332,,0,0,,,,,
Parkway MHC-Cust,Device 72387226,16022,6,0,7,-99.0,4618.351,4760.975,142.6240000000007
Parkway MHC-Cust,Device 72380403,16022,7,0,5,-90.0,3576.89,3728.916,152.0260000000003
Parkway MHC-Cust,Device 72383522,17040,7,0,7,-103.0,980.788,1232.84,252.0519999999999
Parkway MHC-Cust,Device 72389982,16022,7,0,7,-97.0,19228.107,20237.367,1009.2599999999984
Parkway MHC-Cust,Device 72388307,17040,7,0,7,-105.0,21742.768,22696.295,953.5269999999982
Parkway MHC-Cust,Device 72383290,17040,12,0,3,-104.0,35201.895,37786.082,2584.1870000000054
Parkway MHC-Cust,Device 72390477,16022,7,0,7,-115.0,8470.01,9098.325,628.3150000000005
Parkway MHC-Cust,Device 72378761,17040,10,0,7,-99.0,6705.012,7070.049,365.03700000000026
Parkway MHC-Cust,Device 72392820,16022,7,0,2,-98.0,4618.09,4802.905,184.8149999999996
Parkway MHC-Cust,Device 70261092,16022,7,0,7,-110.0,22798.828,23432.254,633.4259999999995
Parkway MHC-Cust,Device 70262405,16022,7,0,7,-101.0,1183.672,1297.619,113.94699999999989
Parkway MHC-Cust,Device 77056960,16022,7,0,7,-114.0,5512.149,5776.854,264.7049999999999
Parkway MHC-Cust,Device 70264351,16022,7,0,2,-107.0,3024.216,3197.719,173.50300000000016
Parkway MHC-Cust,Device 70259401,16022,7,0,7,-96.0,4008.445,4275.016,266.57099999999946
Parkway MHC-Cust,Device 70270689,16022,7,0,7,-108.0,15217.06,15890.873,673.8130000000001
Parkway MHC-Cust,Device 70259914,16022,7,0,7,-101.0,10576.65,10953.784,377.134
Parkway MHC-Cust,Device 70264138,16022,7,0,7,-99.0,13906.492,14761.059,854.5669999999991
Parkway MHC-Cust,Device 77058685,16022,7,0,7,-97.0,7283.076,7504.636,221.5600000000004
Parkway MHC-Cust,Device 70259971,16022,7,0,7,-100.0,2540.471,2672.724,132.25300000000016
Parkway MHC-Cust,Device 70260193,16022,7,0,7,-101.0,28976.723,29311.713,334.98999999999796
Parkway MHC-Cust,Device 77059899,16022,7,0,0,-110.0,1351.331,1351.331,0.0
Parkway MHC-Cust,Device 77054973,,0,0,,,,,
Parkway MHC-Cust,Device 77053504,16022,7,0,7,-98.0,10701.55,11275.008,573.4580000000005
Parkway MHC-Cust,Device 77055038,17040,7,0,7,-98.0,5522014.5,5522300.5,286.0
Parkway MHC-Cust,Device 77056135,16022,7,0,7,-101.0,45610.578,46281.672,671.0939999999973
Parkway MHC-Cust,Device 77041376,17040,7,0,7,-89.0,82816.813,83369.773,552.9600000000064
Parkway MHC-Cust,Device 77029090,16022,7,0,7,-97.0,35712.324,35953.824,241.5
Parkway MHC-Cust,Device 77041640,16022,7,0,5,-106.0,599.307,618.358,19.05099999999993
Parkway MHC-Cust,Device 77060129,16022,7,0,7,-103.0,48074.641,48247.52,172.87899999999354
Parkway MHC-Cust,Device 65824818,16022,7,0,0,-103.0,414.167,414.167,0.0
Parkway MHC-Cust,Device 77051961,16022,7,0,7,-107.0,3282.229,3688.372,406.14300000000003
Parkway MHC-Cust,Device 77057604,16022,7,0,7,-104.0,12828.553,13526.448,697.8950000000004
Parkway MHC-Cust,Device 77052118,,0,0,,,,,
Parkway MHC-Cust,Device 65830096,16022,7,0,7,-99.0,5761.229,5948.078,186.84900000000016
Parkway MHC-Cust,Device 65831094,16022,7,0,6,-120.0,5693.271,5968.502,275.2310000000007
Parkway MHC-Cust,Device 65830443,16022,7,0,7,-100.0,15622.542,15697.834,75.29200000000128
Parkway MHC-Cust,Device 65830815,16022,7,0,6,-96.0,10857.393,11077.194,219.80099999999948
Parkway MHC-Cust,Device 65826391,16022,7,0,6,-108.0,5621.336,5838.666,217.32999999999993
Parkway MHC-Cust,Device 65830013,16022,7,0,7,-103.0,6060.351,6302.022,241.67100000000028
Parkway MHC-Cust,Device 65829148,17040,7,0,4,-93.0,88647.82,88708.227,60.40699999999197
Parkway MHC-Cust,Device 65826680,16022,7,0,7,-99.0,33737.195,34173.738,436.54299999999785
Parkway MHC-Cust,Device 65826524,16022,7,0,7,-99.0,17199.75,17913.574,713.8240000000005
Parkway MHC-Cust,Device 65831698,16022,7,0,7,-95.0,11145.728,11613.4,467.6720000000005
Parkway MHC-Cust,Device 65824933,16022,7,0,6,-101.0,59788.98,60777.457,988.476999999999
Parkway MHC-Cust,Device 65831326,16022,7,0,7,-107.0,981.296,1031.878,50.58199999999988
Parkway MHC-Cust,Device 65823950,17032,7,0,7,-93.0,3717.686,3917.712,200.02599999999984
Parkway MHC-Cust,Device 65832019,16022,7,0,7,-99.0,17993.67,18753.445,759.7750000000015
Parkway MHC-Cust,Device 65822788,16022,7,0,2,-98.0,500.522,500.8,0.27800000000002
Parkway MHC-Cust,Device 65828462,16022,7,0,5,-96.0,6430.952,6491.288,60.33599999999933
Parkway MHC-Cust,Device 65831011,16022,7,0,6,-104.0,3222.109,3767.525,545.4160000000002
Parkway MHC-Cust,Device 65822853,16022,7,0,0,-100.0,0.099,0.099,0.0
Parkway MHC-Cust,Device 68612462,16022,7,0,7,-95.0,6003.413,6273.627,270.21400000000085
Pedro's Devices-CUST,Device 72378159,57037,1,0,0,-87.0,167.0,167.0,0.0
Pedro's Devices-CUST,Device 2041741237,,0,0,,,,,
Carolina Springs MHP-CUST,Device 72390832,16022,10,0,6,-115.0,47352.012,48860.426,1508.413999999997
Carolina Springs MHP-CUST,Device 72387317,362,11,0,4,-121.0,6409.021,6664.529,255.50800000000072
Carolina Springs MHP-CUST,Device 70258858,16131,7,0,7,-122.0,23858.971,24124.098,265.1270000000004
Carolina Springs MHP-CUST,Device 72378795,16131,7,0,7,-114.0,93195.305,94316.766,1121.4610000000102
Carolina Springs MHP-CUST,Device 70272727,16131,7,0,7,-110.0,13824.078,14346.717,522.639000000001
Carolina Springs MHP-CUST,Device 70267867,362,12,0,5,-115.0,9185.507,9404.138,218.63100000000122
Carolina Springs MHP-CUST,Device 70262157,16131,7,0,5,-106.0,37045.664,37382.891,337.2270000000062
Carolina Springs MHP-CUST,Device 70264088,16131,7,0,6,-111.0,22424.756,22920.451,495.6949999999997
Carolina Springs MHP-CUST,Device 72387143,16131,8,0,7,-112.0,26179.023,26796.668,617.6450000000004
Carolina Springs MHP-CUST,Device 70269335,362,12,0,7,-117.0,17145.322,18478.049,1332.726999999999
Carolina Springs MHP-CUST,Device 72380981,362,11,0,7,-107.0,106550.086,107985.898,1435.8120000000054
Carolina Springs MHP-CUST,Device 70272156,362,10,0,7,-118.0,6930.05,7057.927,127.8769999999995
Carolina Springs MHP-CUST,Device 72380486,16022,7,0,5,-115.0,121480.445,121481.094,0.6489999999903375
Carolina Springs MHP-CUST,Device 72391871,362,9,0,7,-113.0,56465.539,57173.832,708.2930000000051
Carolina Springs MHP-CUST,Device 72384710,362,10,0,7,-116.0,10084.002,10440.972,356.96999999999935
Carolina Springs MHP-CUST,Device 72392002,16022,5,0,6,-114.0,15939.066,16238.699,299.6329999999998
Carolina Springs MHP-CUST,Device 72392192,362,10,0,7,-116.0,8126.483,8443.651,317.16799999999967
Carolina Springs MHP-CUST,Device 72378746,362,13,0,7,-119.0,38288.758,38845.941,557.1829999999973
Carolina Springs MHP-CUST,Device 70262124,362,12,0,7,-120.0,25934.941,26398.254,463.3130000000019
Carolina Springs MHP-CUST,Device 72391228,362,8,0,3,-120.0,19685.102,19870.82,185.71800000000076
Carolina Springs MHP-CUST,Device 72391061,362,12,0,7,-111.0,34282.773,35118.566,835.7929999999978
Carolina Springs MHP-CUST,Device 70262132,362,9,0,7,-108.0,13689.964,13805.348,115.38400000000001
Carolina Springs MHP-CUST,Device 70262488,362,13,0,7,-109.0,61220.043,62270.914,1050.8709999999992
Carolina Springs MHP-CUST,Device 70266398,362,11,0,6,-111.0,26325.938,26407.629,81.69100000000253
Carolina Springs MHP-CUST,Device 72392044,362,9,0,4,-107.0,26545.643,26647.951,102.3080000000009
Carolina Springs MHP-CUST,Device 70273071,362,14,0,6,-107.0,19988.484,20485.586,497.10199999999895
Carolina Springs MHP-CUST,Device 72380551,362,12,0,7,-109.0,26448.418,27029.697,581.2789999999986
Carolina Springs MHP-CUST,Device 70272834,362,12,0,7,-115.0,338348.156,339811.375,1463.2189999999828
Carolina Springs MHP-CUST,Device 70262314,362,8,0,3,-107.0,26144.713,26263.984,119.27100000000064
Carolina Springs MHP-CUST,Device 70259260,362,10,0,7,-103.0,6060.766,6160.631,99.86500000000069
Carolina Springs MHP-CUST,Device 70269202,362,11,0,7,-116.0,70072.336,70683.711,611.375
Carolina Springs MHP-CUST,Device 72383795,16131,4,0,0,-116.0,23677.0,23902.928,225.92799999999988
Carolina Springs MHP-CUST,Device 72381104,362,13,0,7,-118.0,19252.064,20138.533,886.469000000001
Carolina Springs MHP-CUST,Device 70259245,362,12,0,7,-109.0,16948.639,17242.131,293.492000000002
Carolina Springs MHP-CUST,Device 72392093,362,10,0,7,-116.0,99422.578,99916.992,494.4140000000043
Carolina Springs MHP-CUST,Device 72382003,362,12,0,6,-105.0,4061.893,4178.266,116.37299999999959
Carolina Springs MHP-CUST,Device 70272552,362,13,0,3,-120.0,2660.721,2734.036,73.31500000000005
Carolina Springs MHP-CUST,Device 72381906,16022,8,0,7,-111.0,29937.479,30793.76,856.280999999999
Carolina Springs MHP-CUST,Device 70272578,362,13,0,7,-118.0,81684.156,82749.469,1065.3129999999946
Carolina Springs MHP-CUST,Device 70273543,362,12,0,7,-108.0,110987.305,111850.984,863.6790000000037
Carolina Springs MHP-CUST,Device 70263809,16131,6,0,0,-107.0,38227.227,38227.227,0.0
Carolina Springs MHP-CUST,Device 70263411,362,13,0,7,-108.0,31589.672,32680.736,1091.0640000000021
Carolina Springs MHP-CUST,Device 72391053,362,11,0,7,-100.0,14371.042,14543.014,171.97199999999975
Carolina Springs MHP-CUST,Device 72381328,16131,7,0,7,-117.0,20111.939,21545.381,1433.4420000000027
Carolina Springs MHP-CUST,Device 70272990,362,12,0,7,-111.0,136723.234,137471.219,747.9850000000151
Carolina Springs MHP-CUST,Device 70266992,362,9,0,7,-111.0,20638.631,21441.783,803.1519999999982
Carolina Springs MHP-CUST,Device 72391939,362,12,0,7,-108.0,37387.402,38214.738,827.3359999999957
Carolina Springs MHP-CUST,Device 70262249,362,9,0,7,-106.0,29436.764,30249.125,812.3610000000008
Carolina Springs MHP-CUST,Device 70269418,362,14,0,7,-117.0,26953.064,27320.697,367.63300000000163
Carolina Springs MHP-CUST,Device 72384553,362,12,0,7,-111.0,29583.479,30811.943,1228.464
Carolina Springs MHP-CUST,Device 70272123,16131,7,0,7,-109.0,14145.756,14576.896,431.14000000000124
Carolina Springs MHP-CUST,Device 70269657,362,7,0,3,-120.0,21530.326,22029.406,499.0799999999981
Carolina Springs MHP-CUST,Device 70269046,16131,7,0,4,-115.0,26287.52,26563.822,276.3019999999997
Carolina Springs MHP-CUST,Device 70265754,362,13,0,7,-109.0,17236.969,17583.354,346.3849999999984
Carolina Springs MHP-CUST,Device 70272867,362,12,0,7,-112.0,20635.818,20989.533,353.71500000000015
Carolina Springs MHP-CUST,Device 70263577,362,12,0,7,-106.0,29703.664,30373.377,669.7129999999997
Carolina Springs MHP-CUST,Device 72383605,362,13,0,6,-118.0,34306.469,34835.465,528.9959999999992
Carolina Springs MHP-CUST,Device 70265564,16131,6,0,0,-110.0,85538.531,85538.531,0.0
Carolina Springs MHP-CUST,Device 70266059,362,11,0,7,-110.0,30265.797,30755.555,489.75800000000163
Carolina Springs MHP-CUST,Device 70262611,362,12,0,7,-108.0,15181.091,15464.567,283.47599999999875
Carolina Springs MHP-CUST,Device 70262215,362,11,0,7,-109.0,27550.883,28253.836,702.9529999999977
Carolina Springs MHP-CUST,Device 72386459,362,8,0,7,-113.0,17832.074,19330.863,1498.7890000000007
Carolina Springs MHP-CUST,Device 70265689,362,9,0,7,-109.0,34821.887,34924.828,102.9409999999989
Carolina Springs MHP-CUST,Device 70266067,16131,7,0,7,-110.0,4255.97,4326.334,70.36399999999958
Carolina Springs MHP-CUST,Device 72380668,362,12,0,7,-111.0,9249.54,9536.299,286.759
Carolina Springs MHP-CUST,Device 72391574,362,10,0,7,-113.0,34619.434,35117.121,497.6869999999981
Carolina Springs MHP-CUST,Device 70265655,17037,7,0,7,-111.0,31482.945,31877.016,394.0709999999999
Carolina Springs MHP-CUST,Device 72385550,362,12,0,7,-116.0,43575.344,44124.137,548.7930000000051
Carolina Springs MHP-CUST,Device 72381955,,0,0,,,,,
Carolina Springs MHP-CUST,Device 70272768,,0,0,,,,,
Carolina Springs MHP-CUST,Device 70272784,16131,6,0,6,-116.0,21227.271,21735.727,508.4559999999983
Carolina Springs MHP-CUST,Device 70272883,362,0,0,,,100872.602,100872.602,0.0
Carolina Springs MHP-CUST,Device 72384843,362,16,0,7,-107.0,64094.746,67030.055,2935.308999999994
Carolina Springs MHP-CUST,Device 70258841,16131,6,0,5,-109.0,44362.359,45823.273,1460.9140000000043
Carolina Springs MHP-CUST,Device 72391434,16131,7,0,7,-115.0,54303.219,55364.559,1061.3400000000038
Carolina Springs MHP-CUST,Device 72379421,,0,0,,,,,
Carolina Springs MHP-CUST,Device 72379074,362,7,0,0,-106.0,83436.102,83436.102,0.0
Carolina Springs MHP-CUST,Device 72381443,16131,7,0,7,-107.0,10039.476,10176.478,137.0019999999986
Carolina Springs MHP-CUST,Device 70266505,362,7,0,5,-113.0,7974.974,8002.138,27.16399999999976
Carolina Springs MHP-CUST,Device 70259625,362,9,0,7,-112.0,15439.781,15573.511,133.72999999999956
Carolina Springs MHP-CUST,Device 72381393,16131,6,0,6,-113.0,18151.225,18663.895,512.6700000000019
Carolina Springs MHP-CUST,Device 72380619,16131,7,0,7,-108.0,15597.89,15598.498,0.6080000000001746
Carolina Springs MHP-CUST,Device 72381203,362,6,0,4,-116.0,41302.457,41995.27,692.8129999999946
Carolina Springs MHP-CUST,Device 72380023,16131,7,0,7,-115.0,26890.625,27412.994,522.3689999999988
Carolina Springs MHP-CUST,Device 72388513,,0,0,,,,,
Carolina Springs MHP-CUST,Device 70263072,,0,0,,,,,
Carolina Springs MHP-CUST,Device 72388695,362,9,0,5,-117.0,9051.202,9353.947,302.7450000000008
Carolina Springs MHP-CUST,Device 72378621,362,13,0,7,-113.0,7818.874,8089.196,270.3220000000001
Carolina Springs MHP-CUST,Device 77058925,,0,0,,,,,
Carolina Springs MHP-CUST,Device 70264450,,0,0,,,,,
Carolina Springs MHP-CUST,Device 77041707,17037,6,0,7,-112.0,155310.266,155530.047,219.78099999998813
Carolina Springs MHP-CUST,Device 77054627,17037,6,0,7,-111.0,9658.682,9663.006,4.323999999998705
Carolina Springs MHP-CUST,Device 77061432,16131,14,0,7,-109.0,15027.739,15027.739,0.0
Carolina Springs MHP-CUST,Device 77053173,362,8,0,7,-108.0,62779.512,63178.059,398.54699999999866
Carolina Springs MHP-CUST,Device 77054239,362,7,0,1,-115.0,23227.58,23227.58,0.0
Carolina Springs MHP-CUST,Device 65829478,16131,7,0,0,-122.0,10622.035,11022.634,400.59900000000016
Carolina Springs MHP-CUST,Device 65825666,,0,0,,,,,
Carolina Springs MHP-CUST,Device 65825542,17037,3,0,0,-123.0,9052.0,9052.0,0.0
Carolina Springs MHP-CUST,Device 65826250,362,7,0,7,-107.0,40719.891,40993.945,274.05399999999645
Carolina Springs MHP-CUST,Device 65822234,362,7,0,7,-110.0,18594.164,19020.365,426.20100000000093
Stafford MHC-CUST,Device 75366854,17037,7,0,6,-87.0,795.805,846.321,50.516000000000076
Stafford MHC-CUST,Device 75367571,17037,10,0,7,-113.0,64731.359,70310.0,5578.641000000003
Stafford MHC-CUST,Device 79455265,16185,7,0,7,-101.0,4774.805,5603.358,828.5529999999999
Stafford MHC-CUST,Device 75365526,17037,7,0,7,-107.0,61590.004,62128.348,538.3439999999973
Stafford MHC-CUST,Device 79456271,17037,7,0,7,-99.0,14881.393,16303.026,1421.6329999999998
Stafford MHC-CUST,Device 75365328,16185,7,0,7,-95.0,12984.416,13853.11,868.6940000000013
Stafford MHC-CUST,Device 75364511,16185,7,0,6,-106.0,388.786,391.596,2.8100000000000023
Stafford MHC-CUST,Device 75362549,16185,9,0,7,-92.0,14076.012,14553.004,476.9920000000002
Stafford MHC-CUST,Device 79454888,16185,7,0,7,-106.0,17338.658,18248.586,909.9279999999999
Stafford MHC-CUST,Device 75367266,16185,7,0,6,-113.0,11140.954,11710.146,569.1920000000009
Stafford MHC-CUST,Device 75365468,16185,7,0,7,-115.0,13141.444,13676.176,534.732
Stafford MHC-CUST,Device 75361194,17037,7,0,3,-107.0,6955.794,7158.816,203.02199999999993
Stafford MHC-CUST,Device 79461834,17037,7,0,7,-116.0,11123.696,11653.824,530.1280000000006
Stafford MHC-CUST,Device 75368017,17037,7,0,7,-98.0,16463.236,17100.227,636.9909999999982
Stafford MHC-CUST,Device 75366433,16185,7,0,7,-118.0,9310.024,9762.211,452.1869999999999
Stafford MHC-CUST,Device 75365393,16185,7,0,7,-100.0,13858.556,15172.204,1313.6479999999992
Stafford MHC-CUST,Device 79467005,16185,7,0,2,-107.0,345.998,355.059,9.061000000000035
Stafford MHC-CUST,Device 79454292,17037,10,0,7,-104.0,10351.438,12048.886,1697.4480000000003
Stafford MHC-CUST,Device 75364537,16185,7,0,5,-93.0,100.294,132.898,32.604
Stafford MHC-CUST,Device 79454169,16185,7,0,7,-97.0,15395.909,16401.545,1005.6359999999986
Stafford MHC-CUST,Device 75360832,16185,9,0,7,-101.0,124041.672,127825.453,3783.780999999988
Stafford MHC-CUST,Device 75368900,16185,7,0,7,-109.0,12425.808,13175.706,749.8979999999992
Stafford MHC-CUST,Device 75371821,363,7,0,7,-111.0,19438.674,20114.42,675.7459999999992
Stafford MHC-CUST,Device 79453773,17037,7,0,7,-103.0,8610.354,8728.032,117.67799999999988
Stafford MHC-CUST,Device 75368033,363,8,0,7,-95.0,12433.192,13372.508,939.3160000000007
Stafford MHC-CUST,Device 75369437,16185,7,0,7,-97.0,8556.695,9172.101,615.4060000000009
Stafford MHC-CUST,Device 75361269,363,14,0,7,-112.0,42755.313,43754.191,998.877999999997
Stafford MHC-CUST,Device 75373231,16128,7,0,7,-80.0,17712.227,18493.082,780.8549999999996
Stafford MHC-CUST,Device 75372993,363,12,0,7,-96.0,25651.221,26578.898,927.6769999999997
Stafford MHC-CUST,Device 75371508,,0,0,,,,,
Stafford MHC-CUST,Device 75367183,363,7,0,7,-96.0,28458.727,29504.697,1045.9700000000012
Stafford MHC-CUST,Device 75361178,,0,0,,,,,
Stafford MHC-CUST,Device 75371243,363,10,0,7,-113.0,21946.475,22568.105,621.630000000001
Stafford MHC-CUST,Device 75370450,363,13,0,7,-106.0,36219.52,37446.734,1227.214
Stafford MHC-CUST,Device 75360725,363,12,0,7,-108.0,38732.418,39491.461,759.0430000000051
Stafford MHC-CUST,Device 72723614,16022,7,0,7,-104.0,15240.378,15802.961,562.5829999999987
Stafford MHC-CUST,Device 75368884,17037,7,0,7,-90.0,110930.328,111677.883,747.5550000000076
Stafford MHC-CUST,Device 72719471,363,7,0,7,-87.0,1682.566,2122.674,440.10799999999995
Stafford MHC-CUST,Device 72724356,363,12,0,6,-99.0,25446.396,26494.273,1047.8770000000004
Stafford MHC-CUST,Device 72716188,17037,6,0,2,-119.0,6468.029,7680.285,1212.2559999999994
Stafford MHC-CUST,Device 72713946,16185,8,1,0,-109.0,139.0,139.0,0.0
Stafford MHC-CUST,Device 70271778,17040,9,0,3,-101.0,6145.0,6344.467,199.46699999999964
Stafford MHC-CUST,Device 72717228,16185,34,0,7,-85.0,9088.646,10087.701,999.0549999999985
Stafford MHC-CUST,Device 72717459,17040,6,0,0,-95.0,0.0,0.0,0.0
Stafford MHC-CUST,Device 72721964,17040,9,1,2,-97.0,102464.0,102464.016,0.01600000000325963
Stafford MHC-CUST,Device 72721550,363,10,0,7,-96.0,5870.455,6642.21,771.7550000000001
Stafford MHC-CUST,Device 72719182,363,13,0,7,-101.0,7944.221,8880.741,936.5200000000004
Stafford MHC-CUST,Device 72714621,,0,0,,,,,
Stafford MHC-CUST,Device 72387101,16131,7,0,7,-88.0,54026.141,54908.535,882.3940000000002
Stafford MHC-CUST,Device 72390758,17037,7,0,7,-84.0,59993.781,61220.449,1226.6679999999978
Stafford MHC-CUST,Device 72392481,363,9,0,7,-80.0,34202.953,34697.305,494.35199999999895
Stafford MHC-CUST,Device 72383761,16022,7,0,7,-93.0,56472.363,57446.063,973.7000000000044
Stafford MHC-CUST,Device 72385386,16185,7,0,7,-79.0,241480.547,242197.578,717.0310000000172
Stafford MHC-CUST,Device 70263056,,0,0,,,,,
Stafford MHC-CUST,Device 72386012,16185,7,0,4,-88.0,28995.592,29506.748,511.15599999999904
Stafford MHC-CUST,Device 70269459,17037,7,0,7,-102.0,52865.598,53342.254,476.6560000000027
Stafford MHC-CUST,Device 70262827,363,9,0,5,-120.0,55116.563,55117.402,0.8389999999999418
Stafford MHC-CUST,Device 72392119,363,12,0,7,-108.0,63054.797,63509.125,454.32800000000134
Stafford MHC-CUST,Device 70262892,363,13,0,7,-117.0,42906.828,44040.176,1133.3479999999981
Stafford MHC-CUST,Device 72379967,16185,7,0,7,-98.0,20665.244,20971.354,306.1100000000006
Stafford MHC-CUST,Device 72390162,16185,6,0,7,-84.0,67545.477,68485.875,940.398000000001
Stafford MHC-CUST,Device 72388596,16185,7,0,5,-97.0,91195.758,91869.32,673.5620000000054
Stafford MHC-CUST,Device 72392184,16022,7,0,0,-101.0,2971.0,2971.0,0.0
Stafford MHC-CUST,Device 72392127,17037,7,0,3,-95.0,30234.127,30234.188,0.06099999999787542
Stafford MHC-CUST,Device 72390485,363,8,0,7,-106.0,31154.311,31492.199,337.887999999999
Stafford MHC-CUST,Device 70262975,,0,0,,,,,
Stafford MHC-CUST,Device 72379801,16022,7,0,7,-107.0,27495.359,27781.479,286.119999999999
Stafford MHC-CUST,Device 70263064,17037,7,0,7,-76.0,5189.927,7318.46,2128.5330000000004
Stafford MHC-CUST,Device 70262785,17037,7,0,7,-102.0,121166.477,122384.516,1218.0390000000043
Stafford MHC-CUST,Device 72390055,363,9,0,7,-101.0,28485.252,29076.781,591.5289999999986
Stafford MHC-CUST,Device 72384421,16185,8,0,7,-88.0,70907.594,72406.469,1498.875
Stafford MHC-CUST,Device 72382706,363,10,0,7,-83.0,38081.715,38825.102,743.3870000000024
Stafford MHC-CUST,Device 72383613,16131,7,0,7,-106.0,135138.391,136727.828,1589.4370000000054
Stafford MHC-CUST,Device 72392606,363,12,0,7,-117.0,972.203,1627.896,655.693
Stafford MHC-CUST,Device 70262504,363,13,0,7,-98.0,131883.953,133892.172,2008.2189999999828
Stafford MHC-CUST,Device 70268949,16185,8,1,7,-110.0,31666.764,32401.146,734.3820000000014
Stafford MHC-CUST,Device 72388158,363,12,0,7,-111.0,39344.199,39885.75,541.5509999999995
Stafford MHC-CUST,Device 72390642,363,12,0,6,-102.0,50785.863,51966.387,1180.524000000005
Stafford MHC-CUST,Device 70262710,16185,7,0,7,-108.0,48164.945,48531.105,366.1600000000035
Stafford MHC-CUST,Device 70269004,16185,7,0,5,-113.0,68560.555,69166.234,605.6790000000037
Stafford MHC-CUST,Device 72392960,363,11,0,7,-112.0,20756.607,21020.338,263.73099999999977
Stafford MHC-CUST,Device 72385931,17040,10,1,0,-110.0,46915.0,46915.0,0.0
Stafford MHC-CUST,Device 72388372,16022,8,0,7,-104.0,84405.883,85864.336,1458.452999999994
Stafford MHC-CUST,Device 72385022,16131,5,0,6,-75.0,14497.648,14596.25,98.60200000000077
Stafford MHC-CUST,Device 70263023,363,11,0,7,-109.0,56452.973,57483.305,1030.3320000000022
Stafford MHC-CUST,Device 72390311,16131,7,0,7,-104.0,62770.41,63704.645,934.2349999999933
Stafford MHC-CUST,Device 72386350,363,11,0,7,-108.0,70641.914,72027.453,1385.5389999999898
Stafford MHC-CUST,Device 72390147,17037,6,0,7,-80.0,46376.863,46472.207,95.3440000000046
Stafford MHC-CUST,Device 72392648,16185,9,0,7,-115.0,15798.431,16363.113,564.6819999999989
Stafford MHC-CUST,Device 72382219,,0,0,,,,,
Stafford MHC-CUST,Device 72385824,,0,0,,,,,
Stafford MHC-CUST,Device 72378480,16022,7,0,7,-89.0,47302.203,47422.25,120.04699999999866
Stafford MHC-CUST,Device 72385907,363,12,0,7,-113.0,14406.566,15631.322,1224.7559999999994
Stafford MHC-CUST,Device 72390824,363,11,0,7,-110.0,11154.569,13140.285,1985.7160000000003
Stafford MHC-CUST,Device 72392515,363,14,0,7,-106.0,16593.959,16940.014,346.0550000000003
Stafford MHC-CUST,Device 72389073,363,13,0,7,-83.0,38781.668,40820.68,2039.0120000000024
Stafford MHC-CUST,Device 70262728,16131,7,0,7,-106.0,15312.161,15553.452,241.29099999999926
Stafford MHC-CUST,Device 72390121,16185,7,0,6,-90.0,23055.33,23438.205,382.875
Stafford MHC-CUST,Device 72389636,363,7,0,7,-117.0,23803.668,24467.467,663.7989999999991
Stafford MHC-CUST,Device 72389321,,0,0,,,,,
Stafford MHC-CUST,Device 72383365,16131,7,0,7,-103.0,118088.25,118691.695,603.445000000007
Stafford MHC-CUST,Device 72383225,17037,14,0,7,-122.0,697285.875,700744.75,3458.875
Stafford MHC-CUST,Device 72386731,16131,7,0,7,-105.0,50141.68,51156.621,1014.9409999999989
Stafford MHC-CUST,Device 72392531,16185,7,0,7,-93.0,47543.355,48368.637,825.2819999999992
Stafford MHC-CUST,Device 72386293,17037,10,0,7,-108.0,82175.648,83547.234,1371.5859999999957
Stafford MHC-CUST,Device 72386319,16185,5,0,7,-115.0,889067.063,889745.0,677.9370000000345
Stafford MHC-CUST,Device 72389255,17037,6,0,3,-123.0,20468.092,20468.215,0.12299999999959255
Stafford MHC-CUST,Device 72386087,16185,7,0,7,-113.0,17343.516,17550.453,206.93700000000172
Stafford MHC-CUST,Device 72389123,16131,6,0,6,-116.0,52006.883,52585.563,578.6800000000003
Stafford MHC-CUST,Device 72389776,16022,7,0,6,-106.0,91992.039,91993.641,1.6019999999989523
Stafford MHC-CUST,Device 72388992,363,12,0,7,-104.0,58925.586,60109.566,1183.979999999996
Stafford MHC-CUST,Device 72378217,363,13,0,7,-105.0,8991.76,9411.716,419.95600000000013
Stafford MHC-CUST,Device 72389784,363,13,0,7,-109.0,50733.891,53172.164,2438.2729999999938
Stafford MHC-CUST,Device 72389545,17037,7,0,0,-109.0,23848.158,23848.158,0.0
Stafford MHC-CUST,Device 72386137,363,9,0,7,-105.0,95713.281,96762.234,1048.952999999994
Stafford MHC-CUST,Device 72392390,17037,8,0,7,-103.0,105456.938,107060.641,1603.7030000000086
Stafford MHC-CUST,Device 72389107,363,9,0,7,-114.0,254750.922,256570.313,1819.3910000000033
Stafford MHC-CUST,Device 72392770,16131,6,0,6,-112.0,130872.484,132756.891,1884.4070000000065
Stafford MHC-CUST,Device 72388398,16131,7,0,7,-118.0,164464.906,165467.297,1002.3910000000033
Stafford MHC-CUST,Device 72380890,16185,9,0,6,-113.0,88522.148,89683.742,1161.5939999999973
Stafford MHC-CUST,Device 72388778,363,13,0,7,-116.0,47282.074,47945.406,663.3320000000022
Stafford MHC-CUST,Device 72383027,16185,7,0,0,-102.0,247.581,247.581,0.0
Stafford MHC-CUST,Device 72378530,17037,16,0,7,-82.0,124175.703,126642.648,2466.945000000007
Stafford MHC-CUST,Device 72385311,16185,7,0,5,-103.0,6500.352,6721.826,221.47400000000016
Stafford MHC-CUST,Device 72382623,363,12,0,7,-104.0,48196.465,49095.328,898.8630000000048
Stafford MHC-CUST,Device 72386186,363,13,0,7,-111.0,57764.879,59613.742,1848.8629999999976
Stafford MHC-CUST,Device 72378241,16185,7,0,7,-91.0,52551.691,54537.68,1985.9890000000014
Stafford MHC-CUST,Device 72386814,,0,0,,,,,
Stafford MHC-CUST,Device 72390170,16185,7,0,7,-101.0,67573.781,68253.773,679.9919999999984
Stafford MHC-CUST,Device 72389602,363,11,0,7,-101.0,22820.236,23635.654,815.4179999999978
Stafford MHC-CUST,Device 72388786,16022,7,0,7,-100.0,33377.602,34274.199,896.5970000000016
Stafford MHC-CUST,Device 72384520,17040,5,0,0,-122.0,55280.0,55280.0,0.0
Stafford MHC-CUST,Device 72384363,363,14,0,7,-104.0,37142.859,39642.574,2499.715000000004
Stafford MHC-CUST,Device 72388133,363,8,0,3,-107.0,15424.737,15451.939,27.202000000001135
Stafford MHC-CUST,Device 72384355,17037,15,1,1,-122.0,116221.359,120623.281,4401.922000000006
Stafford MHC-CUST,Device 72384579,16185,7,0,7,-109.0,49747.699,50706.633,958.9340000000011
Stafford MHC-CUST,Device 72388067,363,7,0,7,-97.0,58173.262,58275.742,102.47999999999593
Stafford MHC-CUST,Device 72383019,,0,0,,,,,
Stafford MHC-CUST,Device 72383118,16185,7,0,7,-99.0,87332.398,87986.539,654.1410000000033
Stafford MHC-CUST,Device 72384538,16185,17,0,7,-96.0,132876.609,136814.438,3937.828999999998
Stafford MHC-CUST,Device 72385857,363,14,0,7,-105.0,57104.012,58190.516,1086.5040000000008
Stafford MHC-CUST,Device 72386301,16128,7,0,7,-101.0,56455.863,57575.664,1119.8009999999995
Stafford MHC-CUST,Device 72390261,16185,7,0,7,-93.0,52160.246,52388.703,228.45700000000215
Stafford MHC-CUST,Device 72389529,363,7,0,7,-98.0,288520.5,289363.281,842.7810000000172
Stafford MHC-CUST,Device 72388752,16022,7,0,7,-112.0,94029.031,95040.164,1011.1330000000016
Stafford MHC-CUST,Device 72393034,16131,7,0,7,-108.0,36187.156,36989.953,802.7969999999987
Stafford MHC-CUST,Device 72385998,363,14,0,7,-103.0,129685.023,130587.461,902.4379999999946
Stafford MHC-CUST,Device 72392259,17040,7,0,0,-107.0,264478.0,264478.0,0.0
Stafford MHC-CUST,Device 72382458,16131,7,0,7,-99.0,25102.377,25658.795,556.4179999999978
Stafford MHC-CUST,Device 72392135,363,11,0,7,-113.0,185271.641,186275.156,1003.5149999999849
Stafford MHC-CUST,Device 72384496,16185,7,0,7,-109.0,131224.984,132160.219,935.2350000000151
Stafford MHC-CUST,Device 72383639,16131,7,0,7,-101.0,137956.469,139074.531,1118.0619999999763
Stafford MHC-CUST,Device 72392572,16131,7,0,7,-105.0,80802.5,82242.367,1439.8669999999984
Stafford MHC-CUST,Device 72384462,16128,7,0,7,-102.0,57936.691,59206.922,1270.2309999999998
Stafford MHC-CUST,Device 72388547,16131,7,0,4,-116.0,3347.267,3361.531,14.264000000000124
Stafford MHC-CUST,Device 72385873,17037,7,0,7,-100.0,246210.031,247661.813,1451.7820000000065
Stafford MHC-CUST,Device 72384413,363,13,0,7,-110.0,117640.703,118551.953,911.25
Stafford MHC-CUST,Device 72389156,16022,7,0,7,-104.0,72425.141,74071.359,1646.2179999999935
Stafford MHC-CUST,Device 72381526,16185,11,0,7,-103.0,166654.141,171143.047,4488.905999999988
Stafford MHC-CUST,Device 72389198,16131,7,0,6,-112.0,4190.074,4281.34,91.26600000000053
Stafford MHC-CUST,Device 72388976,363,10,0,7,-99.0,14946.574,15365.771,419.1970000000001
Stafford MHC-CUST,Device 72387911,16185,7,0,7,-107.0,82822.664,86135.711,3313.0469999999914
Stafford MHC-CUST,Device 72383357,363,7,0,7,-102.0,81438.547,83548.547,2110.0
Stafford MHC-CUST,Device 72389131,16131,10,0,7,-108.0,38539.055,40922.957,2383.902000000002
Stafford MHC-CUST,Device 72388653,16185,7,0,7,-106.0,161980.203,163237.844,1257.6410000000033
Stafford MHC-CUST,Device 72385915,16185,7,0,7,-94.0,81514.898,82007.992,493.0939999999973
Stafford MHC-CUST,Device 72386525,16185,7,0,7,-105.0,60558.902,62500.098,1941.1959999999963
Stafford MHC-CUST,Device 72386327,16022,7,0,0,-109.0,1887.999,1887.999,0.0
Stafford MHC-CUST,Device 72389719,363,11,0,7,-110.0,53855.391,55075.695,1220.3039999999964
Stafford MHC-CUST,Device 72392465,16128,7,0,7,-104.0,49476.168,50123.934,647.7660000000033
Stafford MHC-CUST,Device 72389800,363,12,0,7,-104.0,18669.053,18817.447,148.39400000000023
Stafford MHC-CUST,Device 72384454,,0,0,,,,,
Stafford MHC-CUST,Device 72392457,363,7,0,0,-103.0,408.253,408.253,0.0
Stafford MHC-CUST,Device 72386434,16131,7,0,7,-103.0,89576.352,89953.109,376.7569999999978
Stafford MHC-CUST,Device 72387838,363,9,0,7,-105.0,45937.93,46601.719,663.788999999997
Stafford MHC-CUST,Device 72392275,16185,9,0,7,-100.0,38954.094,40748.379,1794.2850000000035
Stafford MHC-CUST,Device 72385865,,0,0,,,,,
Stafford MHC-CUST,Device 72383563,16022,7,0,7,-112.0,154232.172,154881.438,649.2660000000033
Stafford MHC-CUST,Device 72389693,16131,7,0,7,-95.0,72223.93,73263.523,1039.593000000008
Stafford MHC-CUST,Device 72388489,16185,7,0,7,-100.0,25417.148,26111.682,694.5339999999997
Stafford MHC-CUST,Device 72389495,16131,7,0,7,-96.0,53963.93,54773.168,809.2379999999976
Stafford MHC-CUST,Device 72384348,16022,7,0,7,-101.0,3032.496,3033.313,0.8170000000000073
Stafford MHC-CUST,Device 72389503,,0,0,,,,,
Stafford MHC-CUST,Device 72389610,16131,7,0,7,-113.0,41560.52,42335.57,775.0500000000029
Stafford MHC-CUST,Device 72387655,17037,7,0,7,-101.0,159255.563,160257.266,1001.7030000000086
Stafford MHC-CUST,Device 72389354,16185,21,0,7,-108.0,115412.156,136538.141,21125.985
Stafford MHC-CUST,Device 72388091,363,8,0,7,-103.0,174114.688,174591.594,476.90600000001723
Stafford MHC-CUST,Device 72389214,16131,7,0,6,-100.0,24627.455,25245.664,618.2089999999989
Stafford MHC-CUST,Device 72392945,363,13,0,7,-101.0,39489.539,40667.992,1178.4530000000013
Stafford MHC-CUST,Device 72387903,,0,0,,,,,
Stafford MHC-CUST,Device 72382474,16185,7,0,7,-103.0,17464.316,18240.051,775.7350000000006
Stafford MHC-CUST,Device 72392887,363,7,0,7,-105.0,108344.336,108344.336,0.0
Stafford MHC-CUST,Device 72392267,363,12,0,7,-100.0,43409.93,44048.277,638.3470000000016
Stafford MHC-CUST,Device 72389586,363,8,0,7,-107.0,48295.258,49218.527,923.2690000000002
Stafford MHC-CUST,Device 70264682,16022,7,0,7,-112.0,41881.438,42519.188,637.75
Stafford MHC-CUST,Device 70270614,363,11,0,7,-94.0,98570.406,99594.641,1024.2350000000006
Stafford MHC-CUST,Device 72392416,16131,7,0,7,-95.0,65305.664,65761.18,455.515999999996
Stafford MHC-CUST,Device 72392499,363,11,0,7,-108.0,35915.531,36623.105,707.5740000000005
Stafford MHC-CUST,Device 72393018,17037,7,0,7,-102.0,31727.371,32159.953,432.58200000000215
Stafford MHC-CUST,Device 72386178,16185,9,0,7,-109.0,53075.363,54505.473,1430.1100000000006
Stafford MHC-CUST,Device 72392242,363,13,0,7,-103.0,47861.074,48544.961,683.8870000000024
Stafford MHC-CUST,Device 72383258,16022,6,0,0,-110.0,1889.984,1889.984,0.0
Stafford MHC-CUST,Device 72387929,16131,7,0,7,-105.0,57172.07,60661.211,3489.1410000000033
Stafford MHC-CUST,Device 70267701,16131,7,0,6,-101.0,29973.064,30834.506,861.4420000000027
Stafford MHC-CUST,Device 70264112,363,14,0,7,-109.0,21191.107,21453.061,261.95400000000154
Stafford MHC-CUST,Device 72383423,16131,7,0,7,-115.0,102220.43,103466.133,1245.7030000000086
Stafford MHC-CUST,Device 72389362,363,10,0,7,-102.0,83271.648,84514.219,1242.5709999999963
Stafford MHC-CUST,Device 70264146,,0,0,,,,,
Stafford MHC-CUST,Device 70267412,,0,0,,,,,
Stafford MHC-CUST,Device 70265820,363,11,0,7,-101.0,39627.668,40658.945,1031.2770000000019
Stafford MHC-CUST,Device 70273204,363,12,0,7,-103.0,45211.641,45902.441,690.7999999999956
Stafford MHC-CUST,Device 70260482,,0,0,,,,,
Stafford MHC-CUST,Device 70258627,363,9,0,7,-104.0,68188.281,69379.602,1191.3209999999963
Parker MHC-CUST,Device 75374585,17037,7,0,7,-86.0,7921.21,8521.808,600.5980000000009
Parker MHC-CUST,Device 72719638,362,7,0,2,-91.0,5889.217,5893.678,4.46100000000024
Parker MHC-CUST,Device 72721170,362,10,0,7,-102.0,11420.175,11977.184,557.009
Parker MHC-CUST,Device 72723093,17037,7,0,7,-99.0,186900.047,187583.156,683.1089999999967
Parker MHC-CUST,Device 72715511,16185,8,0,7,-98.0,58568.898,60424.234,1855.3359999999957
Parker MHC-CUST,Device 72718655,362,13,0,6,-87.0,25574.908,25997.654,422.7459999999992
Parker MHC-CUST,Device 70266919,362,12,0,7,-104.0,38121.59,39604.695,1483.1050000000032
Parker MHC-CUST,Device 70272453,362,12,0,7,-87.0,63116.387,65419.512,2303.125
Parker MHC-CUST,Device 72717590,16131,7,0,7,-105.0,17487.463,17581.713,94.25
Parker MHC-CUST,Device 72719315,17037,9,0,7,-90.0,7614.273,9306.062,1691.7889999999998
Parker MHC-CUST,Device 72719711,16185,7,0,7,-98.0,51460.398,52361.449,901.0509999999995
Parker MHC-CUST,Device 72722814,362,8,0,7,-88.0,22935.578,23258.186,322.6080000000002
Parker MHC-CUST,Device 72723705,16185,7,0,5,-85.0,68266.594,68844.305,577.7109999999957
Parker MHC-CUST,Device 72715222,362,8,0,7,-99.0,12795.847,13023.382,227.53499999999985
Parker MHC-CUST,Device 72718960,16185,6,0,7,-92.0,55042.172,56245.621,1203.4490000000005
Parker MHC-CUST,Device 72719844,16185,7,0,7,-95.0,28935.104,29323.658,388.5540000000001
Parker MHC-CUST,Device 70272693,16185,6,0,6,-82.0,60368.238,61573.082,1204.8440000000046
Parker MHC-CUST,Device 70270440,17037,7,0,0,-88.0,26070.0,26070.0,0.0
Parker MHC-CUST,Device 72716824,16185,7,0,7,-96.0,71698.469,72062.672,364.2030000000086
Parker MHC-CUST,Device 70261563,362,9,0,7,-90.0,42400.32,43302.816,902.4959999999992
Parker MHC-CUST,Device 72718861,362,13,0,7,-96.0,22983.563,23748.543,764.9800000000032
Parker MHC-CUST,Device 70271927,16185,7,0,7,-107.0,47723.977,48604.371,880.3940000000002
Parker MHC-CUST,Device 72721816,16131,8,0,6,-96.0,60248.855,61645.027,1396.1719999999987
Parker MHC-CUST,Device 72721105,16185,7,0,6,-99.0,20953.65,21109.627,155.97699999999895
Parker MHC-CUST,Device 72714969,16185,7,0,7,-102.0,82920.523,85325.805,2405.281999999992
Parker MHC-CUST,Device 72719224,16185,7,0,3,-94.0,11811.127,12245.149,434.021999999999
Parker MHC-CUST,Device 70271679,16185,7,0,7,-101.0,56345.43,57234.828,889.398000000001
Parker MHC-CUST,Device 72721162,16185,7,0,7,-86.0,49220.043,50909.199,1689.1560000000027
Parker MHC-CUST,Device 72717558,16185,7,0,7,-101.0,52093.238,52542.297,449.0590000000011
Parker MHC-CUST,Device 70272412,16185,7,0,7,-106.0,45613.688,46419.738,806.0499999999956
Parker MHC-CUST,Device 72715479,16185,8,1,7,-95.0,38379.602,38860.016,480.4140000000043
Parker MHC-CUST,Device 70272669,17037,6,0,7,-101.0,42594.66,43051.656,456.9959999999992
Parker MHC-CUST,Device 72719745,,0,0,,,,,
Parker MHC-CUST,Device 72719232,16185,7,0,7,-84.0,29292.973,29685.238,392.2649999999994
Parker MHC-CUST,Device 72721501,16185,7,0,7,-101.0,54394.98,55898.086,1503.1059999999998
Parker MHC-CUST,Device 72719455,362,12,0,7,-83.0,26548.389,26940.08,391.69100000000253
Parker MHC-CUST,Device 70272347,17037,7,0,7,-93.0,13246.01,14438.544,1192.5339999999997
Parker MHC-CUST,Device 65826508,16185,9,0,7,-97.0,55446.977,56836.227,1389.25
Parker MHC-CUST,Device 65826730,16185,7,0,7,-106.0,26214.877,27023.328,808.4510000000009
Parker MHC-CUST,Device 65823836,362,11,0,7,-85.0,32971.945,33748.121,776.1759999999995
Parker MHC-CUST,Device 65830864,16022,7,0,7,-107.0,20520.043,21869.885,1349.841999999997
Parker MHC-CUST,Device 65831219,16185,7,0,7,-87.0,20451.15,20588.006,136.85599999999977
Parker MHC-CUST,Device 68588225,16185,7,0,7,-94.0,30849.957,31286.84,436.88300000000163
Noble Estates MHC-Cust,Device 75360410,17032,7,0,7,-110.0,57405.539,62421.27,5015.731
Noble Estates MHC-Cust,Device 75365971,,0,0,,,,,
Noble Estates MHC-Cust,Device 79462576,17037,7,0,7,-118.0,87512.766,88127.273,614.5069999999978
Noble Estates MHC-Cust,Device 75374577,17037,7,0,7,-112.0,7454.328,8056.03,601.7019999999993
Noble Estates MHC-Cust,Device 75369155,17032,2,0,0,-124.0,,,
Noble Estates MHC-Cust,Device 75362770,,0,0,,,,,
Noble Estates MHC-Cust,Device 79462865,16185,5,0,2,-118.0,4242.09,4495.247,253.15700000000015
Noble Estates MHC-Cust,Device 75361731,17037,2,0,0,-119.0,5474.768,5601.002,126.23400000000038
Noble Estates MHC-Cust,Device 72715966,,0,0,,,,,
Noble Estates MHC-Cust,Device 75360865,16185,5,1,1,-118.0,13700.756,13963.21,262.4539999999997
Noble Estates MHC-Cust,Device 75371631,16130,7,0,6,-106.0,21032.225,21567.834,535.6090000000004
Noble Estates MHC-Cust,Device 72720305,17040,7,0,0,-111.0,0.0,0.0,0.0
Noble Estates MHC-Cust,Device 72714498,17037,7,0,3,-118.0,12798.977,13176.388,377.41100000000006
Noble Estates MHC-Cust,Device 75373009,17037,6,0,4,-114.0,10759.219,10955.404,196.1850000000013
Noble Estates MHC-Cust,Device 75373660,17037,7,0,7,-115.0,23438.061,24475.75,1037.6889999999985
Noble Estates MHC-Cust,Device 75360675,17032,7,0,0,-107.0,39.786,39.795,0.009000000000000341
Noble Estates MHC-Cust,Device 75363265,17037,9,0,5,-112.0,86363.086,87301.789,938.7030000000086
Noble Estates MHC-Cust,Device 75363307,17032,6,0,3,-117.0,26829.223,27450.77,621.5469999999987
Noble Estates MHC-Cust,Device 75362531,17037,31,0,3,-114.0,39489.813,52597.559,13107.746
Noble Estates MHC-Cust,Device 75364099,16185,7,0,7,-111.0,8084.174,8378.354,294.1799999999994
Noble Estates MHC-Cust,Device 72713763,16131,6,0,0,-117.0,9771.055,10102.154,331.09900000000016
Noble Estates MHC-Cust,Device 75362648,17040,7,0,0,-123.0,235146.0,235146.0,0.0
Noble Estates MHC-Cust,Device 75366631,17032,4,0,2,-120.0,,,
Noble Estates MHC-Cust,Device 72719117,17037,7,0,4,-106.0,56748.086,58427.242,1679.1559999999954
Noble Estates MHC-Cust,Device 75371607,17037,7,0,7,-118.0,13949.792,14304.799,355.0070000000014
Noble Estates MHC-Cust,Device 75371102,17037,4,0,0,-117.0,6127.0,6127.0,0.0
Noble Estates MHC-Cust,Device 75368199,16131,7,0,7,-108.0,7013.434,7417.694,404.2600000000002
Noble Estates MHC-Cust,Device 75361509,17037,9,2,0,-120.0,5.25,5.25,0.0
Noble Estates MHC-Cust,Device 75366623,17037,5,0,4,-122.0,9379.14,9671.158,292.01800000000003
Noble Estates MHC-Cust,Device 75370468,17032,6,0,1,-123.0,7390.223,8092.433,702.21
Noble Estates MHC-Cust,Device 75365237,16130,7,0,6,-113.0,9185.802,9543.707,357.90500000000065
Noble Estates MHC-Cust,Device 75366888,17037,7,0,4,-111.0,8609.824,9129.236,519.4120000000003
Noble Estates MHC-Cust,Device 75369197,17032,6,0,2,-125.0,9742.616,9892.152,149.53600000000006
Noble Estates MHC-Cust,Device 75372654,17037,6,0,7,-116.0,5480.403,5658.433,178.02999999999975
Noble Estates MHC-Cust,Device 75360626,16185,7,0,7,-106.0,3881.185,4138.31,257.12500000000045
Noble Estates MHC-Cust,Device 75367746,17037,7,0,2,-121.0,4180.754,4241.63,60.876000000000204
Noble Estates MHC-Cust,Device 75372456,16185,8,1,7,-119.0,400.32,401.004,0.6840000000000259
Noble Estates MHC-Cust,Device 75373074,17040,7,0,0,-101.0,23454.0,23454.0,0.0
Noble Estates MHC-Cust,Device 75370955,17037,7,0,6,-112.0,11042.676,15421.567,4378.891
Noble Estates MHC-Cust,Device 75363356,16185,7,0,7,-107.0,20190.738,20597.598,406.8600000000006
Noble Estates MHC-Cust,Device 75365401,16185,7,0,6,-113.0,23184.256,25050.258,1866.0020000000004
Noble Estates MHC-Cust,Device 75370344,,0,0,,,,,
Noble Estates MHC-Cust,Device 75363448,17037,4,0,5,-120.0,5862.402,6329.841,467.4390000000003
Noble Estates MHC-Cust,Device 75370583,,0,0,,,,,
Noble Estates MHC-Cust,Device 72719737,,0,0,,,,,
Noble Estates MHC-Cust,Device 72720032,17032,6,0,1,-116.0,11059.295,11458.933,399.63800000000083
Alta Vista MHC-CUST,Device 79460224,363,7,0,2,-100.0,206.331,212.86,6.529000000000025
Alta Vista MHC-CUST,Device 75365476,16131,7,0,7,-115.0,17833.971,18558.02,724.0489999999991
Alta Vista MHC-CUST,Device 79459671,,0,0,,,,,
Alta Vista MHC-CUST,Device 79456529,,0,0,,,,,
Alta Vista MHC-CUST,Device 79466189,,0,0,,,,,
Alta Vista MHC-CUST,Device 75365682,17037,9,0,7,-106.0,16761.273,21832.816,5071.542999999998
Alta Vista MHC-CUST,Device 75366334,,0,0,,,,,
Alta Vista MHC-CUST,Device 75369874,16131,7,0,7,-98.0,11371.488,12151.47,779.982
Alta Vista MHC-CUST,Device 75361814,16131,7,0,7,-109.0,5683.697,6050.526,366.8289999999997
Alta Vista MHC-CUST,Device 75374460,17037,7,0,0,-113.0,295.0,295.0,0.0
Alta Vista MHC-CUST,Device 72716261,16185,8,0,7,-90.0,12078.608,13173.265,1094.6569999999992
Alta Vista MHC-CUST,Device 72715578,363,13,0,7,-106.0,25579.281,27050.43,1471.1490000000013
Alta Vista MHC-CUST,Device 72714506,363,7,0,7,-94.0,217.936,218.084,0.14799999999999613
Alta Vista MHC-CUST,Device 72382128,16185,5,0,0,-77.0,16630.908,16630.908,0.0
Alta Vista MHC-CUST,Device 70263098,17037,6,0,0,-105.0,20918.0,20918.0,0.0
Alta Vista MHC-CUST,Device 70264997,16185,7,0,7,-98.0,55929.559,56894.574,965.0149999999994
Alta Vista MHC-CUST,Device 70264765,16185,7,0,5,-110.0,14944.868,15165.61,220.7420000000002
Alta Vista MHC-CUST,Device 70264187,16131,7,0,7,-118.0,12731.647,13296.942,565.2949999999983
Alta Vista MHC-CUST,Device 70260177,363,7,0,0,-97.0,9636.208,9636.208,0.0
Alta Vista MHC-CUST,Device 70269749,,0,0,,,,,
Alta Vista MHC-CUST,Device 70265200,16131,14,0,7,-108.0,6482.0,6482.0,0.0
Alta Vista MHC-CUST,Device 70270804,16185,7,0,3,-97.0,10122.718,10183.569,60.85099999999875
Alta Vista MHC-CUST,Device 70271356,16131,7,0,7,-96.0,13379.106,13435.913,56.8070000000007
Alta Vista MHC-CUST,Device 77061879,16185,7,0,7,-104.0,50118.125,50502.055,383.9300000000003
Alta Vista MHC-CUST,Device 77054668,363,11,0,7,-94.0,10435.989,10577.677,141.6880000000001
Alta Vista MHC-CUST,Device 77059873,16185,12,0,7,-105.0,64841.805,66190.992,1349.186999999998
Alta Vista MHC-CUST,Device 77055699,16131,7,0,7,-107.0,46930.152,47665.102,734.9499999999971
Alta Vista MHC-CUST,Device 77060061,363,10,0,7,-104.0,44448.004,45192.609,744.6049999999959
Alta Vista MHC-CUST,Device 77061531,16185,7,0,7,-106.0,33284.719,33317.387,32.66800000000512
Alta Vista MHC-CUST,Device 77054130,363,7,0,6,-98.0,1914.784,1914.784,0.0
Alta Vista MHC-CUST,Device 77056143,16131,7,0,7,-109.0,68376.813,69612.844,1236.0310000000027
Alta Vista MHC-CUST,Device 77058305,363,10,0,7,-111.0,68763.297,69689.625,926.3279999999941
Alta Vista MHC-CUST,Device 77057729,16185,8,0,7,-106.0,8360.453,8730.367,369.91400000000067
Alta Vista MHC-CUST,Device 77061143,17040,7,0,0,-101.0,26629.0,26629.0,0.0
Alta Vista MHC-CUST,Device 77054437,16131,7,0,7,-105.0,63181.164,64291.316,1110.1520000000019
Alta Vista MHC-CUST,Device 77061119,16185,7,0,7,-107.0,52500.363,54015.348,1514.9850000000006
Alta Vista MHC-CUST,Device 65824628,363,7,0,1,-109.0,24108.465,24122.938,14.472999999998137
Alta Vista MHC-CUST,Device 65826144,,0,0,,,,,
Alta Vista MHC-CUST,Device 65825716,363,12,0,7,-106.0,135643.25,136474.406,831.1559999999881
Alta Vista MHC-CUST,Device 65824784,16185,7,0,7,-114.0,64035.418,65662.477,1627.059000000001
Alta Vista MHC-CUST,Device 65823034,16185,7,0,7,-105.0,93394.484,94573.984,1179.5
Alta Vista MHC-CUST,Device 65824735,16131,4,0,4,-106.0,81129.625,81132.445,2.820000000006985
Alta Vista MHC-CUST,Device 65824842,16185,7,0,7,-103.0,22261.941,22699.717,437.77600000000166
Alta Vista MHC-CUST,Device 65831581,17040,7,0,0,-116.0,12384.0,12384.0,0.0
Alta Vista MHC-CUST,Device 65831821,16185,7,0,7,-110.0,84796.867,86055.797,1258.9300000000076
Alta Vista MHC-CUST,Device 65827795,16185,7,0,7,-109.0,38923.711,39443.715,520.0039999999935
Alta Vista MHC-CUST,Device 65830856,16185,7,0,7,-109.0,74932.539,76295.055,1362.5159999999887
Alta Vista MHC-CUST,Device 65824909,363,11,0,7,-112.0,41297.766,42313.355,1015.5889999999999
Alta Vista MHC-CUST,Device 65823927,16185,13,0,7,-98.0,131813.344,134578.766,2765.4219999999914
Alta Vista MHC-CUST,Device 65832035,,0,0,,,,,
Alta Vista MHC-CUST,Device 65823596,363,9,0,7,-111.0,14188.421,14495.455,307.03399999999965
Alta Vista MHC-CUST,Device 65831342,16131,7,0,7,-99.0,26655.668,27175.479,519.8109999999979
Alta Vista MHC-CUST,Device 65823356,16131,7,0,7,-99.0,33411.023,34010.973,599.9499999999971
Alta Vista MHC-CUST,Device 65823604,,0,0,,,,,
Alta Vista MHC-CUST,Device 65823901,16185,7,0,7,-115.0,38137.141,38609.926,472.7849999999962
Alta Vista MHC-CUST,Device 65830971,363,10,0,5,-93.0,14510.667,15010.782,500.1149999999998
Alta Vista MHC-CUST,Device 65829239,16131,7,0,7,-112.0,42781.512,43760.484,978.9719999999943
Alta Vista MHC-CUST,Device 65830385,16131,8,0,6,-106.0,98001.797,100520.727,2518.929999999993
Midtown MHP,Device 72722335,15090,6,0,6,-107.0,16564.715,17160.215,595.5
Midtown MHP,Device 75370369,,0,0,,,,,
Midtown MHP,Device 75374668,15090,7,0,5,-111.0,8592.902,8791.097,198.1949999999997
Midtown MHP,Device 75369932,15090,7,0,6,-115.0,12138.215,12646.084,507.8690000000006
Midtown MHP,Device 75372944,15090,7,0,7,-100.0,9197.479,9529.945,332.46600000000035
Midtown MHP,Device 75364966,15090,7,0,7,-113.0,20904.117,22047.641,1143.5240000000013
Midtown MHP,Device 75363349,16131,6,0,5,-112.0,4668.085,4771.325,103.23999999999978
Midtown MHP,Device 75367779,15090,7,0,5,-110.0,26159.619,26228.783,69.16400000000067
Midtown MHP,Device 75361376,16185,7,0,7,-115.0,28354.271,29130.885,776.6139999999978
Oak Grove MHC,Device 72718630,362,9,0,6,-87.0,9956.215,10164.113,207.89799999999923
Oak Grove MHC,Device 72718788,16131,7,0,7,-87.0,21748.057,22256.426,508.3689999999988
Oak Grove MHC,Device 72716154,16131,7,0,7,-89.0,31627.266,32631.002,1003.7360000000008
Oak Grove MHC,Device 72715305,362,13,0,7,-84.0,22951.232,23574.16,622.9279999999999
Oak Grove MHC,Device 72721600,362,9,0,7,-80.0,5751.353,5913.161,161.808
Oak Grove MHC,Device 72721097,362,12,0,7,-81.0,13302.297,13559.862,257.5649999999987
Oak Grove MHC,Device 72718275,362,13,0,7,-87.0,22193.232,22777.959,584.726999999999
Oak Grove MHC,Device 72723325,362,12,0,7,-97.0,41051.219,41978.738,927.5190000000002
Oak Grove MHC,Device 72717657,362,10,0,7,-82.0,24293.047,24890.332,597.2849999999999
Oak Grove MHC,Device 72714563,16131,6,0,7,-83.0,69536.07,71486.797,1950.726999999999
Oak Grove MHC,Oak Grove 112,,0,0,,,,,
Oak Grove MHC,Device 2049965143,10706,0,0,,,42724.0,42724.0,0.0
Oak Grove MHC,Device 2049820033,10671,0,0,,,27467.0,27467.0,0.0
Oak Grove MHC,Device 2068614781,10671,2,0,5,-71.0,87109.0,87336.0,227.0
Oak Grove MHC,Device 2049912558,10671,0,0,,,64062.0,64062.0,0.0
Oak Grove MHC,Device 2049936888,10671,0,0,,,133620.0,133620.0,0.0
Oak Grove MHC,Device 2049925881,10671,0,0,,,129799.0,129799.0,0.0
Oak Grove MHC,Device 2049913572,10671,0,0,,,177789.0,177789.0,0.0
Oak Grove MHC,Device 2049782456,10671,0,0,,,54552.0,54552.0,0.0
Oak Grove MHC,Device 2049923126,10671,0,0,,,51858.0,51858.0,0.0
Oak Grove MHC,Device 2049893410,10671,0,0,,,88656.0,88656.0,0.0
Oak Grove MHC,Device 2049916443,10671,0,0,,,95465.0,95465.0,0.0
Oak Grove MHC,Device 2049835114,10671,0,0,,,10714.0,10714.0,0.0
Oak Grove MHC,Device 2049820173,10671,0,0,,,35372.0,35372.0,0.0
Oak Grove MHC,Device 2049961811,10671,0,0,,,63499.0,63499.0,0.0
Oak Grove MHC,Device 2049915791,10671,2,0,5,-82.0,92985.0,93346.0,361.0
Oak Grove MHC,Device 2049947455,10671,0,0,,,49082.0,49082.0,0.0
Oak Grove MHC,Device 2049790707,10671,0,0,,,66739.0,66739.0,0.0
Oak Grove MHC,Device 2068586211,10671,0,0,,,60667.0,60667.0,0.0
Oak Grove MHC,Device 2068586120,10671,0,0,,,93405.0,93405.0,0.0
Oak Grove MHC,Device 2049956456,10671,0,0,,,46068.0,46068.0,0.0
Oak Grove MHC,Device 2068588357,10671,0,0,,,116777.0,116777.0,0.0
Oak Grove MHC,Device 2049899136,10671,0,0,,,49083.0,49083.0,0.0
Oak Grove MHC,Device 2049835189,10671,0,0,,,75587.0,75587.0,0.0
Selkirk MHC,Device 77055228,,0,0,,,,,
Selkirk MHC,Device 77058743,,0,0,,,,,
Selkirk MHC,Device 77061267,,0,0,,,,,
Selkirk MHC,Device 77053850,,0,0,,,,,
Forest at Sherman MHC-CUST,Device 75364438,16185,7,0,6,-76.0,21754.604,22538.104,783.5
Forest at Sherman MHC-CUST,Device 75372134,362,11,0,7,-105.0,14829.104,15126.412,297.3080000000009
Forest at Sherman MHC-CUST,Device 72720719,16131,7,0,1,-105.0,1921.977,1922.32,0.3429999999998472
Forest at Sherman MHC-CUST,Device 72719158,362,15,0,7,-109.0,22703.414,23616.502,913.0879999999997
Forest at Sherman MHC-CUST,Device 70260284,16185,7,0,7,-116.0,54074.965,55488.141,1413.1760000000068
Forest at Sherman MHC-CUST,Device 70271281,362,11,0,7,-101.0,46504.828,47570.262,1065.434000000001
Forest at Sherman MHC-CUST,Device 70260037,16185,7,0,5,-109.0,13222.438,13222.51,0.07200000000011642
Forest at Sherman MHC-CUST,Device 70264773,362,12,0,7,-103.0,42171.027,43125.871,954.8439999999973
Forest at Sherman MHC-CUST,Device 70260524,16185,7,0,7,-110.0,54059.602,54842.965,783.3629999999976
Forest at Sherman MHC-CUST,Device 77057786,17040,6,0,7,-109.0,26630.031,27111.15,481.1190000000024
Forest at Sherman MHC-CUST,Device 77058222,16185,7,0,7,-100.0,59359.711,60339.828,980.1169999999984
Forest at Sherman MHC-CUST,Device 77056481,16185,6,0,7,-112.0,70509.891,71951.125,1441.2339999999967
Forest at Sherman MHC-CUST,Device 65829205,16185,7,0,1,-97.0,10469.921,10490.658,20.73699999999917
Forest at Sherman MHC-CUST,Device 65824792,362,14,0,7,-112.0,51732.715,52798.938,1066.2230000000054
Forest at Sherman MHC-CUST,Device 65827258,362,9,0,7,-107.0,37916.27,38585.5,669.2300000000032
Forest at Sherman MHC-CUST,Device 65829270,16185,7,0,7,-113.0,23921.857,24142.514,220.65699999999924
Forest at Sherman MHC-CUST,Device 65825633,16131,7,0,7,-109.0,50219.504,51400.656,1181.1520000000019
Forest at Sherman MHC-CUST,Device 65824552,16185,7,0,0,-101.0,36282.074,36282.074,0.0
Forest at Sherman MHC-CUST,Device 65829494,362,12,0,3,-116.0,90623.359,91819.969,1196.6100000000006
Forest at Sherman MHC-CUST,Device 65829403,,0,0,,,,,
Forest at Sherman MHC-CUST,Device 65830088,17037,21,0,7,-109.0,880762.688,907634.563,26871.875
Forest at Sherman MHC-CUST,Device 65825484,362,12,0,7,-107.0,35384.07,36490.785,1106.7150000000038
Forest at Sherman MHC-CUST,Device 65822598,16185,7,0,7,-100.0,30892.281,31487.549,595.268
Forest at Sherman MHC-CUST,Device 65823109,,0,0,,,,,
Forest at Sherman MHC-CUST,Device 65830500,16185,6,0,4,-119.0,25415.227,25597.311,182.08400000000256
Forest at Sherman MHC-CUST,Device 65826052,16185,7,0,7,-104.0,42763.574,43337.801,574.226999999999
Forest at Sherman MHC-CUST,Device 65829155,362,13,0,7,-106.0,26539.434,27174.043,634.6090000000004
Forest at Sherman MHC-CUST,Device 65826185,16185,9,0,6,-101.0,167650.391,169690.203,2039.8120000000054
Forest at Sherman MHC-CUST,Device 65827845,17037,27,0,4,-113.0,163297.969,165272.016,1974.0469999999914
Forest at Sherman MHC-CUST,Device 65822879,16185,7,0,7,-91.0,28970.451,29058.691,88.23999999999796
Forest at Sherman MHC-CUST,Device 65822960,16185,7,0,6,-104.0,36547.176,37054.734,507.55799999999726
Forest at Sherman MHC-CUST,Device 65822101,17040,7,0,0,-108.0,22.0,22.0,0.0
Forest at Sherman MHC-CUST,Device 65822630,16185,8,0,7,-104.0,31888.52,32751.281,862.7609999999986
Forest at Sherman MHC-CUST,Device 65826276,16185,7,0,7,-112.0,32994.309,33446.223,451.91399999999703
Forest at Sherman MHC-CUST,Device 65824982,17037,8,1,4,-114.0,12988.9,13089.397,100.49700000000121
Forest at Sherman MHC-CUST,Device 65831391,362,10,0,7,-108.0,45869.977,46547.949,677.9720000000016
Forest at Sherman MHC-CUST,Device 65823943,,0,0,,,,,
Forest at Sherman MHC-CUST,Device 68587979,16185,5,0,4,-121.0,24974.932,25020.506,45.574000000000524
Forest at Sherman MHC-CUST,Device 65823687,16185,16,0,7,-105.0,89097.813,98465.625,9367.812000000005
Forest at Sherman MHC-CUST,Device 65825195,362,15,0,7,-100.0,24066.969,26569.059,2502.09
Forest at Sherman MHC-CUST,Device 65831383,17037,7,0,0,-100.0,146022.047,146022.047,0.0
Forest at Sherman MHC-CUST,Device 65826243,16185,7,0,7,-107.0,14433.935,14521.873,87.9380000000001
Forest at Sherman MHC-CUST,Device 65831375,362,9,0,7,-96.0,2161.773,2193.015,31.241999999999734
Forest at Sherman MHC-CUST,Device 65822622,16185,7,0,7,-103.0,47239.297,48004.523,765.2260000000024
Oak Tree MHP,Device 75360204,16130,8,0,7,-86.0,6636.354,8090.463,1454.1089999999995
Oak Tree MHP,Device 75369676,16130,7,0,6,-87.0,14675.988,15292.086,616.098
Oak Tree MHP,Device 75370211,16130,7,0,7,-87.0,13116.058,13610.229,494.17099999999846
Oak Tree MHP,Device 75360535,17037,5,0,4,-88.0,33115.957,33118.176,2.2189999999973224
Oak Tree MHP,Device 75370153,16131,5,0,7,-80.0,41126.449,41695.832,569.3830000000016
Oak Tree MHP,Device 75363299,16131,6,0,4,-94.0,14513.314,14576.174,62.86000000000058
Oak Tree MHP,Device 75367480,16131,3,0,4,-86.0,22399.111,22939.623,540.5119999999988
Oak Tree MHP,Device 70271794,16130,6,0,5,-93.0,1002.809,1018.864,16.055000000000064
Oak Tree MHP,Device 72721758,16130,5,0,7,-92.0,14139.219,14465.864,326.64500000000044
Oak Tree MHP,Device 72722749,17037,7,0,0,-82.0,29678.0,29678.0,0.0
Oak Tree MHP,Device 72716923,16193,7,0,6,-89.0,42677.805,43122.813,445.00800000000163
Oak Tree MHP,Device 72716220,16131,7,0,7,-82.0,1820.497,1910.456,89.95899999999983
Oak Tree MHP,Device 72720164,16130,6,0,6,-85.0,20686.682,21815.85,1129.1679999999978
Oak Tree MHP,Device 72720610,16131,7,0,7,-97.0,19276.461,20185.391,908.9300000000003
Oak Tree MHP,Device 72717236,16131,7,0,7,-84.0,9312.112,9620.066,307.95400000000154
Oak Tree MHP,Device 70270408,16131,7,0,6,-88.0,26831.111,27184.666,353.5550000000003
Oak Tree MHP,Device 70261456,16131,7,0,7,-82.0,42210.059,42338.863,128.80399999999645
Oak Tree MHP,Device 2068584158,10671,0,0,,,32818.0,32818.0,0.0
Oak Tree MHP,Device 2068609419,10671,2,0,4,-76.0,81187.0,81567.0,380.0
Oak Tree MHP,Device 2068608056,,0,0,,,,,
Oak Tree MHP,Device 2068609450,10706,0,0,,,41801.0,41801.0,0.0
Oak Tree MHP,Device 2068592912,10706,0,0,,,8837.0,8837.0,0.0
Oak Tree MHP,Device 2068588654,10706,0,0,,,19330.0,19330.0,0.0
Oak Tree MHP,Device 2068588456,10706,0,0,,,0.0,0.0,0.0
Oak Tree MHP,Device 2068586328,10671,0,0,,,23028.0,23028.0,0.0
Oak Tree MHP,Device 2068600772,10671,3,0,4,-78.0,36073.0,36585.0,512.0
Oak Tree MHP,Device 2068604907,10693,2,0,4,-91.0,80677.0,80815.0,138.0
Coleman Village MHC-CUST,Device 75370435,15154,7,0,7,-91.0,6878.835,7134.984,256.14900000000034
Coleman Village MHC-CUST,Device 75372415,16185,7,0,6,-85.0,8337.061,8589.476,252.41500000000087
Coleman Village MHC-CUST,Device 72723382,15154,7,0,7,-86.0,9331.127,9660.589,329.46199999999953
Coleman Village MHC-CUST,Device 75371011,15154,6,0,7,-72.0,9619.096,9984.592,365.496000000001
Coleman Village MHC-CUST,Device 75360428,15154,7,0,7,-95.0,2259.069,2294.882,35.8130000000001
Coleman Village MHC-CUST,Device 75373454,16185,7,0,7,-76.0,7047.656,7583.236,535.5799999999999
Coleman Village MHC-CUST,Device 75373298,17037,7,0,0,-93.0,8534.01,8534.01,0.0
Coleman Village MHC-CUST,Device 72723762,17037,7,0,7,-81.0,16084.635,16675.105,590.4699999999993
Coleman Village MHC-CUST,Device 75374965,17037,7,0,7,-84.0,15201.492,15575.921,374.4290000000001
Coleman Village MHC-CUST,Device 72723788,17037,7,0,7,-89.0,23950.348,24673.77,723.4219999999987
Coleman Village MHC-CUST,Device 72724240,16185,6,0,6,-82.0,41863.289,43023.777,1160.4880000000048
Coleman Village MHC-CUST,Device 75370690,16128,7,0,7,-87.0,1182.783,1183.698,0.915000000000191
Coleman Village MHC-CUST,Device 75371920,17040,7,0,0,-83.0,0.0,0.0,0.0
Coleman Village MHC-CUST,Device 75373744,15154,7,0,7,-95.0,13022.653,13464.385,441.73199999999997
Coleman Village MHC-CUST,Device 75371367,15154,7,0,7,-86.0,23348.559,24092.389,743.8299999999981
Coleman Village MHC-CUST,Device 72718937,16185,7,0,5,-84.0,3509.798,3570.302,60.50400000000036
Coleman Village MHC-CUST,Device 72722723,16185,8,1,6,-80.0,5536.287,5607.964,71.67699999999968
Coleman Village MHC-CUST,Device 72724380,15154,7,0,7,-74.0,3936.629,4162.055,225.42600000000039
Coleman Village MHC-CUST,Device 70266018,16185,7,0,7,-89.0,7304.353,7430.762,126.40899999999965
Coleman Village MHC-CUST,Device 70266240,16185,7,0,7,-81.0,37225.168,38698.73,1473.5620000000054
Coleman Village MHC-CUST,Device 72387168,16185,8,0,7,-80.0,21221.619,21518.857,297.2380000000012
Coleman Village MHC-CUST,Device 72379132,15154,7,0,7,-96.0,16540.965,16869.133,328.1680000000015
Coleman Village MHC-CUST,Device 72382136,15154,7,0,2,-87.0,5809.171,5834.863,25.692000000000007
Coleman Village MHC-CUST,Device 72388059,15154,7,0,7,-85.0,57157.043,57989.816,832.773000000001
Coleman Village MHC-CUST,Device 70273287,17040,7,0,7,-85.0,4883.626,4944.34,60.71399999999994
Coleman Village MHC-CUST,Device 70258924,16185,7,0,7,-87.0,28461.223,28772.996,311.7729999999974
Coleman Village MHC-CUST,Device 70260995,17037,7,0,7,-90.0,13936.792,14161.396,224.60400000000118
Coleman Village MHC-CUST,Device 70266331,16185,7,0,7,-86.0,16266.254,16466.176,199.92199999999866
Coleman Village MHC-CUST,Device 77059030,16185,7,0,7,-82.0,6807.861,6922.916,115.05500000000029
Coleman Village MHC-CUST,Device 70268543,15154,7,0,0,-93.0,34025.52,34025.52,0.0
Coleman Village MHC-CUST,Device 70272099,15154,7,0,7,-98.0,11880.832,12117.204,236.3719999999994
Coleman Village MHC-CUST,Device 70273386,15154,7,0,6,-83.0,25671.35,25775.391,104.04100000000108
Coleman Village MHC-CUST,Device 70267636,15154,7,0,7,-89.0,184589.578,185637.984,1048.4059999999881
Coleman Village MHC-CUST,Device 70270622,16185,9,0,7,-84.0,35902.762,36639.113,736.3509999999951
Coleman Village MHC-CUST,Device 70271521,17037,7,0,7,-85.0,17351.756,17867.211,515.4549999999981
Coleman Village MHC-CUST,Device 70261704,15154,7,0,7,-90.0,9791.719,10031.479,239.76000000000022
Coleman Village MHC-CUST,Device 70266893,15154,7,0,7,-88.0,7967.234,8069.26,102.02599999999984
Coleman Village MHC-CUST,Device 70267073,15154,7,0,7,-101.0,249132.016,249624.406,492.38999999998487
Coleman Village MHC-CUST,Device 70266323,15154,7,0,7,-84.0,22574.039,22951.512,377.47299999999814
Coleman Village MHC-CUST,Device 70269855,15154,7,0,7,-96.0,105343.031,105701.211,358.179999999993
Coleman Village MHC-CUST,Device 70261902,17040,8,0,1,-88.0,3321.0,3321.0,0.0
Coleman Village MHC-CUST,Device 70268550,16185,7,0,7,-81.0,7221.191,7335.787,114.59600000000046
Coleman Village MHC-CUST,Device 70259930,15154,7,0,7,-92.0,28915.016,29285.072,370.0560000000005
Coleman Village MHC-CUST,Device 70267594,16185,7,0,7,-65.0,70960.109,71743.047,782.9380000000092
Coleman Village MHC-CUST,Device 70263643,16185,7,0,7,-83.0,14163.532,14437.859,274.32700000000114
Coleman Village MHC-CUST,Device 70260235,16185,7,0,6,-87.0,20317.1,20397.098,79.99800000000323
Coleman Village MHC-CUST,Device 70259773,17037,7,0,7,-82.0,59070.004,59841.082,771.0780000000013
Coleman Village MHC-CUST,Device 70259567,16185,7,0,7,-84.0,113947.945,114222.656,274.7109999999957
Coleman Village MHC-CUST,Device 70270341,15154,6,0,7,-85.0,20313.668,20472.49,158.82200000000012
Coleman Village MHC-CUST,Device 70258411,16185,8,0,6,-72.0,36030.359,36213.082,182.7230000000054
Coleman Village MHC-CUST,Device 70270119,15154,7,0,7,-79.0,58042.965,58712.953,669.9880000000048
Coleman Village MHC-CUST,Device 70273154,15154,7,0,7,-88.0,11446.013,11658.349,212.33599999999933
Coleman Village MHC-CUST,Device 70273337,15154,7,0,7,-86.0,18825.475,19226.354,400.8790000000008
Coleman Village MHC-CUST,Device 70259039,17037,7,0,7,-84.0,33141.188,33599.703,458.5149999999994
Coleman Village MHC-CUST,Device 77059642,,0,0,,,,,
Coleman Village MHC-CUST,Device 70273451,16185,7,0,7,-83.0,121650.117,122176.844,526.726999999999
Coleman Village MHC-CUST,Device 70273360,16185,7,0,7,-84.0,16570.416,16911.041,340.625
Coleman Village MHC-CUST,Device 70270036,15154,7,0,7,-86.0,133430.375,133517.828,87.45300000000861
Coleman Village MHC-CUST,Device 70265259,15154,7,0,7,-88.0,21964.832,22267.838,303.0060000000012
Coleman Village MHC-CUST,Device 77059956,16185,8,0,7,-90.0,32990.637,33490.395,499.75799999999435
Coleman Village MHC-CUST,Device 70261332,15154,7,0,7,-87.0,6419.563,6472.444,52.88100000000031
Coleman Village MHC-CUST,Device 70260649,15154,7,0,7,-77.0,13063.264,13239.342,176.07800000000134
Coleman Village MHC-CUST,Device 70259922,15154,7,0,7,-91.0,102364.172,102510.523,146.3509999999951
Coleman Village MHC-CUST,Device 70265077,16185,7,0,7,-86.0,11535.243,11684.677,149.4339999999993
Coleman Village MHC-CUST,Device 70258395,15154,9,0,7,-96.0,28913.93,30515.73,1601.7999999999993
Coleman Village MHC-CUST,Device 70261837,17037,7,0,0,-97.0,51628.625,51628.625,0.0
Coleman Village MHC-CUST,Device 70268428,15154,7,0,7,-90.0,33411.145,33934.992,523.8470000000016
Coleman Village MHC-CUST,Device 70266414,16185,8,0,7,-82.0,6162.296,6402.938,240.64199999999983
Coleman Village MHC-CUST,Device 70270572,15154,7,0,7,-88.0,38097.324,39409.535,1312.211000000003
Coleman Village MHC-CUST,Device 70260607,15154,7,0,7,-93.0,35298.199,35659.477,361.2779999999984
Coleman Village MHC-CUST,Device 70263833,17037,7,0,0,-98.0,12376.266,12376.266,0.0
Coleman Village MHC-CUST,Device 70267362,15154,7,0,6,-85.0,30597.293,30610.66,13.36699999999837
Coleman Village MHC-CUST,Device 70271539,16185,7,0,7,-87.0,120268.164,122551.383,2283.2189999999973
Coleman Village MHC-CUST,Device 70267370,15154,7,0,7,-90.0,25047.82,25288.277,240.45699999999852
Coleman Village MHC-CUST,Device 70268576,16185,7,0,7,-78.0,15965.673,16139.889,174.21599999999853
Coleman Village MHC-CUST,Device 70271489,16185,7,0,7,-98.0,17337.574,17582.74,245.16600000000108
Coleman Village MHC-CUST,Device 77053454,16185,7,0,7,-87.0,133679.906,133999.219,319.31300000002375
Coleman Village MHC-CUST,Device 77028860,15154,7,0,7,-84.0,6211.233,6884.737,673.5039999999999
Coleman Village MHC-CUST,Device 77028456,15154,7,0,7,-84.0,85756.891,86916.906,1160.0149999999994
Coleman Village MHC-CUST,Device 65830492,,0,0,,,,,
Coleman Village MHC-CUST,Device 65831870,15154,7,0,7,-86.0,13372.786,13709.568,336.78199999999924
Coleman Village MHC-CUST,Device 68584505,16185,7,0,7,-90.0,20140.396,20470.146,329.75
Coleman Village MHC-CUST,Device 65824461,16185,7,0,0,-93.0,5559.601,5559.601,0.0
Coleman Village MHC-CUST,Device 65822655,16185,7,0,4,-86.0,1327.84,1410.216,82.37599999999998
Minot Gardens MHC-Cust,Device 65825823,,0,0,,,,,
Minot Gardens MHC-Cust,Device 72386483,17037,2,0,7,-103.0,23489.957,23978.594,488.63700000000244
Minot Gardens MHC-Cust,Device 72383803,17037,2,0,0,-111.0,75686.055,75969.883,283.8280000000086
Minot Gardens MHC-Cust,Device 70261753,,0,0,,,,,
Minot Gardens MHC-Cust,Device 70270853,,0,0,,,,,
Minot Gardens MHC-Cust,Device 70260821,,0,0,,,,,
Minot Gardens MHC-Cust,Device 70268220,16131,6,0,0,-121.0,68550.633,69074.617,523.9839999999967
Minot Gardens MHC-Cust,Device 70260771,,0,0,,,,,
Minot Gardens MHC-Cust,Device 70259450,,0,0,,,,,
Minot Gardens MHC-Cust,Device 70264963,16185,2,1,0,-122.0,0.0,0.0,0.0
Minot Gardens MHC-Cust,Device 70267883,17037,2,0,7,-117.0,17921.934,17993.047,71.11299999999756
Minot Gardens MHC-Cust,Device 70271497,17037,3,0,0,-119.0,91023.102,91023.102,0.0
Minot Gardens MHC-Cust,Device 70271109,,0,0,,,,,
Minot Gardens MHC-Cust,Device 77056820,17037,2,0,0,-112.0,2.744,2.744,0.0
Minot Gardens MHC-Cust,Device 70268469,,0,0,,,,,
Minot Gardens MHC-Cust,Device 77054445,16131,5,0,0,-124.0,24184.086,25281.328,1097.242000000002
Minot Gardens MHC-Cust,Device 65825427,,0,0,,,,,
Minot Gardens MHC-Cust,Device 77053215,,0,0,,,,,
Minot Gardens MHC-Cust,Device 77053553,,0,0,,,,,
Minot Gardens MHC-Cust,Device 77055657,,0,0,,,,,
Minot Gardens MHC-Cust,Device 77057430,17037,2,0,3,-109.0,72611.688,72641.422,29.734000000011292
Minot Gardens MHC-Cust,Device 77041699,,0,0,,,,,
Minot Gardens MHC-Cust,Device 65828587,,0,0,,,,,
Minot Gardens MHC-Cust,Device 65825674,,0,0,,,,,
Minot Gardens MHC-Cust,Device 65827266,16131,7,0,0,-121.0,68.124,83.248,15.12400000000001
Minot Gardens MHC-Cust,Device 65830948,,0,0,,,,,
Minot Gardens MHC-Cust,Device 65825336,,0,0,,,,,
Minot Gardens MHC-Cust,Device 65827175,16131,7,0,2,-116.0,1787.523,1824.675,37.152000000000044
Minot Gardens MHC-Cust,Device 65826136,,0,0,,,,,
Minot Gardens MHC-Cust,Device 65829882,,0,0,,,,,
Minot Gardens MHC-Cust,Device 65827324,,0,0,,,,,
Minot Gardens MHC-Cust,Device 65828397,17037,5,1,0,-113.0,88427.359,88480.07,52.711000000010245
Minot Gardens MHC-Cust,Device 65822796,,0,0,,,,,
Minot Gardens MHC-Cust,Device 65824867,17037,1,0,0,-119.0,12062.234,12062.234,0.0
Minot Gardens MHC-Cust,Device 65829262,,0,0,,,,,
Minot Gardens MHC-Cust,Device 65828033,17037,25,1,0,-115.0,19498.367,19791.422,293.0550000000003
Minot Gardens MHC-Cust,Device 68584513,,0,0,,,,,
Minot Gardens MHC-Cust,Device 65831664,,0,0,,,,,
Minot Gardens MHC-Cust,Device 65830989,,0,0,,,,,
Wildwood Estates MHC-CUST,Device 75373264,17037,6,0,7,-99.0,59162.926,59416.957,254.03100000000268
Wildwood Estates MHC-CUST,Device 75363497,17040,4,0,0,-107.0,6440.0,6440.0,0.0
Wildwood Estates MHC-CUST,Device 75363687,362,9,0,7,-115.0,10885.545,11382.895,497.35000000000036
Wildwood Estates MHC-CUST,Device 75372829,16131,7,0,7,-96.0,3594.5,3770.249,175.7489999999998
Wildwood Estates MHC-CUST,Device 70272016,16185,2,0,1,-111.0,3898.313,3938.18,39.866999999999734
Wildwood Estates MHC-CUST,Device 72718564,16185,6,0,6,-106.0,43724.676,44268.16,543.484000000004
Wildwood Estates MHC-CUST,Device 72719323,16185,4,0,3,-109.0,60217.051,60859.387,642.336000000003
Wildwood Estates MHC-CUST,Device 72714233,362,11,0,5,-118.0,59509.668,60298.641,788.9730000000054
Wildwood Estates MHC-CUST,Device 72720339,16185,10,2,6,-108.0,23103.824,23910.977,807.1529999999984
Wildwood Estates MHC-CUST,Device 72720073,16185,7,0,6,-103.0,66459.305,67256.531,797.2260000000097
Wildwood Estates MHC-CUST,Device 72718325,16185,6,0,1,-106.0,6531.718,6531.737,0.01900000000023283
Wildwood Estates MHC-CUST,Device 70265986,16131,5,0,5,-129.0,6626.517,6658.219,31.702000000000226
Wildwood Estates MHC-CUST,Device 72713961,,0,0,,,,,
Wildwood Estates MHC-CUST,Device 72715891,362,10,0,7,-109.0,38448.5,38954.504,506.0040000000008
Wildwood Estates MHC-CUST,Device 72718762,362,2,0,1,-118.0,29586.551,29586.551,0.0
Wildwood Estates MHC-CUST,Device 72721725,16185,6,0,7,-120.0,11275.391,11339.291,63.899999999999636
Wildwood Estates MHC-CUST,Device 72718739,16185,7,0,7,-107.0,17457.713,17619.189,161.47599999999875
Wildwood Estates MHC-CUST,Device 72722954,17037,18,0,7,-110.0,191515.391,198792.125,7276.733999999997
Wildwood Estates MHC-CUST,Device 72718804,362,7,0,3,-98.0,30462.07,30468.631,6.561000000001513
Wildwood Estates MHC-CUST,Device 70268212,17037,6,0,6,-114.0,17106.447,17107.717,1.2700000000004366
Wildwood Estates MHC-CUST,Device 70271216,17037,5,0,7,-104.0,41967.801,42749.707,781.9060000000027
Wildwood Estates MHC-CUST,Device 72723390,16185,7,0,6,-106.0,18992.262,19398.094,405.83200000000215
Wildwood Estates MHC-CUST,Device 72714217,,0,0,,,,,
Wildwood Estates MHC-CUST,Device 72717947,17037,4,0,3,-105.0,19241.236,19322.125,80.88899999999921
Wildwood Estates MHC-CUST,Device 72717780,16185,7,0,0,-95.0,2079.91,2079.91,0.0
Wildwood Estates MHC-CUST,Device 72720479,16185,7,0,7,-107.0,16502.764,16667.564,164.79999999999927
Wildwood Estates MHC-CUST,Device 70262926,,0,0,,,,,
Wildwood Estates MHC-CUST,Device 72717467,16185,5,0,3,-105.0,15834.925,16235.894,400.96900000000096
Wildwood Estates MHC-CUST,Device 72722178,362,9,0,6,-113.0,18864.668,19413.627,548.9589999999989
Wildwood Estates MHC-CUST,Device 72714951,16185,4,0,4,-101.0,5075.649,5165.511,89.86200000000008
Wildwood Estates MHC-CUST,Device 72721931,16185,5,0,0,-95.0,3078.527,3078.527,0.0
Wildwood Estates MHC-CUST,Device 72719778,16185,7,0,5,-106.0,36481.168,36957.121,475.95300000000134
Wildwood Estates MHC-CUST,Device 72716568,362,7,0,6,-99.0,17844.742,17847.504,2.7620000000024447
Wildwood Estates MHC-CUST,Device 72717087,16185,7,0,6,-118.0,31613.324,32070.244,456.91999999999825
Wildwood Estates MHC-CUST,Device 72718911,16185,7,0,7,-105.0,71588.469,73083.953,1495.4839999999967
Wildwood Estates MHC-CUST,Device 72718903,16185,7,0,0,-105.0,652.119,652.119,0.0
Wildwood Estates MHC-CUST,Device 72715669,16185,9,0,6,-103.0,51782.137,52450.961,668.8240000000005
Wildwood Estates MHC-CUST,Device 70272503,16185,7,0,7,-103.0,6686.058,7111.814,425.7560000000003
Wildwood Estates MHC-CUST,Device 72719810,16185,6,0,7,-107.0,7944.794,8209.679,264.8850000000002
Wildwood Estates MHC-CUST,Device 72718101,17037,7,0,7,-105.0,9992.291,10845.589,853.2980000000007
Wildwood Estates MHC-CUST,Device 72720172,362,12,0,7,-110.0,21639.113,22013.58,374.46700000000055
Wildwood Estates MHC-CUST,Device 70271687,16185,5,0,7,-102.0,38148.633,38591.992,443.35899999999674
Wildwood Estates MHC-CUST,Device 72724372,16185,7,0,7,-108.0,20725.545,20868.822,143.27700000000186
Wildwood Estates MHC-CUST,Device 72722632,362,8,0,5,-105.0,20827.73,21308.857,481.1270000000004
Wildwood Estates MHC-CUST,Device 72724489,16185,7,0,3,-112.0,8492.188,8539.195,47.00699999999961
Wildwood Estates MHC-CUST,Device 72717293,16185,7,0,7,-111.0,16814.859,17016.488,201.62900000000081
Wildwood Estates MHC-CUST,Device 72717723,16185,7,0,7,-103.0,49929.594,50391.641,462.04700000000594
Wildwood Estates MHC-CUST,Device 72716071,362,9,0,4,-116.0,21307.736,21540.461,232.72499999999854
Wildwood Estates MHC-CUST,Device 70261795,,0,0,,,,,
Pleasant View MHP,Device 72390428,,0,0,,,,,
Mena Estates MHC,Device 72385618,16185,7,0,0,-96.0,3455.0,3455.0,0.0
Mena Estates MHC,Device 72390634,17037,31,0,7,-95.0,5978.688,6110.546,131.85800000000017
Mena Estates MHC,Device 77059790,16185,7,0,7,-79.0,213.983,248.629,34.64599999999999
Mena Estates MHC,Device 70264674,16185,7,0,7,-85.0,2831.973,3239.17,407.1970000000001
Mena Estates MHC,Device 70268089,17037,7,0,7,-87.0,12031.621,12047.153,15.532000000001062
Mena Estates MHC,Device 70261522,17037,7,0,6,-97.0,33577.211,33621.801,44.58999999999651
Mena Estates MHC,Device 70271208,17037,10,0,7,-90.0,9733.689,12874.063,3140.374
Mena Estates MHC,Device 70269822,16185,7,0,7,-80.0,9262.207,9441.037,178.82999999999993
Mena Estates MHC,Device 70261258,16185,7,0,7,-99.0,4147.653,4715.972,568.3189999999995
Mena Estates MHC,Device 70268170,16185,7,0,0,-84.0,,,
Mena Estates MHC,Device 70264708,16185,7,0,0,-106.0,6869.0,6869.0,0.0
Mena Estates MHC,Device 70270325,16185,7,0,7,-84.0,18265.113,18548.744,283.6309999999976
Mena Estates MHC,Device 70269848,16185,8,0,7,-80.0,14708.951,15067.464,358.51300000000083
Mena Estates MHC,Device 77055681,16185,10,0,7,-91.0,5492.533,6224.104,731.5709999999999
Mena Estates MHC,Device 77057125,16185,7,0,0,-95.0,0.0,0.0,0.0
Mena Estates MHC,Device 65823091,,0,0,,,,,
Mena Estates MHC,Device 77055269,16185,9,0,6,-91.0,1200.994,3075.045,1874.0510000000002
Mena Estates MHC,Device 77057653,16185,7,0,3,-83.0,344.658,366.292,21.633999999999958
Mena Estates MHC,Device 77055053,16185,7,0,7,-75.0,1316.172,1528.915,212.74299999999994
Mena Estates MHC,Device 77055079,16185,7,0,7,-92.0,31145.775,31503.686,357.91100000000006
Mena Estates MHC,Device 77053801,17037,7,0,4,-92.0,2256.618,2262.99,6.371999999999844
Mena Estates MHC,Device 77062158,16185,7,0,6,-79.0,9197.422,9259.777,62.35499999999956
Mena Estates MHC,Device 77055210,16185,7,0,0,-104.0,88250.781,88250.781,0.0
Mena Estates MHC,Device 77054221,16185,7,0,7,-65.0,1098.725,1230.727,132.00200000000018
Mena Estates MHC,Device 77061671,16185,7,0,0,-93.0,0.0,0.0,0.0
Mena Estates MHC,Device 77041855,16185,7,0,7,-110.0,2050.849,2370.367,319.51800000000003
Mena Estates MHC,Device 77041319,16185,7,0,0,-95.0,0.0,0.0,0.0
Mena Estates MHC,Device 65824339,16185,7,0,0,-97.0,0.0,0.0,0.0
Mena Estates MHC,Device 77061101,16185,10,0,7,-94.0,418.19,1070.761,652.5709999999999
Mena Estates MHC,Device 77054858,16185,7,0,7,-85.0,3538.495,4051.144,512.6489999999999
Mena Estates MHC,Device 77052001,16185,7,0,7,-86.0,2681.648,3036.975,355.32699999999977
Mena Estates MHC,Device 77053413,17037,8,0,7,-88.0,7035.546,8691.72,1656.173999999999
Mena Estates MHC,Device 77057760,16185,8,0,7,-90.0,1559.663,1778.024,218.36099999999988
Mena Estates MHC,Device 77058594,17037,7,0,7,-96.0,88479.828,88823.0,343.17200000000594
Mena Estates MHC,Device 65829874,17037,7,0,7,-73.0,2128874.75,2129028.25,153.5
Mena Estates MHC,Device 65827878,16185,7,0,7,-86.0,9233.86,9995.474,761.6139999999996
Mena Estates MHC,Device 77054395,16185,7,0,7,-85.0,922.422,1064.441,142.019
Mena Estates MHC,Device 77058248,17037,7,0,0,-94.0,6643.182,6643.182,0.0
Mena Estates MHC,Device 77058123,17037,7,0,7,-82.0,7633.79,8441.342,807.5520000000006
Mena Estates MHC,Device 77055491,16185,7,0,7,-73.0,16433.699,18433.826,2000.1270000000004
Mena Estates MHC,Device 65825708,16185,17,0,7,-89.0,7809.344,10431.957,2622.6130000000003
Mena Estates MHC,Device 65831433,16185,7,0,7,-86.0,139.588,820.42,680.832
Mena Estates MHC,Device 65830724,16185,7,0,7,-74.0,2457.389,2736.642,279.2529999999997
Mena Estates MHC,Device 65826177,17037,7,0,7,-85.0,81989.867,83340.195,1350.3280000000086
Mena Estates MHC,Device 65825021,16185,7,0,0,-87.0,0.0,0.0,0.0
Mena Estates MHC,Device 65829072,16185,7,0,7,-84.0,4674.901,5544.056,869.1549999999997
Mena Estates MHC,Device 65831763,16185,7,0,0,-83.0,68.47,68.47,0.0
Mena Estates MHC,Device 65831615,16185,7,0,0,-79.0,6623.373,6623.373,0.0
La Comunidad MHC-CUST,Device 70262280,16185,7,0,5,-100.0,39551.578,40181.984,630.4059999999954
La Comunidad MHC-CUST,Device 70272107,16185,10,0,7,-108.0,95673.047,97733.945,2060.898000000001
La Comunidad MHC-CUST,Device 70273022,16185,4,0,6,-110.0,71804.422,72088.625,284.20299999999406
La Comunidad MHC-CUST,Device 70270499,16185,7,0,7,-115.0,63475.02,64646.836,1171.8160000000062
La Comunidad MHC-CUST,Device 72379124,16185,7,0,0,-97.0,202632.969,202633.0,0.030999999988125637
La Comunidad MHC-CUST,Device 70258643,16185,5,0,6,-98.0,122623.406,122854.82,231.4140000000043
La Comunidad MHC-CUST,Device 70261274,362,12,0,7,-101.0,30779.521,31364.309,584.7880000000005
La Comunidad MHC-CUST,Device 70265523,16185,7,0,6,-98.0,28057.279,28496.078,438.7990000000027
La Comunidad MHC-CUST,Device 70269467,16185,7,0,0,-90.0,17971.0,17971.0,0.0
La Comunidad MHC-CUST,Device 72383993,16185,6,0,3,-87.0,43927.719,43928.902,1.1830000000045402
La Comunidad MHC-CUST,Device 70269277,16185,7,0,7,-94.0,33571.176,34196.297,625.1209999999992
La Comunidad MHC-CUST,Device 72387291,16185,7,0,7,-96.0,84277.07,85670.688,1393.6179999999877
La Comunidad MHC-CUST,Device 72387804,,0,0,,,,,
La Comunidad MHC-CUST,Device 70265994,16185,6,0,6,-102.0,66060.82,66879.016,818.1959999999963
La Comunidad MHC-CUST,Device 72383944,,0,0,,,,,
La Comunidad MHC-CUST,Device 70270721,362,9,0,7,-97.0,19220.922,19626.557,405.63500000000204
La Comunidad MHC-CUST,Device 72380213,16185,7,0,6,-108.0,43321.461,43725.121,403.6599999999962
La Comunidad MHC-CUST,Device 72380353,16185,6,0,7,-96.0,54856.75,55518.039,661.288999999997
La Comunidad MHC-CUST,Device 72386285,16185,4,0,3,-97.0,89019.102,90075.758,1056.6560000000027
La Comunidad MHC-CUST,Device 70266737,16185,7,0,7,-112.0,24773.727,25227.66,453.9330000000009
La Comunidad MHC-CUST,Device 72387648,16185,7,0,6,-106.0,90070.805,91611.211,1540.4060000000027
La Comunidad MHC-CUST,Device 72384546,16185,11,0,7,-103.0,71353.117,72988.281,1635.1640000000043
La Comunidad MHC-CUST,Device 72383977,16185,6,0,4,-103.0,39140.813,39819.941,679.127999999997
La Comunidad MHC-CUST,Device 72380130,16185,5,0,4,-107.0,12840.021,13030.085,190.0639999999985
La Comunidad MHC-CUST,Device 72387770,362,12,0,7,-103.0,72418.07,73658.758,1240.6879999999946
La Comunidad MHC-CUST,Device 72380247,16185,6,0,7,-97.0,23371.154,23762.57,391.4160000000011
La Comunidad MHC-CUST,Device 70270002,16185,17,0,7,-103.0,85155.492,87810.625,2655.1330000000016
La Comunidad MHC-CUST,Device 70262439,16185,7,0,7,-108.0,74713.539,75423.406,709.8669999999984
La Comunidad MHC-CUST,Device 70261779,17037,7,0,0,-88.0,171424.0,171424.0,0.0
La Comunidad MHC-CUST,Device 72384058,16185,6,0,4,-89.0,56737.438,57463.832,726.3940000000002
La Comunidad MHC-CUST,Device 72380601,362,8,0,7,-107.0,49698.266,50315.617,617.3509999999951
La Comunidad MHC-CUST,Device 70265267,16185,6,0,7,-104.0,72001.25,72712.375,711.125
La Comunidad MHC-CUST,Device 70266026,,0,0,,,,,
La Comunidad MHC-CUST,Device 72387960,16185,7,0,7,-96.0,65248.461,65888.867,640.4059999999954
La Comunidad MHC-CUST,Device 70265580,16185,6,0,0,-104.0,44678.77,44678.77,0.0
La Comunidad MHC-CUST,Device 72380262,,0,0,,,,,
La Comunidad MHC-CUST,Device 70269236,16185,7,0,6,-112.0,55529.141,56123.266,594.125
La Comunidad MHC-CUST,Device 72387952,16185,7,0,6,-111.0,74228.438,75500.984,1272.546000000002
La Comunidad MHC-CUST,Device 72384082,,0,0,,,,,
La Comunidad MHC-CUST,Device 72387069,16185,6,0,6,-97.0,35855.043,36191.098,336.0550000000003
La Comunidad MHC-CUST,Device 70266083,16185,7,0,5,-95.0,15924.893,16435.854,510.96099999999933
La Comunidad MHC-CUST,Device 70261548,362,12,0,7,-94.0,48859.195,49928.82,1069.625
La Comunidad MHC-CUST,Device 72381450,16022,6,0,1,-97.0,21849.117,21852.928,3.8110000000015134
La Comunidad MHC-CUST,Device 72387747,17037,7,0,7,-106.0,23994.652,24096.225,101.57300000000032
La Comunidad MHC-CUST,Device 72387010,16185,8,0,5,-90.0,70958.938,73880.156,2921.218000000008
La Comunidad MHC-CUST,Device 70258429,16185,5,0,4,-111.0,207792.688,208143.031,350.3429999999935
La Comunidad MHC-CUST,Device 72380478,16185,6,0,4,-91.0,8715.926,8836.313,120.38700000000063
La Comunidad MHC-CUST,Device 72379678,362,12,0,7,-108.0,26528.918,27145.611,616.6929999999993
La Comunidad MHC-CUST,Device 72384108,16185,6,0,6,-97.0,20081.688,20315.895,234.20700000000215
La Comunidad MHC-CUST,Device 72384264,16185,7,0,7,-103.0,36828.027,37224.906,396.8790000000008
La Comunidad MHC-CUST,Device 72380577,362,8,0,7,-114.0,36052.402,36143.938,91.53600000000006
La Comunidad MHC-CUST,Device 72387077,17037,6,0,5,-121.0,37730.719,38144.195,413.4760000000024
La Comunidad MHC-CUST,Device 70269905,362,6,0,2,-120.0,51715.016,52294.891,579.875
La Comunidad MHC-CUST,Device 70272206,16185,6,0,7,-110.0,60419.867,60479.238,59.370999999999185
La Comunidad MHC-CUST,Device 72380346,16185,6,0,6,-126.0,30747.143,31220.6,473.4569999999985
La Comunidad MHC-CUST,Device 70269285,16185,7,0,7,-98.0,37044.246,37502.824,458.57800000000134
La Comunidad MHC-CUST,Device 70269384,16185,7,0,5,-102.0,22880.66,23130.563,249.90299999999843
La Comunidad MHC-CUST,Device 70268816,16185,6,0,2,-106.0,63434.688,63435.352,0.6639999999970314
La Comunidad MHC-CUST,Device 72387762,16185,7,0,7,-103.0,126313.305,126933.938,620.6330000000016
La Comunidad MHC-CUST,Device 72384249,16185,7,0,4,-107.0,57442.504,58327.332,884.8280000000013
La Comunidad MHC-CUST,Device 72384165,16185,7,0,4,-112.0,57447.301,57933.996,486.6949999999997
La Comunidad MHC-CUST,Device 72387028,,0,0,,,,,
La Comunidad MHC-CUST,Device 70265499,16185,6,0,6,-110.0,50298.93,50827.254,528.3240000000005
La Comunidad MHC-CUST,Device 72378316,16185,6,0,7,-99.0,24251.74,24441.807,190.0669999999991
La Comunidad MHC-CUST,Device 72380429,17037,10,0,7,-99.0,50689.074,51646.715,957.640999999996
La Comunidad MHC-CUST,Device 70269038,362,12,0,7,-106.0,31046.842,31869.791,822.9490000000005
La Comunidad MHC-CUST,Device 72380544,16185,11,0,7,-101.0,44255.965,46968.117,2712.152000000002
La Comunidad MHC-CUST,Device 70271943,16185,7,0,7,-96.0,24388.582,24604.74,216.15800000000309
La Comunidad MHC-CUST,Device 72380494,16185,8,0,7,-102.0,71833.125,73475.859,1642.7339999999967
La Comunidad MHC-CUST,Device 72391665,16022,6,0,7,-102.0,42052.555,42613.969,561.413999999997
La Comunidad MHC-CUST,Device 70270267,17037,7,0,0,-114.0,43284.309,43284.309,0.0
La Comunidad MHC-CUST,Device 72380320,16185,7,0,6,-105.0,44434.238,45398.668,964.4300000000003
La Comunidad MHC-CUST,Device 70269558,16185,7,0,6,-107.0,76383.555,77173.281,789.7260000000097
La Comunidad MHC-CUST,Device 72387598,16185,7,0,7,-93.0,84256.102,84679.406,423.3040000000037
La Comunidad MHC-CUST,Device 72384561,16185,7,0,6,-105.0,80313.469,80780.344,466.875
La Comunidad MHC-CUST,Device 72387705,16185,6,0,6,-99.0,78817.633,79175.82,358.18700000000536
La Comunidad MHC-CUST,Device 72384025,362,10,0,7,-91.0,35351.84,35900.402,548.5620000000054
La Comunidad MHC-CUST,Device 72387465,16185,7,0,3,-103.0,21936.105,22064.348,128.2430000000022
La Comunidad MHC-CUST,Device 70267800,16185,6,0,6,-100.0,115420.938,116237.016,816.0780000000086
La Comunidad MHC-CUST,Device 72384686,16185,5,0,7,-114.0,45731.422,46353.125,621.7030000000013
La Comunidad MHC-CUST,Device 70272198,16185,8,1,6,-111.0,29830.492,30192.322,361.83000000000175
La Comunidad MHC-CUST,Device 70271414,16185,6,0,6,-108.0,48627.762,49045.738,417.9759999999951
La Comunidad MHC-CUST,Device 72384595,16185,10,0,7,-105.0,43998.195,44571.176,572.9809999999998
La Comunidad MHC-CUST,Device 70265457,16185,7,0,7,-101.0,33326.809,33669.598,342.78899999999703
La Comunidad MHC-CUST,Device 72380775,16185,7,0,6,-107.0,66190.0,66583.25,393.25
La Comunidad MHC-CUST,Device 70266182,16185,6,0,7,-99.0,19509.078,19626.156,117.0779999999977
La Comunidad MHC-CUST,Device 72384124,17037,21,0,7,-94.0,321965.969,333076.594,11110.625
La Comunidad MHC-CUST,Device 72384207,16185,7,0,7,-103.0,44958.422,45554.027,595.6050000000032
La Comunidad MHC-CUST,Device 70267669,16185,7,0,6,-118.0,58487.516,59080.535,593.0190000000002
La Comunidad MHC-CUST,Device 72380676,,0,0,,,,,
La Comunidad MHC-CUST,Device 72391178,16185,6,0,7,-106.0,68542.875,69225.398,682.523000000001
La Comunidad MHC-CUST,Device 72383746,16185,6,0,5,-101.0,79367.844,80005.391,637.5470000000059
La Comunidad MHC-CUST,Device 70258775,,0,0,,,,,
La Comunidad MHC-CUST,Device 72386947,16185,7,0,7,-114.0,24379.262,24490.979,111.71700000000055
La Comunidad MHC-CUST,Device 70269962,16185,9,0,6,-96.0,44566.793,49717.41,5150.617000000006
La Comunidad MHC-CUST,Device 72384140,16185,6,0,7,-98.0,29506.695,29945.646,438.95100000000093
La Comunidad MHC-CUST,Device 72387739,16185,7,0,4,-119.0,58365.898,59620.988,1255.0899999999965
La Comunidad MHC-CUST,Device 72381724,362,11,0,7,-108.0,73711.57,75154.953,1443.382999999987
La Comunidad MHC-CUST,Device 72380460,16185,7,0,7,-81.0,12165.23,12183.808,18.57800000000134
La Comunidad MHC-CUST,Device 72384041,16185,7,0,6,-102.0,55909.871,56674.297,764.4259999999995
La Comunidad MHC-CUST,Device 72378688,16185,4,0,3,-110.0,55522.164,55726.313,204.1490000000049
La Comunidad MHC-CUST,Device 70259575,17037,7,0,7,-98.0,95800.602,96599.57,798.968000000008
La Comunidad MHC-CUST,Device 72380296,16185,7,0,7,-101.0,73833.094,74987.234,1154.1399999999994
La Comunidad MHC-CUST,Device 70273634,16022,6,0,7,-116.0,8169.896,8226.962,57.0659999999998
La Comunidad MHC-CUST,Device 70272164,16185,7,0,7,-99.0,40176.5,40546.184,369.6840000000011
La Comunidad MHC-CUST,Device 72379058,362,9,0,5,-120.0,28494.936,29196.576,701.6399999999994
La Comunidad MHC-CUST,Device 72379660,16185,7,0,0,-95.0,27790.385,27790.385,0.0
La Comunidad MHC-CUST,Device 70268758,16022,6,0,7,-108.0,29795.004,30830.172,1035.1679999999978
La Comunidad MHC-CUST,Device 72387994,16185,7,0,6,-99.0,38307.078,38667.578,360.5
La Comunidad MHC-CUST,Device 72383910,16185,6,0,6,-105.0,17667.137,17973.195,306.0580000000009
La Comunidad MHC-CUST,Device 70260318,16185,8,0,6,-108.0,38638.508,39527.715,889.2069999999949
La Comunidad MHC-CUST,Device 70266042,16185,5,0,3,-104.0,43173.703,43893.281,719.5780000000013
La Comunidad MHC-CUST,Device 72388315,,0,0,,,,,
La Comunidad MHC-CUST,Device 72391913,16185,7,0,7,-98.0,70653.281,71830.492,1177.2109999999957
La Comunidad MHC-CUST,Device 72381278,,0,0,,,,,
La Comunidad MHC-CUST,Device 72379371,16185,7,0,7,-101.0,79139.07,79882.336,743.2659999999887
La Comunidad MHC-CUST,Device 72381963,16185,7,0,7,-108.0,13275.454,13354.368,78.91400000000067
La Comunidad MHC-CUST,Device 72387002,362,13,0,7,-99.0,94722.039,99409.859,4687.819999999992
La Comunidad MHC-CUST,Device 70258999,16185,7,0,0,-102.0,6232.774,6232.774,0.0
La Comunidad MHC-CUST,Device 70269590,,0,0,,,,,
La Comunidad MHC-CUST,Device 70262082,362,8,0,7,-102.0,30057.754,30711.516,653.7619999999988
La Comunidad MHC-CUST,Device 72378308,16185,7,0,7,-103.0,90901.891,92454.539,1552.648000000001
La Comunidad MHC-CUST,Device 72387267,17037,6,0,7,-89.0,17045.701,17151.713,106.0119999999988
La Comunidad MHC-CUST,Device 72379298,362,11,0,7,-87.0,19080.711,20728.506,1647.795000000002
La Comunidad MHC-CUST,Device 72379363,16185,9,1,7,-116.0,53919.406,54592.418,673.0119999999952
La Comunidad MHC-CUST,Device 72379215,16185,7,0,6,-105.0,40449.113,41050.859,601.7459999999992
La Comunidad MHC-CUST,Device 72379587,362,11,0,7,-102.0,14114.314,14417.843,303.52900000000045
La Comunidad MHC-CUST,Device 72381997,16184,7,0,6,-95.0,132019.344,133066.641,1047.2969999999914
La Comunidad MHC-CUST,Device 72391855,16185,6,0,6,-96.0,74286.516,75331.516,1045.0
La Comunidad MHC-CUST,Device 72378738,16185,6,0,5,-110.0,34190.109,34754.297,564.1880000000019
La Comunidad MHC-CUST,Device 70269764,16185,7,0,0,-91.0,19131.418,19131.418,0.0
La Comunidad MHC-CUST,Device 70259583,16185,6,0,5,-105.0,81729.25,83173.273,1444.023000000001
La Comunidad MHC-CUST,Device 72391236,16185,7,0,7,-96.0,78361.023,79842.805,1481.781999999992
La Comunidad MHC-CUST,Device 72378720,362,12,0,7,-100.0,72391.445,73575.867,1184.4219999999914
La Comunidad MHC-CUST,Device 72378852,16185,8,0,7,-95.0,35673.289,36438.531,765.2420000000056
La Comunidad MHC-CUST,Device 72390535,16185,4,0,5,-93.0,64957.371,65731.523,774.1520000000019
La Comunidad MHC-CUST,Device 70265549,16185,7,0,6,-96.0,134155.141,135470.891,1315.75
La Comunidad MHC-CUST,Device 72379405,16185,7,0,7,-101.0,52100.871,52989.859,888.9879999999976
La Comunidad MHC-CUST,Device 70259872,362,13,0,7,-107.0,41945.246,43050.543,1105.2969999999987
La Comunidad MHC-CUST,Device 70267446,16185,7,0,7,-107.0,315626.563,318836.313,3209.75
La Comunidad MHC-CUST,Device 72387622,16185,6,0,7,-93.0,41290.809,41698.715,407.9059999999954
La Comunidad MHC-CUST,Device 70273006,16185,7,0,6,-93.0,57175.445,57606.527,431.08200000000215
La Comunidad MHC-CUST,Device 72379108,16185,6,0,6,-107.0,23261.428,23512.672,251.24399999999878
La Comunidad MHC-CUST,Device 70265721,16185,7,0,7,-94.0,53904.449,54840.676,936.226999999999
La Comunidad MHC-CUST,Device 70263783,16185,6,0,6,-86.0,55274.492,56022.34,747.8479999999981
La Comunidad MHC-CUST,Device 70266265,16185,7,0,7,-106.0,58423.836,59176.199,752.3629999999976
La Comunidad MHC-CUST,Device 70272545,16185,7,0,5,-114.0,42737.809,43570.152,832.3430000000008
La Comunidad MHC-CUST,Device 72385634,16185,6,0,6,-106.0,51018.734,51314.441,295.70700000000215
La Comunidad MHC-CUST,Device 72390857,16185,7,0,3,-89.0,4164.758,4233.706,68.94800000000032
La Comunidad MHC-CUST,Device 72390840,16185,9,0,6,-102.0,84464.266,85794.313,1330.0469999999914
La Comunidad MHC-CUST,Device 70261514,16185,7,0,0,-109.0,12880.414,12880.414,0.0
La Comunidad MHC-CUST,Device 70259302,,0,0,,,,,
La Comunidad MHC-CUST,Device 70260888,16185,8,0,7,-114.0,50466.289,50964.438,498.1490000000049
La Comunidad MHC-CUST,Device 65822291,16185,7,0,1,-105.0,45979.285,45981.5,2.2149999999965075
La Comunidad MHC-CUST,Device 68618733,16185,7,0,7,-109.0,14893.943,14901.146,7.203000000001339
La Comunidad MHC-CUST,Device 65831409,17037,8,0,7,-102.0,46605.465,47333.637,728.1720000000059
La Comunidad MHC-CUST,Device 65831805,16185,7,0,7,-100.0,38865.91,39168.035,302.125
Wildwood Village MHC-CUST,Device 75363406,16185,6,0,6,-87.0,25766.861,26427.021,660.1599999999999
Wildwood Village MHC-CUST,Device 75362333,16185,7,0,7,-92.0,40496.563,41987.863,1491.2999999999956
Wildwood Village MHC-CUST,Device 75362507,16185,9,0,6,-89.0,2098.26,2098.637,0.3769999999999527
Wildwood Village MHC-CUST,Device 75364149,17037,7,0,2,-85.0,3958.013,3986.726,28.713000000000193
Wildwood Village MHC-CUST,Device 72715776,17037,7,0,7,-91.0,63263.711,64426.324,1162.6129999999976
Wildwood Village MHC-CUST,Device 72719943,16185,7,0,7,-76.0,60131.227,60462.449,331.2220000000016
Wildwood Village MHC-CUST,Device 72718374,16185,7,0,7,-97.0,49720.199,50499.703,779.5040000000008
Wildwood Village MHC-CUST,Device 72717160,16185,7,0,7,-88.0,29382.48,30004.176,621.6959999999999
Wildwood Village MHC-CUST,Device 72715156,16185,6,0,7,-93.0,32095.879,32788.559,692.6800000000003
Wildwood Village MHC-CUST,Device 72721733,,0,0,,,,,
Wildwood Village MHC-CUST,Device 72722863,362,13,0,7,-102.0,29998.945,32018.932,2019.987000000001
Wildwood Village MHC-CUST,Device 72722483,,0,0,,,,,
Wildwood Village MHC-CUST,Device 72722400,362,11,0,7,-83.0,53119.699,54506.262,1386.563000000002
Wildwood Village MHC-CUST,Device 72722509,17037,7,0,0,-90.0,26426.0,26426.0,0.0
Wildwood Village MHC-CUST,Device 72716857,16185,7,0,6,-80.0,34282.004,34631.629,349.625
Wildwood Village MHC-CUST,Device 72714332,362,9,0,5,-84.0,31292.141,31308.414,16.273000000001048
Wildwood Village MHC-CUST,Device 72716451,,0,0,,,,,
Wildwood Village MHC-CUST,Device 72722384,16185,6,0,7,-82.0,35882.594,36271.105,388.5110000000059
Wildwood Village MHC-CUST,Device 72714001,16185,5,0,6,-87.0,43580.996,44511.07,930.0740000000005
Wildwood Village MHC-CUST,Device 72721543,16185,5,0,5,-84.0,39306.496,39904.086,597.5900000000038
Wildwood Village MHC-CUST,Device 72715933,16185,6,0,7,-78.0,23707.547,23986.424,278.8770000000004
Wildwood Village MHC-CUST,Device 70272651,362,10,0,7,-92.0,10141.07,10334.228,193.15799999999945
Wildwood Village MHC-CUST,Device 70271703,16185,10,0,7,-93.0,10169.626,10169.626,0.0
Wildwood Village MHC-CUST,Device 65829544,16185,7,0,7,-87.0,30728.23,31325.016,596.7860000000001
Wildwood Village MHC-CUST,Device 65831896,362,10,0,7,-99.0,26322.217,27000.83,678.6130000000012
Kay Lou-Cust,Device 75363885,16131,7,0,6,-105.0,20345.281,20345.795,0.5139999999992142
Kay Lou-Cust,Device 75370807,16131,7,0,7,-106.0,3790.52,4143.25,352.73
Kay Lou-Cust,Device 79463541,16131,7,0,7,-82.0,4954.805,5311.085,356.27999999999975
Kay Lou-Cust,Device 79454755,16131,7,0,7,-90.0,1996.133,2103.63,107.49700000000007
Kay Lou-Cust,Device 75367159,16131,7,0,7,-91.0,1574.401,1678.317,103.91599999999994
Kay Lou-Cust,Device 75362481,16131,7,0,7,-83.0,4729.082,5249.158,520.076
Kay Lou-Cust,Device 79466106,17037,7,0,7,-97.0,9768.2,11085.282,1317.0819999999985
Kay Lou-Cust,Device 75364305,17037,7,0,7,-88.0,23224.547,23605.584,381.03700000000026
Kay Lou-Cust,Device 75365807,16131,7,0,7,-91.0,4498.13,4850.72,352.59000000000015
Kay Lou-Cust,Device 79462766,16131,7,0,0,-88.0,1.106,1.106,0.0
Kay Lou-Cust,Device 79453450,16131,7,0,3,-91.0,58.293,63.89,5.597000000000001
Kay Lou-Cust,Device 79454268,16131,7,0,7,-76.0,7779.484,8386.203,606.7189999999991
Kay Lou-Cust,Device 75374510,,0,0,,,,,
Kay Lou-Cust,Device 79455372,16131,7,0,7,-101.0,8750.045,9656.132,906.0869999999995
Kay Lou-Cust,Device 75368975,16131,7,0,4,-83.0,5839.54,5995.759,156.21900000000005
Kay Lou-Cust,Device 75373447,16131,7,0,0,-84.0,123.817,123.817,0.0
Kay Lou-Cust,Device 75363125,16131,7,0,5,-102.0,2683.074,2946.537,263.46299999999974
Kay Lou-Cust,Device 75369379,16131,7,0,7,-101.0,5478.352,5791.49,313.1379999999999
Kay Lou-Cust,Device 75374882,17037,10,0,5,-93.0,13553.402,14422.644,869.2420000000002
Kay Lou-Cust,Device 75371086,16131,7,0,7,-86.0,2998.995,3255.653,256.6579999999999
Kay Lou-Cust,Device 75364271,16131,7,0,7,-92.0,1229.562,1277.325,47.76300000000015
Kay Lou-Cust,Device 75366045,16131,7,0,7,-94.0,692.316,799.691,107.375
Kay Lou-Cust,Device 75368009,17037,7,0,7,-85.0,2580.795,2858.113,277.31799999999976
Kay Lou-Cust,Device 79460422,17032,7,0,7,-83.0,44928.09,45964.242,1036.1520000000019
Kay Lou-Cust,Device 75369288,16131,7,0,7,-104.0,4446.278,4907.06,460.78200000000015
Kay Lou-Cust,Device 75360253,17037,7,0,7,-89.0,16656.264,17026.305,370.0410000000011
Kay Lou-Cust,Device 75370609,16131,14,0,7,-111.0,14.0,14.0,0.0
Kay Lou-Cust,Device 75365864,16131,7,0,7,-95.0,2573.083,2743.46,170.37699999999995
Kay Lou-Cust,Device 75360188,16131,7,0,2,-89.0,1441.275,1449.711,8.435999999999922
Kay Lou-Cust,Device 75365419,16131,7,0,7,-101.0,1970.894,2143.02,172.12599999999998
Kay Lou-Cust,Device 79465702,17037,17,0,7,-89.0,29165.209,32032.316,2867.107
Kay Lou-Cust,Device 75369130,16131,7,0,7,-84.0,5803.376,6494.273,690.8969999999999
Kay Lou-Cust,Device 75366342,16131,7,0,7,-106.0,6433.214,7049.931,616.7169999999996
Kay Lou-Cust,Device 75360592,16131,7,0,7,-86.0,12752.845,13494.957,742.112000000001
Kay Lou-Cust,Device 79460547,16131,7,0,7,-90.0,4955.293,5681.443,726.1500000000005
Kay Lou-Cust,Device 75367720,16131,7,0,5,-80.0,2.871,44.806,41.934999999999995
Kay Lou-Cust,Device 79455562,17037,7,0,7,-92.0,1830.126,1957.743,127.61699999999996
Kay Lou-Cust,Device 79460919,17040,7,0,0,-83.0,670.0,670.0,0.0
Kay Lou-Cust,Device 75360816,17040,10,0,7,-91.0,3.0,543.408,540.408
Kay Lou-Cust,Device 75374536,16131,7,0,7,-99.0,7492.096,8027.145,535.0490000000009
Kay Lou-Cust,Device 75366300,16131,6,0,0,-85.0,0.797,0.797,0.0
Kay Lou-Cust,Device 75360873,16131,7,0,6,-83.0,7343.184,8135.412,792.2280000000001
Kay Lou-Cust,Device 79458038,16131,7,0,7,-96.0,3463.017,3825.146,362.12900000000036
Kay Lou-Cust,Device 79466247,16131,7,0,6,-93.0,9447.203,10288.999,841.7960000000003
Kay Lou-Cust,Device 79465447,17037,7,0,7,-86.0,10359.784,11027.834,668.0500000000011
Kay Lou-Cust,Device 79453971,16131,7,0,7,-108.0,5252.665,5650.34,397.6750000000002
Kay Lou-Cust,Device 79464721,16131,7,0,7,-80.0,3063.689,3656.141,592.4520000000002
Kay Lou-Cust,Device 79455216,16131,7,0,7,-92.0,4051.073,4268.208,217.13499999999976
Kay Lou-Cust,Device 75366284,16131,7,0,7,-83.0,7018.369,7785.285,766.9160000000002
Kay Lou-Cust,Device 79466791,16131,7,0,7,-89.0,2334.625,2539.536,204.91100000000006
Kay Lou-Cust,Device 75367688,16131,7,0,6,-82.0,1877.273,1933.565,56.292000000000144
Kay Lou-Cust,Device 75374742,16131,7,0,6,-86.0,78.469,97.124,18.655
Kay Lou-Cust,Device 75361152,17037,7,0,6,-88.0,39995.121,41063.926,1068.8050000000003
Kay Lou-Cust,Device 72390279,17040,7,0,3,-92.0,4688.0,4703.065,15.0649999999996
Kay Lou-Cust,Device 72392101,17037,7,0,4,-82.0,69186.523,69435.234,248.7109999999957
Kay Lou-Cust,Device 72385527,16131,7,0,7,-98.0,5982.126,6127.579,145.45299999999952
Kay Lou-Cust,Device 72390667,16131,7,0,7,-85.0,13348.756,14024.007,675.2510000000002
Kay Lou-Cust,Device 72383589,16131,7,0,7,-91.0,18118.215,18606.24,488.02500000000146
Kay Lou-Cust,Device 70273592,16131,6,0,6,-88.0,14378.794,14540.771,161.97700000000077
Kay Lou-Cust,Device 72380759,16131,7,0,6,-89.0,15697.409,16242.436,545.027
Kay Lou-Cust,Device 72382938,17040,7,0,4,-85.0,12073.818,12243.198,169.38000000000102
Kay Lou-Cust,Device 72390436,16131,7,0,6,-100.0,8716.97,8875.359,158.38900000000103
Kay Lou-Cust,Device 72389628,16131,7,0,7,-96.0,49971.773,50817.914,846.140999999996
Kay Lou-Cust,Device 72389024,16131,7,0,7,-102.0,14708.403,14840.601,132.19800000000032
Maple Run MHC-CUST,Missing Meter 120,,0,0,,,,,
Maple Run MHC-CUST,Device 72718267,362,12,0,7,-111.0,30568.541,31158.65,590.1090000000004
Maple Run MHC-CUST,Device 72722525,362,8,0,5,-111.0,29453.691,29609.021,155.33000000000175
Maple Run MHC-CUST,Device 72715214,362,11,0,7,-110.0,10302.286,10541.894,239.60800000000017
Maple Run MHC-CUST,Device 72722855,362,8,0,7,-114.0,11991.363,12216.941,225.57800000000134
Maple Run MHC-CUST,Device 72721329,362,11,0,7,-117.0,34487.215,35107.223,620.0080000000016
Maple Run MHC-CUST,Device 70271737,362,7,0,1,-114.0,15817.454,15817.454,0.0
Maple Run MHC-CUST,Device 72716303,362,13,0,7,-117.0,10961.682,11664.844,703.1619999999984
Maple Run MHC-CUST,Device 72714878,362,15,0,7,-119.0,26960.992,29218.736,2257.7440000000024
Maple Run MHC-CUST,Device 72721881,362,10,0,7,-110.0,7595.978,7777.609,181.6310000000003
Maple Run MHC-CUST,Device 72716386,362,11,0,6,-116.0,6874.615,7062.371,187.7560000000003
Maple Run MHC-CUST,Device 72722640,362,28,0,0,-110.0,17898.484,17898.484,0.0
Maple Run MHC-CUST,Device 72718002,362,11,0,7,-112.0,22995.592,23506.375,510.78299999999945
Maple Run MHC-CUST,Device 72716097,362,11,0,7,-112.0,54157.191,54517.469,360.2779999999984
Maple Run MHC-CUST,Device 72722277,362,11,0,7,-112.0,20400.463,21125.375,724.9120000000003
Maple Run MHC-CUST,Device 72391681,362,7,0,1,-113.0,4448.267,4448.267,0.0
Maple Run MHC-CUST,Device 72391137,362,13,0,7,-114.0,37573.18,38108.883,535.7030000000013
Maple Run MHC-CUST,Device 70273469,362,9,0,6,-111.0,22989.439,23345.576,356.13700000000244
Maple Run MHC-CUST,Device 72386681,362,10,0,7,-115.0,10718.065,10922.229,204.16399999999885
Maple Run MHC-CUST,Device 72381153,362,13,0,7,-115.0,36892.699,37778.531,885.8320000000022
Maple Run MHC-CUST,Device 72382052,362,11,0,1,-112.0,15606.829,15644.17,37.34100000000035
Maple Run MHC-CUST,Device 72391327,362,11,0,7,-112.0,12897.868,13038.038,140.17000000000007
Maple Run MHC-CUST,Device 72383126,362,14,0,7,-120.0,38275.801,39009.078,733.2770000000019
Maple Run MHC-CUST,Device 70272818,362,14,0,7,-107.0,22703.785,23033.635,329.84999999999854
Maple Run MHC-CUST,Device 72390949,362,13,0,7,-122.0,95131.977,96027.609,895.6319999999978
Maple Run MHC-CUST,Device 70270531,362,12,0,7,-109.0,18696.887,19001.775,304.88800000000265
Maple Run MHC-CUST,Device 70266521,16022,8,0,7,-121.0,28584.807,29417.928,833.1209999999992
Maple Run MHC-CUST,Device 70264757,362,8,0,7,-112.0,60676.438,61490.418,813.9799999999959
Maple Run MHC-CUST,Device 77059659,362,11,0,7,-108.0,10676.728,10827.174,150.44600000000173
Maple Run MHC-CUST,Device 70270507,362,10,0,7,-108.0,45579.109,46220.438,641.3290000000052
Maple Run MHC-CUST,Device 70273311,362,7,0,4,-124.0,28060.398,28201.213,140.8149999999987
Maple Run MHC-CUST,Device 70268568,362,11,0,7,-121.0,40557.242,40835.34,278.09799999999814
Maple Run MHC-CUST,Device 70264575,362,8,0,7,-111.0,37877.152,38441.324,564.1719999999987
Maple Run MHC-CUST,Device 70266901,17040,9,1,1,-119.0,142060.0,142077.75,17.75
Maple Run MHC-CUST,Device 70267297,362,11,0,7,-117.0,12901.414,12993.631,92.21699999999873
Maple Run MHC-CUST,Device 70270473,362,13,0,7,-121.0,19542.066,19812.584,270.51800000000003
Maple Run MHC-CUST,Device 70264872,362,10,0,7,-110.0,40181.242,40762.777,581.5350000000035
Maple Run MHC-CUST,Device 70264567,16022,7,0,7,-109.0,35729.465,36322.344,592.8790000000008
Maple Run MHC-CUST,Device 70273170,362,9,0,7,-119.0,27590.934,27978.418,387.4840000000004
Maple Run MHC-CUST,Device 70270598,362,13,0,7,-122.0,135168.016,136224.125,1056.1089999999967
Maple Run MHC-CUST,Device 70264591,16022,6,0,0,-118.0,41306.73,41730.457,423.72699999999895
Maple Run MHC-CUST,Device 70270564,362,10,0,7,-115.0,75279.148,76361.25,1082.101999999999
Maple Run MHC-CUST,Device 70271224,362,12,0,7,-115.0,73326.914,73898.008,571.0939999999973
Maple Run MHC-CUST,Device 70267305,362,11,0,6,-111.0,69469.797,70569.531,1099.7339999999967
Maple Run MHC-CUST,Device 70264500,362,11,0,7,-122.0,73152.492,73607.477,454.9850000000006
Maple Run MHC-CUST,Device 70258452,16022,6,0,0,-120.0,33797.086,33996.195,199.10899999999674
Maple Run MHC-CUST,Device 70267099,362,10,0,7,-113.0,44961.629,45598.625,636.9959999999992
Maple Run MHC-CUST,Device 70258833,362,9,0,7,-115.0,25251.668,25609.49,357.8220000000001
Maple Run MHC-CUST,Device 70271059,362,14,0,7,-119.0,21324.32,21720.326,396.0060000000012
Maple Run MHC-CUST,Device 70263213,362,12,0,7,-118.0,23213.484,23537.818,324.3339999999989
Maple Run MHC-CUST,Device 70264716,362,10,0,7,-121.0,11381.887,11684.553,302.66599999999926
Maple Run MHC-CUST,Device 77028563,362,10,0,7,-116.0,61345.586,62006.117,660.5309999999954
Maple Run MHC-CUST,Device 70264526,16131,7,0,7,-116.0,53360.0,54031.711,671.711000000003
Maple Run MHC-CUST,Device 70261597,362,12,0,7,-116.0,69819.945,71156.75,1336.804999999993
Maple Run MHC-CUST,Device 70270135,362,8,0,7,-116.0,336122.656,342393.125,6270.468999999983
Maple Run MHC-CUST,Device 70267032,362,8,0,7,-112.0,12960.45,13146.736,186.28600000000006
Maple Run MHC-CUST,Device 70259781,362,11,0,7,-118.0,80413.977,81618.516,1204.5390000000043
Maple Run MHC-CUST,Device 70271075,362,11,0,7,-115.0,40705.57,41378.715,673.1449999999968
Maple Run MHC-CUST,Device 70270861,362,9,0,7,-118.0,33270.473,33767.266,496.7930000000051
Maple Run MHC-CUST,Device 70271984,362,10,0,3,-123.0,24323.213,24601.105,277.8919999999998
Maple Run MHC-CUST,Device 70267818,362,7,0,3,-112.0,28970.492,29055.631,85.13900000000285
Maple Run MHC-CUST,Device 70270663,362,11,0,6,-108.0,14439.12,14649.053,209.93299999999908
Maple Run MHC-CUST,Device 70258510,362,12,0,7,-109.0,43316.871,43605.766,288.8950000000041
Maple Run MHC-CUST,Device 70269392,362,12,0,7,-116.0,26053.313,26421.355,368.0420000000013
Maple Run MHC-CUST,Device 70259328,362,11,0,7,-115.0,266557.563,266957.063,399.5
Maple Run MHC-CUST,Device 70268394,362,10,0,6,-112.0,17187.971,17303.916,115.94499999999971
Maple Run MHC-CUST,Device 70269053,362,11,0,7,-111.0,135946.953,137084.375,1137.4219999999914
Maple Run MHC-CUST,Device 77059147,16131,7,0,7,-109.0,190471.359,190707.438,236.0789999999979
Maple Run MHC-CUST,Device 70267123,362,10,0,7,-112.0,16443.404,16927.229,483.8250000000007
Maple Run MHC-CUST,Device 70260854,362,12,0,6,-117.0,43176.34,43391.422,215.08200000000215
Maple Run MHC-CUST,Device 70264807,362,12,0,6,-117.0,82272.336,83069.938,797.601999999999
Maple Run MHC-CUST,Device 70258460,362,6,0,0,-116.0,61652.0,61652.0,0.0
Maple Run MHC-CUST,Device 70271125,362,10,0,7,-105.0,41963.309,42396.59,433.2809999999954
Maple Run MHC-CUST,Device 70260755,362,12,0,7,-116.0,37395.629,38003.887,608.2580000000016
Maple Run MHC-CUST,Device 70264781,362,7,0,5,-109.0,96760.094,97115.102,355.00800000000163
Maple Run MHC-CUST,Device 70268261,362,8,0,7,-118.0,9200.264,9630.411,430.14700000000084
Maple Run MHC-CUST,Device 70272081,362,8,0,7,-115.0,20290.906,20489.771,198.8650000000016
Maple Run MHC-CUST,Device 70271091,362,9,0,0,-123.0,79214.32,79214.32,0.0
Maple Run MHC-CUST,Device 70261696,362,9,0,6,-112.0,74164.352,74829.898,665.5460000000021
Maple Run MHC-CUST,Device 70259492,362,9,0,7,-118.0,44890.844,45102.09,211.24599999999919
Maple Run MHC-CUST,Device 70270424,362,10,0,7,-115.0,7100.642,7202.995,102.35300000000007
Maple Run MHC-CUST,Device 70270994,362,12,0,7,-116.0,26633.586,26905.617,272.03099999999904
Maple Run MHC-CUST,Device 77059998,362,12,0,7,-110.0,108943.438,110559.914,1616.4760000000097
Maple Run MHC-CUST,Device 70260219,362,11,0,7,-108.0,57612.121,58232.285,620.1640000000043
Maple Run MHC-CUST,Device 70260425,362,11,0,7,-106.0,63171.332,63965.367,794.0349999999962
Maple Run MHC-CUST,Device 70260961,362,11,0,7,-117.0,53994.066,54752.242,758.1759999999995
Maple Run MHC-CUST,Device 70265028,16022,7,0,1,-116.0,18445.232,18445.232,0.0
Maple Run MHC-CUST,Device 77059964,362,11,0,7,-109.0,50680.488,51402.848,722.3600000000006
Maple Run MHC-CUST,Device 77059824,362,10,0,7,-113.0,24160.736,24579.119,418.382999999998
Maple Run MHC-CUST,Device 70266950,362,7,0,7,-113.0,66923.102,67859.406,936.3040000000037
Maple Run MHC-CUST,Device 77058693,362,7,0,7,-112.0,7296.79,7385.713,88.92299999999977
Maple Run MHC-CUST,Device 70270630,362,9,0,7,-100.0,52680.816,53558.02,877.2039999999979
Maple Run MHC-CUST,Device 70267321,362,10,0,5,-119.0,52732.875,53350.984,618.1089999999967
Maple Run MHC-CUST,Device 70265309,16022,7,0,5,-115.0,33497.551,33921.059,423.50800000000163
Maple Run MHC-CUST,Device 77059832,362,12,0,6,-115.0,52935.051,53698.582,763.5310000000027
Maple Run MHC-CUST,Device 70260151,362,12,0,7,-110.0,24605.342,24938.896,333.5540000000001
Maple Run MHC-CUST,Device 70268402,362,11,0,7,-121.0,19779.803,20001.648,221.84500000000116
Maple Run MHC-CUST,Device 70268071,362,11,0,7,-107.0,17375.457,17684.777,309.3199999999997
Maple Run MHC-CUST,Device 70270028,362,9,0,7,-110.0,30390.184,30631.502,241.3179999999993
Maple Run MHC-CUST,Device 70270796,362,5,0,7,-114.0,138555.828,140348.578,1792.75
Maple Run MHC-CUST,Device 70269632,362,12,0,7,-114.0,46704.387,47483.77,779.3829999999944
Maple Run MHC-CUST,Device 70267222,17037,8,0,6,-114.0,112076.859,123849.102,11772.243000000002
Maple Run MHC-CUST,Device 77059915,362,8,0,7,-109.0,26872.676,27276.209,403.53299999999945
Maple Run MHC-CUST,Device 70267081,362,7,0,1,-116.0,16454.182,16474.367,20.18499999999767
Maple Run MHC-CUST,Device 70267180,362,14,0,7,-117.0,74935.664,75900.594,964.929999999993
Maple Run MHC-CUST,Device 70265812,362,12,0,7,-117.0,76693.672,77827.648,1133.975999999995
Maple Run MHC-CUST,Device 70258437,362,11,0,7,-105.0,43624.742,44083.676,458.9340000000011
Maple Run MHC-CUST,Device 70267263,362,13,0,6,-118.0,32240.586,32971.406,730.8200000000033
Maple Run MHC-CUST,Device 77059683,362,11,0,7,-114.0,30466.949,30860.35,393.400999999998
Maple Run MHC-CUST,Device 70267545,362,12,0,7,-120.0,66779.727,67876.266,1096.5390000000043
Maple Run MHC-CUST,Device 70258577,362,12,0,7,-111.0,53360.367,54372.031,1011.6640000000043
Maple Run MHC-CUST,Device 70271422,362,12,0,7,-116.0,36375.285,37022.543,647.2579999999944
Maple Run MHC-CUST,Device 70273527,362,10,0,7,-113.0,57759.91,58391.488,631.5779999999941
Maple Run MHC-CUST,Device 70266943,362,9,0,5,-122.0,6597.437,6683.025,85.58799999999974
Maple Run MHC-CUST,Device 70270838,362,11,0,7,-114.0,120651.867,121811.93,1160.0629999999946
Maple Run MHC-CUST,Device 70259716,362,8,0,7,-112.0,27580.918,27734.674,153.75599999999758
Maple Run MHC-CUST,Device 70265465,362,7,0,2,-119.0,297978.656,297998.156,19.5
Maple Run MHC-CUST,Device 70260896,17040,6,1,0,-124.0,9687.0,9687.0,0.0
Maple Run MHC-CUST,Device 70272040,362,11,0,7,-115.0,32129.961,32653.232,523.2710000000006
Maple Run MHC-CUST,Device 70261399,362,11,0,7,-113.0,23937.461,24328.477,391.0159999999996
Maple Run MHC-CUST,Device 70268337,16131,7,0,6,-117.0,35175.336,35339.566,164.22999999999593
Maple Run MHC-CUST,Device 70272057,16022,7,0,6,-114.0,30898.635,31487.07,588.4350000000013
Maple Run MHC-CUST,Device 77061069,362,9,0,7,-109.0,54122.891,54828.953,706.0619999999981
Maple Run MHC-CUST,Device 70267008,362,14,0,7,-118.0,31344.439,32153.637,809.1980000000003
Maple Run MHC-CUST,Device 70264344,362,13,0,7,-114.0,47936.637,48278.797,342.1599999999962
Maple Run MHC-CUST,Device 70270549,362,9,0,7,-113.0,30882.059,31260.412,378.35299999999916
Maple Run MHC-CUST,Device 70260201,362,12,0,4,-111.0,11009.629,11363.303,353.67399999999907
Maple Run MHC-CUST,Device 70264609,362,13,0,7,-115.0,55146.027,55615.133,469.10599999999977
Maple Run MHC-CUST,Device 77055061,362,14,0,7,-119.0,19484.828,20506.42,1021.5919999999969
Maple Run MHC-CUST,Device 65823851,362,9,0,7,-110.0,2992374.0,2992755.25,381.25
Maple Run MHC-CUST,Device 77060293,362,11,0,7,-111.0,67499.68,68050.734,551.0540000000037
Maple Run MHC-CUST,Device 77041822,16022,7,0,7,-119.0,12281.704,12737.811,456.10699999999997
Maple Run MHC-CUST,Device 77052233,16131,7,0,7,-111.0,19927.236,20555.594,628.3580000000002
Maple Run MHC-CUST,Device 77061630,362,14,0,7,-111.0,24853.189,25571.863,718.6740000000027
Maple Run MHC-CUST,Device 77055236,362,7,0,7,-115.0,865580.063,866463.625,883.5620000000345
Maple Run MHC-CUST,Device 65826359,362,12,0,7,-120.0,16554.311,16790.115,235.8040000000001
Maple Run MHC-CUST,Device 65827423,362,12,0,7,-110.0,38769.52,40174.598,1405.0780000000013
Maple Run MHC-CUST,Device 65828835,362,9,0,5,-118.0,92064.883,92475.414,410.5310000000027
Maple Run MHC-CUST,Device 65824610,362,11,0,7,-122.0,8021.79,8261.166,239.3759999999993
Maple Run MHC-CUST,Device 65830534,362,13,0,7,-107.0,65051.977,66101.234,1049.2569999999978
Maple Run MHC-CUST,Device 65829031,362,13,0,7,-115.0,20190.586,20921.326,730.7400000000016
Maple Run MHC-CUST,Device 65822176,362,12,0,7,-118.0,45840.27,46306.73,466.4600000000064
Maple Run MHC-CUST,Device 65823893,362,8,0,6,-109.0,19209.033,19591.316,382.28299999999945
Maple Run MHC-CUST,Device 65823422,362,10,0,0,-118.0,4197.582,4197.582,0.0
Eastwood Hills MHC-CUST,Device 72723812,362,12,0,7,-104.0,15512.878,16209.31,696.4319999999989
Eastwood Hills MHC-CUST,Device 75366151,362,13,0,7,-90.0,23740.559,24572.146,831.5869999999995
Eastwood Hills MHC-CUST,Device 75373140,362,6,0,7,-91.0,16193.771,16567.635,373.86399999999776
Eastwood Hills MHC-CUST,Device 72714241,362,14,0,7,-85.0,38959.219,39943.91,984.6910000000062
Eastwood Hills MHC-CUST,Device 72717152,,0,0,,,,,
Eastwood Hills MHC-CUST,Device 72720933,16185,7,0,7,-88.0,26066.463,26072.725,6.261999999998807
Eastwood Hills MHC-CUST,Device 70271760,362,10,0,7,-104.0,43068.43,44078.301,1009.8709999999992
Eastwood Hills MHC-CUST,Device 72718135,16185,7,0,6,-92.0,93861.68,95440.578,1578.898000000001
Eastwood Hills MHC-CUST,Device 72720990,,0,0,,,,,
Eastwood Hills MHC-CUST,Device 72722764,362,12,0,7,-85.0,53863.801,54969.047,1105.2459999999992
Eastwood Hills MHC-CUST,Device 72720883,,0,0,,,,,
Eastwood Hills MHC-CUST,Device 72715503,362,11,0,7,-99.0,41873.77,42728.148,854.3780000000042
Eastwood Hills MHC-CUST,Device 72717517,362,11,0,7,-96.0,125182.57,126484.531,1301.9609999999957
Eastwood Hills MHC-CUST,Device 72721113,362,11,0,7,-93.0,96972.5,98129.852,1157.351999999999
Eastwood Hills MHC-CUST,Device 72717301,,0,0,,,,,
Eastwood Hills MHC-CUST,Device 72714126,16131,7,0,6,-103.0,26773.859,27706.488,932.6290000000008
Eastwood Hills MHC-CUST,Device 72720453,362,10,0,7,-95.0,3687.948,3775.827,87.87900000000036
Eastwood Hills MHC-CUST,Device 72713847,362,9,0,3,-103.0,33793.844,33959.707,165.86300000000483
Eastwood Hills MHC-CUST,Device 72720040,16185,7,0,6,-94.0,22961.686,23014.545,52.85899999999674
Eastwood Hills MHC-CUST,Device 70271711,16131,7,0,7,-96.0,32744.477,33544.738,800.2609999999986
Eastwood Hills MHC-CUST,Device 72716980,362,10,0,7,-101.0,44252.82,45047.43,794.6100000000006
Eastwood Hills MHC-CUST,Device 72715826,362,12,0,7,-106.0,32507.299,33384.082,876.7830000000031
Eastwood Hills MHC-CUST,Device 72717996,362,9,0,7,-101.0,36213.191,37084.699,871.5080000000016
Eastwood Hills MHC-CUST,Device 72716352,16185,7,0,7,-93.0,22010.951,22385.596,374.64500000000044
Eastwood Hills MHC-CUST,Device 72720412,16131,7,0,7,-99.0,13880.343,14274.396,394.0529999999999
Eastwood Hills MHC-CUST,Device 72718093,16131,7,0,7,-103.0,99763.719,100956.453,1192.7339999999967
Eastwood Hills MHC-CUST,Device 70259823,362,10,0,7,-96.0,36038.711,36923.473,884.7619999999952
Eastwood Hills MHC-CUST,Device 72714035,16185,7,0,5,-84.0,21470.629,21968.6,497.97099999999773
Eastwood Hills MHC-CUST,Device 72720149,362,12,0,7,-96.0,59417.434,60840.461,1423.0270000000019
Eastwood Hills MHC-CUST,Device 72716667,362,10,0,7,-98.0,43608.688,44675.895,1067.2069999999949
Eastwood Hills MHC-CUST,Device 72714605,16185,2,0,1,-113.0,29481.76,29531.256,49.49600000000282
Eastwood Hills MHC-CUST,Device 72714308,362,9,0,7,-90.0,49697.125,50714.246,1017.1209999999992
Eastwood Hills MHC-CUST,Device 72720198,17040,12,0,0,-103.0,11929.0,11929.0,0.0
Eastwood Hills MHC-CUST,Device 72722889,362,11,0,7,-97.0,145737.141,146392.766,655.625
Eastwood Hills MHC-CUST,Device 72714282,16185,7,0,6,-104.0,10311.066,10664.121,353.0549999999985
Eastwood Hills MHC-CUST,Device 72722871,362,9,0,7,-95.0,35474.402,36763.605,1289.2030000000013
Eastwood Hills MHC-CUST,Device 72719265,362,10,0,7,-91.0,46645.719,47833.398,1187.6790000000037
Eastwood Hills MHC-CUST,Device 72719570,362,7,0,6,-95.0,53022.891,53392.043,369.1519999999946
Eastwood Hills MHC-CUST,Device 72718663,362,9,0,7,-110.0,36654.613,37293.711,639.0980000000054
Eastwood Hills MHC-CUST,Device 72722988,362,13,0,7,-84.0,14898.947,15240.869,341.9220000000005
Eastwood Hills MHC-CUST,Device 72722327,16185,7,0,7,-92.0,138.609,139.482,0.8729999999999905
Eastwood Hills MHC-CUST,Device 72720156,362,9,0,7,-79.0,117.575,995.453,877.8779999999999
Eastwood Hills MHC-CUST,Device 72713821,362,13,0,7,-89.0,24719.219,24837.416,118.19700000000012
Eastwood Hills MHC-CUST,Device 72722731,16022,7,0,6,-91.0,31171.578,31678.246,506.66799999999785
Eastwood Hills MHC-CUST,Device 72713862,16131,7,0,1,-80.0,3917.0,3917.117,0.11700000000018917
Eastwood Hills MHC-CUST,Device 72720065,362,12,0,7,-90.0,45162.496,46076.195,913.6990000000005
Eastwood Hills MHC-CUST,Device 72715131,362,9,0,7,-85.0,31374.195,32178.113,803.9180000000015
Eastwood Hills MHC-CUST,Device 72721089,362,13,0,7,-105.0,29782.451,30310.986,528.5349999999999
Eastwood Hills MHC-CUST,Device 72719083,362,10,0,6,-97.0,63708.938,64590.828,881.8899999999994
Eastwood Hills MHC-CUST,Device 70271950,,0,0,,,,,
Eastwood Hills MHC-CUST,Device 72721303,362,13,0,7,-96.0,41256.754,42363.668,1106.913999999997
Eastwood Hills MHC-CUST,Device 72721634,362,12,0,7,-84.0,54242.621,55595.258,1352.6370000000024
Eastwood Hills MHC-CUST,Device 72723127,16022,7,0,5,-95.0,8899.124,9119.898,220.77399999999943
Eastwood Hills MHC-CUST,Device 70271018,362,11,0,7,-88.0,10507.812,10849.838,342.02599999999984
Eastwood Hills MHC-CUST,Device 72717038,16185,7,0,6,-94.0,56357.656,57352.598,994.9419999999955
Eastwood Hills MHC-CUST,Device 72724224,362,8,0,6,-96.0,39638.934,40703.418,1064.4839999999967
Eastwood Hills MHC-CUST,Device 72714381,362,12,0,7,-95.0,5445.989,5633.542,187.5530000000008
Eastwood Hills MHC-CUST,Device 70269111,362,8,0,7,-86.0,66947.734,68445.055,1497.3209999999963
Eastwood Hills MHC-CUST,Device 72720420,17037,7,0,7,-97.0,68426.445,69028.656,602.2109999999957
Eastwood Hills MHC-CUST,Device 72718432,362,11,0,7,-101.0,26862.775,27319.355,456.5799999999981
Eastwood Hills MHC-CUST,Device 72715313,362,11,0,7,-96.0,62678.336,64405.676,1727.3399999999965
Eastwood Hills MHC-CUST,Device 72715586,362,9,0,7,-95.0,8384.575,8458.291,73.71599999999853
Eastwood Hills MHC-CUST,Device 72715099,362,12,0,7,-108.0,41478.344,42017.363,539.0190000000002
Eastwood Hills MHC-CUST,Device 72721238,17037,7,0,7,-91.0,16505.678,16765.617,259.9389999999985
Eastwood Hills MHC-CUST,Device 72721766,,0,0,,,,,
Eastwood Hills MHC-CUST,Device 72724539,362,12,0,7,-111.0,54652.438,55108.012,455.5740000000005
Eastwood Hills MHC-CUST,Device 72718440,16185,7,0,2,-79.0,351.368,374.658,23.29000000000002
Eastwood Hills MHC-CUST,Device 72716725,362,12,0,7,-91.0,32792.016,33431.879,639.8629999999976
Eastwood Hills MHC-CUST,Device 72716436,16185,7,0,5,-102.0,8904.822,9111.323,206.5010000000002
Eastwood Hills MHC-CUST,Device 70271893,362,12,0,7,-94.0,47809.414,48690.047,880.6330000000016
Eastwood Hills MHC-CUST,Device 72719786,362,10,0,7,-96.0,38357.402,39184.457,827.0550000000003
Eastwood Hills MHC-CUST,Device 72717673,362,13,0,7,-85.0,17146.682,17566.07,419.387999999999
Eastwood Hills MHC-CUST,Device 72717004,16185,7,0,2,-98.0,392.199,399.337,7.137999999999977
Eastwood Hills MHC-CUST,Device 72722103,,0,0,,,,,
Eastwood Hills MHC-CUST,Device 72721253,362,11,0,6,-98.0,36382.008,37076.211,694.2030000000013
Eastwood Hills MHC-CUST,Device 72719026,362,11,0,7,-88.0,33936.504,34807.48,870.9760000000024
Eastwood Hills MHC-CUST,Device 72716873,362,13,0,5,-103.0,45871.438,57230.617,11359.178999999996
Eastwood Hills MHC-CUST,Device 72722319,362,8,0,7,-88.0,33604.449,34389.617,785.1679999999978
Eastwood Hills MHC-CUST,Device 72716618,362,9,0,6,-100.0,183085.281,183410.859,325.5780000000086
Eastwood Hills MHC-CUST,Device 72723291,362,8,0,7,-100.0,11596.261,11841.266,245.0049999999992
Eastwood Hills MHC-CUST,Device 72724315,362,10,0,7,-85.0,31008.783,31647.566,638.7829999999994
Eastwood Hills MHC-CUST,Device 70271695,17040,7,0,0,-93.0,856.0,856.0,0.0
Eastwood Hills MHC-CUST,Device 72722244,362,10,0,7,-103.0,22659.98,23146.047,486.0669999999991
Eastwood Hills MHC-CUST,Device 72721220,362,11,0,7,-83.0,19006.814,19457.934,451.1200000000026
Eastwood Hills MHC-CUST,Device 72720354,362,9,0,7,-97.0,112074.07,112610.461,536.3909999999887
Eastwood Hills MHC-CUST,Device 72721618,362,12,0,7,-105.0,17057.346,17299.627,242.28099999999904
Eastwood Hills MHC-CUST,Device 72721261,362,10,0,7,-95.0,21074.328,21613.473,539.1450000000004
Eastwood Hills MHC-CUST,Device 72720495,362,9,0,7,-85.0,37754.125,38369.957,615.8320000000022
Eastwood Hills MHC-CUST,Device 72715701,16022,7,0,7,-81.0,35081.648,35699.457,617.8090000000011
Eastwood Hills MHC-CUST,Device 72721840,16185,7,0,1,-86.0,1668.238,1668.34,0.10199999999986176
Eastwood Hills MHC-CUST,Device 72714340,362,8,0,0,-83.0,8567.803,8567.803,0.0
Eastwood Hills MHC-CUST,Device 72720826,362,11,0,7,-96.0,68197.031,69008.508,811.476999999999
Eastwood Hills MHC-CUST,Device 72720685,16185,7,0,6,-85.0,15466.64,15883.66,417.02000000000044
Eastwood Hills MHC-CUST,Device 70271620,,0,0,,,,,
Eastwood Hills MHC-CUST,Device 72723218,362,12,0,6,-102.0,40820.297,41605.277,784.9800000000032
Eastwood Hills MHC-CUST,Device 72715081,362,10,0,7,-67.0,29924.646,30644.527,719.8809999999976
Eastwood Hills MHC-CUST,Device 70272487,362,11,0,7,-100.0,65275.117,65800.828,525.7109999999957
Eastwood Hills MHC-CUST,Device 72714373,362,10,0,7,-101.0,20512.32,21597.529,1085.208999999999
Eastwood Hills MHC-CUST,Device 72720560,362,13,0,7,-100.0,26899.482,27503.338,603.8559999999998
Eastwood Hills MHC-CUST,Device 72715982,362,11,0,6,-95.0,40168.949,40928.297,759.3479999999981
Eastwood Hills MHC-CUST,Device 72718853,16131,8,0,7,-90.0,35231.332,36916.855,1685.523000000001
Eastwood Hills MHC-CUST,Device 72722756,16185,7,0,6,-101.0,54136.965,54664.762,527.7970000000059
Eastwood Hills MHC-CUST,Device 72722822,16185,7,0,6,-98.0,44977.852,45837.074,859.2220000000016
Eastwood Hills MHC-CUST,Device 72717269,16185,16,0,7,-88.0,158178.313,167187.125,9008.812000000005
Eastwood Hills MHC-CUST,Device 72713904,362,14,0,7,-95.0,25878.711,26616.373,737.6620000000003
Eastwood Hills MHC-CUST,Device 70272479,16185,7,0,7,-100.0,50535.402,51509.102,973.6999999999971
Eastwood Hills MHC-CUST,Device 72718796,16022,7,0,7,-103.0,16331.43,17138.926,807.4959999999992
Eastwood Hills MHC-CUST,Device 72714720,17037,7,0,7,-78.0,21157.809,21166.262,8.4529999999977
Eastwood Hills MHC-CUST,Device 72716527,362,12,0,7,-82.0,44336.086,45444.961,1108.875
Eastwood Hills MHC-CUST,Device 72718283,362,8,0,7,-95.0,130815.297,132242.219,1426.922000000006
Eastwood Hills MHC-CUST,Device 72716949,362,12,0,7,-103.0,27377.703,28017.426,639.7229999999981
Eastwood Hills MHC-CUST,Device 72723119,362,11,0,7,-110.0,107442.281,108240.766,798.4850000000006
Eastwood Hills MHC-CUST,Device 72717509,362,12,0,7,-97.0,21515.236,22074.822,559.5859999999993
Eastwood Hills MHC-CUST,Device 72720024,362,9,0,7,-105.0,22043.523,22526.166,482.64300000000003
Eastwood Hills MHC-CUST,Device 72716535,16131,7,0,5,-101.0,5569.153,5618.782,49.628999999999905
Eastwood Hills MHC-CUST,Device 72717541,362,8,0,7,-81.0,3998.576,4059.429,60.853000000000065
Eastwood Hills MHC-CUST,Device 72715008,16131,7,0,5,-92.0,403.623,404.465,0.8419999999999845
Eastwood Hills MHC-CUST,Device 72716972,16185,8,0,7,-88.0,63377.234,65458.883,2081.649000000005
Eastwood Hills MHC-CUST,Device 72716329,362,13,0,7,-90.0,92304.859,93279.844,974.9850000000006
Eastwood Hills MHC-CUST,Device 70272685,,0,0,,,,,
Eastwood Hills MHC-CUST,Device 72721626,362,6,0,6,-81.0,18395.076,18839.729,444.6529999999984
Eastwood Hills MHC-CUST,Device 70272438,362,7,0,3,-105.0,1049.986,1075.226,25.24000000000001
Eastwood Hills MHC-CUST,Device 72714548,362,11,0,7,-98.0,64675.555,65432.059,756.5040000000008
Eastwood Hills MHC-CUST,Device 72715115,16185,7,0,7,-94.0,8651.548,9155.953,504.40499999999884
Eastwood Hills MHC-CUST,Device 72717681,16185,7,0,0,-95.0,14480.233,14480.252,0.01900000000023283
Eastwood Hills MHC-CUST,Device 72721196,17037,7,0,6,-90.0,1892.849,1905.162,12.313000000000102
Eastwood Hills MHC-CUST,Device 70267552,362,10,0,7,-101.0,42362.063,43221.82,859.7569999999978
Eastwood Hills MHC-CUST,Device 77028902,16185,7,0,7,-94.0,34639.582,35094.266,454.6840000000011
Eastwood Hills MHC-CUST,Device 77056853,362,13,0,7,-108.0,40087.508,40977.035,889.5270000000019
Eastwood Hills MHC-CUST,Device 77061952,17040,6,0,0,-104.0,18806.0,18806.0,0.0
Eastwood Hills MHC-CUST,Device 77056036,362,9,0,7,-98.0,32445.209,33573.031,1127.8220000000038
Eastwood Hills MHC-CUST,Device 77054247,362,12,0,7,-98.0,48610.406,49695.426,1085.0199999999968
Eastwood Hills MHC-CUST,Device 77057455,362,9,0,4,-101.0,28452.182,28590.813,138.63099999999758
Eastwood Hills MHC-CUST,Device 77029363,362,10,0,7,-105.0,37855.113,38613.496,758.3830000000016
Eastwood Hills MHC-CUST,Device 77061184,362,7,0,7,-95.0,84052.953,86020.344,1967.3910000000033
Eastwood Hills MHC-CUST,Device 65830054,16185,7,0,7,-77.0,85.454,94.807,9.353000000000009
Eastwood Hills MHC-CUST,Device 65824636,362,12,0,7,-110.0,12703.814,12996.261,292.4470000000001
Eastwood Hills MHC-CUST,Device 65825872,,0,0,,,,,
Eastwood Hills MHC-CUST,Device 65830781,16185,7,0,0,-107.0,4340.17,4340.17,0.0
Eastwood Hills MHC-CUST,Device 65830344,362,12,0,7,-97.0,20001.215,20747.865,746.6500000000015
Eastwood Hills MHC-CUST,Device 65827043,362,11,0,6,-108.0,23528.744,23966.561,437.81700000000274
Eastwood Hills MHC-CUST,Device 65826029,362,8,0,7,-90.0,38909.332,39232.656,323.3240000000005
Eastwood Hills MHC-CUST,Device 65825294,362,11,0,7,-78.0,72680.438,73701.164,1020.7260000000097
Eastwood Hills MHC-CUST,Device 65824669,362,7,0,0,-97.0,76478.969,76478.969,0.0
Eastwood Hills MHC-CUST,Device 65823729,362,9,0,7,-100.0,23612.502,24243.072,630.5699999999997
Eastwood Hills MHC-CUST,Device 65828934,362,7,0,6,-104.0,16836.225,17295.023,458.7980000000025
Eastwood Hills MHC-CUST,Device 65822390,16185,7,0,7,-93.0,8712.665,9049.332,336.66699999999946
Eastwood Hills MHC-CUST,Device 65823067,362,9,0,7,-109.0,220059.781,220282.328,222.5470000000205
Blue Sky Village MHC,Device 79455406,15154,7,0,7,-91.0,10797.931,11272.571,474.6399999999994
Blue Sky Village MHC,Device 79460521,15154,7,0,7,-84.0,4216.844,4285.111,68.26699999999983
Blue Sky Village MHC,Device 79464101,16131,7,0,7,-89.0,226688.563,227690.359,1001.7960000000021
Blue Sky Village MHC,Device 79461628,17040,7,0,0,-92.0,0.0,0.0,0.0
Blue Sky Village MHC,Device 79462220,17040,10,0,7,-82.0,320.0,334.213,14.213000000000022
Green Acres MHC,Device 72721147,362,10,0,7,-103.0,18186.811,18658.939,472.127999999997
Green Acres MHC,Device 72718333,16022,7,0,7,-114.0,7571.163,7587.373,16.210000000000036
Green Acres MHC,Device 70272131,362,15,0,7,-106.0,30039.049,34722.727,4683.678
Green Acres MHC,Device 72387713,16131,11,0,6,-104.0,35897.512,38795.789,2898.2769999999946
Green Acres MHC,Device 72384132,362,10,0,7,-99.0,32237.1,32833.43,596.3300000000017
Green Acres MHC,Device 72383969,362,9,0,7,-103.0,40688.668,41161.211,472.5430000000051
Green Acres MHC,Device 72387283,362,11,0,7,-113.0,13248.3,13514.013,265.71300000000156
Green Acres MHC,Device 72386988,17040,5,0,0,-106.0,452.0,452.0,0.0
Green Acres MHC,Device 72383951,362,12,0,6,-121.0,36781.508,38044.676,1263.1679999999978
Green Acres MHC,Device 72387051,362,12,0,7,-110.0,30495.967,31876.65,1380.683000000001
Green Acres MHC,Device 70263155,16022,7,0,7,-104.0,35850.445,36881.895,1031.449999999997
Green Acres MHC,Device 70259369,,0,0,,,,,
Green Acres MHC,Device 72387473,362,9,0,7,-95.0,8698.354,9025.42,327.0660000000007
Green Acres MHC,Device 72387572,17037,7,0,7,-106.0,1003.417,1325.547,322.13
Green Acres MHC,Device 70263197,,0,0,,,,,
Green Acres MHC,Device 77036665,362,13,0,7,-101.0,37590.191,43585.176,5994.985000000001
Green Acres MHC,Device 65828140,,0,0,,,,,
Green Acres MHC,Device 65825211,,0,0,,,,,
Green Acres MHC,Device 65827837,,0,0,,,,,
Green Acres MHC,Device 65826896,362,10,0,7,-109.0,11258.879,11514.252,255.3729999999996
Green Acres MHC,Device 65822184,,0,0,,,,,
Wheeler MHC,Device 2042731096,10706,0,0,,,145498.0,145498.0,0.0
Wheeler MHC,Device 2041738589,10706,7,0,0,-116.0,31300.0,31715.0,415.0
Wheeler MHC,Device 2049907137,10693,0,0,,,96455.0,96455.0,0.0
Wheeler MHC,Device 2049928620,,0,0,,,,,
Wheeler MHC,Device 2049830867,,0,0,,,,,
Wheeler MHC,Device 2049907160,10693,0,0,,,37056.0,37056.0,0.0
Wheeler MHC,Device 2049912251,,0,0,,,,,
Wheeler MHC,Device 2049868453,,0,0,,,,,
Wheeler MHC,Device 2049924686,10706,0,0,,,1082.0,1082.0,0.0
Wheeler MHC,Device 2041758983,10693,0,0,,,105305.0,105305.0,0.0
South Breeze MHC,Device 2049908705,10693,2,0,0,-125.0,55300.0,55300.0,0.0
South Breeze MHC,Device 2049783900,10706,7,0,0,-118.0,54180.0,54634.0,454.0
South Breeze MHC,Device 2049918191,,0,0,,,,,
South Breeze MHC,Device 2049886612,10706,0,0,,,19930.0,19930.0,0.0
South Breeze MHC,Device 2049821312,,0,0,,,,,
South Breeze MHC,Device 2049903375,10706,2,0,0,-114.0,14889.0,14889.0,0.0
South Breeze MHC,Device 2049835502,,0,0,,,,,
South Breeze MHC,Device 2049788800,,0,0,,,,,
South Breeze MHC,Device 2049779817,,0,0,,,,,
South Breeze MHC,Device 2049883148,,0,0,,,,,
South Breeze MHC,Device 2049933950,10704,2,0,4,-121.0,161309.0,161321.0,12.0
South Breeze MHC,Device 2049928844,10706,2,0,0,-102.0,23074.0,23074.0,0.0
South Breeze MHC,Device 2049934131,,0,0,,,,,
South Breeze MHC,Device 2049925790,,0,0,,,,,
South Breeze MHC,Device 2049826923,10706,0,0,,,12704.0,12704.0,0.0
South Breeze MHC,Device 2049934321,,0,0,,,,,
South Breeze MHC,Device 2049910271,10706,5,0,6,-120.0,42193.0,42755.0,562.0
South Breeze MHC,Device 2049912566,,0,0,,,,,
South Breeze MHC,Device 2049902450,,0,0,,,,,
South Breeze MHC,Device 2049905644,10706,2,0,0,-109.0,24746.0,24746.0,0.0
South Breeze MHC,Device 2041764072,10706,2,0,0,-119.0,9935.0,9935.0,0.0
South Breeze MHC,Device 2049909133,10706,4,0,0,-119.0,283007.0,283839.0,832.0
South Breeze MHC,Device 2049847507,,0,0,,,,,
South Breeze MHC,Device 2049895647,10693,0,0,,,150030.0,150030.0,0.0
South Breeze MHC,Device 2042730403,,0,0,,,,,
South Breeze MHC,Device 2049961654,10706,3,0,1,-111.0,53478.0,53558.0,80.0
South Breeze MHC,Device 2049961704,10706,2,0,0,-106.0,26974.0,26974.0,0.0
South Breeze MHC,Device 2042730965,10706,2,0,0,-115.0,70898.0,70898.0,0.0
South Breeze MHC,Device 2041758942,10706,2,0,0,-109.0,46036.0,46036.0,0.0
South Breeze MHC,Device 2041759668,,0,0,,,,,
South Breeze MHC,Device 2042749346,10706,0,0,,,46000.0,46000.0,0.0
South Breeze MHC,Device 2041758959,10706,0,0,,,24745.0,24745.0,0.0
South Breeze MHC,Device 2042738927,10706,0,0,,,124746.0,124746.0,0.0
South Breeze MHC,Device 2041759056,10706,6,0,0,-113.0,90130.0,90668.0,538.0
South Breeze MHC,Device 2049961837,10706,1,0,0,-117.0,20423.0,20423.0,0.0
South Breeze MHC,Device 2042775010,10693,2,0,3,-107.0,88920.0,89085.0,165.0
South Breeze MHC,Device 2042775366,10706,0,0,,,29984.0,29984.0,0.0
Oakwood MHP,Device 79467112,17037,9,1,5,-82.0,0.0,48.324,48.324
Oakwood MHP,Device 79459796,17037,9,1,5,-88.0,0.0,180.695,180.695
Oakwood MHP,Device 79458129,17037,10,0,1,-100.0,0.0,5.771,5.771
Oakwood MHP,Device 79457386,17037,9,1,4,-102.0,0.0,749.498,749.498
Oakwood MHP,Device 79458004,17037,12,0,5,-98.0,0.0,16.104,16.104
Oakwood MHP,Device 82370883,17037,10,0,5,-100.0,0.0,278.47,278.47
Oakwood MHP,Device 79458061,17037,8,0,4,-95.0,0.0,41.611,41.611
Oakwood MHP,Device 79467120,17037,7,0,0,-97.0,0.0,0.0,0.0
Oakwood MHP,Device 79464697,17037,10,0,4,-100.0,0.0,391.638,391.638
Oakwood MHP,Device 79454177,17037,10,0,1,-105.0,0.0,0.0,0.0
Oakwood MHP,Device 79458590,17037,12,1,3,-100.0,0.0,736.852,736.852
Oakwood MHP,Device 79459390,17037,11,1,3,-80.0,0.0,3081.319,3081.319
Oakwood MHP,Device 79455745,17037,10,0,5,-90.0,0.0,109.168,109.168
Oakwood MHP,Device 75362051,17037,16,1,7,-107.0,15950.536,16903.873,953.3369999999995
Oakwood MHP,Device 79457105,17037,12,2,7,-109.0,3070.642,3263.269,192.62699999999995
Oakwood MHP,Device 75366532,17037,10,1,7,-107.0,6588.167,7090.931,502.7639999999992
Oakwood MHP,Device 75366763,17037,9,0,6,-95.0,6848.679,7228.624,379.9449999999997
Oakwood MHP,Device 79459416,17037,10,1,6,-99.0,1056.472,1160.0,103.52800000000002
Oakwood MHP,Device 75363141,17037,12,1,7,-101.0,4630.744,8650.262,4019.518000000001
Oakwood MHP,Device 75360642,17037,10,1,7,-104.0,11149.399,12146.337,996.9380000000001
Oakwood MHP,Device 75369213,17037,11,2,7,-96.0,8063.277,8500.228,436.9509999999991
Oakwood MHP,Device 75367316,17037,9,0,3,-106.0,14102.729,14502.0,399.27100000000064
Oakwood MHP,Device 75368991,17037,13,1,3,-105.0,12.6,880.0,867.4
Oakwood MHP,Device 79462329,17037,10,1,7,-95.0,8146.37,8549.395,403.02500000000055
Oakwood MHP,Device 75364313,17037,9,0,2,-103.0,8412.373,8428.316,15.94300000000112
Oakwood MHP,Device 75364982,17037,10,1,7,-97.0,1140.164,1207.735,67.57099999999991
Oakwood MHP,Device 79461826,17040,8,0,3,-112.0,165.416,422.0,256.584
Oakwood MHP,Device 75365955,17037,11,2,7,-105.0,9741.082,10330.698,589.616
Oakwood MHP,Device 79465157,17037,14,1,7,-91.0,6603.255,8291.561,1688.3059999999996
Oakwood MHP,Device 75368165,17037,10,1,7,-99.0,13557.58,14712.52,1154.9400000000005
Oakwood MHP,Device 75366243,17037,8,0,7,-101.0,12918.438,13716.65,798.2119999999995
Oakwood MHP,Device 75372720,17037,9,0,5,-87.0,2172.025,2288.125,116.09999999999991
Oakwood MHP,Device 70262231,,0,0,,,,,
Oakwood MHP,Device 70262207,17037,10,1,7,-94.0,26563.977,27051.453,487.4760000000024
Oakwood MHP,Device 70272537,17037,8,0,7,-93.0,52711.227,53491.129,779.9020000000019
Oakwood MHP,Device 70262009,17037,10,1,7,-93.0,9901.51,10159.967,258.45700000000033
Oakwood MHP,Device 77059774,,0,0,,,,,
Oakwood MHP,Device 70267784,17037,10,1,7,-98.0,39073.32,39612.453,539.1330000000016
Oakwood MHP,Device 70261662,,0,0,,,,,
Oakwood MHP,Device 70269913,17037,7,0,7,-121.0,37921.547,38004.016,82.4690000000046
Oakwood MHP,Device 77058230,17037,10,1,7,-102.0,14211.691,14463.085,251.3939999999984
Oakwood MHP,Device 65830047,17037,8,0,7,-110.0,30923.26,31370.32,447.0600000000013
Oakwood MHP,Device 65827241,17040,7,0,0,-102.0,11717.0,11717.0,0.0
Oakwood MHP,Device 65828504,17037,10,1,7,-99.0,14695.819,15006.966,311.14700000000084
Oakwood MHP,Device 68587987,17037,13,3,7,-102.0,22977.961,23229.061,251.10000000000218
Oakwood MHP,Device 65831706,17037,9,0,7,-93.0,48630.0,49217.625,587.625
Oakwood MHP,Device 65827787,17037,9,1,7,-97.0,279940.594,280222.75,282.15600000001723
Oakwood MHP,Device 68593050,17037,8,0,7,-103.0,16974.777,17918.789,944.0120000000024
Oakwood MHP,Device 65826805,17037,8,0,7,-98.0,11283.921,11416.04,132.1190000000006
Oakwood MHP,Device 65831771,17037,10,1,7,-105.0,61254.613,63048.113,1793.5
Oakwood MHP,Device 65830906,17037,10,1,7,-106.0,13975.876,14286.504,310.6280000000006
Oakwood MHP,Device 65823315,17037,10,1,7,-105.0,24476.314,24950.525,474.21100000000297
Oakwood MHP,Device 2049809127,10671,2,0,6,-98.0,155899.0,156550.0,651.0
Oakwood MHP,Device 2049903706,10706,2,0,6,-92.0,87289.0,87544.0,255.0
Oakwood MHP,Device 2049916625,10671,2,0,6,-83.0,251665.0,253715.0,2050.0
Oakwood MHP,Device 2049885002,10671,4,0,6,-85.0,135981.0,136738.0,757.0
Oakwood MHP,Device 2049777613,10706,2,0,6,-84.0,89572.0,89663.0,91.0
Oakwood MHP,Device 2049887685,,0,0,,,,,
Oakwood MHP,Device 2049915734,10671,4,0,6,-86.0,50084.0,51425.0,1341.0
Oakwood MHP,Device 2049884229,10706,2,0,6,-88.0,144029.0,144775.0,746.0
Oakwood MHP,Device 2049884526,10671,2,0,6,-86.0,86801.0,87802.0,1001.0
Oakwood MHP,Device 2042740931,10671,4,0,0,-104.0,45324.0,45324.0,0.0
Oakwood MHP,Device 2042741731,10671,2,0,6,-92.0,163733.0,164458.0,725.0
Oakwood MHP,Device 2049898567,10671,2,0,6,-95.0,59595.0,59975.0,380.0
Oakwood MHP,Device 2049933786,10671,2,0,6,-88.0,64248.0,64635.0,387.0
Oakwood MHP,Device 2049810273,10706,2,0,6,-98.0,129952.0,130513.0,561.0
Oakwood MHP,Device 2042742119,10671,2,0,6,-93.0,46456.0,46590.0,134.0
Oakwood MHP,Device 2049798171,10706,2,0,0,-99.0,57282.0,57282.0,0.0
Oakwood MHP,Device 2042742028,10671,5,0,7,-76.0,114020.0,116706.0,2686.0
Oakwood MHP,Device 2049885754,10671,2,0,6,-92.0,58358.0,58647.0,289.0
Oakwood MHP,Device 2049914703,10671,2,0,6,-94.0,119496.0,119620.0,124.0
Oakwood MHP,Device 2042741434,10706,2,0,6,-80.0,188513.0,189547.0,1034.0
Oakwood MHP,Device 2049921427,10706,2,0,6,-83.0,184435.0,185218.0,783.0
Oakwood MHP,Device 2049923985,10671,0,0,,,27274.0,27274.0,0.0
Oakwood MHP,Device 2049922441,10706,2,0,6,-88.0,62055.0,62424.0,369.0
Oakwood MHP,Device 2049915908,10671,2,0,6,-90.0,57821.0,58028.0,207.0
Oakwood MHP,Device 2049877793,10671,2,0,6,-76.0,67645.0,68022.0,377.0
Oakwood MHP,Device 2042740816,,0,0,,,,,
Oakwood MHP,Device 2042730262,10671,3,0,6,-89.0,38694.0,38880.0,186.0
Oakwood MHP,Device 2042743778,10706,2,0,6,-86.0,330164.0,334556.0,4392.0
Oakwood MHP,Device 2049912905,,0,0,,,,,
Oakwood MHP,Device 2042741863,10671,2,0,6,-83.0,53403.0,53684.0,281.0
Oakwood MHP,Device 2042742689,10671,2,0,6,-82.0,77167.0,77490.0,323.0
Oakwood MHP,Device 2049895308,10706,2,0,6,-86.0,90366.0,90600.0,234.0
Oakwood MHP,Device 2049960896,10693,2,0,6,-86.0,79033.0,79362.0,329.0
Oakwood MHP,Device 2042742721,10671,5,0,7,-96.0,103825.0,104336.0,511.0
Oakwood MHP,Device 2049949014,10706,2,0,6,-85.0,268698.0,269951.0,1253.0
Oakwood MHP,Device 2049933265,10706,2,0,7,-82.0,37465.0,37690.0,225.0
Oakwood MHP,Device 2049950897,10671,2,0,6,-71.0,66501.0,66824.0,323.0
Oakwood MHP,Device 2049878825,10671,2,0,6,-83.0,95987.0,96933.0,946.0
Oakwood MHP,Device 2042741095,10671,4,0,6,-88.0,199110.0,199958.0,848.0
Oakwood MHP,Device 2042742614,10671,3,0,6,-86.0,60649.0,60806.0,157.0
Oakwood MHP,Device 2042730155,10671,3,0,6,-80.0,200824.0,201936.0,1112.0
Oakwood MHP,Device 2042741418,10671,2,0,6,-89.0,53249.0,53574.0,325.0
Oakwood MHP,Device 2042740865,10671,2,0,6,-84.0,37308.0,37539.0,231.0
Oakwood MHP,Device 2049923274,10671,2,0,0,-93.0,33233.0,33233.0,0.0
Oakwood MHP,Device 2042742556,10671,2,0,6,-86.0,101351.0,101843.0,492.0
Oakwood MHP,Device 2042743703,10671,2,0,6,-85.0,106318.0,106532.0,214.0
Oakwood MHP,Device 2049935146,10671,3,0,6,-95.0,121132.0,121574.0,442.0
Oakwood MHP,Device 2049918332,10671,2,0,6,-87.0,50614.0,50957.0,343.0
Oakwood MHP,Device 2049914034,,0,0,,,,,
Oakwood MHP,Device 2042743661,10671,7,0,7,-87.0,90168.0,91545.0,1377.0
Oakwood MHP,Device 2049915437,10671,2,0,6,-91.0,114097.0,114765.0,668.0
Oakwood MHP,Device 2049922722,,0,0,,,,,
Oakwood MHP,Device 2042741582,10671,5,0,3,-88.0,362639.0,362997.0,358.0
Oakwood MHP,Device 2049885994,10693,2,0,6,-92.0,139703.0,140359.0,656.0
Oakwood MHP,Device 2042742077,10706,10,0,1,-97.0,88252.0,88359.0,107.0
Oakwood MHP,Device 2049884740,10671,2,0,6,-94.0,60611.0,61113.0,502.0
Oakwood MHP,Device 2042741541,10671,2,0,6,-96.0,111768.0,112347.0,579.0
Oakwood MHP,Device 2042741533,10706,4,0,6,-93.0,69417.0,69785.0,368.0
Oakwood MHP,Device 2042743497,10671,2,0,6,-100.0,56599.0,57154.0,555.0
Oakwood MHP,Device 2049887891,10671,2,0,6,-89.0,181901.0,182994.0,1093.0
Oakwood MHP,Device 2049892792,,0,0,,,,,
Oakwood MHP,Device 2049937647,10671,2,0,6,-96.0,63452.0,63718.0,266.0
Oakwood MHP,Device 2049783116,10671,2,0,6,-97.0,72190.0,72454.0,264.0
Oakwood MHP,Device 2049924843,10671,2,0,6,-87.0,225818.0,226710.0,892.0
Oakwood MHP,Device 2042741566,10671,2,0,6,-94.0,25869.0,26027.0,158.0
Oakwood MHP,Device 2042741699,10671,4,0,7,-87.0,106841.0,107768.0,927.0
Oakwood MHP,Device 2049810570,10671,2,0,6,-72.0,81702.0,81885.0,183.0
Oakwood MHP,Device 2049907269,10706,2,0,6,-91.0,88629.0,89022.0,393.0
Oakwood MHP,Device 2049874121,10671,3,0,6,-80.0,133020.0,133767.0,747.0
Oakwood MHP,Device 2042742358,10706,2,0,6,-92.0,166383.0,166690.0,307.0
Big Country Mobile Home & RV Park-Cust,Device 75370062,17037,7,0,0,-95.0,421.0,421.0,0.0
Big Country Mobile Home & RV Park-Cust,Device 75364644,16130,6,0,6,-101.0,7710.456,8023.516,313.0599999999995
Big Country Mobile Home & RV Park-Cust,Device 75360733,17037,7,1,2,-77.0,31.445,33.0,1.5549999999999997
Big Country Mobile Home & RV Park-Cust,Device 75362192,16185,7,0,7,-87.0,9916.805,10284.886,368.08100000000013
Big Country Mobile Home & RV Park-Cust,Device 75364917,17037,7,0,7,-81.0,3997.954,4223.257,225.30299999999943
Big Country Mobile Home & RV Park-Cust,Device 72718838,,0,0,,,,,
Big Country Mobile Home & RV Park-Cust,Device 77053819,17037,7,0,7,-77.0,6557.59,6557.87,0.27999999999974534
Big Country Mobile Home & RV Park-Cust,Device 75369775,16130,8,0,5,-106.0,10511.823,11120.15,608.3269999999993
Big Country Mobile Home & RV Park-Cust,Device 75370443,16130,7,0,7,-101.0,8106.268,8540.765,434.4969999999994
Big Country Mobile Home & RV Park-Cust,Device 75370534,16130,7,0,7,-98.0,5993.614,6582.83,589.2160000000003
Big Country Mobile Home & RV Park-Cust,Device 72720537,16130,7,0,7,-92.0,5511.194,5897.62,386.4259999999995
Big Country Mobile Home & RV Park-Cust,Device 75369403,17037,7,0,7,-98.0,17235.719,17950.975,715.2559999999976
Big Country Mobile Home & RV Park-Cust,Device 75364248,17037,7,0,7,-94.0,5928.994,6522.299,593.3050000000003
Big Country Mobile Home & RV Park-Cust,Device 72723911,17037,7,0,7,-95.0,33990.246,34288.613,298.36699999999837
Big Country Mobile Home & RV Park-Cust,Device 75362283,17037,7,0,7,-90.0,7668.511,8018.177,349.66599999999926
Big Country Mobile Home & RV Park-Cust,Device 75367894,16130,7,0,6,-94.0,29937.256,30657.283,720.0269999999982
Big Country Mobile Home & RV Park-Cust,Device 75372019,17037,7,0,0,-97.0,5.014,5.014,0.0
Big Country Mobile Home & RV Park-Cust,Device 75369718,16131,6,0,5,-93.0,24097.117,24567.391,470.27400000000125
Big Country Mobile Home & RV Park-Cust,Device 75372696,16130,7,0,7,-92.0,3648.693,3790.183,141.48999999999978
Big Country Mobile Home & RV Park-Cust,Device 72715461,16130,7,0,1,-88.0,199.744,204.417,4.673000000000002
Big Country Mobile Home & RV Park-Cust,Device 75361277,17037,7,0,7,-89.0,2544.688,2678.541,133.85300000000007
Big Country Mobile Home & RV Park-Cust,Device 75369767,16130,7,0,7,-82.0,3237.523,3351.563,114.03999999999996
Big Country Mobile Home & RV Park-Cust,Device 72719414,16130,7,0,7,-88.0,41393.996,42058.305,664.3090000000011
Big Country Mobile Home & RV Park-Cust,Device 72724133,16131,7,0,7,-85.0,13445.704,13694.914,249.21000000000095
Big Country Mobile Home & RV Park-Cust,Device 75368215,16130,7,0,7,-90.0,14478.775,14947.611,468.83600000000115
Big Country Mobile Home & RV Park-Cust,Device 75371318,16130,7,0,7,-79.0,6728.918,7020.184,291.26600000000053
Big Country Mobile Home & RV Park-Cust,Device 75366136,16131,7,0,1,-76.0,27584.49,27584.49,0.0
Big Country Mobile Home & RV Park-Cust,Device 75361897,16131,7,0,7,-85.0,4932.804,5068.795,135.99099999999999
Big Country Mobile Home & RV Park-Cust,Device 75360550,17037,7,0,7,-81.0,115.237,138.856,23.619
Big Country Mobile Home & RV Park-Cust,Device 75365070,16185,7,0,0,-84.0,2558.209,2558.209,0.0
Big Country Mobile Home & RV Park-Cust,Device 75369411,17037,7,0,7,-97.0,11393.837,12198.166,804.3289999999997
Big Country Mobile Home & RV Park-Cust,Device 75362689,16185,7,0,6,-85.0,16347.346,16898.525,551.1790000000019
Big Country Mobile Home & RV Park-Cust,Device 72719695,17037,7,0,7,-84.0,92180.508,92397.016,216.50800000000163
Big Country Mobile Home & RV Park-Cust,Device 75369460,17037,9,0,7,-94.0,29292.455,32641.316,3348.860999999997
Big Country Mobile Home & RV Park-Cust,Device 75367761,16130,7,0,7,-83.0,9704.504,10235.299,530.7950000000001
Big Country Mobile Home & RV Park-Cust,Device 75367662,16130,7,0,7,-99.0,26680.16,27700.521,1020.3610000000008
Big Country Mobile Home & RV Park-Cust,Device 75364339,16130,7,0,7,-99.0,4914.535,5091.825,177.28999999999996
Big Country Mobile Home & RV Park-Cust,Device 72714928,16130,7,0,7,-87.0,19137.947,19674.434,536.487000000001
Big Country Mobile Home & RV Park-Cust,Device 75362655,17037,7,0,7,-94.0,12074.271,12222.696,148.42499999999927
Big Country Mobile Home & RV Park-Cust,Device 75361780,16185,10,0,7,-90.0,45792.59,48787.465,2994.875
Big Country Mobile Home & RV Park-Cust,Device 75369742,16185,7,0,0,-88.0,0.0,0.0,0.0
Big Country Mobile Home & RV Park-Cust,Device 72721006,16131,7,0,7,-84.0,2640.059,2641.405,1.3460000000000036
Big Country Mobile Home & RV Park-Cust,Device 75363596,17037,10,0,7,-99.0,8015.699,9265.468,1249.7690000000011
Big Country Mobile Home & RV Park-Cust,Device 75372639,17037,8,1,0,-75.0,0.0,0.0,0.0
Big Country Mobile Home & RV Park-Cust,Device 75370328,16130,6,0,6,-89.0,13382.849,13840.868,458.01900000000023
Big Country Mobile Home & RV Park-Cust,Device 75371292,16130,7,0,1,-90.0,8355.643,8357.481,1.837999999999738
Big Country Mobile Home & RV Park-Cust,Device 75371680,17037,7,0,7,-79.0,9040.382,9480.792,440.40999999999985
Big Country Mobile Home & RV Park-Cust,Device 72719554,17040,7,0,5,-94.0,97.116,97.189,0.07299999999999329
Big Country Mobile Home & RV Park-Cust,Device 75370708,16185,7,0,6,-93.0,7710.776,8081.296,370.52000000000044
Big Country Mobile Home & RV Park-Cust,Device 75373033,17037,7,0,0,-90.0,0.068,0.068,0.0
Big Country Mobile Home & RV Park-Cust,Device 75372100,16185,7,0,7,-95.0,4885.484,5027.795,142.3109999999997
Big Country Mobile Home & RV Park-Cust,Device 75374379,16130,6,0,7,-88.0,2518.817,2593.922,75.10500000000002
Big Country Mobile Home & RV Park-Cust,Device 75372258,16130,7,0,7,-100.0,5347.095,5561.725,214.6300000000001
Big Country Mobile Home & RV Park-Cust,Device 75370377,16131,7,0,7,-87.0,7398.673,7784.089,385.41600000000017
Big Country Mobile Home & RV Park-Cust,Device 75363729,17037,21,0,7,-91.0,31344.531,35553.035,4208.504000000004
Big Country Mobile Home & RV Park-Cust,Device 75369684,17037,9,0,7,-103.0,10790.392,11954.563,1164.1710000000003
River Bend-Cust,Device 75371797,17037,2,0,5,-102.0,3073.417,3163.95,90.5329999999999
River Bend-Cust,Device 75371284,17037,2,0,5,-104.0,1123.987,1139.165,15.177999999999884
River Bend-Cust,Device 79467880,17037,1,0,5,-117.0,4259.459,4259.459,0.0
River Bend-Cust,Device 79461941,17037,3,0,5,-112.0,7784.4,7910.925,126.52500000000055
River Bend-Cust,Device 79456198,17037,2,0,5,-99.0,1466.457,1495.619,29.161999999999807
River Bend-Cust,Device 75372365,17037,2,0,5,-109.0,2182.985,2209.228,26.242999999999938
River Bend-Cust,Device 75360956,17037,2,0,5,-100.0,1314.0,1433.699,119.69900000000007
River Bend-Cust,Device 79463285,17037,2,0,1,-100.0,2.169,2.169,0.0
River Bend-Cust,Device 75369296,17037,2,0,5,-101.0,2545.629,2658.072,112.44300000000021
River Bend-Cust,Device 75365799,17037,2,0,5,-100.0,1886.543,2026.622,140.07900000000018
River Bend-Cust,Device 75371151,17040,1,0,0,-108.0,2264.0,2264.0,0.0
River Bend-Cust,Device 75362499,17037,2,0,5,-100.0,8081.421,8174.843,93.42199999999957
River Bend-Cust,Device 75371128,17037,2,0,5,-99.0,3090.607,3110.414,19.807000000000244
River Bend-Cust,Device 75365922,17037,2,0,4,-103.0,1124.656,1186.775,62.11900000000014
River Bend-Cust,Device 75368207,17037,21,0,7,-105.0,86375.211,132118.531,45743.31999999999
River Bend-Cust,Device 75361913,17037,2,0,1,-100.0,575.582,614.388,38.80600000000004
River Bend-Cust,Device 75367324,17037,1,0,5,-105.0,18665.09,18665.09,0.0
River Bend-Cust,Device 75363323,17037,2,0,5,-100.0,38314.043,38605.008,290.9650000000038
River Bend-Cust,Device 75366185,17037,2,0,5,-103.0,15430.661,15457.461,26.799999999999272
River Bend-Cust,Device 75373223,17037,2,0,0,-119.0,8833.542,8948.712,115.17000000000007
River Bend-Cust,Device 75371706,,0,0,,,,,
River Bend-Cust,Device 72723564,17037,4,0,5,-96.0,12690.907,12974.862,283.9549999999999
River Bend-Cust,Device 75366896,17037,2,0,5,-103.0,18291.139,18444.027,152.887999999999
River Bend-Cust,Device 75374015,17037,2,0,5,-95.0,9467.514,9524.349,56.835000000000946
River Bend-Cust,Device 75362374,17037,2,0,5,-105.0,19984.654,20194.006,209.3520000000026
River Bend-Cust,Device 75373686,17037,2,0,5,-95.0,53518.238,53630.785,112.54700000000594
River Bend-Cust,Device 75374825,17037,2,0,5,-112.0,8210.805,8478.388,267.58300000000054
River Bend-Cust,Device 75364578,17037,13,0,0,-115.0,19649.406,20600.764,951.3580000000002
River Bend-Cust,Device 75374171,17037,3,0,3,-111.0,14992.399,15212.487,220.08799999999974
River Bend-Cust,Device 72714795,17037,2,0,4,-106.0,5485.882,5642.405,156.52300000000014
River Bend-Cust,Device 75367514,17037,3,0,5,-105.0,14397.603,14838.602,440.9990000000016
River Bend-Cust,Device 72718473,17037,2,0,5,-106.0,38969.824,39079.918,110.09399999999732
River Bend-Cust,Device 70271174,,0,0,,,,,
River Bend-Cust,Device 77057075,,0,0,,,,,
River Bend-Cust,Device 70263130,,0,0,,,,,
River Bend-Cust,Device 70259526,,0,0,,,,,
River Bend-Cust,Device 77059204,,0,0,,,,,
River Bend-Cust,Device 70268527,,0,0,,,,,
River Bend-Cust,Device 77059816,,0,0,,,,,
River Bend-Cust,Device 70270051,17037,5,0,5,-95.0,30509.557,31280.645,771.0879999999997
Lafountaine MHC,Device 72388901,16131,7,0,7,-105.0,14239.851,14628.574,388.72299999999996
Lafountaine MHC,Device 70262850,,0,0,,,,,
Lafountaine MHC,Device 72380726,16131,7,0,6,-96.0,36478.93,37798.16,1319.2300000000032
Lafountaine MHC,Device 70262942,16131,8,0,7,-109.0,28100.619,28587.049,486.4300000000003
Lafountaine MHC,Device 72388703,16131,7,0,7,-93.0,13088.507,13381.873,293.366
Lafountaine MHC,Device 72391996,16131,7,0,7,-111.0,20566.84,20981.254,414.41400000000067
Lafountaine MHC,Device 72388521,16131,7,0,2,-103.0,32219.023,32219.232,0.20899999999892316
Lafountaine MHC,Device 72384942,16131,7,0,7,-103.0,32596.041,32817.746,221.7049999999981
Lafountaine MHC,Device 72380072,16131,7,0,6,-100.0,20554.953,20559.725,4.771999999997206
Lafountaine MHC,Device 72389149,16131,7,0,7,-95.0,106181.297,107744.984,1563.6869999999908
Lafountaine MHC,Device 72380866,17040,7,0,0,-101.0,32371.0,32371.0,0.0
Lafountaine MHC,Device 72388927,16131,8,0,7,-109.0,30395.918,31321.727,925.8089999999975
Lafountaine MHC,Device 77053223,16131,7,0,6,-103.0,53769.84,54278.473,508.63300000000163
Lafountaine MHC,Device 77056622,16131,7,0,7,-94.0,50061.977,50554.063,492.08600000000297
Lafountaine MHC,Device 77057646,16131,7,0,5,-86.0,25634.287,25634.594,0.3070000000006985
Lafountaine MHC,Device 77056085,,0,0,,,,,
Lafountaine MHC,Device 65826540,,0,0,,,,,
Lafountaine MHC,Device 65824032,,0,0,,,,,
Lafountaine MHC,Device 65830518,,0,0,,,,,
Lafountaine MHC,Device 65823117,,0,0,,,,,
Lafountaine MHC,Device 65823935,,0,0,,,,,
Lafountaine MHC,Device 65830765,,0,0,,,,,
Lafountaine MHC,Device 65826623,,0,0,,,,,
Lafountaine MHC,Device 65831573,,0,0,,,,,
Lafountaine MHC,Device 65827126,,0,0,,,,,
Lafountaine MHC,Device 65830609,,0,0,,,,,
Lafountaine MHC,Device 65829957,,0,0,,,,,
Lafountaine MHC,Device 65826417,16131,7,0,7,-112.0,43313.367,43496.457,183.09000000000378
Lafountaine MHC,Device 65826573,,0,0,,,,,
Lafountaine MHC,Device 65829890,,0,0,,,,,
Lafountaine MHC,Device 65830799,16131,7,0,7,-100.0,38686.496,39022.145,335.6489999999976
Lafountaine MHC,Device 65823307,,0,0,,,,,
Lafountaine MHC,Device 65831516,,0,0,,,,,
Lafountaine MHC,Device 68588050,,0,0,,,,,
Maple Grove MHC,Device 2068605052,10693,7,0,0,-110.0,28034.0,28034.0,0.0
Maple Grove MHC,Device 2068608254,10706,0,0,,,346990.0,346990.0,0.0
Maple Grove MHC,Device 2068608643,10706,0,0,,,0.0,0.0,0.0
Maple Grove MHC,Device 2068608635,,0,0,,,,,
Maple Grove MHC,Device 2068584695,10693,9,0,7,-104.0,7141.0,7202.0,61.0
Maple Grove MHC,Device 2068614625,10706,0,0,,,25965.0,25965.0,0.0
Maple Grove MHC,Device 2068597481,10706,0,0,,,139927.0,139927.0,0.0
Maple Grove MHC,Device 2068600491,13706,7,0,0,-104.0,0.0,0.0,0.0
Maple Grove MHC,Device 2068597598,10706,0,0,,,62477.0,62477.0,0.0
Maple Grove MHC,Device 2068605151,10706,0,0,,,3328.0,3328.0,0.0
Maple Grove MHC,Device 2068574555,10704,0,0,,,34139.0,34139.0,0.0
Maple Grove MHC,Device 2068607975,10671,0,0,,,68288.0,68288.0,0.0
Maple Grove MHC,Device 2068605136,10706,0,0,,,18981.0,18981.0,0.0
Maple Grove MHC,Device 2068609039,10706,4,0,0,-110.0,2799.0,2799.0,0.0
Maple Grove MHC,Device 2068597390,10693,0,0,,,183472.0,183472.0,0.0
Maple Grove MHC,Device 2068607140,10706,0,0,,,2784.0,2784.0,0.0
Maple Grove MHC,Device 2068586104,10671,0,0,,,1300.0,1300.0,0.0
Maple Grove MHC,Device 2068607793,10706,0,0,,,26590.0,26590.0,0.0
Maple Grove MHC,Device 2068602562,10706,0,0,,,119888.0,119888.0,0.0
Maple Grove MHC,Device 2068608411,10706,0,0,,,2615.0,2615.0,0.0
Maple Grove MHC,Device 2068584406,10706,0,0,,,1478.0,1478.0,0.0
Maple Grove MHC,Device 2068597382,10706,0,0,,,52125.0,52125.0,0.0
Maple Grove MHC,Device 2068599503,10706,0,0,,,95.0,95.0,0.0
Maple Grove MHC,Device 2068605235,10706,0,0,,,12335.0,12335.0,0.0
Maple Grove MHC,Device 2068586260,10706,0,0,,,65817.0,65817.0,0.0
Maple Grove MHC,Device 2068608288,10706,0,0,,,0.0,0.0,0.0
Maple Grove MHC,Device 2068605086,10706,0,0,,,46195.0,46195.0,0.0
Maple Grove MHC,Device 2068584927,10706,0,0,,,2351.0,2351.0,0.0
Maple Grove MHC,Device 2068604980,,0,0,,,,,
Maple Grove MHC,Device 2068618816,10671,7,0,0,-110.0,19336.0,19336.0,0.0
Turfland MHC,Device 2068588514,,0,0,,,,,
Turfland MHC,Device 2068602331,,0,0,,,,,
Turfland MHC,Device 2068614427,,0,0,,,,,
Turfland MHC,Device 2068609369,,0,0,,,,,
Turfland MHC,Device 2068614468,10671,0,0,,,32550.0,32550.0,0.0
Turfland MHC,Device 2068586294,,0,0,,,,,
Turfland MHC,Device 2068592698,10706,0,0,,,11113.0,11113.0,0.0
Turfland MHC,Device 2068605466,,0,0,,,,,
Turfland MHC,Device 2068606720,10706,0,0,,,4543.0,4543.0,0.0
Turfland MHC,Device 2068584604,10706,0,0,,,15913.0,15913.0,0.0
Turfland MHC,Device 2068604998,10706,0,0,,,3681.0,3681.0,0.0
Turfland MHC,Device 2068606522,10706,0,0,,,2907.0,2907.0,0.0
Turfland MHC,Device 2068599453,,0,0,,,,,
Turfland MHC,Device 2068587730,,0,0,,,,,
Turfland MHC,Device 2068602570,10706,0,0,,,0.0,0.0,0.0
Turfland MHC,Device 2068584877,,0,0,,,,,
Turfland MHC,Device 2068604048,10671,2,0,0,-118.0,44313.0,44313.0,0.0
Turfland MHC,Device 2068584752,,0,0,,,,,
Turfland MHC,Device 2068586187,,0,0,,,,,
Turfland MHC,Device 2068586062,,0,0,,,,,
Turfland MHC,Device 2068597770,,0,0,,,,,
Turfland MHC,Device 2068584570,,0,0,,,,,
Turfland MHC,Device 2068588522,,0,0,,,,,
Turfland MHC,Device 2068614401,,0,0,,,,,
Turfland MHC,Device 2068586393,,0,0,,,,,
Turfland MHC,Device 2068586146,10706,0,0,,,5165.0,5165.0,0.0
Turfland MHC,Device 2068585015,,0,0,,,,,
Turfland MHC,Device 2068584463,,0,0,,,,,
Turfland MHC,Device 2068608155,,0,0,,,,,
Turfland MHC,Device 2068608478,10706,0,0,,,84517.0,84517.0,0.0
Turfland MHC,Device 2068608767,10706,0,0,,,3714.0,3714.0,0.0
Turfland MHC,Device 2068618600,10671,0,0,,,28140.0,28140.0,0.0
Turfland MHC,Device 2068584133,10706,0,0,,,137.0,137.0,0.0
Turfland MHC,Device 2068586476,10706,0,0,,,1007.0,1007.0,0.0
Crystal Acres MHC,Device 79463517,17032,7,0,5,-121.0,174.892,224.94,50.048
Crystal Acres MHC,Device 72721410,17032,9,0,6,-118.0,1102.36,1632.848,530.488
Crystal Acres MHC,Device 72720925,17032,7,0,0,-108.0,1.479,1.479,0.0
Crystal Acres MHC,Device 72718234,17032,7,0,0,-110.0,0.238,0.238,0.0
Crystal Acres MHC,Device 72716170,17032,9,0,4,-104.0,4029.514,7174.692,3145.178
Crystal Acres MHC,Device 72722921,17032,7,0,0,-121.0,0.337,0.337,0.0
Crystal Acres MHC,Device 72723283,17032,6,0,7,-114.0,7915.29,8146.25,230.96000000000004
Crystal Acres MHC,Device 72717533,17037,12,0,4,-106.0,21001.541,23481.098,2479.5570000000007
Crystal Acres MHC,Device 72716956,17032,7,0,0,-112.0,0.26,0.26,0.0
Crystal Acres MHC,Device 72717095,17032,7,0,7,-100.0,155.52,193.59,38.06999999999999
Crystal Acres MHC,Device 72722046,17032,8,0,5,-108.0,154025.125,155759.547,1734.4219999999914
Crystal Acres MHC,Device 72383712,17032,6,0,6,-106.0,1163.647,1201.549,37.902000000000044
Crystal Acres MHC,Device 70268964,17032,7,0,2,-109.0,170.427,174.227,3.8000000000000114
Crystal Acres MHC,Device 72379538,17037,3,0,0,-115.0,17125.854,17241.943,116.08899999999994
Crystal Acres MHC,Device 72385485,17032,7,0,0,-104.0,844.577,844.577,0.0
Crystal Acres MHC,Device 72387184,17037,7,0,0,-107.0,9020.0,9020.0,0.0
Crystal Acres MHC,Device 72381633,17032,10,0,2,-103.0,,,
Crystal Acres MHC,Device 72387333,17037,7,0,3,-108.0,44935.273,44958.109,22.835999999995693
Crystal Acres MHC,Device 70270192,17032,7,0,0,-114.0,24131.742,24131.742,0.0
Crystal Acres MHC,Device 72382102,17040,7,0,0,-104.0,270.365,270.365,0.0
Crystal Acres MHC,Device 72392986,17032,7,0,6,-109.0,33523.957,34109.527,585.5699999999997
Crystal Acres MHC,Device 72387259,17032,7,0,5,-106.0,1662.482,2184.37,521.8879999999999
Crystal Acres MHC,Device 72387424,17032,7,0,7,-108.0,3729.98,3732.865,2.8849999999997635
Crystal Acres MHC,Device 72385436,17032,7,0,6,-115.0,2617.865,2657.696,39.83100000000013
Crystal Acres MHC,Device 70266141,17032,7,0,3,-107.0,795.092,800.759,5.66700000000003
Crystal Acres MHC,Device 72381369,17040,6,0,0,-107.0,0.0,0.0,0.0
Crystal Acres MHC,Device 72379348,17032,7,0,6,-116.0,555.486,785.865,230.37900000000002
Crystal Acres MHC,Device 72382078,17032,7,0,0,-110.0,0.135,0.135,0.0
Crystal Acres MHC,Device 70263403,17037,7,0,7,-115.0,15283.063,15489.326,206.262999999999
Crystal Acres MHC,Device 70269301,17032,7,0,4,-111.0,2481.391,2519.022,37.63099999999986
Crystal Acres MHC,Device 72382045,17037,7,0,5,-112.0,22459.811,22503.219,43.40799999999945
Crystal Acres MHC,Device 72384678,17037,31,4,5,-109.0,2975.127,3359.044,383.9169999999999
Crystal Acres MHC,Device 70263999,17032,7,0,6,-118.0,17080.113,17259.438,179.3249999999971
Crystal Acres MHC,Device 72387093,17037,7,0,2,-108.0,7115.21,7115.87,0.6599999999998545
Crystal Acres MHC,Device 72379264,17037,7,0,4,-121.0,87844.938,87891.992,47.054000000003725
Crystal Acres MHC,Device 70272180,17037,7,0,7,-116.0,45739.781,46830.211,1090.4300000000003
Crystal Acres MHC,Device 70269160,17037,13,1,6,-113.0,12761.0,12782.129,21.129000000000815
Crystal Acres MHC,Device 72392069,17037,7,0,0,-102.0,2191.0,2191.0,0.0
Crystal Acres MHC,Device 72391640,17032,6,0,2,-107.0,13.581,18.467,4.885999999999999
Crystal Acres MHC,Device 72389115,17032,8,0,2,-119.0,3422.834,5235.581,1812.7470000000003
Crystal Acres MHC,Device 70268782,17032,7,0,5,-99.0,2639.569,3464.449,824.8800000000001
Crystal Acres MHC,Device 72385774,17032,4,0,0,-127.0,,,
Aurora MHC-CUST,Device 72380999,16131,7,0,7,-90.0,7748.134,7952.158,204.02400000000034
Aurora MHC-CUST,Device 72389040,,0,0,,,,,
Aurora MHC-CUST,Device 72382391,16022,8,0,7,-93.0,69306.57,70789.273,1482.702999999994
Aurora MHC-CUST,Device 72392374,16131,7,0,7,-94.0,106428.391,106540.414,112.02300000000105
Aurora MHC-CUST,Device 72392549,16022,7,0,7,-95.0,37698.406,37915.414,217.00799999999435
Aurora MHC-CUST,Device 72388232,16131,7,0,5,-103.0,33825.875,33825.875,0.0
Aurora MHC-CUST,Device 72380098,16022,7,0,7,-100.0,2099.693,2142.911,43.21799999999985
Aurora MHC-CUST,Device 72388109,,0,0,,,,,
Aurora MHC-CUST,Device 72389412,17040,8,0,3,-88.0,282047.344,282050.813,3.469000000040978
Aurora MHC-CUST,Device 72384371,,0,0,,,,,
Aurora MHC-CUST,Device 72386608,16022,7,0,7,-121.0,4349.986,4599.38,249.39400000000023
Aurora MHC-CUST,Device 72392556,16185,10,0,6,-82.0,,,
Aurora MHC-CUST,Device 70259674,16022,7,0,7,-91.0,10137.109,10808.584,671.4750000000004
Aurora MHC-CUST,Device 77059550,16022,7,0,6,-92.0,9237.111,9406.737,169.62599999999838
Aurora MHC-CUST,Device 70264559,16022,7,0,6,-97.0,28933.252,29294.26,361.007999999998
Aurora MHC-CUST,Device 70266679,16131,7,0,7,-89.0,5325.486,5469.636,144.15000000000055
Aurora MHC-CUST,Device 70260698,16131,7,0,7,-90.0,53316.887,53664.656,347.76900000000023
Aurora MHC-CUST,Device 70259120,16131,9,0,7,-93.0,10298.721,12193.002,1894.2810000000009
Aurora MHC-CUST,Device 70263114,16131,7,0,7,-79.0,21789.889,22380.332,590.4429999999993
Aurora MHC-CUST,Device 70273162,16022,7,0,6,-78.0,16262.49,17042.922,780.4319999999989
Aurora MHC-CUST,Device 70270648,16131,7,0,7,-84.0,14246.618,14804.243,557.625
Aurora MHC-CUST,Device 70261829,16022,7,0,7,-94.0,15005.128,15224.296,219.16799999999967
Aurora MHC-CUST,Device 70260268,16185,7,0,1,-81.0,34600.676,34600.684,0.008000000001629815
Aurora MHC-CUST,Device 70264690,16022,7,0,7,-87.0,20984.363,21983.691,999.3279999999977
Aurora MHC-CUST,Device 70271588,16022,7,0,7,-87.0,12876.324,13235.172,358.84799999999996
Aurora MHC-CUST,Device 70266729,16022,7,0,7,-89.0,13838.761,14022.738,183.97699999999895
Aurora MHC-CUST,Device 70272024,,0,0,,,,,
Aurora MHC-CUST,Device 70266596,17040,7,0,0,-86.0,9098.0,9098.0,0.0
Aurora MHC-CUST,Device 70272115,16022,9,0,7,-80.0,39865.57,39876.59,11.019999999996799
Aurora MHC-CUST,Device 70272065,,0,0,,,,,
Aurora MHC-CUST,Device 70263668,,0,0,,,,,
Aurora MHC-CUST,Device 70259658,16022,7,0,7,-98.0,9581.03,9704.787,123.7569999999996
Aurora MHC-CUST,Device 70259013,16185,7,0,7,-86.0,23922.783,24397.879,475.09600000000137
Aurora MHC-CUST,Device 70259096,16185,7,0,7,-95.0,28623.371,29316.352,692.9809999999998
Aurora MHC-CUST,Device 70261761,17040,7,0,0,-89.0,33162.0,33162.0,0.0
Aurora MHC-CUST,Device 70258569,16022,7,0,7,-93.0,31908.924,32316.559,407.63500000000204
Aurora MHC-CUST,Device 70263742,16022,7,0,5,-76.0,6430.777,6471.608,40.83100000000013
Aurora MHC-CUST,Device 70263353,,0,0,,,,,
Aurora MHC-CUST,Device 70263122,16022,7,0,7,-85.0,78969.609,80316.766,1347.1570000000065
Aurora MHC-CUST,Device 70261605,16022,7,0,7,-98.0,70750.438,71803.469,1053.0310000000027
Aurora MHC-CUST,Device 70265960,16022,7,0,7,-86.0,7123.587,7213.333,89.74599999999919
Aurora MHC-CUST,Device 70258387,16022,7,0,7,-75.0,57309.262,57463.457,154.1949999999997
Aurora MHC-CUST,Device 70263148,16022,7,0,7,-84.0,32835.316,33354.297,518.9809999999998
Aurora MHC-CUST,Device 70263825,17037,16,0,7,-84.0,168222.547,171544.25,3321.7030000000086
Aurora MHC-CUST,Device 70260623,16022,7,0,7,-99.0,36343.859,36885.988,542.1290000000008
Aurora MHC-CUST,Device 70260730,16022,7,0,7,-92.0,66419.914,66532.883,112.96899999999732
Aurora MHC-CUST,Device 70263932,16022,7,0,7,-74.0,18374.396,18589.807,215.41100000000006
Aurora MHC-CUST,Device 70261308,16185,7,0,7,-88.0,71372.047,71386.43,14.382999999987078
Aurora MHC-CUST,Device 70258957,16130,7,0,7,-89.0,39221.07,39362.195,141.125
Aurora MHC-CUST,Device 70261589,16022,7,0,7,-85.0,122171.172,122379.75,208.57799999999406
Aurora MHC-CUST,Device 70271273,16022,7,0,7,-74.0,18689.689,18876.414,186.72500000000218
Aurora MHC-CUST,Device 70263320,,0,0,,,,,
Aurora MHC-CUST,Device 70264302,17040,7,0,0,-78.0,7438.0,7438.0,0.0
Aurora MHC-CUST,Device 70261654,16022,7,0,7,-82.0,29041.932,29561.053,519.1209999999992
Aurora MHC-CUST,Device 70263312,16022,7,0,7,-96.0,7466.674,7525.67,58.996000000000095
Aurora MHC-CUST,Device 70259948,,0,0,,,,,
Aurora MHC-CUST,Device 70267917,17037,7,0,0,-82.0,104720.586,104720.586,0.0
Aurora MHC-CUST,Device 70265218,16022,7,0,5,-85.0,21764.787,21776.432,11.645000000000437
Aurora MHC-CUST,Device 70259336,16022,7,0,7,-88.0,14134.747,14534.657,399.90999999999985
Aurora MHC-CUST,Device 70271315,16022,7,0,7,-79.0,13882.013,13991.214,109.20099999999911
Aurora MHC-CUST,Device 70261431,16022,7,0,7,-94.0,46957.68,48129.078,1171.398000000001
Aurora MHC-CUST,Device 70264179,16022,7,0,7,-88.0,18242.076,18582.289,340.21299999999974
Aurora MHC-CUST,Device 70259161,16185,7,0,7,-76.0,21404.131,21741.199,337.0679999999993
Aurora MHC-CUST,Device 70270895,,0,0,,,,,
Aurora MHC-CUST,Device 70264492,16131,7,0,7,-95.0,4735.698,4831.939,96.24099999999999
Aurora MHC-CUST,Device 70271430,16022,7,0,6,-93.0,34330.16,34819.25,489.0899999999965
Aurora MHC-CUST,Device 70263015,,0,0,,,,,
Aurora MHC-CUST,Device 70261811,16022,7,0,4,-102.0,20111.643,20360.416,248.77300000000105
Aurora MHC-CUST,Device 70261746,16022,7,0,7,-91.0,10755.299,10846.339,91.03999999999905
Aurora MHC-CUST,Device 70273477,,0,0,,,,,
Aurora MHC-CUST,Device 70271307,16022,7,0,7,-91.0,38194.031,38643.074,449.04299999999785
Aurora MHC-CUST,Device 70258940,16022,7,0,7,-88.0,107109.414,107928.047,818.6330000000016
Aurora MHC-CUST,Device 70264005,16022,7,0,5,-96.0,16860.799,16863.188,2.388999999999214
Aurora MHC-CUST,Device 70261860,16022,7,0,7,-76.0,29614.311,30193.207,578.895999999997
Aurora MHC-CUST,Device 70273345,16022,7,0,7,-79.0,18240.707,18562.75,322.0430000000015
Aurora MHC-CUST,Device 70260094,16022,7,0,6,-89.0,11140.764,11140.764,0.0
Aurora MHC-CUST,Device 70271513,,0,0,,,,,
Aurora MHC-CUST,Device 70273394,16185,7,0,7,-74.0,11937.069,12150.617,213.54800000000068
Aurora MHC-CUST,Device 70259179,16131,7,0,7,-111.0,72184.117,73334.227,1150.1100000000006
Aurora MHC-CUST,Device 77059360,16022,9,0,7,-90.0,39329.504,42630.879,3301.375
Aurora MHC-CUST,Device 70261167,,0,0,,,,,
Aurora MHC-CUST,Device 70271166,,0,0,,,,,
Aurora MHC-CUST,Device 70267206,,0,0,,,,,
Aurora MHC-CUST,Device 70267131,16022,7,0,7,-101.0,22266.631,22613.395,346.7639999999992
Aurora MHC-CUST,Device 70269921,16022,7,0,2,-87.0,27218.275,27221.902,3.6269999999967695
Aurora MHC-CUST,Device 70271406,16022,7,0,6,-84.0,11572.766,11760.357,187.59100000000035
Aurora MHC-CUST,Device 77059352,16022,7,0,7,-85.0,6627.688,7042.446,414.7579999999998
Aurora MHC-CUST,Device 70264286,16131,7,0,7,-91.0,2668.461,2902.463,234.0020000000004
Aurora MHC-CUST,Device 70268105,16131,7,0,0,-87.0,39739.543,39739.543,0.0
Aurora MHC-CUST,Device 77052316,16022,7,0,7,-83.0,20942.367,21310.037,367.6700000000019
Aurora MHC-CUST,Device 77053264,16131,7,0,6,-100.0,18680.439,19395.283,714.844000000001
Aurora MHC-CUST,Device 77054882,16022,7,0,7,-85.0,9342.808,9573.507,230.6989999999987
Aurora MHC-CUST,Device 77054049,16131,8,0,7,-76.0,14512.606,15758.077,1245.4709999999995
Aurora MHC-CUST,Device 65824230,16022,7,0,7,-82.0,1576234.75,1576355.25,120.5
Aurora MHC-CUST,Device 77041715,16022,7,0,6,-102.0,1167.719,1255.824,88.10500000000002
Aurora MHC-CUST,Device 77057679,16022,8,0,7,-95.0,33861.77,35946.699,2084.9290000000037
Aurora MHC-CUST,Device 77055350,16022,7,0,7,-90.0,8698.938,8999.028,300.09000000000015
Aurora MHC-CUST,Device 77057885,17040,7,0,0,-85.0,11351.0,11351.0,0.0
Aurora MHC-CUST,Device 77052274,16022,7,0,7,-81.0,40486.715,40848.0,361.2850000000035
Aurora MHC-CUST,Device 77029553,16022,7,0,7,-86.0,36518.891,37077.852,558.9609999999957
Aurora MHC-CUST,Device 65826607,16022,6,0,6,-83.0,18581.602,18788.338,206.7360000000008
Aurora MHC-CUST,Device 77057984,17037,9,0,6,-91.0,41112.039,42239.656,1127.6170000000056
Aurora MHC-CUST,Device 77061739,16022,8,0,7,-83.0,18267.051,18771.57,504.51900000000023
Aurora MHC-CUST,Device 77056788,,0,0,,,,,
Aurora MHC-CUST,Device 65825385,16131,7,0,7,-89.0,120961.961,122750.773,1788.8120000000054
Aurora MHC-CUST,Device 77061614,16022,7,0,7,-88.0,144212.5,145135.047,922.5469999999914
Aurora MHC-CUST,Device 77057828,16022,7,0,7,-81.0,5429.971,5488.512,58.54100000000017
Aurora MHC-CUST,Device 77057141,16022,9,0,7,-87.0,17277.766,18588.035,1310.2690000000002
Aurora MHC-CUST,Device 65822218,16022,8,0,6,-91.0,11171.188,11587.713,416.52499999999964
Aurora MHC-CUST,Device 65825203,16022,7,0,7,-90.0,52727.633,53362.039,634.4059999999954
Aurora MHC-CUST,Device 77029124,16022,7,0,7,-88.0,4939.229,5224.694,285.46500000000015
Aurora MHC-CUST,Device 65826953,16131,7,0,0,-75.0,47219.008,47219.008,0.0
Aurora MHC-CUST,Device 65828967,16131,7,0,7,-91.0,89571.172,90449.273,878.1009999999951
Aurora MHC-CUST,Device 77042093,17040,10,0,7,-101.0,163327.797,163459.0,131.20300000000861
Aurora MHC-CUST,Device 77029629,16022,7,0,7,-99.0,8967.717,9188.428,220.71099999999933
Aurora MHC-CUST,Device 77056440,16022,7,0,7,-90.0,27095.018,27602.926,507.90799999999945
Aurora MHC-CUST,Device 65824404,16022,7,0,7,-91.0,33999.668,34135.496,135.82800000000134
Aurora MHC-CUST,Device 77057372,16131,7,0,7,-92.0,25315.73,25840.66,524.9300000000003
Aurora MHC-CUST,Device 77057166,16022,7,0,7,-92.0,38041.113,38568.941,527.8280000000013
Aurora MHC-CUST,Device 77061010,16022,7,0,7,-78.0,27993.334,28368.658,375.3240000000005
Aurora MHC-CUST,Device 77051987,16022,7,0,7,-88.0,10172.899,10172.899,0.0
Aurora MHC-CUST,Device 77055459,16131,7,0,7,-87.0,28406.451,28846.605,440.15399999999863
Aurora MHC-CUST,Device 77058834,17037,7,0,7,-90.0,26243.324,26875.066,631.7419999999984
Aurora MHC-CUST,Device 65825815,16131,7,0,6,-86.0,6441.739,6535.7,93.96100000000024
Aurora MHC-CUST,Device 77029512,16022,7,0,7,-78.0,37357.832,37774.027,416.1949999999997
Aurora MHC-CUST,Device 77059436,16022,7,0,7,-88.0,29842.947,30363.602,520.6549999999988
Aurora MHC-CUST,Device 77056549,16022,7,0,7,-92.0,26014.969,26538.602,523.632999999998
Aurora MHC-CUST,Device 77060988,17037,7,0,7,-79.0,34037.113,35287.852,1250.7390000000014
Aurora MHC-CUST,Device 77056291,16131,7,0,7,-75.0,19950.979,20566.229,615.25
Aurora MHC-CUST,Device 77061705,17037,7,0,0,-95.0,63537.113,63537.113,0.0
Aurora MHC-CUST,Device 77054163,16022,7,0,7,-86.0,27613.949,27807.025,193.07600000000093
Aurora MHC-CUST,Device 77055673,17037,7,0,7,-93.0,50799.824,51215.082,415.25800000000163
Aurora MHC-CUST,Device 77060111,17037,7,0,4,-79.0,7085.713,7188.396,102.68299999999999
Aurora MHC-CUST,Device 77042044,16131,7,0,4,-75.0,20659.352,20659.352,0.0
Aurora MHC-CUST,Device 77028597,16131,7,0,7,-84.0,16567.625,16729.494,161.86899999999878
Aurora MHC-CUST,Device 77028613,16022,7,0,7,-79.0,37510.867,38137.613,626.7459999999992
Aurora MHC-CUST,Device 77060970,16185,7,0,7,-81.0,14384.657,14515.646,130.9890000000014
Aurora MHC-CUST,Device 77057935,16022,7,0,7,-73.0,16154.586,16572.061,417.4750000000022
Aurora MHC-CUST,Device 77056184,16131,7,0,7,-87.0,66643.445,66718.922,75.47699999999895
Aurora MHC-CUST,Device 77028498,16185,7,0,7,-88.0,13197.547,13596.63,399.0829999999987
Aurora MHC-CUST,Device 65826458,16131,7,0,7,-92.0,2766.153,2955.445,189.29200000000037
Aurora MHC-CUST,Device 65829452,16022,7,0,7,-94.0,2806.353,2958.425,152.07200000000012
Aurora MHC-CUST,Device 65830294,16131,7,0,7,-87.0,9628.105,10205.366,577.2610000000004
Aurora MHC-CUST,Device 65829429,16022,7,0,6,-91.0,14534.708,15055.576,520.8679999999986
Aurora MHC-CUST,Device 65825625,16022,7,0,7,-88.0,19246.51,19246.51,0.0
Aurora MHC-CUST,Device 65830450,,0,0,,,,,
Aurora MHC-CUST,Device 65824065,16022,7,0,7,-97.0,10447.613,10984.155,536.5420000000013
Aurora MHC-CUST,Device 65827027,16131,7,0,6,-82.0,146297.656,146590.469,292.81300000002375
Aurora MHC-CUST,Device 65825849,16022,7,0,2,-87.0,6049.873,6055.727,5.854000000000269
Aurora MHC-CUST,Device 65822341,16022,7,0,7,-97.0,7410.7,7901.687,490.9870000000001
Aurora MHC-CUST,Device 65829049,,0,0,,,,,
Aurora MHC-CUST,Device 65825302,16022,7,0,7,-90.0,126718.461,127192.242,473.7810000000027
Aurora MHC-CUST,Device 68588324,16131,7,0,7,-92.0,10901.186,11405.61,504.4240000000009
Aurora MHC-CUST,Device 65830732,16131,7,0,7,-95.0,10166.776,10303.419,136.64300000000003
Aurora MHC-CUST,Device 65823745,,0,0,,,,,
Aurora MHC-CUST,Device 65823737,16022,7,0,7,-86.0,6491.172,6494.192,3.0200000000004366
Aurora MHC-CUST,Device 68593019,16022,7,0,7,-74.0,5553.385,5679.123,125.73799999999937
Aurora MHC-CUST,Device 65831292,16131,7,0,0,-88.0,14620.67,14620.67,0.0
Aurora MHC-CUST,Device 65829080,16022,7,0,7,-89.0,5457.528,5740.203,282.6750000000002
Aurora MHC-CUST,Device 65823380,16022,7,0,7,-95.0,1552.976,1579.539,26.562999999999874
Haven MHP,Device 75371946,17040,7,0,0,-107.0,0.0,0.0,0.0
Haven MHP,Device 75371003,16131,7,0,7,-100.0,0.0,0.0,0.0
Haven MHP,Device 75368405,17040,7,0,0,-90.0,96.0,96.0,0.0
Haven MHP,Device 75368967,16131,7,0,7,-110.0,17115.223,17593.932,478.7089999999989
Haven MHP,Device 75360089,16131,7,0,7,-101.0,92.674,92.674,0.0
Haven MHP,Device 75365054,16131,14,0,7,-88.0,116336.227,118985.977,2649.75
Haven MHP,Device 75361459,16131,7,0,4,-105.0,8809.812,8809.812,0.0
Haven MHP,Device 75365732,16131,7,0,7,-100.0,0.0,0.0,0.0
Haven MHP,Device 75366425,16131,7,0,7,-94.0,979.087,1076.847,97.75999999999999
Haven MHP,Device 79466080,16131,7,0,7,-94.0,13393.021,14632.451,1239.4299999999985
Haven MHP,Device 79468045,16131,7,0,0,-87.0,1691.678,1691.678,0.0
Haven MHP,Device 75364891,16131,7,0,6,-89.0,6961.562,7381.599,420.03700000000026
Haven MHP,Device 75360022,16131,9,0,2,-99.0,0.0,0.0,0.0
Haven MHP,Device 75367613,16131,7,0,3,-94.0,2.399,2.399,0.0
Haven MHP,Device 79462949,16131,7,0,7,-98.0,9145.153,9649.263,504.1100000000006
Haven MHP,Device 75369080,16131,8,0,7,-93.0,51450.293,52085.086,634.7930000000051
Haven MHP,Device 75360477,16131,7,0,7,-103.0,6353.741,6944.805,591.0640000000003
Haven MHP,Device 79466197,16131,7,0,7,-99.0,0.0,0.0,0.0
Haven MHP,Device 75365252,16131,7,0,6,-108.0,0.0,0.0,0.0
Haven MHP,Device 79465892,16131,7,0,7,-97.0,7815.72,8333.429,517.7089999999998
Haven MHP,Device 75365740,17040,7,0,0,-83.0,8844.0,8844.0,0.0
Haven MHP,Device 75371169,16131,7,0,7,-99.0,0.0,0.0,0.0
Haven MHP,Device 75369221,16131,7,0,1,-90.0,1286.954,1293.213,6.2590000000000146
Haven MHP,Device 75368926,16131,7,0,7,-104.0,3250.138,3600.417,350.279
Sunnyvale MHP,Device 72384017,362,12,0,7,-101.0,75343.672,76228.227,884.554999999993
Sunnyvale MHP,Device 72384066,16185,7,0,5,-94.0,5865.623,5924.092,58.46900000000005
Sunnyvale MHP,Device 72387978,16131,7,0,7,-95.0,20362.127,20969.387,607.2599999999984
Sunnyvale MHP,Device 72384181,16131,7,0,0,-93.0,8577.0,8577.0,0.0
Sunnyvale MHP,Device 72387879,362,12,0,7,-93.0,17532.08,17841.293,309.21299999999974
Sunnyvale MHP,Device 70265507,362,12,0,6,-89.0,46957.152,48145.109,1187.9569999999949
Sunnyvale MHP,Device 70269269,362,8,0,7,-96.0,16830.006,17150.303,320.29699999999866
Sunnyvale MHP,Device 72383928,16131,8,0,7,-88.0,23726.215,25260.109,1533.8940000000002
Sunnyvale MHP,Device 72383985,16131,7,0,7,-99.0,37268.547,37972.609,704.0619999999981
Sunnyvale MHP,Device 70267693,362,10,0,7,-101.0,60724.676,61325.695,601.0190000000002
Sunnyvale MHP,Device 70269772,362,13,0,7,-119.0,10032.918,10255.573,222.65500000000065
Sunnyvale MHP,Device 72387606,362,9,0,7,-101.0,21269.422,21642.232,372.8100000000013
Sunnyvale MHP,Device 72387788,,0,0,,,,,
Sunnyvale MHP,Device 72380379,362,9,0,7,-99.0,10771.321,11020.265,248.9439999999995
Sunnyvale MHP,Device 70268246,362,8,0,7,-98.0,16350.869,16933.186,582.3170000000009
Sunnyvale MHP,Device 72387796,362,11,0,0,-114.0,7407.38,7407.38,0.0
Sunnyvale MHP,Device 70269400,362,11,0,7,-97.0,9590.766,10380.971,790.2049999999999
Sunnyvale MHP,Device 72391723,362,7,0,1,-103.0,17484.533,17484.533,0.0
Sunnyvale MHP,Device 70265937,16131,7,0,7,-96.0,19974.098,20022.695,48.596999999997934
Sunnyvale MHP,Device 70266232,16131,7,0,7,-87.0,11711.009,12050.638,339.6290000000008
Sunnyvale MHP,Device 72384256,362,10,0,7,-99.0,20966.02,21263.201,297.1810000000005
Sunnyvale MHP,Device 72380452,16131,7,0,7,-100.0,14366.227,14426.518,60.29099999999926
Sunnyvale MHP,Device 72383894,,0,0,,,,,
Sunnyvale MHP,Device 70270358,362,10,0,7,-103.0,34612.168,34878.762,266.5940000000046
Hoosier Park MHC,Device 79465207,17037,7,0,7,-91.0,194.816,293.826,99.01000000000002
Hoosier Park MHC,Device 79455836,17032,7,0,7,-104.0,3831.02,5223.016,1391.9959999999996
Hoosier Park MHC,Device 79464606,17032,12,0,7,-98.0,11793.102,16336.245,4543.143
Hoosier Park MHC,Device 82371501,17032,11,0,7,-108.0,12197.613,16249.509,4051.8960000000006
Hoosier Park MHC,Device 79458509,17037,251,0,0,-88.0,0.0,0.0,0.0
Hoosier Park MHC,Device 79456123,17032,6,0,7,-97.0,2290.384,2931.244,640.8600000000001
Hoosier Park MHC,Device 79463822,17037,7,0,7,-100.0,3366.55,4320.984,954.4340000000002
Hoosier Park MHC,Device 72384769,,0,0,,,,,
Hoosier Park MHC,Device 72381732,17032,8,1,6,-107.0,14792.062,15237.245,445.1830000000009
Hoosier Park MHC,Device 72379454,17037,7,0,7,-99.0,567.133,894.567,327.43399999999997
Hoosier Park MHC,Device 72380304,17037,9,0,7,-103.0,178230.891,181065.109,2834.2179999999935
Hoosier Park MHC,Device 70266034,,0,0,,,,,
Hoosier Park MHC,Device 72381872,,0,0,,,,,
Hoosier Park MHC,Device 70264310,17032,7,0,6,-105.0,41359.23,41450.199,90.96899999999732
Hoosier Park MHC,Device 70272305,17037,7,0,7,-100.0,159738.5,159782.375,43.875
Hoosier Park MHC,Device 70266455,17032,11,1,7,-99.0,50708.238,51387.57,679.3320000000022
Hoosier Park MHC,Device 72386962,17032,7,0,6,-105.0,21915.227,22270.824,355.5970000000016
Hoosier Park MHC,Device 72380312,17032,7,0,7,-97.0,79364.367,79812.039,447.67200000000594
Hoosier Park MHC,Device 70259286,17037,7,0,7,-110.0,170425.125,170431.797,6.671999999991385
Hoosier Park MHC,Device 72383316,17037,252,0,7,-96.0,7906.327,8611.363,705.0359999999991
Hoosier Park MHC,Device 70261936,17037,7,0,0,-98.0,46.0,46.0,0.0
Hoosier Park MHC,Device 65826060,,0,0,,,,,
Hoosier Park MHC,Device 77057505,,0,0,,,,,
Hoosier Park MHC,Device 77061135,,0,0,,,,,
Hoosier Park MHC,Device 77056192,,0,0,,,,,
Hoosier Park MHC,Device 65828801,17032,7,0,7,-97.0,3737.433,3852.941,115.50799999999981
Little Acres MHC,Device 72715180,17037,7,0,7,-96.0,14980.689,15361.859,381.1700000000001
Little Acres MHC,Device 72719307,17037,7,0,7,-87.0,11913.522,12661.39,747.8679999999986
Little Acres MHC,Device 72718317,17037,7,0,7,-89.0,34330.309,35569.535,1239.2260000000024
Little Acres MHC,Device 72718671,17037,7,0,7,-97.0,36898.227,38462.039,1563.811999999998
Little Acres MHC,Device 72722582,17037,7,0,7,-95.0,34638.543,35540.199,901.6560000000027
Little Acres MHC,Device 72720602,17037,7,0,7,-87.0,8770.648,9009.13,238.48199999999997
Little Acres MHC,Device 72723051,17037,7,0,7,-96.0,13524.343,14074.393,550.0499999999993
Little Acres MHC,Device 72718812,17037,7,0,7,-96.0,29550.564,30366.459,815.8950000000004
Little Acres MHC,Device 72714076,17037,7,0,7,-90.0,6019.262,6054.011,34.749000000000706
Bannock MHP,Device 79467153,17032,7,0,0,-83.0,,,
Bannock MHP,Device 79454680,17032,7,0,2,-107.0,237.119,312.863,75.744
Bannock MHP,Device 79466577,17032,7,0,0,-91.0,,,
Bannock MHP,Device 79453955,17032,7,0,0,-98.0,0.0,0.0,0.0
Bannock MHP,Device 75373975,17032,7,0,0,-95.0,0.0,0.0,0.0
Bannock MHP,Device 75370989,17032,7,0,0,-87.0,,,
Bannock MHP,Device 79455273,17032,7,0,0,-95.0,61.0,61.0,0.0
Bannock MHP,Device 75369205,17032,7,0,7,-89.0,1151.424,1703.302,551.8779999999999
Bannock MHP,Device 75363158,17032,7,0,7,-92.0,3570.317,3768.552,198.23500000000013
Bannock MHP,Device 79454573,17032,7,0,0,-94.0,0.35,0.35,0.0
Bannock MHP,Device 75365112,17032,7,0,0,-86.0,1474.0,1474.0,0.0
Bannock MHP,Device 75374114,17032,7,0,0,-89.0,,,
Bannock MHP,Device 75374387,17032,7,0,0,-95.0,,,
Bannock MHP,Device 75360311,17032,7,0,0,-97.0,,,
Bannock MHP,Device 79460364,17032,7,0,3,-86.0,57.633,66.503,8.869999999999997
Bannock MHP,Device 79466122,17032,7,0,0,-85.0,0.0,0.0,0.0
Bannock MHP,Device 75374312,17032,7,0,0,-87.0,0.0,0.0,0.0
Bannock MHP,Device 79462824,17032,7,0,0,-95.0,,,
Bannock MHP,Device 75364735,17032,7,0,0,-98.0,,,
Bannock MHP,Device 79456222,17032,7,0,0,-94.0,0.0,0.0,0.0
Bannock MHP,Device 79466429,17032,7,0,0,-86.0,0.0,0.0,0.0
Bannock MHP,Device 79463053,17032,7,0,0,-100.0,0.368,0.368,0.0
Bannock MHP,Device 75374080,17032,7,0,0,-96.0,0.488,0.488,0.0
Bannock MHP,Device 75368660,17032,5,0,7,-93.0,251.152,262.406,11.254000000000019
Bannock MHP,Device 79454516,17032,7,0,0,-87.0,0.0,0.0,0.0
Bannock MHP,Device 79463046,17032,8,1,4,-119.0,51.363,63.98,12.616999999999997
Bannock MHP,Device 79462352,17032,21,0,7,-92.0,2107.725,4206.459,2098.734
Bannock MHP,Device 75368892,17032,7,0,7,-94.0,933.604,1383.098,449.4939999999999
Bannock MHP,Device 75366276,17032,7,0,0,-94.0,0.0,0.0,0.0
Bannock MHP,Device 79459655,17032,7,0,7,-94.0,2141.672,3055.665,913.9929999999999
Bannock MHP,Device 79460141,17032,7,0,7,-99.0,319.128,464.422,145.29400000000004
Bannock MHP,Device 79466528,17032,7,0,0,-86.0,0.0,0.0,0.0
Bannock MHP,Device 75374254,17032,9,0,3,-92.0,452.654,675.014,222.36
Bannock MHP,Device 79465983,17032,7,0,7,-91.0,1417.125,1760.371,343.2460000000001
Bannock MHP,Device 79463996,17032,7,0,0,-87.0,,,
Green Grove Trailer Court MHC,Device 72382672,16131,7,0,7,-108.0,16425.551,16780.252,354.70100000000093
Green Grove Trailer Court MHC,Device 70258619,16131,7,0,0,-120.0,9015.509,9026.419,10.909999999999854
Green Grove Trailer Court MHC,Device 70259146,16131,6,0,2,-115.0,7371.727,7631.064,259.33700000000044
Green Grove Trailer Court MHC,Device 70259997,16131,7,0,5,-114.0,4690.425,4965.948,275.52300000000014
Green Grove Trailer Court MHC,Device 70259708,16131,7,0,7,-111.0,2615.812,2716.829,101.01700000000028
Green Grove Trailer Court MHC,Device 70261944,16131,5,0,6,-111.0,2469.851,2533.258,63.4069999999997
Green Grove Trailer Court MHC,Device 70271182,17037,6,0,0,-121.0,2486238.75,2486396.5,157.75
Green Grove Trailer Court MHC,Device 70259989,16131,3,0,0,-119.0,6401.966,6615.621,213.65499999999975
Green Grove Trailer Court MHC,Device 70269863,16131,7,0,7,-107.0,29287.119,29686.473,399.354000000003
Green Grove Trailer Court MHC,Device 77055129,16131,7,0,7,-114.0,20198.496,20734.973,536.4770000000026
Green Grove Trailer Court MHC,Device 77057273,16131,7,0,6,-106.0,15447.243,15758.514,311.2709999999988
Green Grove Trailer Court MHC,Device 77060889,16131,7,0,0,-116.0,21623.592,21623.592,0.0
Green Grove Trailer Court MHC,Device 65831649,16131,7,0,7,-90.0,7165.137,7510.96,345.8230000000003
Green Grove Trailer Court MHC,Device 77054551,16131,6,0,7,-115.0,3915.702,4167.56,251.85800000000017
Green Grove Trailer Court MHC,Device 65826193,16131,7,0,7,-111.0,2030.027,2070.168,40.141000000000076
Green Grove Trailer Court MHC,Device 65825989,16131,7,0,6,-111.0,2600.427,2794.155,193.72800000000007
Green Grove Trailer Court MHC,Device 65825500,17040,8,0,1,-95.0,11754.0,11754.634,0.6340000000000146
Green Grove Trailer Court MHC,Device 65826102,16131,7,0,2,-112.0,5051.236,5056.056,4.819999999999709
Green Grove Trailer Court MHC,Device 65830377,16131,5,0,5,-106.0,2708.927,2822.703,113.77599999999984
Green Grove Trailer Court MHC,Device 65825153,17037,7,0,7,-103.0,26863.146,27203.732,340.58599999999933
Green Grove Trailer Court MHC,Device 65824107,16131,7,0,7,-114.0,15808.25,16084.646,276.39600000000064
Mountaineer Village MHC,Device 75367308,17037,7,0,7,-106.0,3567.728,4307.966,740.2380000000003
Mountaineer Village MHC,Device 79465520,17037,7,0,0,-102.0,1.419,1.419,0.0
Mountaineer Village MHC,Device 75370898,17037,7,0,7,-99.0,802.152,1053.166,251.0139999999999
Mountaineer Village MHC,Device 72721428,15085,7,0,7,-106.0,20048.777,21028.004,979.2270000000026
Mountaineer Village MHC,Device 72720776,17040,5,0,0,-94.0,19522.0,19522.0,0.0
Mountaineer Village MHC,Device 72722079,15085,7,0,7,-100.0,19208.822,20165.029,956.2069999999985
Mountaineer Village MHC,Device 72379330,15085,7,0,7,-99.0,24447.48,24902.258,454.77800000000207
Mountaineer Village MHC,Device 72381062,15085,7,0,7,-91.0,28741.68,29263.857,522.1769999999997
Mountaineer Village MHC,Device 70262900,15085,7,0,6,-89.0,15589.811,15920.592,330.78100000000086
Mountaineer Village MHC,Device 70272214,15085,7,0,7,-90.0,6915.093,7076.683,161.59000000000015
Mountaineer Village MHC,Device 70272248,15085,7,0,7,-107.0,29879.186,30246.908,367.72199999999793
Mountaineer Village MHC,Device 70266497,15085,7,0,7,-92.0,20148.371,20761.137,612.7659999999996
Mountaineer Village MHC,Device 72378670,15085,10,0,7,-93.0,88223.094,94565.148,6342.054000000004
Mountaineer Village MHC,Device 72381260,15085,7,0,7,-77.0,63920.781,64581.922,661.140999999996
Mountaineer Village MHC,Device 70273014,15085,7,0,5,-103.0,13158.237,13333.598,175.3610000000008
Mountaineer Village MHC,Device 70272297,15085,7,0,7,-104.0,10999.683,11195.058,195.375
Mountaineer Village MHC,Device 70272842,15085,6,0,5,-108.0,21226.832,21501.049,274.21700000000055
Mountaineer Village MHC,Device 70269517,15085,7,0,7,-107.0,15292.788,15562.596,269.8079999999991
Mountaineer Village MHC,Device 70261670,15085,6,0,6,-93.0,32085.709,32489.297,403.58799999999974
Mountaineer Village MHC,Device 72391202,15085,7,0,7,-93.0,56542.32,57598.105,1055.7850000000035
Mountaineer Village MHC,Device 70272933,15085,7,0,7,-90.0,11943.313,12025.569,82.2559999999994
Mountaineer Village MHC,Device 72381948,15085,6,0,6,-108.0,78669.602,79636.453,966.8509999999951
Mountaineer Village MHC,Device 70262173,15085,7,0,7,-93.0,52789.957,53817.227,1027.2699999999968
Mountaineer Village MHC,Device 70266109,15085,7,0,7,-96.0,39428.34,40192.105,763.7650000000067
Mountaineer Village MHC,Device 70269194,15085,7,0,7,-90.0,3284.945,3951.153,666.2079999999996
Mountaineer Village MHC,Device 72384694,15085,6,0,6,-106.0,50182.141,51092.254,910.1129999999976
Mountaineer Village MHC,Device 72378902,16131,7,0,7,-96.0,51148.422,52353.824,1205.4020000000019
Mountaineer Village MHC,Device 72381096,15085,7,0,7,-103.0,15460.69,15843.605,382.91499999999905
Mountaineer Village MHC,Device 72383696,,0,0,,,,,
Mountaineer Village MHC,Device 70268097,16131,7,0,7,-116.0,36373.457,36625.203,251.74599999999919
Mountaineer Village MHC,Device 2068597341,10706,2,0,0,-97.0,46239.0,46239.0,0.0
Ridge Crest MHC,Device 72724448,362,12,0,7,-78.0,59151.43,60260.793,1109.3629999999976
Ridge Crest MHC,Device 72720131,362,11,0,7,-84.0,36335.184,37311.336,976.1520000000019
Ridge Crest MHC,Device 72719984,,0,0,,,,,
Holly Tree MHP,Device 79454565,16185,7,0,7,-113.0,3956.733,4571.485,614.7519999999995
Holly Tree MHP,Device 79464168,16185,7,0,4,-109.0,960.397,1034.429,74.03200000000004
Holly Tree MHP,Device 75363091,16185,7,0,6,-106.0,2152.763,2401.707,248.94399999999996
Holly Tree MHP,Device 75360766,16185,7,0,6,-108.0,3286.987,3836.946,549.9589999999998
Holly Tree MHP,Device 79463400,16185,7,0,5,-108.0,877.837,1031.965,154.12799999999993
Holly Tree MHP,Device 79461131,16185,13,0,7,-107.0,41056.555,47488.91,6432.355000000003
Holly Tree MHP,Device 79462048,17037,7,0,7,-107.0,2163.117,2745.416,582.299
Holly Tree MHP,Device 79461107,17037,7,0,3,-113.0,32883.578,33586.656,703.0780000000013
Holly Tree MHP,Device 79462725,16185,5,0,4,-116.0,14.553,19.501,4.948
Holly Tree MHP,Device 79462022,16185,7,0,6,-103.0,4795.694,5553.479,757.7849999999999
Holly Tree MHP,Device 79461222,16185,7,0,6,-113.0,8474.191,8910.169,435.97799999999916
Holly Tree MHP,Device 79460901,16185,3,0,3,-117.0,493.497,543.299,49.801999999999964
Holly Tree MHP,Device 79461388,16185,4,0,2,-112.0,635.637,1420.496,784.8590000000002
Holly Tree MHP,Device 79462733,16185,7,0,5,-112.0,6635.992,7763.214,1127.2219999999998
Holly Tree MHP,Device 75372225,16185,7,0,0,-113.0,1314.432,1314.432,0.0
Holly Tree MHP,Device 79461073,16185,7,0,7,-116.0,5086.637,5826.517,739.8800000000001
Holly Tree MHP,Device 75362184,16185,8,0,2,-112.0,5224.092,6053.471,829.3789999999999
Holly Tree MHP,Device 75374759,16185,5,0,0,-122.0,1886.293,2027.742,141.44900000000007
Holly Tree MHP,Device 72719042,16185,6,0,1,-113.0,53.738,53.738,0.0
Holly Tree MHP,Device 70268915,16185,7,0,6,-111.0,306.352,510.357,204.00500000000005
Holly Tree MHP,Device 72391814,17037,29,4,7,-106.0,221.377,1536.025,1314.6480000000001
Holly Tree MHP,Device 72378779,16185,7,0,7,-110.0,1277.243,1455.86,178.61699999999996
Holly Tree MHP,Device 72391038,16185,7,0,6,-115.0,1623.287,1902.649,279.36199999999985
Holly Tree MHP,Device 72391269,16185,7,0,5,-105.0,7360.602,8145.186,784.5839999999998
Holly Tree MHP,Device 70262199,16185,6,0,3,-120.0,9734.902,9913.469,178.5669999999991
Holly Tree MHP,Device 72381427,16185,7,0,6,-100.0,39226.133,39408.551,182.41799999999785
Holly Tree MHP,Device 70272974,16185,7,0,5,-109.0,10706.474,10857.094,150.61999999999898
Holly Tree MHP,Device 70261985,16185,7,0,7,-109.0,33746.617,34135.602,388.9850000000006
Holly Tree MHP,Device 72386780,16185,8,1,6,-113.0,22906.889,23077.818,170.9290000000001
Holly Tree MHP,Device 72390246,16185,7,0,7,-100.0,11863.254,12196.558,333.3040000000001
Holly Tree MHP,Device 72392796,16185,7,0,7,-110.0,12151.366,12412.546,261.1800000000003
Holly Tree MHP,Device 72383548,16185,7,0,7,-110.0,16756.395,17038.623,282.22799999999916
Holly Tree MHP,Device 72392408,16185,7,0,6,-108.0,1533.962,1758.204,224.24199999999996
Holly Tree MHP,Device 70262884,16185,7,0,4,-113.0,13009.621,13227.692,218.0709999999999
Holly Tree MHP,Device 72392382,16185,7,0,7,-109.0,1683.306,1954.936,271.6299999999999
Holly Tree MHP,Device 77061283,16185,7,0,7,-113.0,30368.084,30875.727,507.64300000000003
Holly Tree MHP,Device 77060228,16185,7,0,3,-114.0,2077.062,2383.946,306.884
Holly Tree MHP,Device 77056069,16185,7,0,7,-101.0,40666.492,41388.332,721.8400000000038
Holly Tree MHP,Device 77042085,16185,7,0,7,-115.0,22497.076,22726.586,229.5099999999984
Holly Tree MHP,Device 77052258,16185,7,0,7,-110.0,35328.047,35584.77,256.72299999999814
Holly Tree MHP,Device 77029397,16185,7,0,0,-113.0,347.441,347.441,0.0
Holly Tree MHP,Device 77029413,16185,6,0,6,-111.0,23372.738,23478.594,105.85599999999977
Holly Tree MHP,Device 77029231,16185,7,0,7,-115.0,97035.32,97652.938,617.6179999999877
Holly Tree MHP,Device 77052191,16185,6,0,7,-112.0,41880.355,42785.426,905.0709999999963
Holly Tree MHP,Device 77029355,16185,7,0,7,-106.0,143906.406,144761.0,854.5940000000119
Holly Tree MHP,Device 77057208,16185,7,0,7,-113.0,49423.629,49692.656,269.02700000000186
Holly Tree MHP,Device 65829700,16185,7,0,7,-106.0,15055.335,15341.489,286.15400000000045
Holly Tree MHP,Device 77041889,16185,7,0,7,-110.0,19040.641,19576.916,536.2750000000015
Holly Tree MHP,Device 77029314,16185,4,0,7,-112.0,17009.027,17267.779,258.7520000000004
Holly Tree MHP,Device 77055400,17037,7,0,7,-102.0,3637.851,4644.426,1006.5750000000003
Holly Tree MHP,Device 77057620,16185,8,0,7,-106.0,352603.063,353922.781,1319.7179999999935
Holly Tree MHP,Device 77058727,16185,8,1,0,-121.0,15144.256,15313.354,169.09799999999996
Holly Tree MHP,Device 77057364,16185,7,0,7,-111.0,22477.92,22913.867,435.9470000000001
Holly Tree MHP,Device 65824990,16185,7,0,7,-110.0,9643.739,9743.787,100.04800000000068
Holly Tree MHP,Device 77058008,16185,7,0,7,-106.0,84664.75,85062.406,397.6560000000027
Holly Tree MHP,Device 77029546,16185,7,0,7,-114.0,17639.945,17895.627,255.6820000000007
Holly Tree MHP,Device 77041996,16185,7,0,7,-105.0,16641.252,17550.484,909.232
Holly Tree MHP,Device 77056432,16185,7,0,7,-115.0,16148.119,16354.853,206.73399999999856
Holly Tree MHP,Device 77028688,16185,7,0,7,-118.0,29446.979,29626.5,179.52100000000064
Holly Tree MHP,Device 77029207,17037,7,0,7,-109.0,55879.781,56608.293,728.5119999999952
Holly Tree MHP,Device 77061812,16185,7,0,7,-113.0,56586.262,57171.008,584.7459999999992
Holly Tree MHP,Device 77057018,16185,7,0,7,-107.0,36656.813,36935.18,278.36699999999837
Holly Tree MHP,Device 65824412,16185,8,0,7,-117.0,38475.563,39094.824,619.2609999999986
Holly Tree MHP,Device 77058271,16185,7,0,1,-109.0,183516.953,183531.031,14.077999999979511
Holly Tree MHP,Device 77054684,16185,7,0,7,-112.0,30986.113,31458.758,472.64500000000044
Holly Tree MHP,Device 65827589,16185,7,0,7,-109.0,14997.938,15398.422,400.4840000000004
Holly Tree MHP,Device 77055582,16185,7,0,7,-118.0,8009.943,8064.46,54.516999999999825
Holly Tree MHP,Device 77036657,16185,7,0,7,-119.0,40448.129,41022.836,574.7070000000022
Holly Tree MHP,Device 77054379,16185,7,0,7,-111.0,52424.117,53359.219,935.101999999999
Holly Tree MHP,Device 77061721,16185,7,0,7,-118.0,47080.34,47739.18,658.8400000000038
Holly Tree MHP,Device 77057570,17037,7,0,6,-110.0,45377.816,45581.98,204.1640000000043
Holly Tree MHP,Device 77056556,16185,7,0,7,-108.0,19273.271,20327.514,1054.2429999999986
Holly Tree MHP,Device 77057992,16185,7,0,7,-110.0,32362.252,32811.141,448.88900000000285
Holly Tree MHP,Device 77058610,17037,7,0,7,-120.0,16138.483,16327.845,189.36199999999917
Holly Tree MHP,Device 65830112,16185,7,0,7,-115.0,2886.231,3288.333,402.10199999999986
Holly Tree MHP,Device 65829577,16185,6,0,7,-112.0,24474.223,24602.559,128.33599999999933
Maple Creek Estates MHC,Device 75364750,17037,7,0,7,-105.0,6899.559,7222.418,322.85899999999947
Maple Creek Estates MHC,Device 75369361,16185,7,0,7,-105.0,4617.423,4802.433,185.01000000000022
Maple Creek Estates MHC,Device 79467229,16185,7,0,7,-112.0,2733.543,3266.94,533.3969999999999
Maple Creek Estates MHC,Device 75361590,16185,9,0,7,-100.0,7295.685,8811.607,1515.9219999999996
Maple Creek Estates MHC,Device 75363976,16185,7,0,3,-111.0,7852.261,7863.668,11.406999999999243
Maple Creek Estates MHC,Device 75371862,17037,7,0,7,-107.0,10510.868,11360.562,849.6939999999995
Maple Creek Estates MHC,Device 75371029,16185,7,0,0,-103.0,0.0,0.0,0.0
Maple Creek Estates MHC,Device 75365591,16185,21,0,7,-106.0,217648.281,251767.328,34119.04700000002
Maple Creek Estates MHC,Device 75365609,16185,7,0,0,-110.0,0.0,0.0,0.0
Maple Creek Estates MHC,Device 79465678,16185,7,0,7,-102.0,2593.632,2912.137,318.5050000000001
Maple Creek Estates MHC,Device 79467054,16185,7,0,7,-104.0,5315.136,5734.054,418.91799999999967
Maple Creek Estates MHC,Device 75369650,17037,7,0,7,-104.0,5801.417,6169.313,367.89599999999973
Freedom MHP,Device 75367902,363,9,0,6,-85.0,12286.031,12485.993,199.96199999999953
Freedom MHP,Device 75360741,363,10,0,7,-78.0,16192.956,16331.447,138.49099999999999
Freedom MHP,Device 75373793,363,11,0,6,-72.0,4840.822,5038.82,197.9979999999996
Freedom MHP,Device 75373645,363,6,0,0,-75.0,4.0,4.0,0.0
Freedom MHP,Device 72717210,363,11,0,7,-76.0,16820.676,17181.717,361.0410000000011
Freedom MHP,Device 72721998,,0,0,,,,,
Freedom MHP,Device 72716915,363,13,0,7,-87.0,23979.572,24417.656,438.0839999999989
Freedom MHP,Device 72719448,363,10,0,6,-82.0,32645.48,32787.043,141.56299999999828
Freedom MHP,Device 70266869,16131,9,0,7,-88.0,22422.189,22965.326,543.1370000000024
Freedom MHP,Device 72716378,,0,0,,,,,
Freedom MHP,Device 72721402,363,14,0,7,-79.0,24082.23,25065.154,982.9239999999991
Freedom MHP,Device 72718713,,0,0,,,,,
Freedom MHP,Device 72723192,16022,7,0,0,-75.0,3903.0,3903.0,0.0
Freedom MHP,Device 72721808,363,7,0,0,-88.0,122.013,122.013,0.0
Freedom MHP,Device 72720008,363,12,0,7,-76.0,26309.898,26536.691,226.79299999999785
Freedom MHP,Device 72723143,,0,0,,,,,
Freedom MHP,Device 72721832,363,7,0,0,-79.0,1209.0,1209.0,0.0
Freedom MHP,Device 72717806,16022,7,0,0,-67.0,12078.37,12078.37,0.0
Freedom MHP,Device 72722111,16131,48,0,7,-80.0,68303.68,68680.313,376.63300000000163
Freedom MHP,Device 72714944,363,7,0,1,-75.0,313.13,313.13,0.0
Freedom MHP,Device 72718200,363,7,0,1,-86.0,39.0,39.41,0.4099999999999966
Freedom MHP,Device 72719141,16131,7,0,7,-71.0,21154.559,21490.547,335.98799999999756
Freedom MHP,Device 72715123,17040,7,0,0,-80.0,12638.0,12638.0,0.0
Freedom MHP,Device 70258650,17037,7,0,7,-81.0,125591.484,125645.531,54.04700000000594
Freedom MHP,Device 70268014,363,10,0,7,-84.0,23714.502,24175.213,460.71099999999933
Freedom MHP,Device 77028639,363,9,0,7,-94.0,17435.0,17496.996,61.995999999999185
Freedom MHP,Device 77056374,363,14,0,7,-81.0,17411.988,17947.508,535.5200000000004
Sunny Acres MHP,Device 2041765624,10706,0,0,,,17933.0,17933.0,0.0
Brown's MHP-CUST,Device 70262595,15154,7,0,7,-106.0,7562.215,7679.913,117.69799999999941
Brown's MHP-CUST,Device 70266984,17037,57,4,7,-115.0,2610.0,2653.489,43.48900000000003
Brown's MHP-CUST,Device 77058255,15154,7,0,7,-106.0,7205.474,7413.271,207.79699999999957
Brown's MHP-CUST,Device 77061242,17040,7,0,7,-103.0,8813.425,9080.992,267.5670000000009
Brown's MHP-CUST,Device 65827662,15154,7,0,7,-102.0,6983.451,7305.163,321.71199999999953
Brown's MHP-CUST,Device 65829809,15154,7,0,7,-99.0,76368.703,76773.172,404.4690000000119
Brown's MHP-CUST,Device 65824255,,0,0,,,,,
Brown's MHP-CUST,Device 65828728,15154,7,0,7,-104.0,153774.828,153911.844,137.01600000000326
Brown's MHP-CUST,Device 65831466,,0,0,,,,,
Brown's MHP-CUST,Device 68588183,15154,7,0,6,-112.0,9883.742,9940.571,56.82899999999972
Dorr Drive MHP,Device 70266273,15085,4,0,6,-101.0,12295.819,12512.819,217.0
Dorr Drive MHP,Device 72379223,16185,5,0,3,-109.0,54519.008,55314.539,795.5309999999954
Dorr Drive MHP,Device 72381286,16185,8,0,7,-112.0,55419.844,56925.145,1505.3009999999995
Dorr Drive MHP,Device 72383753,,0,0,,,,,
Dorr Drive MHP,Device 70261373,17037,7,0,7,-115.0,3868.013,3965.895,97.88200000000006
Dorr Drive MHP,Device 72379140,16185,3,0,2,-117.0,52183.535,52379.48,195.9449999999997
Dorr Drive MHP,Device 70266364,16185,7,0,6,-110.0,15641.59,15902.062,260.47199999999975
Dorr Drive MHP,Device 72381237,16185,6,0,0,-121.0,,,
Dorr Drive MHP,Device 72378555,16185,5,0,4,-113.0,145463.094,148496.25,3033.155999999988
Dorr Drive MHP,Device 72381757,16185,7,0,7,-103.0,74358.469,75094.406,735.9370000000054
Dorr Drive MHP,Device 70263544,,0,0,,,,,
Dorr Drive MHP,Device 72390584,,0,0,,,,,
Dorr Drive MHP,Device 72392937,16185,4,0,4,-116.0,45534.402,46391.828,857.4259999999995
Dorr Drive MHP,Device 77029728,,0,0,,,,,
