serial,property,fwVer,fwVerTi,ageDays,dropouts120d,qual0frac30d,qualN,hardResets,tier
65821970,Estancia MHP,15147,256,566,0,0.00,33,0,OK
65821996,Kingsbrook MHC,16131,296,526,0,0.00,23,0,OK
65822002,Canada,362,209,481,0,0.00,59,0,OK
65822010,Estancia MHP,15147,256,566,0,0.00,30,0,OK
65822036,Estancia MHP,16022,260,567,1,0.00,30,0,MED
65822051,Kingsbrook MHC,16131,296,451,0,0.00,30,0,OK
65822119,TN4,362,209,599,0,0.00,60,0,OK
65822127,The Oaks MHC,16131,296,613,0,0.00,30,0,OK
65822168,Oaklawn Park HOA,15090,254,614,0,0.00,29,0,OK
65822176,Maple Run MHC,362,209,601,0,0.00,56,0,OK
65822192,The Oaks MHC,16131,296,619,0,0.00,30,0,OK
65822200,Sara Drive MHP,362,209,619,0,0.00,58,0,OK
65822218,Aurora MHC,16022,260,480,0,0.00,31,0,OK
65822226,Virginia Beach,17037,344,601,1,0.11,66,0,MED
65822234,Carolina Springs MHP,362,209,613,0,0.00,53,0,OK
65822283,Sara Drive MHP,362,209,619,0,0.00,59,0,OK
65822291,La Comunidad MHC,16185,314,461,1,0.00,60,2,MED
65822341,Aurora MHC,16022,260,599,0,0.00,30,0,OK
65822390,Eastwood Hills MHC,16185,314,599,1,0.00,60,2,MED
65822424,Lakeview MHC,362,209,579,0,0.00,60,0,OK
65822432,Taylor St Triplex,16185,314,494,1,0.02,58,2,MED
65822440,Sara Drive MHP,362,209,599,0,0.00,51,0,OK
65822457,Sara Drive MHP,362,209,591,0,0.00,60,0,OK
65822481,Sara Drive MHP,362,209,584,0,0.00,59,0,OK
65822507,PW2,16185,314,591,1,0.00,59,2,MED
65822556,Estancia MHP,15147,256,564,0,0.00,30,0,OK
65822598,Forest at Sherman MHC,16185,314,567,1,0.00,56,2,MED
65822622,Forest at Sherman MHC,16185,314,620,1,0.00,56,2,MED
65822630,Forest at Sherman MHC,16185,314,591,1,0.00,62,2,MED
65822655,Coleman Village MHC,16185,314,619,1,0.00,60,2,MED
65822663,Oaklawn Park HOA,15090,254,601,0,0.00,28,0,OK
65822697,Parkview MHP,16130,296,557,0,0.00,27,0,OK
65822721,Ponderosa MHC,17037,344,462,1,0.02,61,0,MED
65822788,Parkway MHC,16022,260,599,0,0.00,30,0,OK
65822846,Estancia MHP,15147,256,480,0,0.00,30,0,OK
65822853,Parkway MHC,16022,260,617,0,0.00,30,0,OK
65822861,Oaklawn Park HOA,15090,254,602,0,0.00,47,0,OK
65822879,Forest at Sherman MHC,16185,314,591,1,0.00,60,2,MED
65822895,Shenandoah Dr Triplex,362,209,579,0,0.00,58,0,OK
65822960,Forest at Sherman MHC,16185,314,591,1,0.00,53,2,MED
65822994,PW2,16022,260,526,0,0.00,30,0,OK
65823034,Alta Vista MHC,16185,314,566,1,0.00,60,2,MED
65823042,Sara Drive MHP,362,209,562,0,0.00,58,0,OK
65823067,Eastwood Hills MHC,362,209,601,0,0.00,59,0,OK
65823075,Estancia MHP,15147,256,561,0,0.00,66,0,OK
65823125,Estancia MHP,15147,256,567,0,0.00,31,0,OK
65823224,Canada,16185,314,451,1,0.05,62,2,MED
65823299,Parkview MHP,16185,314,602,1,0.00,60,2,MED
65823315,Oakwood MHP,16022,260,602,0,0.00,30,0,OK
65823331,Fair Meadows MHC,16022,260,613,0,0.00,30,0,OK
65823356,Alta Vista MHC,16131,296,602,0,0.00,30,0,OK
65823380,Aurora MHC,16022,260,619,0,0.00,30,0,OK
65823406,PW2,16022,260,599,0,0.00,30,0,OK
65823422,Maple Run MHC,362,209,613,0,0.00,59,0,OK
65823430,Sara Drive MHP,362,209,619,0,0.00,54,0,OK
65823448,Fair Meadows MHC,16022,260,619,0,0.00,30,0,OK
65823463,Delaware St Quadplex,362,209,285,0,0.00,57,0,OK
65823489,Shady Lane MHP,17028,341,447,1,0.23,69,0,MED
65823497,Oaklawn Park HOA,15090,254,619,0,0.00,30,0,OK
65823521,Sara Drive MHP,362,209,599,0,0.00,57,0,OK
65823596,Alta Vista MHC,363,219,601,0,0.00,60,0,OK
65823638,Parkwood,16131,296,591,0,0.00,30,0,OK
65823687,Forest at Sherman MHC,16185,314,602,1,0.00,132,2,MED
65823711,Oaklawn Park HOA,15090,254,599,0,0.00,30,0,OK
65823729,Eastwood Hills MHC,362,209,599,0,0.00,60,0,OK
65823737,Aurora MHC,16022,260,613,0,0.00,30,0,OK
65823752,Oaklawn Park HOA,15090,254,619,0,0.00,29,0,OK
65823802,Parkview MHP,16130,296,613,0,0.00,31,0,OK
65823810,Westview Mobile Estates MHC,362,209,591,0,0.00,60,0,OK
65823836,Parker MHC,362,209,601,0,0.00,60,0,OK
65823851,Maple Run MHC,362,209,452,0,0.00,53,0,OK
65823893,Maple Run MHC,362,209,613,0,0.00,60,0,OK
65823901,Alta Vista MHC,16185,314,613,1,0.00,60,2,MED
65823927,Alta Vista MHC,16185,314,599,1,0.00,111,2,MED
65823950,Parkway MHC,17032,344,591,1,0.02,61,0,MED
65824008,Kingsbrook MHC,16131,296,451,0,0.00,29,0,OK
65824040,Estancia MHP,15147,256,494,0,0.00,28,0,OK
65824065,Aurora MHC,16022,260,558,0,0.00,30,0,OK
65824107,Green Grove Trailer Court MHC,16131,296,613,0,0.00,30,0,OK
65824149,Oaklawn Park HOA,16185,314,613,1,0.02,48,2,MED
65824172,Estancia MHP,15147,256,562,0,0.00,31,0,OK
65824214,Canada,17037,344,452,1,0.05,64,0,MED
65824222,Lantana Trail,15154,260,511,0,0.00,120,0,OK
65824230,Aurora MHC,16022,260,452,0,0.00,30,0,OK
65824289,The Oaks MHC,16131,296,613,0,0.00,30,0,OK
65824321,Parkview MHP,16130,296,462,0,0.00,32,0,OK
65824347,Estancia MHP,15147,256,480,0,0.00,30,0,OK
65824370,PW2,16022,260,569,0,0.00,29,0,OK
65824388,Parkview MHP,17037,344,567,1,0.03,66,0,MED
65824404,Aurora MHC,16022,260,481,0,0.00,30,0,OK
65824412,Holly Tree MHP,16185,314,481,1,0.00,60,2,MED
65824438,Arizona Manor,362,209,481,0,0.00,59,0,OK
65824446,Lakeview MHC,362,209,480,0,0.00,60,0,OK
65824461,Coleman Village MHC,16185,314,619,1,0.00,60,2,MED
65824511,Estancia MHP,16128,295,562,0,0.00,58,0,OK
65824545,PW2,16185,314,527,1,0.00,68,2,MED
65824552,Forest at Sherman MHC,16185,314,527,1,0.00,59,2,MED
65824560,Sara Drive MHP,362,209,527,0,0.00,60,0,OK
65824586,Ontario Place MHC,16185,314,569,1,0.00,55,2,MED
65824594,Sky Run,16131,296,494,0,0.00,30,0,OK
65824610,Maple Run MHC,362,209,557,0,0.00,60,0,OK
65824628,Alta Vista MHC,363,219,557,0,0.00,60,0,OK
65824636,Eastwood Hills MHC,362,209,526,0,0.00,59,0,OK
65824669,Eastwood Hills MHC,362,209,591,0,0.00,58,0,OK
65824719,Sara Drive MHP,362,209,451,0,0.00,59,0,OK
65824750,Kingsbrook MHC,16022,260,526,0,0.00,27,0,OK
65824768,Estancia MHP,15147,256,564,0,0.00,30,0,OK
65824776,Oaklawn Park HOA,15090,254,570,0,0.00,30,0,OK
65824784,Alta Vista MHC,16185,314,563,1,0.00,60,2,MED
65824792,Forest at Sherman MHC,362,209,526,0,0.00,52,0,OK
65824800,Oak Forest Estate MHC,17037,344,557,1,0.01,71,0,MED
65824818,Parkway MHC,16022,260,462,0,0.00,30,0,OK
65824842,Alta Vista MHC,16185,314,591,1,0.00,66,2,MED
65824875,PW2,16185,314,599,1,0.00,59,2,MED
65824909,Alta Vista MHC,363,219,599,0,0.00,60,0,OK
65824917,Shady Lane MHP,17028,341,481,1,0.30,73,0,MED
65824925,Westview Mobile Estates MHC,362,209,562,0,0.00,59,0,OK
65824933,Parkway MHC,16022,260,569,0,0.00,30,0,OK
65824982,Forest at Sherman MHC,17037,344,599,1,0.06,48,0,MED
65824990,Holly Tree MHP,16185,314,481,1,0.00,59,2,MED
65825047,Estancia MHP,16185,314,613,1,0.00,81,2,MED
65825062,Virginia Beach,17037,344,614,1,0.11,66,0,MED
65825070,Oaklawn Park HOA,15090,254,613,0,0.00,30,0,OK
65825088,The Oaks MHC,16131,296,613,0,0.00,30,0,OK
65825104,Westview Mobile Estates MHC,362,209,619,0,0.00,60,0,OK
65825112,Ontario Place MHC,16185,314,614,1,0.00,60,2,MED
65825146,Parkview MHP,17037,344,614,1,0.02,62,0,MED
65825153,Green Grove Trailer Court MHC,17037,344,613,1,0.03,69,0,MED
65825195,Forest at Sherman MHC,362,209,613,0,0.00,67,0,OK
65825203,Aurora MHC,16022,260,480,0,0.00,30,0,OK
65825237,Kachina,16185,314,511,1,0.00,57,2,MED
65825252,Sara Drive MHP,362,209,599,0,0.00,60,0,OK
65825286,Ontario Place MHC,17037,344,619,1,0.12,17,0,MED
65825294,Eastwood Hills MHC,362,209,591,0,0.00,60,0,OK
65825302,Aurora MHC,16022,260,601,0,0.00,30,0,OK
65825310,Kingsbrook MHC,16131,296,590,0,0.00,31,0,OK
65825385,Aurora MHC,16131,296,480,0,0.00,30,0,OK
65825419,Lakeview MHC,362,209,480,0,0.00,60,0,OK
65825443,Suncrest Dr MF,362,209,564,0,0.00,60,0,OK
65825484,Forest at Sherman MHC,362,209,567,0,0.00,58,0,OK
65825542,Carolina Springs MHP,17037,344,527,3,0.52,44,0,HIGH
65825559,Estancia MHP,15147,256,527,0,0.00,30,0,OK
65825625,Aurora MHC,16022,260,527,0,0.00,30,0,OK
65825633,Forest at Sherman MHC,16131,296,527,0,0.00,30,0,OK
65825716,Alta Vista MHC,363,219,562,0,0.00,60,0,OK
65825740,PW2,16185,314,566,1,0.03,59,2,MED
65825799,The Oaks MHC,16131,296,569,0,0.44,32,0,MED
65825807,Estancia MHP,15147,256,558,0,0.00,31,0,OK
65825815,Aurora MHC,16131,296,481,0,0.00,30,0,OK
65825849,Aurora MHC,16022,260,567,0,0.00,30,0,OK
65825864,Westview Mobile Estates MHC,362,209,569,0,0.00,56,0,OK
65825880,Sara Drive MHP,362,209,561,0,0.00,59,0,OK
65825898,Estancia MHP,15147,256,562,0,0.00,30,0,OK
65825930,PW2,16022,260,526,0,0.00,30,0,OK
65825955,Estancia MHP,15147,256,566,0,0.00,34,0,OK
65825963,Sara Drive MHP,16131,296,293,0,0.00,30,0,OK
65825989,Green Grove Trailer Court MHC,16131,296,527,0,0.00,30,0,OK
65826011,Fair Meadows MHC,16022,260,563,0,0.00,30,0,OK
65826029,Eastwood Hills MHC,362,209,591,0,0.00,59,0,OK
65826052,Forest at Sherman MHC,16185,314,569,1,0.00,60,2,MED
65826078,Hydetown Mobile Estates,16131,296,452,0,0.00,30,0,OK
65826185,Forest at Sherman MHC,16185,314,579,1,0.00,93,2,MED
65826193,Green Grove Trailer Court MHC,16131,296,527,0,0.00,30,0,OK
65826219,PW2,16185,314,461,1,0.00,60,2,MED
65826243,Forest at Sherman MHC,16185,314,619,1,0.00,60,2,MED
65826250,Carolina Springs MHP,362,209,601,0,0.00,60,0,OK
65826268,Sara Drive MHP,362,209,599,0,0.00,58,0,OK
65826276,Forest at Sherman MHC,16185,314,591,1,0.00,60,2,MED
65826292,PW2,16022,260,527,0,0.00,30,0,OK
65826300,Oaklawn Park HOA,15090,254,567,0,0.00,30,0,OK
65826318,The Oaks MHC,16131,296,527,0,0.00,31,0,OK
65826334,Sky Run,16131,296,494,0,0.00,30,0,OK
65826342,Estancia MHP,15147,256,567,0,0.00,31,0,OK
65826391,Parkway MHC,16022,260,564,0,0.00,30,0,OK
65826417,Lafountaine MHC,16131,296,562,0,0.00,30,0,OK
65826433,Kingsbrook MHC,16185,314,452,1,0.02,49,2,MED
65826458,Aurora MHC,16131,296,526,0,0.00,30,0,OK
65826482,Trans Canada,362,209,527,0,0.00,60,0,OK
65826508,Parker MHC,16185,314,562,1,0.00,62,2,MED
65826524,Parkway MHC,16022,260,567,0,0.00,30,0,OK
65826581,Sara Drive MHP,362,209,569,0,0.00,60,0,OK
65826607,Aurora MHC,16022,260,480,0,0.00,30,0,OK
65826680,Parkway MHC,16022,260,567,0,0.00,30,0,OK
65826706,Estancia MHP,15147,256,569,0,0.00,30,0,OK
65826730,Parker MHC,16185,314,562,1,0.00,64,2,MED
65826771,Virginia Beach,17037,344,590,1,0.13,63,0,MED
65826789,PW2,16022,260,599,0,0.00,30,0,OK
65826797,PW2,16022,260,591,0,0.00,31,0,OK
65826805,Oakwood MHP,16185,314,599,1,0.00,60,2,MED
65826896,Green Acres MHC,362,209,591,0,0.00,60,0,OK
65826920,Sara Drive MHP,362,209,494,0,0.00,57,0,OK
65826953,Aurora MHC,16131,296,480,0,0.00,30,0,OK
65826979,PW2,16185,314,601,1,0.00,58,2,MED
65827001,Estancia MHP,15147,256,569,0,0.00,30,0,OK
65827027,Aurora MHC,16131,296,564,0,0.00,30,0,OK
65827035,Sara Drive MHP,362,209,564,0,0.00,60,0,OK
65827043,Eastwood Hills MHC,362,209,566,0,0.00,59,0,OK
65827076,Sara Drive MHP,362,209,599,0,0.00,57,0,OK
65827092,Fair Meadows MHC,16022,260,451,0,0.00,30,0,OK
65827134,Canada,362,209,451,0,0.00,60,0,OK
65827142,Parkview MHP,16185,314,613,1,0.00,60,2,MED
65827159,Oaklawn Park HOA,15090,254,527,0,0.00,30,0,OK
65827175,Minot Gardens MHC,16131,296,562,0,0.00,30,0,OK
65827209,Estancia MHP,15147,256,563,0,0.00,30,0,OK
65827233,Estancia MHP,15147,256,567,0,0.00,30,0,OK
65827258,Forest at Sherman MHC,362,209,527,0,0.00,61,0,OK
65827290,PW2,16185,314,566,1,0.00,78,2,MED
65827340,Kingsbrook MHC,17037,344,451,1,0.08,53,0,MED
65827365,Fair Meadows MHC,16022,260,531,0,0.00,30,0,OK
65827423,Maple Run MHC,362,209,527,0,0.00,60,0,OK
65827514,PW2,17037,344,567,1,0.02,61,0,MED
65827555,Sara Drive MHP,362,209,566,0,0.00,61,0,OK
65827589,Holly Tree MHP,16185,314,481,1,0.00,60,1,MED
65827621,Parkview MHP,17037,344,494,1,0.02,62,0,MED
65827647,PW2,16022,260,494,0,0.00,30,0,OK
65827662,Browns MHP,15154,260,527,0,0.00,30,0,OK
65827670,Parkview MHP,17037,344,562,1,0.04,49,0,MED
65827688,Estancia MHP,15147,256,558,0,0.00,30,0,OK
65827696,Sky Run,16131,296,480,0,0.77,30,0,HIGH
65827712,The Oaks MHC,16131,296,557,0,0.00,30,0,OK
65827720,Parkview MHP,16185,314,457,1,0.00,60,2,MED
65827746,Whispering Pines Mobile Estates,362,209,613,0,0.00,59,0,OK
65827761,Estancia MHP,16185,314,614,1,0.00,60,2,MED
65827787,Oakwood MHP,16185,314,591,1,0.00,146,2,MED
65827795,Alta Vista MHC,16185,314,591,1,0.00,60,2,MED
65827803,Sara Drive MHP,362,209,599,0,0.00,61,0,OK
65827845,Forest at Sherman MHC,17037,344,584,1,0.00,342,0,MED
65827852,Sara Drive MHP,362,209,579,0,0.00,59,0,OK
65827928,PW2,16185,314,591,1,0.00,60,2,MED
65828009,Oaklawn Park HOA,16185,314,617,1,0.08,50,2,MED
65828017,Country Squire MHC,16185,314,584,2,0.00,60,0,MED
65828033,Minot Gardens MHC,17037,344,614,1,0.11,19,0,MED
65828074,Kingsbrook MHC,16131,296,613,0,0.00,29,0,OK
65828132,The Oaks MHC,16131,296,564,0,0.00,30,0,OK
65828165,The Oaks MHC,16131,296,494,0,0.00,30,0,OK
65828199,Estancia MHP,16128,295,566,0,0.00,30,0,OK
65828223,Parkview MHP,17037,344,563,1,0.03,64,0,MED
65828249,Estancia MHP,15147,256,613,0,0.00,30,0,OK
65828314,W Poplar St Triplex,362,209,494,0,0.00,59,0,OK
65828421,Parkview MHP,16185,314,601,1,0.00,60,2,MED
65828447,PW2,16185,314,494,1,0.00,60,2,MED
65828462,Parkway MHC,16022,260,601,0,0.00,30,0,OK
65828488,PW2,16022,260,619,0,0.00,30,0,OK
65828496,Kingsbrook MHC,16131,296,613,0,0.00,30,0,OK
65828504,Oakwood MHP,16022,260,570,0,0.00,30,0,OK
65828512,Oaklawn Park HOA,15090,254,613,0,0.00,29,0,OK
65828520,Shady Lane MHP,17028,341,614,4,0.30,74,0,HIGH
65828553,Virginia Beach,17037,344,602,1,0.14,87,0,MED
65828595,Parkwood,17037,344,591,1,0.02,62,0,MED
65828645,The Oaks MHC,16131,296,566,0,0.00,30,0,OK
65828652,PW2,16185,314,619,1,0.00,92,2,MED
65828660,Oaklawn Park HOA,15090,254,619,0,0.00,29,0,OK
65828710,Canada,362,209,451,0,0.00,60,0,OK
65828728,Browns MHP,15154,260,601,0,0.00,30,0,OK
65828777,The Oaks MHC,16131,296,601,0,0.00,30,0,OK
65828785,Kingsbrook MHC,16131,296,562,0,0.00,30,0,OK
65828801,Hoosier Park MHC,17032,344,614,1,0.03,63,0,MED
65828835,Maple Run MHC,362,209,531,0,0.00,47,0,OK
65828918,Oak Forest Estate MHC,17037,344,562,1,0.02,60,0,MED
65828934,Eastwood Hills MHC,362,209,599,0,0.00,36,0,OK
65828942,Fair Meadows MHC,16022,260,591,0,1.00,30,0,HIGH
65828967,Aurora MHC,16131,296,480,0,0.00,30,0,OK
65828983,PW2,16131,296,599,0,0.00,30,0,OK
65829023,Kingsbrook MHC,16131,296,590,0,0.00,30,0,OK
65829031,Maple Run MHC,362,209,601,0,0.00,53,0,OK
65829080,Aurora MHC,16022,260,614,0,0.00,30,0,OK
65829122,Parkview MHP,16130,296,590,0,0.00,31,0,OK
65829130,Sara Drive MHP,362,209,562,0,0.00,60,0,OK
65829155,Forest at Sherman MHC,362,209,578,0,0.00,60,0,OK
65829171,Fair Meadows MHC,16022,260,566,0,0.00,30,0,OK
65829205,Forest at Sherman MHC,16185,314,480,1,0.00,60,2,MED
65829221,Roosevelt MHC,16131,296,584,0,0.00,30,0,OK
65829239,Alta Vista MHC,16131,296,619,0,0.00,30,0,OK
65829270,Forest at Sherman MHC,16185,314,527,1,0.00,60,2,MED
65829288,Chickadee Lane MHC,16185,314,481,1,0.00,60,2,MED
65829296,PW2,16022,260,569,0,0.00,32,0,OK
65829312,Virginia Beach,17037,344,570,2,0.46,84,0,MED
65829353,Lakeview MHC,362,209,570,0,0.00,60,0,OK
65829395,Oaklawn Park HOA,16185,314,455,1,0.02,41,2,MED
65829429,Aurora MHC,16022,260,527,0,0.00,30,0,OK
65829452,Aurora MHC,16022,260,527,0,0.00,30,0,OK
65829478,Carolina Springs MHP,16131,296,527,0,0.00,22,0,OK
65829494,Forest at Sherman MHC,362,209,562,0,0.00,41,0,OK
65829510,Estancia MHP,16128,295,569,0,0.00,30,0,OK
65829544,Wildwood Village MHC,16185,314,567,1,0.00,64,2,MED
65829569,Trans Canada,362,209,527,0,0.00,60,0,OK
65829577,Holly Tree MHP,16185,314,562,2,0.00,58,0,MED
65829684,Ponderosa MHC,17037,344,570,1,0.02,61,0,MED
65829700,Holly Tree MHP,16185,314,480,1,0.00,60,2,MED
65829809,Browns MHP,15154,260,562,0,0.00,30,0,OK
65829908,Westview Mobile Estates MHC,362,209,527,0,0.00,59,0,OK
65829924,Sara Drive MHP,362,209,566,0,0.00,60,0,OK
65829940,Oaklawn Park HOA,15090,254,563,0,0.00,29,0,OK
65829981,Estancia MHP,16128,295,564,0,0.00,30,0,OK
65830005,Fair Meadows MHC,16022,260,557,0,0.00,35,0,OK
65830013,Parkway MHC,16022,260,564,0,0.00,30,0,OK
65830021,Fair Meadows MHC,16022,260,527,0,0.00,30,0,OK
65830039,Backcountry MHC,16185,314,563,1,0.00,63,2,MED
65830047,Oakwood MHP,16185,314,562,1,0.00,60,2,MED
65830054,Eastwood Hills MHC,16185,314,494,1,0.00,60,2,MED
65830088,Forest at Sherman MHC,17037,344,564,1,0.01,188,0,MED
65830096,Parkway MHC,16022,260,527,0,0.00,30,0,OK
65830112,Holly Tree MHP,16185,314,527,1,0.00,58,0,MED
65830138,Estancia MHP,15147,256,562,0,0.00,52,0,OK
65830161,Estancia MHP,15147,256,563,0,0.00,31,0,OK
65830229,Lakeview MHC,362,209,579,0,0.00,60,0,OK
65830237,Kingsbrook MHC,16022,260,557,0,0.00,30,0,OK
65830245,The Oaks MHC,16131,296,527,0,0.00,30,0,OK
65830260,Trans Canada,362,209,558,0,0.00,60,0,OK
65830278,Whispering Pines Mobile Estates,362,209,563,0,0.00,61,0,OK
65830286,Oaklawn Park HOA,15090,254,527,0,0.00,30,0,OK
65830294,Aurora MHC,16131,296,527,0,0.00,30,0,OK
65830344,Eastwood Hills MHC,362,209,564,0,0.00,61,0,OK
65830377,Green Grove Trailer Court MHC,16131,296,584,0,0.00,28,0,OK
65830385,Alta Vista MHC,16131,296,620,1,0.00,34,0,MED
65830393,PW2,16185,314,591,1,0.60,57,52,HIGH
65830401,Oaklawn Park HOA,15090,254,527,0,0.00,30,0,OK
65830427,The Oaks MHC,16131,296,569,0,0.00,33,0,OK
65830443,Parkway MHC,16022,260,558,0,0.00,30,0,OK
65830484,Estancia MHP,15147,256,564,0,0.00,30,0,OK
65830500,Forest at Sherman MHC,16185,314,569,1,0.00,58,2,MED
65830526,176 N Highland Ave,16022,260,481,0,0.00,29,0,OK
65830534,Maple Run MHC,362,209,557,0,0.00,60,0,OK
65830567,Estancia MHP,16185,314,562,1,0.00,59,2,MED
65830583,PW2,16185,314,561,1,0.00,60,2,MED
65830617,Sara Drive MHP,362,209,527,0,0.00,55,0,OK
65830666,Estancia MHP,16185,314,564,1,0.00,73,2,MED
65830708,Oaklawn Park HOA,15090,254,526,0,0.00,30,0,OK
65830732,Aurora MHC,16131,296,601,0,0.00,30,0,OK
65830740,Parkview MHP,17037,344,614,1,0.01,175,0,MED
65830757,Estancia MHP,16022,260,564,0,0.00,30,0,OK
65830781,Eastwood Hills MHC,16185,314,563,1,0.03,70,2,MED
65830799,Lafountaine MHC,16131,296,564,0,0.00,30,0,OK
65830815,Parkway MHC,16022,260,562,0,0.00,30,0,OK
65830831,W Poplar St Triplex,362,209,601,0,0.00,44,0,OK
65830856,Alta Vista MHC,16185,314,599,1,0.00,60,2,MED
65830864,Parker MHC,16022,260,601,0,0.00,29,0,OK
65830872,Suncrest Dr MF,362,209,599,0,0.00,60,0,OK
65830906,Oakwood MHP,16022,260,601,0,0.00,30,0,OK
65830930,Lakeview MHC,16185,314,579,1,0.00,59,2,MED
65830971,Alta Vista MHC,363,219,619,0,0.00,60,0,OK
65830997,Westview Mobile Estates MHC,362,209,619,0,0.00,58,0,OK
65831011,Parkway MHC,16022,260,614,0,0.00,30,0,OK
65831045,Kingsbrook MHC,16131,296,602,0,0.00,30,0,OK
65831078,PW2,17037,344,527,1,0.02,62,0,MED
65831094,Parkway MHC,16022,260,527,0,0.00,28,0,OK
65831185,Oaklawn Park HOA,15090,254,614,0,0.00,57,0,OK
65831219,Parker MHC,16185,314,602,1,0.00,59,2,MED
65831235,Parkview MHP,16130,296,590,0,0.00,31,0,OK
65831250,Parkview MHP,16185,314,613,1,0.00,60,2,MED
65831276,PW2,16022,260,599,0,0.00,30,0,OK
65831292,Aurora MHC,16131,296,613,0,0.00,30,0,OK
65831318,Opekiska St Duplex,362,209,602,0,1.00,61,0,HIGH
65831326,Parkway MHC,16022,260,579,0,0.00,30,0,OK
65831334,PW2,16022,260,619,0,0.00,30,0,OK
65831342,Alta Vista MHC,16131,296,601,0,0.00,30,0,OK
65831375,Forest at Sherman MHC,362,209,619,0,0.00,60,0,OK
65831383,Forest at Sherman MHC,17037,344,619,1,0.02,62,0,MED
65831391,Forest at Sherman MHC,362,209,599,0,0.00,61,0,OK
65831409,La Comunidad MHC,17037,344,591,1,0.01,141,0,MED
65831417,Sara Drive MHP,362,209,620,0,0.00,55,0,OK
65831474,The Oaks MHC,16131,296,601,0,0.00,33,0,OK
65831490,Sara Drive MHP,362,209,591,0,0.00,60,0,OK
65831607,PW2,16022,260,591,0,0.00,30,0,OK
65831631,PW2,16185,314,591,1,0.00,56,2,MED
65831649,Green Grove Trailer Court MHC,16131,296,481,0,0.00,31,0,OK
65831698,Parkway MHC,16022,260,569,0,0.00,30,0,OK
65831706,Oakwood MHP,16022,260,584,0,0.00,30,0,OK
65831722,Fair Meadows MHC,16022,260,599,0,0.00,30,0,OK
65831730,PW2,16022,260,617,0,0.00,30,0,OK
65831771,Oakwood MHP,16022,260,599,0,0.00,30,0,OK
65831805,La Comunidad MHC,16185,314,619,0,0.00,59,2,OK
65831821,Alta Vista MHC,16185,314,591,1,0.00,62,2,MED
65831862,PW2,17037,344,619,1,0.02,62,0,MED
65831870,Coleman Village MHC,15154,260,599,0,0.00,30,0,OK
65831896,Wildwood Village MHC,362,209,599,0,0.00,60,0,OK
65831920,Estancia MHP,15147,256,566,0,0.00,30,0,OK
65831938,Estancia MHP,15147,256,613,0,0.00,28,0,OK
65831987,Sara Drive MHP,16022,260,599,0,0.00,30,0,OK
65832019,Parkway MHC,16022,260,599,0,0.00,30,0,OK
68584240,Parkview MHP,17037,344,640,1,0.04,46,0,MED
68584349,Sara Drive MHP,362,209,602,0,0.00,61,0,OK
68584471,PW2,16185,314,601,1,0.00,64,2,MED
68584505,Coleman Village MHC,16185,314,613,1,0.00,59,2,MED
68584554,Whispering Pines Mobile Estates,362,209,613,0,0.00,60,0,OK
68587987,Oakwood MHP,16185,314,579,1,0.00,63,2,MED
68588126,PW2,16022,260,601,0,0.00,30,0,OK
68588134,Parkview MHP,16185,314,601,1,0.00,62,2,MED
68588175,Trans Canada,362,209,613,0,0.00,60,0,OK
68588183,Browns MHP,15154,260,619,0,0.00,30,0,OK
68588225,Parker MHC,16185,314,617,1,0.00,60,2,MED
68588324,Aurora MHC,16131,296,601,0,0.00,30,0,OK
68593019,Aurora MHC,16022,260,613,0,0.00,30,0,OK
68593050,Oakwood MHP,16185,314,591,1,0.00,60,2,MED
68593134,Oaklawn Park HOA,15090,254,648,0,0.00,30,0,OK
68612462,Parkway MHC,16022,260,651,0,0.00,30,0,OK
68612504,PW2,16022,260,602,0,0.00,34,0,OK
68612520,Oaklawn Park HOA,15090,254,651,0,0.00,28,0,OK
68612587,PW2,16022,260,602,0,0.00,30,0,OK
68612637,Parkview MHP,17037,344,678,1,0.02,62,0,MED
68612751,Piney Park,16185,314,591,1,0.00,55,2,MED
68612850,Oaklawn Park HOA,15090,254,613,0,0.00,30,0,OK
68618634,Estancia MHP,16185,314,564,1,0.00,60,2,MED
68618733,La Comunidad MHC,16185,314,480,1,0.00,60,2,MED
68618758,Kingsbrook MHC,16131,296,451,0,0.00,30,0,OK
70258379,PW2,16185,314,399,1,0.00,70,2,MED
70258387,Aurora MHC,16022,260,413,0,0.00,30,0,OK
70258395,Coleman Village,15154,260,399,0,0.00,32,0,OK
70258411,Coleman Village,16185,314,399,1,0.08,74,2,MED
70258429,La Comunidad MHC,16185,314,309,1,0.00,60,2,MED
70258437,Maple Run MHP,362,209,405,0,0.00,60,0,OK
70258452,Maple Run MHP,16022,260,404,0,0.00,18,0,OK
70258460,Maple Run MHP,362,209,404,0,0.00,30,0,OK
70258494,PW2,16022,260,399,0,0.00,30,0,OK
70258510,Maple Run MHP,362,209,404,0,0.00,60,0,OK
70258569,Aurora MHC,16022,260,412,0,0.00,30,0,OK
70258577,Maple Run MHP,362,209,406,0,0.00,60,0,OK
70258585,Sunview GenII,17037,344,399,1,0.03,63,0,MED
70258593,Fair Meadows MHC,16022,260,406,0,0.00,30,0,OK
70258619,Green Grove Trailer Court MHC,16131,296,399,0,0.00,54,0,OK
70258627,Stafford MHC,363,219,404,0,0.00,61,0,OK
70258643,La Comunidad MHC,16185,314,309,1,0.00,60,2,MED
70258650,2Freedom,17037,344,399,1,0.09,45,0,MED
70258684,High Street,16022,260,424,0,0.00,28,0,OK
70258692,Rusk MHC,17037,344,314,0,0.79,98,0,HIGH
70258726,Kingsbrook MHC,16131,296,413,0,0.00,28,0,OK
70258734,Estancia MHP,15147,256,406,0,0.00,30,0,OK
70258791,Flower Mound MHC,362,209,314,0,0.00,59,0,OK
70258833,Maple Run MHP,362,209,404,0,0.00,59,0,OK
70258841,Carolina Springs MHP,16131,296,328,0,0.00,28,0,OK
70258858,Carolina Springs MHP,16131,296,326,0,0.00,9,0,OK
70258874,Backwater MHC,17037,344,314,2,0.14,76,0,MED
70258882,Westview Mobile Estates MHC,17037,344,362,1,0.02,60,0,MED
70258924,Coleman Village,16185,314,399,1,0.00,60,2,MED
70258932,Ontario Place MHC,17037,344,326,1,0.03,68,0,MED
70258940,Aurora MHC,16022,260,413,0,0.00,30,0,OK
70258957,Aurora MHC,16130,296,413,0,0.00,30,0,OK
70258973,Kingsbrook MHC,16131,296,404,0,0.00,30,0,OK
70258999,La Comunidad MHC,16185,314,314,1,0.00,60,2,MED
70259013,Aurora MHC,16185,314,412,1,0.00,60,2,MED
70259021,Paradise Village Cooperative MHC,15154,260,265,0,0.00,33,0,OK
70259039,Coleman Village,17037,344,399,1,0.03,63,0,MED
70259054,Ontario Place MHC,17037,344,399,1,0.04,45,0,MED
70259062,Flower Mound MHC,16185,314,314,1,0.00,58,2,MED
70259070,Brighton Court MHP,15090,254,309,0,0.00,30,0,OK
70259096,Aurora MHC,16185,314,412,1,0.00,60,2,MED
70259120,Aurora MHC,16131,296,399,0,0.00,30,0,OK
70259146,Green Grove Trailer Court MHC,16131,296,399,0,0.00,28,0,OK
70259153,Oak Forest Estate MHC,17037,344,404,2,0.46,78,0,MED
70259161,Aurora MHC,16185,314,413,1,0.00,60,2,MED
70259179,Aurora MHC,16131,296,413,0,0.00,30,0,OK
70259187,Rusk MHC,17037,344,255,1,0.05,63,0,MED
70259195,Ontario Place MHC,16185,314,399,1,0.00,58,2,MED
70259229,Whispering Pines Mobile Estates,362,209,328,0,0.00,60,0,OK
70259237,Whispering Pines Mobile Estates,362,209,328,0,0.00,60,0,OK
70259245,Carolina Springs MHP,362,209,326,0,0.00,58,0,OK
70259260,Carolina Springs MHP,362,209,326,0,0.00,60,0,OK
70259286,Hoosier Park MHC,17037,344,314,1,0.06,70,0,MED
70259328,Maple Run MHP,362,209,404,0,0.00,60,0,OK
70259336,Aurora MHC,16022,260,413,0,0.00,30,0,OK
70259351,Ontario Place MHC,16185,314,404,1,0.00,53,2,MED
70259401,Parkway MHC,16022,260,404,0,0.00,30,0,OK
70259427,PW2,16022,260,399,0,0.00,30,0,OK
70259435,Kingsbrook MHC,16131,296,404,0,0.00,30,0,OK
70259476,Backwater MHC,17032,344,309,1,0.65,84,58,HIGH
70259484,Kingsbrook MHC,16131,296,404,0,0.00,30,0,OK
70259492,Maple Run MHP,362,209,404,0,0.00,58,0,OK
70259518,Piney Park,16185,314,425,1,0.12,98,0,MED
70259567,Coleman Village,16185,314,399,1,0.00,60,2,MED
70259575,La Comunidad MHC,17037,344,314,1,0.01,161,0,MED
70259583,La Comunidad MHC,16185,314,314,1,0.00,62,2,MED
70259625,Carolina Springs MHP,362,209,328,0,0.00,58,0,OK
70259633,Kingsbrook MHC,16131,296,404,0,0.00,30,0,OK
70259658,Aurora MHC,16022,260,412,0,0.00,30,0,OK
70259666,Piney Park,16185,314,425,1,0.00,57,2,MED
70259674,Aurora MHC,16022,260,399,0,0.00,30,0,OK
70259690,Jefferson,16131,296,425,0,0.00,30,0,OK
70259708,Green Grove Trailer Court MHC,16131,296,404,0,0.00,30,0,OK
70259716,Maple Run MHP,362,209,406,0,0.00,60,0,OK
70259732,Oak Forest Estate MHC,17037,344,413,1,0.04,57,0,MED
70259740,Country Squire MHC,16185,314,404,2,0.00,64,0,MED
70259773,Coleman Village,17037,344,399,1,0.10,41,0,MED
70259781,Maple Run MHP,362,209,404,0,0.00,51,0,OK
70259807,Ontario Place MHC,16185,314,326,1,0.00,57,2,MED
70259823,Eastwood Hills MHC,362,209,274,0,0.00,60,0,OK
70259849,Estancia MHP,15147,256,399,0,0.00,30,0,OK
70259856,Oaklawn Park HOA,15090,254,399,0,0.00,30,0,OK
70259864,East Barre MHP,16185,314,312,1,0.00,62,2,MED
70259872,La Comunidad MHC,362,209,325,0,0.00,60,0,OK
70259898,Roosevelt MHC,16131,296,404,0,0.00,30,0,OK
70259906,PW2,16185,314,399,1,0.00,62,2,MED
70259914,Parkway MHC,16022,260,404,0,0.03,30,0,OK
70259922,Coleman Village,15154,260,399,0,0.00,30,0,OK
70259930,Coleman Village,15154,260,399,0,0.00,30,0,OK
70259971,Parkway MHC,16022,260,425,0,0.00,30,0,OK
70259989,Green Grove Trailer Court MHC,16131,296,425,0,0.00,21,0,OK
70259997,Green Grove Trailer Court MHC,16131,296,399,0,0.00,30,0,OK
70260037,Forest at Sherman MHC,16185,314,406,1,0.00,60,2,MED
70260045,Arizona Manor,16185,314,342,1,0.00,59,2,MED
70260052,Ontario Place MHC,17037,344,404,1,0.03,68,0,MED
70260078,The Oaks MHC,16131,296,399,0,0.00,30,0,OK
70260094,Aurora MHC,16022,260,413,0,0.00,30,0,OK
70260128,Broken Arrow MHP,16131,296,424,0,0.00,35,0,OK
70260151,Maple Run MHP,362,209,405,0,0.00,60,0,OK
70260169,Backwater MHC,17037,344,314,1,0.07,46,0,MED
70260177,Alta Vista MHC,363,219,405,0,0.00,60,0,OK
70260185,Kachina,16131,296,404,0,0.00,30,0,OK
70260193,Parkway MHC,16022,260,425,0,0.00,30,0,OK
70260201,Maple Run MHC,362,209,413,0,0.00,59,0,OK
70260219,Maple Run MHP,362,209,405,0,0.00,61,0,OK
70260235,Coleman Village,16185,314,399,1,0.00,60,2,MED
70260250,Flower Mound MHC,362,209,314,0,0.00,60,0,OK
70260268,Aurora MHC,16185,314,404,1,0.00,80,2,MED
70260276,Roosevelt MHC,16131,296,404,0,0.00,30,0,OK
70260284,Forest at Sherman MHC,16185,314,404,1,0.00,62,2,MED
70260300,Lakeroad Village RV Park,16022,260,309,0,0.00,29,0,OK
70260318,La Comunidad MHC,16185,314,314,1,0.00,59,2,MED
70260326,Oaklawn Park HOA,15090,254,425,0,0.00,30,0,OK
70260342,Kingsbrook MHC,16131,296,404,0,0.00,30,0,OK
70260375,Kingsbrook MHC,16022,260,404,0,0.00,30,0,OK
70260383,Estancia MHP,16185,314,399,1,0.03,64,2,MED
70260391,Parkview MHP,16185,314,405,1,0.00,60,2,MED
70260409,High Street,15147,256,424,0,0.00,29,0,OK
70260425,Maple Run MHP,362,209,405,0,0.00,60,0,OK
70260458,Lakeroad Village RV Park,362,209,309,0,0.00,60,0,OK
70260474,Backwater MHC,17032,344,314,1,0.03,63,0,MED
70260490,East Barre MHP,362,209,312,0,0.00,58,0,OK
70260524,Forest at Sherman MHC,16185,314,424,1,0.00,60,2,MED
70260532,PW2,16022,260,425,0,0.00,30,0,OK
70260540,Whispering Pines Mobile Estates,16131,296,328,0,0.00,29,0,OK
70260565,Whispering Pines Mobile Estates,16131,296,326,0,0.00,29,0,OK
70260573,Swan Lake Estates,16193,320,424,1,0.15,66,0,MED
70260599,Kay Bee Mobile Villa MHP,16131,296,404,0,0.00,30,0,OK
70260607,Coleman Village,15154,260,399,0,0.00,30,0,OK
70260615,Flower Mound MHC,362,209,314,0,0.00,60,0,OK
70260623,Aurora MHC,16022,260,413,0,0.00,30,0,OK
70260649,Coleman Village,15154,260,399,0,0.00,30,0,OK
70260698,Aurora MHC,16131,296,399,0,0.00,30,0,OK
70260706,Ibiza Village2,17037,344,363,1,0.03,65,0,MED
70260714,Kingsbrook MHC,16131,296,404,0,0.00,30,0,OK
70260730,Aurora MHC,16022,260,413,0,0.00,30,0,OK
70260748,Montgomery St Duplex,362,209,404,0,0.00,54,0,OK
70260755,Maple Run MHP,362,209,404,0,0.00,60,0,OK
70260797,Ontario Place MHC,17037,344,404,1,0.02,60,0,MED
70260854,Maple Run MHP,362,209,404,0,0.00,55,0,OK
70260862,PW2,16022,260,425,0,0.00,30,0,OK
70260888,La Comunidad MHC,16185,314,404,1,0.00,60,2,MED
70260912,Circle N Trailer Park,16185,314,404,1,0.02,86,2,MED
70260946,PW2,16022,260,425,0,0.00,30,0,OK
70260961,Maple Run MHP,362,209,405,0,0.00,60,0,OK
70260995,Coleman Village,17037,344,399,1,0.02,62,0,MED
70261001,PW2,16185,314,425,1,0.00,59,2,MED
70261035,Whispering Pines Mobile Estates,362,209,328,0,0.00,60,0,OK
70261092,Parkway MHC,16022,260,399,0,0.00,30,0,OK
70261118,The Oaks MHC,16131,296,399,0,0.00,30,0,OK
70261126,Kingsbrook MHC,16131,296,399,0,0.00,30,0,OK
70261142,Ontario Place MHC,17037,344,404,1,0.03,61,0,MED
70261191,High Street,15147,256,424,0,0.00,30,0,OK
70261209,Ontario Place MHC,16185,314,404,1,0.00,52,2,MED
70261217,Roosevelt MHC,16022,260,404,0,0.00,30,0,OK
70261274,La Comunidad MHC,362,209,309,0,0.00,59,0,OK
70261290,PW2,17037,344,399,1,0.00,317,0,MED
70261308,Aurora MHC,16185,314,413,1,0.00,64,2,MED
70261332,Coleman Village,15154,260,399,0,0.00,30,0,OK
70261373,Dorr Drive MHP,17037,344,314,1,0.06,35,0,MED
70261381,High Street,15147,256,425,0,0.00,27,0,OK
70261399,Maple Run MHP,362,209,406,0,0.00,60,0,OK
70261407,High Street,16022,260,424,0,0.00,30,0,OK
70261423,Estancia MHP,15147,256,399,0,0.00,22,0,OK
70261431,Aurora MHC,16022,260,413,0,0.00,30,0,OK
70261456,Oak Tree GenII,16131,296,404,0,0.00,30,0,OK
70261472,Piney Park,16185,314,425,0,0.00,59,0,OK
70261514,La Comunidad MHC,16185,314,325,1,0.00,53,2,MED
70261548,La Comunidad MHC,362,209,309,0,0.00,60,0,OK
70261555,High Street,15147,256,424,0,0.00,27,0,OK
70261563,Parker MHC,362,209,279,0,0.00,60,0,OK
70261589,Aurora MHC,16022,260,413,0,0.00,30,0,OK
70261597,Maple Run MHP,362,209,404,0,0.00,60,0,OK
70261605,Aurora MHC,16022,260,413,0,0.00,30,0,OK
70261613,Sunview MHP,17037,344,399,1,0.07,40,0,MED
70261639,Whispering Pines Mobile Estates,362,209,399,0,0.00,60,0,OK
70261647,Kingsbrook MHC,16131,296,404,0,0.00,27,0,OK
70261654,Aurora MHC,16022,260,413,0,0.00,30,0,OK
70261670,Mountaineer Village MHC,15085,254,328,0,0.00,30,0,OK
70261688,Sara Drive MHP,362,209,404,0,0.00,60,0,OK
70261696,Maple Run MHC,362,209,404,0,0.00,60,0,OK
70261704,Coleman Village,15154,260,399,0,0.00,30,0,OK
70261712,Roosevelt MHC,16185,314,404,1,0.00,60,2,MED
70261746,Aurora MHC,16022,260,413,0,0.00,30,0,OK
70261779,La Comunidad MHC,17037,344,309,1,0.02,62,0,MED
70261803,Sunview MHP,17037,344,399,1,0.07,40,0,MED
70261811,Aurora MHC,16022,260,413,0,0.00,30,0,OK
70261829,Aurora MHC,16022,260,404,0,0.00,30,0,OK
70261837,Coleman Village,17037,344,399,2,0.01,68,0,MED
70261845,Estancia MHP,15147,256,399,0,0.00,31,0,OK
70261860,Aurora MHC,16022,260,413,0,0.00,31,0,OK
70261886,Estancia MHP,15147,256,406,0,0.00,30,0,OK
70261894,Roosevelt MHC,16185,314,404,1,0.03,68,2,MED
70261928,The Oaks MHC,16131,296,425,0,0.00,30,0,OK
70261944,Green Grove Trailer Court MHC,16131,296,404,0,0.00,27,0,OK
70261977,Deer Lake MHC,16131,296,404,0,0.00,31,0,OK
70261985,Holly Tree MHP,16185,314,328,1,0.00,60,2,MED
70262009,Oakwood MHP,16022,260,328,0,0.00,30,0,OK
70262058,Kingsbrook MHC,16131,296,399,0,0.00,29,0,OK
70262082,La Comunidad MHC,362,209,314,0,0.00,59,0,OK
70262108,Sunview MHP,17037,344,327,1,0.90,109,0,HIGH
70262116,Whispering Pines Mobile Estates,362,209,328,0,0.00,60,0,OK
70262124,Carolina Springs MHP,362,209,326,0,0.00,59,0,OK
70262132,Carolina Springs MHP,362,209,326,0,0.00,59,0,OK
70262157,Carolina Springs MHP,16131,296,326,0,0.00,29,0,OK
70262165,Whispering Pines Mobile Estates,16131,296,328,0,0.00,30,0,OK
70262173,Mountaineer Village MHC,15085,254,328,0,0.00,30,0,OK
70262181,Ontario Place MHC,17037,344,326,1,0.03,69,0,MED
70262199,Holly Tree MHP,16185,314,328,1,0.00,47,2,MED
70262207,Oakwood MHP,16022,260,326,0,0.00,31,0,OK
70262215,Carolina Springs MHP,362,209,328,0,0.00,49,0,OK
70262249,Carolina Springs MHP,362,209,328,0,0.00,60,0,OK
70262256,Ontario Place MHC,16185,314,327,1,0.00,61,2,MED
70262272,Rustic Acres MHC,17037,344,327,1,0.02,86,0,MED
70262280,La Comunidad MHC,16185,314,309,1,0.00,70,2,MED
70262298,Ontario Place MHC,17037,344,326,1,0.02,110,0,MED
70262306,Whispering Pines Mobile Estates,16185,314,328,1,0.14,128,2,MED
70262314,Carolina Springs MHP,362,209,326,0,0.00,57,0,OK
70262348,Rustic Acres MHC,16185,314,327,1,0.00,55,2,MED
70262355,Whispering Pines Mobile Estates,16185,314,328,1,0.00,60,2,MED
70262363,Ontario Place MHC,16022,260,326,0,0.00,28,0,OK
70262371,Rustic Acres MHC,16185,314,327,1,0.00,60,2,MED
70262389,Rusk MHC,17037,344,314,1,0.02,61,0,MED
70262405,Parkway MHC,16022,260,399,0,0.00,30,0,OK
70262439,La Comunidad MHC,16185,314,309,1,0.00,70,2,MED
70262447,Whispering Pines Mobile Estates,17037,344,328,1,0.01,94,0,MED
70262454,Grand Central MHP,16131,296,309,0,0.00,30,0,OK
70262488,Carolina Springs MHP,362,209,326,0,0.00,59,0,OK
70262496,Virginia Beach,17037,344,335,1,0.16,67,0,MED
70262504,Stafford MHC,363,219,347,0,0.00,60,0,OK
70262512,Virginia Beach,17037,344,335,1,0.33,73,0,MED
70262520,Lakeroad Village RV Park,362,209,309,0,0.00,60,0,OK
70262538,Ontario Place MHC,16185,314,326,1,0.00,48,2,MED
70262546,Virginia Beach,17037,344,334,1,0.10,60,0,MED
70262553,Virginia Beach,17037,344,335,1,0.19,79,0,MED
70262579,Virginia Beach,17037,344,335,1,0.22,82,0,MED
70262587,Virginia Beach,17037,344,335,1,0.17,80,0,MED
70262595,Browns MHP,15154,260,327,0,0.00,30,0,OK
70262611,Carolina Springs MHP,362,209,328,0,0.00,56,0,OK
70262660,Virginia Beach,17037,344,335,1,0.09,64,0,MED
70262678,CJ,16131,296,333,0,0.00,30,0,OK
70262694,Backwater MHC,17032,344,314,1,0.02,86,0,MED
70262710,Stafford MHC,16185,314,361,1,0.00,60,2,MED
70262728,Stafford MHC,16131,296,362,0,0.00,30,0,OK
70262744,Virginia Beach,17037,344,335,1,0.28,69,0,MED
70262769,Parkview MHP,16130,296,342,0,0.00,31,0,OK
70262777,Virginia Beach,17037,344,361,1,0.52,97,0,HIGH
70262785,Stafford MHC,17037,344,347,2,0.02,84,0,MED
70262793,Pace East,16131,296,361,0,0.00,136,0,OK
70262827,Stafford MHC,363,219,347,0,0.00,60,0,OK
70262868,Virginia Beach,17037,344,335,1,0.15,68,0,MED
70262884,Holly Tree MHP,16185,314,342,1,0.00,59,2,MED
70262892,Stafford MHC,363,219,347,0,0.00,53,0,OK
70262900,Mountaineer Village MHC,15085,254,328,0,0.00,30,0,OK
70262918,Whispering Pines Mobile Estates,362,209,326,0,0.00,59,0,OK
70262934,Kingsbrook MHC,16131,296,362,0,0.00,30,0,OK
70262942,Lafountaine MHC,16131,296,361,0,0.00,30,0,OK
70262959,Virginia Beach,17037,344,333,1,0.22,85,0,MED
70262967,Arizona Manor,16185,314,342,1,0.00,60,2,MED
70262983,Pleasant Acres,16131,296,361,1,0.00,30,0,MED
70263007,North Creek Dr Duplex,362,209,285,0,0.00,60,0,OK
70263023,Stafford MHC,363,219,362,0,0.00,60,0,OK
70263031,Azulejo,362,209,255,0,0.00,60,0,OK
70263049,Chickadee Lane MHC,16185,314,361,1,0.00,62,0,MED
70263064,Stafford MHC,17037,344,347,2,0.02,64,0,MED
70263106,Sunview MHP,17037,344,399,1,0.07,41,0,MED
70263114,Aurora MHC,16131,296,399,0,0.00,30,0,OK
70263122,Aurora MHC,16022,260,413,0,0.00,30,0,OK
70263148,Aurora MHC,16022,260,413,0,0.00,30,0,OK
70263155,Green Acres MHC,16022,260,309,0,0.00,29,0,OK
70263171,Maple Run MHP,16022,260,406,0,0.00,33,1,OK
70263205,Whispering Pines Mobile Estates,362,209,328,0,0.00,58,0,OK
70263213,Maple Run MHP,362,209,404,0,0.00,60,0,OK
70263221,Ontario Place MHC,16185,314,327,0,0.00,60,2,OK
70263254,PW2,16185,314,399,1,0.00,64,2,MED
70263270,Parkwood,16022,260,312,0,0.00,30,0,OK
70263288,Piney Park,16185,314,425,1,0.00,60,0,MED
70263312,Aurora MHC,16022,260,413,0,0.00,30,0,OK
70263346,Sunview GenII,17037,344,399,1,0.03,63,0,MED
70263379,Kingsbrook MHC,16131,296,425,0,0.00,27,0,OK
70263395,Estancia MHP,15147,256,413,0,0.00,30,0,OK
70263411,Carolina Springs MHP,362,209,328,0,0.00,60,0,OK
70263429,Whispering Pines Mobile Estates,362,209,326,0,0.00,60,0,OK
70263437,Whispering Pines Mobile Estates,16022,260,328,0,0.00,29,0,OK
70263460,Rustic Acres MHC,17037,344,327,1,0.02,84,0,MED
70263486,Rustic Acres MHC,16185,314,326,1,0.00,26,5948,HIGH
70263494,East Barre MHP,362,209,312,0,0.00,59,0,OK
70263502,Whispering Pines Mobile Estates,362,209,326,0,0.00,59,0,OK
70263510,Whispering Pines Mobile Estates,362,209,328,0,0.00,60,0,OK
70263528,Virginia Beach,17037,344,334,1,0.10,70,0,MED
70263536,CJ,16131,296,361,0,0.00,30,0,OK
70263577,Carolina Springs MHP,362,209,328,0,0.00,59,0,OK
70263585,Whispering Pines Mobile Estates,362,209,328,0,0.00,61,0,OK
70263619,Ponderosa MHC,17037,344,361,1,0.03,68,0,MED
70263643,Coleman Village,16185,314,399,1,0.00,60,2,MED
70263650,Roosevelt MHC,16022,260,404,0,0.00,30,0,OK
70263684,Parkview MHP,17037,344,399,2,0.17,72,0,MED
70263700,The Oaks MHC,16131,296,399,0,0.00,30,0,OK
70263718,Kingsbrook MHC,16131,296,404,0,0.00,25,0,OK
70263726,Chickadee Lane MHC,16185,314,361,1,0.00,60,0,MED
70263734,Parkwood,16022,260,404,0,0.00,30,0,OK
70263742,Aurora MHC,16022,260,413,0,0.00,30,0,OK
70263759,Paradise Village Cooperative MHC,15154,260,265,0,0.00,30,0,OK
70263767,Oak Forest Estate MHC,17037,344,413,1,0.04,57,0,MED
70263783,La Comunidad MHC,16185,314,325,1,0.00,60,2,MED
70263809,Carolina Springs MHP,16131,296,328,0,0.00,20,0,OK
70263817,Virginia Beach,17037,344,335,1,0.11,62,0,MED
70263825,Aurora MHC,17037,344,413,1,0.01,390,0,MED
70263833,Coleman Village,17037,344,399,1,0.03,64,0,MED
70263866,Kingsbrook MHC,16131,296,413,0,0.00,29,0,OK
70263916,Whispering Pines Mobile Estates,362,209,328,0,0.00,59,0,OK
70263932,Aurora MHC,16022,260,413,0,0.00,30,0,OK
70263940,High Street,15147,256,424,0,0.00,24,0,OK
70263957,PW2,16185,314,399,1,0.00,60,2,MED
70263973,Parkview MHP,16130,296,425,0,0.00,31,0,OK
70263981,Sunview MHP,17037,344,399,1,0.08,38,0,MED
70263999,Crystal Acres MHC,17032,344,314,1,0.10,51,0,MED
70264005,Aurora MHC,16022,260,413,0,0.00,30,0,OK
70264047,Piney Park,17037,344,425,1,0.01,191,0,MED
70264070,Ontario Place MHC,16185,314,404,1,0.00,60,2,MED
70264088,Carolina Springs MHP,16131,296,326,0,0.00,29,0,OK
70264104,High Street,15147,256,424,0,0.00,29,0,OK
70264112,Stafford MHC,363,219,363,0,0.00,60,0,OK
70264138,Parkway MHC,16022,260,404,0,0.00,30,0,OK
70264161,Kingsbrook MHC,16131,296,404,0,0.00,30,0,OK
70264179,Aurora MHC,16022,260,413,0,0.00,30,0,OK
70264187,Alta Vista MHC,16131,296,404,0,0.00,29,0,OK
70264203,Country Squire MHC,16185,314,425,1,0.00,172,2,MED
70264211,Rustic Acres MHC,17037,344,326,1,0.01,73,0,MED
70264237,Ontario Place MHC,16022,260,404,0,0.00,27,0,OK
70264245,Jefferson,363,219,425,0,0.00,60,0,OK
70264252,Whispering Pines Mobile Estates,362,209,328,0,0.00,60,0,OK
70264286,Aurora MHC,16131,296,425,0,0.00,30,0,OK
70264310,Hoosier Park MHC,17032,344,314,1,0.09,70,0,MED
70264344,Maple Run MHP,362,209,413,0,0.00,60,0,OK
70264351,Parkway MHC,16022,260,399,0,0.00,30,0,OK
70264435,PW2,16022,260,399,0,0.00,30,0,OK
70264484,Grand Central MHP,16185,314,309,1,0.00,60,2,MED
70264492,Aurora MHC,16131,296,413,0,0.00,30,0,OK
70264500,Maple Run MHP,362,209,404,0,0.00,58,0,OK
70264526,Maple Run MHP,16131,296,404,0,0.00,30,0,OK
70264534,Steve Schneiter 5YR 5plex-CO,17028,341,424,1,0.03,37,2,MED
70264559,Aurora MHC,16022,260,399,0,0.00,31,0,OK
70264567,Maple Run MHP,16022,260,404,0,0.00,30,0,OK
70264575,Maple Run MHP,362,209,404,0,0.00,56,0,OK
70264583,Ontario Place MHC,17037,344,327,1,0.03,67,0,MED
70264591,Maple Run MHP,16022,260,404,0,0.00,31,0,OK
70264609,Maple Run MHP,362,209,413,0,0.00,60,0,OK
70264617,PW2,16022,260,399,0,0.00,30,0,OK
70264625,PW2,16185,314,399,1,0.00,60,2,MED
70264666,Kingsbrook MHC,16131,296,399,0,0.00,30,0,OK
70264682,Stafford MHC,16022,260,363,0,0.00,29,0,OK
70264690,Aurora MHC,16022,260,404,0,0.00,30,0,OK
70264716,Maple Run MHC,362,209,404,0,0.00,60,0,OK
70264724,Estancia MHP,16185,314,425,1,0.00,60,2,MED
70264757,Maple Run MHC,362,209,404,0,0.00,60,0,OK
70264765,Alta Vista MHC,16185,314,404,1,0.00,59,2,MED
70264773,Forest at Sherman MHC,362,209,413,0,0.00,60,0,OK
70264781,Maple Run MHP,362,209,404,0,0.00,60,0,OK
70264807,Maple Run MHP,362,209,404,0,0.00,43,0,OK
70264815,PW2,16185,314,425,1,0.00,59,2,MED
70264872,Maple Run MHP,362,209,404,0,0.00,61,0,OK
70264880,Oak Forest Estate MHC,17037,344,425,2,0.47,81,0,MED
70264898,Estancia MHP,16185,314,406,1,0.00,64,2,MED
70264997,Alta Vista MHC,16185,314,404,1,0.00,60,2,MED
70265028,Maple Run MHP,16022,260,405,0,0.00,30,0,OK
70265044,Kingsbrook MHC,16022,260,404,0,0.00,30,0,OK
70265069,Rustic Acres MHC,17037,344,326,1,0.03,60,0,MED
70265077,Coleman Village,16185,314,399,1,0.00,60,2,MED
70265085,Kay Bee Mobile Villa MHP,16185,314,280,1,0.00,55,2,MED
70265093,Estancia MHP,15147,256,404,0,0.00,30,0,OK
70265101,Roosevelt MHC,16131,296,404,0,0.00,33,0,OK
70265119,Kingsbrook MHC,16131,296,404,0,0.00,31,0,OK
70265143,Kingsbrook MHC,16131,296,413,0,0.00,36,0,OK
70265176,Highland Terrace,16185,314,309,1,0.02,46,0,MED
70265192,Kingsbrook MHC,16131,296,404,0,0.00,30,0,OK
70265200,Alta Vista MHC,16131,296,413,0,0.00,60,0,OK
70265218,Aurora MHC,16022,260,413,0,0.00,30,0,OK
70265226,Ibiza Village2,17037,344,314,1,0.04,49,0,MED
70265259,Coleman Village,15154,260,399,0,0.00,30,0,OK
70265267,La Comunidad MHC,16185,314,309,1,0.00,62,2,MED
70265275,Rusk MHC,17037,344,314,1,0.05,57,0,MED
70265283,Sara Drive MHP,362,209,413,0,0.00,59,0,OK
70265291,Estancia MHP,15147,256,406,0,0.00,30,0,OK
70265309,Maple Run MHP,16022,260,405,0,0.00,30,0,OK
70265333,Piney Park,16185,314,425,2,0.00,60,2,MED
70265366,High Street,15147,256,424,0,0.00,29,0,OK
70265382,Oaklawn Park HOA,15090,254,425,0,0.00,30,0,OK
70265390,PW2,16185,314,425,1,0.00,59,2,MED
70265416,Oaklawn Park HOA,15090,254,314,2,0.00,30,0,MED
70265424,Shenandoah Dr Triplex,362,209,285,0,0.00,60,0,OK
70265432,Ontario Place MHC,16185,314,326,0,0.00,60,2,OK
70265457,La Comunidad MHC,16185,314,309,1,0.00,59,2,MED
70265465,Maple Run MHP,362,209,406,0,0.00,61,0,OK
70265473,Estancia MHP,15147,256,413,0,0.00,30,0,OK
70265481,Parkview MHP,16130,296,314,0,0.00,31,0,OK
70265499,La Comunidad MHC,16185,314,309,1,0.00,64,2,MED
70265507,Sunnyvale MHP,362,209,309,0,0.00,58,0,OK
70265515,Whispering Pines Mobile Estates,362,209,328,0,0.00,59,0,OK
70265523,La Comunidad MHC,16185,314,309,1,0.00,60,2,MED
70265531,Chickadee Lane MHC,16185,314,326,1,0.00,60,2,MED
70265549,La Comunidad MHC,16185,314,325,1,0.00,58,2,MED
70265572,Whispering Pines Mobile Estates,362,209,326,0,0.00,58,0,OK
70265580,La Comunidad MHC,16185,314,309,1,0.00,59,2,MED
70265606,Whispering Pines Mobile Estates,16185,314,328,1,0.00,60,2,MED
70265622,Whispering Pines Mobile Estates,16185,314,328,1,0.00,60,2,MED
70265655,Carolina Springs MHP,17037,344,328,1,0.04,57,0,MED
70265663,Chickadee Lane MHC,16185,314,328,1,0.00,60,2,MED
70265671,Whispering Pines Mobile Estates,16131,296,328,0,0.00,30,0,OK
70265689,Carolina Springs MHP,362,209,328,0,0.00,58,0,OK
70265697,Sunview MHP,17037,344,314,1,0.65,31,0,HIGH
70265705,Ibiza Village2,17037,344,314,1,0.08,66,0,MED
70265721,La Comunidad MHC,16185,314,325,1,0.00,54,2,MED
70265739,Ibiza Village2,362,205,314,1,0.07,67,2,MED
70265754,Carolina Springs MHP,362,209,328,0,0.00,60,0,OK
70265770,Ibiza Village2,17037,344,314,1,0.11,54,0,MED
70265796,Ontario Place MHC,16022,260,327,0,0.00,30,0,OK
70265804,Westview Mobile Estates MHC,16185,314,362,1,0.00,59,2,MED
70265812,Maple Run MHP,362,209,405,0,0.00,60,0,OK
70265820,Stafford MHC,363,219,404,0,0.00,60,0,OK
70265853,Backwater MHC,17032,344,314,1,0.03,65,0,MED
70265887,Ibiza Village2,17028,343,314,1,0.08,65,0,MED
70265895,Flower Mound MHC,362,209,314,0,0.00,60,0,OK
70265911,Country Squire MHC,16185,314,328,1,0.00,60,2,MED
70265937,Sunnyvale MHP,16131,296,309,0,0.00,29,0,OK
70265945,Flower Mound MHC,16185,314,314,1,0.00,64,2,MED
70265960,Aurora MHC,16022,260,413,0,0.00,30,0,OK
70265978,Parkview MHP,17037,344,399,1,0.01,72,0,MED
70265986,Wildwood Estates MHC,16131,296,279,1,0.00,30,0,MED
70265994,La Comunidad MHC,16185,314,309,1,0.00,56,2,MED
70266018,Coleman Village MHC,16185,314,312,1,0.00,60,2,MED
70266042,La Comunidad MHC,16185,314,314,1,0.00,63,2,MED
70266059,Carolina Springs MHP,362,209,328,0,0.00,59,0,OK
70266067,Carolina Springs MHP,16131,296,328,0,0.00,30,0,OK
70266083,La Comunidad MHC,16185,314,309,1,0.00,84,2,MED
70266109,Mountaineer Village MHC,15085,254,328,0,0.00,30,0,OK
70266117,Backwater MHC,17032,344,314,1,0.03,64,0,MED
70266141,Crystal Acres MHC,17032,344,314,1,0.09,35,0,MED
70266158,Backwater MHC,17032,344,314,1,0.05,64,0,MED
70266182,La Comunidad MHC,16185,314,309,1,0.00,56,2,MED
70266190,Lakeroad Village RV Park,362,209,309,0,0.00,60,0,OK
70266208,Brighton Court MHP,15090,254,309,0,0.00,31,0,OK
70266216,The Oaks MHC,16131,296,406,0,0.00,30,0,OK
70266224,Backwater MHC,17037,344,314,2,0.11,27,0,MED
70266232,Sunnyvale MHP,16131,296,309,0,0.00,30,0,OK
70266240,Coleman Village MHC,16185,314,326,1,0.00,60,2,MED
70266257,Ontario Place MHC,16185,314,327,1,0.00,64,2,MED
70266265,La Comunidad MHC,16185,314,325,1,0.00,59,2,MED
70266273,Dorr Drive MHP,15085,254,314,0,0.00,23,0,OK
70266281,Roper Center Commercial Bldg,15090,254,250,0,0.00,30,0,OK
70266307,Backwater MHC,17032,344,314,1,0.03,61,0,MED
70266323,Coleman Village,15154,260,399,0,0.00,30,0,OK
70266331,Coleman Village,16185,314,399,1,0.00,60,2,MED
70266349,Roosevelt MHC,16185,314,404,1,0.00,60,2,MED
70266356,Country Squire MHC,16185,314,425,1,0.00,60,2,MED
70266364,Dorr Drive MHP,16185,314,314,1,0.00,53,2,MED
70266372,Sunview GenII,17037,344,399,1,0.03,63,0,MED
70266398,Carolina Springs MHP,362,209,326,0,0.00,60,0,OK
70266406,Whispering Pines Mobile Estates,362,209,326,0,0.00,60,0,OK
70266414,Coleman Village,16185,314,399,1,0.00,60,2,MED
70266422,Backwater MHC,17032,344,314,1,0.03,67,0,MED
70266455,Hoosier Park MHC,17032,344,314,1,0.03,73,0,MED
70266463,Grand Central MHP,16185,314,309,1,0.02,49,2,MED
70266471,Rustic Acres MHC,17037,344,327,1,0.09,43,0,MED
70266489,Ontario Place MHC,17037,344,326,1,0.03,63,0,MED
70266497,Mountaineer Village MHC,15085,254,328,0,0.00,29,0,OK
70266505,Carolina Springs MHP,362,209,328,0,0.00,60,0,OK
70266513,Ontario Place MHC,16185,314,326,0,0.00,60,2,OK
70266521,Maple Run MHC,16022,260,399,0,0.00,31,0,OK
70266539,Lakeroad Village RV Park,362,209,309,0,0.00,60,0,OK
70266554,Piney Park,16185,314,425,0,0.00,60,0,OK
70266620,PW2,17037,344,425,1,0.46,78,0,MED
70266679,Aurora MHC,16131,296,399,0,0.00,30,0,OK
70266695,Flower Mound MHC,362,209,314,0,0.00,59,0,OK
70266729,Aurora MHC,16022,260,412,0,0.00,30,0,OK
70266737,La Comunidad MHC,16185,314,309,1,0.00,58,2,MED
70266778,Chickadee Lane MHC,16185,314,314,1,0.00,75,0,MED
70266810,Terrace on the Greens,362,209,265,0,0.00,60,0,OK
70266844,Deer Lake MHC,16131,296,404,0,0.00,30,0,OK
70266869,Freedom MHP,16131,296,262,0,0.00,30,0,OK
70266877,NotOntario-may be Pace or VA Bch or Stafford,17037,344,404,1,0.04,47,0,MED
70266893,Coleman Village,15154,260,399,0,0.00,30,0,OK
70266919,Parker MHC,362,209,279,0,0.00,60,0,OK
70266935,PW2,16022,260,399,0,0.00,30,0,OK
70266943,Maple Run MHP,362,209,406,0,0.00,46,0,OK
70266950,Maple Run MHP,362,209,405,0,0.00,31,0,OK
70266968,Rustic Acres MHC,17037,344,399,1,0.05,44,0,MED
70266984,Browns MHP,17037,344,406,8,0.58,138,0,HIGH
70266992,Carolina Springs MHP,362,209,328,0,0.00,59,0,OK
70267008,Maple Run MHP,362,209,406,0,0.00,60,0,OK
70267032,Maple Run MHP,362,209,404,0,0.00,60,0,OK
70267073,Coleman Village,15154,260,399,0,0.00,30,0,OK
70267081,Maple Run MHP,362,209,405,0,0.00,57,0,OK
70267099,Maple Run MHP,362,209,404,0,0.00,50,0,OK
70267115,Estancia MHP,15147,256,399,0,0.00,30,0,OK
70267123,Maple Run MHC,362,209,404,0,0.00,43,0,OK
70267131,Aurora MHC,16022,260,424,0,0.00,30,0,OK
70267149,Ontario Place MHC,16185,314,399,1,0.00,55,2,MED
70267180,Maple Run MHP,362,209,405,0,0.00,61,0,OK
70267214,Azulejo,362,209,259,0,0.00,57,0,OK
70267222,Maple Run MHP,17037,344,405,1,0.03,72,0,MED
70267255,Kachina,16185,314,404,1,0.00,64,2,MED
70267263,Maple Run MHP,362,209,405,0,0.00,61,0,OK
70267271,PW2,16185,314,424,1,0.00,66,2,MED
70267297,Maple Run MHP,362,209,404,0,0.00,60,0,OK
70267305,Maple Run MHP,362,209,404,0,0.00,59,0,OK
70267321,Maple Run MHP,362,209,405,0,0.00,57,0,OK
70267339,Kingsbrook MHC,16131,296,404,0,0.00,30,0,OK
70267362,Coleman Village,15154,260,399,0,0.00,30,0,OK
70267370,Coleman Village,15154,260,399,0,0.00,30,0,OK
70267446,La Comunidad MHC,16185,314,325,1,0.00,59,2,MED
70267453,Whispering Pines Mobile Estates,362,209,328,0,0.00,59,0,OK
70267461,Kay Bee Mobile Villa MHP,16131,296,265,0,0.00,30,0,OK
70267479,Kingsbrook MHC,16131,296,404,0,0.00,30,0,OK
70267495,Parkview MHP,16185,314,406,1,0.00,60,2,MED
70267552,Eastwood Hills MHC,362,209,406,0,0.00,60,0,OK
70267578,Piney Park,16185,314,425,1,0.00,52,2,MED
70267594,Coleman Village,16185,314,399,1,0.00,60,2,MED
70267636,Coleman Village,15154,260,399,0,0.00,30,0,OK
70267644,Lakeview MHC,16185,314,404,1,0.00,60,2,MED
70267669,La Comunidad MHC,16185,314,309,1,0.00,58,2,MED
70267693,Sunnyvale MHP,362,209,309,0,0.00,59,0,OK
70267701,Stafford MHC,16131,296,363,2,0.00,27,0,MED
70267719,Kingsbrook MHC,16022,260,404,0,0.00,30,0,OK
70267735,Ontario Place MHC,17037,344,424,1,0.07,60,0,MED
70267743,Ontario Place MHC,17037,344,326,1,0.03,69,0,MED
70267750,Virginia Beach,17037,344,361,1,0.22,90,0,MED
70267784,Oakwood MHP,16022,260,399,0,0.00,30,0,OK
70267792,Chickadee Lane MHC,16185,314,328,1,0.00,60,2,MED
70267800,La Comunidad MHC,16185,314,309,1,0.00,55,2,MED
70267818,Maple Run MHP,362,209,404,0,0.00,60,0,OK
70267826,Ontario Place MHC,17037,344,404,1,0.03,63,0,MED
70267859,Deer Lake MHC,362,209,404,0,0.00,59,0,OK
70267867,Carolina Springs MHP,362,209,326,0,0.00,52,0,OK
70267883,Minot Gardens MHC,17037,344,404,1,0.02,44,0,MED
70267891,Estancia MHP,15147,256,274,0,0.00,31,0,OK
70267917,Aurora MHC,17037,344,413,1,0.03,60,0,MED
70267925,Ontario Place MHC,16185,314,326,1,0.00,59,2,MED
70267966,Shady Lane MHP,17028,341,425,1,0.29,72,0,MED
70267974,Estancia MHP,15147,256,425,0,0.00,30,0,OK
70268014,Freedom MHP,363,219,404,0,0.00,62,0,OK
70268030,Kingsbrook MHC,16131,296,404,0,0.00,30,0,OK
70268071,Maple Run MHP,362,209,405,0,0.00,60,0,OK
70268097,Mountaineer Village MHC,16131,296,425,0,0.00,30,0,OK
70268105,Aurora MHC,16131,296,425,0,0.00,30,0,OK
70268162,Ibiza Village2,17037,344,314,1,0.03,63,0,MED
70268204,Kingsbrook MHC,16022,260,404,0,0.00,28,0,OK
70268212,Wildwood Estates MHC,17037,344,279,1,0.02,59,0,MED
70268220,Minot Gardens MHC,16131,296,399,0,0.00,25,0,OK
70268246,Sunnyvale MHP,362,209,309,0,0.00,60,0,OK
70268261,Maple Run MHC,362,209,404,0,0.00,60,0,OK
70268303,Country Squire MHC,16185,314,425,1,0.00,59,2,MED
70268329,Steve Schneiter 5YR 5plex-CO,17028,341,425,1,0.03,38,2,MED
70268337,Maple Run MHP,16131,296,406,0,0.00,30,0,OK
70268378,Piney Park,16185,314,425,2,0.00,60,2,MED
70268394,Maple Run MHP,362,209,404,0,0.00,60,0,OK
70268402,Maple Run MHP,362,209,405,0,0.00,58,0,OK
70268410,PW2,17037,344,425,1,0.01,334,0,MED
70268428,Coleman Village,15154,260,399,0,0.00,30,0,OK
70268451,Country Squire MHC,16185,314,425,1,0.00,60,2,MED
70268501,Piney Park,16185,314,425,1,0.00,58,2,MED
70268535,Roosevelt MHC,16185,314,404,1,0.00,63,2,MED
70268543,Coleman Village,15154,260,399,0,0.00,30,0,OK
70268550,Coleman Village,16185,314,399,1,0.00,68,2,MED
70268568,Maple Run MHP,362,209,404,0,0.00,60,0,OK
70268576,Coleman Village,16185,314,399,1,0.00,64,2,MED
70268600,PW2,16022,260,404,0,0.00,30,0,OK
70268626,Ontario Place MHC,16185,314,326,1,0.00,59,2,MED
70268642,Oaklawn Park HOA,15090,254,399,0,0.00,30,0,OK
70268659,Westview Mobile Estates MHC,16185,314,362,2,0.00,60,2,MED
70268667,Backwater MHC,17037,344,314,1,0.07,45,0,MED
70268683,Virginia Beach,17037,344,335,2,0.09,54,0,MED
70268691,East Barre MHP,16022,260,314,0,0.00,30,0,OK
70268709,Whispering Pines Mobile Estates,362,209,328,0,0.00,58,0,OK
70268725,Arizona Manor,16185,314,342,1,0.00,59,2,MED
70268758,La Comunidad MHC,16022,260,314,0,0.00,30,0,OK
70268766,Glenn Dorado,362,209,342,0,0.00,58,0,OK
70268774,Rusk MHC,17037,344,342,1,0.76,93,0,HIGH
70268782,Crystal Acres MHC,17032,344,333,0,0.72,96,0,HIGH
70268790,Whispering Pines Mobile Estates,362,209,342,0,0.00,60,0,OK
70268808,Arizona Manor,16185,314,342,1,0.00,60,2,MED
70268816,La Comunidad MHC,16185,314,309,1,0.00,62,2,MED
70268832,Shady Lane MHP,17028,341,406,1,0.61,105,0,HIGH
70268915,Holly Tree MHP,16185,314,314,2,0.00,59,0,MED
70268923,Rustic Acres MHC,16185,314,327,1,0.00,54,2,MED
70268931,Paradise Village Cooperative MHC,15154,260,265,0,0.00,32,0,OK
70268949,Stafford MHC,16185,314,347,1,0.00,60,2,MED
70268956,Whispering Pines Mobile Estates,16022,260,326,0,0.00,30,0,OK
70268964,Crystal Acres MHC,17032,344,314,1,0.05,61,0,MED
70269004,Stafford MHC,16185,314,362,1,0.00,60,2,MED
70269020,Flower Mound,362,209,314,0,0.00,62,0,OK
70269038,La Comunidad MHC,362,209,309,0,0.00,60,0,OK
70269046,Carolina Springs MHP,16131,296,328,0,0.00,30,0,OK
70269053,Maple Run MHP,362,209,404,0,0.00,60,0,OK
70269087,Glenn Dorado,17037,344,333,1,0.48,131,0,MED
70269095,Virginia Beach,17037,344,335,1,0.10,60,0,MED
70269111,Eastwood Hills MHC,362,209,277,0,0.00,58,0,OK
70269145,Swan Lake Estates,16185,314,424,1,0.00,58,2,MED
70269160,Crystal Acres MHC,17037,344,314,2,0.10,29,0,MED
70269178,Rustic Acres MHC,17037,344,327,1,0.06,67,0,MED
70269194,Mountaineer Village MHC,15085,254,328,0,0.07,29,0,OK
70269202,Carolina Springs MHP,362,209,326,0,0.00,54,0,OK
70269228,The Oaks MHC,16131,296,362,0,0.00,30,0,OK
70269236,La Comunidad MHC,16185,314,309,2,0.00,60,2,MED
70269269,Sunnyvale MHP,362,209,309,0,0.00,58,0,OK
70269277,La Comunidad MHC,16185,314,309,1,0.00,60,2,MED
70269285,La Comunidad MHC,16185,314,309,1,0.00,54,2,MED
70269301,Crystal Acres MHC,17032,344,314,1,0.05,64,0,MED
70269327,Flower Mound,362,209,314,0,0.00,60,0,OK
70269335,Carolina Springs MHP,362,209,326,0,0.00,60,0,OK
70269343,Backwater MHC,17032,344,314,1,0.03,59,0,MED
70269368,Pace East,16131,296,361,2,0.00,128,0,MED
70269376,Westview Mobile Estates MHC,362,209,362,0,0.00,59,0,OK
70269384,La Comunidad MHC,16185,314,309,1,0.00,60,2,MED
70269392,Maple Run MHP,362,209,404,0,0.00,54,0,OK
70269400,Sunnyvale MHP,362,209,309,0,0.00,66,0,OK
70269418,Carolina Springs MHP,362,209,328,0,0.00,56,0,OK
70269434,Rustic Acres MHC,17037,344,326,1,0.02,96,0,MED
70269459,Stafford MHC,17037,344,347,2,0.03,64,0,MED
70269467,La Comunidad MHC,16185,314,309,1,0.00,60,2,MED
70269475,Ponderosa MHC,17037,344,362,1,0.86,70,0,HIGH
70269491,Country Squire MHC,16185,314,342,1,0.00,64,2,MED
70269509,Roosevelt MHC,16131,296,362,0,0.00,30,0,OK
70269517,Mountaineer Village MHC,15085,254,328,0,0.00,29,0,OK
70269525,Virginia Beach,17037,344,335,1,0.12,66,0,MED
70269541,Ponderosa MHC,17037,344,361,1,0.03,60,0,MED
70269558,La Comunidad MHC,16185,314,309,1,0.00,60,2,MED
70269574,Virginia Beach,17037,344,333,1,0.11,66,0,MED
70269608,Pelican Shores North HOA,17028,341,362,3,0.06,99,0,HIGH
70269632,Maple Run MHP,362,209,405,0,0.00,59,0,OK
70269640,Piney Park,16185,314,425,1,0.00,53,2,MED
70269707,Country Squire MHC,16185,314,425,1,0.00,54,0,MED
70269715,Flower Mound,362,209,314,0,0.00,59,0,OK
70269723,Oaklawn Park HOA,15090,254,425,0,0.00,30,0,OK
70269731,Oaklawn Park HOA,15090,254,399,0,0.00,30,0,OK
70269756,Piney Park,17037,344,425,1,0.02,60,0,MED
70269764,La Comunidad MHC,16185,314,314,1,0.00,60,2,MED
70269772,Sunnyvale MHP,362,209,309,0,0.00,58,0,OK
70269855,Coleman Village,15154,260,399,0,0.00,30,0,OK
70269863,Green Grove Trailer Court MHC,16131,296,425,0,0.00,30,0,OK
70269905,La Comunidad MHC,362,209,309,0,0.00,60,0,OK
70269913,Oakwood MHP,16185,314,399,1,0.00,58,2,MED
70269921,Aurora MHC,16022,260,424,0,0.00,30,0,OK
70269962,La Comunidad MHC,16185,314,314,1,0.00,58,2,MED
70269996,Rustic Acres MHC,16185,314,328,1,0.00,60,2,MED
70270002,La Comunidad MHC,16185,314,309,1,0.00,134,2,MED
70270028,Maple Run MHP,362,209,405,0,0.00,68,0,OK
70270036,Coleman Village,15154,260,399,0,0.00,30,0,OK
70270085,Trans Canada,16185,314,399,1,0.02,61,2,MED
70270101,Country Squire MHC,16185,314,328,1,0.00,60,2,MED
70270119,Coleman Village,15154,260,399,0,0.00,30,0,OK
70270127,Piney Park,16185,314,425,1,0.00,56,2,MED
70270135,Maple Run MHP,362,209,404,0,0.00,30,0,OK
70270143,The Oaks MHC,16131,296,425,0,0.00,34,0,OK
70270150,The Oaks MHC,16131,296,412,0,0.00,30,0,OK
70270192,Crystal Acres MHC,17032,344,314,1,0.03,65,0,MED
70270200,Whispering Pines Mobile Estates,16022,260,328,0,0.00,30,0,OK
70270242,High Street,15147,256,424,0,0.00,30,0,OK
70270267,La Comunidad MHC,17037,344,309,2,0.02,59,0,MED
70270283,Piney Park,16185,314,425,1,0.07,55,2,MED
70270333,PW2,16185,314,425,1,0.00,60,2,MED
70270341,Coleman Village,15154,260,399,0,0.00,30,0,OK
70270358,Sunnyvale MHP,362,209,309,0,0.00,60,0,OK
70270366,Kingsbrook MHC,16131,296,404,0,0.00,30,0,OK
70270382,Whispering Pines Mobile Estates,16185,314,326,1,0.00,236,215,HIGH
70270408,Oak Tree GenII,16131,296,404,0,0.00,30,0,OK
70270424,Maple Run MHP,362,209,404,0,0.00,60,0,OK
70270473,Maple Run MHP,362,209,404,0,0.00,47,0,OK
70270499,La Comunidad MHC,16185,314,309,1,0.00,60,2,MED
70270507,Maple Run MHP,362,209,404,0,0.00,60,0,OK
70270531,Maple Run MHP,362,209,312,0,0.00,58,0,OK
70270549,Maple Run MHP,362,209,413,0,0.00,61,0,OK
70270564,Maple Run MHP,362,209,404,0,0.00,58,0,OK
70270572,Coleman Village,15154,260,399,0,0.00,30,0,OK
70270580,Estancia MHP,16185,314,424,1,0.00,60,2,MED
70270598,Maple Run MHP,362,209,404,0,0.00,41,0,OK
70270606,Kingsbrook MHC,16022,260,399,0,0.00,30,0,OK
70270614,Stafford MHC,363,219,363,0,0.00,60,0,OK
70270622,Coleman Village,16185,314,399,1,0.00,63,2,MED
70270630,Maple Run MHP,362,209,405,0,0.00,60,0,OK
70270648,Aurora MHC,16131,296,404,0,0.00,32,0,OK
70270663,Maple Run MHP,362,209,404,0,0.00,60,0,OK
70270671,High Street,15147,256,424,0,0.00,30,0,OK
70270689,Parkway MHC,16022,260,404,0,0.00,30,0,OK
70270697,PW2,16185,314,424,1,0.00,60,2,MED
70270705,Kingsbrook MHC,16131,296,399,0,0.00,28,0,OK
70270721,La Comunidad MHC,362,209,309,0,0.00,60,0,OK
70270754,PW2,16022,260,425,0,0.00,30,0,OK
70270788,Flower Mound,362,209,314,0,0.00,61,0,OK
70270796,Maple Run MHP,362,209,405,0,0.00,31,0,OK
70270804,Alta Vista MHC,16185,314,424,1,0.00,60,2,MED
70270812,Ontario Place MHC,16185,314,399,1,0.00,61,2,MED
70270838,Maple Run MHP,362,209,406,0,0.00,58,0,OK
70270861,Maple Run MHP,362,209,404,0,0.00,58,0,OK
70270945,Kingsbrook MHC,16131,296,404,0,0.00,30,0,OK
70270960,Brighton Court MHP,15090,254,309,0,0.00,29,0,OK
70270994,Maple Run MHP,362,209,405,0,0.00,60,0,OK
70271018,Eastwood Hills MHC,362,209,277,0,0.00,60,0,OK
70271034,Kingsbrook MHC,16131,296,404,0,0.00,30,0,OK
70271059,Maple Run MHP,362,209,404,0,0.00,57,0,OK
70271067,Oaklawn Park HOA,15090,254,425,0,0.00,30,0,OK
70271075,Maple Run MHP,362,209,404,0,0.00,60,0,OK
70271091,Maple Run MHC,362,209,404,0,0.00,25,0,OK
70271125,Maple Run MHP,362,209,404,0,0.00,61,0,OK
70271133,Sara Drive MHP,362,209,425,0,0.00,60,0,OK
70271216,Wildwood Estates MHC,17037,344,279,1,0.01,116,0,MED
70271224,Maple Run MHP,362,209,404,0,0.00,59,0,OK
70271273,Aurora MHC,16022,260,413,0,0.00,30,0,OK
70271281,Forest at Sherman MHC,362,209,406,0,0.00,60,0,OK
70271307,Aurora MHC,16022,260,413,0,0.00,30,0,OK
70271315,Aurora MHC,16022,260,413,0,0.00,30,0,OK
70271331,PW2,16185,314,399,1,0.00,60,2,MED
70271356,Alta Vista MHC,16131,296,425,0,0.00,30,0,OK
70271364,PW2,16185,314,425,1,0.00,61,2,MED
70271372,Fair Meadows MHC,16022,260,425,0,0.00,30,0,OK
70271380,Ontario Place MHC,17037,344,404,1,0.17,69,0,MED
70271398,High Street,15147,256,424,0,0.00,30,0,OK
70271406,Aurora MHC,16022,260,424,0,0.00,32,0,OK
70271414,La Comunidad MHC,16185,314,309,1,0.00,60,2,MED
70271422,Maple Run MHP,362,209,406,0,0.00,60,0,OK
70271430,Aurora MHC,16022,260,413,0,0.00,30,0,OK
70271448,Virginia Beach,17037,344,406,1,0.13,68,0,MED
70271489,Coleman Village,16185,314,399,1,0.00,59,2,MED
70271505,Flower Mound MHC,362,209,314,0,0.00,60,0,OK
70271521,Coleman Village,17037,344,399,1,0.05,42,0,MED
70271539,Coleman Village,16185,314,399,1,0.00,60,2,MED
70271588,Aurora MHC,16022,260,406,0,0.00,30,0,OK
70271638,Rusk MHC,17037,344,255,1,0.05,65,0,MED
70271646,Riverview Apartments MF,17037,344,275,1,0.04,48,0,MED
70271653,Kay Bee Mobile Villa MHP,16131,296,265,0,0.00,29,0,OK
70271661,Rusk MHC,17037,344,255,1,0.29,75,0,MED
70271679,Parker MHC,16185,314,280,1,0.00,60,2,MED
70271687,Wildwood Estates MHC,16185,314,280,1,0.00,56,2,MED
70271703,Wildwood Village MHC,16185,314,280,1,0.00,71,2,MED
70271711,Eastwood Hills MHC,16131,296,274,0,0.00,32,0,OK
70271729,Riverview Apartments MF,17037,344,275,1,0.04,48,0,MED
70271737,Maple Run MHC,362,209,277,0,0.00,60,0,OK
70271760,Eastwood Hills MHC,362,209,274,0,0.00,57,0,OK
70271778,Stafford MHC,17037,344,280,1,0.15,52,0,MED
70271794,Oak Tree MHP,16130,296,280,0,0.00,29,0,OK
70271802,Country Squire MHC,16185,314,277,1,0.00,60,0,MED
70271877,Hillview MHC,17037,344,239,1,0.30,97,0,MED
70271893,Eastwood Hills MHC,362,209,279,0,0.00,58,0,OK
70271919,Hillview MHC,17037,344,259,1,0.06,64,0,MED
70271927,Parker MHC,16185,314,279,1,0.00,58,2,MED
70271943,La Comunidad MHC,16185,314,309,1,0.00,69,2,MED
70271984,Maple Run MHP,362,209,404,0,0.00,41,0,OK
70272008,Estancia MHP,15147,256,406,0,0.00,32,0,OK
70272016,Wildwood Estates MHC,16185,314,279,1,0.00,57,2,MED
70272040,Maple Run MHP,362,209,406,0,0.00,60,0,OK
70272057,Maple Run MHP,16022,260,406,0,0.00,30,0,OK
70272073,Kay Bee Mobile Villa MHP,16131,296,265,0,0.00,30,0,OK
70272081,Maple Run MHP,362,209,404,0,0.00,59,0,OK
70272099,Coleman Village,15154,260,399,0,0.00,30,0,OK
70272107,La Comunidad MHC,16185,314,309,1,0.00,59,2,MED
70272115,Aurora MHC,16022,260,412,0,0.00,30,0,OK
70272123,Carolina Springs MHP,16131,296,328,0,0.00,30,0,OK
70272131,Green Acres MHC,362,209,309,0,0.00,67,0,OK
70272156,Carolina Springs MHP,362,209,326,0,0.00,60,0,OK
70272164,La Comunidad MHC,16185,314,314,1,0.00,58,2,MED
70272180,Crystal Acres MHC,17037,344,314,1,0.04,68,0,MED
70272198,La Comunidad MHC,16185,314,309,1,0.00,56,2,MED
70272206,La Comunidad MHC,16185,314,309,1,0.00,57,2,MED
70272214,Mountaineer Village MHC,15085,254,328,0,0.00,30,0,OK
70272222,Rusk MHC,17037,344,255,1,0.03,120,0,MED
70272230,Paradise Village Cooperative MHC,15154,260,265,0,0.00,30,0,OK
70272248,Mountaineer Village MHC,15085,254,328,0,0.00,29,0,OK
70272271,Azulejo,362,209,255,0,0.00,62,0,OK
70272297,Mountaineer Village MHC,15085,254,328,0,0.00,30,0,OK
70272305,Hoosier Park MHC,17037,344,314,1,0.05,62,0,MED
70272313,Rustic Acres MHC,17037,344,326,1,0.02,60,0,MED
70272339,Paradise Village Cooperative MHC,15154,260,265,0,0.00,30,0,OK
70272347,Parker MHC,17037,344,280,2,0.95,116,0,HIGH
70272354,Kay Bee Mobile Villa MHP,16131,296,265,0,0.00,31,0,OK
70272362,Whispering Pines Mobile Estates,362,209,328,0,0.00,60,0,OK
70272388,Spruce Valley Condominiums,16185,314,279,1,0.00,60,0,MED
70272396,Estancia MHP,15147,256,274,0,0.00,30,0,OK
70272412,Parker MHC,16185,314,280,2,0.00,60,2,MED
70272438,Eastwood Hills MHC,362,209,280,0,0.00,56,0,OK
70272453,Parker MHC,362,209,279,0,0.00,55,0,OK
70272479,Eastwood Hills MHC,16185,314,280,1,0.00,59,2,MED
70272487,Eastwood Hills MHC,362,209,280,0,0.00,59,0,OK
70272503,Wildwood Estates MHC,16185,314,280,1,0.00,64,2,MED
70272537,Oakwood MHP,16185,314,326,1,0.00,82,2,MED
70272545,La Comunidad MHC,16185,314,325,1,0.00,58,2,MED
70272552,Carolina Springs MHP,362,209,326,0,0.00,56,0,OK
70272560,Rustic Acres MHC,17037,344,327,1,0.03,64,0,MED
70272578,Carolina Springs MHP,362,209,328,0,0.00,63,0,OK
70272586,Parkview MHP,16185,314,327,1,0.00,60,2,MED
70272610,Rustic Acres MHC,17037,344,327,1,0.02,62,0,MED
70272651,Wildwood Village MHC,362,209,280,0,0.00,59,0,OK
70272669,Parker MHC,17037,344,280,1,0.02,64,0,MED
70272677,Paradise Village Cooperative MHC,15154,260,265,0,0.00,33,0,OK
70272693,Parker MHC,16185,314,279,1,0.00,62,2,MED
70272719,Paradise Village Cooperative MHC,15154,260,265,0,0.00,31,0,OK
70272727,Carolina Springs MHP,16131,296,326,0,0.00,30,0,OK
70272735,Country Squire MHC,16185,314,328,1,0.00,60,2,MED
70272743,Ontario Place MHC,16185,314,327,0,0.00,62,2,OK
70272776,Whispering Pines Mobile Estates,362,209,328,0,0.00,60,0,OK
70272784,Carolina Springs MHP,16131,296,328,0,0.00,31,0,OK
70272818,Maple Run MHP,362,209,312,0,0.00,60,0,OK
70272826,Country Squire MHC,16185,314,328,1,0.00,60,2,MED
70272834,Carolina Springs MHP,362,209,326,0,0.00,68,0,OK
70272842,Mountaineer Village MHC,15085,254,328,0,0.00,30,0,OK
70272867,Carolina Springs MHP,362,209,328,0,0.00,57,0,OK
70272917,Ontario Place MHC,17037,344,327,1,0.04,57,0,MED
70272933,Mountaineer Village MHC,15085,254,328,0,0.00,30,0,OK
70272966,Chickadee Lane MHC,16185,314,328,1,0.00,61,2,MED
70272974,Holly Tree MHP,16185,314,328,1,0.00,60,2,MED
70272990,Carolina Springs MHP,362,209,328,0,0.00,60,0,OK
70273006,La Comunidad MHC,16185,314,325,1,0.00,56,2,MED
70273014,Mountaineer Village MHC,15085,254,328,0,0.00,29,0,OK
70273022,La Comunidad MHC,16185,314,309,1,0.00,60,2,MED
70273030,Ontario Place MHC,16185,314,327,0,0.00,58,2,OK
70273063,GenII Water Flow,17037,344,250,15,0.17,786,0,HIGH
70273071,Carolina Springs MHP,362,209,326,0,0.00,60,0,OK
70273097,Ontario Place MHC,16185,314,327,1,0.00,62,2,MED
70273105,Whispering Pines Mobile Estates,362,209,326,0,0.00,59,0,OK
70273113,Whispering Pines Mobile Estates,362,209,328,0,0.00,60,0,OK
70273139,Oaklawn Park HOA,15090,254,406,0,0.00,30,0,OK
70273154,Coleman Village,15154,260,399,0,0.00,30,0,OK
70273162,Aurora MHC,16022,260,404,0,0.00,30,0,OK
70273170,Maple Run MHP,362,209,404,0,0.00,59,0,OK
70273204,Stafford MHC,363,219,404,0,0.00,53,0,OK
70273212,Westview Mobile Estates MHC,362,209,413,0,0.00,60,0,OK
70273238,Roosevelt MHC,17037,344,404,1,0.02,62,0,MED
70273246,Deer Lake MHC,16131,296,404,0,0.00,30,0,OK
70273295,The Oaks MHC,16131,296,404,0,0.00,30,0,OK
70273311,Maple Run MHP,362,209,404,0,0.00,53,0,OK
70273337,Coleman Village,15154,260,399,0,0.00,30,0,OK
70273345,Aurora MHC,16022,260,413,0,0.00,30,0,OK
70273360,Coleman Village,16185,314,399,1,0.00,60,2,MED
70273386,Coleman Village,15154,260,399,0,0.00,30,0,OK
70273394,Aurora MHC,16185,314,413,1,0.00,60,2,MED
70273410,Kingsbrook MHC,16131,296,413,0,0.00,29,0,OK
70273428,Oak Forest Estate MHC,17037,344,413,1,0.03,58,0,MED
70273444,PW2,16185,314,399,1,0.00,68,2,MED
70273451,Coleman Village,16185,314,399,1,0.00,60,2,MED
70273469,Maple Run MHP,362,209,312,0,0.00,60,0,OK
70273485,PW2,16185,314,399,1,0.00,60,2,MED
70273527,Maple Run MHP,362,209,406,0,0.00,58,0,OK
70273543,Carolina Springs MHP,362,209,328,0,0.00,58,0,OK
70273576,Whispering Pines Mobile Estates,16022,260,328,0,0.00,52,0,OK
70273592,Kay Lou MHC,16131,296,361,0,0.00,33,0,OK
70273600,Westview Mobile Estates MHC,17037,344,362,1,0.03,63,0,MED
70273634,La Comunidad MHC,16022,260,314,0,0.00,30,0,OK
70273642,Paradise Village Cooperative MHC,15154,260,265,0,0.00,30,0,OK
72378068,Roosevelt MHC,17037,344,361,1,0.03,63,0,MED
72378126,Oak Forest Estate MHC,17037,344,361,1,0.04,56,0,MED
72378167,Virginia Beach,17037,344,335,1,0.27,78,0,MED
72378183,Ponderosa MHC,17037,344,361,1,0.02,55,0,MED
72378191,Virginia Beach,17037,344,334,1,0.22,73,0,MED
72378209,Ponderosa MHC,17037,344,361,1,0.02,54,0,MED
72378217,Stafford MHC,363,219,362,0,0.00,59,0,OK
72378225,Virginia Beach,17037,344,335,1,0.20,70,0,MED
72378233,Canada,362,209,361,0,0.00,60,0,OK
72378241,Stafford MHC,16185,314,363,2,0.00,60,2,MED
72378258,Virginia Beach,17037,344,333,1,0.33,76,0,MED
72378266,Westview Mobile Estates MHC,362,209,362,0,0.00,59,0,OK
72378274,Ponderosa MHC,17037,344,362,1,0.03,107,0,MED
72378308,La Comunidad MHC,16185,314,314,1,0.00,60,2,MED
72378316,La Comunidad MHC,16185,314,309,1,0.00,58,2,MED
72378423,Virginia Beach,17037,344,334,1,0.52,111,0,HIGH
72378464,Canada,362,209,361,0,0.00,60,0,OK
72378472,Glenn Dorado,362,209,361,0,0.00,58,0,OK
72378480,Stafford MHC,16022,260,362,0,0.00,28,0,OK
72378498,Westview Mobile Estates MHC,17037,344,362,1,0.54,96,0,HIGH
72378530,Stafford MHC,17037,344,362,1,0.01,74,0,MED
72378548,Backwater MHC,17032,344,314,0,0.67,76,0,HIGH
72378555,Dorr Drive MHP,16185,314,314,2,0.00,45,2,MED
72378563,Flower Mound MHC,362,209,314,0,0.00,60,0,OK
72378571,Rustic Acres MHC,17037,344,327,1,0.03,63,0,MED
72378589,Roosevelt MHC,16131,296,361,0,0.00,29,0,OK
72378597,Parkview MHP,17037,344,361,1,0.02,61,0,MED
72378605,Ponderosa MHC,17037,344,361,1,0.72,244,0,HIGH
72378621,Carolina Springs MHP,362,209,361,0,0.00,60,0,OK
72378639,Westview Mobile Estates MHC,362,209,362,0,0.00,59,0,OK
72378647,Whispering Pines Mobile Estates,362,209,326,0,0.00,59,0,OK
72378654,Pace East,16131,296,361,2,0.21,149,0,MED
72378670,Mountaineer Village MHC,15085,254,328,0,0.00,34,0,OK
72378688,La Comunidad MHC,16185,314,314,9,0.00,60,2,HIGH
72378720,La Comunidad MHC,362,209,314,0,0.00,62,0,OK
72378738,La Comunidad MHC,16185,314,314,1,0.03,60,2,MED
72378746,Carolina Springs MHP,362,209,326,0,0.00,52,0,OK
72378761,Parkway MHC,17032,344,363,2,0.01,178,2,MED
72378779,Holly Tree MHP,16185,314,314,2,0.00,57,0,MED
72378787,Ontario Place MHC,16022,260,326,0,0.00,30,0,OK
72378795,Carolina Springs MHP,16131,296,326,1,0.00,28,0,MED
72378811,Piney Park,16185,314,328,1,0.00,60,0,MED
72378829,Country Squire MHC,17037,344,328,1,0.02,90,0,MED
72378852,La Comunidad MHC,16185,314,325,1,0.00,56,2,MED
72378860,Ontario Place MHC,16185,314,326,1,0.00,64,2,MED
72378878,Backwater MHC,17037,344,314,1,0.07,46,0,MED
72378886,Whispering Pines Mobile Estates,16131,296,328,0,0.00,30,0,OK
72378902,Mountaineer Village MHC,16131,296,328,0,0.00,30,0,OK
72378910,Ontario Place MHC,16185,314,327,1,0.00,60,2,MED
72378928,Whispering Pines Mobile Estates,362,209,328,0,0.00,59,0,OK
72378936,Whispering Pines Mobile Estates,362,209,326,0,0.00,59,0,OK
72378944,Whispering Pines Mobile Estates,362,209,326,0,0.00,60,0,OK
72378977,Whispering Pines Mobile Estates,16131,296,326,0,0.00,30,0,OK
72378985,Fair Meadows MHC,16022,260,309,0,0.00,30,0,OK
72378993,Ontario Place MHC,16185,314,326,1,0.00,62,2,MED
72379009,Flower Mound MHC,362,209,314,0,0.00,51,0,OK
72379017,Flower Mound MHC,16022,260,314,0,0.00,29,0,OK
72379033,Ibiza Village2,17037,344,314,1,0.08,65,0,MED
72379041,Flower Mound MHC,362,209,314,0,0.00,60,0,OK
72379058,La Comunidad MHC,362,209,314,0,0.00,52,0,OK
72379074,Carolina Springs MHP,362,209,328,0,0.00,60,0,OK
72379090,Country Squire MHC,16185,314,328,1,0.00,59,2,MED
72379108,La Comunidad MHC,16185,314,325,1,0.00,60,2,MED
72379116,Whispering Pines Mobile Estates,362,209,328,0,0.00,60,0,OK
72379124,La Comunidad MHC,16185,314,309,1,0.00,57,2,MED
72379132,Coleman Village MHC,15154,260,326,0,0.00,30,0,OK
72379157,Whispering Pines Mobile Estates,362,209,328,0,0.00,59,0,OK
72379181,Grand Central MHP,17037,344,309,1,0.03,64,0,MED
72379215,La Comunidad MHC,16185,314,314,1,0.00,64,2,MED
72379223,Dorr Drive MHP,16185,314,314,1,0.00,60,2,MED
72379249,Rustic Acres MHC,16185,314,327,1,0.02,59,2,MED
72379256,Rusk MHC,17037,344,314,1,0.11,66,0,MED
72379264,Crystal Acres MHC,17037,344,314,1,0.10,30,0,MED
72379280,Flower Mound MHC,16185,314,314,1,0.00,60,0,MED
72379298,La Comunidad MHC,362,209,314,0,0.00,62,0,OK
72379306,Westview Mobile Estates MHC,362,209,362,0,0.00,60,0,OK
72379330,Mountaineer Village MHC,15085,254,328,0,0.00,30,0,OK
72379348,Crystal Acres MHC,17032,344,314,1,0.70,83,0,HIGH
72379363,La Comunidad MHC,16185,314,314,1,0.00,70,2,MED
72379371,La Comunidad MHC,16185,314,314,1,0.00,61,2,MED
72379397,Ontario Place MHC,16185,314,326,1,0.00,66,2,MED
72379405,La Comunidad MHC,16185,314,325,1,0.00,68,2,MED
72379439,Flower Mound MHC,17037,344,314,1,0.01,380,0,MED
72379447,Ontario Place MHC,16185,314,326,1,0.00,63,2,MED
72379454,Hoosier Park MHC,17037,344,314,1,0.45,113,0,MED
72379470,Whispering Pines Mobile Estates,362,209,328,0,0.00,60,0,OK
72379488,Broadway MHP DesMoines,17037,344,314,1,0.72,36,0,HIGH
72379504,Ibiza Village2,17037,344,314,1,0.08,66,0,MED
72379512,Rusk MHC,17037,344,314,1,0.05,64,0,MED
72379538,Crystal Acres MHC,17037,344,314,1,0.03,63,0,MED
72379546,Sunview MHP,17037,344,326,1,0.64,33,0,HIGH
72379553,Rusk MHC,17037,344,314,1,0.05,64,0,MED
72379579,Rusk MHC,17037,344,314,1,0.05,65,0,MED
72379587,La Comunidad MHC,362,209,314,0,0.00,59,0,OK
72379595,Whispering Pines Mobile Estates,362,209,326,0,0.00,59,0,OK
72379611,Backwater MHC,17032,344,314,1,0.03,63,0,MED
72379629,Backwater MHC,17032,344,333,0,0.66,74,0,HIGH
72379652,Oaklawn Park HOA,16022,260,188,0,0.00,27,0,OK
72379660,La Comunidad MHC,16185,314,314,1,0.00,56,2,MED
72379678,La Comunidad MHC,362,209,309,0,0.00,62,0,OK
72379694,Backwater MHC,17032,344,314,1,0.03,63,0,MED
72379744,Virginia Beach,17037,344,335,1,0.25,75,0,MED
72379801,Stafford MHC,16022,260,347,0,0.00,30,0,OK
72379827,Virginia Beach,17037,344,335,11,0.79,916,0,HIGH
72379843,Virginia Beach,17037,344,333,1,0.10,63,0,MED
72379868,Virginia Beach,17037,344,361,1,0.13,103,0,MED
72379892,Lakeroad Village RV Park,362,209,309,0,0.00,59,0,OK
72379900,Running Springs MHP,16185,314,335,2,0.00,60,2,MED
72379934,Virginia Beach,17037,344,335,1,0.31,72,0,MED
72379942,Pleasant Acres,16131,296,333,2,0.00,30,0,MED
72379967,Stafford MHC,16185,314,347,1,0.00,60,2,MED
72379975,Virginia Beach,17037,344,335,2,0.09,64,0,MED
72380015,Whispering Pines Mobile Estates,16131,296,328,0,0.00,30,0,OK
72380023,Carolina Springs MHP,16131,296,333,0,0.00,30,0,OK
72380031,Virginia Beach,17037,344,333,1,0.22,74,0,MED
72380049,Virginia Beach,17037,344,334,1,0.27,71,0,MED
72380056,Grand Valley Estates MHC,17037,344,362,1,0.04,74,0,MED
72380064,Virginia Beach,17037,344,333,1,0.15,54,0,MED
72380072,Lafountaine MHC,16131,296,361,0,0.00,30,0,OK
72380098,Aurora MHC,16022,260,363,0,0.00,30,0,OK
72380106,Virginia Beach,17037,344,335,1,0.21,71,0,MED
72380114,Flower Mound,362,209,314,0,0.00,66,0,OK
72380122,Westview Mobile Estates MHC,362,209,362,0,0.00,60,0,OK
72380130,La Comunidad MHC,16185,314,309,1,0.00,60,2,MED
72380148,Virginia Beach,17037,344,335,1,0.51,102,0,HIGH
72380163,Virginia Beach,17037,344,335,2,0.19,67,0,MED
72380171,Pace East,16131,296,333,0,0.00,114,0,OK
72380197,Virginia Beach,17037,344,335,1,0.30,71,0,MED
72380213,La Comunidad MHC,16185,314,309,1,0.00,57,2,MED
72380221,Lakeroad Village RV Park,16131,296,309,0,0.00,30,0,OK
72380247,La Comunidad MHC,16185,314,309,1,0.00,58,2,MED
72380288,Rusk MHC,17037,344,314,2,0.02,66,0,MED
72380296,La Comunidad MHC,16185,314,314,1,0.00,61,2,MED
72380304,Hoosier Park MHC,17037,344,314,1,0.04,69,0,MED
72380312,Hoosier Park MHC,17032,344,314,1,0.04,67,0,MED
72380320,La Comunidad MHC,16185,314,309,1,0.00,56,2,MED
72380338,Grand Central MHP,15090,254,309,0,0.00,31,0,OK
72380346,La Comunidad MHC,16185,314,309,1,0.00,68,2,MED
72380353,La Comunidad MHC,16185,314,309,1,0.00,60,2,MED
72380379,Sunnyvale MHP,362,209,309,0,0.00,59,0,OK
72380403,Parkway MHC,16022,260,328,0,0.00,29,0,OK
72380429,La Comunidad MHC,17037,344,309,1,0.00,336,0,MED
72380437,Chickadee Lane MHC,16185,314,328,1,0.00,66,2,MED
72380445,Brighton Court MHP,16185,314,309,0,0.00,60,2,OK
72380452,Sunnyvale MHP,16131,296,309,0,0.00,30,0,OK
72380460,La Comunidad MHC,16185,314,314,1,0.00,60,2,MED
72380478,La Comunidad MHC,16185,314,309,1,0.00,60,2,MED
72380486,Carolina Springs MHP,16022,260,326,0,0.00,30,0,OK
72380494,La Comunidad MHC,16185,314,309,1,0.00,62,2,MED
72380510,Rusk MHC,17037,344,314,1,0.02,146,0,MED
72380536,Highland Terrace,16185,314,309,1,0.02,51,2,MED
72380544,La Comunidad MHC,16185,314,309,1,0.00,59,2,MED
72380551,Carolina Springs MHP,362,209,326,0,0.00,55,0,OK
72380577,La Comunidad MHC,362,209,309,0,0.00,55,0,OK
72380593,Virginia Beach,17037,344,335,1,0.29,72,0,MED
72380601,La Comunidad MHC,362,209,309,0,0.00,61,0,OK
72380619,Carolina Springs MHP,16131,296,328,0,0.00,30,0,OK
72380627,Whispering Pines Mobile Estates,362,209,328,0,0.00,60,0,OK
72380635,Flower Mound,16185,314,314,1,0.00,58,2,MED
72380668,Carolina Springs MHP,362,209,328,0,0.00,59,0,OK
72380684,Grand Central MHP,16022,260,309,0,0.00,30,0,OK
72380700,Virginia Beach,17037,344,361,8,0.36,98,0,HIGH
72380726,Lafountaine MHC,16131,296,361,0,0.00,30,0,OK
72380742,Chickadee Lane MHC,16185,314,361,1,0.00,56,0,MED
72380759,Kay Lou MHC,16131,296,361,0,0.00,30,0,OK
72380767,Ponderosa MHC,17037,314,361,1,0.14,7,0,MED
72380775,La Comunidad MHC,16185,314,309,1,0.00,58,2,MED
72380809,Virginia Beach,17037,344,327,1,0.15,68,0,MED
72380841,Canada,16185,314,361,1,0.02,46,2,MED
72380858,Westview Mobile Estates MHC,16185,314,362,1,0.00,63,2,MED
72380874,Canada,362,209,361,0,0.00,60,0,OK
72380882,Kingsbrook MHC,16131,296,362,0,0.00,30,0,OK
72380890,Stafford MHC,16185,314,362,1,0.00,61,2,MED
72380916,Virginia Beach,17037,344,335,1,0.23,77,0,MED
72380924,Virginia Beach,17037,344,335,1,0.25,84,0,MED
72380973,Rustic Acres MHC,17037,344,326,1,0.03,64,0,MED
72380981,Carolina Springs MHP,362,209,326,0,0.00,60,0,OK
72380999,Aurora MHC,16131,296,362,0,0.00,30,0,OK
72381005,Ponderosa MHC,17037,344,361,1,0.02,62,0,MED
72381062,Mountaineer Village MHC,15085,254,328,0,0.00,31,0,OK
72381096,Mountaineer Village MHC,15085,254,328,0,0.00,30,0,OK
72381104,Carolina Springs MHP,362,209,326,0,0.00,52,0,OK
72381120,Rustic Acres MHC,16185,314,326,1,0.00,56,2,MED
72381138,Canada,16022,260,361,0,0.00,30,0,OK
72381153,Maple Run MHP,362,209,312,0,0.00,60,0,OK
72381161,Ontario Place MHC,17037,344,326,1,0.03,63,0,MED
72381179,Ontario Place MHC,16185,314,326,1,0.00,58,2,MED
72381187,Whispering Pines Mobile Estates,362,209,328,0,0.00,59,0,OK
72381195,Lakeroad Village RV Park,362,209,309,0,0.00,59,0,OK
72381211,Ontario Place MHC,16185,314,326,1,0.00,58,2,MED
72381245,Rustic Acres MHC,16185,314,326,0,0.00,60,2,OK
72381252,Ibiza Village2,17037,344,314,2,0.10,67,0,MED
72381260,Mountaineer Village MHC,15085,254,328,0,0.00,30,0,OK
72381286,Dorr Drive MHP,16185,314,314,1,0.00,58,2,MED
72381302,Whispering Pines Mobile Estates,362,209,326,0,0.00,59,0,OK
72381328,Carolina Springs MHP,16131,296,328,1,0.00,28,0,MED
72381336,Whispering Pines Mobile Estates,362,209,326,0,0.00,59,0,OK
72381344,Ontario Place MHC,16185,314,326,0,0.00,60,2,OK
72381377,Whispering Pines Mobile Estates,362,209,328,0,0.00,58,0,OK
72381385,Rustic Acres MHC,16185,314,327,1,0.00,62,2,MED
72381393,Carolina Springs MHP,16131,296,328,0,0.00,30,0,OK
72381401,Rustic Acres MHC,16185,314,326,1,0.00,57,2,MED
72381419,Ontario Place MHC,17037,344,326,1,0.03,63,0,MED
72381427,Holly Tree MHP,16185,314,328,1,0.00,57,0,MED
72381435,Rusk MHC,17037,344,314,1,0.05,64,0,MED
72381443,Carolina Springs MHP,16131,296,328,0,0.00,29,0,OK
72381450,La Comunidad MHC,16022,260,309,0,0.00,30,0,OK
72381468,Country Squire MHC,16185,314,328,1,0.00,80,0,MED
72381492,Country Squire MHC,16185,314,328,1,0.00,60,2,MED
72381500,Ontario Place MHC,16185,314,327,1,0.00,59,2,MED
72381518,Ontario Place MHC,16185,314,326,1,0.00,60,2,MED
72381526,Stafford MHC,16185,314,363,1,0.00,60,2,MED
72381559,Rustic Acres MHC,16185,314,326,1,0.00,56,2,MED
72381567,Rusk MHC,17037,344,314,1,0.05,63,0,MED
72381575,Flower Mound MHC,362,209,314,0,0.00,59,0,OK
72381609,Sunview MHP,17037,344,326,1,0.87,91,0,HIGH
72381625,Fair Meadows MHC,16022,260,309,0,0.00,33,0,OK
72381633,Crystal Acres MHC,17032,344,314,1,0.08,64,0,MED
72381641,Westview Mobile Estates MHC,362,209,362,0,0.00,60,0,OK
72381658,The Oaks MHC,16131,296,314,1,0.00,29,0,MED
72381682,Whispering Pines Mobile Estates,16131,296,326,0,0.00,27,0,OK
72381708,Rusk MHC,17037,344,342,0,0.77,90,0,HIGH
72381716,Backwater MHC,17032,344,314,1,0.03,62,0,MED
72381724,La Comunidad MHC,362,209,314,0,0.00,60,0,OK
72381732,Hoosier Park MHC,17032,344,314,1,0.03,63,0,MED
72381757,Dorr Drive MHP,16185,314,325,1,0.00,59,2,MED
72381765,Ontario Place MHC,16185,314,327,1,0.00,60,2,MED
72381773,Ontario Place MHC,16185,314,326,1,0.00,60,2,MED
72381799,Ontario Place MHC,16185,314,327,1,0.00,68,2,MED
72381807,PW2,16185,314,326,1,0.00,62,2,MED
72381815,Whispering Pines Mobile Estates,362,209,326,0,0.00,61,0,OK
72381823,Whispering Pines Mobile Estates,362,209,328,0,0.00,60,0,OK
72381831,Whispering Pines Mobile Estates,362,209,326,0,0.00,59,0,OK
72381849,Ontario Place MHC,16185,314,327,1,0.00,59,2,MED
72381906,Carolina Springs MHP,16022,260,327,0,0.00,30,0,OK
72381914,Rustic Acres MHC,17037,344,326,1,0.03,67,0,MED
72381948,Mountaineer Village MHC,15085,254,328,0,0.00,30,0,OK
72381963,La Comunidad MHC,16185,314,314,1,0.00,60,2,MED
72381971,Ontario Place MHC,17037,344,327,1,0.03,65,0,MED
72381997,La Comunidad MHC,16184,314,314,1,0.00,73,2,MED
72382003,Carolina Springs MHP,362,209,326,0,0.00,60,0,OK
72382011,Rustic Acres MHC,17037,344,327,1,0.03,61,0,MED
72382037,Rustic Acres MHC,16185,314,326,1,0.00,51,2,MED
72382045,Crystal Acres MHC,17037,344,314,2,0.17,29,0,MED
72382052,Maple Run MHP,362,209,312,0,0.00,59,0,OK
72382078,Crystal Acres MHC,17032,344,314,0,0.65,83,0,HIGH
72382094,Ontario Place MHC,17037,344,326,1,0.04,57,0,MED
72382102,Crystal Acres MHC,17032,344,314,1,0.07,60,0,MED
72382128,Alta Vista MHC,16185,314,314,1,0.00,57,2,MED
72382136,Coleman Village MHC,15154,260,326,0,0.00,30,0,OK
72382144,Virginia Beach,17037,344,335,3,0.13,68,0,HIGH
72382169,Virginia Beach,17037,344,335,1,0.04,45,0,MED
72382193,Virginia Beach,17037,344,335,1,0.15,65,0,MED
72382284,Parkview MHP,16130,296,361,0,0.00,31,0,OK
72382318,Virginia Beach,17037,344,335,1,0.24,75,0,MED
72382326,Virginia Beach,17037,344,333,1,0.29,77,0,MED
72382334,Canada,362,209,361,0,0.00,60,0,OK
72382342,176 N Highland Ave,16022,260,362,0,0.00,30,0,OK
72382375,Virginia Beach,17037,344,335,1,0.22,58,0,MED
72382383,Azulejo,362,209,333,0,0.00,60,0,OK
72382425,Westview Mobile Estates MHC,362,209,362,0,0.00,60,0,OK
72382433,Virginia Beach,17037,344,335,2,0.28,90,0,MED
72382441,Country Squire MHC,16185,314,361,0,0.00,61,0,OK
72382458,Stafford MHC,16131,296,363,0,0.00,30,0,OK
72382474,Stafford MHC,16185,314,363,1,0.00,62,2,MED
72382490,Virginia Beach,17037,344,335,1,0.16,70,0,MED
72382508,Virginia Beach,17037,344,335,1,0.21,80,0,MED
72382540,Virginia Beach,17037,344,333,1,0.14,96,0,MED
72382557,Westview Mobile Estates MHC,362,209,362,0,0.00,60,0,OK
72382573,Virginia Beach,17037,344,335,2,0.11,64,0,MED
72382581,Oak Forest Estate MHC,17037,344,361,1,0.05,60,0,MED
72382615,Westview Mobile Estates MHC,16185,314,362,1,0.00,60,2,MED
72382623,Stafford MHC,363,219,362,0,0.00,55,0,OK
72382631,Virginia Beach,17037,344,333,1,0.28,74,0,MED
72382649,Ponderosa MHC,17037,344,361,1,0.03,66,0,MED
72382656,Virginia Beach,17037,344,335,1,0.14,70,0,MED
72382664,Virginia Beach,17037,344,335,1,0.29,72,0,MED
72382672,Green Grove Trailer Court MHC,16131,296,362,0,0.00,30,0,OK
72382680,Virginia Beach,17037,344,335,1,0.06,48,0,MED
72382698,Westview Mobile Estates MHC,362,209,362,0,0.00,58,0,OK
72382706,Stafford MHC,363,219,347,0,0.00,57,0,OK
72382714,Virginia Beach,17037,344,335,2,0.24,146,0,MED
72382722,Ponderosa MHC,17037,344,362,3,0.01,88,0,HIGH
72382730,Country Squire MHC,16185,314,334,1,0.00,55,0,MED
72382748,8 OnElaine,16185,314,333,1,0.00,60,2,MED
72382755,Virginia Beach,17037,344,335,1,0.22,65,0,MED
72382763,Virginia Beach,17037,344,335,1,0.19,69,0,MED
72382771,Pace East,16131,296,361,0,0.00,134,0,OK
72382789,Glenn Dorado,362,209,333,0,0.00,59,0,OK
72382797,Westview Mobile Estates MHC,362,209,362,0,0.00,60,0,OK
72382813,Virginia Beach,17037,344,335,1,0.40,97,0,MED
72382821,Canada,16022,260,361,0,0.00,30,0,OK
72382854,Chickadee Lane MHC,16185,314,361,1,0.00,58,0,MED
72382888,Virginia Beach,17037,344,334,5,0.18,74,0,HIGH
72382896,Ponderosa MHC,17037,344,361,1,0.02,56,0,MED
72382920,Ontario Place MHC,16185,314,326,1,0.00,60,2,MED
72382938,Kay Lou MHC,17032,344,362,1,0.02,42,2,MED
72382961,Chickadee Lane MHC,16185,314,361,1,0.00,59,0,MED
72382979,Virginia Beach,17037,344,335,1,0.45,89,0,MED
72382987,Westview Mobile Estates MHC,16185,314,362,1,0.00,62,2,MED
72382995,Virginia Beach,17037,344,334,1,0.07,55,0,MED
72383001,CJ,17037,344,333,1,0.03,63,0,MED
72383027,Stafford MHC,16185,314,362,1,0.00,56,2,MED
72383035,Virginia Beach,17037,344,347,1,0.19,68,0,MED
72383050,Virginia Beach,17037,344,333,1,0.27,70,0,MED
72383068,Whispering Pines Mobile Estates,362,209,333,0,0.00,56,0,OK
72383084,Virginia Beach,17037,344,335,1,0.17,69,0,MED
72383092,Chickadee Lane MHC,16185,314,328,1,0.00,60,2,MED
72383100,Virginia Beach,17037,344,362,1,0.09,65,0,MED
72383118,Stafford MHC,16185,314,363,1,0.00,59,2,MED
72383126,Maple Run MHP,362,209,312,0,0.00,60,0,OK
72383142,Broadway MHP DesMoines,17037,344,333,0,0.83,125,0,HIGH
72383159,Virginia Beach,17037,344,335,2,0.26,86,0,MED
72383225,Stafford MHC,17037,344,362,1,0.01,157,0,MED
72383233,Virginia Beach,17037,344,335,1,0.26,74,0,MED
72383241,Virginia Beach,17037,344,335,3,0.19,106,0,HIGH
72383266,Pace East,16131,296,361,1,0.00,127,0,MED
72383274,Virginia Beach,17037,344,335,1,0.16,64,0,MED
72383290,Parkway MHC,17032,344,362,1,0.02,58,2,MED
72383316,Hoosier Park MHC,17037,344,335,1,0.15,3000,0,MED
72383324,Virginia Beach,17037,344,335,1,0.10,63,0,MED
72383332,Virginia Beach,17037,344,335,1,0.16,70,0,MED
72383357,Stafford MHC,363,219,363,0,0.00,37,0,OK
72383365,Stafford MHC,16131,296,362,0,0.00,30,0,OK
72383373,Parkview MHP,17037,344,362,1,0.00,282,0,MED
72383381,Virginia Beach,17037,344,335,1,0.28,76,0,MED
72383399,Virginia Beach,17037,344,335,1,0.09,64,0,MED
72383415,Virginia Beach,17037,344,333,1,0.12,64,0,MED
72383423,Stafford MHC,16131,296,363,0,0.00,27,0,OK
72383431,Virginia Beach,17037,344,363,3,0.32,73,0,HIGH
72383456,Ponderosa MHC,17037,344,363,1,0.15,20,0,MED
72383464,Whispering Pines Mobile Estates,16185,314,347,1,0.04,26,2,MED
72383472,Virginia Beach,17037,344,335,1,0.15,68,0,MED
72383506,Virginia Beach,17037,344,333,1,0.27,74,0,MED
72383514,Westview Mobile Estates MHC,362,209,362,0,0.00,60,0,OK
72383522,Parkway MHC,17032,344,360,1,0.02,45,2,MED
72383548,Holly Tree MHP,16185,314,335,4,0.00,60,0,HIGH
72383555,Virginia Beach,17037,344,335,1,0.20,64,0,MED
72383563,Stafford MHC,16022,260,363,0,0.00,30,0,OK
72383571,Virginia Beach,17037,344,333,1,0.53,99,0,HIGH
72383589,Kay Lou MHC,16131,296,361,0,0.00,30,0,OK
72383597,Ontario Place MHC,17037,344,326,1,0.08,25,0,MED
72383613,Stafford MHC,16131,296,347,0,0.00,35,0,OK
72383639,Stafford MHC,16131,296,363,1,0.00,30,0,MED
72383647,Hillview MHC,17037,344,239,1,0.13,47,0,MED
72383654,Ibiza Village2,17037,344,314,1,0.03,60,0,MED
72383662,Virginia Beach,17037,344,335,1,0.28,74,0,MED
72383688,Westview Mobile Estates MHC,362,209,362,0,0.00,58,0,OK
72383704,Westview Mobile Estates MHC,362,209,362,0,0.00,60,0,OK
72383712,Crystal Acres MHC,17032,344,309,0,0.59,93,0,HIGH
72383738,Whispering Pines Mobile Estates,16131,296,328,0,0.00,30,0,OK
72383746,La Comunidad MHC,16185,314,314,1,0.00,58,2,MED
72383761,Stafford MHC,16022,260,347,0,0.00,30,0,OK
72383779,Virginia Beach,17037,344,335,2,0.47,89,0,MED
72383787,Virginia Beach,17037,344,335,1,0.14,70,0,MED
72383795,Carolina Springs MHP,16131,296,326,0,0.00,20,0,OK
72383803,Minot Gardens MHC,17037,344,363,1,0.02,42,0,MED
72383829,Whispering Pines Mobile Estates,17037,344,328,3,0.27,63,0,HIGH
72383852,Oaklawn Park HOA,15090,254,188,0,0.00,28,0,OK
72383860,Virginia Beach,17037,344,361,1,0.16,64,0,MED
72383910,La Comunidad MHC,16185,314,314,1,0.00,57,2,MED
72383928,Sunnyvale MHP,16131,296,309,0,0.00,30,0,OK
72383951,Green Acres MHC,362,209,309,0,0.00,46,0,OK
72383969,Green Acres MHC,362,209,309,0,0.00,61,0,OK
72383977,La Comunidad MHC,16185,314,309,1,0.00,56,2,MED
72383985,Sunnyvale MHP,16131,296,309,0,0.00,29,0,OK
72383993,La Comunidad MHC,16185,314,309,1,0.00,58,2,MED
72384017,Sunnyvale MHP,362,209,309,0,0.00,58,0,OK
72384025,La Comunidad MHC,362,209,309,0,0.00,60,0,OK
72384041,La Comunidad MHC,16185,314,314,1,0.00,60,2,MED
72384058,La Comunidad MHC,16185,314,309,1,0.00,59,2,MED
72384066,Sunnyvale MHP,16185,314,309,1,0.00,60,2,MED
72384074,Brighton Court MHP,16185,314,309,1,0.00,65,2,MED
72384108,La Comunidad MHC,16185,314,309,1,0.00,60,2,MED
72384124,La Comunidad MHC,17037,344,309,1,0.01,166,0,MED
72384132,Green Acres MHC,362,209,309,0,0.00,60,0,OK
72384140,La Comunidad MHC,16185,314,314,1,0.00,52,2,MED
72384157,Lakeroad Village RV Park,16193,320,309,2,0.72,174,0,HIGH
72384165,La Comunidad MHC,16185,314,309,1,0.00,60,2,MED
72384173,Virginia Beach,17037,344,335,1,0.23,71,0,MED
72384181,Sunnyvale MHP,16131,296,309,0,0.00,30,0,OK
72384207,La Comunidad MHC,16185,314,309,2,0.00,60,2,MED
72384231,Grand Central MHP,16185,314,309,1,0.02,49,2,MED
72384249,La Comunidad MHC,16185,314,309,1,0.00,84,2,MED
72384256,Sunnyvale MHP,362,209,309,0,0.00,60,0,OK
72384264,La Comunidad MHC,16185,314,309,1,0.00,60,2,MED
72384280,Highland Terrace,16185,314,309,1,0.84,51,0,HIGH
72384322,Virginia Beach,17037,344,333,1,0.16,74,0,MED
72384348,Stafford MHC,16022,260,363,0,0.00,30,0,OK
72384355,Stafford MHC,16185,314,363,1,0.00,391,2,MED
72384363,Stafford MHC,363,219,363,0,0.00,61,0,OK
72384389,Rusk MHC,17037,344,314,1,0.05,66,0,MED
72384397,Highland Terrace,16185,314,309,1,0.02,52,2,MED
72384405,Roosevelt MHC,16131,296,363,4,0.03,33,1,HIGH
72384413,Stafford MHC,363,219,363,0,0.00,60,0,OK
72384421,Stafford MHC,16185,314,347,1,0.00,60,2,MED
72384462,Stafford MHC,16128,295,363,1,0.00,31,2,MED
72384470,Whispering Pines Mobile Estates,362,209,328,0,0.00,60,0,OK
72384488,Virginia Beach,17037,344,335,4,0.29,72,0,HIGH
72384496,Stafford MHC,16185,314,363,1,0.00,60,2,MED
72384504,Flower Mound MHC,362,209,314,0,0.00,60,0,OK
72384512,Virginia Beach,17037,344,333,3,0.10,112,0,HIGH
72384538,Stafford MHC,16185,314,363,1,0.00,72,2,MED
72384546,La Comunidad MHC,16185,314,309,1,0.00,67,2,MED
72384553,Carolina Springs MHP,362,209,328,0,0.00,60,0,OK
72384561,La Comunidad MHC,16185,314,309,1,0.00,60,2,MED
72384579,Stafford MHC,16185,314,363,1,0.00,59,2,MED
72384587,Virginia Beach,17037,344,335,1,0.43,145,0,MED
72384595,La Comunidad MHC,16185,314,309,1,0.00,86,2,MED
72384611,Virginia Beach,17037,344,333,1,0.11,65,0,MED
72384629,Flower Mound MHC,362,209,314,0,0.00,69,0,OK
72384652,Virginia Beach,17037,344,335,1,0.26,69,0,MED
72384660,Ontario Place MHC,16185,314,326,1,0.00,60,2,MED
72384678,Crystal Acres MHC,17037,344,314,22,0.21,179,0,HIGH
72384686,La Comunidad MHC,16185,314,309,1,0.00,64,2,MED
72384694,Mountaineer Village MHC,15085,254,328,0,0.00,30,0,OK
72384710,Carolina Springs MHP,362,209,326,0,0.00,58,0,OK
72384728,Lakeroad Village RV Park,362,209,309,0,0.00,64,0,OK
72384736,Whispering Pines Mobile Estates,362,209,326,0,0.00,61,0,OK
72384751,Rusk MHC,17037,344,314,1,0.06,51,0,MED
72384777,Country Squire MHC,16185,314,328,1,0.00,57,2,MED
72384785,Ponderosa MHC,17037,344,361,1,0.02,64,0,MED
72384793,Rustic Acres MHC,16185,314,363,1,0.24,29,14129,HIGH
72384801,Westview Mobile Estates MHC,362,209,362,0,0.00,59,0,OK
72384819,Chickadee Lane MHC,16185,314,361,1,0.00,62,0,MED
72384843,Carolina Springs MHP,362,209,328,0,0.00,57,0,OK
72384850,Ibiza Village2,17037,344,314,1,0.03,61,0,MED
72384892,Country Squire MHC,16185,314,328,1,0.00,59,2,MED
72384900,Broadway MHP DesMoines,17037,344,333,0,0.93,107,0,HIGH
72384926,PW2,16022,260,362,0,0.00,30,0,OK
72384942,Lafountaine MHC,16131,296,361,0,0.00,31,0,OK
72384959,Rustic Acres MHC,17037,344,363,1,0.21,48,0,MED
72384983,Pleasant Acres,16131,296,362,1,0.00,30,0,MED
72385006,Virginia Beach,17037,344,335,1,0.37,177,0,MED
72385022,Stafford MHC,16131,296,362,0,0.00,29,0,OK
72385089,Rustic Acres MHC,16185,314,363,1,0.00,60,2,MED
72385097,Virginia Beach,17037,325,335,4,0.34,77,2,HIGH
72385105,Virginia Beach,17037,344,335,1,0.18,72,0,MED
72385113,Chickadee Lane MHC,17037,344,361,0,0.01,70,0,OK
72385121,Whispering Pines Mobile Estates,362,209,333,0,0.00,59,0,OK
72385147,Roosevelt MHC,16185,314,342,1,0.00,60,2,MED
72385170,Virginia Beach,17037,344,335,1,0.25,69,0,MED
72385188,Kachina,362,209,361,0,0.00,59,0,OK
72385196,Chickadee Lane MHC,16185,314,361,1,0.00,58,0,MED
72385204,Ponderosa MHC,17037,344,361,1,0.06,68,0,MED
72385212,Roosevelt MHC,16131,296,361,0,0.00,30,0,OK
72385238,Ponderosa MHC,17037,344,361,1,0.02,59,0,MED
72385246,Virginia Beach,17037,344,333,1,0.16,55,0,MED
72385287,Canada,362,209,361,0,0.00,59,0,OK
72385311,Stafford MHC,16185,314,362,1,0.00,60,2,MED
72385345,Virginia Beach,17037,344,335,1,0.18,68,0,MED
72385352,Oak Forest Estate MHC,17037,344,361,1,0.03,66,0,MED
72385360,Virginia Beach,17037,344,333,3,0.22,73,0,HIGH
72385378,Virginia Beach,17037,344,335,1,0.21,92,0,MED
72385386,Stafford MHC,16185,314,347,1,0.00,54,2,MED
72385402,Virginia Beach,17037,344,335,1,0.18,83,0,MED
72385428,Backwater MHC,17032,344,314,1,0.03,63,0,MED
72385436,Crystal Acres MHC,17032,344,314,1,0.03,62,0,MED
72385451,Flower Mound,362,209,314,0,0.00,60,0,OK
72385477,Kingsbrook MHC,16185,314,362,1,0.00,59,0,MED
72385485,Crystal Acres MHC,17032,344,314,1,0.05,63,0,MED
72385493,Backwater MHC,17037,344,314,1,0.07,46,0,MED
72385501,Ponderosa MHC,17037,344,361,1,0.02,59,0,MED
72385527,Kay Lou MHC,16131,296,361,0,0.00,30,0,OK
72385535,Kachina,362,209,361,0,0.00,60,0,OK
72385543,Ponderosa MHC,17037,344,361,1,0.02,58,0,MED
72385550,Carolina Springs MHP,362,209,328,0,0.00,54,0,OK
72385576,Virginia Beach,17037,344,335,1,0.21,68,0,MED
72385600,CJ,17037,344,333,1,0.03,62,0,MED
72385626,Ponderosa MHC,17037,344,315,1,0.07,69,0,MED
72385634,La Comunidad MHC,16185,314,325,1,0.00,57,2,MED
72385659,Virginia Beach,17037,344,335,1,0.24,74,0,MED
72385675,Virginia Beach,17037,344,333,2,0.28,75,0,MED
72385691,Virginia Beach,17037,344,335,1,0.24,72,0,MED
72385709,Virginia Beach,17037,344,335,1,0.25,73,0,MED
72385717,Virginia Beach,17037,344,333,1,0.15,72,0,MED
72385733,Virginia Beach,17037,344,335,1,0.21,72,0,MED
72385741,Roosevelt MHC,16131,296,328,0,0.00,30,0,OK
72385766,Whispering Pines Mobile Estates,362,209,328,0,0.00,60,0,OK
72385782,Westview Mobile Estates MHC,16185,314,362,1,0.00,60,2,MED
72385790,Canada,16161,296,361,0,0.00,57,0,OK
72385816,Virginia Beach,17037,344,335,1,0.25,76,0,MED
72385840,Virginia Beach,17037,344,335,3,0.34,76,0,HIGH
72385857,Stafford MHC,363,219,363,0,0.00,59,0,OK
72385873,Stafford MHC,17037,344,363,2,0.02,62,0,MED
72385881,Virginia Beach,17037,344,334,1,0.03,148,0,MED
72385907,Stafford MHC,363,219,362,0,0.00,65,0,OK
72385915,Stafford MHC,16185,314,363,1,0.00,60,2,MED
72385923,Kay Bee Mobile Villa MHP,16131,296,363,2,0.00,30,0,MED
72385949,Pace East,16131,296,361,1,0.03,138,0,MED
72385964,Virginia Beach,17037,344,333,1,0.19,79,0,MED
72385972,Ponderosa MHC,17037,344,363,1,0.09,23,0,MED
72385980,Roosevelt MHC,16131,296,361,0,0.00,30,0,OK
72385998,Stafford MHC,363,219,363,0,0.00,60,0,OK
72386012,Stafford MHC,16185,314,347,1,0.00,58,2,MED
72386020,Canada,362,209,361,0,0.00,59,0,OK
72386061,Canada,362,209,361,0,0.00,60,0,OK
72386087,Stafford MHC,16185,314,362,1,0.00,59,2,MED
72386095,Ponderosa MHC,17037,344,361,1,0.03,64,0,MED
72386103,Westview Mobile Estates MHC,362,209,362,0,0.00,60,0,OK
72386129,Westview Mobile Estates MHC,17037,344,362,1,0.03,72,0,MED
72386137,Stafford MHC,363,219,362,0,0.00,60,0,OK
72386152,Virginia Beach,17037,344,333,1,0.24,72,0,MED
72386178,Stafford MHC,16185,314,363,2,0.00,70,2,MED
72386186,Stafford MHC,363,219,362,0,0.00,60,0,OK
72386228,Virginia Beach,17037,344,335,2,0.26,76,0,MED
72386251,Virginia Beach,17037,344,333,1,0.10,61,0,MED
72386269,Virginia Beach,17037,344,335,1,0.19,74,0,MED
72386277,Westview Mobile Estates MHC,17037,344,362,1,0.01,67,0,MED
72386285,La Comunidad MHC,16185,314,309,1,0.00,83,2,MED
72386293,Stafford MHC,17037,344,362,2,0.01,247,0,MED
72386301,Stafford MHC,16128,295,363,1,0.00,30,2,MED
72386319,Stafford MHC,16185,314,362,1,0.00,47,2,MED
72386327,Stafford MHC,16022,260,363,0,0.00,30,0,OK
72386335,Virginia Beach,17037,344,334,3,0.22,86,0,HIGH
72386343,Chickadee Lane MHC,16185,344,361,1,0.00,160,0,MED
72386350,Stafford MHC,363,219,362,0,0.00,71,0,OK
72386392,Pace East,16131,296,361,0,0.00,137,0,OK
72386400,Westview Mobile Estates MHC,362,209,362,0,0.00,52,0,OK
72386418,Virginia Beach,17037,344,335,1,0.23,69,0,MED
72386434,Stafford MHC,16131,296,363,0,0.00,30,0,OK
72386442,Virginia Beach,17037,344,333,2,0.27,83,0,MED
72386459,Carolina Springs MHP,362,209,328,0,0.00,32,0,OK
72386467,Westview Mobile Estates MHC,362,209,362,0,0.00,60,0,OK
72386483,Minot Gardens MHC,17037,344,361,1,0.02,52,0,MED
72386509,Chickadee Lane MHC,16185,314,361,1,0.00,60,0,MED
72386525,Stafford MHC,16185,314,363,1,0.00,60,2,MED
72386541,Virginia Beach,17037,344,333,1,0.34,82,0,MED
72386558,Virginia Beach,17037,344,335,1,0.11,66,0,MED
72386574,Chickadee Lane MHC,16185,314,361,1,0.00,60,0,MED
72386590,Westview Mobile Estates MHC,16185,314,362,1,0.00,59,2,MED
72386608,Aurora MHC,16022,260,363,0,0.00,30,0,OK
72386632,Canada,362,209,361,0,0.00,60,0,OK
72386640,Virginia Beach,17037,344,335,1,0.11,66,0,MED
72386665,Avetis 5YR,16128,295,328,0,0.00,30,0,OK
72386681,Maple Run MHP,362,209,312,0,0.00,59,0,OK
72386699,Westview Mobile Estates MHC,362,209,362,0,0.00,60,0,OK
72386707,Lantana Trail,15154,260,333,0,0.00,30,0,OK
72386715,Virginia Beach,17037,344,335,1,0.14,64,0,MED
72386731,Stafford MHC,16131,296,362,0,0.00,30,0,OK
72386764,Canada,16185,314,361,1,0.02,60,2,MED
72386772,Pace East,16131,296,363,1,0.58,150,0,HIGH
72386780,Holly Tree MHP,16185,314,333,1,0.00,60,0,MED
72386798,Roosevelt MHC,16131,296,363,0,0.00,30,0,OK
72386848,Whispering Pines Mobile Estates,362,209,333,0,0.00,55,0,OK
72386863,Virginia Beach,17037,344,335,1,0.21,70,0,MED
72386889,Parkview MHP,17037,344,361,1,0.02,62,0,MED
72386897,Kingsbrook MHC,16131,296,361,0,0.00,31,0,OK
72386905,Chickadee Lane MHC,16185,314,334,2,0.00,64,0,MED
72386913,Kingsbrook MHC,16185,314,361,1,0.02,58,2,MED
72386921,Ponderosa MHC,17037,344,361,1,0.02,61,0,MED
72386947,La Comunidad MHC,16185,314,314,1,0.00,58,2,MED
72386962,Hoosier Park MHC,17032,344,314,1,0.03,60,0,MED
72387002,La Comunidad MHC,362,209,314,0,0.00,64,0,OK
72387010,La Comunidad MHC,16185,314,309,1,0.00,63,2,MED
72387044,Rusk MHC,17037,344,314,1,0.04,67,0,MED
72387051,Green Acres MHC,362,209,309,0,0.00,60,0,OK
72387069,La Comunidad MHC,16185,314,309,1,0.00,56,2,MED
72387077,La Comunidad MHC,17037,344,309,1,0.02,60,0,MED
72387093,Crystal Acres MHC,17037,344,314,1,0.05,61,0,MED
72387101,Stafford MHC,16131,296,347,0,0.00,29,0,OK
72387127,Whispering Pines Mobile Estates,362,209,326,0,0.00,60,0,OK
72387143,Carolina Springs MHP,16131,296,326,0,0.00,31,0,OK
72387150,Country Squire MHC,16185,314,314,2,0.00,69,0,MED
72387168,Coleman Village MHC,16185,314,326,1,0.00,62,2,MED
72387176,Grand Central MHP,16185,314,309,0,0.00,59,2,OK
72387184,Crystal Acres MHC,17037,344,314,1,0.06,65,0,MED
72387192,Canada,362,209,361,0,0.00,60,0,OK
72387226,Parkway MHC,16022,260,328,0,0.00,30,0,OK
72387242,Sunview MHP,17037,344,325,0,0.89,114,0,HIGH
72387259,Crystal Acres MHC,17032,344,314,1,0.03,63,0,MED
72387267,La Comunidad MHC,17037,344,314,1,0.05,62,0,MED
72387275,Backwater MHC,17032,344,314,1,0.03,62,0,MED
72387283,Green Acres MHC,362,209,309,0,0.00,55,0,OK
72387291,La Comunidad MHC,16185,314,309,1,0.00,60,2,MED
72387317,Carolina Springs MHP,362,209,326,0,0.00,45,0,OK
72387325,Rusk MHC,17037,344,314,1,0.05,44,0,MED
72387333,Crystal Acres MHC,17037,344,314,1,0.04,76,0,MED
72387341,Backwater MHC,17032,344,314,1,0.03,62,0,MED
72387358,Whispering Pines Mobile Estates,362,209,328,0,0.00,60,0,OK
72387366,Rustic Acres MHC,16185,314,327,1,0.00,23,1225,HIGH
72387374,Backwater MHC,17037,344,314,2,0.03,64,0,MED
72387382,Flower Mound MHC,362,209,314,0,0.00,60,0,OK
72387390,Delaware St Quadplex,362,209,285,0,0.00,58,0,OK
72387408,Flower Mound,362,209,314,0,0.00,60,0,OK
72387424,Crystal Acres MHC,17032,344,314,1,0.03,66,0,MED
72387440,Backwater MHC,17032,344,314,1,0.03,62,0,MED
72387465,La Comunidad MHC,16185,314,309,1,0.00,64,2,MED
72387473,Green Acres MHC,362,209,309,0,0.00,60,0,OK
72387481,Oaklawn Park HOA,15090,254,314,0,0.00,28,0,OK
72387499,Backwater MHC,17032,344,314,1,0.03,63,0,MED
72387507,Backwater MHC,17037,344,314,7,0.03,66,0,HIGH
72387515,Flower Mound,362,209,314,0,0.00,60,0,OK
72387523,Brighton Court MHP,15090,254,309,0,0.00,28,0,OK
72387549,Grand Central MHP,15090,254,309,0,0.00,27,0,OK
72387556,Rusk MHC,17037,344,314,1,0.06,64,0,MED
72387564,Brighton Court MHP,15090,254,309,0,0.00,30,0,OK
72387572,Green Acres MHC,17037,344,309,2,0.79,253,0,HIGH
72387580,Virginia Beach,17037,344,335,1,0.23,105,0,MED
72387598,La Comunidad MHC,16185,314,309,1,0.00,58,2,MED
72387606,Sunnyvale MHP,362,209,309,0,0.00,60,0,OK
72387622,La Comunidad MHC,16185,314,325,1,0.00,60,2,MED
72387630,Flower Mound MHC,362,209,314,0,0.00,60,0,OK
72387648,La Comunidad MHC,16185,314,309,1,0.00,56,2,MED
72387655,Stafford MHC,17037,344,363,1,0.00,367,0,MED
72387671,Grand Central MHP,16022,260,309,0,0.00,31,0,OK
72387689,Rusk MHC,17037,344,314,1,0.05,65,0,MED
72387705,La Comunidad MHC,16185,314,309,1,0.00,55,2,MED
72387713,Green Acres MHC,16131,296,309,0,0.00,33,0,OK
72387721,Lakeroad Village RV Park,362,209,309,0,0.00,60,0,OK
72387739,La Comunidad MHC,16185,314,314,1,0.00,58,2,MED
72387747,La Comunidad MHC,17037,344,309,1,0.02,64,0,MED
72387754,Roper Center Commercial Bldg,15090,254,250,0,0.00,25,0,OK
72387762,La Comunidad MHC,16185,314,309,2,0.00,76,2,MED
72387770,La Comunidad MHC,362,209,309,0,0.00,60,0,OK
72387796,Sunnyvale MHP,362,209,309,0,0.00,49,0,OK
72387812,Grand Central MHP,16185,314,309,1,0.29,49,2,MED
72387838,Stafford MHC,363,219,363,0,0.00,60,0,OK
72387853,Brighton Court MHP,15090,254,309,0,0.00,30,0,OK
72387861,Brighton Court MHP,15090,254,309,0,0.00,30,0,OK
72387879,Sunnyvale MHP,362,209,309,0,0.00,60,0,OK
72387887,Lakeroad Village RV Park,362,209,309,0,0.00,58,0,OK
72387911,Stafford MHC,16185,314,363,1,0.00,60,2,MED
72387929,Stafford MHC,16131,296,363,0,0.00,33,0,OK
72387937,Westview Mobile Estates MHC,362,209,362,0,0.00,60,0,OK
72387952,La Comunidad MHC,16185,314,309,1,0.00,68,2,MED
72387960,La Comunidad MHC,16185,314,309,1,0.00,60,2,MED
72387978,Sunnyvale MHP,16131,296,309,0,0.00,30,0,OK
72387994,La Comunidad MHC,16185,314,314,1,0.00,60,2,MED
72388018,Suncrest Dr MF,362,209,285,0,0.00,60,0,OK
72388026,Canada,362,209,361,0,0.00,60,0,OK
72388034,Virginia Beach,17037,344,328,1,0.20,60,0,MED
72388059,Coleman Village MHC,15154,260,362,0,0.00,30,0,OK
72388067,Stafford MHC,363,219,363,0,0.00,60,0,OK
72388075,Virginia Beach,17037,344,335,1,0.08,66,0,MED
72388091,Stafford MHC,363,219,363,0,0.00,61,0,OK
72388117,Virginia Beach,17037,344,335,1,0.20,70,0,MED
72388125,Ponderosa MHC,17037,344,361,1,0.02,65,0,MED
72388133,Stafford MHC,363,219,363,0,0.00,62,0,OK
72388141,Virginia Beach,17037,344,335,2,0.17,71,0,MED
72388158,Stafford MHC,363,219,347,0,0.00,60,0,OK
72388166,Whispering Pines Mobile Estates,362,209,333,0,0.01,69,0,OK
72388174,Virginia Beach,17037,344,335,1,0.21,71,0,MED
72388182,Westview Mobile Estates MHC,362,209,362,0,0.00,61,0,OK
72388190,Ponderosa MHC,17037,344,363,1,0.02,62,0,MED
72388232,Aurora MHC,16131,296,363,0,0.00,30,0,OK
72388257,Westview Mobile Estates MHC,362,209,362,0,0.00,60,0,OK
72388273,Whispering Pines Mobile Estates,362,209,333,0,0.00,60,0,OK
72388281,Virginia Beach,17037,344,335,1,0.22,72,0,MED
72388307,Parkway MHC,17032,344,361,1,0.02,42,2,MED
72388372,Stafford MHC,16022,260,362,0,0.00,32,0,OK
72388380,Westview Mobile Estates MHC,362,209,362,0,0.00,60,0,OK
72388398,Stafford MHC,16131,296,362,0,0.00,29,0,OK
72388406,Westview Mobile Estates MHC,362,209,362,0,0.00,60,0,OK
72388414,Westview Mobile Estates MHC,362,209,362,0,0.00,60,0,OK
72388422,Westview Mobile Estates MHC,362,209,362,0,0.00,58,0,OK
72388430,Westview Mobile Estates MHC,362,209,363,0,0.00,60,0,OK
72388489,Stafford MHC,16185,314,363,1,0.00,59,2,MED
72388505,Kay Bee Mobile Villa MHP,16131,296,362,1,0.00,31,0,MED
72388521,Lafountaine MHC,16131,296,361,0,0.00,28,0,OK
72388547,Stafford MHC,16131,296,363,0,0.00,29,0,OK
72388554,Circle N Trailer Park,15085,254,361,0,0.00,32,0,OK
72388562,Virginia Beach,17037,344,333,1,0.03,204,0,MED
72388596,Stafford MHC,16185,314,347,1,0.00,54,2,MED
72388604,Chickadee Lane MHC,16185,314,361,1,0.00,60,0,MED
72388653,Stafford MHC,16185,314,363,1,0.00,60,2,MED
72388695,Carolina Springs MHP,362,209,360,0,0.00,53,0,OK
72388703,Lafountaine MHC,16131,296,361,0,0.00,32,0,OK
72388711,Westview Mobile Estates MHC,17037,344,362,1,0.03,67,0,MED
72388737,Chickadee Lane MHC,16185,314,361,0,0.00,60,0,OK
72388745,Westview Mobile Estates MHC,362,209,362,0,0.00,59,0,OK
72388752,Stafford MHC,16022,260,363,0,0.00,30,0,OK
72388760,Roosevelt MHC,16131,296,361,0,0.00,30,0,OK
72388778,Stafford MHC,363,219,362,0,0.00,57,0,OK
72388786,Stafford MHC,16022,260,363,0,0.00,29,0,OK
72388794,Westview Mobile Estates MHC,362,209,362,0,0.00,60,0,OK
72388802,Pace East,16131,296,361,0,0.00,139,0,OK
72388810,Trans Canada,16185,314,362,1,0.02,61,2,MED
72388828,Westview Mobile Estates MHC,17037,344,362,1,0.02,61,0,MED
72388844,Kachina,17037,344,361,1,0.06,65,0,MED
72388851,Virginia Beach,17037,344,333,2,0.20,69,0,MED
72388869,Westview Mobile Estates MHC,16185,314,362,1,0.00,60,2,MED
72388885,Fair Meadows MHC,16022,260,363,0,0.00,30,0,OK
72388901,Lafountaine MHC,16131,296,361,0,0.00,29,0,OK
72388927,Lafountaine MHC,16131,296,361,0,0.00,32,0,OK
72388935,Westview Mobile Estates MHC,362,209,362,0,0.00,60,0,OK
72388950,Roosevelt MHC,16131,296,363,0,0.00,30,0,OK
72388968,Chickadee Lane MHC,16185,314,361,1,0.00,62,0,MED
72388976,Stafford MHC,363,219,363,0,0.00,59,0,OK
72388992,Stafford MHC,363,219,362,0,0.00,60,0,OK
72389016,Ponderosa MHC,17037,344,361,1,0.00,59,0,MED
72389024,Kay Lou MHC,16131,296,363,0,0.00,30,0,OK
72389032,Westview Mobile Estates MHC,16185,314,362,1,0.00,60,2,MED
72389057,Kay Bee Mobile Villa MHP,16131,296,361,1,0.00,30,0,MED
72389065,Canada,16185,314,361,1,0.02,46,2,MED
72389073,Stafford MHC,363,219,362,0,0.00,63,0,OK
72389081,The Oaks MHC,16131,296,361,0,0.00,30,0,OK
72389099,Roosevelt MHC,16131,296,363,0,0.00,30,0,OK
72389107,Stafford MHC,363,219,362,0,0.00,60,0,OK
72389115,Crystal Acres MHC,17032,344,333,1,0.57,68,0,HIGH
72389123,Stafford MHC,16131,296,362,0,0.00,35,0,OK
72389131,Stafford MHC,16131,296,363,0,0.00,33,0,OK
72389149,Lafountaine MHC,16131,296,361,0,0.00,30,0,OK
72389156,Stafford MHC,16022,260,363,0,0.00,32,0,OK
72389172,Parkview MHP,17037,344,362,1,0.03,74,0,MED
72389198,Stafford MHC,16131,296,363,0,0.00,30,0,OK
72389214,Stafford MHC,16131,296,363,0,0.00,30,0,OK
72389222,Canada,17037,344,361,1,0.04,72,0,MED
72389230,Virginia Beach,17037,344,361,1,0.33,76,0,MED
72389255,Stafford MHC,17037,344,362,1,0.02,48,0,MED
72389263,Virginia Beach,17037,344,335,1,0.30,63,0,MED
72389289,Whispering Pines Mobile Estates,16022,260,342,0,0.00,30,0,OK
72389305,Whispering Pines Mobile Estates,16131,296,333,0,0.00,30,0,OK
72389339,Canada,362,209,361,0,0.00,60,0,OK
72389347,Virginia Beach,17037,344,362,133,0.19,2339,0,HIGH
72389354,Stafford MHC,16185,314,363,1,0.00,72,2,MED
72389362,Stafford MHC,363,219,363,0,0.00,60,0,OK
72389479,Backwater MHC,17037,344,363,1,0.21,101,0,MED
72389495,Stafford MHC,16131,296,363,0,0.00,30,0,OK
72389529,Stafford MHC,363,219,363,0,0.00,39,0,OK
72389537,Ponderosa MHC,17037,344,363,1,0.02,62,0,MED
72389545,Stafford MHC,17037,344,362,1,0.02,62,0,MED
72389560,Westview Mobile Estates MHC,362,209,362,0,0.00,56,0,OK
72389578,Virginia Beach,17037,344,335,1,0.16,74,0,MED
72389586,Stafford MHC,363,219,363,0,0.00,59,0,OK
72389594,Ontario Place MHC,16185,314,326,1,0.00,58,2,MED
72389602,Stafford MHC,363,219,363,0,0.00,60,0,OK
72389610,Stafford MHC,16131,296,363,0,0.00,29,0,OK
72389628,Kay Lou MHC,16131,296,363,0,0.00,30,0,OK
72389636,Stafford MHC,363,219,362,0,0.00,32,0,OK
72389651,Westview Mobile Estates MHC,362,209,362,0,0.00,60,0,OK
72389669,Westview Mobile Estates MHC,16185,314,362,1,0.00,58,2,MED
72389685,Westview Mobile Estates MHC,362,209,362,0,0.00,52,0,OK
72389693,Stafford MHC,16131,296,363,0,0.00,30,0,OK
72389719,Stafford MHC,363,219,363,0,0.00,60,0,OK
72389727,Virginia Beach,17037,344,335,1,0.45,93,0,MED
72389750,Westview Mobile Estates MHC,17037,344,362,1,0.03,62,0,MED
72389776,Stafford MHC,16022,260,362,0,0.00,30,0,OK
72389784,Stafford MHC,363,219,362,0,0.00,59,0,OK
72389792,Westview Mobile Estates MHC,16185,314,362,1,0.00,60,2,MED
72389800,Stafford MHC,363,219,363,0,0.00,60,0,OK
72389818,Westview Mobile Estates MHC,362,209,362,0,0.00,58,0,OK
72389842,Pace East,16185,314,361,1,0.01,126,2,MED
72389917,Sara Drive MHP,16131,296,361,1,0.03,31,0,MED
72389933,Ponderosa MHC,17037,344,361,3,0.01,68,0,HIGH
72389958,Virginia Beach,17037,344,335,1,0.23,70,0,MED
72389966,Virginia Beach,17037,344,335,1,0.11,72,0,MED
72389974,Ontario Place MHC,16185,314,326,1,0.00,60,2,MED
72389982,Parkway MHC,16022,260,361,1,0.00,30,0,MED
72389990,Virginia Beach,17037,344,335,1,0.11,66,0,MED
72390030,Virginia Beach,17037,344,333,17,0.59,133,0,HIGH
72390048,Virginia Beach,17037,344,335,1,0.20,64,0,MED
72390055,Stafford MHC,363,219,347,0,0.00,59,0,OK
72390063,Virginia Beach,17037,344,335,1,0.17,70,0,MED
72390089,Piney Park,16185,314,361,0,0.00,60,0,OK
72390113,Ponderosa MHC,17037,344,361,1,0.02,60,0,MED
72390121,Stafford MHC,16185,314,362,1,0.00,58,2,MED
72390139,Westview Mobile Estates MHC,362,209,363,0,0.00,60,0,OK
72390147,Stafford MHC,17037,344,362,1,0.33,85,0,MED
72390154,Virginia Beach,17037,344,335,2,0.22,77,0,MED
72390162,Stafford MHC,16185,314,347,1,0.00,56,2,MED
72390170,Stafford MHC,16185,314,363,1,0.00,60,2,MED
72390196,Virginia Beach,17037,344,335,1,0.19,63,0,MED
72390204,Virginia Beach,17037,344,333,2,0.16,67,0,MED
72390220,Virginia Beach,17037,344,335,1,0.17,64,0,MED
72390238,Ponderosa MHC,17037,344,361,4,0.04,26,0,HIGH
72390246,Holly Tree MHP,16185,314,333,1,0.00,66,0,MED
72390253,Virginia Beach,17037,344,335,1,0.23,70,0,MED
72390261,Stafford MHC,16185,314,363,1,0.00,60,2,MED
72390279,Kay Lou MHC,17032,344,361,1,0.02,42,2,MED
72390287,Virginia Beach,17037,344,335,1,0.20,75,0,MED
72390295,Virginia Beach,17037,344,335,1,0.10,51,0,MED
72390303,Virginia Beach,17037,344,362,1,0.18,66,0,MED
72390311,Stafford MHC,16131,296,362,1,0.31,29,0,MED
72390329,Virginia Beach,17037,344,334,1,0.57,138,0,HIGH
72390337,Virginia Beach,17037,344,334,1,0.21,72,0,MED
72390345,Roosevelt MHC,16131,296,362,0,0.00,29,0,OK
72390378,Canada,16022,260,361,0,0.00,29,0,OK
72390386,Virginia Beach,17037,344,333,1,0.03,150,0,MED
72390410,Canada,362,209,361,0,0.00,60,0,OK
72390436,Kay Lou MHC,16131,296,362,0,0.00,30,0,OK
72390444,Chickadee Lane MHC,16185,314,361,1,0.00,57,0,MED
72390451,Virginia Beach,17037,344,335,1,0.06,104,0,MED
72390469,Running Springs MHP,16185,314,361,1,0.00,57,0,MED
72390477,Parkway MHC,16022,260,362,0,0.00,30,0,OK
72390485,Stafford MHC,363,219,347,0,0.00,60,0,OK
72390501,Virginia Beach,17037,344,335,1,0.19,69,0,MED
72390527,Parkview MHP,17037,344,361,1,0.03,64,0,MED
72390535,La Comunidad MHC,16185,314,325,1,0.00,59,2,MED
72390543,Westview Mobile Estates MHC,362,209,362,0,0.00,61,0,OK
72390600,Virginia Beach,17037,344,335,1,0.27,74,0,MED
72390618,Westview Mobile Estates MHC,17037,344,362,1,0.03,64,0,MED
72390626,Roosevelt MHC,16131,296,361,0,0.00,30,0,OK
72390642,Stafford MHC,363,219,361,0,0.00,60,0,OK
72390659,Oak Forest Estate MHC,17037,344,361,1,0.04,57,0,MED
72390667,Kay Lou MHC,16131,296,361,0,0.00,30,0,OK
72390675,CJ,362,209,333,0,0.00,61,0,OK
72390691,Virginia Beach,17037,344,335,1,0.22,63,0,MED
72390725,Backwater MHC,17032,344,342,0,0.67,73,0,HIGH
72390733,Oak Forest Estate MHC,17037,344,361,1,0.03,59,0,MED
72390741,Virginia Beach,17037,344,333,1,0.19,72,0,MED
72390758,Stafford MHC,17037,344,347,1,0.00,267,0,MED
72390766,Whispering Pines Mobile Estates,362,209,361,0,0.00,62,0,OK
72390774,Kachina,362,209,361,0,0.00,60,0,OK
72390808,Kingsbrook MHC,16131,296,361,0,0.00,30,0,OK
72390824,Stafford MHC,363,219,362,0,0.00,61,0,OK
72390832,Carolina Springs MHP,16022,260,326,0,0.00,17,0,OK
72390840,La Comunidad MHC,16185,314,325,1,0.00,64,2,MED
72390857,La Comunidad MHC,16185,314,325,1,0.00,54,2,MED
72390865,Virginia Beach,17037,344,335,1,0.28,78,0,MED
72390873,Kingsbrook MHC,16131,296,361,0,0.00,30,0,OK
72390899,Virginia Beach,17037,344,362,1,0.10,62,0,MED
72390907,Riley Lane,15154,260,362,0,0.00,30,0,OK
72390949,Maple Run MHP,362,209,312,0,0.00,61,0,OK
72390972,Virginia Beach,17037,344,333,4,0.25,88,0,HIGH
72390980,Ponderosa MHC,17037,344,361,1,0.01,79,0,MED
72390998,Oak Forest Estate MHC,17037,344,361,1,0.03,58,0,MED
72391004,Virginia Beach,17037,344,334,1,0.11,66,0,MED
72391012,The Oaks MHC,16131,296,361,1,0.00,32,0,MED
72391038,Holly Tree MHP,16185,314,314,2,0.00,59,0,MED
72391053,Carolina Springs MHP,362,209,328,0,0.00,59,0,OK
72391061,Carolina Springs MHP,362,209,326,0,0.00,59,0,OK
72391079,Country Squire MHC,16185,314,326,1,0.30,71,0,MED
72391095,Whispering Pines Mobile Estates,362,209,326,0,0.00,60,0,OK
72391129,Ontario Place MHC,17037,344,327,1,0.02,59,0,MED
72391137,Maple Run MHP,362,209,312,0,0.00,60,0,OK
72391178,La Comunidad MHC,16185,314,312,1,0.00,55,2,MED
72391194,Flower Mound,17037,344,314,1,0.01,370,0,MED
72391202,Mountaineer Village MHC,15085,254,328,0,0.00,30,0,OK
72391210,Country Squire MHC,16185,314,328,1,0.00,58,0,MED
72391228,Carolina Springs MHP,362,209,326,0,0.00,59,0,OK
72391236,La Comunidad MHC,16185,314,314,1,0.00,58,2,MED
72391269,Holly Tree MHP,16185,314,326,2,0.00,61,0,MED
72391277,Whispering Pines Mobile Estates,362,209,326,0,0.00,60,0,OK
72391293,Whispering Pines Mobile Estates,362,209,326,0,0.00,60,0,OK
72391319,Rustic Acres MHC,16131,296,326,0,0.00,30,0,OK
72391327,Maple Run MHP,362,209,312,0,0.00,57,0,OK
72391343,Ibiza Village2,17037,344,314,1,0.07,69,0,MED
72391368,Ontario Place MHC,16185,314,327,1,0.00,59,2,MED
72391376,Grand Central MHP,16185,314,309,1,0.00,60,2,MED
72391400,Whispering Pines Mobile Estates,362,209,328,0,0.00,60,0,OK
72391418,Sunview MHP,17037,344,327,0,0.85,117,0,HIGH
72391434,Carolina Springs MHP,16131,296,328,0,0.00,30,0,OK
72391467,Whispering Pines Mobile Estates,362,209,326,0,0.00,62,0,OK
72391475,Carolina Springs MHP,363,219,326,0,0.00,60,0,OK
72391483,Brighton Court MHP,16185,314,309,1,0.00,106,2,MED
72391491,Whispering Pines Mobile Estates,362,209,326,0,0.00,60,0,OK
72391509,Backwater MHC,17037,344,314,1,0.01,322,0,MED
72391541,Backwater MHC,17037,344,314,5,0.28,98,0,HIGH
72391558,Parkview MHP,17037,344,328,1,0.02,62,0,MED
72391566,Whispering Pines Mobile Estates,362,209,328,0,0.00,60,0,OK
72391574,Carolina Springs MHP,362,209,328,0,0.00,59,0,OK
72391608,Backwater MHC,17032,344,314,1,0.05,62,0,MED
72391616,Whispering Pines Mobile Estates,16185,314,328,1,0.00,60,2,MED
72391632,East Barre MHP,362,209,314,0,0.00,60,0,OK
72391640,Crystal Acres MHC,17032,344,314,0,0.66,77,0,HIGH
72391665,La Comunidad MHC,16022,260,309,1,0.00,30,0,MED
72391681,Maple Run MHP,362,209,309,0,0.00,55,0,OK
72391699,Rusk MHC,17037,344,314,1,0.05,66,0,MED
72391707,Rusk MHC,17037,344,314,1,0.05,65,0,MED
72391723,Sunnyvale MHP,362,209,309,0,0.00,59,0,OK
72391731,Flower Mound,16185,314,314,1,0.00,62,2,MED
72391749,Suncrest Dr MF,362,209,285,0,0.00,60,0,OK
72391772,Backwater MHC,17032,344,314,1,0.66,70,0,HIGH
72391814,Holly Tree MHP,17037,344,314,2,0.17,80,0,MED
72391848,Rusk MHC,17037,344,314,1,0.02,63,0,MED
72391855,La Comunidad MHC,16185,314,314,1,0.00,59,2,MED
72391871,Carolina Springs MHP,362,209,326,0,0.00,58,0,OK
72391905,Backwater MHC,17037,344,314,1,0.04,53,0,MED
72391913,La Comunidad MHC,16185,314,314,1,0.00,62,2,MED
72391921,Flower Mound,362,209,314,0,0.00,60,0,OK
72391939,Carolina Springs MHP,362,209,328,0,0.00,45,0,OK
72391954,Rusk MHC,17037,344,327,3,0.72,75,0,HIGH
72391962,Westview Mobile Estates MHC,362,209,362,0,0.00,57,0,OK
72391970,Canada,16185,314,361,1,0.02,63,2,MED
72391996,Lafountaine MHC,16131,296,361,0,0.00,28,0,OK
72392002,Carolina Springs MHP,16022,260,326,0,0.00,30,0,OK
72392010,Ontario Place MHC,16185,314,326,1,0.00,50,2,MED
72392028,Pace East,16131,296,361,0,0.00,137,0,OK
72392044,Carolina Springs MHP,362,209,326,0,0.00,60,0,OK
72392069,Crystal Acres MHC,17037,344,314,1,0.10,31,0,MED
72392085,Whispering Pines Mobile Estates,362,209,328,0,0.00,59,0,OK
72392093,Carolina Springs MHP,362,209,326,0,0.00,58,0,OK
72392101,Kay Lou MHC,17037,344,361,1,0.03,61,0,MED
72392119,Stafford MHC,363,219,347,0,0.00,60,0,OK
72392127,Stafford MHC,17037,344,347,2,0.02,61,0,MED
72392135,Stafford MHC,363,219,363,0,0.00,60,0,OK
72392143,Virginia Beach,17037,344,361,1,0.28,74,0,MED
72392168,Ponderosa MHC,17037,344,361,1,0.02,60,0,MED
72392176,Virginia Beach,17037,344,333,1,0.14,65,0,MED
72392184,Stafford MHC,16022,260,347,0,0.00,28,0,OK
72392192,Carolina Springs MHP,362,209,326,0,0.00,28,0,OK
72392218,Kingsbrook MHC,16131,296,361,0,0.00,30,0,OK
72392226,Canada,362,209,361,0,0.00,60,0,OK
72392242,Stafford MHC,363,219,363,0,0.00,62,0,OK
72392267,Stafford MHC,363,219,363,0,0.00,58,0,OK
72392275,Stafford MHC,16185,314,363,1,0.00,60,2,MED
72392283,Virginia Beach,17037,344,334,1,0.05,171,15,MED
72392309,Virginia Beach,17037,344,334,1,0.26,77,0,MED
72392325,Virginia Beach,17037,344,335,1,0.14,64,0,MED
72392358,The Oaks MHC,16131,296,363,0,0.00,30,0,OK
72392374,Aurora MHC,16131,296,363,0,0.00,30,0,OK
72392382,Holly Tree MHP,16185,314,361,2,0.00,56,0,MED
72392390,Stafford MHC,17037,344,362,1,0.00,339,0,MED
72392408,Holly Tree MHP,16185,314,335,0,0.00,60,0,OK
72392416,Stafford MHC,16131,296,363,0,0.00,30,0,OK
72392424,Westview Mobile Estates MHC,16185,314,362,1,0.00,59,2,MED
72392457,Stafford MHC,363,219,363,0,0.00,60,0,OK
72392465,Stafford MHC,16128,295,363,1,0.00,30,2,MED
72392481,Stafford MHC,363,219,347,0,0.00,60,0,OK
72392499,Stafford MHC,363,219,363,0,0.00,62,0,OK
72392515,Stafford MHC,363,219,362,0,0.00,60,0,OK
72392523,Parkview MHP,17037,344,362,1,0.05,64,0,MED
72392531,Stafford MHC,16185,314,362,2,0.00,60,2,MED
72392549,Aurora MHC,16022,260,363,0,0.00,30,0,OK
72392572,Stafford MHC,16131,296,363,1,0.00,30,0,MED
72392580,Westview Mobile Estates MHC,17037,344,362,1,0.02,62,0,MED
72392598,Virginia Beach,17037,344,335,1,0.14,120,0,MED
72392606,Stafford MHC,363,219,347,0,0.00,57,0,OK
72392622,Westview Mobile Estates MHC,17037,344,362,1,0.04,51,0,MED
72392630,Roosevelt MHC,16131,296,361,0,0.00,30,0,OK
72392648,Stafford MHC,16185,314,362,1,0.00,62,2,MED
72392663,Westview Mobile Estates MHC,362,209,362,0,0.00,60,0,OK
72392671,Pleasant Acres,16131,296,328,0,0.00,30,0,OK
72392689,East Barre MHP,362,209,333,0,0.00,60,0,OK
72392713,Ontario Place MHC,16185,314,327,3,0.00,68,2,HIGH
72392721,Ponderosa MHC,17037,344,362,3,0.02,62,0,HIGH
72392739,Chickadee Lane MHC,16185,314,361,1,0.00,60,0,MED
72392770,Stafford MHC,16131,296,362,1,0.00,39,0,MED
72392796,Holly Tree MHP,16185,314,333,1,0.00,59,2,MED
72392804,Kingsbrook MHC,16131,296,361,0,0.00,30,0,OK
72392820,Parkway MHC,16022,260,363,0,0.00,30,0,OK
72392838,Kay Bee Mobile Villa MHP,16131,296,361,2,0.00,64,0,MED
72392846,Roosevelt MHC,16131,296,361,0,0.00,30,0,OK
72392861,Paradise Village Cooperative MHC,15154,260,333,0,0.00,30,0,OK
72392879,Virginia Beach,17037,344,335,1,0.23,69,0,MED
72392887,Stafford MHC,363,219,363,0,0.00,62,0,OK
72392929,Parkview MHP,17037,344,361,1,0.04,46,0,MED
72392937,Dorr Drive MHP,16185,314,361,1,0.00,55,2,MED
72392945,Stafford MHC,363,219,363,0,0.00,60,0,OK
72392960,Stafford MHC,363,219,362,0,0.00,60,0,OK
72392978,Virginia Beach,17037,344,335,1,0.17,70,0,MED
72392986,Crystal Acres MHC,17032,344,314,1,0.03,63,0,MED
72393000,Canada,362,209,363,0,0.00,60,0,OK
72393018,Stafford MHC,17037,344,363,1,0.01,283,0,MED
72393026,Westview Mobile Estates MHC,16185,314,362,1,0.00,57,2,MED
72393034,Stafford MHC,16131,296,363,0,0.00,29,0,OK
72393042,Virginia Beach,17037,344,335,1,0.27,71,0,MED
72393059,Country Squire MHC,16185,314,361,0,0.00,60,0,OK
72713763,Noble Estates MHC,16131,296,188,0,0.00,30,0,OK
72713771,Estancia MHP,15147,256,195,0,0.00,30,0,OK
72713805,Needham MHP,16185,314,259,1,0.00,56,2,MED
72713821,Eastwood Hills MHC,362,209,274,0,0.00,60,0,OK
72713839,Estancia MHP,16022,260,195,0,0.00,30,0,OK
72713847,Eastwood Hills MHC,362,209,274,0,0.00,60,0,OK
72713854,Tuttle Estates MHC,16130,296,188,0,0.00,29,0,OK
72713862,Eastwood Hills MHC,16131,296,274,0,0.00,30,0,OK
72713896,CJ,362,209,185,0,0.00,59,0,OK
72713904,Eastwood Hills MHC,362,209,280,0,0.00,61,0,OK
72713912,Shelby's Trailer Park,16131,296,224,0,0.00,30,0,OK
72713920,Spruce Valley Condominiums,16185,314,279,1,0.02,60,0,MED
72714001,Wildwood Village MHC,16185,314,279,1,0.00,58,2,MED
72714019,Hillview MHC,17037,344,239,1,0.06,106,0,MED
72714035,Eastwood Hills MHC,16185,314,274,1,0.00,60,2,MED
72714043,Kay Bee Mobile Villa MHP,16131,296,275,1,0.00,23,0,MED
72714076,Little Acres MHC,17037,344,259,1,0.04,52,0,MED
72714100,103 West Broadway,362,209,259,0,0.00,60,0,OK
72714126,Eastwood Hills MHC,16131,296,274,0,0.00,28,0,OK
72714134,Bishop 10th St Association,16185,314,279,1,0.00,60,2,MED
72714175,Azulejo,362,209,262,0,0.00,60,0,OK
72714209,Kay Bee Mobile Villa MHP,16131,296,265,0,0.00,30,0,OK
72714233,Wildwood Estates MHC,362,209,279,0,0.00,59,0,OK
72714241,Eastwood Hills MHC,362,209,274,0,0.00,59,0,OK
72714258,Kay Bee Mobile Villa MHP,16131,296,280,0,0.00,41,0,OK
72714266,Kay Bee Mobile Villa MHP,16131,296,280,0,0.00,32,0,OK
72714274,Oaklawn Park HOA,16185,314,188,1,0.02,49,2,MED
72714282,Eastwood Hills MHC,16185,314,274,1,0.06,64,0,MED
72714290,Kingsbrook MHC,16131,296,274,0,0.00,27,0,OK
72714308,Eastwood Hills MHC,362,209,274,0,0.00,60,0,OK
72714324,Kachina,362,0,259,2,0.49,81,0,MED
72714332,Wildwood Village MHC,362,209,279,0,0.00,60,0,OK
72714340,Eastwood Hills MHC,362,209,279,0,0.00,60,0,OK
72714373,Eastwood Hills MHC,362,209,280,0,0.00,60,0,OK
72714381,Eastwood Hills MHC,362,209,277,0,0.00,59,0,OK
72714399,Kay Bee Mobile Villa MHP,16131,296,265,0,0.00,30,0,OK
72714415,Estancia MHP,17037,344,195,1,0.01,233,0,MED
72714423,GenII Water Flow,17037,344,250,14,0.17,775,0,HIGH
72714464,Azulejo,362,209,255,0,0.00,60,0,OK
72714498,Noble Estates MHC,17037,344,188,2,0.03,64,0,MED
72714506,Alta Vista MHC,363,219,274,1,0.00,59,0,MED
72714522,Hillview MHC,16185,314,239,3,0.00,49,2,HIGH
72714530,Riverview Apartments MF,17037,344,275,1,0.02,62,0,MED
72714548,Eastwood Hills MHC,362,209,280,0,0.00,60,0,OK
72714563,Oak Grove MHC,16131,296,262,0,0.00,38,0,OK
72714597,Riverview Apartments MF,17037,344,275,1,0.08,25,0,MED
72714605,Eastwood Hills MHC,16185,314,274,12,0.00,57,2,HIGH
72714613,Kingsbrook MHC,16131,296,274,0,0.00,30,0,OK
72714639,Azulejo,362,209,255,0,0.00,60,0,OK
72714647,Paradise Village Cooperative MHC,15154,260,280,0,0.00,30,0,OK
72714654,Lake of the Pines Community Association,16022,260,216,0,0.00,90,0,OK
72714662,Patrick 5YR,362,209,275,0,0.00,59,0,OK
72714704,Piney Park,17037,344,259,1,0.02,54,0,MED
72714720,Eastwood Hills MHC,17037,344,280,1,0.06,66,0,MED
72714738,Kingsbrook MHC,16128,295,274,0,0.00,29,0,OK
72714746,Roper Center Commercial Bldg,15090,254,250,0,0.00,30,0,OK
72714753,Kingsbrook MHC,16131,296,274,0,0.00,29,0,OK
72714779,Roosevelt MHC,16022,260,188,0,0.00,30,28,OK
72714803,Oaklawn Park HOA,16185,314,188,1,0.02,49,2,MED
72714829,Estancia MHP,16185,314,195,1,0.00,60,2,MED
72714878,Maple Run MHC,362,209,277,0,0.00,64,0,OK
72714910,Roosevelt MHC,16131,296,202,0,0.00,30,0,OK
72714928,Big Country Mobile Home & RV Park,16130,296,188,0,0.00,30,0,OK
72714936,Tuttle Estates MHC,17037,344,188,2,0.02,62,0,MED
72714944,Freedom MHP,363,219,262,0,0.00,60,0,OK
72714951,Wildwood Estates MHC,16185,314,279,3,0.00,59,2,HIGH
72714969,Parker MHC,16185,314,280,1,0.00,66,2,MED
72714977,Kay Bee Mobile Villa MHP,16131,296,265,0,0.00,26,0,OK
72714985,Riverview Apartments MF,17037,344,275,2,0.02,61,0,MED
72715008,Eastwood Hills MHC,16131,296,280,0,0.00,30,0,OK
72715032,Lake of the Pines Community Association,16022,260,216,0,0.00,6,0,OK
72715040,Riverview Apartments MF,17037,344,275,1,0.08,25,0,MED
72715057,Spruce Valley Condominiums,16185,314,279,1,0.00,57,2,MED
72715065,Azulejo,362,209,259,0,0.00,59,0,OK
72715081,Eastwood Hills MHC,362,209,280,0,0.00,59,0,OK
72715099,Eastwood Hills MHC,362,209,277,0,0.00,57,0,OK
72715107,Backwater MHC,17032,344,259,0,0.76,101,0,HIGH
72715115,Eastwood Hills MHC,16185,314,280,2,0.00,61,2,MED
72715131,Eastwood Hills MHC,362,209,275,0,0.00,59,0,OK
72715149,Rusk MHC,17037,344,255,1,0.05,66,0,MED
72715156,Wildwood Village MHC,16185,314,279,1,0.00,59,2,MED
72715164,Roper Center Commercial Bldg,15090,254,250,0,0.00,30,0,OK
72715180,Little Acres MHC,17037,344,249,0,0.02,48,0,OK
72715214,Maple Run MHC,362,209,277,0,0.00,63,0,OK
72715222,Parker MHC,362,209,279,0,0.00,60,0,OK
72715230,Oaklawn Park HOA,15090,254,188,0,0.00,30,0,OK
72715289,Azulejo,362,209,255,0,0.00,59,0,OK
72715305,Oak Grove MHC,362,209,259,0,0.00,63,0,OK
72715313,Eastwood Hills MHC,362,209,277,0,0.00,61,0,OK
72715321,Parkview MHP,16185,314,255,1,0.00,60,2,MED
72715354,Bishop 10th St Association,16185,314,279,1,0.00,60,2,MED
72715388,521 Melba Condominiums,16185,314,279,1,0.00,56,2,MED
72715396,Azulejo,16131,296,255,0,0.00,30,0,OK
72715412,Kay Bee Mobile Villa MHP,16131,296,265,0,0.00,30,0,OK
72715453,Backwater MHC,17032,344,277,1,0.65,68,0,HIGH
72715461,Big Country Mobile Home & RV Park,16130,296,188,1,0.00,30,0,MED
72715479,Parker MHC,16185,314,280,1,0.03,60,2,MED
72715495,Bishop 10th St Association,16185,314,279,1,0.00,58,2,MED
72715503,Eastwood Hills MHC,362,209,274,0,0.00,54,0,OK
72715511,Parker MHC,16185,314,279,1,0.00,109,2,MED
72715529,North Ewing Townhomes,16185,314,279,1,0.00,60,2,MED
72715537,Azulejo,362,209,255,0,0.00,60,0,OK
72715578,Alta Vista MHC,363,219,274,1,0.00,59,0,MED
72715586,Eastwood Hills MHC,362,209,277,0,0.00,58,0,OK
72715628,Roosevelt MHC,16131,296,276,0,0.00,30,0,OK
72715669,Wildwood Estates MHC,16185,314,280,1,0.00,62,2,MED
72715677,Kay Bee Mobile Villa MHP,16131,296,265,0,0.00,31,0,OK
72715685,Kingsbrook MHC,16131,296,274,0,0.00,29,0,OK
72715701,Eastwood Hills MHC,16022,260,279,0,0.00,30,0,OK
72715727,Azulejo,362,209,259,0,0.00,60,0,OK
72715750,Paradise Village Cooperative MHC,15154,260,265,0,0.00,30,0,OK
72715776,Wildwood Village MHC,17037,344,279,1,0.00,322,0,MED
72715784,Estancia MHP,17037,344,195,1,0.03,61,0,MED
72715792,Hillview MHC,16131,296,259,1,0.03,34,0,MED
72715818,521 Melba Condominiums,16185,314,279,1,0.00,60,2,MED
72715826,Eastwood Hills MHC,362,209,274,0,0.00,60,0,OK
72715834,North Ewing Townhomes,16185,314,279,1,0.00,60,2,MED
72715859,Kay Bee Mobile Villa MHP,16131,296,276,1,0.00,30,0,MED
72715875,Rusk MHC,17037,344,255,1,0.09,68,0,MED
72715883,Estancia MHP,15147,256,274,0,0.00,37,0,OK
72715891,Wildwood Estates MHC,362,209,279,0,0.00,59,42,OK
72715909,Hillview MHC,16185,314,259,2,0.03,60,2,MED
72715933,Wildwood Village MHC,16185,314,279,1,0.00,58,2,MED
72715941,Azulejo,362,209,262,0,0.00,60,0,OK
72715974,Kay Bee Mobile Villa MHP,16131,296,280,0,0.00,30,0,OK
72715982,Eastwood Hills MHC,362,209,280,0,0.00,60,0,OK
72715990,Backwater MHC,17032,344,259,1,0.03,63,0,MED
72716014,Riverview Apartments MF,17037,344,275,1,0.04,48,0,MED
72716022,Rusk MHC,17037,344,255,2,0.03,63,0,MED
72716030,Kay Bee Mobile Villa MHP,16131,296,276,1,0.00,27,0,MED
72716055,Spruce Valley Condominiums,16185,314,279,1,0.00,60,2,MED
72716089,Piney Park,17037,344,259,1,0.01,167,0,MED
72716097,Maple Run MHC,362,209,277,0,0.00,58,0,OK
72716105,Kingsbrook MHC,16131,296,274,0,0.00,30,0,OK
72716113,Riverview Apartments MF,17037,344,275,1,0.04,46,0,MED
72716121,Hillview MHC,17037,344,239,3,0.09,56,0,HIGH
72716139,Spruce Valley Condominiums,16185,314,279,1,0.00,58,0,MED
72716147,521 Melba Condominiums,16185,314,279,1,0.00,60,2,MED
72716154,Oak Grove MHC,16131,296,255,0,0.00,30,0,OK
72716162,Terrace on the Greens,362,209,276,0,0.00,60,0,OK
72716170,Crystal Acres MHC,17032,344,259,0,0.61,90,0,HIGH
72716196,Spruce Valley Condominiums,16185,314,279,1,0.00,59,2,MED
72716204,Roosevelt MHC,16131,296,277,0,0.00,30,0,OK
72716220,Oak Tree MHP,16131,296,280,0,0.00,30,0,OK
72716238,Spruce Valley Condominiums,16185,314,279,1,0.00,59,2,MED
72716246,Oaklawn Park HOA,15090,254,280,0,0.00,30,0,OK
72716253,Riverview Apartments MF,17037,344,275,1,0.04,48,0,MED
72716261,Alta Vista MHC,16185,314,274,2,0.00,68,2,MED
72716279,Kingsbrook MHC,16131,296,274,0,0.00,29,0,OK
72716295,8 OnElaine,16185,314,276,2,0.00,60,2,MED
72716303,Maple Run MHC,362,209,277,0,0.00,60,0,OK
72716311,Kay Bee Mobile Villa MHP,16131,296,275,0,0.00,30,0,OK
72716329,Eastwood Hills MHC,362,209,280,0,0.00,60,0,OK
72716337,Riverview Apartments MF,17037,344,275,1,0.23,31,0,MED
72716352,Eastwood Hills MHC,16185,314,274,1,0.00,59,2,MED
72716386,Maple Run MHC,362,209,277,0,0.00,59,0,OK
72716402,Westmoreland,15154,260,276,1,0.00,30,0,MED
72716410,Needham MHP,362,209,259,0,0.00,59,0,OK
72716436,Eastwood Hills MHC,16185,314,279,1,0.00,60,2,MED
72716444,Piney Park,16185,314,259,1,0.00,58,2,MED
72716469,Hillview MHC,16185,314,239,1,0.00,60,2,MED
72716501,Rusk MHC,17037,344,277,2,0.76,92,0,HIGH
72716519,Riverview Apartments MF,17037,344,275,1,0.30,33,0,MED
72716527,Eastwood Hills MHC,362,209,280,0,0.00,60,0,OK
72716535,Eastwood Hills MHC,16131,296,280,0,0.00,32,0,OK
72716568,Wildwood Estates MHC,362,209,279,0,0.00,60,0,OK
72716576,Azulejo,16131,296,259,0,0.00,30,0,OK
72716592,Kay Bee Mobile Villa MHP,16131,296,276,1,0.00,30,0,MED
72716618,Eastwood Hills MHC,362,209,279,0,0.00,59,0,OK
72716634,Kachina,362,209,262,0,0.00,57,0,OK
72716667,Eastwood Hills MHC,362,209,274,0,0.00,60,0,OK
72716683,Bishop 10th St Association,16185,314,279,1,0.00,58,2,MED
72716691,Kingsbrook MHC,16131,296,274,0,0.00,29,0,OK
72716725,Eastwood Hills MHC,362,209,279,0,0.00,60,0,OK
72716733,Ponderosa MHC,17037,344,277,1,0.02,54,0,MED
72716741,Azulejo,362,209,259,0,0.00,60,0,OK
72716758,Sunview MHP,17037,344,277,0,0.92,163,0,HIGH
72716816,Kay Bee Mobile Villa MHP,16131,296,265,1,0.06,31,0,MED
72716824,Parker MHC,16185,314,279,1,0.00,92,2,MED
72716840,Bishop 10th St Association,16185,314,279,1,0.00,57,2,MED
72716857,Wildwood Village MHC,16185,314,279,1,0.00,58,2,MED
72716873,Eastwood Hills MHC,362,209,279,0,0.00,67,0,OK
72716907,Kay Bee Mobile Villa MHP,16131,296,265,0,0.00,30,0,OK
72716915,Freedom MHP,363,219,262,0,0.00,60,0,OK
72716923,Oak Tree MHP,16193,320,280,1,0.02,64,0,MED
72716931,Mill Creek Estates,363,219,188,0,0.00,58,0,OK
72716949,Eastwood Hills MHC,362,209,280,0,0.00,58,0,OK
72716956,Crystal Acres MHC,17032,344,259,0,0.08,24,0,OK
72716972,Eastwood Hills MHC,16185,314,280,1,0.00,54,2,MED
72716980,Eastwood Hills MHC,362,209,274,0,0.00,60,0,OK
72717004,Eastwood Hills MHC,16185,314,279,1,0.00,60,2,MED
72717012,Kay Bee Mobile Villa MHP,16131,296,280,0,0.00,29,0,OK
72717020,Backwater MHC,17032,344,259,1,0.78,82,0,HIGH
72717038,Eastwood Hills MHC,16185,314,277,1,0.02,115,2,MED
72717046,Kay Bee Mobile Villa MHP,16131,296,265,0,0.00,29,0,OK
72717053,Azulejo,362,209,255,0,0.00,59,0,OK
72717087,Wildwood Estates MHC,16185,314,279,1,0.00,60,2,MED
72717095,Crystal Acres MHC,17032,344,262,1,0.54,63,0,HIGH
72717129,Pace East,16131,296,259,1,0.00,137,0,MED
72717137,Azulejo,362,209,255,0,0.00,60,0,OK
72717145,Piney Park,16185,314,259,1,0.00,59,2,MED
72717160,Wildwood Village MHC,16185,314,279,1,0.00,58,2,MED
72717178,Azulejo,362,209,255,0,0.00,60,0,OK
72717186,Kachina,16131,296,262,0,0.00,30,0,OK
72717202,Estancia MHP,15147,256,274,0,0.00,30,0,OK
72717210,Freedom MHP,363,219,262,0,0.00,60,0,OK
72717228,Stafford MHC,16185,314,280,2,0.00,182,2,MED
72717236,Oak Tree MHP,16131,296,280,0,0.00,30,0,OK
72717244,Bishop 10th St Association,16185,314,279,1,0.00,60,2,MED
72717251,Spruce Valley Condominiums,16185,314,279,1,0.00,65,0,MED
72717269,Eastwood Hills MHC,16185,314,280,1,0.00,106,2,MED
72717285,North Ewing Townhomes,16185,314,279,1,0.00,60,2,MED
72717293,Wildwood Estates MHC,16185,314,280,1,0.00,56,2,MED
72717319,Kay Bee Mobile Villa MHP,16131,296,265,0,0.00,33,0,OK
72717327,Paradise Village Cooperative MHC,15154,260,265,0,0.00,30,0,OK
72717350,Azulejo,16131,296,259,0,0.00,30,0,OK
72717376,Needham MHP,362,209,255,0,0.00,60,0,OK
72717384,Spruce Valley Condominiums,16185,314,279,1,0.00,58,2,MED
72717392,Piney Park,16185,314,259,1,0.00,59,2,MED
72717418,Estancia MHP,15147,256,195,0,0.00,29,0,OK
72717434,North Ewing Townhomes,16185,314,279,1,0.33,60,2,MED
72717467,Wildwood Estates MHC,16185,314,279,1,0.00,58,2,MED
72717475,North Ewing Townhomes,16185,314,279,1,0.00,59,2,MED
72717483,Azulejo,362,209,255,0,0.00,60,0,OK
72717491,Needham MHP,362,209,255,0,0.00,60,0,OK
72717509,Eastwood Hills MHC,362,209,280,0,0.00,59,0,OK
72717517,Eastwood Hills MHC,362,209,274,0,0.00,59,0,OK
72717525,Needham MHP,362,209,255,0,0.00,63,0,OK
72717533,Crystal Acres MHC,17037,344,259,1,0.03,101,0,MED
72717541,Eastwood Hills MHC,362,209,280,0,0.00,60,0,OK
72717558,Parker MHC,16185,314,280,1,0.00,60,2,MED
72717566,Bishop 10th St Association,16185,314,279,1,0.00,60,2,MED
72717590,Parker MHC,16131,296,279,1,0.00,15,0,MED
72717608,Patrick 5YR,16193,320,276,1,0.02,152,0,MED
72717624,Kay Bee Mobile Villa MHP,16131,296,276,1,0.00,30,0,MED
72717640,Kay Bee Mobile Villa MHP,16131,296,265,0,0.00,30,0,OK
72717657,Oak Grove MHC,362,209,259,0,0.00,61,0,OK
72717665,Kay Bee Mobile Villa MHP,16131,296,280,0,0.00,30,0,OK
72717673,Eastwood Hills MHC,362,209,279,0,0.00,60,0,OK
72717681,Eastwood Hills MHC,16185,314,280,1,0.00,60,2,MED
72717707,Spruce Valley Condominiums,16185,314,279,1,0.00,60,0,MED
72717723,Wildwood Estates MHC,16185,314,280,1,0.00,58,2,MED
72717749,Bishop 10th St Association,16185,314,279,1,0.00,60,2,MED
72717756,Oaklawn Park HOA,15090,254,188,0,0.00,30,0,OK
72717772,Tuttle Estates MHC,17037,344,188,2,0.02,59,0,MED
72717780,Wildwood Estates MHC,16185,314,279,1,0.00,60,2,MED
72717806,Freedom MHP,16022,260,262,0,0.00,30,0,OK
72717814,Pace East,16131,296,220,0,0.00,107,0,OK
72717822,Azulejo,362,209,259,0,0.00,56,0,OK
72717848,Roper Center Commercial Bldg,15090,254,250,0,0.00,29,0,OK
72717855,Relix Ridge,362,209,279,0,0.00,60,0,OK
72717897,Azulejo,17037,344,255,1,0.03,63,0,MED
72717905,North Ewing Townhomes,16185,314,279,1,0.00,60,2,MED
72717947,Wildwood Estates MHC,17037,344,279,2,0.07,28,0,MED
72717988,Azulejo,16131,296,259,0,0.00,29,0,OK
72717996,Eastwood Hills MHC,362,209,274,0,0.00,60,0,OK
72718002,Maple Run MHC,362,209,277,0,0.00,57,0,OK
72718010,Kingsbrook MHC,16022,260,274,1,0.00,30,1,MED
72718036,Highlands MHC,362,209,206,0,0.00,32,0,OK
72718044,Backwater MHC,17032,344,255,0,0.62,68,174,HIGH
72718051,Spruce Valley Condominiums,16185,314,279,1,0.00,60,2,MED
72718069,Needham MHP,362,209,255,0,0.00,59,0,OK
72718077,Lantana Trail,16185,314,276,2,0.00,60,2,MED
72718085,Kingsbrook MHC,16185,314,274,1,0.02,51,2,MED
72718093,Eastwood Hills MHC,16131,296,274,0,0.00,30,0,OK
72718101,Wildwood Estates MHC,17037,344,280,1,0.04,53,0,MED
72718135,Eastwood Hills MHC,16185,314,274,1,0.00,60,2,MED
72718150,Kachina,16131,296,262,0,0.00,30,0,OK
72718176,Spruce Valley Condominiums,16185,314,279,1,0.00,59,0,MED
72718200,Freedom MHP,363,219,262,0,0.00,29,0,OK
72718226,Spruce Valley Condominiums,16185,314,279,1,0.00,59,0,MED
72718234,Crystal Acres MHC,17032,344,255,0,0.64,74,0,HIGH
72718259,Kay Bee Mobile Villa MHP,16131,296,276,1,0.00,30,0,MED
72718267,Maple Run MHC,362,209,277,0,0.00,58,0,OK
72718275,Oak Grove MHC,362,209,259,0,0.00,60,0,OK
72718283,Eastwood Hills MHC,362,209,280,0,0.00,61,0,OK
72718291,Azulejo,362,209,259,0,0.00,60,0,OK
72718309,North Ewing Townhomes,16185,314,279,1,0.00,66,2,MED
72718317,Little Acres MHC,17037,344,249,1,0.04,51,0,MED
72718325,Wildwood Estates MHC,16185,314,279,1,0.00,52,2,MED
72718333,Green Acres MHC,16022,260,259,0,0.00,30,0,OK
72718341,Ponderosa MHC,17037,344,259,1,0.11,66,0,MED
72718366,Spruce Valley Condominiums,16185,314,279,1,0.00,60,2,MED
72718374,Wildwood Village MHC,16185,314,279,1,0.00,54,2,MED
72718408,Spruce Valley Condominiums,16185,314,279,1,0.00,59,2,MED
72718424,Bishop 10th St Association,16185,314,279,1,0.00,60,2,MED
72718432,Eastwood Hills MHC,362,209,277,0,0.00,56,0,OK
72718440,Eastwood Hills MHC,16185,314,279,1,0.00,58,2,MED
72718457,Kay Bee Mobile Villa MHP,16131,296,276,1,0.00,29,0,MED
72718481,Kay Bee Mobile Villa MHP,16131,296,275,1,0.00,30,0,MED
72718507,Bishop 10th St Association,16185,314,279,1,0.00,64,2,MED
72718515,8 OnElaine,16131,296,255,0,0.00,30,0,OK
72718531,Kay Bee Mobile Villa MHP,16131,296,280,0,0.00,36,0,OK
72718549,GenII Water Flow,17037,344,249,15,0.09,1422,0,HIGH
72718564,Wildwood Estates MHC,16185,314,279,1,0.00,60,2,MED
72718580,Riverview Apartments MF,17037,344,275,1,0.02,62,0,MED
72718598,Westmoreland,15154,260,255,0,0.00,30,0,OK
72718606,Azulejo,362,0,255,1,1.00,120,0,HIGH
72718630,Oak Grove MHC,362,209,255,0,0.00,60,0,OK
72718655,Parker MHC,362,209,279,0,0.00,60,0,OK
72718663,Eastwood Hills MHC,362,209,274,0,0.00,60,0,OK
72718671,Little Acres MHC,17037,344,249,1,0.06,54,0,MED
72718689,Riverview Apartments MF,17037,344,275,1,0.04,46,0,MED
72718721,Riverview Apartments MF,17037,344,275,1,0.02,60,0,MED
72718739,Wildwood Estates MHC,16185,314,279,1,0.00,60,2,MED
72718762,Wildwood Estates MHC,362,209,279,0,0.00,39,0,OK
72718770,103 West Broadway,362,209,259,0,0.00,59,0,OK
72718788,Oak Grove MHC,16131,296,255,0,0.00,30,0,OK
72718796,Eastwood Hills MHC,16022,260,280,0,0.00,30,1,OK
72718804,Wildwood Estates MHC,362,209,279,0,0.00,61,0,OK
72718812,Little Acres MHC,17037,344,249,1,0.06,52,0,MED
72718820,Needham MHP,362,209,262,0,0.00,59,0,OK
72718853,Eastwood Hills MHC,16131,296,280,0,0.00,30,0,OK
72718861,Parker MHC,362,209,279,0,0.00,60,0,OK
72718879,Paradise Village Cooperative MHC,15154,260,265,0,0.00,29,0,OK
72718887,103 West Broadway,362,209,259,0,0.00,60,0,OK
72718903,Wildwood Estates MHC,16185,314,280,1,0.00,58,2,MED
72718911,Wildwood Estates MHC,16185,314,280,1,0.00,60,2,MED
72718937,Coleman Village MHC,16185,314,279,1,0.00,60,2,MED
72718960,Parker MHC,16185,314,279,1,0.04,57,2,MED
72718978,Highlands MHC,16185,314,206,1,0.00,95,2,MED
72719018,Kay Bee Mobile Villa MHP,16131,296,265,0,0.00,29,0,OK
72719026,Eastwood Hills MHC,362,209,279,0,0.00,60,0,OK
72719042,Holly Tree MHP,16185,314,259,2,0.00,58,0,MED
72719067,Spruce Valley Condominiums,16185,314,279,1,0.00,58,0,MED
72719075,Azulejo,362,209,255,0,0.00,60,0,OK
72719083,Eastwood Hills MHC,362,209,275,0,0.00,61,0,OK
72719117,Noble Estates MHC,17037,344,188,1,0.00,304,0,MED
72719125,Kay Bee Mobile Villa MHP,16185,314,265,1,0.02,51,2,MED
72719133,Kay Bee Mobile Villa MHP,16131,296,275,1,0.00,30,0,MED
72719141,Freedom MHP,16131,296,262,0,0.00,30,0,OK
72719158,Forest at Sherman MHC,362,209,279,0,0.00,59,0,OK
72719174,Kay Bee Mobile Villa MHP,16185,314,275,1,0.02,43,2,MED
72719182,Stafford MHC,363,219,280,0,0.00,59,0,OK
72719208,Oaklawn Park HOA,16185,314,188,1,0.02,43,2,MED
72719216,Riverview Apartments MF,17037,344,275,1,0.02,61,0,MED
72719224,Parker MHC,16185,314,280,2,0.00,60,2,MED
72719232,Parker MHC,16185,314,280,1,0.00,60,2,MED
72719240,Kay Bee Mobile Villa MHP,16131,296,280,1,0.00,26,0,MED
72719265,Eastwood Hills MHC,362,209,274,0,0.00,60,0,OK
72719273,Shelby's Trailer Park,16131,296,224,0,0.00,29,0,OK
72719307,Little Acres MHC,17037,344,249,1,0.45,74,0,MED
72719315,Parker MHC,17037,344,279,1,0.02,64,0,MED
72719323,Wildwood Estates MHC,16185,314,279,1,0.00,63,2,MED
72719356,Roosevelt MHC,17037,344,188,1,0.01,85,0,MED
72719364,Estancia MHP,15147,256,195,0,0.00,28,0,OK
72719398,Estancia MHP,15147,256,195,0,0.00,31,0,OK
72719414,Big Country Mobile Home & RV Park,16130,296,188,0,0.00,30,0,OK
72719422,Estancia MHP,16022,260,195,0,0.00,30,0,OK
72719430,Rusk MHC,17037,344,255,1,0.05,64,0,MED
72719448,Freedom MHP,363,219,262,0,0.00,60,0,OK
72719455,Parker MHC,362,209,280,0,0.00,60,0,OK
72719471,Stafford MHC,363,219,274,1,0.00,58,0,MED
72719489,Highlands MHC,16185,314,208,1,0.00,119,2,MED
72719497,Shelby's Trailer Park,16131,296,224,0,0.00,41,0,OK
72719505,Ponderosa MHC,17037,344,259,3,0.02,60,0,HIGH
72719513,Kay Bee Mobile Villa MHP,16131,296,275,1,0.00,30,0,MED
72719539,Highlands MHC,16185,314,206,1,0.00,126,2,MED
72719554,Big Country Mobile Home & RV Park,17037,344,188,1,0.03,63,0,MED
72719570,Eastwood Hills MHC,362,209,274,0,0.00,31,0,OK
72719588,Backwater MHC,17032,344,259,1,0.03,63,0,MED
72719620,Rusk MHC,17037,344,206,1,0.67,57,0,HIGH
72719638,Parker MHC,362,209,274,0,0.00,60,0,OK
72719646,Hillview MHC,16131,296,239,2,0.00,28,0,MED
72719661,Oaklawn Park HOA,15090,254,188,0,0.00,30,0,OK
72719679,Tuttle Estates MHC,17037,344,188,1,0.03,58,0,MED
72719687,Virginia Beach,17037,344,249,1,0.21,72,0,MED
72719695,Big Country Mobile Home & RV Park,17037,344,188,1,0.01,206,0,MED
72719711,Parker MHC,16185,314,279,1,0.00,60,2,MED
72719729,Riverview Apartments MF,17037,344,275,0,0.03,60,0,OK
72719760,Rusk MHC,17037,344,255,1,0.02,62,0,MED
72719778,Wildwood Estates MHC,16185,314,279,1,0.00,60,2,MED
72719786,Eastwood Hills MHC,362,209,279,0,0.00,60,0,OK
72719794,North Ewing Townhomes,16185,314,279,1,0.00,58,2,MED
72719802,Kay Bee Mobile Villa MHP,16131,296,275,1,0.00,30,0,MED
72719810,Wildwood Estates MHC,16185,314,280,1,0.00,60,2,MED
72719828,Riverview Apartments MF,17037,344,275,1,0.67,27,0,HIGH
72719844,Parker MHC,16185,314,279,1,0.00,60,2,MED
72719851,Piney Park,16185,314,255,1,0.00,58,2,MED
72719869,Spruce Valley Condominiums,16185,314,279,1,0.00,58,0,MED
72719885,Kay Bee Mobile Villa MHP,16131,296,275,1,0.00,30,0,MED
72719927,Kay Bee Mobile Villa MHP,16185,314,276,2,0.40,58,2,MED
72719943,Wildwood Village MHC,16185,314,279,1,0.00,58,2,MED
72719950,Oaklawn Park HOA,15090,254,188,0,0.00,30,0,OK
72719968,Azulejo,362,209,255,0,0.00,60,0,OK
72719976,Kay Bee Mobile Villa MHP,16131,296,265,0,0.00,30,0,OK
72720008,Freedom MHP,363,219,262,0,0.00,60,0,OK
72720016,Hillview MHC,16131,296,239,0,0.00,29,0,OK
72720024,Eastwood Hills MHC,362,209,280,0,0.00,31,0,OK
72720032,Noble Estates MHC,17032,344,250,3,0.03,40,0,HIGH
72720040,Eastwood Hills MHC,16185,314,274,1,0.00,58,2,MED
72720057,Kingsbrook MHC,16131,296,274,0,0.00,29,0,OK
72720065,Eastwood Hills MHC,362,209,275,0,0.00,62,0,OK
72720073,Wildwood Estates MHC,16185,314,279,1,0.00,56,2,MED
72720115,Kingsbrook MHC,16131,296,274,0,0.00,29,0,OK
72720131,Ridge Crest MHC,362,209,262,0,0.00,60,0,OK
72720149,Eastwood Hills MHC,362,209,274,0,0.00,52,0,OK
72720156,Eastwood Hills MHC,362,209,274,0,0.00,60,0,OK
72720164,Oak Tree MHP,16130,296,280,0,0.00,31,0,OK
72720172,Wildwood Estates MHC,362,209,280,0,0.00,23,0,OK
72720180,Azulejo,16022,260,255,1,0.00,32,0,MED
72720206,Hillview MHC,16185,314,259,2,0.00,59,0,MED
72720222,Riverview Apartments MF,17037,344,275,1,0.02,61,0,MED
72720230,Paradise Village Cooperative MHC,15154,260,265,0,0.00,30,0,OK
72720248,Kay Bee Mobile Villa MHP,16131,296,265,0,0.00,30,0,OK
72720263,8 OnElaine,17037,344,280,5,0.02,60,0,HIGH
72720271,Kay Bee Mobile Villa MHP,16131,296,275,1,0.00,30,0,MED
72720289,Azulejo,362,209,255,0,0.00,60,0,OK
72720297,Rusk MHC,17037,344,255,1,0.05,64,0,MED
72720313,Hillview MHC,16131,296,259,0,0.00,30,0,OK
72720321,Oaklawn Park HOA,15090,254,280,0,0.00,27,0,OK
72720339,Wildwood Estates MHC,16185,314,279,1,0.00,61,2,MED
72720347,Piney Park,16185,314,259,1,0.00,61,2,MED
72720354,Eastwood Hills MHC,362,209,279,0,0.00,61,0,OK
72720404,Rusk MHC,17037,344,255,1,0.05,64,0,MED
72720412,Eastwood Hills MHC,16131,296,274,0,0.00,30,0,OK
72720420,Eastwood Hills MHC,17037,344,277,3,0.03,40,0,HIGH
72720438,Paradise Village Cooperative MHC,15154,260,265,0,0.00,30,0,OK
72720453,Eastwood Hills MHC,362,209,274,0,0.00,59,0,OK
72720461,Oaklawn Park HOA,15090,254,265,0,0.00,30,0,OK
72720479,Wildwood Estates MHC,16185,314,279,1,0.00,60,2,MED
72720495,Eastwood Hills MHC,362,209,279,0,0.00,60,0,OK
72720503,Azulejo,17037,344,255,1,0.63,63,0,HIGH
72720511,Oaklawn Park HOA,16131,296,188,0,0.00,29,0,OK
72720529,Kay Bee Mobile Villa MHP,16131,296,265,0,0.00,26,0,OK
72720552,Kay Bee Mobile Villa MHP,16131,296,275,1,0.00,31,0,MED
72720560,Eastwood Hills MHC,362,209,280,0,0.00,59,0,OK
72720578,Backwater MHC,17032,344,280,1,0.59,68,0,HIGH
72720594,Tuttle Estates MHC,16130,296,188,1,0.00,29,0,MED
72720602,Little Acres MHC,17037,344,249,1,0.04,51,0,MED
72720610,Oak Tree MHP,16131,296,280,0,0.00,31,0,OK
72720628,Kachina,16131,296,262,0,0.00,30,0,OK
72720636,Kay Bee Mobile Villa MHP,16131,296,265,0,0.00,29,0,OK
72720677,Riverview Apartments MF,17037,344,275,1,0.18,33,0,MED
72720685,Eastwood Hills MHC,16185,314,279,1,0.00,60,2,MED
72720719,Forest at Sherman MHC,16131,296,279,0,0.00,28,0,OK
72720727,Spruce Valley Condominiums,16185,314,279,1,0.00,59,2,MED
72720735,Kay Bee Mobile Villa MHP,16131,296,280,0,0.00,29,0,OK
72720743,Azulejo,362,209,259,0,0.00,60,0,OK
72720750,Estancia MHP,15147,256,195,0,0.00,30,0,OK
72720784,Kay Bee Mobile Villa MHP,16131,296,280,0,0.00,36,0,OK
72720826,Eastwood Hills MHC,362,209,279,0,0.00,66,0,OK
72720834,Kay Bee Mobile Villa MHP,16131,296,280,0,0.00,30,0,OK
72720842,Roosevelt MHC,16185,314,188,0,0.00,57,2,OK
72720875,Kingsbrook MHC,16131,296,274,0,0.00,30,0,OK
72720925,Crystal Acres MHC,17032,344,255,1,0.60,75,0,HIGH
72720933,Eastwood Hills MHC,16185,314,274,1,0.00,60,2,MED
72720958,Kingsbrook MHC,16131,296,274,0,0.00,30,0,OK
72720966,Oaklawn Park HOA,15090,254,188,0,0.00,29,0,OK
72721006,Big Country Mobile Home & RV Park,16131,296,188,1,0.00,30,0,MED
72721014,Oaklawn Park HOA,15090,254,280,0,0.00,28,0,OK
72721022,Flower Mound MHC,362,209,274,1,0.00,59,0,MED
72721030,Piney Park,16185,314,259,1,0.00,55,2,MED
72721048,North Ewing Townhomes,16185,314,279,1,0.00,52,2,MED
72721089,Eastwood Hills MHC,362,209,275,0,0.00,58,0,OK
72721097,Oak Grove MHC,362,209,259,0,0.00,60,0,OK
72721105,Parker MHC,16185,314,280,1,0.00,59,2,MED
72721113,Eastwood Hills MHC,362,209,274,0,0.00,60,0,OK
72721121,Rusk MHC,17037,344,255,1,0.04,49,0,MED
72721147,Green Acres MHC,362,209,259,0,0.00,59,0,OK
72721154,Riverview Apartments MF,17037,344,275,1,0.04,48,0,MED
72721162,Parker MHC,16185,314,280,1,0.03,78,2,MED
72721170,Parker MHC,362,209,274,1,0.00,60,0,MED
72721188,Paradise Village Cooperative MHC,15154,260,265,0,0.00,28,0,OK
72721196,Eastwood Hills MHC,17037,344,280,1,0.02,58,0,MED
72721212,North Ewing Townhomes,16185,314,279,1,0.00,62,2,MED
72721220,Eastwood Hills MHC,362,209,279,0,0.00,58,0,OK
72721238,Eastwood Hills MHC,17037,344,277,1,0.05,62,0,MED
72721246,Rusk MHC,17037,344,255,1,0.05,65,0,MED
72721253,Eastwood Hills MHC,362,209,279,0,0.00,60,0,OK
72721261,Eastwood Hills MHC,362,209,279,0,0.00,60,1,OK
72721279,Kay Bee Mobile Villa MHP,16131,296,265,0,0.00,28,0,OK
72721287,Kay Bee Mobile Villa MHP,16131,296,280,0,0.00,30,0,OK
72721303,Eastwood Hills MHC,362,209,277,0,0.00,58,0,OK
72721329,Maple Run MHC,362,209,277,0,0.00,61,0,OK
72721345,Kachina,16185,314,262,1,0.00,74,2,MED
72721402,Freedom MHP,363,219,262,0,0.00,59,0,OK
72721410,Crystal Acres MHC,17032,344,255,1,0.68,78,0,HIGH
72721428,Mountaineer Village MHC,15085,254,279,0,0.00,30,2,OK
72721451,Paradise Village Cooperative MHC,15154,260,265,0,0.00,30,0,OK
72721477,Hillview MHC,16185,314,259,1,0.02,58,0,MED
72721501,Parker MHC,16185,314,280,1,0.00,60,2,MED
72721543,Wildwood Village MHC,16185,314,279,1,0.00,66,2,MED
72721550,Stafford MHC,363,219,280,0,0.00,59,0,OK
72721584,Kay Bee Mobile Villa MHP,16185,314,280,1,0.02,62,2,MED
72721600,Oak Grove MHC,362,209,259,0,0.00,60,0,OK
72721618,Eastwood Hills MHC,362,209,279,0,0.00,60,0,OK
72721626,Eastwood Hills MHC,362,209,280,0,0.00,32,0,OK
72721634,Eastwood Hills MHC,362,209,277,0,0.00,60,0,OK
72721659,Ponderosa MHC,17037,344,259,2,0.02,53,0,MED
72721675,Sunview MHP,17037,344,265,1,0.85,91,0,HIGH
72721683,Azulejo,362,209,255,0,0.00,60,0,OK
72721691,Riverview Apartments MF,17037,344,275,1,0.02,62,0,MED
72721725,Wildwood Estates MHC,16185,314,279,1,0.00,59,2,MED
72721741,Estancia MHP,16185,314,280,1,0.00,57,2,MED
72721782,Azulejo,362,209,259,0,0.00,60,0,OK
72721790,Spruce Valley Condominiums,16185,314,279,1,0.00,60,2,MED
72721816,Parker MHC,16131,296,279,1,0.00,36,0,MED
72721832,Freedom MHP,363,219,262,0,0.00,30,0,OK
72721840,Eastwood Hills MHC,16185,314,279,1,0.00,60,2,MED
72721865,Kay Bee Mobile Villa MHP,17037,344,280,1,0.03,62,0,MED
72721873,Hillview MHC,16131,296,259,0,0.00,30,0,OK
72721881,Maple Run MHC,362,209,277,0,0.00,61,0,OK
72721907,Rusk MHC,17037,344,255,1,0.05,64,0,MED
72721915,Kay Bee Mobile Villa MHP,16131,296,275,1,0.00,31,0,MED
72721931,Wildwood Estates MHC,16185,314,279,1,0.00,60,2,MED
72721949,Kay Bee Mobile Villa MHP,16131,296,265,0,0.00,28,0,OK
72721956,Kay Bee Mobile Villa MHP,16131,296,265,0,0.40,30,1,MED
72721972,521 Melba Condominiums,16185,314,279,1,0.00,60,2,MED
72722004,Kay Bee Mobile Villa MHP,16131,296,265,0,0.00,29,0,OK
72722020,Hillview MHC,16131,296,239,0,0.00,30,0,OK
72722046,Crystal Acres MHC,17032,344,262,2,0.52,58,0,HIGH
72722053,8 OnElaine,16185,314,276,2,0.00,60,2,MED
72722061,Kay Bee Mobile Villa MHP,16131,296,275,1,0.00,29,0,MED
72722079,Mountaineer Village MHC,15085,254,279,0,0.00,31,0,OK
72722111,Freedom MHP,16131,296,262,0,0.00,138,0,OK
72722145,Azulejo,362,209,259,0,0.00,59,0,OK
72722152,Virginia Beach,17037,344,280,1,0.03,216,0,MED
72722160,Oaklawn Park HOA,16185,314,280,1,0.02,49,2,MED
72722178,Wildwood Estates MHC,362,209,279,0,0.00,59,0,OK
72722186,Backwater MHC,17032,344,262,1,0.67,75,0,HIGH
72722228,Hillview MHC,16131,296,239,0,0.00,30,0,OK
72722236,Estancia MHP,17037,344,280,1,0.01,166,0,MED
72722244,Eastwood Hills MHC,362,209,279,0,0.00,58,0,OK
72722269,Kay Bee Mobile Villa MHP,16185,314,265,1,0.05,66,2,MED
72722277,Maple Run MHC,362,209,280,0,0.00,54,0,OK
72722293,Spruce Valley Condominiums,16185,314,279,1,0.00,56,2,MED
72722301,Tuttle Estates MHC,17037,344,188,1,0.03,64,0,MED
72722319,Eastwood Hills MHC,362,209,279,0,0.00,58,0,OK
72722327,Eastwood Hills MHC,16185,314,274,1,0.00,60,2,MED
72722335,Midtown MHP,15090,254,188,0,0.00,30,0,OK
72722343,Kay Bee Mobile Villa MHP,16131,296,275,0,0.00,30,0,OK
72722368,Hillview MHC,16131,296,239,0,0.00,30,0,OK
72722376,Kay Bee Mobile Villa MHP,16131,296,265,0,0.00,30,0,OK
72722384,Wildwood Village MHC,16185,314,279,1,0.00,61,2,MED
72722400,Wildwood Village MHC,362,209,279,0,0.00,60,0,OK
72722434,Hillview MHC,17037,344,239,2,0.08,62,0,MED
72722459,Spruce Valley Condominiums,16185,314,279,1,0.13,63,0,MED
72722467,Kingsbrook MHC,16131,296,274,0,0.00,30,0,OK
72722491,Oaklawn Park HOA,15090,254,188,0,0.00,30,0,OK
72722509,Wildwood Village MHC,17037,344,279,1,0.01,67,0,MED
72722517,Hillview MHC,16185,314,239,1,0.00,60,2,MED
72722525,Maple Run MHC,362,209,277,0,0.00,56,0,OK
72722558,Rusk MHC,17037,344,280,1,0.75,81,0,HIGH
72722574,Riverview Apartments MF,17037,344,275,1,0.03,64,0,MED
72722582,Little Acres MHC,17037,344,249,1,0.04,52,0,MED
72722632,Wildwood Estates MHC,362,209,280,0,0.00,60,0,OK
72722640,Maple Run MHC,362,265,277,0,1.00,118,0,HIGH
72722673,Southern Cross MHC,362,209,220,0,0.00,60,0,OK
72722699,Hillview MHC,16185,314,239,1,0.03,77,2,MED
72722707,Patrick 5YR,362,209,276,0,0.00,59,0,OK
72722723,Coleman Village MHC,16185,314,279,1,0.00,60,2,MED
72722731,Eastwood Hills MHC,16022,260,274,0,0.00,30,0,OK
72722749,Oak Tree MHP,16131,296,280,0,0.00,30,0,OK
72722756,Eastwood Hills MHC,16185,314,280,1,0.00,62,2,MED
72722764,Eastwood Hills MHC,362,209,274,0,0.00,60,0,OK
72722772,Spruce Valley Condominiums,16185,314,279,1,0.00,57,2,MED
72722798,Needham MHP,362,209,255,0,0.00,59,0,OK
72722806,Estancia MHP,15147,256,195,0,0.00,31,0,OK
72722814,Parker MHC,362,209,279,0,0.00,60,43,OK
72722822,Eastwood Hills MHC,16185,314,280,1,0.00,59,2,MED
72722848,Hillview MHC,17037,344,262,2,0.05,101,0,MED
72722855,Maple Run MHC,362,209,277,0,0.00,58,0,OK
72722863,Wildwood Village MHC,362,209,279,0,0.00,62,0,OK
72722871,Eastwood Hills MHC,362,209,274,0,0.00,59,0,OK
72722889,Eastwood Hills MHC,362,209,274,0,0.00,58,0,OK
72722897,Riverview Apartments MF,17037,344,275,0,0.21,28,0,MED
72722905,Estancia MHP,16185,314,280,1,0.00,56,2,MED
72722913,Riverview Apartments MF,17037,344,275,1,0.02,62,0,MED
72722921,Crystal Acres MHC,17032,344,259,0,0.59,70,0,HIGH
72722954,Wildwood Estates MHC,17037,344,279,1,0.01,98,0,MED
72722962,Hillview MHC,17037,344,201,1,0.23,64,0,MED
72722988,Eastwood Hills MHC,362,209,274,0,0.00,60,0,OK
72722996,Estancia MHP,17037,344,195,1,0.03,79,0,MED
72723028,Azulejo,362,209,259,0,0.00,60,0,OK
72723036,Virginia Beach,17037,344,259,1,0.11,74,0,MED
72723051,Little Acres MHC,17037,344,249,1,0.08,52,0,MED
72723069,Spruce Valley Condominiums,16185,314,279,1,0.00,62,2,MED
72723077,Backwater MHC,17032,344,277,1,0.65,69,0,HIGH
72723085,Roosevelt MHC,17037,344,186,1,0.02,61,0,MED
72723093,Parker MHC,17037,344,274,2,0.01,162,0,MED
72723101,Country Edge MHC,362,209,223,0,0.00,60,0,OK
72723119,Eastwood Hills MHC,362,209,280,0,0.00,58,0,OK
72723127,Eastwood Hills MHC,16022,260,277,1,0.00,30,0,MED
72723168,Kay Bee Mobile Villa MHP,16165,302,276,1,0.07,58,0,MED
72723192,Freedom MHP,16022,260,262,0,0.00,30,0,OK
72723218,Eastwood Hills MHC,362,209,280,0,0.00,52,0,OK
72723234,Hydetown Mobile Estates,15091,255,188,0,0.00,30,0,OK
72723267,Spruce Valley Condominiums,16185,314,279,1,0.00,59,2,MED
72723283,Crystal Acres MHC,17032,344,259,1,0.07,61,0,MED
72723291,Eastwood Hills MHC,362,209,279,0,0.00,60,0,OK
72723309,Kay Bee Mobile Villa MHP,16131,296,275,1,0.00,32,0,MED
72723325,Oak Grove MHC,362,209,259,0,0.00,60,0,OK
72723333,103 West Broadway,362,209,259,0,0.00,59,0,OK
72723341,North Ewing Townhomes,16185,314,279,1,0.00,60,2,MED
72723358,Country Edge MHC,362,209,223,0,0.00,59,0,OK
72723366,Shelby's Trailer Park,17037,344,223,1,0.31,97,0,MED
72723382,Coleman Village MHC,15154,260,201,0,0.00,30,0,OK
72723390,Wildwood Estates MHC,16185,314,279,1,0.00,59,2,MED
72723408,Country Edge MHC,16131,296,223,0,0.00,30,0,OK
72723416,Rusk MHC,17037,344,280,1,0.65,57,0,HIGH
72723440,Roosevelt MHC,16131,296,188,0,0.00,30,0,OK
72723457,Estancia MHP,16185,314,195,1,0.00,56,2,MED
72723465,Shelby's Trailer Park,16131,296,223,0,0.00,30,0,OK
72723473,Oaklawn Park HOA,15090,254,188,0,0.00,31,0,OK
72723507,Mill Creek Estates,363,219,188,0,0.00,59,0,OK
72723515,Rusk MHC,17037,344,255,1,0.05,65,0,MED
72723531,Southern Cross MHC,362,209,206,0,0.00,60,0,OK
72723549,Pleasant Acres,16131,296,188,0,0.00,28,0,OK
72723556,Estancia MHP,15147,256,195,0,0.00,37,0,OK
72723572,Oak Forest Estate MHC,17037,344,188,1,0.03,59,0,MED
72723580,Running Springs MHP,16185,314,220,1,0.00,59,0,MED
72723598,CJ,17037,344,186,1,0.20,69,0,MED
72723614,Stafford MHC,16022,260,202,0,0.00,30,0,OK
72723622,Sunview MHP,17037,344,216,1,0.92,184,0,HIGH
72723648,Oaklawn Park HOA,15090,254,188,0,0.00,30,0,OK
72723655,Estancia MHP,15147,256,195,0,0.00,30,0,OK
72723671,Oak Forest Estate MHC,17037,344,188,1,0.10,60,0,MED
72723689,Shelby's Trailer Park,16131,296,223,0,0.00,28,0,OK
72723697,Roosevelt MHC,16131,296,202,1,0.00,29,0,MED
72723705,Parker MHC,16185,314,279,2,0.00,60,2,MED
72723713,Oaklawn Park HOA,15090,254,188,0,0.00,29,0,OK
72723739,Oaklawn Park HOA,15090,254,188,0,0.00,30,0,OK
72723754,CJ,16131,296,185,0,0.00,30,0,OK
72723762,Coleman Village MHC,17037,344,201,1,0.03,66,0,MED
72723788,Coleman Village MHC,17037,344,201,1,0.02,64,0,MED
72723812,Eastwood Hills MHC,362,209,202,0,0.00,58,0,OK
72723838,Roosevelt MHC,16131,296,188,0,0.00,32,0,OK
72723887,Highlands MHC,362,209,206,0,0.00,62,0,OK
72723895,Hillview MHC,16185,314,201,2,0.00,67,2,MED
72723903,Sunview MHP,17037,344,188,1,0.88,115,0,HIGH
72723911,Big Country Mobile Home & RV Park,17037,344,188,1,0.03,68,0,MED
72723929,Roosevelt MHC,16185,314,186,0,0.00,60,2,OK
72723945,Estancia MHP,16185,314,195,1,0.00,55,2,MED
72723952,Roosevelt MHC,16131,296,188,0,0.00,30,0,OK
72723960,Country Edge MHC,362,209,223,0,0.00,59,0,OK
72723986,Oaklawn Park HOA,15090,254,188,0,0.00,28,0,OK
72723994,Tuttle Estates MHC,17037,344,188,2,0.00,18,0,MED
72724000,Estancia MHP,15147,256,195,0,0.00,29,0,OK
72724034,Parkview MHP,17037,344,165,1,0.03,64,0,MED
72724042,Riverview Apartments MF,17037,344,275,1,0.04,48,0,MED
72724075,Oak Forest Estate MHC,17037,344,188,1,0.04,68,0,MED
72724109,Estancia MHP,15147,256,195,0,0.00,27,0,OK
72724117,Estancia MHP,15147,256,195,0,0.00,29,0,OK
72724125,Estancia MHP,15147,256,195,0,0.00,29,0,OK
72724133,Big Country Mobile Home & RV Park,16131,296,188,1,0.00,30,0,MED
72724141,Southern Cross MHC,362,209,220,0,0.00,60,0,OK
72724166,Estancia MHP,15147,256,195,0,0.00,30,0,OK
72724174,Oaklawn Park HOA,15090,254,213,0,0.00,29,0,OK
72724182,Parkview MHP,16185,314,259,1,0.00,59,2,MED
72724190,Shelby's Trailer Park,16131,296,224,0,0.00,30,0,OK
72724208,Running Springs MHP,17037,344,220,1,0.08,61,0,MED
72724216,Shelby's Trailer Park,16131,296,223,0,0.00,29,0,OK
72724224,Eastwood Hills MHC,362,209,277,0,0.00,60,0,OK
72724232,Roosevelt MHC,16131,296,182,0,0.00,30,0,OK
72724240,Coleman Village MHC,16185,314,201,1,0.00,59,0,MED
72724265,Estancia MHP,15147,256,195,0,0.00,30,0,OK
72724273,Hillview MHC,17037,344,201,1,0.05,57,0,MED
72724281,Shelby's Trailer Park,16131,296,224,0,0.00,29,0,OK
72724315,Eastwood Hills MHC,362,209,279,0,0.00,60,0,OK
72724331,Piney Park,16185,314,259,1,0.00,60,2,MED
72724349,Hillview MHC,17037,344,239,0,0.08,71,0,OK
72724356,Stafford MHC,363,219,274,0,0.00,57,0,OK
72724364,Mission Apartments,16131,296,280,0,0.10,29,0,OK
72724372,Wildwood Estates MHC,16185,314,280,1,0.00,60,2,MED
72724380,Coleman Village MHC,15154,260,279,1,0.00,30,0,MED
72724398,Tuttle Estates MHC,17037,344,188,8,0.02,61,0,HIGH
72724422,Roper Center Commercial Bldg,15090,254,250,0,0.00,30,0,OK
72724430,Paradise Village Cooperative MHC,15154,260,259,0,0.00,32,0,OK
72724448,Ridge Crest MHC,362,209,262,0,0.02,60,0,OK
72724455,Piney Park,16185,314,259,1,0.00,64,2,MED
72724471,Riverview Apartments MF,17037,344,275,1,0.05,42,0,MED
72724489,Wildwood Estates MHC,16185,314,280,1,0.00,60,2,MED
72724497,Kay Bee Mobile Villa MHP,16131,296,275,1,0.00,30,0,MED
72724505,Hillview MHC,16131,296,259,0,0.00,30,0,OK
72724513,Hillview MHC,16185,314,259,1,0.00,56,2,MED
72724539,Eastwood Hills MHC,362,209,277,0,0.00,52,0,OK
73276865,Lake of the Pines Community Association,17037,344,28,2,0.88,111,0,HIGH
75360063,Ponderosa MHC,17037,344,124,1,0.02,51,0,MED
75360071,Oaklawn Park HOA,15090,254,188,0,0.00,30,0,OK
75360097,Grand Valley Estates MHC,17037,344,106,1,0.04,54,0,MED
75360105,Roosevelt MHC,16185,314,188,1,0.00,60,2,MED
75360139,Grand Valley Estates MHC,17037,344,106,1,0.12,59,0,MED
75360188,Kay Lou MHC,16131,296,66,0,0.00,30,0,OK
75360196,Roosevelt MHC,16131,296,97,0,0.00,30,0,OK
75360204,Oak Tree MHP,16130,296,89,0,0.00,31,0,OK
75360212,Heritage Apartments,16131,296,112,0,0.00,30,0,OK
75360220,Heritage Apartments,16131,296,112,0,0.00,36,0,OK
75360238,Paradise Village Cooperative MHC,15154,260,129,0,0.00,33,0,OK
75360246,Heritage Apartments,16131,296,112,0,0.00,30,0,OK
75360253,Kay Lou MHC,17037,344,66,1,0.02,62,0,MED
75360287,Estancia MHP,16185,314,112,1,0.00,60,2,MED
75360303,Ontario Place MHC,17037,344,130,1,0.01,170,0,MED
75360329,Oaklawn Park HOA,15090,254,188,0,0.00,30,0,OK
75360337,Southern Cross MHC,16185,314,216,1,0.00,59,2,MED
75360352,Roosevelt MHC,16131,296,96,3,0.17,41,0,HIGH
75360378,Kay Bee Mobile Villa MHP,16131,296,108,2,0.00,32,0,MED
75360386,Oaklawn Park HOA,15090,254,188,0,0.00,30,0,OK
75360402,Kingsbrook MHC,16131,296,105,0,0.00,11,0,OK
75360410,Noble Estates MHC,17032,344,89,1,0.01,72,0,MED
75360428,Coleman Village MHC,15154,260,201,0,0.00,30,0,OK
75360436,Estancia MHP,15147,256,195,0,0.00,33,0,OK
75360444,Oaklawn Park HOA,15090,254,188,0,0.00,30,0,OK
75360469,Oswego MHP,17037,344,74,1,0.02,62,0,MED
75360477,Haven MHP,16131,296,106,0,0.00,30,0,OK
75360485,Roosevelt MHC,16131,296,189,2,0.00,30,0,MED
75360527,Roosevelt MHC,16131,296,202,1,0.00,30,2,MED
75360535,Oak Tree MHP,16130,296,188,1,0.00,40,0,MED
75360543,Roosevelt MHC,16185,314,202,1,0.00,58,2,MED
75360550,Big Country Mobile Home & RV Park,17037,344,188,0,0.03,64,0,OK
75360568,Oaklawn Park HOA,16185,314,188,1,0.04,53,0,MED
75360576,Country Edge MHC,362,209,223,0,0.00,60,0,OK
75360592,Kay Lou MHC,16131,296,66,0,0.00,31,0,OK
75360600,Roosevelt MHC,17037,344,186,1,0.02,62,0,MED
75360618,Country Edge MHC,362,209,223,0,0.00,59,0,OK
75360626,Noble Estates MHC,16185,314,188,1,0.00,60,2,MED
75360642,Oakwood MHP,16022,260,96,0,0.00,29,0,OK
75360667,Parkway MHC,17032,344,111,1,0.02,58,2,MED
75360675,Noble Estates MHC,17032,344,188,1,0.02,62,0,MED
75360683,Brighton Court MHP,15090,254,216,0,0.00,30,0,OK
75360691,Pleasant Acres,17037,344,188,9,0.38,92,0,HIGH
75360709,Kay Bee Mobile Villa MHP,16131,296,221,0,0.00,30,0,OK
75360717,Roosevelt MHC,16131,296,189,0,0.00,30,0,OK
75360725,Stafford MHC,363,219,202,0,0.00,63,0,OK
75360733,Big Country Mobile Home & RV Park,17037,344,188,5,0.15,62,0,HIGH
75360741,Freedom MHP,363,219,203,0,0.00,60,0,OK
75360758,Roosevelt MHC,16131,296,202,0,0.00,30,0,OK
75360766,Holly Tree MHP,16185,314,123,1,0.00,63,0,MED
75360832,Stafford MHC,16185,314,105,1,0.00,68,2,MED
75360840,The O in La Marque,16185,314,82,2,0.00,59,2,MED
75360865,Noble Estates MHC,16185,314,188,1,0.00,59,2,MED
75360873,Kay Lou MHC,16131,296,66,0,0.00,30,0,OK
75360881,Oaklawn Park HOA,15090,254,188,0,0.00,30,0,OK
75360899,Broken Arrow MHP,16131,296,105,0,0.00,29,0,OK
75360915,Parkwood,16022,260,96,0,0.00,30,0,OK
75360923,Estancia MHP,15147,256,195,0,0.00,30,0,OK
75360931,Oswego MHP,16185,314,74,1,0.00,60,2,MED
75360949,Roosevelt MHC,16131,296,188,0,0.00,27,0,OK
75360964,Grand Valley Estates MHC,17037,344,106,1,0.04,54,0,MED
75360972,Broken Arrow MHP,17037,344,105,1,0.03,62,0,MED
75361012,Lakeview MHC,362,209,112,0,0.00,60,0,OK
75361020,Heritage Apartments,16131,296,112,0,0.00,30,0,OK
75361038,Parkway MHC,16130,296,111,0,0.00,31,0,OK
75361061,J&L MHP,15154,260,124,0,0.00,30,0,OK
75361079,Heritage Apartments,16131,296,112,0,0.00,30,0,OK
75361095,Shelby's Trailer Park,17037,344,224,2,0.16,63,0,MED
75361129,Highlands MHC,362,209,206,0,0.00,59,0,OK
75361145,Running Springs MHP,16185,314,216,1,0.00,57,2,MED
75361152,Kay Lou MHC,17037,344,74,1,0.05,118,0,MED
75361160,Pleasant Acres,16185,314,188,1,0.00,55,2,MED
75361194,Stafford MHC,17037,344,98,1,0.05,62,0,MED
75361202,Roosevelt MHC,16131,296,96,2,0.51,77,0,HIGH
75361210,Willapa Shores,17028,341,111,1,0.25,40,0,MED
75361228,Estancia MHP,15147,256,195,0,0.00,28,0,OK
75361236,Shelby's Trailer Park,16193,320,223,1,0.02,55,2,MED
75361244,Cactus Flower,17037,344,216,3,0.84,263,0,HIGH
75361251,Broadway MHP DesMoines,17037,344,105,1,0.03,68,0,MED
75361269,Stafford MHC,363,219,202,0,0.00,53,0,OK
75361277,Big Country Mobile Home & RV Park,17037,344,188,2,0.03,63,0,MED
75361293,Johnson's Trailer Park,17037,344,222,0,0.33,12,0,MED
75361319,Circle N Trailer Park,17037,344,188,1,0.01,78,0,MED
75361327,Oaklawn Park HOA,15090,254,188,0,0.00,30,0,OK
75361350,Estancia MHP,16185,314,195,1,0.00,60,2,MED
75361376,Midtown MHP,16185,314,188,1,0.02,47,2,MED
75361392,Grand Valley Estates MHC,17037,344,106,1,0.06,69,0,MED
75361400,Oaklawn Park HOA,15090,254,188,0,0.00,30,0,OK
75361426,Highlands MHC,16185,314,206,1,0.00,294,2,MED
75361434,Roosevelt MHC,16131,296,97,0,0.00,30,0,OK
75361442,Oaklawn Park HOA,15090,254,213,0,0.00,29,0,OK
75361459,Haven MHP,16131,296,106,0,0.00,32,0,OK
75361467,Estancia MHP,15147,256,195,0,0.00,30,0,OK
75361475,Grand Valley Estates MHC,17037,344,106,1,0.04,54,0,MED
75361491,Estancia MHP,15147,256,195,0,0.00,34,0,OK
75361509,Noble Estates MHC,17037,344,188,2,0.07,58,0,MED
75361525,Oaklawn Park HOA,16185,314,188,1,0.02,60,2,MED
75361541,Estancia MHP,16185,314,195,1,0.00,60,2,MED
75361566,Southern Cross MHC,16185,314,220,1,0.00,60,2,MED
75361574,Roosevelt MHC,17037,344,188,1,0.02,61,0,MED
75361582,Oaklawn Park HOA,16022,260,188,0,0.00,30,0,OK
75361616,Highland Terrace,16185,314,111,1,0.10,41,1,MED
75361624,Parkwood,16185,314,89,1,0.65,62,36,HIGH
75361632,Roosevelt MHC,16131,296,188,3,0.31,45,0,HIGH
75361640,Oaklawn Park HOA,15090,254,188,0,0.00,30,0,OK
75361673,Kay Bee Mobile Villa MHP,16165,302,221,0,0.00,55,0,OK
75361681,Hillview MHC,17037,344,201,1,0.09,70,0,MED
75361699,Oaklawn Park HOA,16022,260,188,0,0.00,25,0,OK
75361707,Heritage Apartments,16131,296,112,0,0.00,30,0,OK
75361715,Oswego MHP,16185,314,74,1,0.00,60,2,MED
75361723,Heritage Apartments,16131,296,112,0,0.00,30,0,OK
75361731,Noble Estates MHC,17037,344,129,1,0.05,39,0,MED
75361749,Auburn MHC,17037,344,105,1,0.03,66,0,MED
75361756,Lake Charles Duplexes,16022,260,129,0,0.00,30,0,OK
75361764,Oaklawn Park HOA,16185,314,188,1,0.02,49,2,MED
75361772,Mill Creek Estates,363,219,188,0,0.00,59,0,OK
75361780,Big Country Mobile Home & RV Park,16185,314,188,1,0.00,74,2,MED
75361814,Alta Vista MHC,16131,296,112,0,0.00,13,0,OK
75361822,Broken Arrow MHP,16131,296,105,0,0.00,30,0,OK
75361855,Highlands MHC,16185,314,206,2,0.01,125,0,MED
75361889,Estancia MHP,15147,256,195,0,0.00,30,0,OK
75361897,Big Country Mobile Home & RV Park,16131,296,188,0,0.00,30,0,OK
75361905,The O in La Marque,17037,344,82,2,0.02,62,0,MED
75361921,Broken Arrow MHP,16131,296,105,0,0.00,30,0,OK
75361947,Mill Creek Estates,363,219,188,0,0.00,59,0,OK
75361954,Roosevelt MHC,16131,296,188,1,0.00,30,0,MED
75361962,Willapa Shores,17028,341,111,1,0.23,47,0,MED
75362010,Oaklawn Park HOA,15090,254,188,0,0.00,28,0,OK
75362036,Hydetown Mobile Estates,17037,344,188,1,0.03,62,0,MED
75362044,Cactus Flower,16185,314,216,1,0.00,312,2,MED
75362051,Oakwood MHP,16022,260,96,0,0.00,60,0,OK
75362069,Mill Creek Estates,363,219,188,0,0.00,58,0,OK
75362093,Roosevelt MHC,16185,314,188,1,0.00,59,2,MED
75362101,Oaklawn Park HOA,15090,254,188,0,0.00,29,0,OK
75362119,Highlands MHC,362,209,206,0,0.00,47,0,OK
75362127,Roosevelt MHC,16185,314,189,1,0.00,62,2,MED
75362135,Roosevelt MHC,16185,314,188,1,0.00,59,2,MED
75362143,Country Edge MHC,16131,296,223,0,0.00,29,0,OK
75362150,Oaklawn Park HOA,15090,254,188,0,0.00,29,0,OK
75362168,Grand Valley Estates MHC,17037,344,108,1,0.10,60,0,MED
75362176,Oaklawn Park HOA,16185,314,124,1,0.03,39,2,MED
75362184,Holly Tree MHP,16185,314,188,1,0.00,58,0,MED
75362192,Big Country Mobile Home & RV Park,16185,314,188,2,0.00,58,2,MED
75362200,Pace East,16131,296,216,0,0.00,120,0,OK
75362226,Roosevelt MHC,16131,296,202,0,0.00,30,0,OK
75362234,Broadway MHP DesMoines,17037,344,105,1,0.05,43,0,MED
75362242,Sunview MHP,17037,344,216,2,0.65,40,0,HIGH
75362259,Oaklawn Park HOA,15090,254,188,0,0.00,30,0,OK
75362267,Shelby's Trailer Park,16131,296,223,0,0.00,30,0,OK
75362283,Big Country Mobile Home & RV Park,17037,344,188,2,0.03,78,0,MED
75362309,Oaklawn Park HOA,15090,254,188,0,0.00,29,0,OK
75362317,Running Springs MHP,16131,296,220,0,0.00,30,0,OK
75362325,Country Edge MHC,362,209,223,0,0.00,60,0,OK
75362333,Wildwood Village MHC,16185,314,195,1,0.00,61,2,MED
75362341,Oaklawn Park HOA,15090,254,188,0,0.00,29,0,OK
75362358,Grand Valley Estates MHC,17037,344,106,2,0.01,139,0,MED
75362366,Lake of the Pines Community Association,15154,260,201,0,0.00,29,0,OK
75362390,Shelby's Trailer Park,16131,296,223,0,0.00,29,0,OK
75362408,Roosevelt MHC,16185,314,188,1,0.00,60,2,MED
75362416,Southern Cross MHC,362,209,220,0,0.00,57,0,OK
75362424,Parkwood,16022,260,89,0,0.00,30,0,OK
75362457,Grand Valley Estates MHC,17037,344,106,2,0.05,56,0,MED
75362473,Fair Meadows MHC,16022,260,129,0,0.00,30,0,OK
75362481,Kay Lou MHC,16131,296,66,0,0.00,30,0,OK
75362507,Wildwood Village MHC,16185,314,195,1,0.00,68,2,MED
75362523,Paradise Village Cooperative MHC,15154,260,129,0,0.00,30,0,OK
75362531,Noble Estates MHC,17037,344,188,1,0.03,79,0,MED
75362549,Stafford MHC,16185,314,98,1,0.00,62,2,MED
75362556,Mill Creek Estates,363,219,188,0,0.00,58,0,OK
75362580,Virgina Beach,17037,344,129,2,0.10,70,0,MED
75362598,Heritage Apartments,16131,296,112,0,0.00,30,0,OK
75362614,Virginia Beach,17037,344,105,4,0.31,83,0,HIGH
75362622,Virginia Beach,17037,344,105,1,0.13,68,0,MED
75362655,Big Country Mobile Home & RV Park,17037,344,188,1,0.01,71,0,MED
75362671,Roosevelt MHC,16185,314,189,3,0.00,60,2,HIGH
75362689,Big Country Mobile Home & RV Park,16185,314,188,1,0.00,67,2,MED
75362697,The O in La Marque,17037,344,81,2,0.02,61,0,MED
75362713,Virginia Beach,17037,344,108,1,0.43,65,0,MED
75362739,Parkwood,16022,260,89,0,0.00,30,0,OK
75362747,Oswego MHP,16185,314,74,1,0.00,60,2,MED
75362754,Heritage Apartments,16131,296,112,0,0.00,30,0,OK
75362762,Fair Meadows MHC,16022,260,105,0,0.00,30,0,OK
75362788,The O in La Marque,16185,314,82,2,0.00,59,2,MED
75362804,Shelby's Trailer Park,16131,296,223,0,0.00,29,0,OK
75362812,Oaklawn Park HOA,15090,254,188,0,0.00,30,0,OK
75362820,Highlands MHC,362,209,206,0,0.00,60,0,OK
75362846,Shelby's Trailer Park,16131,296,224,0,0.00,30,0,OK
75362853,Oaklawn Park HOA,15090,254,188,0,0.00,95,0,OK
75362861,Mill Creek Estates,363,219,188,0,0.00,61,0,OK
75362879,Estancia MHP,15147,256,195,0,0.00,30,0,OK
75362887,Shady Lane MHP,17037,344,66,1,0.25,73,0,MED
75362895,Heritage Apartments,16131,296,112,0,0.00,30,0,OK
75362911,Oaklawn Park HOA,15090,254,188,0,0.00,30,0,OK
75362929,The Oaks MHC,16131,296,129,0,0.00,30,0,OK
75362952,Bob Muye 5YR,16193,320,188,1,0.00,455,2,MED
75362960,Oak Forest Estate MHC,17037,344,188,1,0.02,58,0,MED
75362994,Oaklawn Park HOA,15090,254,188,0,0.00,30,0,OK
75363034,Lakeview MHC,16185,314,105,1,0.00,60,2,MED
75363059,Oaklawn Park HOA,15090,254,188,0,0.00,29,0,OK
75363067,Oaklawn Park HOA,15090,254,213,0,0.00,30,0,OK
75363083,Grand Valley Estates MHC,17037,344,106,1,0.08,61,0,MED
75363091,Holly Tree MHP,16185,314,123,1,0.00,60,0,MED
75363109,Oaklawn Park HOA,15090,254,188,0,0.00,30,0,OK
75363117,Oaklawn Park HOA,15090,254,188,0,0.00,29,0,OK
75363125,Kay Lou MHC,16131,296,66,0,0.00,30,0,OK
75363141,Oakwood MHP,16022,260,96,0,0.00,30,0,OK
75363166,Virginia Beach,17037,344,105,1,0.48,117,0,MED
75363174,Roosevelt MHC,16185,314,188,1,0.07,60,2,MED
75363182,Pleasant Acres,16185,314,188,1,0.00,60,2,MED
75363190,Grand Valley Estates MHC,17037,344,106,1,0.13,60,0,MED
75363216,Southern Cross MHC,362,209,220,0,0.00,59,0,OK
75363224,Oaklawn Park HOA,15090,254,188,0,0.00,29,0,OK
75363232,Highlands MHC,16022,260,206,0,0.00,158,0,OK
75363281,Rustic Acres MHC,17037,344,130,1,0.03,58,0,MED
75363307,Noble Estates MHC,17032,344,188,1,0.02,55,0,MED
75363315,Oaklawn Park HOA,15090,254,188,0,0.00,29,0,OK
75363323,River Bend,17037,344,216,1,0.07,56,0,MED
75363331,Tuttle Estates MHC,16130,296,188,0,0.00,30,0,OK
75363356,Noble Estates MHC,16185,314,188,2,0.00,56,2,MED
75363364,Lakeview MHC,16185,314,195,2,0.00,66,2,MED
75363372,Roosevelt MHC,16131,296,188,0,0.00,30,0,OK
75363398,Estancia MHP,16185,314,195,1,0.00,128,2,MED
75363406,Wildwood Village MHC,16185,314,195,1,0.00,57,2,MED
75363414,Shelby's Trailer Park,16131,296,224,0,0.00,28,0,OK
75363448,Noble Estates MHC,17037,344,188,2,0.01,88,0,MED
75363489,Hydetown Mobile Estates,15091,255,216,0,0.00,30,0,OK
75363505,Pleasant Acres,17037,344,188,1,0.11,111,0,MED
75363513,Oaklawn Park HOA,15090,254,188,0,0.00,29,0,OK
75363521,Highlands MHC,362,209,206,0,0.00,61,0,OK
75363554,Oak Forest Estate MHC,17037,344,188,1,0.00,58,0,MED
75363562,Southern Cross MHC,16022,260,206,0,0.00,30,0,OK
75363588,Pleasant Acres,16131,296,188,0,0.00,30,0,OK
75363596,Big Country Mobile Home & RV Park,17037,344,188,1,0.03,64,0,MED
75363612,Lake of the Pines Community Association,16022,260,216,0,0.00,8,0,OK
75363620,Kingsbrook MHC,16022,260,105,0,0.00,30,0,OK
75363638,Oaklawn Park HOA,15090,254,188,0,0.00,29,0,OK
75363653,Oaklawn Park HOA,15090,254,188,0,0.00,30,0,OK
75363661,Pace East,16131,296,220,0,0.10,144,0,OK
75363687,Wildwood Estates MHC,362,209,195,0,0.00,60,0,OK
75363695,Pleasant Acres,16185,314,188,1,0.00,60,2,MED
75363703,Lake of the Pines Community Association,16022,260,216,0,0.00,8,0,OK
75363729,Big Country Mobile Home & RV Park,17037,344,188,1,0.01,142,0,MED
75363745,Oaklawn Park HOA,15090,254,188,0,0.00,29,0,OK
75363778,Country Edge MHC,362,209,223,0,0.00,61,0,OK
75363786,Paradise Village Cooperative MHC,15154,260,129,0,0.00,30,0,OK
75363794,Southern Cross MHC,362,209,206,0,0.00,59,0,OK
75363836,Hydetown Mobile Estates,15091,255,216,0,0.00,30,0,OK
75363844,Oaklawn Park HOA,15090,254,188,0,0.00,28,0,OK
75363885,Kay Lou MHC,16131,296,66,0,0.00,30,0,OK
75363901,Shady Lane MHP,17037,344,96,1,0.10,59,0,MED
75363919,Willapa Shores,17028,341,111,1,0.34,44,0,MED
75363950,Shelby's Trailer Park,16131,296,224,0,0.00,30,0,OK
75363968,Oaklawn Park HOA,15090,254,188,0,0.00,30,0,OK
75363984,Ponderosa MHC,17037,314,124,1,0.03,34,0,MED
75363992,Shady Lane MHP,17028,341,96,1,0.13,61,0,MED
75364008,Oaklawn Park HOA,15090,254,188,0,0.00,30,0,OK
75364024,Roosevelt MHC,16185,314,202,1,0.00,60,2,MED
75364032,Estancia MHP,15147,256,195,0,0.00,30,0,OK
75364057,Rusk MHC,17037,344,206,1,0.56,64,0,HIGH
75364099,Noble Estates MHC,16185,314,188,1,0.00,57,2,MED
75364107,Virginia Beach,17037,344,105,1,0.26,70,0,MED
75364115,Fair Meadows MHC,16022,260,106,0,0.00,30,0,OK
75364149,Wildwood Village MHC,17037,344,195,1,0.02,61,0,MED
75364164,Oaklawn Park HOA,15090,254,188,0,0.00,30,0,OK
75364172,Shelby's Trailer Park,16131,296,223,0,0.00,30,0,OK
75364198,Estancia MHP,15147,256,195,0,0.00,30,0,OK
75364206,Pleasant Acres,16131,296,188,0,0.00,30,0,OK
75364222,Hydetown Mobile Estates,16185,314,216,1,0.00,64,2,MED
75364248,Big Country Mobile Home & RV Park,17037,344,188,2,0.03,64,0,MED
75364255,Oaklawn Park HOA,15090,254,188,0,0.00,30,0,OK
75364263,Mill Creek Estates,363,219,188,0,0.00,59,0,OK
75364271,Kay Lou MHC,16131,296,66,0,0.00,30,0,OK
75364297,Lakeview MHC,362,209,112,0,0.00,60,0,OK
75364305,Kay Lou MHC,17037,344,66,1,0.02,62,0,MED
75364313,Oakwood MHP,16022,260,105,0,0.00,30,0,OK
75364339,Big Country Mobile Home & RV Park,16130,296,188,0,0.00,30,0,OK
75364388,Oswego MHP,16185,314,74,1,0.00,60,2,MED
75364396,Highlands MHC,362,209,206,0,0.00,59,0,OK
75364404,Fair Meadows MHC,16022,260,129,0,0.00,29,0,OK
75364420,Grand Valley Estates MHC,17037,344,106,1,0.09,54,0,MED
75364438,Forest at Sherman MHC,16185,314,195,1,0.00,57,2,MED
75364446,Oaklawn Park HOA,15090,254,188,0,0.00,27,0,OK
75364479,Roosevelt MHC,16131,296,188,0,0.00,29,0,OK
75364487,Oak Forest Estate MHC,17037,344,188,1,0.04,56,0,MED
75364503,Grand Valley Estates MHC,17037,344,106,1,0.16,58,0,MED
75364511,Stafford MHC,16185,314,98,1,0.00,60,2,MED
75364537,Stafford MHC,16185,314,98,1,0.00,60,2,MED
75364545,Heritage Apartments,16131,296,112,0,0.00,30,0,OK
75364552,Needham MHP,362,209,206,0,0.00,60,0,OK
75364586,Shady Lane MHP,17028,341,96,1,0.07,60,0,MED
75364594,Paradise Village Cooperative MHC,15154,260,130,0,0.00,30,0,OK
75364602,Grand Valley Estates MHC,17037,344,108,1,0.13,60,0,MED
75364610,Oswego MHP,16185,314,74,1,0.00,62,2,MED
75364628,Roosevelt MHC,16131,296,202,0,0.00,29,0,OK
75364636,Estancia MHP,15147,256,195,0,0.00,28,0,OK
75364644,Big Country Mobile Home & RV Park,16130,296,188,1,0.00,29,0,MED
75364651,Pleasant Acres,16131,296,188,0,0.00,30,0,OK
75364669,Roosevelt MHC,16131,296,188,0,0.00,30,0,OK
75364677,Roosevelt MHC,16131,296,189,0,0.00,30,0,OK
75364693,Oaklawn Park HOA,15090,254,213,0,0.00,29,0,OK
75364701,Flower Mound MHC,17037,344,112,1,0.01,73,0,MED
75364719,Highland Terrace,16185,314,111,1,0.13,47,0,MED
75364768,Pleasant Acres,16131,296,188,0,0.00,29,0,OK
75364800,Paradise Village Cooperative MHC,15154,260,129,0,0.00,30,0,OK
75364842,Lake Charles Duplexes,17037,344,129,1,0.15,61,0,MED
75364867,Grand Valley Estates MHC,17037,344,106,1,0.05,56,0,MED
75364875,Heritage Apartments,16131,296,112,0,0.00,30,0,OK
75364883,Shady Lane MHP,17037,344,96,1,0.21,38,0,MED
75364891,Haven MHP,16131,296,106,0,0.00,30,0,OK
75364917,Big Country Mobile Home & RV Park,17037,344,188,2,0.03,63,0,MED
75364925,Brian Fries 5YR,362,209,216,0,0.00,60,0,OK
75364933,Lantana Trail,15154,260,221,0,0.00,30,0,OK
75364966,Midtown MHP,15090,254,188,0,0.00,29,0,OK
75364974,Oaklawn Park HOA,16185,314,188,1,0.02,48,2,MED
75364982,Oakwood MHP,16022,260,105,0,0.00,30,0,OK
75364990,Heritage Apartments,16131,296,112,0,0.00,30,0,OK
75365013,Heritage Apartments,16131,296,112,0,0.00,30,0,OK
75365021,Grand Valley Estates MHC,17037,344,108,1,0.12,58,0,MED
75365054,Haven MHP,16131,296,106,0,1.00,60,0,HIGH
75365062,Oaklawn Park HOA,16185,314,188,1,0.02,56,2,MED
75365070,Big Country Mobile Home & RV Park,16185,314,188,2,0.00,60,2,MED
75365088,Broadway MHP DesMoines,17037,344,96,1,0.05,38,0,MED
75365104,Parkwood,17037,344,89,1,0.71,48,0,HIGH
75365138,Lake Charles Duplexes,16022,260,129,0,0.00,30,0,OK
75365146,Grand Valley Estates MHC,17037,344,108,1,0.03,58,0,MED
75365161,Estancia MHP,15147,256,195,0,0.00,30,0,OK
75365203,Johnson's Trailer Park,17037,344,222,0,0.36,11,0,MED
75365229,Estancia MHP,16022,260,195,0,0.00,30,0,OK
75365237,Noble Estates MHC,16130,296,188,1,0.00,30,0,MED
75365245,Country Edge MHC,362,209,223,0,0.00,62,0,OK
75365260,Willapa Shores,17028,341,111,1,0.32,50,0,MED
75365302,Shady Lane MHP,17028,341,97,1,0.13,62,0,MED
75365310,The O in La Marque,16185,314,82,2,0.00,60,2,MED
75365328,Stafford MHC,16185,314,98,1,0.00,60,2,MED
75365393,Stafford MHC,16185,314,98,1,0.00,60,2,MED
75365401,Noble Estates MHC,16185,314,188,2,0.00,55,2,MED
75365419,Kay Lou MHC,16131,296,66,0,0.00,30,0,OK
75365427,Shady Lane MHP,17028,341,96,1,0.05,60,0,MED
75365435,Broken Arrow MHP,16131,296,105,0,0.00,28,0,OK
75365443,Highlands MHC,362,209,202,0,0.02,63,0,OK
75365468,Stafford MHC,16185,314,98,1,0.00,64,2,MED
75365476,Alta Vista MHC,16131,296,112,0,0.00,30,0,OK
75365484,Roosevelt MHC,16131,296,97,0,0.00,30,0,OK
75365492,Lantana Trail,16185,314,221,1,0.00,60,2,MED
75365500,Grand Valley Estates MHC,17037,344,108,1,0.03,58,0,MED
75365518,Grand Valley Estates MHC,17037,344,106,1,0.10,60,0,MED
75365526,Stafford MHC,17037,344,98,1,0.01,162,0,MED
75365534,Broadway MHP DesMoines,17037,344,96,1,0.06,53,0,MED
75365567,Roosevelt MHC,16131,296,96,0,0.00,30,0,OK
75365575,Oswego MHP,17037,344,74,1,0.55,67,0,HIGH
75365617,Highlands MHC,362,209,206,0,0.00,60,0,OK
75365625,Grand Valley Estates MHC,17037,344,111,1,0.04,54,0,MED
75365658,Grand Valley Estates MHC,17037,344,106,1,0.04,54,0,MED
75365666,Oaklawn Park HOA,15090,254,188,0,0.00,30,0,OK
75365674,Mill Creek Estates,16131,296,188,0,0.00,30,0,OK
75365682,Alta Vista MHC,17037,344,112,1,0.01,74,0,MED
75365690,Fair Meadows MHC,16022,260,129,0,0.00,30,0,OK
75365740,Haven MHP,16131,296,106,0,0.00,30,0,OK
75365765,Parkwood,16022,260,89,0,0.00,30,0,OK
75365807,Kay Lou MHC,16131,296,66,0,0.00,30,0,OK
75365823,Oswego MHP,17037,344,74,1,0.58,66,0,HIGH
75365864,Kay Lou MHC,16131,296,66,0,0.00,30,0,OK
75365872,Mill Creek Estates,363,219,188,0,0.00,60,0,OK
75365880,CJ,16131,296,185,0,0.00,30,0,OK
75365898,Shady Lane MHP,17028,341,96,1,0.05,60,0,MED
75365906,Virginia Beach,17037,344,105,1,0.10,62,0,MED
75365914,Pleasant Acres,16131,296,188,0,0.00,25,0,OK
75365948,J&L MHP,15154,260,124,0,0.00,30,0,OK
75365955,Oakwood MHP,16022,260,108,0,0.00,30,0,OK
75365989,The O in La Marque,16185,314,82,2,0.00,59,2,MED
75366003,Broken Arrow MHP,17037,344,105,1,0.05,42,0,MED
75366011,Shady Lane MHP,17037,344,97,1,0.10,61,0,MED
75366029,Shady Lane MHP,17037,344,96,1,0.11,64,0,MED
75366037,Oaklawn Park HOA,15090,254,188,0,0.00,30,0,OK
75366045,Kay Lou MHC,16131,296,66,0,0.00,30,0,OK
75366078,Kingsbrook MHC,16131,296,105,0,0.00,30,0,OK
75366086,Grand Valley Estates MHC,17037,344,106,1,0.16,58,0,MED
75366094,Grand Valley Estates MHC,17037,344,106,1,0.17,60,0,MED
75366102,Grand Valley Estates MHC,17037,344,106,1,0.12,57,0,MED
75366110,Heritage Apartments,16131,296,112,0,0.00,30,0,OK
75366136,Big Country Mobile Home & RV Park,16131,296,188,0,0.00,31,0,OK
75366144,Grand Valley Estates MHC,17037,344,106,1,0.05,62,0,MED
75366151,Eastwood Hills MHC,362,209,202,0,0.00,60,0,OK
75366169,Auburn MHC,17037,344,123,1,0.03,64,0,MED
75366177,Highlands MHC,16185,314,206,1,0.00,336,2,MED
75366193,J&L MHP,15154,260,124,0,0.00,30,0,OK
75366201,Southern Cross MHC,362,209,220,0,0.00,60,0,OK
75366219,Grand Valley Estates MHC,17037,344,106,1,0.04,54,0,MED
75366250,The O in La Marque,16185,314,82,2,0.00,59,2,MED
75366268,Grand Valley Estates MHC,17037,344,106,1,0.03,74,0,MED
75366284,Kay Lou MHC,16131,296,74,0,0.00,29,0,OK
75366292,Roosevelt MHC,17037,344,189,1,0.02,62,0,MED
75366300,Kay Lou MHC,16131,296,66,0,0.00,29,0,OK
75366318,The O in La Marque,16185,314,81,2,0.00,65,2,MED
75366326,Oswego MHP,17037,344,74,1,0.51,65,0,HIGH
75366342,Kay Lou MHC,16131,296,66,0,0.00,30,0,OK
75366359,Ontario Place MHC,16185,314,130,1,0.00,58,2,MED
75366409,Hydetown Mobile Estates,17037,344,188,1,0.05,44,0,MED
75366417,Johnson's Trailer Park,17037,344,222,0,0.37,19,0,MED
75366425,Haven MHP,16131,296,106,0,0.00,30,0,OK
75366433,Stafford MHC,16185,314,98,1,0.00,60,2,MED
75366458,Grand Valley Estates MHC,17037,344,106,1,0.13,60,0,MED
75366490,Estancia MHP,15147,256,195,0,0.00,30,0,OK
75366516,Willapa Shores,17028,341,111,1,0.21,47,0,MED
75366532,Oakwood MHP,16022,260,96,0,0.00,30,0,OK
75366540,Roosevelt MHC,16131,296,96,0,0.00,30,0,OK
75366557,Kingsbrook MHC,16185,314,105,1,0.28,43,2,MED
75366565,Paradise Village Cooperative MHC,15154,260,129,0,0.00,30,0,OK
75366573,Roosevelt MHC,16131,296,96,0,0.00,30,0,OK
75366581,Ibiza Village,17028,343,108,1,0.46,59,0,MED
75366615,Broken Arrow MHP,17032,344,105,1,0.01,102,0,MED
75366623,Noble Estates MHC,17037,344,188,2,0.02,56,0,MED
75366664,Estancia MHP,15147,256,195,0,0.00,60,0,OK
75366672,Grand Valley Estates MHC,17037,344,106,1,0.04,55,0,MED
75366698,Southern Cross MHC,362,209,206,0,0.00,60,0,OK
75366706,Roosevelt MHC,16131,296,202,0,0.00,30,0,OK
75366722,Kingsbrook MHC,16131,296,105,0,0.00,30,0,OK
75366755,The O in La Marque,16185,314,82,2,0.00,59,2,MED
75366763,Oakwood MHP,16022,260,96,0,0.00,30,0,OK
75366771,The O in La Marque,16185,314,82,3,0.00,60,2,HIGH
75366797,Estancia MHP,15147,256,195,0,0.00,30,0,OK
75366813,Grand Valley Estates MHC,17037,344,106,2,0.12,57,0,MED
75366821,Hydetown Mobile Estates,15091,255,216,0,0.00,30,0,OK
75366847,Estancia MHP,17037,344,195,1,0.03,64,0,MED
75366854,Stafford MHC,17037,344,98,1,0.03,64,0,MED
75366862,Parkwood,16185,314,96,1,0.00,60,2,MED
75366870,Ibiza Village,17037,344,108,1,0.13,1174,0,MED
75366888,Noble Estates MHC,17037,344,188,1,0.12,56,0,MED
75366912,Virginia Beach,17037,344,105,1,0.24,85,0,MED
75366938,Shady Lane MHP,17037,344,97,1,0.17,65,0,MED
75366953,Shady Lane MHP,17037,344,96,1,0.08,63,0,MED
75366961,Roosevelt MHC,16131,296,96,1,0.00,30,0,MED
75366979,Grand Valley Estates MHC,17037,344,106,1,0.05,56,0,MED
75366987,Lake Charles Duplexes,17037,344,129,1,0.20,51,0,MED
75367019,Grand Valley Estates MHC,17037,344,106,1,0.13,60,0,MED
75367027,Grand Valley Estates MHC,17037,344,106,1,0.09,58,0,MED
75367035,Roosevelt MHC,16131,296,96,0,0.00,30,0,OK
75367043,Shelby's Trailer Park,16131,296,223,0,0.00,30,0,OK
75367076,Pleasant Acres,16131,296,108,1,0.00,30,0,MED
75367084,Grand Valley Estates MHC,17037,344,106,1,0.04,56,0,MED
75367092,High Street,16022,260,216,0,0.00,30,0,OK
75367100,Shady Lane MHP,17037,344,97,1,0.19,70,0,MED
75367118,Oaklawn Park HOA,15090,254,188,0,0.00,29,0,OK
75367134,Oaklawn Park HOA,15090,254,188,0,0.00,30,0,OK
75367142,Lake of the Pines Community Association,15155,260,216,0,0.00,27,0,OK
75367159,Kay Lou MHC,16131,296,66,0,0.00,30,0,OK
75367175,Oaklawn Park HOA,15090,254,188,1,0.00,30,0,MED
75367183,Stafford MHC,363,219,202,0,0.00,56,0,OK
75367217,Auburn MHC,17037,344,123,1,0.02,60,0,MED
75367233,Oaklawn Park HOA,15090,254,188,0,0.00,30,0,OK
75367241,Highland Terrace,16185,314,20,0,0.18,50,0,OK
75367266,Stafford MHC,16185,314,98,1,0.00,60,2,MED
75367308,Mountaineer Village MHC,17037,344,111,3,0.15,59,0,HIGH
75367316,Oakwood MHP,16185,314,105,1,0.00,60,2,MED
75367357,Broken Arrow MHP,16131,296,105,0,0.00,30,0,OK
75367365,Grand Valley Estates MHC,17037,344,106,1,0.04,54,0,MED
75367399,Running Springs MHP,17037,344,220,1,0.02,55,0,MED
75367415,Southern Cross MHC,362,209,206,0,0.00,60,0,OK
75367449,Grand Valley Estates MHC,17037,344,106,1,0.05,65,0,MED
75367456,Heritage Apartments,16185,314,112,1,0.11,64,0,MED
75367498,Oaklawn Park HOA,15090,254,188,0,0.00,30,0,OK
75367506,Roosevelt MHC,17037,344,188,0,0.00,371,0,OK
75367530,Shelby's Trailer Park,16131,296,223,0,0.00,28,0,OK
75367555,Roosevelt MHC,16131,296,96,0,0.00,30,0,OK
75367563,Lakeview MHC,16185,314,112,1,0.00,60,2,MED
75367571,Stafford MHC,17037,344,98,1,0.01,110,0,MED
75367589,Virginia Beach,17037,344,105,1,0.10,62,0,MED
75367605,Roosevelt MHC,16131,296,189,0,0.00,30,0,OK
75367613,Haven MHP,16131,296,106,0,0.00,30,0,OK
75367647,Grand Valley Estates MHC,17037,344,111,1,0.04,54,0,MED
75367662,Big Country Mobile Home & RV Park,16130,296,188,0,0.00,30,0,OK
75367670,Broken Arrow MHP,17032,344,105,1,0.01,73,0,MED
75367688,Kay Lou MHC,16131,296,74,0,0.00,30,0,OK
75367712,Roosevelt MHC,16131,296,189,0,0.00,29,0,OK
75367720,Kay Lou MHC,16131,296,66,0,0.00,30,0,OK
75367738,Grand Valley Estates MHC,17037,344,108,1,0.14,66,0,MED
75367746,Noble Estates MHC,17037,344,188,2,0.04,48,0,MED
75367761,Big Country Mobile Home & RV Park,16130,296,188,0,0.00,30,0,OK
75367779,Midtown MHP,15090,254,188,0,0.00,30,0,OK
75367803,Heritage Apartments,16131,296,112,0,0.00,30,0,OK
75367811,Oaklawn Park HOA,15090,254,188,0,0.00,30,0,OK
75367829,Parkwood,16022,260,89,0,0.00,30,0,OK
75367837,Lakeview MHC,362,209,112,0,0.00,60,0,OK
75367845,Grand Valley Estates MHC,17037,344,106,1,0.04,54,0,MED
75367878,Grand Valley Estates MHC,17037,344,106,1,0.05,56,0,MED
75367894,Big Country Mobile Home & RV Park,16130,296,188,0,0.00,30,0,OK
75367902,Freedom MHP,363,219,203,0,0.00,60,0,OK
75367928,Parkway MHC,17032,344,111,1,0.02,43,2,MED
75367944,The O in La Marque,17037,344,81,2,0.02,65,0,MED
75367977,Oak Forest Estate MHC,17037,344,188,1,0.05,59,0,MED
75367985,Lakeview MHC,362,209,112,0,0.00,60,0,OK
75368009,Kay Lou MHC,17037,344,66,1,0.02,62,0,MED
75368017,Stafford MHC,17037,344,98,1,0.01,167,0,MED
75368033,Stafford MHC,363,219,105,0,0.00,60,0,OK
75368041,Estancia MHP,17037,344,195,1,0.03,63,0,MED
75368074,Roosevelt MHC,16185,314,188,1,0.00,68,2,MED
75368082,Oaklawn Park HOA,15090,254,188,0,0.00,30,0,OK
75368090,Roosevelt MHC,16185,314,189,2,0.00,82,2,MED
75368108,Oaklawn Park HOA,15090,254,188,0,0.00,31,0,OK
75368116,Pleasant Acres,16131,296,188,0,0.00,30,0,OK
75368124,Oaklawn Park HOA,15090,254,188,0,0.00,29,0,OK
75368140,Grand Valley Estates MHC,17037,344,108,1,0.04,54,0,MED
75368165,Oakwood MHP,16022,260,108,0,0.00,30,0,OK
75368173,Heritage Apartments,16131,296,112,0,0.00,30,0,OK
75368181,Broadway MHP DesMoines,17037,344,96,1,0.08,52,0,MED
75368199,Noble Estates MHC,16131,296,188,0,0.00,29,0,OK
75368207,River Bend,17037,344,216,1,0.02,125,0,MED
75368215,Big Country Mobile Home & RV Park,16130,296,188,0,0.00,30,1,OK
75368223,Kingsbrook MHC,16022,260,105,0,0.00,30,0,OK
75368256,Grand Valley Estates MHC,17037,344,106,1,0.13,60,0,MED
75368264,Fair Meadows MHC,16022,260,108,0,0.00,29,0,OK
75368322,Fair Meadows MHC,16022,260,108,0,0.00,30,0,OK
75368330,Estancia MHP,17037,344,195,1,0.05,40,0,MED
75368348,Running Springs MHP,17037,344,220,1,0.00,356,0,MED
75368355,Estancia MHP,15147,256,195,0,0.00,30,0,OK
75368363,Hydetown Mobile Estates,17037,344,188,1,0.02,65,0,MED
75368389,Auburn MHC,17037,344,123,1,0.02,59,0,MED
75368397,Shady Lane MHP,17028,341,96,1,0.12,57,0,MED
75368413,Grand Valley Estates MHC,17037,344,106,1,0.15,62,0,MED
75368439,Shady Lane MHP,17028,341,96,1,0.10,51,0,MED
75368447,Parkwood,16022,260,96,0,0.00,30,0,OK
75368454,Oswego MHP,16185,314,74,1,0.00,60,2,MED
75368462,Island Club MHC,16131,296,96,0,0.04,26,0,OK
75368470,Ibiza Village,17037,344,105,3,0.05,3000,0,HIGH
75368488,Broadway MHP DesMoines,17037,344,96,1,0.15,54,0,MED
75368512,The O in La Marque,16185,314,82,2,0.00,60,2,MED
75368520,Grand Valley Estates MHC,17037,344,108,1,0.12,58,0,MED
75368546,Estancia MHP,15147,256,195,0,0.00,30,0,OK
75368553,Oaklawn Park HOA,15090,254,188,0,0.00,30,0,OK
75368579,Roosevelt MHC,16131,296,189,0,0.00,30,0,OK
75368603,Roosevelt MHC,16185,314,189,1,0.00,59,2,MED
75368611,Hydetown Mobile Estates,16131,296,216,0,0.00,43,0,OK
75368645,The O in La Marque,16185,314,82,2,0.00,59,2,MED
75368652,Grand Valley Estates MHC,17037,344,108,1,0.13,60,0,MED
75368678,Grand Valley Estates MHC,17037,344,106,1,0.04,54,0,MED
75368694,Grand Valley Estates MHC,17037,344,106,1,0.12,58,0,MED
75368702,Grand Valley Estates MHC,17037,344,106,1,0.13,60,0,MED
75368710,Roosevelt MHC,16131,296,202,0,0.00,30,0,OK
75368736,Willapa Shores,17028,341,111,1,0.56,84,0,HIGH
75368744,Kingsbrook MHC,16131,296,105,0,0.00,30,0,OK
75368769,Parkwood,16022,260,96,0,0.00,30,0,OK
75368785,Grand Valley Estates MHC,17037,344,106,1,0.35,63,0,MED
75368793,The O in La Marque,16185,314,82,2,0.00,59,2,MED
75368801,Southern Cross MHC,16185,314,220,1,0.00,56,2,MED
75368827,Virginia Beach,17037,344,105,1,0.08,72,0,MED
75368835,Virginia Beach,17037,344,105,6,0.13,68,0,HIGH
75368868,Grand Valley Estates MHC,17037,344,106,1,0.08,60,0,MED
75368876,Grand Valley Estates MHC,17037,344,106,1,0.05,60,0,MED
75368884,Stafford MHC,17037,344,202,2,0.00,383,0,MED
75368900,Stafford MHC,16185,314,105,1,0.00,44,2,MED
75368918,Tuttle Estates MHC,17037,344,89,1,0.02,61,0,MED
75368926,Haven MHP,16131,296,108,0,0.00,30,0,OK
75368934,Kingsbrook MHC,16131,296,105,0,0.00,20,0,OK
75368942,Fair Meadows MHC,16022,260,105,0,0.00,30,0,OK
75368959,Virginia Beach,17037,344,105,1,0.17,71,0,MED
75368967,Haven MHP,16131,296,106,0,0.00,37,0,OK
75368975,Kay Lou MHC,16131,296,66,0,0.00,30,0,OK
75368983,Paradise Village Cooperative MHC,15154,260,129,0,0.00,29,0,OK
75368991,Oakwood MHP,16022,260,105,0,0.00,30,0,OK
75369007,Grand Valley Estates MHC,17037,344,108,1,0.12,57,0,MED
75369015,Virginia Beach,17037,344,105,1,0.09,64,0,MED
75369023,Heritage Apartments,16131,296,112,0,0.00,30,0,OK
75369031,Parkwood,16022,260,89,0,0.00,48,0,OK
75369049,Roosevelt MHC,16131,296,189,0,0.00,30,0,OK
75369056,Grand Valley Estates MHC,17037,344,106,1,0.13,60,0,MED
75369064,Trans Canada,362,209,188,0,0.00,59,0,OK
75369072,Grand Valley Estates MHC,17037,344,108,1,0.07,58,0,MED
75369080,Haven MHP,16131,296,106,0,0.00,42,0,OK
75369098,Shady Lane MHP,17037,344,97,1,0.12,72,0,MED
75369114,Parkwood,16022,260,89,0,0.00,30,0,OK
75369122,Parkwood,16022,260,89,0,0.00,29,0,OK
75369130,Kay Lou MHC,16131,296,66,0,0.00,30,0,OK
75369148,Lakeview MHC,362,209,112,0,0.00,61,0,OK
75369163,Roosevelt MHC,16131,296,96,0,0.00,30,0,OK
75369171,Heritage Apartments,16131,296,112,0,0.00,30,0,OK
75369197,Noble Estates MHC,17032,344,188,1,0.03,32,0,MED
75369213,Oakwood MHP,16022,260,96,0,0.00,30,0,OK
75369221,Haven MHP,16131,296,108,0,0.00,30,0,OK
75369239,Grand Valley Estates MHC,17037,344,106,1,0.12,58,0,MED
75369247,The Oaks MHC,16131,296,105,1,0.00,30,0,MED
75369254,Parkwood,16022,260,96,0,0.00,30,0,OK
75369288,Kay Lou MHC,16131,296,66,0,0.00,30,0,OK
75369312,Parkwood,16022,260,89,0,0.00,30,0,OK
75369338,Lake of the Pines Community Association,15155,260,216,0,0.00,32,0,OK
75369346,Broken Arrow MHP,16131,296,105,0,0.00,29,0,OK
75369379,Kay Lou MHC,16131,296,66,0,0.00,30,0,OK
75369387,Pleasant Acres,16131,296,188,0,0.00,27,0,OK
75369403,Big Country Mobile Home & RV Park,17037,344,188,1,0.04,45,0,MED
75369411,Big Country Mobile Home & RV Park,17037,344,188,2,0.04,45,0,MED
75369429,Oaklawn Park HOA,15090,254,188,0,0.00,29,0,OK
75369437,Stafford MHC,16185,315,105,1,0.00,60,2,MED
75369452,Heritage Apartments,16131,296,112,0,0.00,30,0,OK
75369460,Big Country Mobile Home & RV Park,17037,344,188,1,0.04,46,0,MED
75369478,Oaklawn Park HOA,16185,314,188,1,0.02,49,2,MED
75369486,Shady Lane MHP,17037,344,97,1,0.11,70,0,MED
75369494,Pleasant Acres,16131,296,108,1,0.00,28,0,MED
75369502,Pace East,16185,314,216,2,0.13,119,2,MED
75369510,Running Springs MHP,16185,314,220,2,0.00,59,2,MED
75369528,Roosevelt MHC,16185,314,189,1,0.00,59,2,MED
75369536,Oaklawn Park HOA,15090,254,188,0,0.00,29,0,OK
75369551,Pace East,16131,296,216,0,0.03,61,0,OK
75369569,Oaklawn Park HOA,15090,254,188,0,0.00,30,0,OK
75369577,Broken Arrow MHP,16131,296,105,0,0.00,31,0,OK
75369585,Fair Meadows MHC,16022,260,108,0,0.00,30,0,OK
75369593,Broadway MHP DesMoines,17037,344,96,1,0.16,31,0,MED
75369601,Grand Central MHP,15090,254,216,0,0.00,30,0,OK
75369627,Grand Valley Estates MHC,17037,344,106,1,0.04,69,0,MED
75369635,Heritage Apartments,16131,296,112,0,0.00,30,0,OK
75369676,Oak Tree MHP,16130,296,89,0,0.00,31,0,OK
75369684,Big Country Mobile Home & RV Park,17037,344,188,2,0.01,314,0,MED
75369718,Big Country Mobile Home & RV Park,16131,296,188,1,0.00,30,0,MED
75369742,Big Country Mobile Home & RV Park,16185,314,188,1,0.00,60,2,MED
75369767,Big Country Mobile Home & RV Park,16130,296,188,1,0.00,30,0,MED
75369775,Big Country Mobile Home & RV Park,16130,296,188,1,0.00,30,0,MED
75369791,Roosevelt MHC,16131,296,96,0,0.00,30,0,OK
75369858,Oaklawn Park HOA,15090,254,188,0,0.00,382,0,OK
75369866,Grand Valley Estates MHC,17037,344,106,2,0.05,56,0,MED
75369874,Alta Vista MHC,16131,296,112,1,0.00,30,0,MED
75369882,Grand Valley Estates MHC,17037,344,106,1,0.05,56,0,MED
75369890,Grand Valley Estates MHC,17037,344,106,1,0.04,53,0,MED
75369916,Oaklawn Park HOA,15090,254,188,0,0.00,30,0,OK
75369932,Midtown MHP,15090,254,188,0,0.00,30,0,OK
75369965,Highland Terrace,16185,314,111,1,0.14,44,0,MED
75369981,Oaklawn Park HOA,15090,254,213,0,0.00,30,0,OK
75369999,High Street,16022,260,216,0,0.00,30,0,OK
75370039,Grand Valley Estates MHC,17037,344,108,1,0.05,56,0,MED
75370047,Fair Meadows MHC,16022,260,111,0,0.00,30,0,OK
75370054,Oak Forest Estate MHC,17037,344,188,1,0.03,97,0,MED
75370062,Big Country Mobile Home & RV Park,17037,344,188,2,0.03,64,0,MED
75370088,Lake of the Pines Community Association,15155,260,216,0,0.00,6,0,OK
75370096,Grand Valley Estates MHC,17037,344,106,2,0.13,62,0,MED
75370120,Hydetown Mobile Estates,16022,260,216,0,0.00,30,0,OK
75370138,Estancia MHP,15147,256,195,0,0.00,30,0,OK
75370146,Roosevelt MHC,17037,344,188,1,0.00,306,0,MED
75370153,Oak Tree MHP,16131,296,188,0,0.00,31,0,OK
75370161,Oaklawn Park HOA,15090,254,188,0,0.00,30,0,OK
75370179,Oaklawn Park HOA,15090,254,188,0,0.00,30,0,OK
75370187,Mill Creek Estates,363,219,188,0,0.00,60,0,OK
75370203,Oaklawn Park HOA,15090,254,188,0,0.00,30,0,OK
75370211,Oak Tree MHP,16130,296,188,0,0.00,31,0,OK
75370229,Oaklawn Park HOA,15090,254,188,0,0.00,30,0,OK
75370237,Oaklawn Park HOA,15090,254,188,0,0.00,30,0,OK
75370245,Highlands MHC,362,209,206,0,0.00,60,0,OK
75370278,Roosevelt MHC,16131,296,188,0,0.00,30,0,OK
75370286,Shelby's Trailer Park,16131,296,223,0,0.00,30,0,OK
75370302,Estancia MHP,16128,295,195,0,0.00,30,0,OK
75370328,Big Country Mobile Home & RV Park,16130,296,188,0,0.00,30,0,OK
75370351,Oaklawn Park HOA,15090,254,188,0,0.00,29,0,OK
75370377,Big Country Mobile Home & RV Park,16131,296,188,0,0.00,30,0,OK
75370401,Circle N Trailer Park,15085,254,188,0,0.00,30,0,OK
75370419,Oaklawn Park HOA,15090,254,188,0,0.00,31,0,OK
75370427,Hydetown Mobile Estates,17037,344,216,1,0.04,47,0,MED
75370435,Coleman Village MHC,15154,260,188,0,0.00,30,0,OK
75370443,Big Country Mobile Home & RV Park,16130,296,188,1,0.00,30,0,MED
75370450,Stafford MHC,363,219,202,0,0.00,60,0,OK
75370468,Noble Estates MHC,17032,344,188,1,0.03,32,0,MED
75370476,Roosevelt MHC,16131,296,189,0,0.00,30,0,OK
75370484,Highlands MHC,362,209,206,0,0.00,59,0,OK
75370500,Tuttle Estates MHC,16130,296,188,1,0.00,32,0,MED
75370534,Big Country Mobile Home & RV Park,16130,296,188,0,0.00,30,0,OK
75370559,Oaklawn Park HOA,15090,254,188,0,0.00,30,0,OK
75370567,Cactus Flower,16185,314,216,1,0.00,119,2,MED
75370609,Kay Lou MHC,16131,296,66,0,0.00,60,0,OK
75370625,Riverview Apartments MF,17037,344,106,1,0.66,64,0,HIGH
75370633,Shelby's Trailer Park,16131,296,223,0,0.00,29,0,OK
75370641,Heritage Apartments,16131,296,112,0,0.00,30,0,OK
75370658,Pleasant Acres,16185,314,188,1,0.00,60,2,MED
75370690,Coleman Village MHC,16128,295,201,1,0.00,30,2,MED
75370708,Big Country Mobile Home & RV Park,16185,314,188,2,0.00,60,2,MED
75370716,Estancia MHP,15147,256,195,0,0.00,31,0,OK
75370724,Estancia MHP,15147,256,195,0,0.00,30,0,OK
75370740,Grand Valley Estates MHC,17037,344,106,1,0.13,60,0,MED
75370757,Kingsbrook MHC,16131,296,105,0,0.00,33,0,OK
75370765,Tuttle Estates MHC,17037,344,188,1,0.05,62,0,MED
75370773,The O in La Marque,16185,314,82,1,0.00,60,2,MED
75370781,Oaklawn Park HOA,15090,254,188,0,0.00,28,0,OK
75370799,Roosevelt MHC,16022,260,188,0,1.00,28,0,HIGH
75370807,Kay Lou MHC,16131,296,66,0,0.00,30,0,OK
75370815,Grand Valley Estates MHC,17037,344,106,1,0.05,66,0,MED
75370823,Grand Valley Estates MHC,17037,344,106,1,0.04,54,0,MED
75370831,The O in La Marque,16185,314,82,2,0.00,59,2,MED
75370849,Hydetown Mobile Estates,15091,255,188,0,0.00,30,0,OK
75370880,Roosevelt MHC,16185,314,189,1,0.00,60,2,MED
75370914,Johnson's Trailer Park,17037,344,222,0,0.36,11,0,MED
75370922,Roosevelt MHC,16131,296,188,0,0.00,30,0,OK
75370948,Roosevelt MHC,16185,314,189,1,0.00,55,2,MED
75370955,Noble Estates MHC,17037,344,188,2,0.01,285,0,MED
75370963,Grand Valley Estates MHC,17037,344,106,1,0.05,56,0,MED
75370971,Broken Arrow MHP,16131,296,105,0,0.00,30,0,OK
75370997,Auburn MHC,17037,344,123,1,0.03,62,0,MED
75371011,Coleman Village MHC,15154,260,201,0,0.00,30,0,OK
75371078,Oaklawn Park HOA,15090,254,188,0,0.00,31,0,OK
75371086,Kay Lou MHC,16131,296,66,0,0.00,30,0,OK
75371094,CJ,16185,314,185,2,0.05,80,4,MED
75371102,Noble Estates MHC,17037,344,188,1,0.05,38,0,MED
75371110,Grand Valley Estates MHC,17037,344,106,1,0.04,53,0,MED
75371136,Grand Valley Estates MHC,17037,344,106,1,0.09,58,0,MED
75371144,Virginia Beach,17037,344,105,1,0.09,68,0,MED
75371185,Grand Valley Estates MHC,17037,344,106,1,0.05,56,0,MED
75371227,Heritage Apartments,16131,296,112,0,0.00,30,0,OK
75371235,Roosevelt MHC,16185,314,188,1,0.00,60,2,MED
75371243,Stafford MHC,363,219,202,0,0.00,60,0,OK
75371250,Highlands MHC,17037,344,206,1,0.00,313,0,MED
75371276,Grand Valley Estates MHC,17037,344,106,1,0.05,59,0,MED
75371292,Big Country Mobile Home & RV Park,16130,296,188,0,0.00,30,0,OK
75371318,Big Country Mobile Home & RV Park,16130,296,188,1,0.00,30,0,MED
75371334,Roosevelt MHC,16185,314,186,1,0.30,60,3,MED
75371342,Roosevelt MHC,16131,296,202,0,0.00,30,0,OK
75371367,Coleman Village MHC,15154,260,201,0,0.00,30,0,OK
75371375,Cactus Flower,362,209,216,0,0.00,60,0,OK
75371391,Roosevelt MHC,16185,314,189,2,0.00,60,2,MED
75371409,Pace East,16131,296,216,0,0.00,110,0,OK
75371417,Roosevelt MHC,16131,296,189,0,0.00,30,0,OK
75371433,Grand Valley Estates MHC,17037,344,106,1,0.09,58,0,MED
75371441,Rusk MHC,17037,344,188,2,0.74,78,0,HIGH
75371458,Oaklawn Park HOA,15090,254,188,0,0.00,30,0,OK
75371474,Roosevelt MHC,16131,296,188,0,0.00,30,0,OK
75371516,Running Springs MHP,16185,314,216,1,0.00,60,2,MED
75371532,Cactus Flower,16185,314,216,1,0.34,118,2,MED
75371540,Oaklawn Park HOA,15090,254,188,0,0.00,30,0,OK
75371557,Mill Creek Estates,363,219,188,0,0.00,60,0,OK
75371565,Oaklawn Park HOA,16022,260,188,0,0.00,30,0,OK
75371573,Shelby's Trailer Park,16131,296,223,0,0.00,29,0,OK
75371615,Heritage Apartments,16131,296,112,0,0.00,30,0,OK
75371631,Noble Estates MHC,16130,296,188,0,0.00,29,0,OK
75371656,Roosevelt MHC,16185,314,188,1,0.00,60,2,MED
75371664,Country Edge MHC,362,209,223,0,0.00,62,0,OK
75371680,Big Country Mobile Home & RV Park,17037,344,188,1,0.03,74,0,MED
75371714,Roosevelt MHC,16131,296,189,0,0.00,30,0,OK
75371730,Highlands MHC,362,209,206,0,0.00,59,0,OK
75371789,Roosevelt MHC,17037,344,189,1,0.02,56,0,MED
75371805,Grand Valley Estates MHC,17037,344,108,1,0.07,55,0,MED
75371813,Broadway MHP DesMoines,17037,344,108,1,0.21,14,0,MED
75371821,Stafford MHC,363,219,105,0,0.00,63,0,OK
75371847,Parkwood,17037,344,89,1,0.04,54,0,MED
75371854,Fair Meadows MHC,16131,296,105,0,0.00,30,0,OK
75371870,Grand Valley Estates MHC,17037,344,111,1,0.13,60,0,MED
75371896,Highlands MHC,362,209,206,0,0.00,58,0,OK
75371904,Kay Bee Mobile Villa MHP,16131,296,108,1,0.03,60,0,MED
75371912,Highlands MHC,362,209,206,0,0.00,63,0,OK
75371953,Roosevelt MHC,17037,344,202,1,0.05,66,0,MED
75371995,Parkwood,16022,260,89,0,0.00,30,0,OK
75372001,Southern Cross MHC,362,209,220,0,0.00,60,0,OK
75372019,Big Country Mobile Home & RV Park,17037,344,188,1,0.02,62,0,MED
75372027,Estancia MHP,15147,256,195,0,0.00,30,0,OK
75372035,The O in La Marque,17037,344,82,2,0.03,63,0,MED
75372043,Lantana Trail,16131,296,221,0,0.00,30,0,OK
75372050,Rusk MHC,17037,344,188,1,0.68,63,0,HIGH
75372076,Mill Creek Estates,363,219,188,0,0.00,60,0,OK
75372100,Big Country Mobile Home & RV Park,16185,314,188,1,0.00,62,2,MED
75372118,Roosevelt MHC,16185,314,189,1,0.00,60,2,MED
75372126,Oaklawn Park HOA,15090,254,188,0,0.00,31,0,OK
75372134,Forest at Sherman MHC,362,209,195,0,0.00,59,0,OK
75372159,Oaklawn Park HOA,15090,254,188,0,0.00,30,0,OK
75372167,Estancia MHP,17037,344,195,1,0.06,35,0,MED
75372183,Hydetown Mobile Estates,15091,255,216,0,0.00,30,0,OK
75372209,Estancia MHP,15147,256,195,0,0.00,32,0,OK
75372217,Roosevelt MHC,16185,314,189,1,0.00,60,2,MED
75372225,Holly Tree MHP,16185,314,123,1,0.00,46,0,MED
75372233,Roosevelt MHC,16185,314,188,1,0.06,62,2,MED
75372258,Big Country Mobile Home & RV Park,16130,296,188,0,0.00,30,0,OK
75372266,Roosevelt MHC,17037,344,188,2,0.02,62,0,MED
75372274,Virginia Beach,17037,344,105,1,0.12,67,0,MED
75372282,Shelby's Trailer Park,16131,296,224,0,0.00,29,0,OK
75372290,Grand Valley Estates MHC,17037,344,106,1,0.05,56,0,MED
75372324,Oswego MHP,16185,314,74,1,0.55,60,0,HIGH
75372332,Roosevelt MHC,16185,314,189,1,0.00,60,2,MED
75372357,Oaklawn Park HOA,15090,254,188,0,0.00,30,0,OK
75372381,Estancia MHP,15147,256,195,0,0.00,30,0,OK
75372407,Lake of the Pines Community Association,15154,260,216,0,0.00,28,0,OK
75372415,Coleman Village MHC,16185,314,188,1,0.00,57,2,MED
75372431,Estancia MHP,15147,256,195,0,0.00,30,0,OK
75372449,Roosevelt MHC,16185,314,188,1,0.09,67,0,MED
75372456,Noble Estates MHC,16185,314,188,2,0.00,37,2,MED
75372464,Pleasant Acres,16131,296,188,0,0.00,28,0,OK
75372472,Bob Muye 5YR,16193,320,188,1,0.06,465,2,MED
75372506,Oaklawn Park HOA,15090,254,188,0,0.00,29,0,OK
75372514,Estancia MHP,15147,256,195,0,0.00,29,0,OK
75372522,Hydetown Mobile Estates,17037,344,188,1,0.02,100,0,MED
75372548,Virginia Beach,17037,344,105,1,0.19,72,0,MED
75372555,Grand Valley Estates MHC,17037,344,111,1,0.05,56,0,MED
75372571,Estancia MHP,15147,256,195,0,0.00,28,0,OK
75372589,Hydetown Mobile Estates,15091,255,216,0,0.00,30,0,OK
75372613,Estancia MHP,16185,314,195,1,0.03,62,2,MED
75372621,Oaklawn Park HOA,15090,254,188,1,0.00,30,0,MED
75372639,Big Country Mobile Home & RV Park,17037,344,188,1,0.03,64,0,MED
75372647,High Street,16022,260,216,0,0.00,29,0,OK
75372654,Noble Estates MHC,17037,344,188,1,0.02,54,0,MED
75372696,Big Country Mobile Home & RV Park,16130,296,188,0,0.00,30,0,OK
75372712,Estancia MHP,15147,256,195,0,0.00,28,0,OK
75372720,Oakwood MHP,16185,314,129,1,0.00,58,2,MED
75372746,Oaklawn Park HOA,16185,314,188,1,0.02,48,2,MED
75372753,Oaklawn Park HOA,15090,254,188,0,0.00,28,0,OK
75372787,Broken Arrow MHP,16131,296,105,0,0.00,30,0,OK
75372795,Grand Valley Estates MHC,17037,344,106,1,0.05,63,0,MED
75372811,Grand Valley Estates MHC,17037,344,106,1,0.04,54,0,MED
75372829,Wildwood Estates MHC,16131,296,195,0,0.03,30,0,OK
75372860,Brighton Court MHP,15090,254,216,0,0.00,28,0,OK
75372886,Roosevelt MHC,16131,296,188,0,0.00,30,1,OK
75372894,Oaklawn Park HOA,15090,254,188,0,0.00,30,0,OK
75372910,Running Springs MHP,17037,344,220,1,0.03,64,0,MED
75372951,Roosevelt MHC,16185,314,189,1,0.00,60,2,MED
75372985,Roosevelt MHC,16131,296,202,0,0.00,30,0,OK
75372993,Stafford MHC,363,219,202,0,0.00,61,0,OK
75373009,Noble Estates MHC,17037,344,188,1,0.05,42,0,MED
75373025,Needham MHP,16131,296,202,0,0.00,29,0,OK
75373033,Big Country Mobile Home & RV Park,17037,344,188,1,0.02,62,0,MED
75373058,Pleasant Acres,17037,344,188,1,0.01,118,0,MED
75373066,Hydetown Mobile Estates,15091,255,216,0,0.00,30,0,OK
75373124,Hydetown Mobile Estates,16131,296,216,0,0.00,29,0,OK
75373132,Southern Cross MHC,362,209,206,0,0.00,60,0,OK
75373140,Eastwood Hills MHC,362,209,202,0,0.00,31,0,OK
75373165,Estancia MHP,16128,295,195,0,0.00,30,0,OK
75373173,Oaklawn Park HOA,15090,254,188,0,0.00,28,0,OK
75373181,Pleasant Acres,17037,344,188,3,0.12,40,2,HIGH
75373199,Trans Canada,362,209,188,0,0.00,60,0,OK
75373207,Oaklawn Park HOA,15090,254,188,0,0.00,29,0,OK
75373231,Stafford MHC,16128,295,202,1,0.00,30,2,MED
75373264,Wildwood Estates MHC,17037,344,195,3,0.03,59,0,HIGH
75373272,Highlands MHC,362,209,206,0,0.00,60,0,OK
75373280,Hydetown Mobile Estates,15091,255,216,0,0.00,30,0,OK
75373298,Coleman Village MHC,17037,344,201,1,0.03,64,0,MED
75373314,Estancia MHP,17037,344,195,1,0.03,69,0,MED
75373322,Estancia MHP,15147,256,195,0,0.00,30,0,OK
75373355,Estancia MHP,15147,256,195,1,0.00,16,18,MED
75373389,Roosevelt MHC,16131,296,202,1,0.00,30,0,MED
75373397,Southern Cross MHC,362,209,220,0,0.00,59,0,OK
75373405,Shelby's Trailer Park,16131,296,223,0,0.00,29,0,OK
75373413,Paradise Village Cooperative MHC,15154,260,129,0,0.00,31,0,OK
75373447,Kay Lou MHC,16131,296,66,0,0.03,30,0,OK
75373454,Coleman Village MHC,16185,314,201,1,0.00,58,2,MED
75373470,Mission Apartments,16131,296,185,0,0.00,30,0,OK
75373504,Pleasant Acres,16185,314,188,1,0.00,60,2,MED
75373512,Kay Bee Mobile Villa MHP,16131,296,221,0,0.00,30,0,OK
75373520,Roosevelt MHC,16131,296,202,0,0.00,29,0,OK
75373538,Roosevelt MHC,16131,296,186,0,0.00,30,0,OK
75373561,Roosevelt MHC,16185,314,188,1,0.00,60,2,MED
75373579,Oaklawn Park HOA,15090,254,188,0,0.00,29,0,OK
75373629,Roosevelt MHC,16131,296,189,0,0.00,32,0,OK
75373637,Oaklawn Park HOA,15090,254,188,0,0.00,30,0,OK
75373645,Freedom MHP,363,219,213,0,0.03,39,0,OK
75373652,Oaklawn Park HOA,15090,254,188,0,0.00,30,0,OK
75373660,Noble Estates MHC,17037,344,188,3,0.02,57,0,HIGH
75373710,Highlands MHC,17037,344,206,1,0.00,256,0,MED
75373736,Parkwood,16022,260,89,0,0.00,30,0,OK
75373744,Coleman Village MHC,15154,260,201,0,0.00,31,0,OK
75373751,Roosevelt MHC,16131,296,188,0,0.00,30,0,OK
75373769,Oaklawn Park HOA,15090,254,188,0,0.00,30,0,OK
75373777,Estancia MHP,15147,256,195,0,0.00,30,0,OK
75373785,Estancia MHP,15147,256,195,0,0.00,27,0,OK
75373793,Freedom MHP,363,219,203,0,0.00,60,0,OK
75373819,Rush MHC,17037,344,213,1,0.69,91,0,HIGH
75373827,Shelby's Trailer Park,16131,296,223,0,0.00,29,0,OK
75373835,Roosevelt MHC,16131,296,189,0,0.00,29,0,OK
75373843,Southern Cross MHC,362,209,206,0,0.00,60,0,OK
75373876,Oak Forest Estate MHC,17037,344,188,1,0.03,58,0,MED
75373884,Estancia MHP,16128,295,195,0,0.00,30,0,OK
75373900,Estancia MHP,16185,314,195,1,0.00,64,0,MED
75373918,Roosevelt MHC,16131,296,202,0,0.00,30,0,OK
75373926,Estancia MHP,15147,256,195,0,0.00,30,0,OK
75373967,Ponderosa MHC,17037,344,188,1,0.02,64,0,MED
75373983,Roosevelt MHC,16185,314,186,1,0.00,52,2,MED
75373991,Roosevelt MHC,16131,296,189,0,0.00,30,0,OK
75374007,Oaklawn Park HOA,15090,254,213,0,0.00,30,0,OK
75374023,Roosevelt MHC,16131,296,202,0,0.00,30,0,OK
75374031,Southern Cross MHC,362,209,206,0,0.00,60,0,OK
75374049,Estancia MHP,15147,256,195,0,0.00,36,0,OK
75374056,Estancia MHP,16185,314,195,1,0.00,59,2,MED
75374072,Oak Forest Estate MHC,17037,344,188,1,0.03,67,0,MED
75374098,Oaklawn Park HOA,15090,254,188,0,0.00,30,0,OK
75374106,Mission Apartments,16131,296,213,0,0.03,32,0,OK
75374130,Hydetown Mobile Estates,15091,255,188,0,0.00,30,0,OK
75374148,Mill Creek Estates,16131,296,188,0,0.00,30,0,OK
75374155,Roosevelt MHC,16185,314,202,1,0.70,66,2,HIGH
75374189,Estancia MHP,15147,256,195,0,0.00,30,0,OK
75374205,Shelby's Trailer Park,16131,296,223,0,0.00,29,0,OK
75374213,Shelby's Trailer Park,16131,296,223,0,0.00,28,0,OK
75374221,Shelby's Trailer Park,16131,296,223,0,0.00,50,0,OK
75374247,Roosevelt MHC,16185,314,189,1,0.00,60,2,MED
75374270,Roosevelt MHC,16185,314,188,1,0.00,60,2,MED
75374288,Roosevelt MHC,16131,296,188,1,0.15,34,0,MED
75374320,Oswego MHP,17037,344,74,1,0.03,64,0,MED
75374338,Oswego MHP,16185,314,74,1,0.00,60,2,MED
75374346,Sunview MHP,17037,344,206,1,0.88,109,0,HIGH
75374353,Roosevelt MHC,16185,314,186,1,0.10,60,2,MED
75374361,Lakeview MHC,16185,314,195,1,0.00,61,2,MED
75374379,Big Country Mobile Home & RV Park,16130,296,188,1,0.00,30,0,MED
75374395,Paradise Village Cooperative MHC,15154,260,129,0,0.00,30,0,OK
75374403,Mill Creek Estates,363,219,188,0,0.00,59,0,OK
75374445,Parkwood,16022,260,89,0,0.00,31,0,OK
75374460,Alta Vista MHC,17037,344,112,1,0.03,64,0,MED
75374478,Oaklawn Park HOA,15090,254,188,0,0.00,30,0,OK
75374486,Estancia MHP,16185,314,195,1,0.03,58,2,MED
75374494,Highlands MHC,17037,344,206,1,0.00,334,0,MED
75374502,Estancia MHP,17037,344,195,12,0.91,375,0,HIGH
75374528,Oswego MHP,17037,344,74,1,0.03,72,0,MED
75374536,Kay Lou MHC,16131,296,66,0,0.00,30,0,OK
75374544,Oswego MHP,17037,344,74,1,0.02,62,0,MED
75374577,Noble Estates MHC,17037,344,89,1,0.03,63,0,MED
75374585,Parker MHC,17037,344,112,1,0.03,64,0,MED
75374593,Parkwood,17037,344,89,1,0.02,62,0,MED
75374619,Highlands MHC,362,209,206,0,0.00,61,0,OK
75374635,Mill Creek Estates,363,219,188,0,0.00,59,0,OK
75374643,Roosevelt MHC,16131,296,97,7,0.50,58,0,HIGH
75374668,Midtown MHP,15090,254,188,0,0.00,30,0,OK
75374676,Mill Creek Estates,363,219,188,0,0.00,58,0,OK
75374684,Estancia MHP,15147,256,195,0,0.00,28,0,OK
75374692,Estancia MHP,15147,256,195,0,0.00,30,0,OK
75374726,Grand Valley Estates MHC,17037,344,106,1,0.13,60,0,MED
75374734,Grand Valley Estates MHC,17037,344,106,1,0.04,53,0,MED
75374742,Kay Lou MHC,16131,296,74,0,0.00,30,0,OK
75374767,Estancia MHP,15147,256,195,0,0.00,30,0,OK
75374783,Heritage Apartments,16131,296,112,0,0.00,30,0,OK
75374791,Paradise Village Cooperative MHC,15154,260,129,0,0.00,33,0,OK
75374817,Roosevelt MHC,16185,314,189,1,0.00,60,2,MED
75374833,Highlands MHC,362,209,206,0,0.02,60,0,OK
75374858,Paradise Village Cooperative MHC,15154,260,129,0,0.00,46,0,OK
75374866,Southern Cross MHC,16185,314,220,1,0.00,142,2,MED
75374882,Kay Lou MHC,17037,344,66,1,0.03,64,0,MED
75374908,Grand Valley Estates MHC,17037,344,106,1,0.11,61,0,MED
75374940,Broken Arrow MHP,16131,296,105,0,0.00,29,0,OK
75374965,Coleman Village MHC,17037,344,201,1,0.02,62,0,MED
75374999,Pleasant Acres,16131,296,108,1,0.00,29,0,MED
75375004,Parkwood,16022,260,89,0,0.00,29,0,OK
75496388,Virginia Beach,17037,344,18,0,0.30,61,0,MED
75500130,Virginia Beach,17037,344,28,1,0.64,118,0,HIGH
75505691,Shirlee's MHP,17032,344,31,1,0.62,136,0,HIGH
77028456,Coleman Village MHC,15154,260,451,0,0.00,30,0,OK
77028498,Aurora MHC,16185,314,481,0,0.00,58,2,OK
77028506,Kingsbrook MHC,16185,314,452,1,0.03,38,2,MED
77028548,Chickadee Lane MHC,16185,314,481,1,0.00,59,2,MED
77028563,Maple Run MHP,362,209,404,0,0.00,61,0,OK
77028589,Chickadee Lane MHC,16185,314,481,1,0.00,81,2,MED
77028597,Aurora MHC,16131,296,481,0,0.00,30,0,OK
77028613,Aurora MHC,16022,260,481,0,0.00,30,0,OK
77028639,Freedom MHP,363,219,457,0,0.00,61,0,OK
77028647,Canada,362,209,451,0,0.00,60,0,OK
77028688,Holly Tree MHP,16185,314,481,1,0.00,59,2,MED
77028696,Canada,362,209,452,0,0.00,60,0,OK
77028704,Canada,362,209,452,0,0.00,63,0,OK
77028738,Downtown Metro,362,209,481,0,0.00,60,0,OK
77028746,Sky Run,16131,296,481,0,0.00,30,0,OK
77028795,Whispering Pines Mobile Estates,362,209,451,0,0.00,60,0,OK
77028803,Kingsbrook MHC,16131,296,451,0,0.00,30,0,OK
77028852,Kingsbrook MHC,16131,296,451,0,0.00,30,0,OK
77028860,Coleman Village MHC,15154,260,451,0,0.00,32,0,OK
77028878,Piney Park,16185,314,452,1,0.00,31,0,MED
77028886,Kingsbrook MHC,16131,296,452,0,0.00,30,0,OK
77028902,Eastwood Hills MHC,16185,314,451,1,0.00,62,2,MED
77028910,Trans Canada,362,209,451,0,0.00,61,0,OK
77029041,Chickadee Lane MHC,16185,314,481,1,0.00,60,2,MED
77029082,Kingsbrook MHC,16131,296,451,0,0.00,30,0,OK
77029090,Parkway MHC,16022,260,457,0,0.00,30,0,OK
77029124,Aurora MHC,16022,260,480,0,0.00,30,0,OK
77029140,Kingsbrook MHC,16131,296,451,0,0.00,30,0,OK
77029157,Canada,16185,314,452,1,0.02,59,2,MED
77029165,Canada,362,209,452,0,0.00,60,0,OK
77029207,Holly Tree MHP,17037,344,481,1,0.02,61,0,MED
77029231,Holly Tree MHP,16185,314,480,1,0.00,65,2,MED
77029314,Holly Tree MHP,16185,314,480,1,0.00,40,2,MED
77029330,Chickadee Lane MHC,16185,314,481,1,0.00,60,2,MED
77029355,Holly Tree MHP,16185,314,480,1,0.00,60,2,MED
77029363,Eastwood Hills MHC,362,209,480,0,0.00,60,0,OK
77029397,Holly Tree MHP,16185,314,480,1,0.00,60,2,MED
77029413,Holly Tree MHP,16185,314,480,1,0.00,56,2,MED
77029439,Fowler Apts MF,16185,314,461,1,0.27,60,2,MED
77029454,TN4,16131,296,451,0,0.00,30,0,OK
77029488,Pleasant Acres,16185,314,480,1,0.00,59,2,MED
77029496,Canada,16185,314,452,1,0.02,47,2,MED
77029512,Aurora MHC,16022,260,481,0,0.00,30,0,OK
77029546,Holly Tree MHP,16185,314,481,1,0.00,60,2,MED
77029553,Aurora MHC,16022,260,480,0,0.00,30,0,OK
77029595,Chickadee Lane MHC,16185,314,481,1,0.00,59,2,MED
77029629,Aurora MHC,16022,260,481,0,0.00,30,0,OK
77029751,Pleasant Acres,16185,314,481,1,0.00,60,2,MED
77036632,Kingsbrook MHC,16131,296,451,0,0.00,30,0,OK
77036640,Canada,362,209,451,0,0.00,64,0,OK
77036657,Holly Tree MHP,16185,314,481,1,0.00,60,2,MED
77036665,Green Acres MHC,362,209,451,0,0.00,63,0,OK
77036707,Canada,362,209,451,0,0.00,47,0,OK
77036863,Sky Run,16131,296,481,0,0.00,30,0,OK
77036871,Canada,362,209,452,0,0.00,60,0,OK
77036889,Pelican Shores North HOA,17028,343,480,0,0.47,97,0,MED
77036905,Sara Drive MHP,362,209,451,0,0.00,54,0,OK
77036921,Canada,16022,260,451,0,0.00,30,0,OK
77036954,Kingsbrook MHC,16131,296,451,0,0.00,30,0,OK
77041293,Fair Meadows MHC,16022,260,447,0,0.00,30,0,OK
77041301,Oaklawn Park HOA,15090,254,481,0,0.00,30,0,OK
77041327,Chickadee Lane MHC,16185,314,481,1,0.00,60,2,MED
77041335,Canada,362,209,452,0,0.00,60,0,OK
77041350,Canada,362,209,452,0,0.00,60,0,OK
77041368,Oaklawn Park HOA,15090,254,481,0,0.00,30,0,OK
77041376,Parkway MHC,17032,344,451,1,0.02,42,2,MED
77041665,Kingsbrook MHC,16131,296,451,0,0.00,30,0,OK
77041673,Canada,16185,314,452,1,0.02,62,2,MED
77041681,Canada,16185,314,451,1,0.00,60,2,MED
77041707,Carolina Springs MHP,17037,344,457,1,0.03,60,0,MED
77041715,Aurora MHC,16022,260,452,0,0.00,30,0,OK
77041756,Oaklawn Park HOA,15090,254,457,0,0.00,29,0,OK
77041772,Estancia MHP,15147,256,451,0,0.00,30,0,OK
77041780,W Poplar St Triplex,16185,314,452,1,0.02,46,2,MED
77041822,Maple Run MHC,16022,260,462,0,0.00,30,0,OK
77041848,Piney Park,16185,314,447,0,0.00,59,0,OK
77041871,Canada,16185,314,451,1,0.01,85,2,MED
77041889,Holly Tree MHP,16185,314,480,1,0.00,62,2,MED
77041913,The Oaks MHC,16131,296,451,0,0.00,30,0,OK
77041947,Lakeview MHC,362,209,480,0,0.00,60,0,OK
77041954,Piney Park,16185,314,452,0,0.00,64,0,OK
77041962,Shady Lane MHP,17028,341,455,1,0.28,75,0,MED
77041996,Holly Tree MHP,16185,314,481,1,0.00,59,2,MED
77042044,Aurora MHC,16131,296,481,0,0.00,30,0,OK
77042051,176 N Highland Ave,16022,260,480,0,0.00,30,0,OK
77042085,Holly Tree MHP,16185,314,480,1,0.00,60,2,MED
77042119,PW2,16022,260,451,0,0.00,30,0,OK
77042226,Kingsbrook MHC,16131,296,452,0,0.00,30,0,OK
77042234,The Oaks MHC,16131,296,462,0,0.00,30,0,OK
77051961,Parkway MHC,16022,260,462,0,0.00,30,0,OK
77051987,Aurora MHC,16022,260,481,0,0.00,30,0,OK
77051995,Fowler Apts MF,362,209,462,0,0.00,52,0,OK
77052019,Taylor St Triplex,362,209,462,0,0.00,60,0,OK
77052035,Parkview MHP,17037,344,462,1,0.03,65,0,MED
77052050,Whispering Pines Mobile Estates,362,209,462,0,0.00,59,0,OK
77052084,Fair Meadows MHC,16022,260,447,0,0.00,30,0,OK
77052134,Westview Mobile Estates MHC,362,209,462,0,0.00,60,0,OK
77052142,Lakeview MHC,16131,296,480,0,0.00,30,0,OK
77052167,Chickadee Lane MHC,17037,344,481,1,0.01,119,0,MED
77052183,Kachina,16131,296,481,0,0.00,30,0,OK
77052191,Holly Tree MHP,16185,314,480,1,0.00,62,2,MED
77052233,Maple Run MHC,16131,296,462,0,0.00,29,0,OK
77052258,Holly Tree MHP,16185,314,480,1,0.00,52,2,MED
77052274,Aurora MHC,16022,260,480,0,0.00,30,0,OK
77052282,Chickadee Lane MHC,16185,314,481,1,0.00,60,2,MED
77052316,Aurora MHC,16022,260,447,0,0.00,30,0,OK
77053165,Kingsbrook MHC,16131,296,451,0,0.00,30,0,OK
77053173,Carolina Springs MHP,362,209,481,0,0.00,56,0,OK
77053199,Canada,362,209,452,0,0.00,61,0,OK
77053223,Lafountaine MHC,16131,296,447,0,0.00,30,0,OK
77053231,Lakeview MHC,362,209,480,0,0.00,60,0,OK
77053249,Kingsbrook MHC,16131,296,451,0,0.00,30,0,OK
77053256,Canada,362,209,451,0,0.00,43,0,OK
77053264,Aurora MHC,16131,296,451,0,0.00,31,0,OK
77053330,Kingsbrook MHC,16131,296,451,0,0.00,30,0,OK
77053355,TN4,362,209,511,0,0.00,56,0,OK
77053405,Piney Park,16185,314,447,0,0.00,60,0,OK
77053421,Canada,362,209,452,0,0.00,60,0,OK
77053454,Coleman Village MHC,16185,314,451,1,0.00,60,2,MED
77053462,Canada,16185,314,452,0,0.00,63,2,OK
77053504,Parkway MHC,16022,260,451,0,0.00,30,0,OK
77053520,Kingsbrook MHC,16131,296,451,0,0.00,31,0,OK
77053546,Sky Run,16131,296,480,0,0.00,44,0,OK
77053561,Parkview MHP,16185,314,480,1,0.00,59,2,MED
77053793,Fair Meadows MHC,16022,260,451,0,0.00,30,0,OK
77053819,Big Country Mobile Home & RV Park,17037,344,188,1,0.02,62,0,MED
77053827,Oak Forest Estate MHC,17037,344,447,1,0.03,58,0,MED
77053835,The Oaks MHC,16131,296,462,0,0.00,30,0,OK
77053868,The Oaks MHC,16131,296,447,0,0.00,30,0,OK
77053876,Sara Drive MHP,362,209,447,0,0.00,60,0,OK
77053900,Canada,362,209,451,0,0.00,60,0,OK
77053926,Fair Meadows MHC,16022,260,452,0,0.00,29,0,OK
77053983,Kingsbrook MHC,16185,314,451,1,0.02,48,2,MED
77054007,Estancia MHP,15147,256,462,0,0.00,30,0,OK
77054015,Arizona Manor,17037,344,480,10,0.15,62,0,HIGH
77054049,Aurora MHC,16131,296,452,0,0.00,30,0,OK
77054056,Oak Forest Estate MHC,17037,344,452,1,0.04,56,0,MED
77054064,Canada,362,209,452,0,0.00,60,0,OK
77054114,Piney Park,17037,344,451,2,0.02,62,0,MED
77054122,Oak Forest Estate MHC,17037,344,447,1,0.03,59,0,MED
77054130,Alta Vista MHC,363,219,451,0,0.00,60,0,OK
77054155,Piney Park,16185,314,452,1,0.00,58,0,MED
77054163,Aurora MHC,16022,260,481,0,0.00,30,0,OK
77054189,Singing Pines,362,209,480,0,0.02,63,0,OK
77054197,Kingsbrook MHC,16131,296,451,0,0.00,30,0,OK
77054205,Papa Ken,362,209,312,0,0.00,60,0,OK
77054239,Carolina Springs MHP,362,209,481,0,0.00,52,0,OK
77054247,Eastwood Hills MHC,362,209,461,0,0.00,60,0,OK
77054254,Kingsbrook MHC,16131,296,451,0,0.00,30,0,OK
77054270,Roper Center Commercial Bldg,15090,254,250,0,0.00,30,0,OK
77054296,Kingsbrook MHC,16131,296,451,0,0.00,30,0,OK
77054346,Kingsbrook MHC,16022,260,451,0,0.00,29,0,OK
77054353,Chickadee Lane MHC,16185,314,481,1,0.00,60,2,MED
77054379,Holly Tree MHP,16185,314,481,1,0.00,60,2,MED
77054387,Fowler Apts MF,362,209,461,0,0.00,60,0,OK
77054403,Canada,362,209,451,0,0.00,60,0,OK
77054437,Alta Vista MHC,16131,296,480,0,0.00,31,0,OK
77054528,Oak Forest Estate MHC,17037,344,447,1,0.03,58,0,MED
77054536,Canada,362,209,451,0,0.00,63,0,OK
77054544,Kingsbrook MHC,16131,296,451,0,0.00,30,0,OK
77054551,Green Grove Trailer Court MHC,16131,296,511,0,0.00,30,0,OK
77054601,Piney Park,16185,314,451,2,0.00,56,0,MED
77054619,Piney Park,16185,314,452,1,0.00,60,0,MED
77054627,Carolina Springs MHP,17037,344,461,1,0.04,45,0,MED
77054668,Alta Vista MHC,363,219,451,0,0.00,60,0,OK
77054684,Holly Tree MHP,16185,314,481,1,0.00,60,2,MED
77054692,Canada,362,209,452,0,0.00,59,0,OK
77054718,Canada,362,209,451,0,0.00,58,0,OK
77054726,Canada,362,209,451,0,0.00,50,0,OK
77054866,Downtown Metro,362,209,481,0,0.00,60,0,OK
77054882,Aurora MHC,16022,260,452,0,0.00,30,0,OK
77054932,Canada,362,209,452,0,0.00,60,0,OK
77054940,Oaklawn Park HOA,15090,254,452,0,0.00,29,0,OK
77054957,Shady Lane MHP,17028,341,451,2,0.29,72,0,MED
77054981,PW2,16022,260,481,0,0.00,31,0,OK
77055020,Canada,362,209,452,0,0.00,60,0,OK
77055038,Parkway MHC,17032,344,451,1,0.02,42,2,MED
77055046,Canada,362,209,452,0,0.00,61,0,OK
77055061,Maple Run MHC,362,209,451,0,0.00,57,0,OK
77055087,Canada,362,209,452,0,0.00,60,0,OK
77055111,Kingsbrook MHC,16131,296,452,0,0.00,30,0,OK
77055129,Green Grove Trailer Court MHC,16131,296,452,0,0.00,27,0,OK
77055145,The Oaks MHC,16131,296,451,0,0.00,30,0,OK
77055236,Maple Run MHC,362,209,511,0,0.00,59,0,OK
77055244,Kingsbrook MHC,16131,296,452,0,0.00,30,0,OK
77055251,Canada,17037,344,451,1,0.05,65,0,MED
77055277,The Oaks MHC,16131,296,451,0,0.00,30,0,OK
77055285,Canada,362,209,452,0,0.00,60,0,OK
77055293,Kingsbrook MHC,16131,296,451,0,0.00,30,0,OK
77055301,Canada,362,209,451,0,0.00,60,0,OK
77055319,Canada,362,209,451,0,0.00,61,0,OK
77055335,Canada,16185,314,451,1,0.02,62,2,MED
77055350,Aurora MHC,16022,260,462,0,0.00,30,0,OK
77055368,Canada,362,209,452,0,0.00,60,0,OK
77055400,Holly Tree MHP,17037,344,480,1,0.01,100,0,MED
77055418,Canada,362,209,451,0,0.00,66,0,OK
77055426,Kingsbrook MHC,16131,296,452,0,0.00,30,0,OK
77055459,Aurora MHC,16131,296,481,0,0.00,30,0,OK
77055467,Chickadee Lane MHC,16131,296,481,0,0.00,29,0,OK
77055509,Kachina,16185,314,480,1,0.00,60,2,MED
77055517,Downtown Metro,362,209,481,0,0.00,60,0,OK
77055558,Pleasant Acres,16185,314,480,1,0.00,60,2,MED
77055566,Estancia MHP,16185,314,462,1,0.00,119,2,MED
77055582,Holly Tree MHP,16185,314,481,1,0.00,60,2,MED
77055616,Canada,362,209,451,0,0.00,59,0,OK
77055632,Kingsbrook MHC,16131,296,451,0,0.00,29,0,OK
77055673,Aurora MHC,17037,344,481,1,0.03,67,0,MED
77055699,Alta Vista MHC,16131,296,451,0,0.00,30,0,OK
77055707,Oaklawn Park HOA,15090,254,462,0,0.00,30,0,OK
77055749,Kingsbrook MHC,16131,296,452,0,0.00,30,0,OK
77055772,Kingsbrook MHC,16131,296,481,0,0.00,30,0,OK
77055863,Canada,362,209,451,0,0.00,60,0,OK
77055871,Chickadee Lane MHC,16185,314,481,1,0.00,59,2,MED
77055913,Canada,362,209,451,0,0.00,61,0,OK
77055921,Canada,362,209,452,0,0.00,51,0,OK
77056010,Hydetown Mobile Estates,15091,255,452,0,0.00,30,0,OK
77056028,Paradise Village Cooperative MHC,15154,260,451,0,0.00,35,0,OK
77056036,Eastwood Hills MHC,362,209,452,0,0.00,60,0,OK
77056069,Holly Tree MHP,16185,314,480,1,0.00,60,2,MED
77056093,Arizona Manor,362,209,480,0,0.00,60,0,OK
77056119,Kingsbrook MHC,16131,296,451,0,0.00,30,0,OK
77056127,Canada,362,209,452,0,0.00,60,0,OK
77056135,Parkway MHC,16022,260,451,0,0.00,30,0,OK
77056143,Alta Vista MHC,16131,296,461,1,0.00,30,0,MED
77056184,Aurora MHC,16131,296,481,0,0.00,30,0,OK
77056218,Kingsbrook MHC,16131,296,451,0,0.00,31,0,OK
77056242,Canada,16022,260,452,0,0.00,30,0,OK
77056275,Canada,362,209,451,0,0.00,60,0,OK
77056283,Canada,362,209,452,0,0.00,60,0,OK
77056291,Aurora MHC,16131,296,481,0,0.00,31,0,OK
77056333,Chickadee Lane MHC,17037,344,481,1,0.17,69,0,MED
77056341,The Oaks MHC,16185,314,480,1,0.02,60,2,MED
77056374,Freedom MHP,363,219,462,0,0.00,60,0,OK
77056432,Holly Tree MHP,16185,314,481,1,0.00,59,2,MED
77056440,Aurora MHC,16022,260,481,0,0.00,30,0,OK
77056481,Forest at Sherman MHC,16185,314,452,1,0.00,58,2,MED
77056507,PW2,17037,344,462,1,0.02,62,0,MED
77056523,Oak Forest Estate MHC,17037,344,447,1,0.03,58,0,MED
77056531,Canada,362,209,451,0,0.00,60,0,OK
77056549,Aurora MHC,16022,260,481,0,0.00,30,0,OK
77056556,Holly Tree MHP,16185,314,482,1,0.00,60,2,MED
77056564,Canada,362,209,451,0,0.00,74,0,OK
77056606,Kingsbrook MHC,16185,314,452,1,0.02,57,2,MED
77056622,Lafountaine MHC,16131,296,447,0,0.00,29,0,OK
77056630,The Oaks MHC,16131,296,481,0,0.00,30,0,OK
77056648,Sky Run,16131,296,481,0,0.00,30,0,OK
77056655,Kingsbrook MHC,16131,296,451,0,0.00,30,0,OK
77056663,Canada,362,209,452,0,0.00,59,0,OK
77056689,Canada,362,209,451,0,0.00,60,0,OK
77056705,Kingsbrook MHC,16131,296,451,0,0.00,32,0,OK
77056721,Piney Park,16185,314,447,2,0.00,72,0,MED
77056747,Shady Grove,362,209,452,0,0.00,60,0,OK
77056804,Canada,362,209,452,0,0.00,60,0,OK
77056820,Minot Gardens MHC,17037,344,424,1,0.02,45,0,MED
77056853,Eastwood Hills MHC,362,209,451,0,0.00,60,0,OK
77056879,Canada,16185,314,452,1,0.01,71,2,MED
77056895,Kingsbrook MHC,16131,296,404,0,0.00,55,0,OK
77056911,High Street,15147,256,424,0,0.00,28,0,OK
77056960,Parkway MHC,16022,260,399,0,0.00,30,0,OK
77056978,Canada,16185,314,451,2,0.02,49,2,MED
77056986,Downtown Metro,362,209,481,0,0.00,60,0,OK
77057018,Holly Tree MHP,16185,314,481,1,0.00,60,2,MED
77057034,Oaklawn Park HOA,15090,254,480,0,0.00,30,0,OK
77057091,Kingsbrook MHC,16131,296,451,0,0.00,30,0,OK
77057141,Aurora MHC,16022,260,480,0,0.00,30,0,OK
77057166,Aurora MHC,16022,260,481,0,0.00,30,0,OK
77057174,Downtown Metro,362,209,481,0,0.00,60,0,OK
77057208,Holly Tree MHP,16185,314,480,1,0.00,62,2,MED
77057216,PW2,17037,344,480,1,0.02,59,0,MED
77057240,Kingsbrook MHC,16131,296,462,0,0.00,16,0,OK
77057273,Green Grove Trailer Court MHC,16131,296,462,0,0.00,30,0,OK
77057281,Piney Park,16185,314,480,2,0.00,59,0,MED
77057323,Sara Drive MHP,362,209,462,0,0.00,56,0,OK
77057364,Holly Tree MHP,16185,314,481,1,0.00,59,2,MED
77057372,Aurora MHC,16131,296,481,0,0.00,30,0,OK
77057380,Oaklawn Park HOA,15090,254,462,0,0.00,27,0,OK
77057430,Minot Gardens MHC,17037,344,480,1,0.03,40,0,MED
77057448,Canada,16185,314,451,1,0.02,64,2,MED
77057455,Eastwood Hills MHC,362,209,462,0,0.00,60,0,OK
77057463,Canada,362,209,451,0,0.00,59,0,OK
77057539,Singing Pines,362,209,480,0,0.00,60,0,OK
77057547,PW2,16022,260,455,0,0.00,28,0,OK
77057562,Canada,362,209,451,0,0.00,62,0,OK
77057570,Holly Tree MHP,17037,344,481,1,0.02,62,0,MED
77057588,Sky Run,16131,296,481,0,0.00,30,0,OK
77057596,The Oaks MHC,16131,296,480,0,0.00,31,0,OK
77057604,Parkway MHC,16022,260,462,0,0.00,30,0,OK
77057620,Holly Tree MHP,16185,314,481,1,0.00,66,2,MED
77057646,Lafountaine MHC,16131,296,447,0,0.00,30,0,OK
77057661,Kingsbrook MHC,16022,260,452,0,0.00,30,0,OK
77057679,Aurora MHC,16022,260,455,1,0.00,38,4787,HIGH
77057687,Sara Drive MHP,362,209,462,0,0.00,56,0,OK
77057695,Kingsbrook MHC,16131,296,451,0,0.00,30,0,OK
77057729,Alta Vista MHC,16185,314,480,1,0.00,59,2,MED
77057786,Forest at Sherman MHC,362,209,451,0,0.00,55,0,OK
77057802,Sky Run,16131,296,481,0,0.00,30,0,OK
77057810,Singing Pines,362,209,480,0,0.00,54,0,OK
77057828,Aurora MHC,16022,260,480,0,0.00,30,0,OK
77057877,Fowler Apts MF,16022,260,461,0,0.00,30,0,OK
77057919,Sky Run,16131,296,481,0,0.00,30,0,OK
77057935,Aurora MHC,16022,260,481,0,0.00,32,0,OK
77057950,Kingsbrook MHC,16131,296,480,0,0.00,30,0,OK
77057976,Oaklawn Park HOA,15090,254,480,0,0.00,26,0,OK
77057984,Aurora MHC,17037,344,480,1,0.04,50,0,MED
77057992,Holly Tree MHP,16185,314,482,1,0.00,59,2,MED
77058008,Holly Tree MHP,16185,314,481,1,0.00,60,2,MED
77058016,Oaklawn Park HOA,15090,254,481,0,0.00,26,0,OK
77058024,Canada,16185,314,451,1,0.01,126,2,MED
77058032,Arizona Manor,362,209,480,0,0.00,60,0,OK
77058057,The Oaks MHC,16131,296,480,0,0.00,30,0,OK
77058073,Chickadee Lane MHC,16185,314,481,1,0.00,59,2,MED
77058099,Parkview MHP,16185,314,481,1,0.00,60,2,MED
77058107,Kachina,17037,344,480,1,0.16,74,0,MED
77058131,Westview Mobile Estates MHC,362,209,462,0,0.00,25,0,OK
77058172,Arizona Manor,362,209,480,0,0.00,60,0,OK
77058214,Fair Meadows MHC,16022,260,447,0,0.00,30,0,OK
77058222,Forest at Sherman MHC,16185,314,451,1,0.00,59,2,MED
77058230,Oakwood MHP,16022,260,480,0,0.00,30,0,OK
77058255,Browns MHP,15154,260,452,0,0.00,30,0,OK
77058263,Sara Drive MHP,362,209,451,0,0.00,60,0,OK
77058271,Holly Tree MHP,16185,314,481,1,0.00,59,2,MED
77058305,Alta Vista MHC,363,219,461,0,0.00,62,0,OK
77058370,Oak Forest Estate MHC,17037,344,447,1,0.05,44,0,MED
77058438,Kingsbrook MHC,16022,260,451,0,0.00,30,0,OK
77058453,Canada,362,209,451,0,0.00,60,0,OK
77058461,Kingsbrook MHC,16131,296,451,0,0.00,29,0,OK
77058479,Canada,362,209,452,0,0.00,60,0,OK
77058487,Oak Forest Estate MHC,17037,344,447,1,0.02,62,0,MED
77058529,Canada,362,209,451,0,0.00,61,0,OK
77058537,Kingsbrook MHC,16131,296,452,0,0.00,30,0,OK
77058545,Country Squire MHC,16185,314,481,1,0.00,58,0,MED
77058602,Hydetown Mobile Estates,15091,255,452,0,0.00,30,0,OK
77058610,Holly Tree MHP,17037,344,482,1,0.02,60,0,MED
77058644,Canada,16022,260,452,0,0.10,30,0,OK
77058669,Kingsbrook MHC,16131,296,452,0,0.00,30,0,OK
77058685,Parkway MHC,16022,260,405,0,0.00,30,0,OK
77058693,Maple Run MHP,362,209,405,0,0.00,60,0,OK
77058701,Canada,362,209,451,0,0.00,60,0,OK
77058719,Pelican Shores North HOA,17028,341,452,0,0.09,154,0,OK
77058727,Holly Tree MHP,16185,314,481,1,0.00,69,2,MED
77058750,Sara Drive MHP,362,209,451,0,0.00,62,0,OK
77058792,Taylor St Triplex,362,209,451,0,0.00,58,0,OK
77058834,Aurora MHC,17037,344,481,1,0.04,48,0,MED
77058883,PW2,16185,314,425,1,0.06,62,2,MED
77058917,Ontario Place MHC,16185,314,399,1,0.00,58,2,MED
77058966,Steve Schneiter 5YR 5plex-CO,16022,260,425,0,0.00,7,0,OK
77058974,High Street,16131,296,424,0,0.00,30,0,OK
77059022,Paradise Village Cooperative MHC,15154,260,425,0,0.00,31,0,OK
77059030,Coleman Village,16185,314,399,1,0.00,59,2,MED
77059147,Maple Run MHP,16131,296,404,0,0.03,30,0,OK
77059196,PW2,16022,260,425,0,0.00,30,0,OK
77059220,Chickadee Lane MHC,16185,314,481,1,0.00,61,2,MED
77059246,Steve Schneiter 5YR 5plex-CO,17037,344,425,1,0.05,41,0,MED
77059287,Piney Park,16185,314,425,0,0.00,53,0,OK
77059295,Kingsbrook MHC,16022,260,424,0,0.00,30,0,OK
77059303,Estancia MHP,15147,256,412,0,0.00,30,0,OK
77059352,Aurora MHC,16022,260,425,0,0.00,30,0,OK
77059360,Aurora MHC,16022,260,424,0,0.00,30,0,OK
77059402,Piney Park,16185,314,425,1,0.00,58,2,MED
77059428,PW2,16022,260,424,0,0.00,30,0,OK
77059436,Aurora MHC,16022,260,481,0,0.00,30,0,OK
77059444,Piney Park,16185,314,425,1,0.00,57,2,MED
77059477,PW2,16022,260,424,0,0.00,30,0,OK
77059527,Canada,16185,314,451,1,0.01,90,2,MED
77059543,Oaklawn Park HOA,15090,254,424,0,0.00,30,0,OK
77059550,Aurora MHC,16022,260,399,0,0.00,30,0,OK
77059584,Piney Park,16185,314,425,1,0.00,59,2,MED
77059592,PW2,16022,260,424,0,0.00,30,0,OK
77059600,Oaklawn Park HOA,15090,254,462,0,0.00,28,0,OK
77059659,Maple Run MHP,362,209,404,0,0.00,60,0,OK
77059683,Maple Run MHP,362,209,405,0,0.00,60,0,OK
77059766,PW2,16022,260,399,0,0.00,29,0,OK
77059824,Maple Run MHP,362,209,405,0,0.00,60,0,OK
77059832,Maple Run MHP,362,209,405,0,0.00,60,0,OK
77059873,Alta Vista MHC,16185,314,451,1,0.00,64,2,MED
77059881,Kingsbrook MHC,16131,296,451,1,0.00,30,0,MED
77059899,Parkway MHC,16022,260,425,0,0.00,30,0,OK
77059907,Deer Lake MHC,16185,314,404,1,0.00,59,2,MED
77059915,Maple Run MHP,362,209,405,0,0.00,60,0,OK
77059956,Coleman Village,16185,314,399,1,0.00,59,2,MED
77059964,Maple Run MHP,362,209,405,0,0.00,60,0,OK
77059972,Westview Mobile Estates MHC,16185,314,405,1,0.00,60,2,MED
77059980,Kingsbrook MHC,16131,296,404,0,0.00,30,0,OK
77059998,Maple Run MHP,362,209,405,0,0.00,58,0,OK
77060046,Canada,16022,260,452,0,0.00,30,0,OK
77060061,Alta Vista MHC,363,219,451,0,0.00,60,0,OK
77060079,Canada,362,209,452,0,0.00,60,0,OK
77060095,Kingsbrook MHC,16022,260,452,0,0.00,30,0,OK
77060111,Aurora MHC,17037,344,481,1,0.03,63,0,MED
77060129,Parkway MHC,16022,260,457,0,0.00,30,0,OK
77060145,Parkview MHP,17037,344,480,1,0.04,46,0,MED
77060178,Canada,362,209,451,0,0.00,60,0,OK
77060186,Kingsbrook MHC,16131,296,451,0,0.00,30,0,OK
77060194,Estancia MHP,15147,256,480,0,0.00,30,0,OK
77060202,Canada,17037,344,452,0,0.74,85,0,HIGH
77060210,Kingsbrook MHC,16131,296,451,0,0.00,30,0,OK
77060228,Holly Tree MHP,16185,314,452,1,0.00,60,0,MED
77060236,Piney Park,16185,314,447,1,0.00,60,0,MED
77060251,Canada,362,209,452,0,0.00,63,0,OK
77060277,Kingsbrook MHC,16022,260,451,0,0.00,29,0,OK
77060285,Kingsbrook MHC,16131,296,451,0,0.00,30,0,OK
77060293,Maple Run MHC,362,209,452,0,0.00,56,0,OK
77060343,Riverview Apartments MF,17037,344,451,1,0.04,48,0,MED
77060350,Westview Mobile Estates MHC,362,209,480,0,0.00,59,0,OK
77060442,Kingsbrook MHC,16131,296,452,1,0.00,30,0,MED
77060459,Canada,362,209,452,0,0.00,61,0,OK
77060475,Canada,362,209,451,0,0.00,69,0,OK
77060855,Sara Drive MHP,362,209,451,0,0.00,57,0,OK
77060889,Green Grove Trailer Court MHC,16131,296,462,0,0.00,30,0,OK
77060897,Oak Forest Estate MHC,17037,344,452,1,0.12,156,0,MED
77060970,Aurora MHC,16185,314,481,0,0.00,64,2,OK
77060988,Aurora MHC,17037,344,481,1,0.03,64,0,MED
77060996,Downtown Metro,362,209,481,0,0.00,60,0,OK
77061010,Aurora MHC,16022,260,481,0,0.00,32,0,OK
77061028,Kingsbrook MHC,16131,296,451,0,0.00,30,0,OK
77061036,The Oaks MHC,16131,296,452,0,0.00,30,0,OK
77061069,Maple Run MHP,362,209,406,0,0.00,60,0,OK
77061085,Canada,362,209,452,0,0.00,60,0,OK
77061119,Alta Vista MHC,16185,314,481,1,0.00,60,2,MED
77061168,Canada,362,209,452,0,0.00,60,0,OK
77061184,Eastwood Hills MHC,362,209,480,0,0.00,35,0,OK
77061192,PW2,16022,260,461,0,0.00,30,0,OK
77061275,Piney Park,16185,314,481,0,0.00,57,0,OK
77061283,Holly Tree MHP,16185,314,451,2,0.00,58,0,MED
77061291,Parkwood,16185,314,451,1,0.00,62,2,MED
77061309,Canada,362,209,451,0,0.00,60,0,OK
77061333,Kingsbrook MHC,16131,296,451,0,0.00,30,0,OK
77061341,Kingsbrook MHC,16131,296,452,0,0.00,30,0,OK
77061366,Chickadee Lane MHC,16185,314,481,1,0.00,59,2,MED
77061424,Canada,16185,314,452,1,0.02,64,2,MED
77061432,Carolina Springs MHP,16131,296,462,0,0.00,60,0,OK
77061457,Piney Park,16185,314,452,1,0.00,60,0,MED
77061465,Piney Park,16185,314,452,1,0.00,59,2,MED
77061515,Canada,362,209,452,0,0.00,60,0,OK
77061523,Hydetown Mobile Estates,15091,255,447,0,0.00,30,2,OK
77061531,Alta Vista MHC,16185,314,451,1,0.00,60,2,MED
77061549,Downtown Metro,362,209,481,0,0.00,60,0,OK
77061580,PW2,16185,314,452,1,0.00,60,2,MED
77061614,Aurora MHC,16022,260,480,0,0.00,31,0,OK
77061630,Maple Run MHC,362,209,481,0,0.00,60,0,OK
77061648,Canada,362,209,451,0,0.00,61,0,OK
77061705,Aurora MHC,17037,344,481,1,0.03,63,0,MED
77061721,Holly Tree MHP,16185,314,481,1,0.00,59,2,MED
77061739,Aurora MHC,16022,260,480,0,0.00,33,0,OK
77061762,Piney Park,16185,314,447,0,0.00,48,0,OK
77061804,Hydetown Mobile Estates,16131,296,452,0,0.00,30,0,OK
77061812,Holly Tree MHP,16185,314,481,1,0.00,59,2,MED
77061879,Alta Vista MHC,16185,314,451,1,0.00,59,2,MED
77061887,Kingsbrook MHC,16131,296,452,0,0.00,30,0,OK
77061978,Parkview MHP,17037,344,481,1,0.04,45,0,MED
77061986,Piney Park,16185,314,451,1,0.00,70,0,MED
77062117,Canada,362,209,451,0,0.00,60,0,OK
77062125,Fair Meadows MHC,16022,260,447,0,0.00,30,0,OK
77062141,Parkview MHP,16185,314,452,1,0.00,60,2,MED
79453435,Grand Valley Estates MHC,17037,344,108,1,0.06,63,0,MED
79453450,Kay Lou MHC,16131,296,66,0,0.00,30,0,OK
79453476,Heritage Apartments,16131,296,112,0,0.00,30,0,OK
79453633,Ibiza Village,17037,344,28,2,0.70,149,0,HIGH
79453658,Grand Valley Estates MHC,17037,344,106,1,0.13,60,0,MED
79453724,Parkwood,16022,260,89,0,0.00,30,0,OK
79453773,Stafford MHC,17037,344,105,2,0.03,60,0,MED
79453781,Lakeview MHC,17037,344,112,2,0.02,62,0,MED
79453898,Grand Valley Estates MHC,17037,344,106,1,0.05,94,0,MED
79453930,Paradise Village Cooperative MHC,15154,260,129,0,0.00,33,0,OK
79453971,Kay Lou MHC,16131,296,74,0,0.00,30,0,OK
79454011,Virginia Beach,17037,344,129,1,0.25,76,0,MED
79454037,Shady Lane MHP,17028,341,97,2,0.13,23,0,MED
79454060,The O in La Marque,16185,314,82,3,0.00,59,2,HIGH
79454169,Stafford MHC,16185,314,105,1,0.00,62,2,MED
79454250,Grand Valley Estates MHC,17037,344,108,1,0.16,58,0,MED
79454268,Kay Lou MHC,16131,296,66,0,0.00,30,0,OK
79454284,Paola MHC,17037,344,129,1,0.02,60,0,MED
79454292,Stafford MHC,17037,344,98,1,0.02,64,0,MED
79454318,Lake Charles Duplexes,16131,296,129,0,0.03,29,0,OK
79454326,The O in La Marque,16185,314,82,2,0.00,60,2,MED
79454367,Virginia Beach,17037,344,105,1,0.12,72,0,MED
79454417,Oswego MHP,17037,344,74,1,0.01,292,0,MED
79454433,The O in La Marque,16185,314,82,2,0.00,59,2,MED
79454458,Rustic Acres MHC,17037,344,130,1,0.04,53,0,MED
79454474,Broadway MHP DesMoines,17037,344,108,1,0.05,43,0,MED
79454482,Grand Valley Estates MHC,17037,344,108,1,0.12,60,0,MED
79454508,Grand Valley Estates MHC,17037,344,106,1,0.04,54,0,MED
79454524,Lake Charles Duplexes,16022,260,129,0,0.00,30,0,OK
79454532,Kingsbrook MHC,16131,296,105,0,0.00,30,0,OK
79454565,Holly Tree MHP,16185,314,96,0,0.00,60,0,OK
79454599,Broadway MHP DesMoines,17037,344,96,1,0.04,46,0,MED
79454649,The O in La Marque,17037,344,81,2,0.03,64,0,MED
79454706,Trans Canada,362,209,129,0,0.00,60,0,OK
79454722,Put In Bay Condos,16131,296,96,0,0.00,30,0,OK
79454730,Grand Valley Estates MHC,17037,344,108,1,0.07,56,0,MED
79454748,Oswego MHP,17037,344,74,1,0.01,70,0,MED
79454755,Kay Lou MHC,16131,296,66,1,0.00,28,0,MED
79454797,Heritage Apartments,16131,296,112,0,0.00,30,0,OK
79454839,Auburn MHC,17037,344,123,1,0.02,62,0,MED
79454870,Broadway MHP DesMoines,17037,344,96,1,0.10,31,0,MED
79454888,Stafford MHC,16185,314,98,1,0.00,60,2,MED
79454896,Grand Valley Estates MHC,17037,344,106,1,0.03,207,0,MED
79454920,Oswego MHP,17037,344,74,1,0.52,58,0,HIGH
79454953,Oswego MHP,16185,314,74,1,0.00,60,2,MED
79455091,Grand Valley Estates MHC,17037,344,108,1,0.13,60,0,MED
79455117,Lakeview MHC,362,209,112,0,0.00,60,0,OK
79455158,Grand Valley Estates MHC,17037,344,108,1,0.05,56,0,MED
79455216,Kay Lou MHC,16131,296,74,0,0.00,30,0,OK
79455224,The O in La Marque,17037,344,82,2,0.03,63,0,MED
79455257,Fair Meadows MHC,16022,260,105,0,0.00,28,0,OK
79455265,Stafford MHC,16185,314,98,1,0.00,70,0,MED
79455281,The O in La Marque,16185,314,82,2,0.00,60,2,MED
79455323,Grand Valley Estates MHC,17037,344,108,1,0.18,57,0,MED
79455331,Lake Charles Duplexes,16131,296,129,0,0.00,30,0,OK
79455356,Broadway MHP DesMoines,17037,344,96,1,0.10,29,0,MED
79455372,Kay Lou MHC,16131,296,66,0,0.00,30,0,OK
79455380,Virginia Beach,17037,344,32,1,0.58,106,0,HIGH
79455406,Blue Sky Village MHC,15154,260,129,0,0.00,30,0,OK
79455422,Shady Lane MHP,17028,341,97,1,0.12,60,0,MED
79455562,Kay Lou MHC,17037,344,66,1,0.05,44,0,MED
79455570,Roosevelt MHC,16131,296,96,0,0.00,30,0,OK
79455646,Willapa Shores,17028,341,32,2,0.77,173,0,HIGH
79455703,Shirlee's MHP,17032,344,31,1,0.81,160,0,HIGH
79455711,Heritage Apartments,16131,296,112,0,0.00,30,0,OK
79455752,Shirlee's MHP,17032,344,31,1,0.56,103,0,HIGH
79455778,Parkwood,17037,344,96,1,0.03,64,0,MED
79455786,Virginia Beach,17037,344,105,1,0.21,75,0,MED
79455794,Grand Valley Estates MHC,17037,344,108,1,0.12,60,0,MED
79455810,Shirlee's MHP,17032,344,31,1,0.48,98,0,MED
79455877,Shirlee's MHP,17032,344,31,2,0.60,103,0,HIGH
79455935,Grand Valley Estates MHC,17037,344,108,1,0.05,62,0,MED
79455992,Grand Valley Estates MHC,17037,344,108,1,0.04,54,0,MED
79456016,Shirlee's MHP,17037,344,31,1,0.67,155,0,HIGH
79456115,Broadway MHP DesMoines,17037,344,96,1,0.10,21,0,MED
79456149,The O in La Marque,16185,314,82,2,0.00,59,2,MED
79456180,The O in La Marque,16185,314,82,2,0.00,59,2,MED
79456271,Stafford MHC,17037,344,98,1,0.00,263,0,MED
79456487,Virginia Beach,17037,344,25,1,0.72,302,0,HIGH
79456966,Grand Valley Estates MHC,17037,344,66,1,0.04,54,0,MED
79457097,Shirlee's MHP,17032,344,31,1,0.89,177,0,HIGH
79457105,Oakwood MHP,16022,260,96,0,0.00,28,0,OK
79457683,Grand Valley Estates MHC,17037,344,108,1,0.13,60,0,MED
79458038,Kay Lou MHC,16131,296,66,0,0.00,30,0,OK
79458178,Virginia Beach,17037,344,18,0,0.39,64,0,MED
79458236,Broadway MHP DesMoines,17037,344,96,1,0.05,39,0,MED
79458392,Broadway MHP DesMoines,17037,344,108,1,0.10,21,0,MED
79458517,Paola MHC,16185,314,129,1,0.00,57,2,MED
79458954,Virginia Beach,17037,344,28,1,0.53,141,0,HIGH
79459200,Oswego MHP,17037,344,74,1,0.02,62,0,MED
79459267,Oswego MHP,16185,314,74,1,0.00,64,2,MED
79459283,Ibiza Village,17028,343,28,1,0.78,138,0,HIGH
79459408,Shirlee's MHP,17032,344,31,1,0.74,156,0,HIGH
79459416,Oakwood MHP,16022,260,96,0,0.00,30,0,OK
79459473,Shirlee's MHP,17032,344,31,1,0.65,116,0,HIGH
79459507,Virginia Beach,17037,344,32,2,0.75,189,0,HIGH
79459929,Shirlee's MHP,17032,344,31,1,0.42,74,0,MED
79459994,Paradise Village Cooperative MHC,15154,260,129,0,0.00,30,0,OK
79460026,Auburn MHC,17037,344,123,1,0.03,67,0,MED
79460190,Virginia Beach,17037,344,28,1,0.65,113,0,HIGH
79460208,Broadway MHP DesMoines,17037,344,96,1,0.07,30,0,MED
79460224,Alta Vista MHC,363,219,112,0,0.00,60,0,OK
79460315,Oswego MHP,17037,344,74,1,0.03,64,0,MED
79460422,Kay Lou MHC,17032,344,66,1,0.02,64,0,MED
79460471,Lakeview MHC,17037,344,112,2,0.03,64,0,MED
79460497,Rustic Acres MHC,17037,344,130,1,0.03,61,0,MED
79460505,The O in La Marque,17037,344,82,2,0.04,70,0,MED
79460521,Blue Sky Village MHC,15154,260,130,0,0.00,30,0,OK
79460539,Parkwood,16022,260,89,0,0.00,30,0,OK
79460547,Kay Lou MHC,16131,296,66,0,0.00,30,0,OK
79460554,Paola MHC,17037,344,129,1,0.03,62,0,MED
79460588,Oaklawn Park HOA,15090,260,124,0,0.00,30,0,OK
79460596,Lake Charles Duplexes,16131,296,129,0,0.00,30,0,OK
79460612,Kingsbrook MHC,16185,314,105,1,0.02,46,2,MED
79460620,The O in La Marque,16185,314,82,2,0.00,59,2,MED
79460638,Grand Valley Estates MHC,17037,344,106,1,0.11,65,0,MED
79460646,Grand Valley Estates MHC,17037,344,106,1,0.07,56,0,MED
79460661,The O in La Marque,17037,344,82,2,0.03,64,0,MED
79460679,Auburn MHC,17037,344,123,1,0.03,63,0,MED
79460687,The O in La Marque,16185,314,81,3,0.00,60,2,HIGH
79460695,Paola MHC,16185,314,129,1,0.00,68,2,MED
79460729,Riley Lane,15154,260,130,0,0.00,29,0,OK
79460737,J&L MHP,15154,260,124,0,0.00,32,0,OK
79460745,Virginia Beach,17037,344,129,1,0.10,72,0,MED
79460778,Paola MHC,16185,314,129,1,0.00,60,2,MED
79460786,Broadway MHP DesMoines,17037,344,96,1,0.22,9,0,MED
79460794,Broken Arrow MHP,17037,344,105,1,0.83,280,0,HIGH
79460810,Country Squire MHC,16185,314,123,1,0.00,74,0,MED
79460851,Virginia Beach,17037,344,28,1,0.64,112,0,HIGH
79460885,Fair Lane MHC,15154,260,130,0,0.00,30,0,OK
79460901,Holly Tree MHP,16185,314,123,1,0.00,54,0,MED
79460950,J&L MHP,15154,260,124,0,0.00,29,0,OK
79460976,The O in La Marque,16185,314,82,2,0.00,60,1,MED
79460992,Kay Bee Mobile Villa MHP,16185,314,130,1,0.02,65,2,MED
79461016,Paradise Village Cooperative MHC,15154,260,129,0,0.00,34,0,OK
79461040,Roosevelt MHC,16131,296,97,1,0.00,28,0,MED
79461057,Fair Meadows MHC,16022,260,129,0,0.00,30,0,OK
79461073,Holly Tree MHP,16185,314,123,1,0.00,58,0,MED
79461081,Grand Valley Estates MHC,17037,344,106,1,0.09,56,0,MED
79461099,Grand Valley Estates MHC,17037,344,108,1,0.12,58,0,MED
79461107,Holly Tree MHP,17037,344,123,1,0.01,147,0,MED
79461115,Shady Lane MHP,17037,344,97,1,0.05,42,0,MED
79461123,Paradise Village Cooperative MHC,15154,260,129,0,0.00,35,0,OK
79461131,Holly Tree MHP,16185,314,123,1,0.00,116,0,MED
79461172,Backcountry MHC,15154,260,130,0,0.00,42,0,OK
79461180,The O in La Marque,17037,344,81,2,0.02,61,0,MED
79461198,Country Squire MHC,16185,314,123,1,0.00,47,0,MED
79461222,Holly Tree MHP,16185,314,123,1,0.00,86,0,MED
79461230,Heritage Apartments,16131,296,112,0,0.00,30,0,OK
79461255,Shirlee's MHP,17032,344,31,1,0.63,120,0,HIGH
79461271,Paola MHC,17037,344,129,1,0.02,63,0,MED
79461289,Kay Bee Mobile Villa MHP,16131,296,129,0,0.00,30,0,OK
79461313,Rustic Acres MHC,17037,344,130,1,0.06,48,0,MED
79461321,Roosevelt MHC,16131,296,97,0,0.00,30,0,OK
79461388,Holly Tree MHP,16185,314,123,1,0.00,59,0,MED
79461396,Backcountry MHC,16185,314,130,1,0.00,61,2,MED
79461461,Grand Valley Estates MHC,17037,344,106,1,0.11,53,0,MED
79461487,Lakeview MHC,17037,344,112,1,0.04,57,0,MED
79461511,Lake Charles Duplexes,16131,296,129,0,0.00,30,0,OK
79461529,Country Squire MHC,16185,314,123,1,0.00,63,0,MED
79461537,Virginia Beach,17037,344,105,1,0.17,65,0,MED
79461545,Paola MHC,16185,314,129,1,0.00,58,2,MED
79461552,Paola MHC,17037,344,129,1,0.02,60,0,MED
79461560,Paola MHC,17037,344,130,1,0.02,46,0,MED
79461578,Paola MHC,17037,344,129,1,0.02,106,0,MED
79461586,Lake Charles Duplexes,17037,344,129,1,0.27,56,0,MED
79461602,Virginia Beach,17037,344,130,1,0.15,75,0,MED
79461610,Pelican Shores North HOA,17037,344,92,4,0.12,254,0,HIGH
79461644,Rustic Acres MHC,17037,344,130,2,0.09,65,0,MED
79461669,Broken Arrow MHP,16131,296,105,0,0.00,29,0,OK
79461685,8 OnElaine,17037,344,130,2,0.06,248,0,MED
79461701,Trans Canada,362,209,129,0,0.00,60,0,OK
79461727,The O in La Marque,16185,314,81,2,0.00,59,2,MED
79461768,Shady Lane MHP,17028,341,96,1,0.05,56,0,MED
79461834,Stafford MHC,17037,344,98,1,0.01,76,0,MED
79461883,Auburn MHC,17037,344,123,1,0.03,64,0,MED
79461891,The O in La Marque,16185,314,81,2,0.00,60,2,MED
79461909,Shirlee's MHP,17032,344,31,2,0.55,159,0,HIGH
79461966,Paola MHC,16185,314,129,1,0.00,34,2,MED
79461990,Virginia Beach,17037,344,129,1,0.12,57,0,MED
79462006,Virginia Beach,17037,344,32,1,0.52,139,0,HIGH
79462022,Holly Tree MHP,16185,314,123,1,0.00,60,0,MED
79462048,Holly Tree MHP,17037,344,123,1,0.03,64,0,MED
79462121,Rustic Acres MHC,17037,344,130,1,0.03,65,0,MED
79462154,Paradise Village Cooperative MHC,15154,260,129,0,0.00,35,0,OK
79462246,Paola MHC,16185,314,129,1,0.00,54,2,MED
79462261,Grand Valley Estates MHC,17037,344,106,1,0.03,58,0,MED
79462287,Grand Valley Estates MHC,17037,344,106,1,0.12,58,0,MED
79462329,Oakwood MHP,16022,260,105,0,0.00,30,0,OK
79462493,Heritage Apartments,16131,296,112,0,0.00,30,0,OK
79462568,Backcountry MHC,16022,260,130,0,0.00,30,0,OK
79462576,Noble Estates MHC,17037,344,89,1,0.05,64,0,MED
79462600,Grand Valley Estates MHC,17037,344,106,1,0.04,54,0,MED
79462618,Grand Valley Estates MHC,17037,344,106,1,0.12,58,0,MED
79462642,Ibiza Village,17028,343,108,1,0.72,122,0,HIGH
79462709,Roosevelt MHC,16131,296,97,0,0.00,28,0,OK
79462717,Lakeview MHC,16185,314,105,1,0.00,61,2,MED
79462725,Holly Tree MHP,16185,314,123,1,0.00,49,0,MED
79462733,Holly Tree MHP,16185,314,123,1,0.00,59,0,MED
79462741,Rustic Acres MHC,17037,344,130,1,0.00,365,0,MED
79462758,Heritage Apartments,16131,296,112,0,0.00,30,0,OK
79462766,Kay Lou MHC,16131,296,66,0,0.00,30,0,OK
79462774,Ontario Place MHC,17037,344,130,1,0.04,49,0,MED
79462808,J&L MHP,15154,260,124,0,0.00,30,0,OK
79462816,Backcountry MHC,15154,260,130,0,0.00,43,0,OK
79462832,Kay Bee Mobile Villa MHP,16185,314,130,1,0.02,62,2,MED
79462857,Rustic Acres MHC,17037,344,130,1,0.03,61,0,MED
79462865,Noble Estates MHC,16185,314,129,1,0.00,57,2,MED
79462899,Heritage Apartments,16131,296,112,0,0.00,30,0,OK
79462915,Backcountry MHC,17037,344,129,1,0.02,62,0,MED
79462923,Virginia Beach,17037,344,105,1,0.17,80,0,MED
79462931,Grand Valley Estates MHC,17037,344,106,1,0.12,57,0,MED
79462949,Haven MHP,16131,296,106,0,0.00,30,0,OK
79462964,Virginia Beach,17037,344,105,1,0.11,71,0,MED
79462972,Oswego MHP,16185,314,74,1,0.00,56,2,MED
79462998,The O in La Marque,16185,314,82,3,0.00,59,2,HIGH
79463004,Lantana Trail,16185,314,129,1,0.00,60,2,MED
79463038,Auburn MHC,17037,344,123,1,0.02,62,0,MED
79463079,The O in La Marque,16185,314,82,2,0.00,60,2,MED
79463087,Auburn MHC,17037,344,123,1,0.02,60,0,MED
79463111,Kay Bee Mobile Villa MHP,16131,296,129,0,0.00,29,0,OK
79463129,Paola MHC,16185,314,129,1,0.00,39,2,MED
79463137,Fair Lane MHC,16131,296,130,0,0.00,30,0,OK
79463145,Kay Bee Mobile Villa MHP,16131,296,129,0,0.00,31,0,OK
79463160,Grand Valley Estates MHC,17037,344,106,1,0.13,60,0,MED
79463178,Grand Valley Estates MHC,17037,344,106,1,0.06,77,0,MED
79463210,Rustic Acres MHC,17037,344,130,1,0.15,33,0,MED
79463228,Oswego MHP,17037,344,74,1,0.05,62,0,MED
79463277,Kingsbrook MHC,16131,296,105,0,0.00,30,0,OK
79463285,River Bend,17037,344,81,1,0.27,55,0,MED
79463319,Virginia Beach,17037,344,105,1,0.19,72,0,MED
79463335,Oswego MHP,16185,314,74,1,0.00,80,2,MED
79463384,Heritage Apartments,16131,296,112,0,0.00,30,0,OK
79463400,Holly Tree MHP,16185,314,123,1,0.00,60,0,MED
79463418,Paola MHC,17037,344,129,1,0.02,109,0,MED
79463434,Lake Charles Duplexes,16022,260,129,0,0.00,30,0,OK
79463475,Paola MHC,16185,314,129,1,0.00,59,2,MED
79463483,Backcountry MHC,16185,314,130,1,0.00,41,2,MED
79463517,Crystal Acres MHC,17032,344,26,2,0.80,132,0,HIGH
79463533,Virginia Beach,17037,344,32,3,0.61,148,0,HIGH
79463541,Kay Lou MHC,16131,296,66,0,0.00,31,0,OK
79463558,Virginia Beach,17037,344,32,1,0.46,155,0,MED
79463590,Auburn MHC,17037,344,123,1,0.03,64,0,MED
79463632,Virginia Beach,17037,344,105,1,0.33,55,0,MED
79463772,Lake Charles Duplexes,17037,344,129,1,0.09,86,0,MED
79464093,Ontario Place MHC,16185,314,130,1,0.00,55,2,MED
79464101,Blue Sky Village MHC,16131,296,130,0,0.00,36,0,OK
79464150,Rustic Acres MHC,16185,314,130,1,0.00,58,2,MED
79464168,Holly Tree MHP,16185,314,123,1,0.00,58,0,MED
79464267,Virginia Beach,17037,344,18,0,0.35,62,0,MED
79464382,Paola MHC,17037,344,129,1,0.06,54,0,MED
79464390,Paola MHC,17037,344,129,1,0.02,60,0,MED
79464408,Grand Valley Estates MHC,17037,344,108,1,0.06,68,0,MED
79464424,Shirlee's MHP,17032,344,31,2,0.78,130,0,HIGH
79464465,Shirlee's MHP,17032,344,31,1,0.72,150,0,HIGH
79464507,Virginia Beach,17037,344,32,1,0.53,161,0,HIGH
79464556,Grand Valley Estates MHC,17037,344,106,1,0.05,56,0,MED
79464721,Kay Lou MHC,16131,296,74,0,0.00,30,0,OK
79464739,Oswego MHP,16185,314,74,1,0.00,60,2,MED
79464762,Virginia Beach,17037,344,32,3,0.76,177,0,HIGH
79465157,Oakwood MHP,16022,260,108,0,0.00,30,0,OK
79465264,Virginia Beach,17037,344,18,0,0.29,58,0,MED
79465272,The O in La Marque,16185,314,82,2,0.00,60,2,MED
79465280,Virginia Beach,17037,344,32,2,0.59,123,0,HIGH
79465439,Grand Valley Estates MHC,17037,344,108,1,0.13,60,0,MED
79465447,Kay Lou MHC,17037,344,74,1,0.05,44,0,MED
79465462,Paradise Village Cooperative MHC,16131,296,130,0,0.00,40,0,OK
79465488,The O in La Marque,16185,314,82,2,0.00,60,0,MED
79465496,Paola MHC,17037,344,129,1,0.02,57,0,MED
79465504,The O in La Marque,16185,314,82,2,0.00,60,2,MED
79465512,The Oaks MHC,16131,296,129,0,0.00,22,0,OK
79465561,Grand Valley Estates MHC,17037,344,108,1,0.04,54,0,MED
79465660,Heritage Apartments,16131,296,112,0,0.00,30,0,OK
79465702,Kay Lou MHC,17037,344,66,1,0.03,70,0,MED
79465736,Virginia Beach,17037,344,28,1,0.66,152,0,HIGH
79465835,Rustic Acres MHC,17037,344,130,1,0.01,144,0,MED
79465843,Grand Valley Estates MHC,17037,344,106,1,0.14,58,0,MED
79465850,Paradise Village Cooperative MHC,15154,260,129,0,0.00,30,0,OK
79465876,Auburn MHC,17037,344,123,0,0.02,62,0,OK
79465884,The O in La Marque,16185,314,82,2,0.00,62,2,MED
79465918,Put In Bay Condos,16185,314,96,1,0.00,57,2,MED
79465926,Grand Valley Estates MHC,17037,344,108,1,0.04,55,0,MED
79465991,Heritage Apartments,16185,314,112,1,0.02,65,2,MED
79466007,Shady Lane MHP,17037,344,96,1,0.18,72,0,MED
79466023,Lake Charles Duplexes,16022,260,129,0,0.00,28,0,OK
79466031,Auburn MHC,17037,344,123,1,0.03,70,0,MED
79466056,Oswego MHP,17037,344,74,1,0.02,62,0,MED
79466080,Haven MHP,16131,296,106,0,0.00,30,0,OK
79466106,Kay Lou MHC,17037,344,66,2,0.04,45,0,MED
79466114,Lake Charles Duplexes,16185,314,129,1,0.01,71,2,MED
79466148,Heritage Apartments,16131,296,112,0,0.00,30,0,OK
79466247,Kay Lou MHC,16131,296,74,0,0.00,30,0,OK
79466254,Heritage Apartments,16131,296,112,0,0.00,30,0,OK
79466262,Grand Valley Estates MHC,17037,344,106,1,0.04,54,0,MED
79466270,Rustic Acres MHC,17037,344,130,1,0.01,366,0,MED
79466296,Rustic Acres MHC,17037,344,130,1,0.05,43,0,MED
79466304,Shady Lane MHP,17037,344,97,1,0.16,57,0,MED
79466320,The O in La Marque,16185,314,82,2,0.00,60,2,MED
79466346,Grand Valley Estates MHC,17037,344,106,1,0.04,54,0,MED
79466353,Paola MHC,17037,344,129,1,0.03,63,0,MED
79466361,Heritage Apartments,16131,296,112,0,0.00,30,0,OK
79466379,Shady Lane MHP,17028,341,97,1,0.14,59,0,MED
79466387,The O in La Marque,17037,344,82,3,0.02,129,0,HIGH
79466395,Hillview MHC,17037,344,63,2,0.22,60,0,MED
79466411,Paola MHC,16185,314,129,1,0.00,57,2,MED
79466437,Auburn MHC,17037,344,123,1,0.03,66,0,MED
79466452,Shady Lane MHP,17028,341,97,1,0.01,261,0,MED
79466460,Grand Valley Estates MHC,17037,344,106,1,0.12,58,0,MED
79466478,Paola MHC,17037,344,129,1,0.04,56,0,MED
79466510,The O in La Marque,16185,314,82,2,0.00,60,2,MED
79466536,Fair Meadows MHC,16022,260,106,0,0.00,30,0,OK
79466544,Lakeview MHC,16185,314,112,1,0.00,61,2,MED
79466569,The O in La Marque,16185,314,82,2,0.00,60,2,MED
79466627,Parkwood,16022,260,96,0,0.00,30,0,OK
79466635,Auburn MHC,17037,344,123,1,0.03,63,0,MED
79466643,Kingsbrook MHC,16131,296,105,0,0.00,26,0,OK
79466676,Shirlee's MHP,17032,344,31,1,0.68,146,0,HIGH
79466700,Broken Arrow MHP,17032,344,105,1,0.02,45,0,MED
79466791,Kay Lou MHC,16131,296,74,0,0.00,30,0,OK
79466858,Shady Lane MHP,17028,341,96,1,0.10,61,0,MED
79466866,Oswego MHP,16185,314,74,1,0.56,62,0,HIGH
79466890,Stafford MHC,16185,314,98,1,0.00,60,0,MED
79466908,Virginia Beach,17037,344,105,1,0.21,78,0,MED
79466924,Virginia Beach,17037,344,129,1,0.13,55,0,MED
79466965,The O in La Marque,16185,314,82,2,0.00,59,2,MED
79466999,Auburn MHC,17037,344,123,1,0.01,74,0,MED
79467005,Stafford MHC,16185,314,98,1,0.00,60,2,MED
79467013,Grand Valley Estates MHC,17037,344,106,1,0.03,72,0,MED
79467062,Lakeview MHC,362,209,112,0,0.00,43,0,OK
79467070,Broadway MHP DesMoines,17037,344,96,1,0.05,38,0,MED
79467104,Heritage Apartments,16131,296,112,0,0.00,30,0,OK
79467138,Heritage Apartments,16131,296,112,0,0.00,30,0,OK
79467435,Shirlee's MHP,17032,344,31,1,0.51,93,0,HIGH
79467997,Parkwood,16022,260,89,0,0.00,30,0,OK
79468045,Haven MHP,16131,296,106,0,0.00,30,0,OK
79468177,Broken Arrow MHP,17032,344,105,1,0.06,18,2,MED
82377623,Virginia Beach,17037,344,28,1,0.56,142,0,HIGH
