rec,date,time,bar,close,high,low,f1,f2,f3
A,1260728,1100,7,61.89,62.51,61.56,U,6,62.6100
L,1260728,1400,10,61.77,62.00,61.30,U,0,62.1033
A,1260728,1500,11,61.97,62.02,61.71,L,4,59.4000
L,1260728,1500,11,61.97,62.02,61.71,U,0,61.9767
L,1260728,1500,11,61.97,62.02,61.71,L,0,61.6167
L,1260728,1600,12,60.45,62.14,60.45,U,0,61.8500
L,1260728,1600,12,60.45,62.14,60.45,L,0,61.9333
X,1260728,1600,12,60.45,62.14,60.45,61.8738
L,1260728,1700,13,62.68,62.69,60.29,U,0,61.7233
L,1260728,1700,13,62.68,62.69,60.29,L,0,62.2500
A,1260729,200,14,61.42,61.79,59.73,U,13,62.6900
L,1260729,200,14,61.42,61.79,59.73,L,0,62.5667
L,1260729,300,15,62.19,62.45,61.41,L,0,59.7630
L,1260729,300,15,62.19,62.45,61.41,L,1,62.8833
L,1260729,400,16,61.72,62.33,61.62,U,0,62.3300
L,1260729,400,16,61.72,62.33,61.62,L,0,59.7960
L,1260729,400,16,61.72,62.33,61.62,L,1,63.2000
L,1260729,500,17,62.07,62.21,61.64,U,0,62.2100
L,1260729,500,17,62.07,62.21,61.64,L,0,59.8290
L,1260729,500,17,62.07,62.21,61.64,L,1,63.5167
L,1260729,600,18,61.47,62.10,61.06,U,0,62.0900
L,1260729,600,18,61.47,62.10,61.06,L,0,59.8620
L,1260729,600,18,61.47,62.10,61.06,L,1,63.8333
L,1260729,700,19,60.32,62.04,59.87,U,0,61.9700
L,1260729,700,19,60.32,62.04,59.87,L,0,59.8950
L,1260729,700,19,60.32,62.04,59.87,L,1,64.1500
L,1260729,800,20,59.44,60.93,58.85,U,0,61.8500
L,1260729,800,20,59.44,60.93,58.85,L,0,59.9280
L,1260729,800,20,59.44,60.93,58.85,L,1,64.4667
L,1260729,900,21,58.89,59.81,58.54,U,0,61.7300
L,1260729,900,21,58.89,59.81,58.54,L,0,59.9610
L,1260729,900,21,58.89,59.81,58.54,L,1,64.7833
L,1260729,1000,22,59.43,59.45,58.17,U,0,61.6100
L,1260729,1000,22,59.43,59.45,58.17,L,0,59.9940
L,1260729,1000,22,59.43,59.45,58.17,L,1,65.1000
A,1260729,1100,23,60.20,60.41,59.41,L,22,58.1700
L,1260729,1100,23,60.20,60.41,59.41,U,0,61.4900
L,1260729,1200,24,62.46,62.71,60.16,U,0,61.3700
L,1260729,1300,25,57.72,62.74,57.59,U,0,61.2500
A,1260729,1400,26,57.25,57.88,56.91,U,25,62.7400
A,1260729,1600,28,58.38,58.61,56.81,L,27,56.3500
L,1260730,200,30,58.66,59.02,57.72,U,0,58.1400
L,1260730,300,31,58.87,59.30,58.59,U,0,57.2200
L,1260730,300,31,58.87,59.30,58.59,L,0,58.1767
X,1260730,300,31,58.87,59.30,58.59,57.8593
L,1260730,400,32,59.51,59.69,58.70,U,0,56.3000
L,1260730,400,32,59.51,59.69,58.70,L,0,58.6333
L,1260730,500,33,60.19,60.30,59.48,U,0,55.3800
L,1260730,500,33,60.19,60.30,59.48,L,0,59.0900
L,1260730,600,34,60.69,60.77,60.00,U,0,54.4600
L,1260730,600,34,60.69,60.77,60.00,L,0,59.5467
L,1260730,700,35,62.89,62.91,60.60,U,0,53.5400
L,1260730,700,35,62.89,62.91,60.60,L,0,60.0033
L,1260730,800,36,62.38,63.47,62.07,U,0,52.6200
L,1260730,800,36,62.38,63.47,62.07,L,0,60.4600
A,1260730,900,37,62.44,62.80,61.92,U,36,63.4700
L,1260730,900,37,62.44,62.80,61.92,L,0,60.9167
L,1260730,1000,38,62.75,63.16,62.29,L,0,62.4770
L,1260730,1000,38,62.75,63.16,62.29,L,1,61.3733
L,1260730,1100,39,63.07,63.26,62.76,L,0,63.0340
L,1260730,1100,39,63.07,63.26,62.76,L,1,61.8300
L,1260730,1200,40,63.10,63.25,62.89,U,0,63.1900
L,1260730,1200,40,63.10,63.25,62.89,L,0,63.5910
L,1260730,1200,40,63.10,63.25,62.89,L,1,62.2867
X,1260730,1200,40,63.10,63.25,62.89,63.2348
L,1260730,1300,41,63.44,63.84,63.09,U,0,63.1200
L,1260730,1300,41,63.44,63.84,63.09,L,0,64.1480
L,1260730,1300,41,63.44,63.84,63.09,L,1,62.7433
L,1260730,1400,42,64.09,64.56,63.29,U,0,63.0500
L,1260730,1400,42,64.09,64.56,63.29,L,0,64.7050
L,1260730,1400,42,64.09,64.56,63.29,L,1,63.2000
X,1260730,1400,42,64.09,64.56,63.29,63.0699
Q,1260730,1400,42,64.09,64.56,63.29,63.0699,2
A,1260730,1500,43,64.18,64.48,63.98,U,42,64.5600
L,1260730,1500,43,64.18,64.48,63.98,L,0,65.2620
L,1260730,1500,43,64.18,64.48,63.98,L,1,63.6567
L,1260730,1600,44,64.54,64.64,63.98,L,0,65.8190
L,1260730,1600,44,64.54,64.64,63.98,L,1,64.1133
L,1260730,1700,45,64.72,64.85,64.32,L,0,66.3760
L,1260730,1700,45,64.72,64.85,64.32,L,1,64.5700
L,1260731,200,46,65.94,65.98,64.74,L,0,66.9330
L,1260731,200,46,65.94,65.98,64.74,L,1,65.0267
L,1260731,300,47,65.46,66.17,65.43,L,0,67.4900
L,1260731,300,47,65.46,66.17,65.43,L,1,65.4833
A,1260731,400,48,65.65,65.82,65.37,U,47,66.1700
L,1260731,400,48,65.65,65.82,65.37,L,0,68.0470
L,1260731,400,48,65.65,65.82,65.37,L,1,65.9400
L,1260731,500,49,65.59,66.06,65.39,L,0,65.7995
L,1260731,500,49,65.59,66.06,65.39,L,1,68.6040
L,1260731,500,49,65.59,66.06,65.39,L,2,66.3967
L,1260731,600,50,65.02,65.58,64.77,U,0,66.0050
L,1260731,600,50,65.02,65.58,64.77,L,0,66.2290
L,1260731,600,50,65.02,65.58,64.77,L,1,69.1610
L,1260731,600,50,65.02,65.58,64.77,L,2,66.8533
X,1260731,600,50,65.02,65.58,64.77,66.0304
L,1260731,700,51,64.29,66.77,63.85,U,0,65.9500
L,1260731,700,51,64.29,66.77,63.85,L,0,66.6586
L,1260731,700,51,64.29,66.77,63.85,L,1,69.7180
L,1260731,700,51,64.29,66.77,63.85,L,2,67.3100
A,1260731,800,52,63.94,64.49,62.39,U,51,66.7700
L,1260731,800,52,63.94,64.49,62.39,L,0,67.0881
L,1260731,800,52,63.94,64.49,62.39,L,1,70.2750
L,1260731,800,52,63.94,64.49,62.39,L,2,67.7667
L,1260731,900,53,63.71,64.17,62.63,L,0,62.6316
L,1260731,900,53,63.71,64.17,62.63,L,1,67.5176
L,1260731,900,53,63.71,64.17,62.63,L,2,70.8320
L,1260731,900,53,63.71,64.17,62.63,L,3,68.2233
L,1260731,1000,54,64.35,64.49,63.50,L,0,62.8732
L,1260731,1000,54,64.35,64.49,63.50,L,1,67.9471
L,1260731,1000,54,64.35,64.49,63.50,L,2,71.3890
L,1260731,1000,54,64.35,64.49,63.50,L,3,68.6800
L,1260731,1100,55,64.76,65.26,64.29,L,0,63.1148
L,1260731,1100,55,64.76,65.26,64.29,L,1,68.3767
L,1260731,1100,55,64.76,65.26,64.29,L,2,71.9460
L,1260731,1100,55,64.76,65.26,64.29,L,3,69.1367
L,1260731,1200,56,64.80,64.98,64.53,U,0,64.8825
L,1260731,1200,56,64.80,64.98,64.53,L,0,63.3564
L,1260731,1200,56,64.80,64.98,64.53,L,1,68.8062
L,1260731,1200,56,64.80,64.98,64.53,L,2,72.5030
L,1260731,1200,56,64.80,64.98,64.53,L,3,69.5933
L,1260731,1300,57,64.59,65.40,64.49,U,0,64.5050
L,1260731,1300,57,64.59,65.40,64.49,L,0,63.5980
L,1260731,1300,57,64.59,65.40,64.49,L,1,69.2357
L,1260731,1300,57,64.59,65.40,64.49,L,2,73.0600
L,1260731,1300,57,64.59,65.40,64.49,L,3,70.0500
L,1260731,1400,58,63.80,64.80,63.75,U,0,65.1717
L,1260731,1400,58,63.80,64.80,63.75,U,1,64.1275
L,1260731,1400,58,63.80,64.80,63.75,L,0,63.8396
L,1260731,1400,58,63.80,64.80,63.75,L,1,69.6652
L,1260731,1400,58,63.80,64.80,63.75,L,2,73.6170
L,1260731,1400,58,63.80,64.80,63.75,L,3,70.5067
L,1260731,1500,59,63.71,64.10,63.58,U,0,64.9433
L,1260731,1500,59,63.71,64.10,63.58,U,1,63.7500
L,1260731,1500,59,63.71,64.10,63.58,L,0,64.0812
L,1260731,1500,59,63.71,64.10,63.58,L,1,70.0948
L,1260731,1500,59,63.71,64.10,63.58,L,2,74.1740
L,1260731,1500,59,63.71,64.10,63.58,L,3,70.9633
X,1260731,1500,59,63.71,64.10,63.58,63.9520
L,1260731,1600,60,63.82,63.89,63.58,U,0,64.7150
L,1260731,1600,60,63.82,63.89,63.58,U,1,63.3725
L,1260731,1600,60,63.82,63.89,63.58,L,0,64.3228
L,1260731,1600,60,63.82,63.89,63.58,L,1,70.5243
L,1260731,1600,60,63.82,63.89,63.58,L,2,74.7310
L,1260731,1600,60,63.82,63.89,63.58,L,3,71.4200
L,1260731,1700,61,63.80,63.95,63.75,U,0,64.4867
L,1260731,1700,61,63.80,63.95,63.75,U,1,62.9950
L,1260731,1700,61,63.80,63.95,63.75,L,0,64.5644
L,1260731,1700,61,63.80,63.95,63.75,L,1,70.9538
L,1260731,1700,61,63.80,63.95,63.75,L,2,75.2880
L,1260731,1700,61,63.80,63.95,63.75,L,3,71.8767
X,1260731,1700,61,63.80,63.95,63.75,64.5244
L,1260803,200,62,65.89,66.50,65.05,U,0,64.2583
L,1260803,200,62,65.89,66.50,65.05,U,1,62.6175
L,1260803,200,62,65.89,66.50,65.05,L,0,64.8060
L,1260803,200,62,65.89,66.50,65.05,L,1,71.3833
L,1260803,200,62,65.89,66.50,65.05,L,2,75.8450
L,1260803,200,62,65.89,66.50,65.05,L,3,72.3333
L,1260803,300,63,65.66,65.90,65.39,U,0,66.4755
L,1260803,300,63,65.66,65.90,65.39,U,1,64.0300
L,1260803,300,63,65.66,65.90,65.39,U,2,62.2400
L,1260803,300,63,65.66,65.90,65.39,L,0,65.0476
L,1260803,300,63,65.66,65.90,65.39,L,1,71.8129
L,1260803,300,63,65.66,65.90,65.39,L,2,76.4020
L,1260803,300,63,65.66,65.90,65.39,L,3,72.7900
L,1260803,400,64,65.52,65.67,65.18,U,0,66.4509
L,1260803,400,64,65.52,65.67,65.18,U,1,63.8017
L,1260803,400,64,65.52,65.67,65.18,U,2,61.8625
L,1260803,400,64,65.52,65.67,65.18,L,0,65.2892
L,1260803,400,64,65.52,65.67,65.18,L,1,72.2424
L,1260803,400,64,65.52,65.67,65.18,L,2,76.9590
L,1260803,400,64,65.52,65.67,65.18,L,3,73.2467
L,1260803,500,65,64.70,65.56,64.60,U,0,66.4264
L,1260803,500,65,64.70,65.56,64.60,U,1,63.5733
L,1260803,500,65,64.70,65.56,64.60,U,2,61.4850
L,1260803,500,65,64.70,65.56,64.60,L,0,65.5308
L,1260803,500,65,64.70,65.56,64.60,L,1,72.6719
L,1260803,500,65,64.70,65.56,64.60,L,2,77.5160
L,1260803,500,65,64.70,65.56,64.60,L,3,73.7033
L,1260803,600,66,65.00,65.18,64.46,U,0,66.4018
L,1260803,600,66,65.00,65.18,64.46,U,1,63.3450
L,1260803,600,66,65.00,65.18,64.46,U,2,61.1075
L,1260803,600,66,65.00,65.18,64.46,L,0,65.7724
L,1260803,600,66,65.00,65.18,64.46,L,1,73.1014
L,1260803,600,66,65.00,65.18,64.46,L,2,78.0730
L,1260803,600,66,65.00,65.18,64.46,L,3,74.1600
L,1260803,700,67,66.09,66.09,63.99,U,0,66.3773
L,1260803,700,67,66.09,66.09,63.99,U,1,63.1167
L,1260803,700,67,66.09,66.09,63.99,U,2,60.7300
L,1260803,700,67,66.09,66.09,63.99,L,0,66.0140
L,1260803,700,67,66.09,66.09,63.99,L,1,73.5310
L,1260803,700,67,66.09,66.09,63.99,L,2,78.6300
L,1260803,700,67,66.09,66.09,63.99,L,3,74.6167
L,1260803,800,68,67.28,67.30,65.45,U,0,66.3527
L,1260803,800,68,67.28,67.30,65.45,U,1,62.8883
L,1260803,800,68,67.28,67.30,65.45,U,2,60.3525
L,1260803,800,68,67.28,67.30,65.45,L,0,64.1810
L,1260803,800,68,67.28,67.30,65.45,L,1,66.2556
L,1260803,800,68,67.28,67.30,65.45,L,2,73.9605
L,1260803,800,68,67.28,67.30,65.45,L,3,79.1870
L,1260803,800,68,67.28,67.30,65.45,L,4,75.0733
L,1260803,900,69,67.23,67.37,66.75,U,0,66.3282
L,1260803,900,69,67.23,67.37,66.75,U,1,62.6600
L,1260803,900,69,67.23,67.37,66.75,U,2,59.9750
L,1260803,900,69,67.23,67.37,66.75,L,0,64.3720
L,1260803,900,69,67.23,67.37,66.75,L,1,66.4972
L,1260803,900,69,67.23,67.37,66.75,L,2,74.3900
L,1260803,900,69,67.23,67.37,66.75,L,3,79.7440
L,1260803,900,69,67.23,67.37,66.75,L,4,75.5300
X,1260803,900,69,67.23,67.37,66.75,66.3438
L,1260803,1000,70,67.42,67.60,67.22,U,0,66.3036
L,1260803,1000,70,67.42,67.60,67.22,U,1,62.4317
L,1260803,1000,70,67.42,67.60,67.22,U,2,59.5975
L,1260803,1000,70,67.42,67.60,67.22,L,0,64.5630
L,1260803,1000,70,67.42,67.60,67.22,L,1,66.7388
L,1260803,1000,70,67.42,67.60,67.22,L,2,74.8195
L,1260803,1000,70,67.42,67.60,67.22,L,3,80.3010
L,1260803,1000,70,67.42,67.60,67.22,L,4,75.9867
L,1260803,1100,71,68.10,68.12,67.37,U,0,66.2791
L,1260803,1100,71,68.10,68.12,67.37,U,1,62.2033
L,1260803,1100,71,68.10,68.12,67.37,U,2,59.2200
L,1260803,1100,71,68.10,68.12,67.37,L,0,64.7540
L,1260803,1100,71,68.10,68.12,67.37,L,1,66.9804
L,1260803,1100,71,68.10,68.12,67.37,L,2,75.2490
L,1260803,1100,71,68.10,68.12,67.37,L,3,80.8580
L,1260803,1100,71,68.10,68.12,67.37,L,4,76.4433
L,1260803,1200,72,68.03,68.41,67.84,U,0,66.2545
L,1260803,1200,72,68.03,68.41,67.84,U,1,61.9750
L,1260803,1200,72,68.03,68.41,67.84,U,2,58.8425
L,1260803,1200,72,68.03,68.41,67.84,L,0,64.9450
L,1260803,1200,72,68.03,68.41,67.84,L,1,67.2220
L,1260803,1200,72,68.03,68.41,67.84,L,2,75.6786
L,1260803,1200,72,68.03,68.41,67.84,L,3,81.4150
L,1260803,1200,72,68.03,68.41,67.84,L,4,76.9000
A,1260803,1300,73,67.97,68.27,67.75,U,72,68.4100
L,1260803,1300,73,67.97,68.27,67.75,L,0,65.1360
L,1260803,1300,73,67.97,68.27,67.75,L,1,67.4636
L,1260803,1300,73,67.97,68.27,67.75,L,2,76.1081
L,1260803,1300,73,67.97,68.27,67.75,L,3,81.9720
L,1260803,1300,73,67.97,68.27,67.75,L,4,77.3567
L,1260803,1400,74,68.15,68.24,67.81,L,0,67.9978
L,1260803,1400,74,68.15,68.24,67.81,L,1,65.3270
L,1260803,1400,74,68.15,68.24,67.81,L,2,67.7052
L,1260803,1400,74,68.15,68.24,67.81,L,3,76.5376
L,1260803,1400,74,68.15,68.24,67.81,L,4,82.5290
L,1260803,1400,74,68.15,68.24,67.81,L,5,77.8133
L,1260803,1500,75,68.14,68.18,68.01,L,0,68.2457
L,1260803,1500,75,68.14,68.18,68.01,L,1,65.5180
L,1260803,1500,75,68.14,68.18,68.01,L,2,67.9468
L,1260803,1500,75,68.14,68.18,68.01,L,3,76.9671
L,1260803,1500,75,68.14,68.18,68.01,L,4,83.0860
L,1260803,1500,75,68.14,68.18,68.01,L,5,78.2700
L,1260803,1600,76,68.26,68.38,68.10,L,0,68.4935
L,1260803,1600,76,68.26,68.38,68.10,L,1,65.7090
L,1260803,1600,76,68.26,68.38,68.10,L,2,68.1884
L,1260803,1600,76,68.26,68.38,68.10,L,3,77.3967
L,1260803,1600,76,68.26,68.38,68.10,L,4,83.6430
L,1260803,1600,76,68.26,68.38,68.10,L,5,78.7267
L,1260803,1700,77,68.47,68.47,68.18,L,0,68.7413
L,1260803,1700,77,68.47,68.47,68.18,L,1,65.9000
L,1260803,1700,77,68.47,68.47,68.18,L,2,68.4300
L,1260803,1700,77,68.47,68.47,68.18,L,3,77.8262
L,1260803,1700,77,68.47,68.47,68.18,L,4,84.2000
L,1260803,1700,77,68.47,68.47,68.18,L,5,79.1833
L,1260804,200,78,69.16,69.61,68.47,L,0,68.9891
L,1260804,200,78,69.16,69.61,68.47,L,1,66.0910
L,1260804,200,78,69.16,69.61,68.47,L,2,68.6716
L,1260804,200,78,69.16,69.61,68.47,L,3,78.2557
L,1260804,200,78,69.16,69.61,68.47,L,4,84.7570
L,1260804,200,78,69.16,69.61,68.47,L,5,79.6400
A,1260804,300,79,69.21,69.28,68.74,U,78,69.6100
L,1260804,300,79,69.21,69.28,68.74,L,0,69.2370
L,1260804,300,79,69.21,69.28,68.74,L,1,66.2820
L,1260804,300,79,69.21,69.28,68.74,L,2,68.9132
L,1260804,300,79,69.21,69.28,68.74,L,3,78.6852
L,1260804,300,79,69.21,69.28,68.74,L,4,85.3140
L,1260804,300,79,69.21,69.28,68.74,L,5,80.0967
L,1260804,400,80,69.49,69.69,69.15,L,0,69.4848
L,1260804,400,80,69.49,69.69,69.15,L,1,66.4730
L,1260804,400,80,69.49,69.69,69.15,L,2,69.1548
L,1260804,400,80,69.49,69.69,69.15,L,3,79.1148
L,1260804,400,80,69.49,69.69,69.15,L,4,85.8710
L,1260804,400,80,69.49,69.69,69.15,L,5,80.5533
L,1260804,500,81,70.34,70.40,69.48,L,0,69.7326
L,1260804,500,81,70.34,70.40,69.48,L,1,66.6640
L,1260804,500,81,70.34,70.40,69.48,L,2,69.3964
L,1260804,500,81,70.34,70.40,69.48,L,3,79.5443
L,1260804,500,81,70.34,70.40,69.48,L,4,86.4280
L,1260804,500,81,70.34,70.40,69.48,L,5,81.0100
A,1260804,600,82,70.11,70.35,70.01,U,81,70.4000
L,1260804,600,82,70.11,70.35,70.01,L,0,69.9804
L,1260804,600,82,70.11,70.35,70.01,L,1,66.8550
L,1260804,600,82,70.11,70.35,70.01,L,2,69.6380
L,1260804,600,82,70.11,70.35,70.01,L,3,79.9738
L,1260804,600,82,70.11,70.35,70.01,L,4,86.9850
L,1260804,600,82,70.11,70.35,70.01,L,5,81.4667
L,1260804,700,83,71.94,72.21,70.02,L,0,70.2283
L,1260804,700,83,71.94,72.21,70.02,L,1,67.0460
L,1260804,700,83,71.94,72.21,70.02,L,2,69.8796
L,1260804,700,83,71.94,72.21,70.02,L,3,80.4033
L,1260804,700,83,71.94,72.21,70.02,L,4,87.5420
L,1260804,700,83,71.94,72.21,70.02,L,5,81.9233
L,1260804,800,84,72.56,72.71,71.73,L,0,70.4761
L,1260804,800,84,72.56,72.71,71.73,L,1,67.2370
L,1260804,800,84,72.56,72.71,71.73,L,2,70.1212
L,1260804,800,84,72.56,72.71,71.73,L,3,80.8329
L,1260804,800,84,72.56,72.71,71.73,L,4,88.0990
L,1260804,800,84,72.56,72.71,71.73,L,5,82.3800
L,1260804,900,85,73.42,73.60,72.53,L,0,70.7239
L,1260804,900,85,73.42,73.60,72.53,L,1,67.4280
L,1260804,900,85,73.42,73.60,72.53,L,2,70.3628
L,1260804,900,85,73.42,73.60,72.53,L,3,81.2624
L,1260804,900,85,73.42,73.60,72.53,L,4,88.6560
L,1260804,900,85,73.42,73.60,72.53,L,5,82.8367
L,1260804,1000,86,73.94,73.95,73.36,L,0,70.9717
L,1260804,1000,86,73.94,73.95,73.36,L,1,67.6190
L,1260804,1000,86,73.94,73.95,73.36,L,2,70.6044
L,1260804,1000,86,73.94,73.95,73.36,L,3,81.6919
L,1260804,1000,86,73.94,73.95,73.36,L,4,89.2130
L,1260804,1000,86,73.94,73.95,73.36,L,5,83.2933
L,1260804,1100,87,74.57,75.00,73.91,L,0,71.2196
L,1260804,1100,87,74.57,75.00,73.91,L,1,67.8100
L,1260804,1100,87,74.57,75.00,73.91,L,2,70.8460
L,1260804,1100,87,74.57,75.00,73.91,L,3,82.1214
L,1260804,1100,87,74.57,75.00,73.91,L,4,89.7700
L,1260804,1100,87,74.57,75.00,73.91,L,5,83.7500
A,1260804,1200,88,74.88,74.99,74.39,U,87,75.0000
L,1260804,1200,88,74.88,74.99,74.39,L,0,71.4674
L,1260804,1200,88,74.88,74.99,74.39,L,1,68.0010
L,1260804,1200,88,74.88,74.99,74.39,L,2,71.0876
L,1260804,1200,88,74.88,74.99,74.39,L,3,82.5510
L,1260804,1200,88,74.88,74.99,74.39,L,4,90.3270
L,1260804,1200,88,74.88,74.99,74.39,L,5,84.2067
L,1260804,1300,89,74.83,75.41,74.65,L,0,71.7152
L,1260804,1300,89,74.83,75.41,74.65,L,1,68.1920
L,1260804,1300,89,74.83,75.41,74.65,L,2,71.3292
L,1260804,1300,89,74.83,75.41,74.65,L,3,82.9805
L,1260804,1300,89,74.83,75.41,74.65,L,4,90.8840
L,1260804,1300,89,74.83,75.41,74.65,L,5,84.6633
A,1260804,1400,90,74.40,75.39,73.95,U,89,75.4100
L,1260804,1400,90,74.40,75.39,73.95,L,0,71.9630
L,1260804,1400,90,74.40,75.39,73.95,L,1,68.3830
L,1260804,1400,90,74.40,75.39,73.95,L,2,71.5708
L,1260804,1400,90,74.40,75.39,73.95,L,3,83.4100
L,1260804,1400,90,74.40,75.39,73.95,L,4,91.4410
L,1260804,1400,90,74.40,75.39,73.95,L,5,85.1200
L,1260804,1500,91,74.14,74.56,74.06,L,0,74.2294
L,1260804,1500,91,74.14,74.56,74.06,L,1,72.2109
L,1260804,1500,91,74.14,74.56,74.06,L,2,68.5740
L,1260804,1500,91,74.14,74.56,74.06,L,3,71.8124
L,1260804,1500,91,74.14,74.56,74.06,L,4,83.8395
L,1260804,1500,91,74.14,74.56,74.06,L,5,91.9980
L,1260804,1500,91,74.14,74.56,74.06,L,6,85.5767
L,1260804,1600,92,74.44,74.57,74.11,L,0,74.5087
L,1260804,1600,92,74.44,74.57,74.11,L,1,72.4587
L,1260804,1600,92,74.44,74.57,74.11,L,2,68.7650
L,1260804,1600,92,74.44,74.57,74.11,L,3,72.0540
L,1260804,1600,92,74.44,74.57,74.11,L,4,84.2690
L,1260804,1600,92,74.44,74.57,74.11,L,5,92.5550
L,1260804,1600,92,74.44,74.57,74.11,L,6,86.0333
L,1260804,1700,93,74.61,74.69,74.30,L,0,74.7881
L,1260804,1700,93,74.61,74.69,74.30,L,1,72.7065
L,1260804,1700,93,74.61,74.69,74.30,L,2,68.9560
L,1260804,1700,93,74.61,74.69,74.30,L,3,72.2956
L,1260804,1700,93,74.61,74.69,74.30,L,4,84.6986
L,1260804,1700,93,74.61,74.69,74.30,L,5,93.1120
L,1260804,1700,93,74.61,74.69,74.30,L,6,86.4900
L,1260805,200,94,74.56,75.73,74.28,L,0,75.0675
L,1260805,200,94,74.56,75.73,74.28,L,1,72.9543
L,1260805,200,94,74.56,75.73,74.28,L,2,69.1470
L,1260805,200,94,74.56,75.73,74.28,L,3,72.5372
L,1260805,200,94,74.56,75.73,74.28,L,4,85.1281
L,1260805,200,94,74.56,75.73,74.28,L,5,93.6690
L,1260805,200,94,74.56,75.73,74.28,L,6,86.9467
A,1260805,300,95,74.74,74.98,74.40,U,94,75.7300
L,1260805,300,95,74.74,74.98,74.40,L,0,74.5476
L,1260805,300,95,74.74,74.98,74.40,L,1,75.3468
L,1260805,300,95,74.74,74.98,74.40,L,2,73.2022
L,1260805,300,95,74.74,74.98,74.40,L,3,69.3380
L,1260805,300,95,74.74,74.98,74.40,L,4,72.7788
L,1260805,300,95,74.74,74.98,74.40,L,5,85.5576
L,1260805,300,95,74.74,74.98,74.40,L,6,94.2260
L,1260805,300,95,74.74,74.98,74.40,L,7,87.4033
L,1260805,400,96,74.77,74.82,74.55,L,0,74.8152
L,1260805,400,96,74.77,74.82,74.55,L,1,75.6262
L,1260805,400,96,74.77,74.82,74.55,L,2,73.4500
L,1260805,400,96,74.77,74.82,74.55,L,3,69.5290
L,1260805,400,96,74.77,74.82,74.55,L,4,73.0204
L,1260805,400,96,74.77,74.82,74.55,L,5,85.9871
L,1260805,400,96,74.77,74.82,74.55,L,6,94.7830
L,1260805,400,96,74.77,74.82,74.55,L,7,87.8600
L,1260805,500,97,75.19,75.36,74.76,L,0,75.0828
L,1260805,500,97,75.19,75.36,74.76,L,1,75.9056
L,1260805,500,97,75.19,75.36,74.76,L,2,73.6978
L,1260805,500,97,75.19,75.36,74.76,L,3,69.7200
L,1260805,500,97,75.19,75.36,74.76,L,4,73.2620
L,1260805,500,97,75.19,75.36,74.76,L,5,86.4167
L,1260805,500,97,75.19,75.36,74.76,L,6,95.3400
L,1260805,500,97,75.19,75.36,74.76,L,7,88.3167
L,1260805,600,98,75.17,75.39,74.98,L,0,75.3504
L,1260805,600,98,75.17,75.39,74.98,L,1,76.1849
L,1260805,600,98,75.17,75.39,74.98,L,2,73.9457
L,1260805,600,98,75.17,75.39,74.98,L,3,69.9110
L,1260805,600,98,75.17,75.39,74.98,L,4,73.5036
L,1260805,600,98,75.17,75.39,74.98,L,5,86.8462
L,1260805,600,98,75.17,75.39,74.98,L,6,95.8970
L,1260805,600,98,75.17,75.39,74.98,L,7,88.7733
L,1260805,700,99,76.16,76.33,75.03,L,0,75.6181
L,1260805,700,99,76.16,76.33,75.03,L,1,76.4643
L,1260805,700,99,76.16,76.33,75.03,L,2,74.1935
L,1260805,700,99,76.16,76.33,75.03,L,3,70.1020
L,1260805,700,99,76.16,76.33,75.03,L,4,73.7452
L,1260805,700,99,76.16,76.33,75.03,L,5,87.2757
L,1260805,700,99,76.16,76.33,75.03,L,6,96.4540
L,1260805,700,99,76.16,76.33,75.03,L,7,89.2300
A,1260805,800,100,74.63,76.14,74.19,U,99,76.3300
L,1260805,800,100,74.63,76.14,74.19,L,0,75.8857
L,1260805,800,100,74.63,76.14,74.19,L,1,76.7437
L,1260805,800,100,74.63,76.14,74.19,L,2,74.4413
L,1260805,800,100,74.63,76.14,74.19,L,3,70.2930
L,1260805,800,100,74.63,76.14,74.19,L,4,73.9868
L,1260805,800,100,74.63,76.14,74.19,L,5,87.7052
L,1260805,800,100,74.63,76.14,74.19,L,6,97.0110
L,1260805,800,100,74.63,76.14,74.19,L,7,89.6867
L,1260805,900,101,73.80,74.95,73.63,L,0,76.1533
L,1260805,900,101,73.80,74.95,73.63,L,1,77.0230
L,1260805,900,101,73.80,74.95,73.63,L,2,74.6891
L,1260805,900,101,73.80,74.95,73.63,L,3,70.4840
L,1260805,900,101,73.80,74.95,73.63,L,4,74.2284
L,1260805,900,101,73.80,74.95,73.63,L,5,88.1348
L,1260805,900,101,73.80,74.95,73.63,L,6,97.5680
L,1260805,900,101,73.80,74.95,73.63,L,7,90.1433
L,1260805,1000,102,74.35,74.57,73.53,L,0,76.4209
L,1260805,1000,102,74.35,74.57,73.53,L,1,77.3024
L,1260805,1000,102,74.35,74.57,73.53,L,2,74.9370
L,1260805,1000,102,74.35,74.57,73.53,L,3,70.6750
L,1260805,1000,102,74.35,74.57,73.53,L,4,74.4700
L,1260805,1000,102,74.35,74.57,73.53,L,5,88.5643
L,1260805,1000,102,74.35,74.57,73.53,L,6,98.1250
L,1260805,1000,102,74.35,74.57,73.53,L,7,90.6000
L,1260805,1100,103,73.95,74.43,73.79,L,0,73.7591
L,1260805,1100,103,73.95,74.43,73.79,L,1,76.6885
L,1260805,1100,103,73.95,74.43,73.79,L,2,77.5817
L,1260805,1100,103,73.95,74.43,73.79,L,3,75.1848
L,1260805,1100,103,73.95,74.43,73.79,L,4,70.8660
L,1260805,1100,103,73.95,74.43,73.79,L,5,74.7116
L,1260805,1100,103,73.95,74.43,73.79,L,6,88.9938
L,1260805,1100,103,73.95,74.43,73.79,L,7,98.6820
L,1260805,1100,103,73.95,74.43,73.79,L,8,91.0567
L,1260805,1200,104,73.72,74.17,73.70,L,0,73.9881
L,1260805,1200,104,73.72,74.17,73.70,L,1,76.9561
L,1260805,1200,104,73.72,74.17,73.70,L,2,77.8611
L,1260805,1200,104,73.72,74.17,73.70,L,3,75.4326
L,1260805,1200,104,73.72,74.17,73.70,L,4,71.0570
L,1260805,1200,104,73.72,74.17,73.70,L,5,74.9532
L,1260805,1200,104,73.72,74.17,73.70,L,6,89.4233
L,1260805,1200,104,73.72,74.17,73.70,L,7,99.2390
L,1260805,1200,104,73.72,74.17,73.70,L,8,91.5133
L,1260805,1300,105,72.84,74.12,72.74,L,0,74.2172
L,1260805,1300,105,72.84,74.12,72.74,L,1,77.2237
L,1260805,1300,105,72.84,74.12,72.74,L,2,78.1405
L,1260805,1300,105,72.84,74.12,72.74,L,3,75.6804
L,1260805,1300,105,72.84,74.12,72.74,L,4,71.2480
L,1260805,1300,105,72.84,74.12,72.74,L,5,75.1948
L,1260805,1300,105,72.84,74.12,72.74,L,6,89.8529
L,1260805,1300,105,72.84,74.12,72.74,L,7,99.7960
L,1260805,1300,105,72.84,74.12,72.74,L,8,91.9700
L,1260805,1400,106,72.74,72.92,72.31,L,0,74.4463
L,1260805,1400,106,72.74,72.92,72.31,L,1,77.4913
L,1260805,1400,106,72.74,72.92,72.31,L,2,78.4198
L,1260805,1400,106,72.74,72.92,72.31,L,3,75.9283
L,1260805,1400,106,72.74,72.92,72.31,L,4,71.4390
L,1260805,1400,106,72.74,72.92,72.31,L,5,75.4364
L,1260805,1400,106,72.74,72.92,72.31,L,6,90.2824
L,1260805,1400,106,72.74,72.92,72.31,L,7,100.3530
L,1260805,1400,106,72.74,72.92,72.31,L,8,92.4267
L,1260805,1500,107,72.44,72.89,72.30,L,0,74.6753
L,1260805,1500,107,72.44,72.89,72.30,L,1,77.7590
L,1260805,1500,107,72.44,72.89,72.30,L,2,78.6992
L,1260805,1500,107,72.44,72.89,72.30,L,3,76.1761
L,1260805,1500,107,72.44,72.89,72.30,L,4,71.6300
L,1260805,1500,107,72.44,72.89,72.30,L,5,75.6780
L,1260805,1500,107,72.44,72.89,72.30,L,6,90.7119
L,1260805,1500,107,72.44,72.89,72.30,L,7,100.9100
L,1260805,1500,107,72.44,72.89,72.30,L,8,92.8833
L,1260805,1600,108,72.96,73.36,72.48,L,0,72.4994
L,1260805,1600,108,72.96,73.36,72.48,L,1,74.9044
L,1260805,1600,108,72.96,73.36,72.48,L,2,78.0266
L,1260805,1600,108,72.96,73.36,72.48,L,3,78.9786
L,1260805,1600,108,72.96,73.36,72.48,L,4,76.4239
L,1260805,1600,108,72.96,73.36,72.48,L,5,71.8210
L,1260805,1600,108,72.96,73.36,72.48,L,6,75.9196
L,1260805,1600,108,72.96,73.36,72.48,L,7,91.1414
L,1260805,1600,108,72.96,73.36,72.48,L,8,101.4670
L,1260805,1600,108,72.96,73.36,72.48,L,9,93.3400
L,1260805,1700,109,72.64,73.14,72.55,U,0,73.0300
L,1260805,1700,109,72.64,73.14,72.55,L,0,72.6988
L,1260805,1700,109,72.64,73.14,72.55,L,1,75.1335
L,1260805,1700,109,72.64,73.14,72.55,L,2,78.2942
L,1260805,1700,109,72.64,73.14,72.55,L,3,79.2579
L,1260805,1700,109,72.64,73.14,72.55,L,4,76.6717
L,1260805,1700,109,72.64,73.14,72.55,L,5,72.0120
L,1260805,1700,109,72.64,73.14,72.55,L,6,76.1612
L,1260805,1700,109,72.64,73.14,72.55,L,7,91.5710
L,1260805,1700,109,72.64,73.14,72.55,L,8,102.0240
L,1260805,1700,109,72.64,73.14,72.55,L,9,93.7967
L,1260806,200,110,72.20,72.78,71.66,U,0,72.7000
L,1260806,200,110,72.20,72.78,71.66,L,0,72.8981
L,1260806,200,110,72.20,72.78,71.66,L,1,75.3625
L,1260806,200,110,72.20,72.78,71.66,L,2,78.5618
L,1260806,200,110,72.20,72.78,71.66,L,3,79.5373
L,1260806,200,110,72.20,72.78,71.66,L,4,76.9196
L,1260806,200,110,72.20,72.78,71.66,L,5,72.2030
L,1260806,200,110,72.20,72.78,71.66,L,6,76.4028
L,1260806,200,110,72.20,72.78,71.66,L,7,92.0005
L,1260806,200,110,72.20,72.78,71.66,L,8,102.5810
L,1260806,200,110,72.20,72.78,71.66,L,9,94.2533
X,1260806,200,110,72.20,72.78,71.66,72.8235
L,1260806,300,111,72.24,72.28,71.61,U,0,72.3700
L,1260806,300,111,72.24,72.28,71.61,L,0,73.0975
L,1260806,300,111,72.24,72.28,71.61,L,1,75.5916
L,1260806,300,111,72.24,72.28,71.61,L,2,78.8294
L,1260806,300,111,72.24,72.28,71.61,L,3,79.8167
L,1260806,300,111,72.24,72.28,71.61,L,4,77.1674
L,1260806,300,111,72.24,72.28,71.61,L,5,72.3940
L,1260806,300,111,72.24,72.28,71.61,L,6,76.6444
L,1260806,300,111,72.24,72.28,71.61,L,7,92.4300
L,1260806,300,111,72.24,72.28,71.61,L,8,103.1380
L,1260806,300,111,72.24,72.28,71.61,L,9,94.7100
X,1260806,300,111,72.24,72.28,71.61,72.3852
Q,1260806,300,111,72.24,72.28,71.61,72.3852,2
L,1260806,400,112,71.88,72.30,71.84,U,0,72.0400
L,1260806,400,112,71.88,72.30,71.84,L,0,71.7917
L,1260806,400,112,71.88,72.30,71.84,L,1,73.2969
L,1260806,400,112,71.88,72.30,71.84,L,2,75.8207
L,1260806,400,112,71.88,72.30,71.84,L,3,79.0970
L,1260806,400,112,71.88,72.30,71.84,L,4,80.0960
L,1260806,400,112,71.88,72.30,71.84,L,5,77.4152
L,1260806,400,112,71.88,72.30,71.84,L,6,72.5850
L,1260806,400,112,71.88,72.30,71.84,L,7,76.8860
L,1260806,400,112,71.88,72.30,71.84,L,8,92.8595
L,1260806,400,112,71.88,72.30,71.84,L,9,103.6950
L,1260806,400,112,71.88,72.30,71.84,L,10,95.1667
L,1260806,500,113,71.81,72.18,71.07,U,0,71.9900
L,1260806,500,113,71.81,72.18,71.07,U,1,71.7100
L,1260806,500,113,71.81,72.18,71.07,L,0,71.9733
L,1260806,500,113,71.81,72.18,71.07,L,1,73.4963
L,1260806,500,113,71.81,72.18,71.07,L,2,76.0497
L,1260806,500,113,71.81,72.18,71.07,L,3,79.3646
L,1260806,500,113,71.81,72.18,71.07,L,4,80.3754
L,1260806,500,113,71.81,72.18,71.07,L,5,77.6630
L,1260806,500,113,71.81,72.18,71.07,L,6,72.7760
L,1260806,500,113,71.81,72.18,71.07,L,7,77.1276
L,1260806,500,113,71.81,72.18,71.07,L,8,93.2890
L,1260806,500,113,71.81,72.18,71.07,L,9,104.2520
L,1260806,500,113,71.81,72.18,71.07,L,10,95.6233
X,1260806,500,113,71.81,72.18,71.07,71.8798
K,1260806,500,113,71.81,72.18,71.07,71.8911,3
L,1260806,600,114,71.33,71.85,71.26,U,0,71.6800
L,1260806,600,114,71.33,71.85,71.26,U,1,71.3800
L,1260806,600,114,71.33,71.85,71.26,L,0,71.2412
L,1260806,600,114,71.33,71.85,71.26,L,1,72.1550
L,1260806,600,114,71.33,71.85,71.26,L,2,73.6956
L,1260806,600,114,71.33,71.85,71.26,L,3,76.2788
L,1260806,600,114,71.33,71.85,71.26,L,4,79.6322
L,1260806,600,114,71.33,71.85,71.26,L,5,80.6548
L,1260806,600,114,71.33,71.85,71.26,L,6,77.9109
L,1260806,600,114,71.33,71.85,71.26,L,7,72.9670
L,1260806,600,114,71.33,71.85,71.26,L,8,77.3692
L,1260806,600,114,71.33,71.85,71.26,L,9,93.7186
L,1260806,600,114,71.33,71.85,71.26,L,10,104.8090
L,1260806,600,114,71.33,71.85,71.26,L,11,96.0800
X,1260806,600,114,71.33,71.85,71.26,71.9795
Q,1260806,600,114,71.33,71.85,71.26,71.9795,3
L,1260806,700,115,72.26,72.44,70.16,U,0,71.3700
L,1260806,700,115,72.26,72.44,70.16,U,1,71.0500
L,1260806,700,115,72.26,72.44,70.16,L,0,71.4123
L,1260806,700,115,72.26,72.44,70.16,L,1,72.3367
L,1260806,700,115,72.26,72.44,70.16,L,2,73.8950
L,1260806,700,115,72.26,72.44,70.16,L,3,76.5079
L,1260806,700,115,72.26,72.44,70.16,L,4,79.8999
L,1260806,700,115,72.26,72.44,70.16,L,5,80.9341
L,1260806,700,115,72.26,72.44,70.16,L,6,78.1587
L,1260806,700,115,72.26,72.44,70.16,L,7,73.1580
L,1260806,700,115,72.26,72.44,70.16,L,8,77.6108
L,1260806,700,115,72.26,72.44,70.16,L,9,94.1481
L,1260806,700,115,72.26,72.44,70.16,L,10,105.3660
L,1260806,700,115,72.26,72.44,70.16,L,11,96.5367
X,1260806,700,115,72.26,72.44,70.16,71.3973
X,1260806,700,115,72.26,72.44,70.16,71.2886
Q,1260806,700,115,72.26,72.44,70.16,71.3973,2
L,1260806,800,116,73.23,73.31,71.99,U,0,71.0600
L,1260806,800,116,73.23,73.31,71.99,U,1,70.7200
L,1260806,800,116,73.23,73.31,71.99,L,0,70.3169
L,1260806,800,116,73.23,73.31,71.99,L,1,71.5835
L,1260806,800,116,73.23,73.31,71.99,L,2,72.5183
L,1260806,800,116,73.23,73.31,71.99,L,3,74.0944
L,1260806,800,116,73.23,73.31,71.99,L,4,76.7369
L,1260806,800,116,73.23,73.31,71.99,L,5,80.1675
L,1260806,800,116,73.23,73.31,71.99,L,6,81.2135
L,1260806,800,116,73.23,73.31,71.99,L,7,78.4065
L,1260806,800,116,73.23,73.31,71.99,L,8,73.3490
L,1260806,800,116,73.23,73.31,71.99,L,9,77.8524
L,1260806,800,116,73.23,73.31,71.99,L,10,94.5776
L,1260806,800,116,73.23,73.31,71.99,L,11,105.9230
L,1260806,800,116,73.23,73.31,71.99,L,12,96.9933
L,1260806,900,117,72.18,73.45,72.12,U,0,70.7500
L,1260806,900,117,72.18,73.45,72.12,U,1,70.3900
L,1260806,900,117,72.18,73.45,72.12,L,0,70.4739
L,1260806,900,117,72.18,73.45,72.12,L,1,71.7547
L,1260806,900,117,72.18,73.45,72.12,L,2,72.7000
L,1260806,900,117,72.18,73.45,72.12,L,3,74.2938
L,1260806,900,117,72.18,73.45,72.12,L,4,76.9660
L,1260806,900,117,72.18,73.45,72.12,L,5,80.4351
L,1260806,900,117,72.18,73.45,72.12,L,6,81.4929
L,1260806,900,117,72.18,73.45,72.12,L,7,78.6543
L,1260806,900,117,72.18,73.45,72.12,L,8,73.5400
L,1260806,900,117,72.18,73.45,72.12,L,9,78.0940
L,1260806,900,117,72.18,73.45,72.12,L,10,95.0071
L,1260806,900,117,72.18,73.45,72.12,L,11,106.4800
L,1260806,900,117,72.18,73.45,72.12,L,12,97.4500
X,1260806,900,117,72.18,73.45,72.12,70.4468
K,1260806,900,117,72.18,73.45,72.12,70.5380,3
L,1260806,1000,118,72.48,72.48,71.68,U,0,73.2900
L,1260806,1000,118,72.48,72.48,71.68,U,1,70.4400
L,1260806,1000,118,72.48,72.48,71.68,U,2,70.0600
L,1260806,1000,118,72.48,72.48,71.68,L,0,70.6308
L,1260806,1000,118,72.48,72.48,71.68,L,1,71.9258
L,1260806,1000,118,72.48,72.48,71.68,L,2,72.8817
L,1260806,1000,118,72.48,72.48,71.68,L,3,74.4931
L,1260806,1000,118,72.48,72.48,71.68,L,4,77.1951
L,1260806,1000,118,72.48,72.48,71.68,L,5,80.7027
L,1260806,1000,118,72.48,72.48,71.68,L,6,81.7722
L,1260806,1000,118,72.48,72.48,71.68,L,7,78.9022
L,1260806,1000,118,72.48,72.48,71.68,L,8,73.7310
L,1260806,1000,118,72.48,72.48,71.68,L,9,78.3356
L,1260806,1000,118,72.48,72.48,71.68,L,10,95.4367
L,1260806,1000,118,72.48,72.48,71.68,L,11,107.0370
L,1260806,1000,118,72.48,72.48,71.68,L,12,97.9067
X,1260806,1000,118,72.48,72.48,71.68,70.5667
Q,1260806,1000,118,72.48,72.48,71.68,70.5667,2
L,1260806,1100,119,72.26,72.61,72.01,U,0,73.1300
L,1260806,1100,119,72.26,72.61,72.01,U,1,70.1300
L,1260806,1100,119,72.26,72.61,72.01,U,2,69.7300
L,1260806,1100,119,72.26,72.61,72.01,L,0,71.8485
L,1260806,1100,119,72.26,72.61,72.01,L,1,70.7877
L,1260806,1100,119,72.26,72.61,72.01,L,2,72.0970
L,1260806,1100,119,72.26,72.61,72.01,L,3,73.0633
L,1260806,1100,119,72.26,72.61,72.01,L,4,74.6925
L,1260806,1100,119,72.26,72.61,72.01,L,5,77.4241
L,1260806,1100,119,72.26,72.61,72.01,L,6,80.9703
L,1260806,1100,119,72.26,72.61,72.01,L,7,82.0516
L,1260806,1100,119,72.26,72.61,72.01,L,8,79.1500
L,1260806,1100,119,72.26,72.61,72.01,L,9,73.9220
L,1260806,1100,119,72.26,72.61,72.01,L,10,78.5772
L,1260806,1100,119,72.26,72.61,72.01,L,11,95.8662
L,1260806,1100,119,72.26,72.61,72.01,L,12,107.5940
L,1260806,1100,119,72.26,72.61,72.01,L,13,98.3633
L,1260806,1200,120,72.15,72.61,72.03,U,0,72.9700
L,1260806,1200,120,72.15,72.61,72.03,U,1,69.8200
L,1260806,1200,120,72.15,72.61,72.03,U,2,69.4000
L,1260806,1200,120,72.15,72.61,72.03,L,0,72.0169
L,1260806,1200,120,72.15,72.61,72.03,L,1,70.9447
L,1260806,1200,120,72.15,72.61,72.03,L,2,72.2681
L,1260806,1200,120,72.15,72.61,72.03,L,3,73.2450
L,1260806,1200,120,72.15,72.61,72.03,L,4,74.8919
L,1260806,1200,120,72.15,72.61,72.03,L,5,77.6532
L,1260806,1200,120,72.15,72.61,72.03,L,6,81.2379
L,1260806,1200,120,72.15,72.61,72.03,L,7,82.3310
L,1260806,1200,120,72.15,72.61,72.03,L,8,79.3978
L,1260806,1200,120,72.15,72.61,72.03,L,9,74.1130
L,1260806,1200,120,72.15,72.61,72.03,L,10,78.8188
L,1260806,1200,120,72.15,72.61,72.03,L,11,96.2957
L,1260806,1200,120,72.15,72.61,72.03,L,12,108.1510
L,1260806,1200,120,72.15,72.61,72.03,L,13,98.8200
X,1260806,1200,120,72.15,72.61,72.03,73.0988
L,1260806,1300,121,72.01,72.56,71.86,U,0,72.8100
L,1260806,1300,121,72.01,72.56,71.86,U,1,69.5100
L,1260806,1300,121,72.01,72.56,71.86,U,2,69.0700
L,1260806,1300,121,72.01,72.56,71.86,L,0,72.1854
L,1260806,1300,121,72.01,72.56,71.86,L,1,71.1016
L,1260806,1300,121,72.01,72.56,71.86,L,2,72.4393
L,1260806,1300,121,72.01,72.56,71.86,L,3,73.4267
L,1260806,1300,121,72.01,72.56,71.86,L,4,75.0913
L,1260806,1300,121,72.01,72.56,71.86,L,5,77.8823
L,1260806,1300,121,72.01,72.56,71.86,L,6,81.5055
L,1260806,1300,121,72.01,72.56,71.86,L,7,82.6103
L,1260806,1300,121,72.01,72.56,71.86,L,8,79.6457
L,1260806,1300,121,72.01,72.56,71.86,L,9,74.3040
L,1260806,1300,121,72.01,72.56,71.86,L,10,79.0604
L,1260806,1300,121,72.01,72.56,71.86,L,11,96.7252
L,1260806,1300,121,72.01,72.56,71.86,L,12,108.7080
L,1260806,1300,121,72.01,72.56,71.86,L,13,99.2767
L,1260806,1400,122,72.07,72.39,71.90,U,0,72.6500
L,1260806,1400,122,72.07,72.39,71.90,U,1,69.2000
L,1260806,1400,122,72.07,72.39,71.90,U,2,68.7400
L,1260806,1400,122,72.07,72.39,71.90,L,0,72.0250
L,1260806,1400,122,72.07,72.39,71.90,L,1,72.3538
L,1260806,1400,122,72.07,72.39,71.90,L,2,71.2585
L,1260806,1400,122,72.07,72.39,71.90,L,3,72.6105
L,1260806,1400,122,72.07,72.39,71.90,L,4,73.6083
L,1260806,1400,122,72.07,72.39,71.90,L,5,75.2906
L,1260806,1400,122,72.07,72.39,71.90,L,6,78.1113
L,1260806,1400,122,72.07,72.39,71.90,L,7,81.7731
L,1260806,1400,122,72.07,72.39,71.90,L,8,82.8897
L,1260806,1400,122,72.07,72.39,71.90,L,9,79.8935
L,1260806,1400,122,72.07,72.39,71.90,L,10,74.4950
L,1260806,1400,122,72.07,72.39,71.90,L,11,79.3020
L,1260806,1400,122,72.07,72.39,71.90,L,12,97.1548
L,1260806,1400,122,72.07,72.39,71.90,L,13,109.2650
L,1260806,1400,122,72.07,72.39,71.90,L,14,99.7333
K,1260806,1400,122,72.07,72.39,71.90,72.5381,3
L,1260806,1500,123,72.15,72.20,72.05,U,0,72.4900
L,1260806,1500,123,72.15,72.20,72.05,U,1,68.8900
L,1260806,1500,123,72.15,72.20,72.05,U,2,68.4100
L,1260806,1500,123,72.15,72.20,72.05,L,0,72.1900
L,1260806,1500,123,72.15,72.20,72.05,L,1,72.5223
L,1260806,1500,123,72.15,72.20,72.05,L,2,71.4155
L,1260806,1500,123,72.15,72.20,72.05,L,3,72.7816
L,1260806,1500,123,72.15,72.20,72.05,L,4,73.7900
L,1260806,1500,123,72.15,72.20,72.05,L,5,75.4900
L,1260806,1500,123,72.15,72.20,72.05,L,6,78.3404
L,1260806,1500,123,72.15,72.20,72.05,L,7,82.0407
L,1260806,1500,123,72.15,72.20,72.05,L,8,83.1690
L,1260806,1500,123,72.15,72.20,72.05,L,9,80.1413
L,1260806,1500,123,72.15,72.20,72.05,L,10,74.6860
L,1260806,1500,123,72.15,72.20,72.05,L,11,79.5436
L,1260806,1500,123,72.15,72.20,72.05,L,12,97.5843
L,1260806,1500,123,72.15,72.20,72.05,L,13,109.8220
L,1260806,1500,123,72.15,72.20,72.05,L,14,100.1900
X,1260806,1500,123,72.15,72.20,72.05,72.5057
X,1260806,1500,123,72.15,72.20,72.05,72.6309
K,1260806,1500,123,72.15,72.20,72.05,72.4960,4
Q,1260806,1500,123,72.15,72.20,72.05,72.5057,2
L,1260806,1600,124,72.51,72.60,72.02,U,0,72.3300
L,1260806,1600,124,72.51,72.60,72.02,U,1,68.5800
L,1260806,1600,124,72.51,72.60,72.02,U,2,68.0800
L,1260806,1600,124,72.51,72.60,72.02,L,0,72.3550
L,1260806,1600,124,72.51,72.60,72.02,L,1,72.6908
L,1260806,1600,124,72.51,72.60,72.02,L,2,71.5724
L,1260806,1600,124,72.51,72.60,72.02,L,3,72.9528
L,1260806,1600,124,72.51,72.60,72.02,L,4,73.9717
L,1260806,1600,124,72.51,72.60,72.02,L,5,75.6894
L,1260806,1600,124,72.51,72.60,72.02,L,6,78.5695
L,1260806,1600,124,72.51,72.60,72.02,L,7,82.3084
L,1260806,1600,124,72.51,72.60,72.02,L,8,83.4484
L,1260806,1600,124,72.51,72.60,72.02,L,9,80.3891
L,1260806,1600,124,72.51,72.60,72.02,L,10,74.8770
L,1260806,1600,124,72.51,72.60,72.02,L,11,79.7852
L,1260806,1600,124,72.51,72.60,72.02,L,12,98.0138
L,1260806,1600,124,72.51,72.60,72.02,L,13,110.3790
L,1260806,1600,124,72.51,72.60,72.02,L,14,100.6467
X,1260806,1600,124,72.51,72.60,72.02,72.3423
Q,1260806,1600,124,72.51,72.60,72.02,72.3423,3
L,1260806,1700,125,72.70,72.75,72.44,U,0,72.1700
L,1260806,1700,125,72.70,72.75,72.44,U,1,68.2700
L,1260806,1700,125,72.70,72.75,72.44,U,2,67.7500
L,1260806,1700,125,72.70,72.75,72.44,L,0,72.1815
L,1260806,1700,125,72.70,72.75,72.44,L,1,72.5200
L,1260806,1700,125,72.70,72.75,72.44,L,2,72.8592
L,1260806,1700,125,72.70,72.75,72.44,L,3,71.7293
L,1260806,1700,125,72.70,72.75,72.44,L,4,73.1240
L,1260806,1700,125,72.70,72.75,72.44,L,5,74.1533
L,1260806,1700,125,72.70,72.75,72.44,L,6,75.8888
L,1260806,1700,125,72.70,72.75,72.44,L,7,78.7985
L,1260806,1700,125,72.70,72.75,72.44,L,8,82.5760
L,1260806,1700,125,72.70,72.75,72.44,L,9,83.7278
L,1260806,1700,125,72.70,72.75,72.44,L,10,80.6370
L,1260806,1700,125,72.70,72.75,72.44,L,11,75.0680
L,1260806,1700,125,72.70,72.75,72.44,L,12,80.0268
L,1260806,1700,125,72.70,72.75,72.44,L,13,98.4433
L,1260806,1700,125,72.70,72.75,72.44,L,14,110.9360
L,1260806,1700,125,72.70,72.75,72.44,L,15,101.1033
X,1260806,1700,125,72.70,72.75,72.44,72.1757
Q,1260806,1700,125,72.70,72.75,72.44,72.1757,3
L,1260807,200,126,73.05,73.13,71.74,U,0,72.0100
L,1260807,200,126,73.05,73.13,71.74,U,1,67.9600
L,1260807,200,126,73.05,73.13,71.74,U,2,67.4200
L,1260807,200,126,73.05,73.13,71.74,L,0,72.3431
L,1260807,200,126,73.05,73.13,71.74,L,1,72.6850
L,1260807,200,126,73.05,73.13,71.74,L,2,73.0277
L,1260807,200,126,73.05,73.13,71.74,L,3,71.8862
L,1260807,200,126,73.05,73.13,71.74,L,4,73.2951
L,1260807,200,126,73.05,73.13,71.74,L,5,74.3350
L,1260807,200,126,73.05,73.13,71.74,L,6,76.0881
L,1260807,200,126,73.05,73.13,71.74,L,7,79.0276
L,1260807,200,126,73.05,73.13,71.74,L,8,82.8436
L,1260807,200,126,73.05,73.13,71.74,L,9,84.0071
L,1260807,200,126,73.05,73.13,71.74,L,10,80.8848
L,1260807,200,126,73.05,73.13,71.74,L,11,75.2590
L,1260807,200,126,73.05,73.13,71.74,L,12,80.2684
L,1260807,200,126,73.05,73.13,71.74,L,13,98.8729
L,1260807,200,126,73.05,73.13,71.74,L,14,111.4930
L,1260807,200,126,73.05,73.13,71.74,L,15,101.5600
L,1260807,300,127,72.93,73.16,72.92,U,0,71.8500
L,1260807,300,127,72.93,73.16,72.92,U,1,67.6500
L,1260807,300,127,72.93,73.16,72.92,U,2,67.0900
L,1260807,300,127,72.93,73.16,72.92,L,0,71.8955
L,1260807,300,127,72.93,73.16,72.92,L,1,72.5046
L,1260807,300,127,72.93,73.16,72.92,L,2,72.8500
L,1260807,300,127,72.93,73.16,72.92,L,3,73.1962
L,1260807,300,127,72.93,73.16,72.92,L,4,72.0432
L,1260807,300,127,72.93,73.16,72.92,L,5,73.4663
L,1260807,300,127,72.93,73.16,72.92,L,6,74.5167
L,1260807,300,127,72.93,73.16,72.92,L,7,76.2875
L,1260807,300,127,72.93,73.16,72.92,L,8,79.2567
L,1260807,300,127,72.93,73.16,72.92,L,9,83.1112
L,1260807,300,127,72.93,73.16,72.92,L,10,84.2865
L,1260807,300,127,72.93,73.16,72.92,L,11,81.1326
L,1260807,300,127,72.93,73.16,72.92,L,12,75.4500
L,1260807,300,127,72.93,73.16,72.92,L,13,80.5100
L,1260807,300,127,72.93,73.16,72.92,L,14,99.3024
L,1260807,300,127,72.93,73.16,72.92,L,15,112.0500
L,1260807,300,127,72.93,73.16,72.92,L,16,102.0167
X,1260807,300,127,72.93,73.16,72.92,71.8731
X,1260807,300,127,72.93,73.16,72.92,71.9475
K,1260807,300,127,72.93,73.16,72.92,71.9295,3
Q,1260807,300,127,72.93,73.16,72.92,71.9475,4
L,1260807,400,128,72.84,73.00,72.75,U,0,73.0468
L,1260807,400,128,72.84,73.00,72.75,U,1,71.6900
L,1260807,400,128,72.84,73.00,72.75,U,2,67.3400
L,1260807,400,128,72.84,73.00,72.75,U,3,66.7600
L,1260807,400,128,72.84,73.00,72.75,L,0,72.0509
L,1260807,400,128,72.84,73.00,72.75,L,1,72.6662
L,1260807,400,128,72.84,73.00,72.75,L,2,73.0150
L,1260807,400,128,72.84,73.00,72.75,L,3,73.3646
L,1260807,400,128,72.84,73.00,72.75,L,4,72.2001
L,1260807,400,128,72.84,73.00,72.75,L,5,73.6374
L,1260807,400,128,72.84,73.00,72.75,L,6,74.6983
L,1260807,400,128,72.84,73.00,72.75,L,7,76.4869
L,1260807,400,128,72.84,73.00,72.75,L,8,79.4857
L,1260807,400,128,72.84,73.00,72.75,L,9,83.3788
L,1260807,400,128,72.84,73.00,72.75,L,10,84.5659
L,1260807,400,128,72.84,73.00,72.75,L,11,81.3804
L,1260807,400,128,72.84,73.00,72.75,L,12,75.6410
L,1260807,400,128,72.84,73.00,72.75,L,13,80.7516
L,1260807,400,128,72.84,73.00,72.75,L,14,99.7319
L,1260807,400,128,72.84,73.00,72.75,L,15,112.6070
L,1260807,400,128,72.84,73.00,72.75,L,16,102.4733
L,1260807,500,129,72.92,73.31,72.85,U,0,72.9336
L,1260807,500,129,72.92,73.31,72.85,U,1,71.5300
L,1260807,500,129,72.92,73.31,72.85,U,2,67.0300
L,1260807,500,129,72.92,73.31,72.85,U,3,66.4300
L,1260807,500,129,72.92,73.31,72.85,L,0,72.9124
L,1260807,500,129,72.92,73.31,72.85,L,1,72.2064
L,1260807,500,129,72.92,73.31,72.85,L,2,72.8277
L,1260807,500,129,72.92,73.31,72.85,L,3,73.1800
L,1260807,500,129,72.92,73.31,72.85,L,4,73.5331
L,1260807,500,129,72.92,73.31,72.85,L,5,72.3570
L,1260807,500,129,72.92,73.31,72.85,L,6,73.8086
L,1260807,500,129,72.92,73.31,72.85,L,7,74.8800
L,1260807,500,129,72.92,73.31,72.85,L,8,76.6863
L,1260807,500,129,72.92,73.31,72.85,L,9,79.7148
L,1260807,500,129,72.92,73.31,72.85,L,10,83.6464
L,1260807,500,129,72.92,73.31,72.85,L,11,84.8452
L,1260807,500,129,72.92,73.31,72.85,L,12,81.6283
L,1260807,500,129,72.92,73.31,72.85,L,13,75.8320
L,1260807,500,129,72.92,73.31,72.85,L,14,80.9932
L,1260807,500,129,72.92,73.31,72.85,L,15,100.1614
L,1260807,500,129,72.92,73.31,72.85,L,16,113.1640
L,1260807,500,129,72.92,73.31,72.85,L,17,102.9300
X,1260807,500,129,72.92,73.31,72.85,73.0339
K,1260807,500,129,72.92,73.31,72.85,72.8912,3
L,1260807,600,130,74.57,74.73,72.85,U,0,72.8204
L,1260807,600,130,74.57,74.73,72.85,U,1,71.3700
L,1260807,600,130,74.57,74.73,72.85,U,2,66.7200
L,1260807,600,130,74.57,74.73,72.85,U,3,66.1000
L,1260807,600,130,74.57,74.73,72.85,L,0,73.0748
L,1260807,600,130,74.57,74.73,72.85,L,1,72.3618
L,1260807,600,130,74.57,74.73,72.85,L,2,72.9893
L,1260807,600,130,74.57,74.73,72.85,L,3,73.3450
L,1260807,600,130,74.57,74.73,72.85,L,4,73.7015
L,1260807,600,130,74.57,74.73,72.85,L,5,72.5140
L,1260807,600,130,74.57,74.73,72.85,L,6,73.9798
L,1260807,600,130,74.57,74.73,72.85,L,7,75.0617
L,1260807,600,130,74.57,74.73,72.85,L,8,76.8856
L,1260807,600,130,74.57,74.73,72.85,L,9,79.9439
L,1260807,600,130,74.57,74.73,72.85,L,10,83.9140
L,1260807,600,130,74.57,74.73,72.85,L,11,85.1246
L,1260807,600,130,74.57,74.73,72.85,L,12,81.8761
L,1260807,600,130,74.57,74.73,72.85,L,13,76.0230
L,1260807,600,130,74.57,74.73,72.85,L,14,81.2348
L,1260807,600,130,74.57,74.73,72.85,L,15,100.5910
L,1260807,600,130,74.57,74.73,72.85,L,16,113.7210
L,1260807,600,130,74.57,74.73,72.85,L,17,103.3867
X,1260807,600,130,74.57,74.73,72.85,72.9249
X,1260807,600,130,74.57,74.73,72.85,72.8900
K,1260807,600,130,74.57,74.73,72.85,72.9615,3
Q,1260807,600,130,74.57,74.73,72.85,72.9249,3
L,1260807,700,131,73.36,74.60,73.13,U,0,74.6784
L,1260807,700,131,73.36,74.60,73.13,U,1,72.7071
L,1260807,700,131,73.36,74.60,73.13,U,2,71.2100
L,1260807,700,131,73.36,74.60,73.13,U,3,66.4100
L,1260807,700,131,73.36,74.60,73.13,U,4,65.7700
L,1260807,700,131,73.36,74.60,73.13,L,0,73.2371
L,1260807,700,131,73.36,74.60,73.13,L,1,72.5173
L,1260807,700,131,73.36,74.60,73.13,L,2,73.1508
L,1260807,700,131,73.36,74.60,73.13,L,3,73.5100
L,1260807,700,131,73.36,74.60,73.13,L,4,73.8700
L,1260807,700,131,73.36,74.60,73.13,L,5,72.6709
L,1260807,700,131,73.36,74.60,73.13,L,6,74.1509
L,1260807,700,131,73.36,74.60,73.13,L,7,75.2433
L,1260807,700,131,73.36,74.60,73.13,L,8,77.0850
L,1260807,700,131,73.36,74.60,73.13,L,9,80.1729
L,1260807,700,131,73.36,74.60,73.13,L,10,84.1816
L,1260807,700,131,73.36,74.60,73.13,L,11,85.4040
L,1260807,700,131,73.36,74.60,73.13,L,12,82.1239
L,1260807,700,131,73.36,74.60,73.13,L,13,76.2140
L,1260807,700,131,73.36,74.60,73.13,L,14,81.4764
L,1260807,700,131,73.36,74.60,73.13,L,15,101.0205
L,1260807,700,131,73.36,74.60,73.13,L,16,114.2780
L,1260807,700,131,73.36,74.60,73.13,L,17,103.8433
K,1260807,700,131,73.36,74.60,73.13,72.6318,3
L,1260807,800,132,73.65,74.08,72.52,U,0,74.6268
L,1260807,800,132,73.65,74.08,72.52,U,1,72.5939
L,1260807,800,132,73.65,74.08,72.52,U,2,71.0500
L,1260807,800,132,73.65,74.08,72.52,U,3,66.1000
L,1260807,800,132,73.65,74.08,72.52,U,4,65.4400
L,1260807,800,132,73.65,74.08,72.52,L,0,73.3995
L,1260807,800,132,73.65,74.08,72.52,L,1,72.6727
L,1260807,800,132,73.65,74.08,72.52,L,2,73.3124
L,1260807,800,132,73.65,74.08,72.52,L,3,73.6750
L,1260807,800,132,73.65,74.08,72.52,L,4,74.0385
L,1260807,800,132,73.65,74.08,72.52,L,5,72.8278
L,1260807,800,132,73.65,74.08,72.52,L,6,74.3221
L,1260807,800,132,73.65,74.08,72.52,L,7,75.4250
L,1260807,800,132,73.65,74.08,72.52,L,8,77.2844
L,1260807,800,132,73.65,74.08,72.52,L,9,80.4020
L,1260807,800,132,73.65,74.08,72.52,L,10,84.4493
L,1260807,800,132,73.65,74.08,72.52,L,11,85.6833
L,1260807,800,132,73.65,74.08,72.52,L,12,82.3717
L,1260807,800,132,73.65,74.08,72.52,L,13,76.4050
L,1260807,800,132,73.65,74.08,72.52,L,14,81.7180
L,1260807,800,132,73.65,74.08,72.52,L,15,101.4500
L,1260807,800,132,73.65,74.08,72.52,L,16,114.8350
L,1260807,800,132,73.65,74.08,72.52,L,17,104.3000
X,1260807,800,132,73.65,74.08,72.52,72.6271
X,1260807,800,132,73.65,74.08,72.52,72.6920
K,1260807,800,132,73.65,74.08,72.52,72.6982,3
Q,1260807,800,132,73.65,74.08,72.52,72.6920,5
L,1260807,900,133,74.34,74.63,73.58,U,0,74.5752
L,1260807,900,133,74.34,74.63,73.58,U,1,72.4807
L,1260807,900,133,74.34,74.63,73.58,U,2,70.8900
L,1260807,900,133,74.34,74.63,73.58,U,3,65.7900
L,1260807,900,133,74.34,74.63,73.58,U,4,65.1100
L,1260807,900,133,74.34,74.63,73.58,L,0,72.6740
L,1260807,900,133,74.34,74.63,73.58,L,1,73.5619
L,1260807,900,133,74.34,74.63,73.58,L,2,72.8282
L,1260807,900,133,74.34,74.63,73.58,L,3,73.4739
L,1260807,900,133,74.34,74.63,73.58,L,4,73.8400
L,1260807,900,133,74.34,74.63,73.58,L,5,74.2069
L,1260807,900,133,74.34,74.63,73.58,L,6,72.9848
L,1260807,900,133,74.34,74.63,73.58,L,7,74.4933
L,1260807,900,133,74.34,74.63,73.58,L,8,75.6067
L,1260807,900,133,74.34,74.63,73.58,L,9,77.4838
L,1260807,900,133,74.34,74.63,73.58,L,10,80.6311
L,1260807,900,133,74.34,74.63,73.58,L,11,84.7169
L,1260807,900,133,74.34,74.63,73.58,L,12,85.9627
L,1260807,900,133,74.34,74.63,73.58,L,13,82.6196
L,1260807,900,133,74.34,74.63,73.58,L,14,76.5960
L,1260807,900,133,74.34,74.63,73.58,L,15,81.9596
L,1260807,900,133,74.34,74.63,73.58,L,16,101.8795
L,1260807,900,133,74.34,74.63,73.58,L,17,115.3920
L,1260807,900,133,74.34,74.63,73.58,L,18,104.7567
X,1260807,900,133,74.34,74.63,73.58,72.5626
K,1260807,900,133,74.34,74.63,73.58,72.6610,3
Q,1260807,900,133,74.34,74.63,73.58,72.5626,5
L,1260807,1000,134,73.80,74.46,73.29,U,0,74.5800
L,1260807,1000,134,73.80,74.46,73.29,U,1,74.5235
L,1260807,1000,134,73.80,74.46,73.29,U,2,72.3675
L,1260807,1000,134,73.80,74.46,73.29,U,3,70.7300
L,1260807,1000,134,73.80,74.46,73.29,U,4,65.4800
L,1260807,1000,134,73.80,74.46,73.29,U,5,64.7800
L,1260807,1000,134,73.80,74.46,73.29,L,0,72.8280
L,1260807,1000,134,73.80,74.46,73.29,L,1,73.7243
L,1260807,1000,134,73.80,74.46,73.29,L,2,72.9836
L,1260807,1000,134,73.80,74.46,73.29,L,3,73.6355
L,1260807,1000,134,73.80,74.46,73.29,L,4,74.0050
L,1260807,1000,134,73.80,74.46,73.29,L,5,74.3754
L,1260807,1000,134,73.80,74.46,73.29,L,6,73.1417
L,1260807,1000,134,73.80,74.46,73.29,L,7,74.6644
L,1260807,1000,134,73.80,74.46,73.29,L,8,75.7883
L,1260807,1000,134,73.80,74.46,73.29,L,9,77.6831
L,1260807,1000,134,73.80,74.46,73.29,L,10,80.8601
L,1260807,1000,134,73.80,74.46,73.29,L,11,84.9845
L,1260807,1000,134,73.80,74.46,73.29,L,12,86.2421
L,1260807,1000,134,73.80,74.46,73.29,L,13,82.8674
L,1260807,1000,134,73.80,74.46,73.29,L,14,76.7870
L,1260807,1000,134,73.80,74.46,73.29,L,15,82.2012
L,1260807,1000,134,73.80,74.46,73.29,L,16,102.3090
L,1260807,1000,134,73.80,74.46,73.29,L,17,115.9490
L,1260807,1000,134,73.80,74.46,73.29,L,18,105.2133
X,1260807,1000,134,73.80,74.46,73.29,74.5991
X,1260807,1000,134,73.80,74.46,73.29,74.5562
K,1260807,1000,134,73.80,74.46,73.29,74.5358,4
Q,1260807,1000,134,73.80,74.46,73.29,74.5991,2
L,1260807,1100,135,73.82,74.00,73.70,U,0,74.5300
L,1260807,1100,135,73.82,74.00,73.70,U,1,74.4719
L,1260807,1100,135,73.82,74.00,73.70,U,2,72.2543
L,1260807,1100,135,73.82,74.00,73.70,U,3,70.5700
L,1260807,1100,135,73.82,74.00,73.70,U,4,65.1700
L,1260807,1100,135,73.82,74.00,73.70,U,5,64.4500
L,1260807,1100,135,73.82,74.00,73.70,L,0,73.4483
L,1260807,1100,135,73.82,74.00,73.70,L,1,72.9820
L,1260807,1100,135,73.82,74.00,73.70,L,2,73.8866
L,1260807,1100,135,73.82,74.00,73.70,L,3,73.1391
L,1260807,1100,135,73.82,74.00,73.70,L,4,73.7970
L,1260807,1100,135,73.82,74.00,73.70,L,5,74.1700
L,1260807,1100,135,73.82,74.00,73.70,L,6,74.5438
L,1260807,1100,135,73.82,74.00,73.70,L,7,73.2986
L,1260807,1100,135,73.82,74.00,73.70,L,8,74.8356
L,1260807,1100,135,73.82,74.00,73.70,L,9,75.9700
L,1260807,1100,135,73.82,74.00,73.70,L,10,77.8825
L,1260807,1100,135,73.82,74.00,73.70,L,11,81.0892
L,1260807,1100,135,73.82,74.00,73.70,L,12,85.2521
L,1260807,1100,135,73.82,74.00,73.70,L,13,86.5214
L,1260807,1100,135,73.82,74.00,73.70,L,14,83.1152
L,1260807,1100,135,73.82,74.00,73.70,L,15,76.9780
L,1260807,1100,135,73.82,74.00,73.70,L,16,82.4428
L,1260807,1100,135,73.82,74.00,73.70,L,17,102.7386
L,1260807,1100,135,73.82,74.00,73.70,L,18,116.5060
L,1260807,1100,135,73.82,74.00,73.70,L,19,105.6700
X,1260807,1100,135,73.82,74.00,73.70,74.5332
X,1260807,1100,135,73.82,74.00,73.70,74.4888
K,1260807,1100,135,73.82,74.00,73.70,74.5153,3
Q,1260807,1100,135,73.82,74.00,73.70,74.5332,4
L,1260807,1200,136,73.70,73.90,73.35,U,0,74.4800
L,1260807,1200,136,73.70,73.90,73.35,U,1,74.4203
L,1260807,1200,136,73.70,73.90,73.35,U,2,72.1411
L,1260807,1200,136,73.70,73.90,73.35,U,3,70.4100
L,1260807,1200,136,73.70,73.90,73.35,U,4,64.8600
L,1260807,1200,136,73.70,73.90,73.35,U,5,64.1200
L,1260807,1200,136,73.70,73.90,73.35,L,0,73.6066
L,1260807,1200,136,73.70,73.90,73.35,L,1,73.1360
L,1260807,1200,136,73.70,73.90,73.35,L,2,74.0490
L,1260807,1200,136,73.70,73.90,73.35,L,3,73.2945
L,1260807,1200,136,73.70,73.90,73.35,L,4,73.9586
L,1260807,1200,136,73.70,73.90,73.35,L,5,74.3350
L,1260807,1200,136,73.70,73.90,73.35,L,6,74.7123
L,1260807,1200,136,73.70,73.90,73.35,L,7,73.4556
L,1260807,1200,136,73.70,73.90,73.35,L,8,75.0067
L,1260807,1200,136,73.70,73.90,73.35,L,9,76.1517
L,1260807,1200,136,73.70,73.90,73.35,L,10,78.0819
L,1260807,1200,136,73.70,73.90,73.35,L,11,81.3183
L,1260807,1200,136,73.70,73.90,73.35,L,12,85.5197
L,1260807,1200,136,73.70,73.90,73.35,L,13,86.8008
L,1260807,1200,136,73.70,73.90,73.35,L,14,83.3630
L,1260807,1200,136,73.70,73.90,73.35,L,15,77.1690
L,1260807,1200,136,73.70,73.90,73.35,L,16,82.6844
L,1260807,1200,136,73.70,73.90,73.35,L,17,103.1681
L,1260807,1200,136,73.70,73.90,73.35,L,18,117.0630
L,1260807,1200,136,73.70,73.90,73.35,L,19,106.1267
K,1260807,1200,136,73.70,73.90,73.35,74.4869,4
L,1260807,1300,137,74.46,74.67,73.69,U,0,74.4300
L,1260807,1300,137,74.46,74.67,73.69,U,1,74.3687
L,1260807,1300,137,74.46,74.67,73.69,U,2,72.0279
L,1260807,1300,137,74.46,74.67,73.69,U,3,70.2500
L,1260807,1300,137,74.46,74.67,73.69,U,4,64.5500
L,1260807,1300,137,74.46,74.67,73.69,U,5,63.7900
L,1260807,1300,137,74.46,74.67,73.69,L,0,73.5060
L,1260807,1300,137,74.46,74.67,73.69,L,1,73.7650
L,1260807,1300,137,74.46,74.67,73.69,L,2,73.2900
L,1260807,1300,137,74.46,74.67,73.69,L,3,74.2114
L,1260807,1300,137,74.46,74.67,73.69,L,4,73.4500
L,1260807,1300,137,74.46,74.67,73.69,L,5,74.1201
L,1260807,1300,137,74.46,74.67,73.69,L,6,74.5000
L,1260807,1300,137,74.46,74.67,73.69,L,7,74.8808
L,1260807,1300,137,74.46,74.67,73.69,L,8,73.6125
L,1260807,1300,137,74.46,74.67,73.69,L,9,75.1779
L,1260807,1300,137,74.46,74.67,73.69,L,10,76.3333
L,1260807,1300,137,74.46,74.67,73.69,L,11,78.2812
L,1260807,1300,137,74.46,74.67,73.69,L,12,81.5473
L,1260807,1300,137,74.46,74.67,73.69,L,13,85.7873
L,1260807,1300,137,74.46,74.67,73.69,L,14,87.0802
L,1260807,1300,137,74.46,74.67,73.69,L,15,83.6109
L,1260807,1300,137,74.46,74.67,73.69,L,16,77.3600
L,1260807,1300,137,74.46,74.67,73.69,L,17,82.9260
L,1260807,1300,137,74.46,74.67,73.69,L,18,103.5976
L,1260807,1300,137,74.46,74.67,73.69,L,19,117.6200
L,1260807,1300,137,74.46,74.67,73.69,L,20,106.5833
X,1260807,1300,137,74.46,74.67,73.69,74.4463
X,1260807,1300,137,74.46,74.67,73.69,74.4000
K,1260807,1300,137,74.46,74.67,73.69,74.3260,5
Q,1260807,1300,137,74.46,74.67,73.69,74.4463,6
L,1260807,1400,138,74.53,74.59,74.24,U,0,74.6263
L,1260807,1400,138,74.53,74.59,74.24,U,1,74.3800
L,1260807,1400,138,74.53,74.59,74.24,U,2,74.3171
L,1260807,1400,138,74.53,74.59,74.24,U,3,71.9146
L,1260807,1400,138,74.53,74.59,74.24,U,4,70.0900
L,1260807,1400,138,74.53,74.59,74.24,U,5,64.2400
L,1260807,1400,138,74.53,74.59,74.24,U,6,63.4600
L,1260807,1400,138,74.53,74.59,74.24,L,0,73.6619
L,1260807,1400,138,74.53,74.59,74.24,L,1,73.9233
L,1260807,1400,138,74.53,74.59,74.24,L,2,73.4440
L,1260807,1400,138,74.53,74.59,74.24,L,3,74.3738
L,1260807,1400,138,74.53,74.59,74.24,L,4,73.6055
L,1260807,1400,138,74.53,74.59,74.24,L,5,74.2816
L,1260807,1400,138,74.53,74.59,74.24,L,6,74.6650
L,1260807,1400,138,74.53,74.59,74.24,L,7,75.0492
L,1260807,1400,138,74.53,74.59,74.24,L,8,73.7694
L,1260807,1400,138,74.53,74.59,74.24,L,9,75.3491
L,1260807,1400,138,74.53,74.59,74.24,L,10,76.5150
L,1260807,1400,138,74.53,74.59,74.24,L,11,78.4806
L,1260807,1400,138,74.53,74.59,74.24,L,12,81.7764
L,1260807,1400,138,74.53,74.59,74.24,L,13,86.0549
L,1260807,1400,138,74.53,74.59,74.24,L,14,87.3595
L,1260807,1400,138,74.53,74.59,74.24,L,15,83.8587
L,1260807,1400,138,74.53,74.59,74.24,L,16,77.5510
L,1260807,1400,138,74.53,74.59,74.24,L,17,83.1676
L,1260807,1400,138,74.53,74.59,74.24,L,18,104.0271
L,1260807,1400,138,74.53,74.59,74.24,L,19,118.1770
L,1260807,1400,138,74.53,74.59,74.24,L,20,107.0400
X,1260807,1400,138,74.53,74.59,74.24,74.6344
X,1260807,1400,138,74.53,74.59,74.24,74.3308
K,1260807,1400,138,74.53,74.59,74.24,74.4406,6
Q,1260807,1400,138,74.53,74.59,74.24,74.6344,6
L,1260807,1500,139,74.45,74.52,74.37,U,0,74.5826
L,1260807,1500,139,74.45,74.52,74.37,U,1,74.3300
L,1260807,1500,139,74.45,74.52,74.37,U,2,74.2655
L,1260807,1500,139,74.45,74.52,74.37,U,3,71.8014
L,1260807,1500,139,74.45,74.52,74.37,U,4,69.9300
L,1260807,1500,139,74.45,74.52,74.37,U,5,63.9300
L,1260807,1500,139,74.45,74.52,74.37,U,6,63.1300
L,1260807,1500,139,74.45,74.52,74.37,L,0,73.8179
L,1260807,1500,139,74.45,74.52,74.37,L,1,74.0816
L,1260807,1500,139,74.45,74.52,74.37,L,2,73.5980
L,1260807,1500,139,74.45,74.52,74.37,L,3,74.5361
L,1260807,1500,139,74.45,74.52,74.37,L,4,73.7609
L,1260807,1500,139,74.45,74.52,74.37,L,5,74.4432
L,1260807,1500,139,74.45,74.52,74.37,L,6,74.8300
L,1260807,1500,139,74.45,74.52,74.37,L,7,75.2177
L,1260807,1500,139,74.45,74.52,74.37,L,8,73.9264
L,1260807,1500,139,74.45,74.52,74.37,L,9,75.5202
L,1260807,1500,139,74.45,74.52,74.37,L,10,76.6967
L,1260807,1500,139,74.45,74.52,74.37,L,11,78.6800
L,1260807,1500,139,74.45,74.52,74.37,L,12,82.0055
L,1260807,1500,139,74.45,74.52,74.37,L,13,86.3225
L,1260807,1500,139,74.45,74.52,74.37,L,14,87.6389
L,1260807,1500,139,74.45,74.52,74.37,L,15,84.1065
L,1260807,1500,139,74.45,74.52,74.37,L,16,77.7420
L,1260807,1500,139,74.45,74.52,74.37,L,17,83.4092
L,1260807,1500,139,74.45,74.52,74.37,L,18,104.4567
L,1260807,1500,139,74.45,74.52,74.37,L,19,118.7340
L,1260807,1500,139,74.45,74.52,74.37,L,20,107.4967
X,1260807,1500,139,74.45,74.52,74.37,74.3785
X,1260807,1500,139,74.45,74.52,74.37,74.3568
X,1260807,1500,139,74.45,74.52,74.37,74.3085
K,1260807,1500,139,74.45,74.52,74.37,74.3732,6
Q,1260807,1500,139,74.45,74.52,74.37,74.3785,7
L,1260807,1600,140,74.45,74.48,74.42,U,0,74.5389
L,1260807,1600,140,74.45,74.48,74.42,U,1,74.2800
L,1260807,1600,140,74.45,74.48,74.42,U,2,74.2139
L,1260807,1600,140,74.45,74.48,74.42,U,3,71.6882
L,1260807,1600,140,74.45,74.48,74.42,U,4,69.7700
L,1260807,1600,140,74.45,74.48,74.42,U,5,63.6200
L,1260807,1600,140,74.45,74.48,74.42,U,6,62.8000
L,1260807,1600,140,74.45,74.48,74.42,L,0,73.9739
L,1260807,1600,140,74.45,74.48,74.42,L,1,74.2399
L,1260807,1600,140,74.45,74.48,74.42,L,2,73.7520
L,1260807,1600,140,74.45,74.48,74.42,L,3,74.6985
L,1260807,1600,140,74.45,74.48,74.42,L,4,73.9164
L,1260807,1600,140,74.45,74.48,74.42,L,5,74.6047
L,1260807,1600,140,74.45,74.48,74.42,L,6,74.9950
L,1260807,1600,140,74.45,74.48,74.42,L,7,75.3862
L,1260807,1600,140,74.45,74.48,74.42,L,8,74.0833
L,1260807,1600,140,74.45,74.48,74.42,L,9,75.6914
L,1260807,1600,140,74.45,74.48,74.42,L,10,76.8783
L,1260807,1600,140,74.45,74.48,74.42,L,11,78.8794
L,1260807,1600,140,74.45,74.48,74.42,L,12,82.2345
L,1260807,1600,140,74.45,74.48,74.42,L,13,86.5901
L,1260807,1600,140,74.45,74.48,74.42,L,14,87.9183
L,1260807,1600,140,74.45,74.48,74.42,L,15,84.3543
L,1260807,1600,140,74.45,74.48,74.42,L,16,77.9330
L,1260807,1600,140,74.45,74.48,74.42,L,17,83.6508
L,1260807,1600,140,74.45,74.48,74.42,L,18,104.8862
L,1260807,1600,140,74.45,74.48,74.42,L,19,119.2910
L,1260807,1600,140,74.45,74.48,74.42,L,20,107.9533
X,1260807,1600,140,74.45,74.48,74.42,74.5728
X,1260807,1600,140,74.45,74.48,74.42,74.5530
X,1260807,1600,140,74.45,74.48,74.42,74.2203
K,1260807,1600,140,74.45,74.48,74.42,74.1179,6
Q,1260807,1600,140,74.45,74.48,74.42,74.5728,10
L,1260807,1700,141,74.50,74.51,74.42,U,0,74.4953
L,1260807,1700,141,74.50,74.51,74.42,U,1,74.2300
L,1260807,1700,141,74.50,74.51,74.42,U,2,74.1623
L,1260807,1700,141,74.50,74.51,74.42,U,3,71.5750
L,1260807,1700,141,74.50,74.51,74.42,U,4,69.6100
L,1260807,1700,141,74.50,74.51,74.42,U,5,63.3100
L,1260807,1700,141,74.50,74.51,74.42,U,6,62.4700
L,1260807,1700,141,74.50,74.51,74.42,L,0,74.1298
L,1260807,1700,141,74.50,74.51,74.42,L,1,74.3982
L,1260807,1700,141,74.50,74.51,74.42,L,2,73.9060
L,1260807,1700,141,74.50,74.51,74.42,L,3,74.8609
L,1260807,1700,141,74.50,74.51,74.42,L,4,74.0718
L,1260807,1700,141,74.50,74.51,74.42,L,5,74.7663
L,1260807,1700,141,74.50,74.51,74.42,L,6,75.1600
L,1260807,1700,141,74.50,74.51,74.42,L,7,75.5546
L,1260807,1700,141,74.50,74.51,74.42,L,8,74.2402
L,1260807,1700,141,74.50,74.51,74.42,L,9,75.8626
L,1260807,1700,141,74.50,74.51,74.42,L,10,77.0600
L,1260807,1700,141,74.50,74.51,74.42,L,11,79.0787
L,1260807,1700,141,74.50,74.51,74.42,L,12,82.4636
L,1260807,1700,141,74.50,74.51,74.42,L,13,86.8578
L,1260807,1700,141,74.50,74.51,74.42,L,14,88.1976
L,1260807,1700,141,74.50,74.51,74.42,L,15,84.6022
L,1260807,1700,141,74.50,74.51,74.42,L,16,78.1240
L,1260807,1700,141,74.50,74.51,74.42,L,17,83.8924
L,1260807,1700,141,74.50,74.51,74.42,L,18,105.3157
L,1260807,1700,141,74.50,74.51,74.42,L,19,119.8480
L,1260807,1700,141,74.50,74.51,74.42,L,20,108.4100
X,1260807,1700,141,74.50,74.51,74.42,74.2704
X,1260807,1700,141,74.50,74.51,74.42,74.2325
X,1260807,1700,141,74.50,74.51,74.42,74.1816
K,1260807,1700,141,74.50,74.51,74.42,74.1626,7
Q,1260807,1700,141,74.50,74.51,74.42,74.2704,11
L,1260810,200,142,75.52,75.60,74.73,U,0,74.4516
L,1260810,200,142,75.52,75.60,74.73,U,1,74.1800
L,1260810,200,142,75.52,75.60,74.73,U,2,74.1106
L,1260810,200,142,75.52,75.60,74.73,U,3,71.4618
L,1260810,200,142,75.52,75.60,74.73,U,4,69.4500
L,1260810,200,142,75.52,75.60,74.73,U,5,63.0000
L,1260810,200,142,75.52,75.60,74.73,U,6,62.1400
L,1260810,200,142,75.52,75.60,74.73,L,0,74.2858
L,1260810,200,142,75.52,75.60,74.73,L,1,74.5565
L,1260810,200,142,75.52,75.60,74.73,L,2,74.0600
L,1260810,200,142,75.52,75.60,74.73,L,3,75.0233
L,1260810,200,142,75.52,75.60,74.73,L,4,74.2273
L,1260810,200,142,75.52,75.60,74.73,L,5,74.9278
L,1260810,200,142,75.52,75.60,74.73,L,6,75.3250
L,1260810,200,142,75.52,75.60,74.73,L,7,75.7231
L,1260810,200,142,75.52,75.60,74.73,L,8,74.3972
L,1260810,200,142,75.52,75.60,74.73,L,9,76.0337
L,1260810,200,142,75.52,75.60,74.73,L,10,77.2417
L,1260810,200,142,75.52,75.60,74.73,L,11,79.2781
L,1260810,200,142,75.52,75.60,74.73,L,12,82.6927
L,1260810,200,142,75.52,75.60,74.73,L,13,87.1254
L,1260810,200,142,75.52,75.60,74.73,L,14,88.4770
L,1260810,200,142,75.52,75.60,74.73,L,15,84.8500
L,1260810,200,142,75.52,75.60,74.73,L,16,78.3150
L,1260810,200,142,75.52,75.60,74.73,L,17,84.1340
L,1260810,200,142,75.52,75.60,74.73,L,18,105.7452
L,1260810,200,142,75.52,75.60,74.73,L,19,120.4050
L,1260810,200,142,75.52,75.60,74.73,L,20,108.8667
X,1260810,200,142,75.52,75.60,74.73,74.4743
X,1260810,200,142,75.52,75.60,74.73,74.2057
X,1260810,200,142,75.52,75.60,74.73,74.1915
X,1260810,200,142,75.52,75.60,74.73,74.1542
X,1260810,200,142,75.52,75.60,74.73,74.1397
K,1260810,200,142,75.52,75.60,74.73,74.2836,8
Q,1260810,200,142,75.52,75.60,74.73,74.4743,14
L,1260810,300,143,75.28,75.61,75.27,U,0,74.4079
L,1260810,300,143,75.28,75.61,75.27,U,1,74.1300
L,1260810,300,143,75.28,75.61,75.27,U,2,74.0590
L,1260810,300,143,75.28,75.61,75.27,U,3,71.3486
L,1260810,300,143,75.28,75.61,75.27,U,4,69.2900
L,1260810,300,143,75.28,75.61,75.27,U,5,62.6900
L,1260810,300,143,75.28,75.61,75.27,U,6,61.8100
L,1260810,300,143,75.28,75.61,75.27,L,0,74.4417
L,1260810,300,143,75.28,75.61,75.27,L,1,74.7149
L,1260810,300,143,75.28,75.61,75.27,L,2,74.2140
L,1260810,300,143,75.28,75.61,75.27,L,3,75.1856
L,1260810,300,143,75.28,75.61,75.27,L,4,74.3827
L,1260810,300,143,75.28,75.61,75.27,L,5,75.0894
L,1260810,300,143,75.28,75.61,75.27,L,6,75.4900
L,1260810,300,143,75.28,75.61,75.27,L,7,75.8915
L,1260810,300,143,75.28,75.61,75.27,L,8,74.5541
L,1260810,300,143,75.28,75.61,75.27,L,9,76.2049
L,1260810,300,143,75.28,75.61,75.27,L,10,77.4233
L,1260810,300,143,75.28,75.61,75.27,L,11,79.4775
L,1260810,300,143,75.28,75.61,75.27,L,12,82.9217
L,1260810,300,143,75.28,75.61,75.27,L,13,87.3930
L,1260810,300,143,75.28,75.61,75.27,L,14,88.7563
L,1260810,300,143,75.28,75.61,75.27,L,15,85.0978
L,1260810,300,143,75.28,75.61,75.27,L,16,78.5060
L,1260810,300,143,75.28,75.61,75.27,L,17,84.3756
L,1260810,300,143,75.28,75.61,75.27,L,18,106.1748
L,1260810,300,143,75.28,75.61,75.27,L,19,120.9620
L,1260810,300,143,75.28,75.61,75.27,L,20,109.3233
X,1260810,300,143,75.28,75.61,75.27,74.4153
X,1260810,300,143,75.28,75.61,75.27,74.4397
X,1260810,300,143,75.28,75.61,75.27,74.1506
X,1260810,300,143,75.28,75.61,75.27,74.0979
K,1260810,300,143,75.28,75.61,75.27,74.4526,6
Q,1260810,300,143,75.28,75.61,75.27,74.4153,15
L,1260810,400,144,75.07,75.43,75.05,U,0,75.5936
L,1260810,400,144,75.07,75.43,75.05,U,1,74.3642
L,1260810,400,144,75.07,75.43,75.05,U,2,74.0800
L,1260810,400,144,75.07,75.43,75.05,U,3,74.0074
L,1260810,400,144,75.07,75.43,75.05,U,4,71.2354
L,1260810,400,144,75.07,75.43,75.05,U,5,69.1300
L,1260810,400,144,75.07,75.43,75.05,U,6,62.3800
L,1260810,400,144,75.07,75.43,75.05,U,7,61.4800
L,1260810,400,144,75.07,75.43,75.05,L,0,74.5977
L,1260810,400,144,75.07,75.43,75.05,L,1,74.8732
L,1260810,400,144,75.07,75.43,75.05,L,2,74.3680
L,1260810,400,144,75.07,75.43,75.05,L,3,75.3480
L,1260810,400,144,75.07,75.43,75.05,L,4,74.5382
L,1260810,400,144,75.07,75.43,75.05,L,5,75.2509
L,1260810,400,144,75.07,75.43,75.05,L,6,75.6550
L,1260810,400,144,75.07,75.43,75.05,L,7,76.0600
L,1260810,400,144,75.07,75.43,75.05,L,8,74.7110
L,1260810,400,144,75.07,75.43,75.05,L,9,76.3760
L,1260810,400,144,75.07,75.43,75.05,L,10,77.6050
L,1260810,400,144,75.07,75.43,75.05,L,11,79.6769
L,1260810,400,144,75.07,75.43,75.05,L,12,83.1508
L,1260810,400,144,75.07,75.43,75.05,L,13,87.6606
L,1260810,400,144,75.07,75.43,75.05,L,14,89.0357
L,1260810,400,144,75.07,75.43,75.05,L,15,85.3457
L,1260810,400,144,75.07,75.43,75.05,L,16,78.6970
L,1260810,400,144,75.07,75.43,75.05,L,17,84.6172
L,1260810,400,144,75.07,75.43,75.05,L,18,106.6043
L,1260810,400,144,75.07,75.43,75.05,L,19,121.5190
L,1260810,400,144,75.07,75.43,75.05,L,20,109.7800
X,1260810,400,144,75.07,75.43,75.05,75.5992
X,1260810,400,144,75.07,75.43,75.05,74.3650
X,1260810,400,144,75.07,75.43,75.05,74.4024
K,1260810,400,144,75.07,75.43,75.05,74.5158,5
Q,1260810,400,144,75.07,75.43,75.05,74.3650,14
L,1260810,500,145,74.77,75.16,74.58,U,0,75.5773
L,1260810,500,145,74.77,75.16,74.58,U,1,74.3205
L,1260810,500,145,74.77,75.16,74.58,U,2,74.0300
L,1260810,500,145,74.77,75.16,74.58,U,3,73.9558
L,1260810,500,145,74.77,75.16,74.58,U,4,71.1221
L,1260810,500,145,74.77,75.16,74.58,U,5,68.9700
L,1260810,500,145,74.77,75.16,74.58,U,6,62.0700
L,1260810,500,145,74.77,75.16,74.58,U,7,61.1500
L,1260810,500,145,74.77,75.16,74.58,L,0,74.7537
L,1260810,500,145,74.77,75.16,74.58,L,1,75.0315
L,1260810,500,145,74.77,75.16,74.58,L,2,74.5220
L,1260810,500,145,74.77,75.16,74.58,L,3,75.5104
L,1260810,500,145,74.77,75.16,74.58,L,4,74.6936
L,1260810,500,145,74.77,75.16,74.58,L,5,75.4125
L,1260810,500,145,74.77,75.16,74.58,L,6,75.8200
L,1260810,500,145,74.77,75.16,74.58,L,7,76.2285
L,1260810,500,145,74.77,75.16,74.58,L,8,74.8680
L,1260810,500,145,74.77,75.16,74.58,L,9,76.5472
L,1260810,500,145,74.77,75.16,74.58,L,10,77.7867
L,1260810,500,145,74.77,75.16,74.58,L,11,79.8762
L,1260810,500,145,74.77,75.16,74.58,L,12,83.3799
L,1260810,500,145,74.77,75.16,74.58,L,13,87.9282
L,1260810,500,145,74.77,75.16,74.58,L,14,89.3151
L,1260810,500,145,74.77,75.16,74.58,L,15,85.5935
L,1260810,500,145,74.77,75.16,74.58,L,16,78.8880
L,1260810,500,145,74.77,75.16,74.58,L,17,84.8588
L,1260810,500,145,74.77,75.16,74.58,L,18,107.0338
L,1260810,500,145,74.77,75.16,74.58,L,19,122.0760
L,1260810,500,145,74.77,75.16,74.58,L,20,110.2367
K,1260810,500,145,74.77,75.16,74.58,74.7093,4
L,1260810,600,146,74.08,74.86,74.03,U,0,75.5609
L,1260810,600,146,74.08,74.86,74.03,U,1,74.2768
L,1260810,600,146,74.08,74.86,74.03,U,2,73.9800
L,1260810,600,146,74.08,74.86,74.03,U,3,73.9042
L,1260810,600,146,74.08,74.86,74.03,U,4,71.0089
L,1260810,600,146,74.08,74.86,74.03,U,5,68.8100
L,1260810,600,146,74.08,74.86,74.03,U,6,61.7600
L,1260810,600,146,74.08,74.86,74.03,U,7,60.8200
L,1260810,600,146,74.08,74.86,74.03,L,0,74.9096
L,1260810,600,146,74.08,74.86,74.03,L,1,75.1898
L,1260810,600,146,74.08,74.86,74.03,L,2,74.6760
L,1260810,600,146,74.08,74.86,74.03,L,3,75.6728
L,1260810,600,146,74.08,74.86,74.03,L,4,74.8491
L,1260810,600,146,74.08,74.86,74.03,L,5,75.5740
L,1260810,600,146,74.08,74.86,74.03,L,6,75.9850
L,1260810,600,146,74.08,74.86,74.03,L,7,76.3969
L,1260810,600,146,74.08,74.86,74.03,L,8,75.0249
L,1260810,600,146,74.08,74.86,74.03,L,9,76.7184
L,1260810,600,146,74.08,74.86,74.03,L,10,77.9683
L,1260810,600,146,74.08,74.86,74.03,L,11,80.0756
L,1260810,600,146,74.08,74.86,74.03,L,12,83.6089
L,1260810,600,146,74.08,74.86,74.03,L,13,88.1958
L,1260810,600,146,74.08,74.86,74.03,L,14,89.5944
L,1260810,600,146,74.08,74.86,74.03,L,15,85.8413
L,1260810,600,146,74.08,74.86,74.03,L,16,79.0790
L,1260810,600,146,74.08,74.86,74.03,L,17,85.1004
L,1260810,600,146,74.08,74.86,74.03,L,18,107.4633
L,1260810,600,146,74.08,74.86,74.03,L,19,122.6330
L,1260810,600,146,74.08,74.86,74.03,L,20,110.6933
X,1260810,600,146,74.08,74.86,74.03,75.5712
X,1260810,600,146,74.08,74.86,74.03,75.5621
K,1260810,600,146,74.08,74.86,74.03,74.8649,4
Q,1260810,600,146,74.08,74.86,74.03,75.5712,3
L,1260810,700,147,74.30,74.54,73.65,U,0,75.5445
L,1260810,700,147,74.30,74.54,73.65,U,1,74.2332
L,1260810,700,147,74.30,74.54,73.65,U,2,73.9300
L,1260810,700,147,74.30,74.54,73.65,U,3,73.8526
L,1260810,700,147,74.30,74.54,73.65,U,4,70.8957
L,1260810,700,147,74.30,74.54,73.65,U,5,68.6500
L,1260810,700,147,74.30,74.54,73.65,U,6,61.4500
L,1260810,700,147,74.30,74.54,73.65,U,7,60.4900
L,1260810,700,147,74.30,74.54,73.65,L,0,75.0656
L,1260810,700,147,74.30,74.54,73.65,L,1,75.3481
L,1260810,700,147,74.30,74.54,73.65,L,2,74.8300
L,1260810,700,147,74.30,74.54,73.65,L,3,75.8351
L,1260810,700,147,74.30,74.54,73.65,L,4,75.0045
L,1260810,700,147,74.30,74.54,73.65,L,5,75.7356
L,1260810,700,147,74.30,74.54,73.65,L,6,76.1500
L,1260810,700,147,74.30,74.54,73.65,L,7,76.5654
L,1260810,700,147,74.30,74.54,73.65,L,8,75.1818
L,1260810,700,147,74.30,74.54,73.65,L,9,76.8895
L,1260810,700,147,74.30,74.54,73.65,L,10,78.1500
L,1260810,700,147,74.30,74.54,73.65,L,11,80.2750
L,1260810,700,147,74.30,74.54,73.65,L,12,83.8380
L,1260810,700,147,74.30,74.54,73.65,L,13,88.4634
L,1260810,700,147,74.30,74.54,73.65,L,14,89.8738
L,1260810,700,147,74.30,74.54,73.65,L,15,86.0891
L,1260810,700,147,74.30,74.54,73.65,L,16,79.2700
L,1260810,700,147,74.30,74.54,73.65,L,17,85.3420
L,1260810,700,147,74.30,74.54,73.65,L,18,107.8929
L,1260810,700,147,74.30,74.54,73.65,L,19,123.1900
L,1260810,700,147,74.30,74.54,73.65,L,20,111.1500
K,1260810,700,147,74.30,74.54,73.65,75.0205,4
L,1260810,800,148,74.09,74.98,74.07,U,0,75.5282
L,1260810,800,148,74.09,74.98,74.07,U,1,74.1895
L,1260810,800,148,74.09,74.98,74.07,U,2,73.8800
L,1260810,800,148,74.09,74.98,74.07,U,3,73.8010
L,1260810,800,148,74.09,74.98,74.07,U,4,70.7825
L,1260810,800,148,74.09,74.98,74.07,U,5,68.4900
L,1260810,800,148,74.09,74.98,74.07,U,6,61.1400
L,1260810,800,148,74.09,74.98,74.07,U,7,60.1600
L,1260810,800,148,74.09,74.98,74.07,L,0,73.7942
L,1260810,800,148,74.09,74.98,74.07,L,1,75.2216
L,1260810,800,148,74.09,74.98,74.07,L,2,75.5064
L,1260810,800,148,74.09,74.98,74.07,L,3,74.9840
L,1260810,800,148,74.09,74.98,74.07,L,4,75.9975
L,1260810,800,148,74.09,74.98,74.07,L,5,75.1600
L,1260810,800,148,74.09,74.98,74.07,L,6,75.8971
L,1260810,800,148,74.09,74.98,74.07,L,7,76.3150
L,1260810,800,148,74.09,74.98,74.07,L,8,76.7338
L,1260810,800,148,74.09,74.98,74.07,L,9,75.3387
L,1260810,800,148,74.09,74.98,74.07,L,10,77.0607
L,1260810,800,148,74.09,74.98,74.07,L,11,78.3317
L,1260810,800,148,74.09,74.98,74.07,L,12,80.4744
L,1260810,800,148,74.09,74.98,74.07,L,13,84.0671
L,1260810,800,148,74.09,74.98,74.07,L,14,88.7310
L,1260810,800,148,74.09,74.98,74.07,L,15,90.1532
L,1260810,800,148,74.09,74.98,74.07,L,16,86.3370
L,1260810,800,148,74.09,74.98,74.07,L,17,79.4610
L,1260810,800,148,74.09,74.98,74.07,L,18,85.5836
L,1260810,800,148,74.09,74.98,74.07,L,19,108.3224
L,1260810,800,148,74.09,74.98,74.07,L,20,123.7470
L,1260810,800,148,74.09,74.98,74.07,L,21,111.6067
K,1260810,800,148,74.09,74.98,74.07,75.1761,4
L,1260810,900,149,74.56,74.64,73.79,U,0,74.9524
L,1260810,900,149,74.56,74.64,73.79,U,1,75.5118
L,1260810,900,149,74.56,74.64,73.79,U,2,74.1458
L,1260810,900,149,74.56,74.64,73.79,U,3,73.8300
L,1260810,900,149,74.56,74.64,73.79,U,4,73.7494
L,1260810,900,149,74.56,74.64,73.79,U,5,70.6693
L,1260810,900,149,74.56,74.64,73.79,U,6,68.3300
L,1260810,900,149,74.56,74.64,73.79,U,7,60.8300
L,1260810,900,149,74.56,74.64,73.79,U,8,59.8300
L,1260810,900,149,74.56,74.64,73.79,L,0,73.9383
L,1260810,900,149,74.56,74.64,73.79,L,1,75.3775
L,1260810,900,149,74.56,74.64,73.79,L,2,75.6648
L,1260810,900,149,74.56,74.64,73.79,L,3,75.1380
L,1260810,900,149,74.56,74.64,73.79,L,4,76.1599
L,1260810,900,149,74.56,74.64,73.79,L,5,75.3155
L,1260810,900,149,74.56,74.64,73.79,L,6,76.0587
L,1260810,900,149,74.56,74.64,73.79,L,7,76.4800
L,1260810,900,149,74.56,74.64,73.79,L,8,76.9023
L,1260810,900,149,74.56,74.64,73.79,L,9,75.4957
L,1260810,900,149,74.56,74.64,73.79,L,10,77.2319
L,1260810,900,149,74.56,74.64,73.79,L,11,78.5133
L,1260810,900,149,74.56,74.64,73.79,L,12,80.6737
L,1260810,900,149,74.56,74.64,73.79,L,13,84.2961
L,1260810,900,149,74.56,74.64,73.79,L,14,88.9987
L,1260810,900,149,74.56,74.64,73.79,L,15,90.4325
L,1260810,900,149,74.56,74.64,73.79,L,16,86.5848
L,1260810,900,149,74.56,74.64,73.79,L,17,79.6520
L,1260810,900,149,74.56,74.64,73.79,L,18,85.8252
L,1260810,900,149,74.56,74.64,73.79,L,19,108.7519
L,1260810,900,149,74.56,74.64,73.79,L,20,124.3040
L,1260810,900,149,74.56,74.64,73.79,L,21,112.0633
X,1260810,900,149,74.56,74.64,73.79,75.5261
X,1260810,900,149,74.56,74.64,73.79,73.8579
X,1260810,900,149,74.56,74.64,73.79,73.7992
K,1260810,900,149,74.56,74.64,73.79,75.4730,5
Q,1260810,900,149,74.56,74.64,73.79,75.5261,3
L,1260810,1000,150,74.08,74.66,73.72,U,0,74.9249
L,1260810,1000,150,74.08,74.66,73.72,U,1,75.4955
L,1260810,1000,150,74.08,74.66,73.72,U,2,74.1021
L,1260810,1000,150,74.08,74.66,73.72,U,3,73.7800
L,1260810,1000,150,74.08,74.66,73.72,U,4,73.6977
L,1260810,1000,150,74.08,74.66,73.72,U,5,70.5561
L,1260810,1000,150,74.08,74.66,73.72,U,6,68.1700
L,1260810,1000,150,74.08,74.66,73.72,U,7,60.5200
L,1260810,1000,150,74.08,74.66,73.72,U,8,59.5000
L,1260810,1000,150,74.08,74.66,73.72,L,0,74.0825
L,1260810,1000,150,74.08,74.66,73.72,L,1,75.5335
L,1260810,1000,150,74.08,74.66,73.72,L,2,75.8231
L,1260810,1000,150,74.08,74.66,73.72,L,3,75.2920
L,1260810,1000,150,74.08,74.66,73.72,L,4,76.3223
L,1260810,1000,150,74.08,74.66,73.72,L,5,75.4709
L,1260810,1000,150,74.08,74.66,73.72,L,6,76.2202
L,1260810,1000,150,74.08,74.66,73.72,L,7,76.6450
L,1260810,1000,150,74.08,74.66,73.72,L,8,77.0708
L,1260810,1000,150,74.08,74.66,73.72,L,9,75.6526
L,1260810,1000,150,74.08,74.66,73.72,L,10,77.4030
L,1260810,1000,150,74.08,74.66,73.72,L,11,78.6950
L,1260810,1000,150,74.08,74.66,73.72,L,12,80.8731
L,1260810,1000,150,74.08,74.66,73.72,L,13,84.5252
L,1260810,1000,150,74.08,74.66,73.72,L,14,89.2663
L,1260810,1000,150,74.08,74.66,73.72,L,15,90.7119
L,1260810,1000,150,74.08,74.66,73.72,L,16,86.8326
L,1260810,1000,150,74.08,74.66,73.72,L,17,79.8430
L,1260810,1000,150,74.08,74.66,73.72,L,18,86.0668
L,1260810,1000,150,74.08,74.66,73.72,L,19,109.1814
L,1260810,1000,150,74.08,74.66,73.72,L,20,124.8610
L,1260810,1000,150,74.08,74.66,73.72,L,21,112.5200
X,1260810,1000,150,74.08,74.66,73.72,75.4991
X,1260810,1000,150,74.08,74.66,73.72,75.5103
K,1260810,1000,150,74.08,74.66,73.72,75.4889,5
Q,1260810,1000,150,74.08,74.66,73.72,75.4991,3
L,1260810,1100,151,73.93,74.32,73.82,U,0,74.6273
L,1260810,1100,151,73.93,74.32,73.82,U,1,74.8973
L,1260810,1100,151,73.93,74.32,73.82,U,2,75.4791
L,1260810,1100,151,73.93,74.32,73.82,U,3,74.0584
L,1260810,1100,151,73.93,74.32,73.82,U,4,73.7300
L,1260810,1100,151,73.93,74.32,73.82,U,5,73.6461
L,1260810,1100,151,73.93,74.32,73.82,U,6,70.4429
L,1260810,1100,151,73.93,74.32,73.82,U,7,68.0100
L,1260810,1100,151,73.93,74.32,73.82,U,8,60.2100
L,1260810,1100,151,73.93,74.32,73.82,U,9,59.1700
L,1260810,1100,151,73.93,74.32,73.82,L,0,73.8612
L,1260810,1100,151,73.93,74.32,73.82,L,1,74.2267
L,1260810,1100,151,73.93,74.32,73.82,L,2,75.6894
L,1260810,1100,151,73.93,74.32,73.82,L,3,75.9814
L,1260810,1100,151,73.93,74.32,73.82,L,4,75.4460
L,1260810,1100,151,73.93,74.32,73.82,L,5,76.4847
L,1260810,1100,151,73.93,74.32,73.82,L,6,75.6264
L,1260810,1100,151,73.93,74.32,73.82,L,7,76.3818
L,1260810,1100,151,73.93,74.32,73.82,L,8,76.8100
L,1260810,1100,151,73.93,74.32,73.82,L,9,77.2392
L,1260810,1100,151,73.93,74.32,73.82,L,10,75.8095
L,1260810,1100,151,73.93,74.32,73.82,L,11,77.5742
L,1260810,1100,151,73.93,74.32,73.82,L,12,78.8767
L,1260810,1100,151,73.93,74.32,73.82,L,13,81.0725
L,1260810,1100,151,73.93,74.32,73.82,L,14,84.7543
L,1260810,1100,151,73.93,74.32,73.82,L,15,89.5339
L,1260810,1100,151,73.93,74.32,73.82,L,16,90.9913
L,1260810,1100,151,73.93,74.32,73.82,L,17,87.0804
L,1260810,1100,151,73.93,74.32,73.82,L,18,80.0340
L,1260810,1100,151,73.93,74.32,73.82,L,19,86.3084
L,1260810,1100,151,73.93,74.32,73.82,L,20,109.6110
L,1260810,1100,151,73.93,74.32,73.82,L,21,125.4180
L,1260810,1100,151,73.93,74.32,73.82,L,22,112.9767
X,1260810,1100,151,73.93,74.32,73.82,75.4931
X,1260810,1100,151,73.93,74.32,73.82,74.0975
X,1260810,1100,151,73.93,74.32,73.82,73.7643
K,1260810,1100,151,73.93,74.32,73.82,75.5172,3
Q,1260810,1100,151,73.93,74.32,73.82,75.4931,4
L,1260810,1200,152,74.10,74.12,73.80,U,0,74.5945
L,1260810,1200,152,74.10,74.12,73.80,U,1,74.8698
L,1260810,1200,152,74.10,74.12,73.80,U,2,75.4627
L,1260810,1200,152,74.10,74.12,73.80,U,3,74.0147
L,1260810,1200,152,74.10,74.12,73.80,U,4,73.6800
L,1260810,1200,152,74.10,74.12,73.80,U,5,73.5945
L,1260810,1200,152,74.10,74.12,73.80,U,6,70.3296
L,1260810,1200,152,74.10,74.12,73.80,U,7,67.8500
L,1260810,1200,152,74.10,74.12,73.80,U,8,59.9000
L,1260810,1200,152,74.10,74.12,73.80,U,9,58.8400
L,1260810,1200,152,74.10,74.12,73.80,L,0,74.0024
L,1260810,1200,152,74.10,74.12,73.80,L,1,74.3708
L,1260810,1200,152,74.10,74.12,73.80,L,2,75.8454
L,1260810,1200,152,74.10,74.12,73.80,L,3,76.1397
L,1260810,1200,152,74.10,74.12,73.80,L,4,75.6000
L,1260810,1200,152,74.10,74.12,73.80,L,5,76.6470
L,1260810,1200,152,74.10,74.12,73.80,L,6,75.7818
L,1260810,1200,152,74.10,74.12,73.80,L,7,76.5433
L,1260810,1200,152,74.10,74.12,73.80,L,8,76.9750
L,1260810,1200,152,74.10,74.12,73.80,L,9,77.4077
L,1260810,1200,152,74.10,74.12,73.80,L,10,75.9665
L,1260810,1200,152,74.10,74.12,73.80,L,11,77.7453
L,1260810,1200,152,74.10,74.12,73.80,L,12,79.0583
L,1260810,1200,152,74.10,74.12,73.80,L,13,81.2719
L,1260810,1200,152,74.10,74.12,73.80,L,14,84.9833
L,1260810,1200,152,74.10,74.12,73.80,L,15,89.8015
L,1260810,1200,152,74.10,74.12,73.80,L,16,91.2706
L,1260810,1200,152,74.10,74.12,73.80,L,17,87.3283
L,1260810,1200,152,74.10,74.12,73.80,L,18,80.2250
L,1260810,1200,152,74.10,74.12,73.80,L,19,86.5500
L,1260810,1200,152,74.10,74.12,73.80,L,20,110.0405
L,1260810,1200,152,74.10,74.12,73.80,L,21,125.9750
L,1260810,1200,152,74.10,74.12,73.80,L,22,113.4333
X,1260810,1200,152,74.10,74.12,73.80,75.4759
K,1260810,1200,152,74.10,74.12,73.80,75.6148,3
Q,1260810,1200,152,74.10,74.12,73.80,75.4759,5
L,1260810,1300,153,73.78,74.20,73.64,U,0,74.5618
L,1260810,1300,153,73.78,74.20,73.64,U,1,74.8422
L,1260810,1300,153,73.78,74.20,73.64,U,2,75.4464
L,1260810,1300,153,73.78,74.20,73.64,U,3,73.9711
L,1260810,1300,153,73.78,74.20,73.64,U,4,73.6300
L,1260810,1300,153,73.78,74.20,73.64,U,5,73.5429
L,1260810,1300,153,73.78,74.20,73.64,U,6,70.2164
L,1260810,1300,153,73.78,74.20,73.64,U,7,67.6900
L,1260810,1300,153,73.78,74.20,73.64,U,8,59.5900
L,1260810,1300,153,73.78,74.20,73.64,U,9,58.5100
L,1260810,1300,153,73.78,74.20,73.64,L,0,74.1437
L,1260810,1300,153,73.78,74.20,73.64,L,1,74.5150
L,1260810,1300,153,73.78,74.20,73.64,L,2,76.0014
L,1260810,1300,153,73.78,74.20,73.64,L,3,76.2980
L,1260810,1300,153,73.78,74.20,73.64,L,4,75.7540
L,1260810,1300,153,73.78,74.20,73.64,L,5,76.8094
L,1260810,1300,153,73.78,74.20,73.64,L,6,75.9373
L,1260810,1300,153,73.78,74.20,73.64,L,7,76.7048
L,1260810,1300,153,73.78,74.20,73.64,L,8,77.1400
L,1260810,1300,153,73.78,74.20,73.64,L,9,77.5762
L,1260810,1300,153,73.78,74.20,73.64,L,10,76.1234
L,1260810,1300,153,73.78,74.20,73.64,L,11,77.9165
L,1260810,1300,153,73.78,74.20,73.64,L,12,79.2400
L,1260810,1300,153,73.78,74.20,73.64,L,13,81.4712
L,1260810,1300,153,73.78,74.20,73.64,L,14,85.2124
L,1260810,1300,153,73.78,74.20,73.64,L,15,90.0691
L,1260810,1300,153,73.78,74.20,73.64,L,16,91.5500
L,1260810,1300,153,73.78,74.20,73.64,L,17,87.5761
L,1260810,1300,153,73.78,74.20,73.64,L,18,80.4160
L,1260810,1300,153,73.78,74.20,73.64,L,19,86.7916
L,1260810,1300,153,73.78,74.20,73.64,L,20,110.4700
L,1260810,1300,153,73.78,74.20,73.64,L,21,126.5320
L,1260810,1300,153,73.78,74.20,73.64,L,22,113.8900
X,1260810,1300,153,73.78,74.20,73.64,74.0118
Q,1260810,1300,153,73.78,74.20,73.64,74.0118,3
L,1260810,1400,154,73.94,73.98,73.76,U,0,74.1606
L,1260810,1400,154,73.94,73.98,73.76,U,1,74.5290
L,1260810,1400,154,73.94,73.98,73.76,U,2,74.8147
L,1260810,1400,154,73.94,73.98,73.76,U,3,75.4300
L,1260810,1400,154,73.94,73.98,73.76,U,4,73.9274
L,1260810,1400,154,73.94,73.98,73.76,U,5,73.5800
L,1260810,1400,154,73.94,73.98,73.76,U,6,73.4913
L,1260810,1400,154,73.94,73.98,73.76,U,7,70.1032
L,1260810,1400,154,73.94,73.98,73.76,U,8,67.5300
L,1260810,1400,154,73.94,73.98,73.76,U,9,59.2800
L,1260810,1400,154,73.94,73.98,73.76,U,10,58.1800
L,1260810,1400,154,73.94,73.98,73.76,L,0,73.7772
L,1260810,1400,154,73.94,73.98,73.76,L,1,74.2849
L,1260810,1400,154,73.94,73.98,73.76,L,2,74.6592
L,1260810,1400,154,73.94,73.98,73.76,L,3,76.1573
L,1260810,1400,154,73.94,73.98,73.76,L,4,76.4564
L,1260810,1400,154,73.94,73.98,73.76,L,5,75.9080
L,1260810,1400,154,73.94,73.98,73.76,L,6,76.9718
L,1260810,1400,154,73.94,73.98,73.76,L,7,76.0927
L,1260810,1400,154,73.94,73.98,73.76,L,8,76.8664
L,1260810,1400,154,73.94,73.98,73.76,L,9,77.3050
L,1260810,1400,154,73.94,73.98,73.76,L,10,77.7446
L,1260810,1400,154,73.94,73.98,73.76,L,11,76.2803
L,1260810,1400,154,73.94,73.98,73.76,L,12,78.0877
L,1260810,1400,154,73.94,73.98,73.76,L,13,79.4217
L,1260810,1400,154,73.94,73.98,73.76,L,14,81.6706
L,1260810,1400,154,73.94,73.98,73.76,L,15,85.4415
L,1260810,1400,154,73.94,73.98,73.76,L,16,90.3367
L,1260810,1400,154,73.94,73.98,73.76,L,17,91.8294
L,1260810,1400,154,73.94,73.98,73.76,L,18,87.8239
L,1260810,1400,154,73.94,73.98,73.76,L,19,80.6070
L,1260810,1400,154,73.94,73.98,73.76,L,20,87.0332
L,1260810,1400,154,73.94,73.98,73.76,L,21,110.8995
L,1260810,1400,154,73.94,73.98,73.76,L,22,127.0890
L,1260810,1400,154,73.94,73.98,73.76,L,23,114.3467
X,1260810,1400,154,73.94,73.98,73.76,74.1877
X,1260810,1400,154,73.94,73.98,73.76,74.5531
K,1260810,1400,154,73.94,73.98,73.76,73.6162,3
Q,1260810,1400,154,73.94,73.98,73.76,74.1877,3
L,1260810,1500,155,73.88,73.94,73.80,U,0,74.1211
L,1260810,1500,155,73.88,73.94,73.80,U,1,74.4963
L,1260810,1500,155,73.88,73.94,73.80,U,2,74.7871
L,1260810,1500,155,73.88,73.94,73.80,U,3,75.4136
L,1260810,1500,155,73.88,73.94,73.80,U,4,73.8837
L,1260810,1500,155,73.88,73.94,73.80,U,5,73.5300
L,1260810,1500,155,73.88,73.94,73.80,U,6,73.4397
L,1260810,1500,155,73.88,73.94,73.80,U,7,69.9900
L,1260810,1500,155,73.88,73.94,73.80,U,8,67.3700
L,1260810,1500,155,73.88,73.94,73.80,U,9,58.9700
L,1260810,1500,155,73.88,73.94,73.80,U,10,57.8500
L,1260810,1500,155,73.88,73.94,73.80,L,0,73.9144
L,1260810,1500,155,73.88,73.94,73.80,L,1,74.4261
L,1260810,1500,155,73.88,73.94,73.80,L,2,74.8033
L,1260810,1500,155,73.88,73.94,73.80,L,3,76.3133
L,1260810,1500,155,73.88,73.94,73.80,L,4,76.6147
L,1260810,1500,155,73.88,73.94,73.80,L,5,76.0620
L,1260810,1500,155,73.88,73.94,73.80,L,6,77.1342
L,1260810,1500,155,73.88,73.94,73.80,L,7,76.2482
L,1260810,1500,155,73.88,73.94,73.80,L,8,77.0279
L,1260810,1500,155,73.88,73.94,73.80,L,9,77.4700
L,1260810,1500,155,73.88,73.94,73.80,L,10,77.9131
L,1260810,1500,155,73.88,73.94,73.80,L,11,76.4373
L,1260810,1500,155,73.88,73.94,73.80,L,12,78.2588
L,1260810,1500,155,73.88,73.94,73.80,L,13,79.6033
L,1260810,1500,155,73.88,73.94,73.80,L,14,81.8700
L,1260810,1500,155,73.88,73.94,73.80,L,15,85.6705
L,1260810,1500,155,73.88,73.94,73.80,L,16,90.6043
L,1260810,1500,155,73.88,73.94,73.80,L,17,92.1087
L,1260810,1500,155,73.88,73.94,73.80,L,18,88.0717
L,1260810,1500,155,73.88,73.94,73.80,L,19,80.7980
L,1260810,1500,155,73.88,73.94,73.80,L,20,87.2748
L,1260810,1500,155,73.88,73.94,73.80,L,21,111.3290
L,1260810,1500,155,73.88,73.94,73.80,L,22,127.6460
L,1260810,1500,155,73.88,73.94,73.80,L,23,114.8033
X,1260810,1500,155,73.88,73.94,73.80,74.7897
X,1260810,1500,155,73.88,73.94,73.80,73.8911
K,1260810,1500,155,73.88,73.94,73.80,73.9731,3
Q,1260810,1500,155,73.88,73.94,73.80,73.8911,3
L,1260810,1600,156,73.72,74.10,73.65,U,0,74.0817
L,1260810,1600,156,73.72,74.10,73.65,U,1,74.4635
L,1260810,1600,156,73.72,74.10,73.65,U,2,74.7596
L,1260810,1600,156,73.72,74.10,73.65,U,3,75.3973
L,1260810,1600,156,73.72,74.10,73.65,U,4,73.8400
L,1260810,1600,156,73.72,74.10,73.65,U,5,73.4800
L,1260810,1600,156,73.72,74.10,73.65,U,6,73.3881
L,1260810,1600,156,73.72,74.10,73.65,U,7,69.8768
L,1260810,1600,156,73.72,74.10,73.65,U,8,67.2100
L,1260810,1600,156,73.72,74.10,73.65,U,9,58.6600
L,1260810,1600,156,73.72,74.10,73.65,U,10,57.5200
L,1260810,1600,156,73.72,74.10,73.65,L,0,74.0517
L,1260810,1600,156,73.72,74.10,73.65,L,1,74.5673
L,1260810,1600,156,73.72,74.10,73.65,L,2,74.9475
L,1260810,1600,156,73.72,74.10,73.65,L,3,76.4693
L,1260810,1600,156,73.72,74.10,73.65,L,4,76.7730
L,1260810,1600,156,73.72,74.10,73.65,L,5,76.2160
L,1260810,1600,156,73.72,74.10,73.65,L,6,77.2965
L,1260810,1600,156,73.72,74.10,73.65,L,7,76.4036
L,1260810,1600,156,73.72,74.10,73.65,L,8,77.1895
L,1260810,1600,156,73.72,74.10,73.65,L,9,77.6350
L,1260810,1600,156,73.72,74.10,73.65,L,10,78.0815
L,1260810,1600,156,73.72,74.10,73.65,L,11,76.5942
L,1260810,1600,156,73.72,74.10,73.65,L,12,78.4300
L,1260810,1600,156,73.72,74.10,73.65,L,13,79.7850
L,1260810,1600,156,73.72,74.10,73.65,L,14,82.0694
L,1260810,1600,156,73.72,74.10,73.65,L,15,85.8996
L,1260810,1600,156,73.72,74.10,73.65,L,16,90.8719
L,1260810,1600,156,73.72,74.10,73.65,L,17,92.3881
L,1260810,1600,156,73.72,74.10,73.65,L,18,88.3196
L,1260810,1600,156,73.72,74.10,73.65,L,19,80.9890
L,1260810,1600,156,73.72,74.10,73.65,L,20,87.5164
L,1260810,1600,156,73.72,74.10,73.65,L,21,111.7586
L,1260810,1600,156,73.72,74.10,73.65,L,22,128.2030
L,1260810,1600,156,73.72,74.10,73.65,L,23,115.2600
X,1260810,1600,156,73.72,74.10,73.65,74.4831
K,1260810,1600,156,73.72,74.10,73.65,74.7581,3
Q,1260810,1600,156,73.72,74.10,73.65,74.4831,2
L,1260810,1700,157,73.50,73.72,73.33,U,0,74.0609
L,1260810,1700,157,73.50,73.72,73.33,U,1,74.0422
L,1260810,1700,157,73.50,73.72,73.33,U,2,74.4308
L,1260810,1700,157,73.50,73.72,73.33,U,3,74.7320
L,1260810,1700,157,73.50,73.72,73.33,U,4,75.3809
L,1260810,1700,157,73.50,73.72,73.33,U,5,73.7963
L,1260810,1700,157,73.50,73.72,73.33,U,6,73.4300
L,1260810,1700,157,73.50,73.72,73.33,U,7,73.3365
L,1260810,1700,157,73.50,73.72,73.33,U,8,69.7636
L,1260810,1700,157,73.50,73.72,73.33,U,9,67.0500
L,1260810,1700,157,73.50,73.72,73.33,U,10,58.3500
L,1260810,1700,157,73.50,73.72,73.33,U,11,57.1900
L,1260810,1700,157,73.50,73.72,73.33,L,0,74.1889
L,1260810,1700,157,73.50,73.72,73.33,L,1,74.7085
L,1260810,1700,157,73.50,73.72,73.33,L,2,75.0917
L,1260810,1700,157,73.50,73.72,73.33,L,3,76.6252
L,1260810,1700,157,73.50,73.72,73.33,L,4,76.9313
L,1260810,1700,157,73.50,73.72,73.33,L,5,76.3700
L,1260810,1700,157,73.50,73.72,73.33,L,6,77.4589
L,1260810,1700,157,73.50,73.72,73.33,L,7,76.5591
L,1260810,1700,157,73.50,73.72,73.33,L,8,77.3510
L,1260810,1700,157,73.50,73.72,73.33,L,9,77.8000
L,1260810,1700,157,73.50,73.72,73.33,L,10,78.2500
L,1260810,1700,157,73.50,73.72,73.33,L,11,76.7511
L,1260810,1700,157,73.50,73.72,73.33,L,12,78.6012
L,1260810,1700,157,73.50,73.72,73.33,L,13,79.9667
L,1260810,1700,157,73.50,73.72,73.33,L,14,82.2687
L,1260810,1700,157,73.50,73.72,73.33,L,15,86.1287
L,1260810,1700,157,73.50,73.72,73.33,L,16,91.1396
L,1260810,1700,157,73.50,73.72,73.33,L,17,92.6675
L,1260810,1700,157,73.50,73.72,73.33,L,18,88.5674
L,1260810,1700,157,73.50,73.72,73.33,L,19,81.1800
L,1260810,1700,157,73.50,73.72,73.33,L,20,87.7580
L,1260810,1700,157,73.50,73.72,73.33,L,21,112.1881
L,1260810,1700,157,73.50,73.72,73.33,L,22,128.7600
L,1260810,1700,157,73.50,73.72,73.33,L,23,115.7167
X,1260810,1700,157,73.50,73.72,73.33,74.0893
X,1260810,1700,157,73.50,73.72,73.33,74.0750
K,1260810,1700,157,73.50,73.72,73.33,74.0973,3
Q,1260810,1700,157,73.50,73.72,73.33,74.0893,4
L,1260811,200,158,73.82,74.65,73.63,U,0,74.0218
L,1260811,200,158,73.82,74.65,73.63,U,1,74.0028
L,1260811,200,158,73.82,74.65,73.63,U,2,74.3980
L,1260811,200,158,73.82,74.65,73.63,U,3,74.7045
L,1260811,200,158,73.82,74.65,73.63,U,4,75.3645
L,1260811,200,158,73.82,74.65,73.63,U,5,73.7526
L,1260811,200,158,73.82,74.65,73.63,U,6,73.3800
L,1260811,200,158,73.82,74.65,73.63,U,7,73.2848
L,1260811,200,158,73.82,74.65,73.63,U,8,69.6504
L,1260811,200,158,73.82,74.65,73.63,U,9,66.8900
L,1260811,200,158,73.82,74.65,73.63,U,10,58.0400
L,1260811,200,158,73.82,74.65,73.63,U,11,56.8600
L,1260811,200,158,73.82,74.65,73.63,L,0,73.4606
L,1260811,200,158,73.82,74.65,73.63,L,1,74.3261
L,1260811,200,158,73.82,74.65,73.63,L,2,74.8498
L,1260811,200,158,73.82,74.65,73.63,L,3,75.2358
L,1260811,200,158,73.82,74.65,73.63,L,4,76.7812
L,1260811,200,158,73.82,74.65,73.63,L,5,77.0896
L,1260811,200,158,73.82,74.65,73.63,L,6,76.5240
L,1260811,200,158,73.82,74.65,73.63,L,7,77.6213
L,1260811,200,158,73.82,74.65,73.63,L,8,76.7145
L,1260811,200,158,73.82,74.65,73.63,L,9,77.5126
L,1260811,200,158,73.82,74.65,73.63,L,10,77.9650
L,1260811,200,158,73.82,74.65,73.63,L,11,78.4185
L,1260811,200,158,73.82,74.65,73.63,L,12,76.9081
L,1260811,200,158,73.82,74.65,73.63,L,13,78.7723
L,1260811,200,158,73.82,74.65,73.63,L,14,80.1483
L,1260811,200,158,73.82,74.65,73.63,L,15,82.4681
L,1260811,200,158,73.82,74.65,73.63,L,16,86.3577
L,1260811,200,158,73.82,74.65,73.63,L,17,91.4072
L,1260811,200,158,73.82,74.65,73.63,L,18,92.9468
L,1260811,200,158,73.82,74.65,73.63,L,19,88.8152
L,1260811,200,158,73.82,74.65,73.63,L,20,81.3710
L,1260811,200,158,73.82,74.65,73.63,L,21,87.9996
L,1260811,200,158,73.82,74.65,73.63,L,22,112.6176
L,1260811,200,158,73.82,74.65,73.63,L,23,129.3170
L,1260811,200,158,73.82,74.65,73.63,L,24,116.1733
X,1260811,200,158,73.82,74.65,73.63,74.7282
X,1260811,200,158,73.82,74.65,73.63,73.4023
X,1260811,200,158,73.82,74.65,73.63,73.3346
K,1260811,200,158,73.82,74.65,73.63,73.3752,3
Q,1260811,200,158,73.82,74.65,73.63,74.7282,3
L,1260811,300,159,73.98,74.10,73.63,U,0,74.6215
L,1260811,300,159,73.98,74.10,73.63,U,1,73.9826
L,1260811,300,159,73.98,74.10,73.63,U,2,73.9633
L,1260811,300,159,73.98,74.10,73.63,U,3,74.3653
L,1260811,300,159,73.98,74.10,73.63,U,4,74.6769
L,1260811,300,159,73.98,74.10,73.63,U,5,75.3482
L,1260811,300,159,73.98,74.10,73.63,U,6,73.7089
L,1260811,300,159,73.98,74.10,73.63,U,7,73.3300
L,1260811,300,159,73.98,74.10,73.63,U,8,73.2332
L,1260811,300,159,73.98,74.10,73.63,U,9,69.5371
L,1260811,300,159,73.98,74.10,73.63,U,10,66.7300
L,1260811,300,159,73.98,74.10,73.63,U,11,57.7300
L,1260811,300,159,73.98,74.10,73.63,U,12,56.5300
L,1260811,300,159,73.98,74.10,73.63,L,0,73.5912
L,1260811,300,159,73.98,74.10,73.63,L,1,74.4633
L,1260811,300,159,73.98,74.10,73.63,L,2,74.9910
L,1260811,300,159,73.98,74.10,73.63,L,3,75.3800
L,1260811,300,159,73.98,74.10,73.63,L,4,76.9372
L,1260811,300,159,73.98,74.10,73.63,L,5,77.2479
L,1260811,300,159,73.98,74.10,73.63,L,6,76.6780
L,1260811,300,159,73.98,74.10,73.63,L,7,77.7837
L,1260811,300,159,73.98,74.10,73.63,L,8,76.8700
L,1260811,300,159,73.98,74.10,73.63,L,9,77.6741
L,1260811,300,159,73.98,74.10,73.63,L,10,78.1300
L,1260811,300,159,73.98,74.10,73.63,L,11,78.5869
L,1260811,300,159,73.98,74.10,73.63,L,12,77.0650
L,1260811,300,159,73.98,74.10,73.63,L,13,78.9435
L,1260811,300,159,73.98,74.10,73.63,L,14,80.3300
L,1260811,300,159,73.98,74.10,73.63,L,15,82.6675
L,1260811,300,159,73.98,74.10,73.63,L,16,86.5868
L,1260811,300,159,73.98,74.10,73.63,L,17,91.6748
L,1260811,300,159,73.98,74.10,73.63,L,18,93.2262
L,1260811,300,159,73.98,74.10,73.63,L,19,89.0630
L,1260811,300,159,73.98,74.10,73.63,L,20,81.5620
L,1260811,300,159,73.98,74.10,73.63,L,21,88.2412
L,1260811,300,159,73.98,74.10,73.63,L,22,113.0471
L,1260811,300,159,73.98,74.10,73.63,L,23,129.8740
L,1260811,300,159,73.98,74.10,73.63,L,24,116.6300
X,1260811,300,159,73.98,74.10,73.63,74.3842
X,1260811,300,159,73.98,74.10,73.63,75.3514
K,1260811,300,159,73.98,74.10,73.63,74.5318,4
Q,1260811,300,159,73.98,74.10,73.63,74.3842,3
L,1260811,400,160,74.36,74.45,73.89,U,0,74.5931
L,1260811,400,160,74.36,74.45,73.89,U,1,73.9435
L,1260811,400,160,74.36,74.45,73.89,U,2,73.9239
L,1260811,400,160,74.36,74.45,73.89,U,3,74.3325
L,1260811,400,160,74.36,74.45,73.89,U,4,74.6494
L,1260811,400,160,74.36,74.45,73.89,U,5,75.3318
L,1260811,400,160,74.36,74.45,73.89,U,6,73.6653
L,1260811,400,160,74.36,74.45,73.89,U,7,73.2800
L,1260811,400,160,74.36,74.45,73.89,U,8,73.1816
L,1260811,400,160,74.36,74.45,73.89,U,9,69.4239
L,1260811,400,160,74.36,74.45,73.89,U,10,66.5700
L,1260811,400,160,74.36,74.45,73.89,U,11,57.4200
L,1260811,400,160,74.36,74.45,73.89,U,12,56.2000
L,1260811,400,160,74.36,74.45,73.89,L,0,73.7218
L,1260811,400,160,74.36,74.45,73.89,L,1,74.6006
L,1260811,400,160,74.36,74.45,73.89,L,2,75.1322
L,1260811,400,160,74.36,74.45,73.89,L,3,75.5242
L,1260811,400,160,74.36,74.45,73.89,L,4,77.0931
L,1260811,400,160,74.36,74.45,73.89,L,5,77.4063
L,1260811,400,160,74.36,74.45,73.89,L,6,76.8320
L,1260811,400,160,74.36,74.45,73.89,L,7,77.9460
L,1260811,400,160,74.36,74.45,73.89,L,8,77.0255
L,1260811,400,160,74.36,74.45,73.89,L,9,77.8357
L,1260811,400,160,74.36,74.45,73.89,L,10,78.2950
L,1260811,400,160,74.36,74.45,73.89,L,11,78.7554
L,1260811,400,160,74.36,74.45,73.89,L,12,77.2219
L,1260811,400,160,74.36,74.45,73.89,L,13,79.1147
L,1260811,400,160,74.36,74.45,73.89,L,14,80.5117
L,1260811,400,160,74.36,74.45,73.89,L,15,82.8669
L,1260811,400,160,74.36,74.45,73.89,L,16,86.8159
L,1260811,400,160,74.36,74.45,73.89,L,17,91.9424
L,1260811,400,160,74.36,74.45,73.89,L,18,93.5056
L,1260811,400,160,74.36,74.45,73.89,L,19,89.3109
L,1260811,400,160,74.36,74.45,73.89,L,20,81.7530
L,1260811,400,160,74.36,74.45,73.89,L,21,88.4828
L,1260811,400,160,74.36,74.45,73.89,L,22,113.4767
L,1260811,400,160,74.36,74.45,73.89,L,23,130.4310
L,1260811,400,160,74.36,74.45,73.89,L,24,117.0867
X,1260811,400,160,74.36,74.45,73.89,74.5943
X,1260811,400,160,74.36,74.45,73.89,73.6794
K,1260811,400,160,74.36,74.45,73.89,74.6143,3
Q,1260811,400,160,74.36,74.45,73.89,74.5943,3
L,1260811,500,161,74.48,74.86,74.33,U,0,74.5646
L,1260811,500,161,74.48,74.86,74.33,U,1,73.9044
L,1260811,500,161,74.48,74.86,74.33,U,2,73.8844
L,1260811,500,161,74.48,74.86,74.33,U,3,74.2998
L,1260811,500,161,74.48,74.86,74.33,U,4,74.6218
L,1260811,500,161,74.48,74.86,74.33,U,5,75.3155
L,1260811,500,161,74.48,74.86,74.33,U,6,73.6216
L,1260811,500,161,74.48,74.86,74.33,U,7,73.2300
L,1260811,500,161,74.48,74.86,74.33,U,8,73.1300
L,1260811,500,161,74.48,74.86,74.33,U,9,69.3107
L,1260811,500,161,74.48,74.86,74.33,U,10,66.4100
L,1260811,500,161,74.48,74.86,74.33,U,11,57.1100
L,1260811,500,161,74.48,74.86,74.33,U,12,55.8700
L,1260811,500,161,74.48,74.86,74.33,L,0,73.8525
L,1260811,500,161,74.48,74.86,74.33,L,1,74.7378
L,1260811,500,161,74.48,74.86,74.33,L,2,75.2734
L,1260811,500,161,74.48,74.86,74.33,L,3,75.6683
L,1260811,500,161,74.48,74.86,74.33,L,4,77.2491
L,1260811,500,161,74.48,74.86,74.33,L,5,77.5646
L,1260811,500,161,74.48,74.86,74.33,L,6,76.9860
L,1260811,500,161,74.48,74.86,74.33,L,7,78.1084
L,1260811,500,161,74.48,74.86,74.33,L,8,77.1809
L,1260811,500,161,74.48,74.86,74.33,L,9,77.9972
L,1260811,500,161,74.48,74.86,74.33,L,10,78.4600
L,1260811,500,161,74.48,74.86,74.33,L,11,78.9238
L,1260811,500,161,74.48,74.86,74.33,L,12,77.3789
L,1260811,500,161,74.48,74.86,74.33,L,13,79.2858
L,1260811,500,161,74.48,74.86,74.33,L,14,80.6933
L,1260811,500,161,74.48,74.86,74.33,L,15,83.0662
L,1260811,500,161,74.48,74.86,74.33,L,16,87.0449
L,1260811,500,161,74.48,74.86,74.33,L,17,92.2100
L,1260811,500,161,74.48,74.86,74.33,L,18,93.7849
L,1260811,500,161,74.48,74.86,74.33,L,19,89.5587
L,1260811,500,161,74.48,74.86,74.33,L,20,81.9440
L,1260811,500,161,74.48,74.86,74.33,L,21,88.7244
L,1260811,500,161,74.48,74.86,74.33,L,22,113.9062
L,1260811,500,161,74.48,74.86,74.33,L,23,130.9880
L,1260811,500,161,74.48,74.86,74.33,L,24,117.5433
X,1260811,500,161,74.48,74.86,74.33,74.6412
K,1260811,500,161,74.48,74.86,74.33,74.6414,3
Q,1260811,500,161,74.48,74.86,74.33,74.6412,4
L,1260811,600,162,74.49,74.76,74.38,U,0,74.8363
L,1260811,600,162,74.49,74.76,74.38,U,1,74.5361
L,1260811,600,162,74.49,74.76,74.38,U,2,73.8653
L,1260811,600,162,74.49,74.76,74.38,U,3,73.8450
L,1260811,600,162,74.49,74.76,74.38,U,4,74.2671
L,1260811,600,162,74.49,74.76,74.38,U,5,74.5943
L,1260811,600,162,74.49,74.76,74.38,U,6,75.2991
L,1260811,600,162,74.49,74.76,74.38,U,7,73.5779
L,1260811,600,162,74.49,74.76,74.38,U,8,73.1800
L,1260811,600,162,74.49,74.76,74.38,U,9,73.0784
L,1260811,600,162,74.49,74.76,74.38,U,10,69.1975
L,1260811,600,162,74.49,74.76,74.38,U,11,66.2500
L,1260811,600,162,74.49,74.76,74.38,U,12,56.8000
L,1260811,600,162,74.49,74.76,74.38,U,13,55.5400
L,1260811,600,162,74.49,74.76,74.38,L,0,73.9831
L,1260811,600,162,74.49,74.76,74.38,L,1,74.8750
L,1260811,600,162,74.49,74.76,74.38,L,2,75.4146
L,1260811,600,162,74.49,74.76,74.38,L,3,75.8125
L,1260811,600,162,74.49,74.76,74.38,L,4,77.4050
L,1260811,600,162,74.49,74.76,74.38,L,5,77.7229
L,1260811,600,162,74.49,74.76,74.38,L,6,77.1400
L,1260811,600,162,74.49,74.76,74.38,L,7,78.2708
L,1260811,600,162,74.49,74.76,74.38,L,8,77.3364
L,1260811,600,162,74.49,74.76,74.38,L,9,78.1588
L,1260811,600,162,74.49,74.76,74.38,L,10,78.6250
L,1260811,600,162,74.49,74.76,74.38,L,11,79.0923
L,1260811,600,162,74.49,74.76,74.38,L,12,77.5358
L,1260811,600,162,74.49,74.76,74.38,L,13,79.4570
L,1260811,600,162,74.49,74.76,74.38,L,14,80.8750
L,1260811,600,162,74.49,74.76,74.38,L,15,83.2656
L,1260811,600,162,74.49,74.76,74.38,L,16,87.2740
L,1260811,600,162,74.49,74.76,74.38,L,17,92.4776
L,1260811,600,162,74.49,74.76,74.38,L,18,94.0643
L,1260811,600,162,74.49,74.76,74.38,L,19,89.8065
L,1260811,600,162,74.49,74.76,74.38,L,20,82.1350
L,1260811,600,162,74.49,74.76,74.38,L,21,88.9660
L,1260811,600,162,74.49,74.76,74.38,L,22,114.3357
L,1260811,600,162,74.49,74.76,74.38,L,23,131.5450
L,1260811,600,162,74.49,74.76,74.38,L,24,118.0000
X,1260811,600,162,74.49,74.76,74.38,74.8420
X,1260811,600,162,74.49,74.76,74.38,73.8924
X,1260811,600,162,74.49,74.76,74.38,73.8770
X,1260811,600,162,74.49,74.76,74.38,75.3111
K,1260811,600,162,74.49,74.76,74.38,73.8978,3
Q,1260811,600,162,74.49,74.76,74.38,74.8420,3
L,1260811,700,163,73.73,74.61,73.03,U,0,74.8126
L,1260811,700,163,73.73,74.61,73.03,U,1,74.5076
L,1260811,700,163,73.73,74.61,73.03,U,2,73.8261
L,1260811,700,163,73.73,74.61,73.03,U,3,73.8056
L,1260811,700,163,73.73,74.61,73.03,U,4,74.2343
L,1260811,700,163,73.73,74.61,73.03,U,5,74.5667
L,1260811,700,163,73.73,74.61,73.03,U,6,75.2827
L,1260811,700,163,73.73,74.61,73.03,U,7,73.5342
L,1260811,700,163,73.73,74.61,73.03,U,8,73.1300
L,1260811,700,163,73.73,74.61,73.03,U,9,73.0268
L,1260811,700,163,73.73,74.61,73.03,U,10,69.0843
L,1260811,700,163,73.73,74.61,73.03,U,11,66.0900
L,1260811,700,163,73.73,74.61,73.03,U,12,56.4900
L,1260811,700,163,73.73,74.61,73.03,U,13,55.2100
L,1260811,700,163,73.73,74.61,73.03,L,0,74.1137
L,1260811,700,163,73.73,74.61,73.03,L,1,75.0122
L,1260811,700,163,73.73,74.61,73.03,L,2,75.5559
L,1260811,700,163,73.73,74.61,73.03,L,3,75.9567
L,1260811,700,163,73.73,74.61,73.03,L,4,77.5610
L,1260811,700,163,73.73,74.61,73.03,L,5,77.8812
L,1260811,700,163,73.73,74.61,73.03,L,6,77.2940
L,1260811,700,163,73.73,74.61,73.03,L,7,78.4332
L,1260811,700,163,73.73,74.61,73.03,L,8,77.4918
L,1260811,700,163,73.73,74.61,73.03,L,9,78.3203
L,1260811,700,163,73.73,74.61,73.03,L,10,78.7900
L,1260811,700,163,73.73,74.61,73.03,L,11,79.2608
L,1260811,700,163,73.73,74.61,73.03,L,12,77.6927
L,1260811,700,163,73.73,74.61,73.03,L,13,79.6281
L,1260811,700,163,73.73,74.61,73.03,L,14,81.0567
L,1260811,700,163,73.73,74.61,73.03,L,15,83.4650
L,1260811,700,163,73.73,74.61,73.03,L,16,87.5031
L,1260811,700,163,73.73,74.61,73.03,L,17,92.7452
L,1260811,700,163,73.73,74.61,73.03,L,18,94.3437
L,1260811,700,163,73.73,74.61,73.03,L,19,90.0543
L,1260811,700,163,73.73,74.61,73.03,L,20,82.3260
L,1260811,700,163,73.73,74.61,73.03,L,21,89.2076
L,1260811,700,163,73.73,74.61,73.03,L,22,114.7652
L,1260811,700,163,73.73,74.61,73.03,L,23,132.1020
L,1260811,700,163,73.73,74.61,73.03,L,24,118.4567
L,1260811,800,164,74.07,74.27,73.62,U,0,74.7889
L,1260811,800,164,74.07,74.27,73.62,U,1,74.4792
L,1260811,800,164,74.07,74.27,73.62,U,2,73.7870
L,1260811,800,164,74.07,74.27,73.62,U,3,73.7661
L,1260811,800,164,74.07,74.27,73.62,U,4,74.2016
L,1260811,800,164,74.07,74.27,73.62,U,5,74.5392
L,1260811,800,164,74.07,74.27,73.62,U,6,75.2664
L,1260811,800,164,74.07,74.27,73.62,U,7,73.4905
L,1260811,800,164,74.07,74.27,73.62,U,8,73.0800
L,1260811,800,164,74.07,74.27,73.62,U,9,72.9752
L,1260811,800,164,74.07,74.27,73.62,U,10,68.9711
L,1260811,800,164,74.07,74.27,73.62,U,11,65.9300
L,1260811,800,164,74.07,74.27,73.62,U,12,56.1800
L,1260811,800,164,74.07,74.27,73.62,U,13,54.8800
L,1260811,800,164,74.07,74.27,73.62,L,0,73.1526
L,1260811,800,164,74.07,74.27,73.62,L,1,74.2443
L,1260811,800,164,74.07,74.27,73.62,L,2,75.1494
L,1260811,800,164,74.07,74.27,73.62,L,3,75.6971
L,1260811,800,164,74.07,74.27,73.62,L,4,76.1008
L,1260811,800,164,74.07,74.27,73.62,L,5,77.7170
L,1260811,800,164,74.07,74.27,73.62,L,6,78.0395
L,1260811,800,164,74.07,74.27,73.62,L,7,77.4480
L,1260811,800,164,74.07,74.27,73.62,L,8,78.5955
L,1260811,800,164,74.07,74.27,73.62,L,9,77.6473
L,1260811,800,164,74.07,74.27,73.62,L,10,78.4819
L,1260811,800,164,74.07,74.27,73.62,L,11,78.9550
L,1260811,800,164,74.07,74.27,73.62,L,12,79.4292
L,1260811,800,164,74.07,74.27,73.62,L,13,77.8497
L,1260811,800,164,74.07,74.27,73.62,L,14,79.7993
L,1260811,800,164,74.07,74.27,73.62,L,15,81.2383
L,1260811,800,164,74.07,74.27,73.62,L,16,83.6644
L,1260811,800,164,74.07,74.27,73.62,L,17,87.7321
L,1260811,800,164,74.07,74.27,73.62,L,18,93.0128
L,1260811,800,164,74.07,74.27,73.62,L,19,94.6230
L,1260811,800,164,74.07,74.27,73.62,L,20,90.3022
L,1260811,800,164,74.07,74.27,73.62,L,21,82.5170
L,1260811,800,164,74.07,74.27,73.62,L,22,89.4492
L,1260811,800,164,74.07,74.27,73.62,L,23,115.1948
L,1260811,800,164,74.07,74.27,73.62,L,24,132.6590
L,1260811,800,164,74.07,74.27,73.62,L,25,118.9133
X,1260811,800,164,74.07,74.27,73.62,74.2101
X,1260811,800,164,74.07,74.27,73.62,73.1010
K,1260811,800,164,74.07,74.27,73.62,73.0693,3
L,1260811,900,165,73.23,74.18,73.20,U,0,74.7652
L,1260811,900,165,73.23,74.18,73.20,U,1,74.4507
L,1260811,900,165,73.23,74.18,73.20,U,2,73.7479
L,1260811,900,165,73.23,74.18,73.20,U,3,73.7267
L,1260811,900,165,73.23,74.18,73.20,U,4,74.1688
L,1260811,900,165,73.23,74.18,73.20,U,5,74.5116
L,1260811,900,165,73.23,74.18,73.20,U,6,75.2500
L,1260811,900,165,73.23,74.18,73.20,U,7,73.4468
L,1260811,900,165,73.23,74.18,73.20,U,8,73.0300
L,1260811,900,165,73.23,74.18,73.20,U,9,72.9235
L,1260811,900,165,73.23,74.18,73.20,U,10,68.8579
L,1260811,900,165,73.23,74.18,73.20,U,11,65.7700
L,1260811,900,165,73.23,74.18,73.20,U,12,55.8700
L,1260811,900,165,73.23,74.18,73.20,U,13,54.5500
L,1260811,900,165,73.23,74.18,73.20,L,0,73.2753
L,1260811,900,165,73.23,74.18,73.20,L,1,74.3749
L,1260811,900,165,73.23,74.18,73.20,L,2,75.2867
L,1260811,900,165,73.23,74.18,73.20,L,3,75.8383
L,1260811,900,165,73.23,74.18,73.20,L,4,76.2450
L,1260811,900,165,73.23,74.18,73.20,L,5,77.8729
L,1260811,900,165,73.23,74.18,73.20,L,6,78.1979
L,1260811,900,165,73.23,74.18,73.20,L,7,77.6020
L,1260811,900,165,73.23,74.18,73.20,L,8,78.7579
L,1260811,900,165,73.23,74.18,73.20,L,9,77.8027
L,1260811,900,165,73.23,74.18,73.20,L,10,78.6434
L,1260811,900,165,73.23,74.18,73.20,L,11,79.1200
L,1260811,900,165,73.23,74.18,73.20,L,12,79.5977
L,1260811,900,165,73.23,74.18,73.20,L,13,78.0066
L,1260811,900,165,73.23,74.18,73.20,L,14,79.9705
L,1260811,900,165,73.23,74.18,73.20,L,15,81.4200
L,1260811,900,165,73.23,74.18,73.20,L,16,83.8637
L,1260811,900,165,73.23,74.18,73.20,L,17,87.9612
L,1260811,900,165,73.23,74.18,73.20,L,18,93.2804
L,1260811,900,165,73.23,74.18,73.20,L,19,94.9024
L,1260811,900,165,73.23,74.18,73.20,L,20,90.5500
L,1260811,900,165,73.23,74.18,73.20,L,21,82.7080
L,1260811,900,165,73.23,74.18,73.20,L,22,89.6908
L,1260811,900,165,73.23,74.18,73.20,L,23,115.6243
L,1260811,900,165,73.23,74.18,73.20,L,24,133.2160
L,1260811,900,165,73.23,74.18,73.20,L,25,119.3700
X,1260811,900,165,73.23,74.18,73.20,75.2539
K,1260811,900,165,73.23,74.18,73.20,74.3765,4
Q,1260811,900,165,73.23,74.18,73.20,75.2539,2
L,1260811,1000,166,72.95,73.35,72.89,U,0,74.7415
L,1260811,1000,166,72.95,73.35,72.89,U,1,74.4222
L,1260811,1000,166,72.95,73.35,72.89,U,2,73.7088
L,1260811,1000,166,72.95,73.35,72.89,U,3,73.6872
L,1260811,1000,166,72.95,73.35,72.89,U,4,74.1361
L,1260811,1000,166,72.95,73.35,72.89,U,5,74.4841
L,1260811,1000,166,72.95,73.35,72.89,U,6,75.2336
L,1260811,1000,166,72.95,73.35,72.89,U,7,73.4032
L,1260811,1000,166,72.95,73.35,72.89,U,8,72.9800
L,1260811,1000,166,72.95,73.35,72.89,U,9,72.8719
L,1260811,1000,166,72.95,73.35,72.89,U,10,68.7446
L,1260811,1000,166,72.95,73.35,72.89,U,11,65.6100
L,1260811,1000,166,72.95,73.35,72.89,U,12,55.5600
L,1260811,1000,166,72.95,73.35,72.89,U,13,54.2200
L,1260811,1000,166,72.95,73.35,72.89,L,0,73.3979
L,1260811,1000,166,72.95,73.35,72.89,L,1,74.5055
L,1260811,1000,166,72.95,73.35,72.89,L,2,75.4239
L,1260811,1000,166,72.95,73.35,72.89,L,3,75.9795
L,1260811,1000,166,72.95,73.35,72.89,L,4,76.3892
L,1260811,1000,166,72.95,73.35,72.89,L,5,78.0289
L,1260811,1000,166,72.95,73.35,72.89,L,6,78.3562
L,1260811,1000,166,72.95,73.35,72.89,L,7,77.7560
L,1260811,1000,166,72.95,73.35,72.89,L,8,78.9203
L,1260811,1000,166,72.95,73.35,72.89,L,9,77.9582
L,1260811,1000,166,72.95,73.35,72.89,L,10,78.8049
L,1260811,1000,166,72.95,73.35,72.89,L,11,79.2850
L,1260811,1000,166,72.95,73.35,72.89,L,12,79.7662
L,1260811,1000,166,72.95,73.35,72.89,L,13,78.1635
L,1260811,1000,166,72.95,73.35,72.89,L,14,80.1416
L,1260811,1000,166,72.95,73.35,72.89,L,15,81.6017
L,1260811,1000,166,72.95,73.35,72.89,L,16,84.0631
L,1260811,1000,166,72.95,73.35,72.89,L,17,88.1903
L,1260811,1000,166,72.95,73.35,72.89,L,18,93.5481
L,1260811,1000,166,72.95,73.35,72.89,L,19,95.1817
L,1260811,1000,166,72.95,73.35,72.89,L,20,90.7978
L,1260811,1000,166,72.95,73.35,72.89,L,21,82.8990
L,1260811,1000,166,72.95,73.35,72.89,L,22,89.9324
L,1260811,1000,166,72.95,73.35,72.89,L,23,116.0538
L,1260811,1000,166,72.95,73.35,72.89,L,24,133.7730
L,1260811,1000,166,72.95,73.35,72.89,L,25,119.8267
X,1260811,1000,166,72.95,73.35,72.89,74.4371
X,1260811,1000,166,72.95,73.35,72.89,74.4878
K,1260811,1000,166,72.95,73.35,72.89,74.4706,3
Q,1260811,1000,166,72.95,73.35,72.89,74.4371,3
L,1260811,1100,167,72.97,73.06,72.55,U,0,74.7177
L,1260811,1100,167,72.97,73.06,72.55,U,1,74.3937
L,1260811,1100,167,72.97,73.06,72.55,U,2,73.6696
L,1260811,1100,167,72.97,73.06,72.55,U,3,73.6478
L,1260811,1100,167,72.97,73.06,72.55,U,4,74.1033
L,1260811,1100,167,72.97,73.06,72.55,U,5,74.4565
L,1260811,1100,167,72.97,73.06,72.55,U,6,75.2173
L,1260811,1100,167,72.97,73.06,72.55,U,7,73.3595
L,1260811,1100,167,72.97,73.06,72.55,U,8,72.9300
L,1260811,1100,167,72.97,73.06,72.55,U,9,72.8203
L,1260811,1100,167,72.97,73.06,72.55,U,10,68.6314
L,1260811,1100,167,72.97,73.06,72.55,U,11,65.4500
L,1260811,1100,167,72.97,73.06,72.55,U,12,55.2500
L,1260811,1100,167,72.97,73.06,72.55,U,13,53.8900
L,1260811,1100,167,72.97,73.06,72.55,L,0,73.5206
L,1260811,1100,167,72.97,73.06,72.55,L,1,74.6362
L,1260811,1100,167,72.97,73.06,72.55,L,2,75.5611
L,1260811,1100,167,72.97,73.06,72.55,L,3,76.1207
L,1260811,1100,167,72.97,73.06,72.55,L,4,76.5333
L,1260811,1100,167,72.97,73.06,72.55,L,5,78.1849
L,1260811,1100,167,72.97,73.06,72.55,L,6,78.5145
L,1260811,1100,167,72.97,73.06,72.55,L,7,77.9100
L,1260811,1100,167,72.97,73.06,72.55,L,8,79.0827
L,1260811,1100,167,72.97,73.06,72.55,L,9,78.1136
L,1260811,1100,167,72.97,73.06,72.55,L,10,78.9665
L,1260811,1100,167,72.97,73.06,72.55,L,11,79.4500
L,1260811,1100,167,72.97,73.06,72.55,L,12,79.9346
L,1260811,1100,167,72.97,73.06,72.55,L,13,78.3205
L,1260811,1100,167,72.97,73.06,72.55,L,14,80.3128
L,1260811,1100,167,72.97,73.06,72.55,L,15,81.7833
L,1260811,1100,167,72.97,73.06,72.55,L,16,84.2625
L,1260811,1100,167,72.97,73.06,72.55,L,17,88.4193
L,1260811,1100,167,72.97,73.06,72.55,L,18,93.8157
L,1260811,1100,167,72.97,73.06,72.55,L,19,95.4611
L,1260811,1100,167,72.97,73.06,72.55,L,20,91.0457
L,1260811,1100,167,72.97,73.06,72.55,L,21,83.0900
L,1260811,1100,167,72.97,73.06,72.55,L,22,90.1740
L,1260811,1100,167,72.97,73.06,72.55,L,23,116.4833
L,1260811,1100,167,72.97,73.06,72.55,L,24,134.3300
L,1260811,1100,167,72.97,73.06,72.55,L,25,120.2833
X,1260811,1100,167,72.97,73.06,72.55,73.4018
K,1260811,1100,167,72.97,73.06,72.55,73.5494,4
Q,1260811,1100,167,72.97,73.06,72.55,73.4018,2
L,1260811,1200,168,72.64,73.01,72.24,U,0,74.6940
L,1260811,1200,168,72.64,73.01,72.24,U,1,74.3653
L,1260811,1200,168,72.64,73.01,72.24,U,2,73.6305
L,1260811,1200,168,72.64,73.01,72.24,U,3,73.6083
L,1260811,1200,168,72.64,73.01,72.24,U,4,74.0706
L,1260811,1200,168,72.64,73.01,72.24,U,5,74.4290
L,1260811,1200,168,72.64,73.01,72.24,U,6,75.2009
L,1260811,1200,168,72.64,73.01,72.24,U,7,73.3158
L,1260811,1200,168,72.64,73.01,72.24,U,8,72.8800
L,1260811,1200,168,72.64,73.01,72.24,U,9,72.7687
L,1260811,1200,168,72.64,73.01,72.24,U,10,68.5182
L,1260811,1200,168,72.64,73.01,72.24,U,11,65.2900
L,1260811,1200,168,72.64,73.01,72.24,U,12,54.9400
L,1260811,1200,168,72.64,73.01,72.24,U,13,53.5600
L,1260811,1200,168,72.64,73.01,72.24,L,0,73.6432
L,1260811,1200,168,72.64,73.01,72.24,L,1,74.7668
L,1260811,1200,168,72.64,73.01,72.24,L,2,75.6983
L,1260811,1200,168,72.64,73.01,72.24,L,3,76.2620
L,1260811,1200,168,72.64,73.01,72.24,L,4,76.6775
L,1260811,1200,168,72.64,73.01,72.24,L,5,78.3408
L,1260811,1200,168,72.64,73.01,72.24,L,6,78.6728
L,1260811,1200,168,72.64,73.01,72.24,L,7,78.0640
L,1260811,1200,168,72.64,73.01,72.24,L,8,79.2450
L,1260811,1200,168,72.64,73.01,72.24,L,9,78.2691
L,1260811,1200,168,72.64,73.01,72.24,L,10,79.1280
L,1260811,1200,168,72.64,73.01,72.24,L,11,79.6150
L,1260811,1200,168,72.64,73.01,72.24,L,12,80.1031
L,1260811,1200,168,72.64,73.01,72.24,L,13,78.4774
L,1260811,1200,168,72.64,73.01,72.24,L,14,80.4840
L,1260811,1200,168,72.64,73.01,72.24,L,15,81.9650
L,1260811,1200,168,72.64,73.01,72.24,L,16,84.4619
L,1260811,1200,168,72.64,73.01,72.24,L,17,88.6484
L,1260811,1200,168,72.64,73.01,72.24,L,18,94.0833
L,1260811,1200,168,72.64,73.01,72.24,L,19,95.7405
L,1260811,1200,168,72.64,73.01,72.24,L,20,91.2935
L,1260811,1200,168,72.64,73.01,72.24,L,21,83.2810
L,1260811,1200,168,72.64,73.01,72.24,L,22,90.4156
L,1260811,1200,168,72.64,73.01,72.24,L,23,116.9129
L,1260811,1200,168,72.64,73.01,72.24,L,24,134.8870
L,1260811,1200,168,72.64,73.01,72.24,L,25,120.7400
X,1260811,1200,168,72.64,73.01,72.24,74.7052
X,1260811,1200,168,72.64,73.01,72.24,73.6336
X,1260811,1200,168,72.64,73.01,72.24,73.6168
K,1260811,1200,168,72.64,73.01,72.24,73.6274,3
Q,1260811,1200,168,72.64,73.01,72.24,74.7052,3
L,1260811,1300,169,73.01,73.19,72.54,U,0,74.6703
L,1260811,1300,169,73.01,73.19,72.54,U,1,74.3368
L,1260811,1300,169,73.01,73.19,72.54,U,2,73.5914
L,1260811,1300,169,73.01,73.19,72.54,U,3,73.5689
L,1260811,1300,169,73.01,73.19,72.54,U,4,74.0378
L,1260811,1300,169,73.01,73.19,72.54,U,5,74.4014
L,1260811,1300,169,73.01,73.19,72.54,U,6,75.1845
L,1260811,1300,169,73.01,73.19,72.54,U,7,73.2721
L,1260811,1300,169,73.01,73.19,72.54,U,8,72.8300
L,1260811,1300,169,73.01,73.19,72.54,U,9,72.7171
L,1260811,1300,169,73.01,73.19,72.54,U,10,68.4050
L,1260811,1300,169,73.01,73.19,72.54,U,11,65.1300
L,1260811,1300,169,73.01,73.19,72.54,U,12,54.6300
L,1260811,1300,169,73.01,73.19,72.54,U,13,53.2300
L,1260811,1300,169,73.01,73.19,72.54,L,0,72.3527
L,1260811,1300,169,73.01,73.19,72.54,L,1,73.7659
L,1260811,1300,169,73.01,73.19,72.54,L,2,74.8974
L,1260811,1300,169,73.01,73.19,72.54,L,3,75.8356
L,1260811,1300,169,73.01,73.19,72.54,L,4,76.4032
L,1260811,1300,169,73.01,73.19,72.54,L,5,76.8217
L,1260811,1300,169,73.01,73.19,72.54,L,6,78.4968
L,1260811,1300,169,73.01,73.19,72.54,L,7,78.8311
L,1260811,1300,169,73.01,73.19,72.54,L,8,78.2180
L,1260811,1300,169,73.01,73.19,72.54,L,9,79.4074
L,1260811,1300,169,73.01,73.19,72.54,L,10,78.4245
L,1260811,1300,169,73.01,73.19,72.54,L,11,79.2896
L,1260811,1300,169,73.01,73.19,72.54,L,12,79.7800
L,1260811,1300,169,73.01,73.19,72.54,L,13,80.2715
L,1260811,1300,169,73.01,73.19,72.54,L,14,78.6343
L,1260811,1300,169,73.01,73.19,72.54,L,15,80.6551
L,1260811,1300,169,73.01,73.19,72.54,L,16,82.1467
L,1260811,1300,169,73.01,73.19,72.54,L,17,84.6612
L,1260811,1300,169,73.01,73.19,72.54,L,18,88.8775
L,1260811,1300,169,73.01,73.19,72.54,L,19,94.3509
L,1260811,1300,169,73.01,73.19,72.54,L,20,96.0198
L,1260811,1300,169,73.01,73.19,72.54,L,21,91.5413
L,1260811,1300,169,73.01,73.19,72.54,L,22,83.4720
L,1260811,1300,169,73.01,73.19,72.54,L,23,90.6572
L,1260811,1300,169,73.01,73.19,72.54,L,24,117.3424
L,1260811,1300,169,73.01,73.19,72.54,L,25,135.4440
L,1260811,1300,169,73.01,73.19,72.54,L,26,121.1967
K,1260811,1300,169,73.01,73.19,72.54,73.6421,3
L,1260811,1400,170,73.09,73.30,72.87,U,0,74.6466
L,1260811,1400,170,73.09,73.30,72.87,U,1,74.3083
L,1260811,1400,170,73.09,73.30,72.87,U,2,73.5523
L,1260811,1400,170,73.09,73.30,72.87,U,3,73.5294
L,1260811,1400,170,73.09,73.30,72.87,U,4,74.0051
L,1260811,1400,170,73.09,73.30,72.87,U,5,74.3739
L,1260811,1400,170,73.09,73.30,72.87,U,6,75.1682
L,1260811,1400,170,73.09,73.30,72.87,U,7,73.2284
L,1260811,1400,170,73.09,73.30,72.87,U,8,72.7800
L,1260811,1400,170,73.09,73.30,72.87,U,9,72.6655
L,1260811,1400,170,73.09,73.30,72.87,U,10,68.2918
L,1260811,1400,170,73.09,73.30,72.87,U,11,64.9700
L,1260811,1400,170,73.09,73.30,72.87,U,12,54.3200
L,1260811,1400,170,73.09,73.30,72.87,U,13,52.9000
L,1260811,1400,170,73.09,73.30,72.87,L,0,72.4654
L,1260811,1400,170,73.09,73.30,72.87,L,1,73.8885
L,1260811,1400,170,73.09,73.30,72.87,L,2,75.0280
L,1260811,1400,170,73.09,73.30,72.87,L,3,75.9728
L,1260811,1400,170,73.09,73.30,72.87,L,4,76.5444
L,1260811,1400,170,73.09,73.30,72.87,L,5,76.9658
L,1260811,1400,170,73.09,73.30,72.87,L,6,78.6528
L,1260811,1400,170,73.09,73.30,72.87,L,7,78.9894
L,1260811,1400,170,73.09,73.30,72.87,L,8,78.3720
L,1260811,1400,170,73.09,73.30,72.87,L,9,79.5698
L,1260811,1400,170,73.09,73.30,72.87,L,10,78.5800
L,1260811,1400,170,73.09,73.30,72.87,L,11,79.4511
L,1260811,1400,170,73.09,73.30,72.87,L,12,79.9450
L,1260811,1400,170,73.09,73.30,72.87,L,13,80.4400
L,1260811,1400,170,73.09,73.30,72.87,L,14,78.7912
L,1260811,1400,170,73.09,73.30,72.87,L,15,80.8263
L,1260811,1400,170,73.09,73.30,72.87,L,16,82.3283
L,1260811,1400,170,73.09,73.30,72.87,L,17,84.8606
L,1260811,1400,170,73.09,73.30,72.87,L,18,89.1065
L,1260811,1400,170,73.09,73.30,72.87,L,19,94.6185
L,1260811,1400,170,73.09,73.30,72.87,L,20,96.2992
L,1260811,1400,170,73.09,73.30,72.87,L,21,91.7891
L,1260811,1400,170,73.09,73.30,72.87,L,22,83.6630
L,1260811,1400,170,73.09,73.30,72.87,L,23,90.8988
L,1260811,1400,170,73.09,73.30,72.87,L,24,117.7719
L,1260811,1400,170,73.09,73.30,72.87,L,25,136.0010
L,1260811,1400,170,73.09,73.30,72.87,L,26,121.6533
K,1260811,1400,170,73.09,73.30,72.87,72.6370,3
L,1260811,1500,171,73.13,73.19,73.08,U,0,73.2573
L,1260811,1500,171,73.13,73.19,73.08,U,1,74.6229
L,1260811,1500,171,73.13,73.19,73.08,U,2,74.2798
L,1260811,1500,171,73.13,73.19,73.08,U,3,73.5132
L,1260811,1500,171,73.13,73.19,73.08,U,4,73.4900
L,1260811,1500,171,73.13,73.19,73.08,U,5,73.9724
L,1260811,1500,171,73.13,73.19,73.08,U,6,74.3463
L,1260811,1500,171,73.13,73.19,73.08,U,7,75.1518
L,1260811,1500,171,73.13,73.19,73.08,U,8,73.1847
L,1260811,1500,171,73.13,73.19,73.08,U,9,72.7300
L,1260811,1500,171,73.13,73.19,73.08,U,10,72.6139
L,1260811,1500,171,73.13,73.19,73.08,U,11,68.1786
L,1260811,1500,171,73.13,73.19,73.08,U,12,64.8100
L,1260811,1500,171,73.13,73.19,73.08,U,13,54.0100
L,1260811,1500,171,73.13,73.19,73.08,U,14,52.5700
L,1260811,1500,171,73.13,73.19,73.08,L,0,72.5781
L,1260811,1500,171,73.13,73.19,73.08,L,1,74.0112
L,1260811,1500,171,73.13,73.19,73.08,L,2,75.1586
L,1260811,1500,171,73.13,73.19,73.08,L,3,76.1100
L,1260811,1500,171,73.13,73.19,73.08,L,4,76.6856
L,1260811,1500,171,73.13,73.19,73.08,L,5,77.1100
L,1260811,1500,171,73.13,73.19,73.08,L,6,78.8087
L,1260811,1500,171,73.13,73.19,73.08,L,7,79.1478
L,1260811,1500,171,73.13,73.19,73.08,L,8,78.5260
L,1260811,1500,171,73.13,73.19,73.08,L,9,79.7322
L,1260811,1500,171,73.13,73.19,73.08,L,10,78.7355
L,1260811,1500,171,73.13,73.19,73.08,L,11,79.6127
L,1260811,1500,171,73.13,73.19,73.08,L,12,80.1100
L,1260811,1500,171,73.13,73.19,73.08,L,13,80.6085
L,1260811,1500,171,73.13,73.19,73.08,L,14,78.9482
L,1260811,1500,171,73.13,73.19,73.08,L,15,80.9974
L,1260811,1500,171,73.13,73.19,73.08,L,16,82.5100
L,1260811,1500,171,73.13,73.19,73.08,L,17,85.0600
L,1260811,1500,171,73.13,73.19,73.08,L,18,89.3356
L,1260811,1500,171,73.13,73.19,73.08,L,19,94.8861
L,1260811,1500,171,73.13,73.19,73.08,L,20,96.5786
L,1260811,1500,171,73.13,73.19,73.08,L,21,92.0370
L,1260811,1500,171,73.13,73.19,73.08,L,22,83.8540
L,1260811,1500,171,73.13,73.19,73.08,L,23,91.1404
L,1260811,1500,171,73.13,73.19,73.08,L,24,118.2014
L,1260811,1500,171,73.13,73.19,73.08,L,25,136.5580
L,1260811,1500,171,73.13,73.19,73.08,L,26,122.1100
X,1260811,1500,171,73.13,73.19,73.08,73.9805
X,1260811,1500,171,73.13,73.19,73.08,75.1526
K,1260811,1500,171,73.13,73.19,73.08,72.6407,3
L,1260811,1600,172,73.09,73.21,72.95,U,0,73.2146
L,1260811,1600,172,73.09,73.21,72.95,U,1,74.5992
L,1260811,1600,172,73.09,73.21,72.95,U,2,74.2514
L,1260811,1600,172,73.09,73.21,72.95,U,3,73.4740
L,1260811,1600,172,73.09,73.21,72.95,U,4,73.4506
L,1260811,1600,172,73.09,73.21,72.95,U,5,73.9396
L,1260811,1600,172,73.09,73.21,72.95,U,6,74.3188
L,1260811,1600,172,73.09,73.21,72.95,U,7,75.1355
L,1260811,1600,172,73.09,73.21,72.95,U,8,73.1411
L,1260811,1600,172,73.09,73.21,72.95,U,9,72.6800
L,1260811,1600,172,73.09,73.21,72.95,U,10,72.5623
L,1260811,1600,172,73.09,73.21,72.95,U,11,68.0654
L,1260811,1600,172,73.09,73.21,72.95,U,12,64.6500
L,1260811,1600,172,73.09,73.21,72.95,U,13,53.7000
L,1260811,1600,172,73.09,73.21,72.95,U,14,52.2400
L,1260811,1600,172,73.09,73.21,72.95,L,0,72.6908
L,1260811,1600,172,73.09,73.21,72.95,L,1,74.1338
L,1260811,1600,172,73.09,73.21,72.95,L,2,75.2892
L,1260811,1600,172,73.09,73.21,72.95,L,3,76.2472
L,1260811,1600,172,73.09,73.21,72.95,L,4,76.8268
L,1260811,1600,172,73.09,73.21,72.95,L,5,77.2542
L,1260811,1600,172,73.09,73.21,72.95,L,6,78.9647
L,1260811,1600,172,73.09,73.21,72.95,L,7,79.3061
L,1260811,1600,172,73.09,73.21,72.95,L,8,78.6800
L,1260811,1600,172,73.09,73.21,72.95,L,9,79.8946
L,1260811,1600,172,73.09,73.21,72.95,L,10,78.8909
L,1260811,1600,172,73.09,73.21,72.95,L,11,79.7742
L,1260811,1600,172,73.09,73.21,72.95,L,12,80.2750
L,1260811,1600,172,73.09,73.21,72.95,L,13,80.7769
L,1260811,1600,172,73.09,73.21,72.95,L,14,79.1051
L,1260811,1600,172,73.09,73.21,72.95,L,15,81.1686
L,1260811,1600,172,73.09,73.21,72.95,L,16,82.6917
L,1260811,1600,172,73.09,73.21,72.95,L,17,85.2594
L,1260811,1600,172,73.09,73.21,72.95,L,18,89.5647
L,1260811,1600,172,73.09,73.21,72.95,L,19,95.1537
L,1260811,1600,172,73.09,73.21,72.95,L,20,96.8579
L,1260811,1600,172,73.09,73.21,72.95,L,21,92.2848
L,1260811,1600,172,73.09,73.21,72.95,L,22,84.0450
L,1260811,1600,172,73.09,73.21,72.95,L,23,91.3820
L,1260811,1600,172,73.09,73.21,72.95,L,24,118.6310
L,1260811,1600,172,73.09,73.21,72.95,L,25,137.1150
L,1260811,1600,172,73.09,73.21,72.95,L,26,122.5667
X,1260811,1600,172,73.09,73.21,72.95,72.6833
X,1260811,1600,172,73.09,73.21,72.95,72.6026
K,1260811,1600,172,73.09,73.21,72.95,74.1609,4
Q,1260811,1600,172,73.09,73.21,72.95,72.6833,2
L,1260811,1700,173,73.18,73.19,73.00,U,0,73.1673
L,1260811,1700,173,73.18,73.19,73.00,U,1,73.1720
L,1260811,1700,173,73.18,73.19,73.00,U,2,74.5755
L,1260811,1700,173,73.18,73.19,73.00,U,3,74.2229
L,1260811,1700,173,73.18,73.19,73.00,U,4,73.4349
L,1260811,1700,173,73.18,73.19,73.00,U,5,73.4111
L,1260811,1700,173,73.18,73.19,73.00,U,6,73.9069
L,1260811,1700,173,73.18,73.19,73.00,U,7,74.2912
L,1260811,1700,173,73.18,73.19,73.00,U,8,75.1191
L,1260811,1700,173,73.18,73.19,73.00,U,9,73.0974
L,1260811,1700,173,73.18,73.19,73.00,U,10,72.6300
L,1260811,1700,173,73.18,73.19,73.00,U,11,72.5106
L,1260811,1700,173,73.18,73.19,73.00,U,12,67.9521
L,1260811,1700,173,73.18,73.19,73.00,U,13,64.4900
L,1260811,1700,173,73.18,73.19,73.00,U,14,53.3900
L,1260811,1700,173,73.18,73.19,73.00,U,15,51.9100
L,1260811,1700,173,73.18,73.19,73.00,L,0,73.0645
L,1260811,1700,173,73.18,73.19,73.00,L,1,72.8035
L,1260811,1700,173,73.18,73.19,73.00,L,2,74.2565
L,1260811,1700,173,73.18,73.19,73.00,L,3,75.4198
L,1260811,1700,173,73.18,73.19,73.00,L,4,76.3844
L,1260811,1700,173,73.18,73.19,73.00,L,5,76.9680
L,1260811,1700,173,73.18,73.19,73.00,L,6,77.3983
L,1260811,1700,173,73.18,73.19,73.00,L,7,79.1206
L,1260811,1700,173,73.18,73.19,73.00,L,8,79.4644
L,1260811,1700,173,73.18,73.19,73.00,L,9,78.8340
L,1260811,1700,173,73.18,73.19,73.00,L,10,80.0569
L,1260811,1700,173,73.18,73.19,73.00,L,11,79.0464
L,1260811,1700,173,73.18,73.19,73.00,L,12,79.9358
L,1260811,1700,173,73.18,73.19,73.00,L,13,80.4400
L,1260811,1700,173,73.18,73.19,73.00,L,14,80.9454
L,1260811,1700,173,73.18,73.19,73.00,L,15,79.2620
L,1260811,1700,173,73.18,73.19,73.00,L,16,81.3398
L,1260811,1700,173,73.18,73.19,73.00,L,17,82.8733
L,1260811,1700,173,73.18,73.19,73.00,L,18,85.4587
L,1260811,1700,173,73.18,73.19,73.00,L,19,89.7937
L,1260811,1700,173,73.18,73.19,73.00,L,20,95.4213
L,1260811,1700,173,73.18,73.19,73.00,L,21,97.1373
L,1260811,1700,173,73.18,73.19,73.00,L,22,92.5326
L,1260811,1700,173,73.18,73.19,73.00,L,23,84.2360
L,1260811,1700,173,73.18,73.19,73.00,L,24,91.6236
L,1260811,1700,173,73.18,73.19,73.00,L,25,119.0605
L,1260811,1700,173,73.18,73.19,73.00,L,26,137.6720
L,1260811,1700,173,73.18,73.19,73.00,L,27,123.0233
X,1260811,1700,173,73.18,73.19,73.00,74.2292
K,1260811,1700,173,73.18,73.19,73.00,73.1253,4
Q,1260811,1700,173,73.18,73.19,73.00,74.2292,2
L,1260812,200,174,74.18,74.21,73.24,U,0,73.1245
L,1260812,200,174,74.18,74.21,73.24,U,1,73.1293
L,1260812,200,174,74.18,74.21,73.24,U,2,74.5518
L,1260812,200,174,74.18,74.21,73.24,U,3,74.1944
L,1260812,200,174,74.18,74.21,73.24,U,4,73.3958
L,1260812,200,174,74.18,74.21,73.24,U,5,73.3717
L,1260812,200,174,74.18,74.21,73.24,U,6,73.8741
L,1260812,200,174,74.18,74.21,73.24,U,7,74.2637
L,1260812,200,174,74.18,74.21,73.24,U,8,75.1027
L,1260812,200,174,74.18,74.21,73.24,U,9,73.0537
L,1260812,200,174,74.18,74.21,73.24,U,10,72.5800
L,1260812,200,174,74.18,74.21,73.24,U,11,72.4590
L,1260812,200,174,74.18,74.21,73.24,U,12,67.8389
L,1260812,200,174,74.18,74.21,73.24,U,13,64.3300
L,1260812,200,174,74.18,74.21,73.24,U,14,53.0800
L,1260812,200,174,74.18,74.21,73.24,U,15,51.5800
L,1260812,200,174,74.18,74.21,73.24,L,0,73.1790
L,1260812,200,174,74.18,74.21,73.24,L,1,72.9162
L,1260812,200,174,74.18,74.21,73.24,L,2,74.3791
L,1260812,200,174,74.18,74.21,73.24,L,3,75.5505
L,1260812,200,174,74.18,74.21,73.24,L,4,76.5217
L,1260812,200,174,74.18,74.21,73.24,L,5,77.1093
L,1260812,200,174,74.18,74.21,73.24,L,6,77.5425
L,1260812,200,174,74.18,74.21,73.24,L,7,79.2766
L,1260812,200,174,74.18,74.21,73.24,L,8,79.6227
L,1260812,200,174,74.18,74.21,73.24,L,9,78.9880
L,1260812,200,174,74.18,74.21,73.24,L,10,80.2193
L,1260812,200,174,74.18,74.21,73.24,L,11,79.2018
L,1260812,200,174,74.18,74.21,73.24,L,12,80.0973
L,1260812,200,174,74.18,74.21,73.24,L,13,80.6050
L,1260812,200,174,74.18,74.21,73.24,L,14,81.1138
L,1260812,200,174,74.18,74.21,73.24,L,15,79.4190
L,1260812,200,174,74.18,74.21,73.24,L,16,81.5109
L,1260812,200,174,74.18,74.21,73.24,L,17,83.0550
L,1260812,200,174,74.18,74.21,73.24,L,18,85.6581
L,1260812,200,174,74.18,74.21,73.24,L,19,90.0228
L,1260812,200,174,74.18,74.21,73.24,L,20,95.6890
L,1260812,200,174,74.18,74.21,73.24,L,21,97.4167
L,1260812,200,174,74.18,74.21,73.24,L,22,92.7804
L,1260812,200,174,74.18,74.21,73.24,L,23,84.4270
L,1260812,200,174,74.18,74.21,73.24,L,24,91.8652
L,1260812,200,174,74.18,74.21,73.24,L,25,119.4900
L,1260812,200,174,74.18,74.21,73.24,L,26,138.2290
L,1260812,200,174,74.18,74.21,73.24,L,27,123.4800
X,1260812,200,174,74.18,74.21,73.24,73.1393
X,1260812,200,174,74.18,74.21,73.24,73.1428
X,1260812,200,174,74.18,74.21,73.24,74.2848
X,1260812,200,174,74.18,74.21,73.24,73.0883
K,1260812,200,174,74.18,74.21,73.24,73.0805,5
Q,1260812,200,174,74.18,74.21,73.24,73.1393,3
L,1260812,300,175,74.32,74.57,74.18,U,0,73.0818
L,1260812,300,175,74.32,74.57,74.18,U,1,73.0866
L,1260812,300,175,74.32,74.57,74.18,U,2,74.5281
L,1260812,300,175,74.32,74.57,74.18,U,3,74.1659
L,1260812,300,175,74.32,74.57,74.18,U,4,73.3567
L,1260812,300,175,74.32,74.57,74.18,U,5,73.3322
L,1260812,300,175,74.32,74.57,74.18,U,6,73.8414
L,1260812,300,175,74.32,74.57,74.18,U,7,74.2361
L,1260812,300,175,74.32,74.57,74.18,U,8,75.0864
L,1260812,300,175,74.32,74.57,74.18,U,9,73.0100
L,1260812,300,175,74.32,74.57,74.18,U,10,72.5300
L,1260812,300,175,74.32,74.57,74.18,U,11,72.4074
L,1260812,300,175,74.32,74.57,74.18,U,12,67.7257
L,1260812,300,175,74.32,74.57,74.18,U,13,64.1700
L,1260812,300,175,74.32,74.57,74.18,U,14,52.7700
L,1260812,300,175,74.32,74.57,74.18,U,15,51.2500
L,1260812,300,175,74.32,74.57,74.18,L,0,73.2934
L,1260812,300,175,74.32,74.57,74.18,L,1,73.0289
L,1260812,300,175,74.32,74.57,74.18,L,2,74.5018
L,1260812,300,175,74.32,74.57,74.18,L,3,75.6811
L,1260812,300,175,74.32,74.57,74.18,L,4,76.6589
L,1260812,300,175,74.32,74.57,74.18,L,5,77.2505
L,1260812,300,175,74.32,74.57,74.18,L,6,77.6867
L,1260812,300,175,74.32,74.57,74.18,L,7,79.4326
L,1260812,300,175,74.32,74.57,74.18,L,8,79.7810
L,1260812,300,175,74.32,74.57,74.18,L,9,79.1420
L,1260812,300,175,74.32,74.57,74.18,L,10,80.3817
L,1260812,300,175,74.32,74.57,74.18,L,11,79.3573
L,1260812,300,175,74.32,74.57,74.18,L,12,80.2589
L,1260812,300,175,74.32,74.57,74.18,L,13,80.7700
L,1260812,300,175,74.32,74.57,74.18,L,14,81.2823
L,1260812,300,175,74.32,74.57,74.18,L,15,79.5759
L,1260812,300,175,74.32,74.57,74.18,L,16,81.6821
L,1260812,300,175,74.32,74.57,74.18,L,17,83.2367
L,1260812,300,175,74.32,74.57,74.18,L,18,85.8575
L,1260812,300,175,74.32,74.57,74.18,L,19,90.2519
L,1260812,300,175,74.32,74.57,74.18,L,20,95.9566
L,1260812,300,175,74.32,74.57,74.18,L,21,97.6960
L,1260812,300,175,74.32,74.57,74.18,L,22,93.0283
L,1260812,300,175,74.32,74.57,74.18,L,23,84.6180
L,1260812,300,175,74.32,74.57,74.18,L,24,92.1068
L,1260812,300,175,74.32,74.57,74.18,L,25,119.9195
L,1260812,300,175,74.32,74.57,74.18,L,26,138.7860
L,1260812,300,175,74.32,74.57,74.18,L,27,123.9367
X,1260812,300,175,74.32,74.57,74.18,73.0153
K,1260812,300,175,74.32,74.57,74.18,73.1001,5
Q,1260812,300,175,74.32,74.57,74.18,73.0153,4
L,1260812,400,176,74.33,74.54,74.12,U,0,74.5468
L,1260812,400,176,74.33,74.54,74.12,U,1,73.0390
L,1260812,400,176,74.33,74.54,74.12,U,2,73.0439
L,1260812,400,176,74.33,74.54,74.12,U,3,74.5044
L,1260812,400,176,74.33,74.54,74.12,U,4,74.1375
L,1260812,400,176,74.33,74.54,74.12,U,5,73.3175
L,1260812,400,176,74.33,74.54,74.12,U,6,73.2928
L,1260812,400,176,74.33,74.54,74.12,U,7,73.8086
L,1260812,400,176,74.33,74.54,74.12,U,8,74.2086
L,1260812,400,176,74.33,74.54,74.12,U,9,75.0700
L,1260812,400,176,74.33,74.54,74.12,U,10,72.9663
L,1260812,400,176,74.33,74.54,74.12,U,11,72.4800
L,1260812,400,176,74.33,74.54,74.12,U,12,72.3558
L,1260812,400,176,74.33,74.54,74.12,U,13,67.6125
L,1260812,400,176,74.33,74.54,74.12,U,14,64.0100
L,1260812,400,176,74.33,74.54,74.12,U,15,52.4600
L,1260812,400,176,74.33,74.54,74.12,U,16,50.9200
L,1260812,400,176,74.33,74.54,74.12,L,0,73.4079
L,1260812,400,176,74.33,74.54,74.12,L,1,73.1416
L,1260812,400,176,74.33,74.54,74.12,L,2,74.6244
L,1260812,400,176,74.33,74.54,74.12,L,3,75.8117
L,1260812,400,176,74.33,74.54,74.12,L,4,76.7961
L,1260812,400,176,74.33,74.54,74.12,L,5,77.3917
L,1260812,400,176,74.33,74.54,74.12,L,6,77.8308
L,1260812,400,176,74.33,74.54,74.12,L,7,79.5885
L,1260812,400,176,74.33,74.54,74.12,L,8,79.9393
L,1260812,400,176,74.33,74.54,74.12,L,9,79.2960
L,1260812,400,176,74.33,74.54,74.12,L,10,80.5441
L,1260812,400,176,74.33,74.54,74.12,L,11,79.5127
L,1260812,400,176,74.33,74.54,74.12,L,12,80.4204
L,1260812,400,176,74.33,74.54,74.12,L,13,80.9350
L,1260812,400,176,74.33,74.54,74.12,L,14,81.4508
L,1260812,400,176,74.33,74.54,74.12,L,15,79.7328
L,1260812,400,176,74.33,74.54,74.12,L,16,81.8533
L,1260812,400,176,74.33,74.54,74.12,L,17,83.4183
L,1260812,400,176,74.33,74.54,74.12,L,18,86.0569
L,1260812,400,176,74.33,74.54,74.12,L,19,90.4809
L,1260812,400,176,74.33,74.54,74.12,L,20,96.2242
L,1260812,400,176,74.33,74.54,74.12,L,21,97.9754
L,1260812,400,176,74.33,74.54,74.12,L,22,93.2761
L,1260812,400,176,74.33,74.54,74.12,L,23,84.8090
L,1260812,400,176,74.33,74.54,74.12,L,24,92.3484
L,1260812,400,176,74.33,74.54,74.12,L,25,120.3490
L,1260812,400,176,74.33,74.54,74.12,L,26,139.3430
L,1260812,400,176,74.33,74.54,74.12,L,27,124.3933
X,1260812,400,176,74.33,74.54,74.12,74.5592
X,1260812,400,176,74.33,74.54,74.12,73.0672
X,1260812,400,176,74.33,74.54,74.12,73.0708
X,1260812,400,176,74.33,74.54,74.12,74.5238
X,1260812,400,176,74.33,74.54,74.12,73.3406
X,1260812,400,176,74.33,74.54,74.12,73.3223
K,1260812,400,176,74.33,74.54,74.12,73.1335,6
Q,1260812,400,176,74.33,74.54,74.12,73.0672,8
L,1260812,500,177,74.55,74.55,74.26,U,0,74.5237
L,1260812,500,177,74.55,74.55,74.26,U,1,72.9963
L,1260812,500,177,74.55,74.55,74.26,U,2,73.0013
L,1260812,500,177,74.55,74.55,74.26,U,3,74.4806
L,1260812,500,177,74.55,74.55,74.26,U,4,74.1090
L,1260812,500,177,74.55,74.55,74.26,U,5,73.2784
L,1260812,500,177,74.55,74.55,74.26,U,6,73.2533
L,1260812,500,177,74.55,74.55,74.26,U,7,73.7759
L,1260812,500,177,74.55,74.55,74.26,U,8,74.1810
L,1260812,500,177,74.55,74.55,74.26,U,9,75.0536
L,1260812,500,177,74.55,74.55,74.26,U,10,72.9226
L,1260812,500,177,74.55,74.55,74.26,U,11,72.4300
L,1260812,500,177,74.55,74.55,74.26,U,12,72.3042
L,1260812,500,177,74.55,74.55,74.26,U,13,67.4993
L,1260812,500,177,74.55,74.55,74.26,U,14,63.8500
L,1260812,500,177,74.55,74.55,74.26,U,15,52.1500
L,1260812,500,177,74.55,74.55,74.26,U,16,50.5900
L,1260812,500,177,74.55,74.55,74.26,L,0,74.2393
L,1260812,500,177,74.55,74.55,74.26,L,1,73.5224
L,1260812,500,177,74.55,74.55,74.26,L,2,73.2543
L,1260812,500,177,74.55,74.55,74.26,L,3,74.7471
L,1260812,500,177,74.55,74.55,74.26,L,4,75.9423
L,1260812,500,177,74.55,74.55,74.26,L,5,76.9333
L,1260812,500,177,74.55,74.55,74.26,L,6,77.5329
L,1260812,500,177,74.55,74.55,74.26,L,7,77.9750
L,1260812,500,177,74.55,74.55,74.26,L,8,79.7445
L,1260812,500,177,74.55,74.55,74.26,L,9,80.0977
L,1260812,500,177,74.55,74.55,74.26,L,10,79.4500
L,1260812,500,177,74.55,74.55,74.26,L,11,80.7064
L,1260812,500,177,74.55,74.55,74.26,L,12,79.6682
L,1260812,500,177,74.55,74.55,74.26,L,13,80.5820
L,1260812,500,177,74.55,74.55,74.26,L,14,81.1000
L,1260812,500,177,74.55,74.55,74.26,L,15,81.6192
L,1260812,500,177,74.55,74.55,74.26,L,16,79.8898
L,1260812,500,177,74.55,74.55,74.26,L,17,82.0244
L,1260812,500,177,74.55,74.55,74.26,L,18,83.6000
L,1260812,500,177,74.55,74.55,74.26,L,19,86.2562
L,1260812,500,177,74.55,74.55,74.26,L,20,90.7100
L,1260812,500,177,74.55,74.55,74.26,L,21,96.4918
L,1260812,500,177,74.55,74.55,74.26,L,22,98.2548
L,1260812,500,177,74.55,74.55,74.26,L,23,93.5239
L,1260812,500,177,74.55,74.55,74.26,L,24,85.0000
L,1260812,500,177,74.55,74.55,74.26,L,25,92.5900
L,1260812,500,177,74.55,74.55,74.26,L,26,120.7786
L,1260812,500,177,74.55,74.55,74.26,L,27,139.9000
L,1260812,500,177,74.55,74.55,74.26,L,28,124.8500
X,1260812,500,177,74.55,74.55,74.26,74.1341
X,1260812,500,177,74.55,74.55,74.26,73.2536
X,1260812,500,177,74.55,74.55,74.26,74.1920
K,1260812,500,177,74.55,74.55,74.26,74.1764,3
Q,1260812,500,177,74.55,74.55,74.26,73.2536,9
L,1260812,600,178,75.11,75.32,73.90,U,0,74.5005
L,1260812,600,178,75.11,75.32,73.90,U,1,72.9536
L,1260812,600,178,75.11,75.32,73.90,U,2,72.9586
L,1260812,600,178,75.11,75.32,73.90,U,3,74.4569
L,1260812,600,178,75.11,75.32,73.90,U,4,74.0805
L,1260812,600,178,75.11,75.32,73.90,U,5,73.2393
L,1260812,600,178,75.11,75.32,73.90,U,6,73.2139
L,1260812,600,178,75.11,75.32,73.90,U,7,73.7431
L,1260812,600,178,75.11,75.32,73.90,U,8,74.1535
L,1260812,600,178,75.11,75.32,73.90,U,9,75.0373
L,1260812,600,178,75.11,75.32,73.90,U,10,72.8789
L,1260812,600,178,75.11,75.32,73.90,U,11,72.3800
L,1260812,600,178,75.11,75.32,73.90,U,12,72.2526
L,1260812,600,178,75.11,75.32,73.90,U,13,67.3861
L,1260812,600,178,75.11,75.32,73.90,U,14,63.6900
L,1260812,600,178,75.11,75.32,73.90,U,15,51.8400
L,1260812,600,178,75.11,75.32,73.90,U,16,50.2600
L,1260812,600,178,75.11,75.32,73.90,L,0,74.3585
L,1260812,600,178,75.11,75.32,73.90,L,1,73.6369
L,1260812,600,178,75.11,75.32,73.90,L,2,73.3670
L,1260812,600,178,75.11,75.32,73.90,L,3,74.8697
L,1260812,600,178,75.11,75.32,73.90,L,4,76.0729
L,1260812,600,178,75.11,75.32,73.90,L,5,77.0706
L,1260812,600,178,75.11,75.32,73.90,L,6,77.6741
L,1260812,600,178,75.11,75.32,73.90,L,7,78.1192
L,1260812,600,178,75.11,75.32,73.90,L,8,79.9005
L,1260812,600,178,75.11,75.32,73.90,L,9,80.2560
L,1260812,600,178,75.11,75.32,73.90,L,10,79.6040
L,1260812,600,178,75.11,75.32,73.90,L,11,80.8688
L,1260812,600,178,75.11,75.32,73.90,L,12,79.8236
L,1260812,600,178,75.11,75.32,73.90,L,13,80.7435
L,1260812,600,178,75.11,75.32,73.90,L,14,81.2650
L,1260812,600,178,75.11,75.32,73.90,L,15,81.7877
L,1260812,600,178,75.11,75.32,73.90,L,16,80.0467
L,1260812,600,178,75.11,75.32,73.90,L,17,82.1956
L,1260812,600,178,75.11,75.32,73.90,L,18,83.7817
L,1260812,600,178,75.11,75.32,73.90,L,19,86.4556
L,1260812,600,178,75.11,75.32,73.90,L,20,90.9391
L,1260812,600,178,75.11,75.32,73.90,L,21,96.7594
L,1260812,600,178,75.11,75.32,73.90,L,22,98.5341
L,1260812,600,178,75.11,75.32,73.90,L,23,93.7717
L,1260812,600,178,75.11,75.32,73.90,L,24,85.1910
L,1260812,600,178,75.11,75.32,73.90,L,25,92.8316
L,1260812,600,178,75.11,75.32,73.90,L,26,121.2081
L,1260812,600,178,75.11,75.32,73.90,L,27,140.4570
L,1260812,600,178,75.11,75.32,73.90,L,28,125.3067
X,1260812,600,178,75.11,75.32,73.90,73.2722
K,1260812,600,178,75.11,75.32,73.90,74.4387,3
Q,1260812,600,178,75.11,75.32,73.90,73.2722,7
L,1260812,700,179,75.04,75.69,74.63,U,0,74.4774
L,1260812,700,179,75.04,75.69,74.63,U,1,72.9108
L,1260812,700,179,75.04,75.69,74.63,U,2,72.9159
L,1260812,700,179,75.04,75.69,74.63,U,3,74.4332
L,1260812,700,179,75.04,75.69,74.63,U,4,74.0520
L,1260812,700,179,75.04,75.69,74.63,U,5,73.2002
L,1260812,700,179,75.04,75.69,74.63,U,6,73.1744
L,1260812,700,179,75.04,75.69,74.63,U,7,73.7104
L,1260812,700,179,75.04,75.69,74.63,U,8,74.1259
L,1260812,700,179,75.04,75.69,74.63,U,9,75.0209
L,1260812,700,179,75.04,75.69,74.63,U,10,72.8353
L,1260812,700,179,75.04,75.69,74.63,U,11,72.3300
L,1260812,700,179,75.04,75.69,74.63,U,12,72.2010
L,1260812,700,179,75.04,75.69,74.63,U,13,67.2729
L,1260812,700,179,75.04,75.69,74.63,U,14,63.5300
L,1260812,700,179,75.04,75.69,74.63,U,15,51.5300
L,1260812,700,179,75.04,75.69,74.63,U,16,49.9300
L,1260812,700,179,75.04,75.69,74.63,L,0,74.0162
L,1260812,700,179,75.04,75.69,74.63,L,1,74.4778
L,1260812,700,179,75.04,75.69,74.63,L,2,73.7514
L,1260812,700,179,75.04,75.69,74.63,L,3,73.4796
L,1260812,700,179,75.04,75.69,74.63,L,4,74.9924
L,1260812,700,179,75.04,75.69,74.63,L,5,76.2035
L,1260812,700,179,75.04,75.69,74.63,L,6,77.2078
L,1260812,700,179,75.04,75.69,74.63,L,7,77.8154
L,1260812,700,179,75.04,75.69,74.63,L,8,78.2633
L,1260812,700,179,75.04,75.69,74.63,L,9,80.0564
L,1260812,700,179,75.04,75.69,74.63,L,10,80.4143
L,1260812,700,179,75.04,75.69,74.63,L,11,79.7580
L,1260812,700,179,75.04,75.69,74.63,L,12,81.0312
L,1260812,700,179,75.04,75.69,74.63,L,13,79.9791
L,1260812,700,179,75.04,75.69,74.63,L,14,80.9051
L,1260812,700,179,75.04,75.69,74.63,L,15,81.4300
L,1260812,700,179,75.04,75.69,74.63,L,16,81.9562
L,1260812,700,179,75.04,75.69,74.63,L,17,80.2036
L,1260812,700,179,75.04,75.69,74.63,L,18,82.3667
L,1260812,700,179,75.04,75.69,74.63,L,19,83.9633
L,1260812,700,179,75.04,75.69,74.63,L,20,86.6550
L,1260812,700,179,75.04,75.69,74.63,L,21,91.1681
L,1260812,700,179,75.04,75.69,74.63,L,22,97.0270
L,1260812,700,179,75.04,75.69,74.63,L,23,98.8135
L,1260812,700,179,75.04,75.69,74.63,L,24,94.0196
L,1260812,700,179,75.04,75.69,74.63,L,25,85.3820
L,1260812,700,179,75.04,75.69,74.63,L,26,93.0732
L,1260812,700,179,75.04,75.69,74.63,L,27,121.6376
L,1260812,700,179,75.04,75.69,74.63,L,28,141.0140
L,1260812,700,179,75.04,75.69,74.63,L,29,125.7633
X,1260812,700,179,75.04,75.69,74.63,74.4774
X,1260812,700,179,75.04,75.69,74.63,74.4406
X,1260812,700,179,75.04,75.69,74.63,73.7195
K,1260812,700,179,75.04,75.69,74.63,74.4628,3
Q,1260812,700,179,75.04,75.69,74.63,74.4406,5
L,1260812,800,180,74.75,75.30,74.47,U,0,75.6820
L,1260812,800,180,74.75,75.30,74.47,U,1,74.4542
L,1260812,800,180,74.75,75.30,74.47,U,2,72.8681
L,1260812,800,180,74.75,75.30,74.47,U,3,72.8732
L,1260812,800,180,74.75,75.30,74.47,U,4,74.4095
L,1260812,800,180,74.75,75.30,74.47,U,5,74.0236
L,1260812,800,180,74.75,75.30,74.47,U,6,73.1611
L,1260812,800,180,74.75,75.30,74.47,U,7,73.1350
L,1260812,800,180,74.75,75.30,74.47,U,8,73.6776
L,1260812,800,180,74.75,75.30,74.47,U,9,74.0984
L,1260812,800,180,74.75,75.30,74.47,U,10,75.0045
L,1260812,800,180,74.75,75.30,74.47,U,11,72.7916
L,1260812,800,180,74.75,75.30,74.47,U,12,72.2800
L,1260812,800,180,74.75,75.30,74.47,U,13,72.1494
L,1260812,800,180,74.75,75.30,74.47,U,14,67.1596
L,1260812,800,180,74.75,75.30,74.47,U,15,63.3700
L,1260812,800,180,74.75,75.30,74.47,U,16,51.2200
L,1260812,800,180,74.75,75.30,74.47,U,17,49.6000
L,1260812,800,180,74.75,75.30,74.47,L,0,74.1325
L,1260812,800,180,74.75,75.30,74.47,L,1,74.5970
L,1260812,800,180,74.75,75.30,74.47,L,2,73.8659
L,1260812,800,180,74.75,75.30,74.47,L,3,73.5923
L,1260812,800,180,74.75,75.30,74.47,L,4,75.1150
L,1260812,800,180,74.75,75.30,74.47,L,5,76.3342
L,1260812,800,180,74.75,75.30,74.47,L,6,77.3450
L,1260812,800,180,74.75,75.30,74.47,L,7,77.9566
L,1260812,800,180,74.75,75.30,74.47,L,8,78.4075
L,1260812,800,180,74.75,75.30,74.47,L,9,80.2124
L,1260812,800,180,74.75,75.30,74.47,L,10,80.5726
L,1260812,800,180,74.75,75.30,74.47,L,11,79.9120
L,1260812,800,180,74.75,75.30,74.47,L,12,81.1936
L,1260812,800,180,74.75,75.30,74.47,L,13,80.1345
L,1260812,800,180,74.75,75.30,74.47,L,14,81.0666
L,1260812,800,180,74.75,75.30,74.47,L,15,81.5950
L,1260812,800,180,74.75,75.30,74.47,L,16,82.1246
L,1260812,800,180,74.75,75.30,74.47,L,17,80.3606
L,1260812,800,180,74.75,75.30,74.47,L,18,82.5379
L,1260812,800,180,74.75,75.30,74.47,L,19,84.1450
L,1260812,800,180,74.75,75.30,74.47,L,20,86.8544
L,1260812,800,180,74.75,75.30,74.47,L,21,91.3972
L,1260812,800,180,74.75,75.30,74.47,L,22,97.2946
L,1260812,800,180,74.75,75.30,74.47,L,23,99.0929
L,1260812,800,180,74.75,75.30,74.47,L,24,94.2674
L,1260812,800,180,74.75,75.30,74.47,L,25,85.5730
L,1260812,800,180,74.75,75.30,74.47,L,26,93.3148
L,1260812,800,180,74.75,75.30,74.47,L,27,122.0671
L,1260812,800,180,74.75,75.30,74.47,L,28,141.5710
L,1260812,800,180,74.75,75.30,74.47,L,29,126.2200
X,1260812,800,180,74.75,75.30,74.47,74.0450
X,1260812,800,180,74.75,75.30,74.47,74.1049
X,1260812,800,180,74.75,75.30,74.47,75.0175
K,1260812,800,180,74.75,75.30,74.47,74.0301,4
Q,1260812,800,180,74.75,75.30,74.47,74.0450,4
L,1260812,900,181,74.48,74.91,74.38,U,0,75.6740
L,1260812,900,181,74.48,74.91,74.38,U,1,74.4311
L,1260812,900,181,74.48,74.91,74.38,U,2,72.8253
L,1260812,900,181,74.48,74.91,74.38,U,3,72.8306
L,1260812,900,181,74.48,74.91,74.38,U,4,74.3858
L,1260812,900,181,74.48,74.91,74.38,U,5,73.9951
L,1260812,900,181,74.48,74.91,74.38,U,6,73.1219
L,1260812,900,181,74.48,74.91,74.38,U,7,73.0956
L,1260812,900,181,74.48,74.91,74.38,U,8,73.6449
L,1260812,900,181,74.48,74.91,74.38,U,9,74.0708
L,1260812,900,181,74.48,74.91,74.38,U,10,74.9882
L,1260812,900,181,74.48,74.91,74.38,U,11,72.7479
L,1260812,900,181,74.48,74.91,74.38,U,12,72.2300
L,1260812,900,181,74.48,74.91,74.38,U,13,72.0977
L,1260812,900,181,74.48,74.91,74.38,U,14,67.0464
L,1260812,900,181,74.48,74.91,74.38,U,15,63.2100
L,1260812,900,181,74.48,74.91,74.38,U,16,50.9100
L,1260812,900,181,74.48,74.91,74.38,U,17,49.2700
L,1260812,900,181,74.48,74.91,74.38,L,0,74.2487
L,1260812,900,181,74.48,74.91,74.38,L,1,74.7163
L,1260812,900,181,74.48,74.91,74.38,L,2,73.9803
L,1260812,900,181,74.48,74.91,74.38,L,3,73.7050
L,1260812,900,181,74.48,74.91,74.38,L,4,75.2376
L,1260812,900,181,74.48,74.91,74.38,L,5,76.4648
L,1260812,900,181,74.48,74.91,74.38,L,6,77.4822
L,1260812,900,181,74.48,74.91,74.38,L,7,78.0978
L,1260812,900,181,74.48,74.91,74.38,L,8,78.5517
L,1260812,900,181,74.48,74.91,74.38,L,9,80.3683
L,1260812,900,181,74.48,74.91,74.38,L,10,80.7309
L,1260812,900,181,74.48,74.91,74.38,L,11,80.0660
L,1260812,900,181,74.48,74.91,74.38,L,12,81.3559
L,1260812,900,181,74.48,74.91,74.38,L,13,80.2900
L,1260812,900,181,74.48,74.91,74.38,L,14,81.2281
L,1260812,900,181,74.48,74.91,74.38,L,15,81.7600
L,1260812,900,181,74.48,74.91,74.38,L,16,82.2931
L,1260812,900,181,74.48,74.91,74.38,L,17,80.5175
L,1260812,900,181,74.48,74.91,74.38,L,18,82.7091
L,1260812,900,181,74.48,74.91,74.38,L,19,84.3267
L,1260812,900,181,74.48,74.91,74.38,L,20,87.0537
L,1260812,900,181,74.48,74.91,74.38,L,21,91.6263
L,1260812,900,181,74.48,74.91,74.38,L,22,97.5622
L,1260812,900,181,74.48,74.91,74.38,L,23,99.3722
L,1260812,900,181,74.48,74.91,74.38,L,24,94.5152
L,1260812,900,181,74.48,74.91,74.38,L,25,85.7640
L,1260812,900,181,74.48,74.91,74.38,L,26,93.5564
L,1260812,900,181,74.48,74.91,74.38,L,27,122.4967
L,1260812,900,181,74.48,74.91,74.38,L,28,142.1280
L,1260812,900,181,74.48,74.91,74.38,L,29,126.6767
X,1260812,900,181,74.48,74.91,74.38,73.6584
K,1260812,900,181,74.48,74.91,74.38,74.0737,4
Q,1260812,900,181,74.48,74.91,74.38,73.6584,2
L,1260812,1000,182,75.02,75.10,74.46,U,0,75.6660
L,1260812,1000,182,75.02,75.10,74.46,U,1,74.4079
L,1260812,1000,182,75.02,75.10,74.46,U,2,72.7826
L,1260812,1000,182,75.02,75.10,74.46,U,3,72.7879
L,1260812,1000,182,75.02,75.10,74.46,U,4,74.3621
L,1260812,1000,182,75.02,75.10,74.46,U,5,73.9666
L,1260812,1000,182,75.02,75.10,74.46,U,6,73.0828
L,1260812,1000,182,75.02,75.10,74.46,U,7,73.0561
L,1260812,1000,182,75.02,75.10,74.46,U,8,73.6122
L,1260812,1000,182,75.02,75.10,74.46,U,9,74.0433
L,1260812,1000,182,75.02,75.10,74.46,U,10,74.9718
L,1260812,1000,182,75.02,75.10,74.46,U,11,72.7042
L,1260812,1000,182,75.02,75.10,74.46,U,12,72.1800
L,1260812,1000,182,75.02,75.10,74.46,U,13,72.0461
L,1260812,1000,182,75.02,75.10,74.46,U,14,66.9332
L,1260812,1000,182,75.02,75.10,74.46,U,15,63.0500
L,1260812,1000,182,75.02,75.10,74.46,U,16,50.6000
L,1260812,1000,182,75.02,75.10,74.46,U,17,48.9400
L,1260812,1000,182,75.02,75.10,74.46,L,0,74.4971
L,1260812,1000,182,75.02,75.10,74.46,L,1,74.3649
L,1260812,1000,182,75.02,75.10,74.46,L,2,74.8356
L,1260812,1000,182,75.02,75.10,74.46,L,3,74.0948
L,1260812,1000,182,75.02,75.10,74.46,L,4,73.8177
L,1260812,1000,182,75.02,75.10,74.46,L,5,75.3603
L,1260812,1000,182,75.02,75.10,74.46,L,6,76.5954
L,1260812,1000,182,75.02,75.10,74.46,L,7,77.6194
L,1260812,1000,182,75.02,75.10,74.46,L,8,78.2390
L,1260812,1000,182,75.02,75.10,74.46,L,9,78.6958
L,1260812,1000,182,75.02,75.10,74.46,L,10,80.5243
L,1260812,1000,182,75.02,75.10,74.46,L,11,80.8893
L,1260812,1000,182,75.02,75.10,74.46,L,12,80.2200
L,1260812,1000,182,75.02,75.10,74.46,L,13,81.5183
L,1260812,1000,182,75.02,75.10,74.46,L,14,80.4455
L,1260812,1000,182,75.02,75.10,74.46,L,15,81.3897
L,1260812,1000,182,75.02,75.10,74.46,L,16,81.9250
L,1260812,1000,182,75.02,75.10,74.46,L,17,82.4615
L,1260812,1000,182,75.02,75.10,74.46,L,18,80.6744
L,1260812,1000,182,75.02,75.10,74.46,L,19,82.8802
L,1260812,1000,182,75.02,75.10,74.46,L,20,84.5083
L,1260812,1000,182,75.02,75.10,74.46,L,21,87.2531
L,1260812,1000,182,75.02,75.10,74.46,L,22,91.8553
L,1260812,1000,182,75.02,75.10,74.46,L,23,97.8299
L,1260812,1000,182,75.02,75.10,74.46,L,24,99.6516
L,1260812,1000,182,75.02,75.10,74.46,L,25,94.7630
L,1260812,1000,182,75.02,75.10,74.46,L,26,85.9550
L,1260812,1000,182,75.02,75.10,74.46,L,27,93.7980
L,1260812,1000,182,75.02,75.10,74.46,L,28,122.9262
L,1260812,1000,182,75.02,75.10,74.46,L,29,142.6850
L,1260812,1000,182,75.02,75.10,74.46,L,30,127.1333
X,1260812,1000,182,75.02,75.10,74.46,74.4226
X,1260812,1000,182,75.02,75.10,74.46,74.3848
X,1260812,1000,182,75.02,75.10,74.46,74.3626
X,1260812,1000,182,75.02,75.10,74.46,73.9921
X,1260812,1000,182,75.02,75.10,74.46,74.0533
K,1260812,1000,182,75.02,75.10,74.46,74.4080,4
Q,1260812,1000,182,75.02,75.10,74.46,74.3848,6
L,1260812,1100,183,75.06,75.15,74.89,U,0,75.6580
L,1260812,1100,183,75.06,75.15,74.89,U,1,74.3847
L,1260812,1100,183,75.06,75.15,74.89,U,2,72.7399
L,1260812,1100,183,75.06,75.15,74.89,U,3,72.7452
L,1260812,1100,183,75.06,75.15,74.89,U,4,74.3384
L,1260812,1100,183,75.06,75.15,74.89,U,5,73.9381
L,1260812,1100,183,75.06,75.15,74.89,U,6,73.0437
L,1260812,1100,183,75.06,75.15,74.89,U,7,73.0167
L,1260812,1100,183,75.06,75.15,74.89,U,8,73.5794
L,1260812,1100,183,75.06,75.15,74.89,U,9,74.0157
L,1260812,1100,183,75.06,75.15,74.89,U,10,74.9555
L,1260812,1100,183,75.06,75.15,74.89,U,11,72.6605
L,1260812,1100,183,75.06,75.15,74.89,U,12,72.1300
L,1260812,1100,183,75.06,75.15,74.89,U,13,71.9945
L,1260812,1100,183,75.06,75.15,74.89,U,14,66.8200
L,1260812,1100,183,75.06,75.15,74.89,U,15,62.8900
L,1260812,1100,183,75.06,75.15,74.89,U,16,50.2900
L,1260812,1100,183,75.06,75.15,74.89,U,17,48.6100
L,1260812,1100,183,75.06,75.15,74.89,L,0,74.6142
L,1260812,1100,183,75.06,75.15,74.89,L,1,74.4811
L,1260812,1100,183,75.06,75.15,74.89,L,2,74.9548
L,1260812,1100,183,75.06,75.15,74.89,L,3,74.2093
L,1260812,1100,183,75.06,75.15,74.89,L,4,73.9304
L,1260812,1100,183,75.06,75.15,74.89,L,5,75.4829
L,1260812,1100,183,75.06,75.15,74.89,L,6,76.7260
L,1260812,1100,183,75.06,75.15,74.89,L,7,77.7567
L,1260812,1100,183,75.06,75.15,74.89,L,8,78.3802
L,1260812,1100,183,75.06,75.15,74.89,L,9,78.8400
L,1260812,1100,183,75.06,75.15,74.89,L,10,80.6803
L,1260812,1100,183,75.06,75.15,74.89,L,11,81.0476
L,1260812,1100,183,75.06,75.15,74.89,L,12,80.3740
L,1260812,1100,183,75.06,75.15,74.89,L,13,81.6807
L,1260812,1100,183,75.06,75.15,74.89,L,14,80.6009
L,1260812,1100,183,75.06,75.15,74.89,L,15,81.5512
L,1260812,1100,183,75.06,75.15,74.89,L,16,82.0900
L,1260812,1100,183,75.06,75.15,74.89,L,17,82.6300
L,1260812,1100,183,75.06,75.15,74.89,L,18,80.8314
L,1260812,1100,183,75.06,75.15,74.89,L,19,83.0514
L,1260812,1100,183,75.06,75.15,74.89,L,20,84.6900
L,1260812,1100,183,75.06,75.15,74.89,L,21,87.4525
L,1260812,1100,183,75.06,75.15,74.89,L,22,92.0844
L,1260812,1100,183,75.06,75.15,74.89,L,23,98.0975
L,1260812,1100,183,75.06,75.15,74.89,L,24,99.9310
L,1260812,1100,183,75.06,75.15,74.89,L,25,95.0109
L,1260812,1100,183,75.06,75.15,74.89,L,26,86.1460
L,1260812,1100,183,75.06,75.15,74.89,L,27,94.0396
L,1260812,1100,183,75.06,75.15,74.89,L,28,123.3557
L,1260812,1100,183,75.06,75.15,74.89,L,29,143.2420
L,1260812,1100,183,75.06,75.15,74.89,L,30,127.5900
X,1260812,1100,183,75.06,75.15,74.89,74.4008
K,1260812,1100,183,75.06,75.15,74.89,74.3534,4
Q,1260812,1100,183,75.06,75.15,74.89,74.4008,4
L,1260812,1200,184,74.91,75.19,74.86,U,0,75.6500
L,1260812,1200,184,74.91,75.19,74.86,U,1,74.3616
L,1260812,1200,184,74.91,75.19,74.86,U,2,72.6971
L,1260812,1200,184,74.91,75.19,74.86,U,3,72.7025
L,1260812,1200,184,74.91,75.19,74.86,U,4,74.3147
L,1260812,1200,184,74.91,75.19,74.86,U,5,73.9097
L,1260812,1200,184,74.91,75.19,74.86,U,6,73.0046
L,1260812,1200,184,74.91,75.19,74.86,U,7,72.9772
L,1260812,1200,184,74.91,75.19,74.86,U,8,73.5467
L,1260812,1200,184,74.91,75.19,74.86,U,9,73.9882
L,1260812,1200,184,74.91,75.19,74.86,U,10,74.9391
L,1260812,1200,184,74.91,75.19,74.86,U,11,72.6168
L,1260812,1200,184,74.91,75.19,74.86,U,12,72.0800
L,1260812,1200,184,74.91,75.19,74.86,U,13,71.9429
L,1260812,1200,184,74.91,75.19,74.86,U,14,66.7068
L,1260812,1200,184,74.91,75.19,74.86,U,15,62.7300
L,1260812,1200,184,74.91,75.19,74.86,U,16,49.9800
L,1260812,1200,184,74.91,75.19,74.86,U,17,48.2800
L,1260812,1200,184,74.91,75.19,74.86,L,0,74.7312
L,1260812,1200,184,74.91,75.19,74.86,L,1,74.5974
L,1260812,1200,184,74.91,75.19,74.86,L,2,75.0741
L,1260812,1200,184,74.91,75.19,74.86,L,3,74.3238
L,1260812,1200,184,74.91,75.19,74.86,L,4,74.0431
L,1260812,1200,184,74.91,75.19,74.86,L,5,75.6056
L,1260812,1200,184,74.91,75.19,74.86,L,6,76.8566
L,1260812,1200,184,74.91,75.19,74.86,L,7,77.8939
L,1260812,1200,184,74.91,75.19,74.86,L,8,78.5215
L,1260812,1200,184,74.91,75.19,74.86,L,9,78.9842
L,1260812,1200,184,74.91,75.19,74.86,L,10,80.8362
L,1260812,1200,184,74.91,75.19,74.86,L,11,81.2059
L,1260812,1200,184,74.91,75.19,74.86,L,12,80.5280
L,1260812,1200,184,74.91,75.19,74.86,L,13,81.8431
L,1260812,1200,184,74.91,75.19,74.86,L,14,80.7564
L,1260812,1200,184,74.91,75.19,74.86,L,15,81.7128
L,1260812,1200,184,74.91,75.19,74.86,L,16,82.2550
L,1260812,1200,184,74.91,75.19,74.86,L,17,82.7985
L,1260812,1200,184,74.91,75.19,74.86,L,18,80.9883
L,1260812,1200,184,74.91,75.19,74.86,L,19,83.2226
L,1260812,1200,184,74.91,75.19,74.86,L,20,84.8717
L,1260812,1200,184,74.91,75.19,74.86,L,21,87.6519
L,1260812,1200,184,74.91,75.19,74.86,L,22,92.3135
L,1260812,1200,184,74.91,75.19,74.86,L,23,98.3651
L,1260812,1200,184,74.91,75.19,74.86,L,24,100.2103
L,1260812,1200,184,74.91,75.19,74.86,L,25,95.2587
L,1260812,1200,184,74.91,75.19,74.86,L,26,86.3370
L,1260812,1200,184,74.91,75.19,74.86,L,27,94.2812
L,1260812,1200,184,74.91,75.19,74.86,L,28,123.7852
L,1260812,1200,184,74.91,75.19,74.86,L,29,143.7990
L,1260812,1200,184,74.91,75.19,74.86,L,30,128.0467
X,1260812,1200,184,74.91,75.19,74.86,74.3162
X,1260812,1200,184,74.91,75.19,74.86,73.9366
X,1260812,1200,184,74.91,75.19,74.86,73.9990
X,1260812,1200,184,74.91,75.19,74.86,74.9554
K,1260812,1200,184,74.91,75.19,74.86,74.3333,3
Q,1260812,1200,184,74.91,75.19,74.86,74.3162,6
L,1260812,1300,185,74.61,75.01,74.41,U,0,75.1766
L,1260812,1300,185,74.61,75.01,74.41,U,1,75.6420
L,1260812,1300,185,74.61,75.01,74.41,U,2,74.3384
L,1260812,1300,185,74.61,75.01,74.41,U,3,72.6544
L,1260812,1300,185,74.61,75.01,74.41,U,4,72.6599
L,1260812,1300,185,74.61,75.01,74.41,U,5,74.2910
L,1260812,1300,185,74.61,75.01,74.41,U,6,73.8812
L,1260812,1300,185,74.61,75.01,74.41,U,7,72.9654
L,1260812,1300,185,74.61,75.01,74.41,U,8,72.9378
L,1260812,1300,185,74.61,75.01,74.41,U,9,73.5139
L,1260812,1300,185,74.61,75.01,74.41,U,10,73.9606
L,1260812,1300,185,74.61,75.01,74.41,U,11,74.9227
L,1260812,1300,185,74.61,75.01,74.41,U,12,72.5732
L,1260812,1300,185,74.61,75.01,74.41,U,13,72.0300
L,1260812,1300,185,74.61,75.01,74.41,U,14,71.8913
L,1260812,1300,185,74.61,75.01,74.41,U,15,66.5936
L,1260812,1300,185,74.61,75.01,74.41,U,16,62.5700
L,1260812,1300,185,74.61,75.01,74.41,U,17,49.6700
L,1260812,1300,185,74.61,75.01,74.41,U,18,47.9500
L,1260812,1300,185,74.61,75.01,74.41,L,0,74.8483
L,1260812,1300,185,74.61,75.01,74.41,L,1,74.7136
L,1260812,1300,185,74.61,75.01,74.41,L,2,75.1934
L,1260812,1300,185,74.61,75.01,74.41,L,3,74.4383
L,1260812,1300,185,74.61,75.01,74.41,L,4,74.1558
L,1260812,1300,185,74.61,75.01,74.41,L,5,75.7282
L,1260812,1300,185,74.61,75.01,74.41,L,6,76.9872
L,1260812,1300,185,74.61,75.01,74.41,L,7,78.0311
L,1260812,1300,185,74.61,75.01,74.41,L,8,78.6627
L,1260812,1300,185,74.61,75.01,74.41,L,9,79.1283
L,1260812,1300,185,74.61,75.01,74.41,L,10,80.9922
L,1260812,1300,185,74.61,75.01,74.41,L,11,81.3642
L,1260812,1300,185,74.61,75.01,74.41,L,12,80.6820
L,1260812,1300,185,74.61,75.01,74.41,L,13,82.0054
L,1260812,1300,185,74.61,75.01,74.41,L,14,80.9118
L,1260812,1300,185,74.61,75.01,74.41,L,15,81.8743
L,1260812,1300,185,74.61,75.01,74.41,L,16,82.4200
L,1260812,1300,185,74.61,75.01,74.41,L,17,82.9669
L,1260812,1300,185,74.61,75.01,74.41,L,18,81.1452
L,1260812,1300,185,74.61,75.01,74.41,L,19,83.3937
L,1260812,1300,185,74.61,75.01,74.41,L,20,85.0533
L,1260812,1300,185,74.61,75.01,74.41,L,21,87.8512
L,1260812,1300,185,74.61,75.01,74.41,L,22,92.5425
L,1260812,1300,185,74.61,75.01,74.41,L,23,98.6327
L,1260812,1300,185,74.61,75.01,74.41,L,24,100.4897
L,1260812,1300,185,74.61,75.01,74.41,L,25,95.5065
L,1260812,1300,185,74.61,75.01,74.41,L,26,86.5280
L,1260812,1300,185,74.61,75.01,74.41,L,27,94.5228
L,1260812,1300,185,74.61,75.01,74.41,L,28,124.2148
L,1260812,1300,185,74.61,75.01,74.41,L,29,144.3560
L,1260812,1300,185,74.61,75.01,74.41,L,30,128.5033
X,1260812,1300,185,74.61,75.01,74.41,75.1783
X,1260812,1300,185,74.61,75.01,74.41,75.6473
X,1260812,1300,185,74.61,75.01,74.41,74.3552
K,1260812,1300,185,74.61,75.01,74.41,74.3059,4
Q,1260812,1300,185,74.61,75.01,74.41,74.3552,6
L,1260812,1400,186,74.28,74.99,74.28,U,0,75.1632
L,1260812,1400,186,74.28,74.99,74.28,U,1,75.6340
L,1260812,1400,186,74.28,74.99,74.28,U,2,74.3153
L,1260812,1400,186,74.28,74.99,74.28,U,3,72.6116
L,1260812,1400,186,74.28,74.99,74.28,U,4,72.6172
L,1260812,1400,186,74.28,74.99,74.28,U,5,74.2673
L,1260812,1400,186,74.28,74.99,74.28,U,6,73.8527
L,1260812,1400,186,74.28,74.99,74.28,U,7,72.9263
L,1260812,1400,186,74.28,74.99,74.28,U,8,72.8983
L,1260812,1400,186,74.28,74.99,74.28,U,9,73.4812
L,1260812,1400,186,74.28,74.99,74.28,U,10,73.9331
L,1260812,1400,186,74.28,74.99,74.28,U,11,74.9064
L,1260812,1400,186,74.28,74.99,74.28,U,12,72.5295
L,1260812,1400,186,74.28,74.99,74.28,U,13,71.9800
L,1260812,1400,186,74.28,74.99,74.28,U,14,71.8397
L,1260812,1400,186,74.28,74.99,74.28,U,15,66.4804
L,1260812,1400,186,74.28,74.99,74.28,U,16,62.4100
L,1260812,1400,186,74.28,74.99,74.28,U,17,49.3600
L,1260812,1400,186,74.28,74.99,74.28,U,18,47.6200
L,1260812,1400,186,74.28,74.99,74.28,L,0,74.9654
L,1260812,1400,186,74.28,74.99,74.28,L,1,74.8298
L,1260812,1400,186,74.28,74.99,74.28,L,2,75.3126
L,1260812,1400,186,74.28,74.99,74.28,L,3,74.5528
L,1260812,1400,186,74.28,74.99,74.28,L,4,74.2685
L,1260812,1400,186,74.28,74.99,74.28,L,5,75.8509
L,1260812,1400,186,74.28,74.99,74.28,L,6,77.1178
L,1260812,1400,186,74.28,74.99,74.28,L,7,78.1683
L,1260812,1400,186,74.28,74.99,74.28,L,8,78.8039
L,1260812,1400,186,74.28,74.99,74.28,L,9,79.2725
L,1260812,1400,186,74.28,74.99,74.28,L,10,81.1482
L,1260812,1400,186,74.28,74.99,74.28,L,11,81.5225
L,1260812,1400,186,74.28,74.99,74.28,L,12,80.8360
L,1260812,1400,186,74.28,74.99,74.28,L,13,82.1678
L,1260812,1400,186,74.28,74.99,74.28,L,14,81.0673
L,1260812,1400,186,74.28,74.99,74.28,L,15,82.0359
L,1260812,1400,186,74.28,74.99,74.28,L,16,82.5850
L,1260812,1400,186,74.28,74.99,74.28,L,17,83.1354
L,1260812,1400,186,74.28,74.99,74.28,L,18,81.3022
L,1260812,1400,186,74.28,74.99,74.28,L,19,83.5649
L,1260812,1400,186,74.28,74.99,74.28,L,20,85.2350
L,1260812,1400,186,74.28,74.99,74.28,L,21,88.0506
L,1260812,1400,186,74.28,74.99,74.28,L,22,92.7716
L,1260812,1400,186,74.28,74.99,74.28,L,23,98.9003
L,1260812,1400,186,74.28,74.99,74.28,L,24,100.7690
L,1260812,1400,186,74.28,74.99,74.28,L,25,95.7543
L,1260812,1400,186,74.28,74.99,74.28,L,26,86.7190
L,1260812,1400,186,74.28,74.99,74.28,L,27,94.7644
L,1260812,1400,186,74.28,74.99,74.28,L,28,124.6443
L,1260812,1400,186,74.28,74.99,74.28,L,29,144.9130
L,1260812,1400,186,74.28,74.99,74.28,L,30,128.9600
X,1260812,1400,186,74.28,74.99,74.28,74.2675
X,1260812,1400,186,74.28,74.99,74.28,74.9136
K,1260812,1400,186,74.28,74.99,74.28,74.9662,4
Q,1260812,1400,186,74.28,74.99,74.28,74.2675,5
L,1260812,1500,187,74.50,74.52,74.28,U,0,75.1498
L,1260812,1500,187,74.50,74.52,74.28,U,1,75.6260
L,1260812,1500,187,74.50,74.52,74.28,U,2,74.2921
L,1260812,1500,187,74.50,74.52,74.28,U,3,72.5689
L,1260812,1500,187,74.50,74.52,74.28,U,4,72.5745
L,1260812,1500,187,74.50,74.52,74.28,U,5,74.2435
L,1260812,1500,187,74.50,74.52,74.28,U,6,73.8242
L,1260812,1500,187,74.50,74.52,74.28,U,7,72.8872
L,1260812,1500,187,74.50,74.52,74.28,U,8,72.8589
L,1260812,1500,187,74.50,74.52,74.28,U,9,73.4484
L,1260812,1500,187,74.50,74.52,74.28,U,10,73.9055
L,1260812,1500,187,74.50,74.52,74.28,U,11,74.8900
L,1260812,1500,187,74.50,74.52,74.28,U,12,72.4858
L,1260812,1500,187,74.50,74.52,74.28,U,13,71.9300
L,1260812,1500,187,74.50,74.52,74.28,U,14,71.7881
L,1260812,1500,187,74.50,74.52,74.28,U,15,66.3671
L,1260812,1500,187,74.50,74.52,74.28,U,16,62.2500
L,1260812,1500,187,74.50,74.52,74.28,U,17,49.0500
L,1260812,1500,187,74.50,74.52,74.28,U,18,47.2900
L,1260812,1500,187,74.50,74.52,74.28,L,0,75.0825
L,1260812,1500,187,74.50,74.52,74.28,L,1,74.9460
L,1260812,1500,187,74.50,74.52,74.28,L,2,75.4319
L,1260812,1500,187,74.50,74.52,74.28,L,3,74.6672
L,1260812,1500,187,74.50,74.52,74.28,L,4,74.3812
L,1260812,1500,187,74.50,74.52,74.28,L,5,75.9735
L,1260812,1500,187,74.50,74.52,74.28,L,6,77.2485
L,1260812,1500,187,74.50,74.52,74.28,L,7,78.3056
L,1260812,1500,187,74.50,74.52,74.28,L,8,78.9451
L,1260812,1500,187,74.50,74.52,74.28,L,9,79.4167
L,1260812,1500,187,74.50,74.52,74.28,L,10,81.3041
L,1260812,1500,187,74.50,74.52,74.28,L,11,81.6808
L,1260812,1500,187,74.50,74.52,74.28,L,12,80.9900
L,1260812,1500,187,74.50,74.52,74.28,L,13,82.3302
L,1260812,1500,187,74.50,74.52,74.28,L,14,81.2227
L,1260812,1500,187,74.50,74.52,74.28,L,15,82.1974
L,1260812,1500,187,74.50,74.52,74.28,L,16,82.7500
L,1260812,1500,187,74.50,74.52,74.28,L,17,83.3038
L,1260812,1500,187,74.50,74.52,74.28,L,18,81.4591
L,1260812,1500,187,74.50,74.52,74.28,L,19,83.7360
L,1260812,1500,187,74.50,74.52,74.28,L,20,85.4167
L,1260812,1500,187,74.50,74.52,74.28,L,21,88.2500
L,1260812,1500,187,74.50,74.52,74.28,L,22,93.0007
L,1260812,1500,187,74.50,74.52,74.28,L,23,99.1679
L,1260812,1500,187,74.50,74.52,74.28,L,24,101.0484
L,1260812,1500,187,74.50,74.52,74.28,L,25,96.0022
L,1260812,1500,187,74.50,74.52,74.28,L,26,86.9100
L,1260812,1500,187,74.50,74.52,74.28,L,27,95.0060
L,1260812,1500,187,74.50,74.52,74.28,L,28,125.0738
L,1260812,1500,187,74.50,74.52,74.28,L,29,145.4700
L,1260812,1500,187,74.50,74.52,74.28,L,30,129.4167
X,1260812,1500,187,74.50,74.52,74.28,74.3073
X,1260812,1500,187,74.50,74.52,74.28,74.8969
K,1260812,1500,187,74.50,74.52,74.28,75.0171,4
Q,1260812,1500,187,74.50,74.52,74.28,74.3073,5
L,1260812,1600,188,74.23,74.50,74.10,U,0,75.1364
L,1260812,1600,188,74.23,74.50,74.10,U,1,75.6180
L,1260812,1600,188,74.23,74.50,74.10,U,2,74.2689
L,1260812,1600,188,74.23,74.50,74.10,U,3,72.5262
L,1260812,1600,188,74.23,74.50,74.10,U,4,72.5318
L,1260812,1600,188,74.23,74.50,74.10,U,5,74.2198
L,1260812,1600,188,74.23,74.50,74.10,U,6,73.7958
L,1260812,1600,188,74.23,74.50,74.10,U,7,72.8481
L,1260812,1600,188,74.23,74.50,74.10,U,8,72.8194
L,1260812,1600,188,74.23,74.50,74.10,U,9,73.4157
L,1260812,1600,188,74.23,74.50,74.10,U,10,73.8780
L,1260812,1600,188,74.23,74.50,74.10,U,11,74.8736
L,1260812,1600,188,74.23,74.50,74.10,U,12,72.4421
L,1260812,1600,188,74.23,74.50,74.10,U,13,71.8800
L,1260812,1600,188,74.23,74.50,74.10,U,14,71.7365
L,1260812,1600,188,74.23,74.50,74.10,U,15,66.2539
L,1260812,1600,188,74.23,74.50,74.10,U,16,62.0900
L,1260812,1600,188,74.23,74.50,74.10,U,17,48.7400
L,1260812,1600,188,74.23,74.50,74.10,U,18,46.9600
L,1260812,1600,188,74.23,74.50,74.10,L,0,75.1995
L,1260812,1600,188,74.23,74.50,74.10,L,1,75.0623
L,1260812,1600,188,74.23,74.50,74.10,L,2,75.5511
L,1260812,1600,188,74.23,74.50,74.10,L,3,74.7817
L,1260812,1600,188,74.23,74.50,74.10,L,4,74.4939
L,1260812,1600,188,74.23,74.50,74.10,L,5,76.0962
L,1260812,1600,188,74.23,74.50,74.10,L,6,77.3791
L,1260812,1600,188,74.23,74.50,74.10,L,7,78.4428
L,1260812,1600,188,74.23,74.50,74.10,L,8,79.0863
L,1260812,1600,188,74.23,74.50,74.10,L,9,79.5608
L,1260812,1600,188,74.23,74.50,74.10,L,10,81.4601
L,1260812,1600,188,74.23,74.50,74.10,L,11,81.8392
L,1260812,1600,188,74.23,74.50,74.10,L,12,81.1440
L,1260812,1600,188,74.23,74.50,74.10,L,13,82.4926
L,1260812,1600,188,74.23,74.50,74.10,L,14,81.3782
L,1260812,1600,188,74.23,74.50,74.10,L,15,82.3590
L,1260812,1600,188,74.23,74.50,74.10,L,16,82.9150
L,1260812,1600,188,74.23,74.50,74.10,L,17,83.4723
L,1260812,1600,188,74.23,74.50,74.10,L,18,81.6160
L,1260812,1600,188,74.23,74.50,74.10,L,19,83.9072
L,1260812,1600,188,74.23,74.50,74.10,L,20,85.5983
L,1260812,1600,188,74.23,74.50,74.10,L,21,88.4494
L,1260812,1600,188,74.23,74.50,74.10,L,22,93.2297
L,1260812,1600,188,74.23,74.50,74.10,L,23,99.4355
L,1260812,1600,188,74.23,74.50,74.10,L,24,101.3278
L,1260812,1600,188,74.23,74.50,74.10,L,25,96.2500
L,1260812,1600,188,74.23,74.50,74.10,L,26,87.1010
L,1260812,1600,188,74.23,74.50,74.10,L,27,95.2476
L,1260812,1600,188,74.23,74.50,74.10,L,28,125.5033
L,1260812,1600,188,74.23,74.50,74.10,L,29,146.0270
L,1260812,1600,188,74.23,74.50,74.10,L,30,129.8733
X,1260812,1600,188,74.23,74.50,74.10,75.1428
K,1260812,1600,188,74.23,74.50,74.10,75.0679,4
Q,1260812,1600,188,74.23,74.50,74.10,75.1428,4
L,1260812,1700,189,74.30,74.62,74.20,U,0,75.1229
L,1260812,1700,189,74.30,74.62,74.20,U,1,75.6100
L,1260812,1700,189,74.30,74.62,74.20,U,2,74.2458
L,1260812,1700,189,74.30,74.62,74.20,U,3,72.4834
L,1260812,1700,189,74.30,74.62,74.20,U,4,72.4892
L,1260812,1700,189,74.30,74.62,74.20,U,5,74.1961
L,1260812,1700,189,74.30,74.62,74.20,U,6,73.7673
L,1260812,1700,189,74.30,74.62,74.20,U,7,72.8089
L,1260812,1700,189,74.30,74.62,74.20,U,8,72.7800
L,1260812,1700,189,74.30,74.62,74.20,U,9,73.3829
L,1260812,1700,189,74.30,74.62,74.20,U,10,73.8504
L,1260812,1700,189,74.30,74.62,74.20,U,11,74.8573
L,1260812,1700,189,74.30,74.62,74.20,U,12,72.3984
L,1260812,1700,189,74.30,74.62,74.20,U,13,71.8300
L,1260812,1700,189,74.30,74.62,74.20,U,14,71.6848
L,1260812,1700,189,74.30,74.62,74.20,U,15,66.1407
L,1260812,1700,189,74.30,74.62,74.20,U,16,61.9300
L,1260812,1700,189,74.30,74.62,74.20,U,17,48.4300
L,1260812,1700,189,74.30,74.62,74.20,U,18,46.6300
L,1260812,1700,189,74.30,74.62,74.20,L,0,74.2102
L,1260812,1700,189,74.30,74.62,74.20,L,1,75.3166
L,1260812,1700,189,74.30,74.62,74.20,L,2,75.1785
L,1260812,1700,189,74.30,74.62,74.20,L,3,75.6704
L,1260812,1700,189,74.30,74.62,74.20,L,4,74.8962
L,1260812,1700,189,74.30,74.62,74.20,L,5,74.6066
L,1260812,1700,189,74.30,74.62,74.20,L,6,76.2188
L,1260812,1700,189,74.30,74.62,74.20,L,7,77.5097
L,1260812,1700,189,74.30,74.62,74.20,L,8,78.5800
L,1260812,1700,189,74.30,74.62,74.20,L,9,79.2276
L,1260812,1700,189,74.30,74.62,74.20,L,10,79.7050
L,1260812,1700,189,74.30,74.62,74.20,L,11,81.6161
L,1260812,1700,189,74.30,74.62,74.20,L,12,81.9975
L,1260812,1700,189,74.30,74.62,74.20,L,13,81.2980
L,1260812,1700,189,74.30,74.62,74.20,L,14,82.6550
L,1260812,1700,189,74.30,74.62,74.20,L,15,81.5336
L,1260812,1700,189,74.30,74.62,74.20,L,16,82.5205
L,1260812,1700,189,74.30,74.62,74.20,L,17,83.0800
L,1260812,1700,189,74.30,74.62,74.20,L,18,83.6408
L,1260812,1700,189,74.30,74.62,74.20,L,19,81.7730
L,1260812,1700,189,74.30,74.62,74.20,L,20,84.0784
L,1260812,1700,189,74.30,74.62,74.20,L,21,85.7800
L,1260812,1700,189,74.30,74.62,74.20,L,22,88.6487
L,1260812,1700,189,74.30,74.62,74.20,L,23,93.4588
L,1260812,1700,189,74.30,74.62,74.20,L,24,99.7031
L,1260812,1700,189,74.30,74.62,74.20,L,25,101.6071
L,1260812,1700,189,74.30,74.62,74.20,L,26,96.4978
L,1260812,1700,189,74.30,74.62,74.20,L,27,87.2920
L,1260812,1700,189,74.30,74.62,74.20,L,28,95.4892
L,1260812,1700,189,74.30,74.62,74.20,L,29,125.9329
L,1260812,1700,189,74.30,74.62,74.20,L,30,146.5840
L,1260812,1700,189,74.30,74.62,74.20,L,31,130.3300
X,1260812,1700,189,74.30,74.62,74.20,75.1287
X,1260812,1700,189,74.30,74.62,74.20,75.6138
X,1260812,1700,189,74.30,74.62,74.20,74.1986
X,1260812,1700,189,74.30,74.62,74.20,74.8621
K,1260812,1700,189,74.30,74.62,74.20,75.2060,3
Q,1260812,1700,189,74.30,74.62,74.20,75.1287,5
L,1260813,200,190,74.68,75.14,74.44,U,0,75.1095
L,1260813,200,190,74.68,75.14,74.44,U,1,75.6020
L,1260813,200,190,74.68,75.14,74.44,U,2,74.2226
L,1260813,200,190,74.68,75.14,74.44,U,3,72.4407
L,1260813,200,190,74.68,75.14,74.44,U,4,72.4465
L,1260813,200,190,74.68,75.14,74.44,U,5,74.1724
L,1260813,200,190,74.68,75.14,74.44,U,6,73.7388
L,1260813,200,190,74.68,75.14,74.44,U,7,72.7698
L,1260813,200,190,74.68,75.14,74.44,U,8,72.7406
L,1260813,200,190,74.68,75.14,74.44,U,9,73.3502
L,1260813,200,190,74.68,75.14,74.44,U,10,73.8229
L,1260813,200,190,74.68,75.14,74.44,U,11,74.8409
L,1260813,200,190,74.68,75.14,74.44,U,12,72.3547
L,1260813,200,190,74.68,75.14,74.44,U,13,71.7800
L,1260813,200,190,74.68,75.14,74.44,U,14,71.6332
L,1260813,200,190,74.68,75.14,74.44,U,15,66.0275
L,1260813,200,190,74.68,75.14,74.44,U,16,61.7700
L,1260813,200,190,74.68,75.14,74.44,U,17,48.1200
L,1260813,200,190,74.68,75.14,74.44,U,18,46.3000
L,1260813,200,190,74.68,75.14,74.44,L,0,74.3205
L,1260813,200,190,74.68,75.14,74.44,L,1,75.4337
L,1260813,200,190,74.68,75.14,74.44,L,2,75.2947
L,1260813,200,190,74.68,75.14,74.44,L,3,75.7897
L,1260813,200,190,74.68,75.14,74.44,L,4,75.0107
L,1260813,200,190,74.68,75.14,74.44,L,5,74.7193
L,1260813,200,190,74.68,75.14,74.44,L,6,76.3415
L,1260813,200,190,74.68,75.14,74.44,L,7,77.6403
L,1260813,200,190,74.68,75.14,74.44,L,8,78.7172
L,1260813,200,190,74.68,75.14,74.44,L,9,79.3688
L,1260813,200,190,74.68,75.14,74.44,L,10,79.8492
L,1260813,200,190,74.68,75.14,74.44,L,11,81.7720
L,1260813,200,190,74.68,75.14,74.44,L,12,82.1558
L,1260813,200,190,74.68,75.14,74.44,L,13,81.4520
L,1260813,200,190,74.68,75.14,74.44,L,14,82.8173
L,1260813,200,190,74.68,75.14,74.44,L,15,81.6891
L,1260813,200,190,74.68,75.14,74.44,L,16,82.6821
L,1260813,200,190,74.68,75.14,74.44,L,17,83.2450
L,1260813,200,190,74.68,75.14,74.44,L,18,83.8092
L,1260813,200,190,74.68,75.14,74.44,L,19,81.9299
L,1260813,200,190,74.68,75.14,74.44,L,20,84.2495
L,1260813,200,190,74.68,75.14,74.44,L,21,85.9617
L,1260813,200,190,74.68,75.14,74.44,L,22,88.8481
L,1260813,200,190,74.68,75.14,74.44,L,23,93.6879
L,1260813,200,190,74.68,75.14,74.44,L,24,99.9707
L,1260813,200,190,74.68,75.14,74.44,L,25,101.8865
L,1260813,200,190,74.68,75.14,74.44,L,26,96.7457
L,1260813,200,190,74.68,75.14,74.44,L,27,87.4830
L,1260813,200,190,74.68,75.14,74.44,L,28,95.7308
L,1260813,200,190,74.68,75.14,74.44,L,29,126.3624
L,1260813,200,190,74.68,75.14,74.44,L,30,147.1410
L,1260813,200,190,74.68,75.14,74.44,L,31,130.7867
X,1260813,200,190,74.68,75.14,74.44,74.2396
K,1260813,200,190,74.68,75.14,74.44,75.1383,3
Q,1260813,200,190,74.68,75.14,74.44,74.2396,3
L,1260813,300,191,74.81,74.81,74.39,U,0,75.1269
L,1260813,300,191,74.81,74.81,74.39,U,1,75.0961
L,1260813,300,191,74.81,74.81,74.39,U,2,75.5940
L,1260813,300,191,74.81,74.81,74.39,U,3,74.1995
L,1260813,300,191,74.81,74.81,74.39,U,4,72.3979
L,1260813,300,191,74.81,74.81,74.39,U,5,72.4038
L,1260813,300,191,74.81,74.81,74.39,U,6,74.1487
L,1260813,300,191,74.81,74.81,74.39,U,7,73.7103
L,1260813,300,191,74.81,74.81,74.39,U,8,72.7307
L,1260813,300,191,74.81,74.81,74.39,U,9,72.7011
L,1260813,300,191,74.81,74.81,74.39,U,10,73.3175
L,1260813,300,191,74.81,74.81,74.39,U,11,73.7953
L,1260813,300,191,74.81,74.81,74.39,U,12,74.8245
L,1260813,300,191,74.81,74.81,74.39,U,13,72.3111
L,1260813,300,191,74.81,74.81,74.39,U,14,71.7300
L,1260813,300,191,74.81,74.81,74.39,U,15,71.5816
L,1260813,300,191,74.81,74.81,74.39,U,16,65.9143
L,1260813,300,191,74.81,74.81,74.39,U,17,61.6100
L,1260813,300,191,74.81,74.81,74.39,U,18,47.8100
L,1260813,300,191,74.81,74.81,74.39,U,19,45.9700
L,1260813,300,191,74.81,74.81,74.39,L,0,74.4307
L,1260813,300,191,74.81,74.81,74.39,L,1,75.5508
L,1260813,300,191,74.81,74.81,74.39,L,2,75.4109
L,1260813,300,191,74.81,74.81,74.39,L,3,75.9089
L,1260813,300,191,74.81,74.81,74.39,L,4,75.1252
L,1260813,300,191,74.81,74.81,74.39,L,5,74.8320
L,1260813,300,191,74.81,74.81,74.39,L,6,76.4641
L,1260813,300,191,74.81,74.81,74.39,L,7,77.7709
L,1260813,300,191,74.81,74.81,74.39,L,8,78.8544
L,1260813,300,191,74.81,74.81,74.39,L,9,79.5100
L,1260813,300,191,74.81,74.81,74.39,L,10,79.9933
L,1260813,300,191,74.81,74.81,74.39,L,11,81.9280
L,1260813,300,191,74.81,74.81,74.39,L,12,82.3141
L,1260813,300,191,74.81,74.81,74.39,L,13,81.6060
L,1260813,300,191,74.81,74.81,74.39,L,14,82.9797
L,1260813,300,191,74.81,74.81,74.39,L,15,81.8445
L,1260813,300,191,74.81,74.81,74.39,L,16,82.8436
L,1260813,300,191,74.81,74.81,74.39,L,17,83.4100
L,1260813,300,191,74.81,74.81,74.39,L,18,83.9777
L,1260813,300,191,74.81,74.81,74.39,L,19,82.0868
L,1260813,300,191,74.81,74.81,74.39,L,20,84.4207
L,1260813,300,191,74.81,74.81,74.39,L,21,86.1433
L,1260813,300,191,74.81,74.81,74.39,L,22,89.0475
L,1260813,300,191,74.81,74.81,74.39,L,23,93.9169
L,1260813,300,191,74.81,74.81,74.39,L,24,100.2384
L,1260813,300,191,74.81,74.81,74.39,L,25,102.1659
L,1260813,300,191,74.81,74.81,74.39,L,26,96.9935
L,1260813,300,191,74.81,74.81,74.39,L,27,87.6740
L,1260813,300,191,74.81,74.81,74.39,L,28,95.9724
L,1260813,300,191,74.81,74.81,74.39,L,29,126.7919
L,1260813,300,191,74.81,74.81,74.39,L,30,147.6980
L,1260813,300,191,74.81,74.81,74.39,L,31,131.2433
X,1260813,300,191,74.81,74.81,74.39,75.0992
X,1260813,300,191,74.81,74.81,74.39,74.8255
K,1260813,300,191,74.81,74.81,74.39,75.1161,3
Q,1260813,300,191,74.81,74.81,74.39,75.0992,5
L,1260813,400,192,74.83,74.86,74.71,U,0,75.1138
L,1260813,400,192,74.83,74.86,74.71,U,1,75.0827
L,1260813,400,192,74.83,74.86,74.71,U,2,75.5860
L,1260813,400,192,74.83,74.86,74.71,U,3,74.1763
L,1260813,400,192,74.83,74.86,74.71,U,4,72.3552
L,1260813,400,192,74.83,74.86,74.71,U,5,72.3611
L,1260813,400,192,74.83,74.86,74.71,U,6,74.1250
L,1260813,400,192,74.83,74.86,74.71,U,7,73.6819
L,1260813,400,192,74.83,74.86,74.71,U,8,72.6916
L,1260813,400,192,74.83,74.86,74.71,U,9,72.6617
L,1260813,400,192,74.83,74.86,74.71,U,10,73.2847
L,1260813,400,192,74.83,74.86,74.71,U,11,73.7678
L,1260813,400,192,74.83,74.86,74.71,U,12,74.8082
L,1260813,400,192,74.83,74.86,74.71,U,13,72.2674
L,1260813,400,192,74.83,74.86,74.71,U,14,71.6800
L,1260813,400,192,74.83,74.86,74.71,U,15,71.5300
L,1260813,400,192,74.83,74.86,74.71,U,16,65.8011
L,1260813,400,192,74.83,74.86,74.71,U,17,61.4500
L,1260813,400,192,74.83,74.86,74.71,U,18,47.5000
L,1260813,400,192,74.83,74.86,74.71,U,19,45.6400
L,1260813,400,192,74.83,74.86,74.71,L,0,74.5000
L,1260813,400,192,74.83,74.86,74.71,L,1,74.5410
L,1260813,400,192,74.83,74.86,74.71,L,2,75.6679
L,1260813,400,192,74.83,74.86,74.71,L,3,75.5272
L,1260813,400,192,74.83,74.86,74.71,L,4,76.0282
L,1260813,400,192,74.83,74.86,74.71,L,5,75.2397
L,1260813,400,192,74.83,74.86,74.71,L,6,74.9447
L,1260813,400,192,74.83,74.86,74.71,L,7,76.5868
L,1260813,400,192,74.83,74.86,74.71,L,8,77.9015
L,1260813,400,192,74.83,74.86,74.71,L,9,78.9917
L,1260813,400,192,74.83,74.86,74.71,L,10,79.6512
L,1260813,400,192,74.83,74.86,74.71,L,11,80.1375
L,1260813,400,192,74.83,74.86,74.71,L,12,82.0839
L,1260813,400,192,74.83,74.86,74.71,L,13,82.4724
L,1260813,400,192,74.83,74.86,74.71,L,14,81.7600
L,1260813,400,192,74.83,74.86,74.71,L,15,83.1421
L,1260813,400,192,74.83,74.86,74.71,L,16,82.0000
L,1260813,400,192,74.83,74.86,74.71,L,17,83.0052
L,1260813,400,192,74.83,74.86,74.71,L,18,83.5750
L,1260813,400,192,74.83,74.86,74.71,L,19,84.1462
L,1260813,400,192,74.83,74.86,74.71,L,20,82.2437
L,1260813,400,192,74.83,74.86,74.71,L,21,84.5919
L,1260813,400,192,74.83,74.86,74.71,L,22,86.3250
L,1260813,400,192,74.83,74.86,74.71,L,23,89.2469
L,1260813,400,192,74.83,74.86,74.71,L,24,94.1460
L,1260813,400,192,74.83,74.86,74.71,L,25,100.5060
L,1260813,400,192,74.83,74.86,74.71,L,26,102.4452
L,1260813,400,192,74.83,74.86,74.71,L,27,97.2413
L,1260813,400,192,74.83,74.86,74.71,L,28,87.8650
L,1260813,400,192,74.83,74.86,74.71,L,29,96.2140
L,1260813,400,192,74.83,74.86,74.71,L,30,127.2214
L,1260813,400,192,74.83,74.86,74.71,L,31,148.2550
L,1260813,400,192,74.83,74.86,74.71,L,32,131.7000
X,1260813,400,192,74.83,74.86,74.71,75.1267
X,1260813,400,192,74.83,74.86,74.71,75.5912
K,1260813,400,192,74.83,74.86,74.71,75.0952,4
Q,1260813,400,192,74.83,74.86,74.71,75.1267,4
L,1260813,500,193,74.76,74.94,74.58,U,0,75.1008
L,1260813,500,193,74.76,74.94,74.58,U,1,75.0693
L,1260813,500,193,74.76,74.94,74.58,U,2,75.5780
L,1260813,500,193,74.76,74.94,74.58,U,3,74.1532
L,1260813,500,193,74.76,74.94,74.58,U,4,72.3125
L,1260813,500,193,74.76,74.94,74.58,U,5,72.3185
L,1260813,500,193,74.76,74.94,74.58,U,6,74.1013
L,1260813,500,193,74.76,74.94,74.58,U,7,73.6534
L,1260813,500,193,74.76,74.94,74.58,U,8,72.6525
L,1260813,500,193,74.76,74.94,74.58,U,9,72.6222
L,1260813,500,193,74.76,74.94,74.58,U,10,73.2520
L,1260813,500,193,74.76,74.94,74.58,U,11,73.7402
L,1260813,500,193,74.76,74.94,74.58,U,12,74.7918
L,1260813,500,193,74.76,74.94,74.58,U,13,72.2237
L,1260813,500,193,74.76,74.94,74.58,U,14,71.6300
L,1260813,500,193,74.76,74.94,74.58,U,15,71.4784
L,1260813,500,193,74.76,74.94,74.58,U,16,65.6879
L,1260813,500,193,74.76,74.94,74.58,U,17,61.2900
L,1260813,500,193,74.76,74.94,74.58,U,18,47.1900
L,1260813,500,193,74.76,74.94,74.58,U,19,45.3100
L,1260813,500,193,74.76,74.94,74.58,L,0,74.6100
L,1260813,500,193,74.76,74.94,74.58,L,1,74.6512
L,1260813,500,193,74.76,74.94,74.58,L,2,75.7849
L,1260813,500,193,74.76,74.94,74.58,L,3,75.6434
L,1260813,500,193,74.76,74.94,74.58,L,4,76.1474
L,1260813,500,193,74.76,74.94,74.58,L,5,75.3541
L,1260813,500,193,74.76,74.94,74.58,L,6,75.0574
L,1260813,500,193,74.76,74.94,74.58,L,7,76.7094
L,1260813,500,193,74.76,74.94,74.58,L,8,78.0322
L,1260813,500,193,74.76,74.94,74.58,L,9,79.1289
L,1260813,500,193,74.76,74.94,74.58,L,10,79.7924
L,1260813,500,193,74.76,74.94,74.58,L,11,80.2817
L,1260813,500,193,74.76,74.94,74.58,L,12,82.2399
L,1260813,500,193,74.76,74.94,74.58,L,13,82.6307
L,1260813,500,193,74.76,74.94,74.58,L,14,81.9140
L,1260813,500,193,74.76,74.94,74.58,L,15,83.3045
L,1260813,500,193,74.76,74.94,74.58,L,16,82.1555
L,1260813,500,193,74.76,74.94,74.58,L,17,83.1667
L,1260813,500,193,74.76,74.94,74.58,L,18,83.7400
L,1260813,500,193,74.76,74.94,74.58,L,19,84.3146
L,1260813,500,193,74.76,74.94,74.58,L,20,82.4007
L,1260813,500,193,74.76,74.94,74.58,L,21,84.7630
L,1260813,500,193,74.76,74.94,74.58,L,22,86.5067
L,1260813,500,193,74.76,74.94,74.58,L,23,89.4462
L,1260813,500,193,74.76,74.94,74.58,L,24,94.3751
L,1260813,500,193,74.76,74.94,74.58,L,25,100.7736
L,1260813,500,193,74.76,74.94,74.58,L,26,102.7246
L,1260813,500,193,74.76,74.94,74.58,L,27,97.4891
L,1260813,500,193,74.76,74.94,74.58,L,28,88.0560
L,1260813,500,193,74.76,74.94,74.58,L,29,96.4556
L,1260813,500,193,74.76,74.94,74.58,L,30,127.6510
L,1260813,500,193,74.76,74.94,74.58,L,31,148.8120
L,1260813,500,193,74.76,74.94,74.58,L,32,132.1567
X,1260813,500,193,74.76,74.94,74.58,75.5822
K,1260813,500,193,74.76,74.94,74.58,75.0758,3
Q,1260813,500,193,74.76,74.94,74.58,75.5822,2
L,1260813,600,194,74.83,74.89,74.33,U,0,74.9252
L,1260813,600,194,74.83,74.89,74.33,U,1,75.0877
L,1260813,600,194,74.83,74.89,74.33,U,2,75.0559
L,1260813,600,194,74.83,74.89,74.33,U,3,75.5700
L,1260813,600,194,74.83,74.89,74.33,U,4,74.1300
L,1260813,600,194,74.83,74.89,74.33,U,5,72.2697
L,1260813,600,194,74.83,74.89,74.33,U,6,72.2758
L,1260813,600,194,74.83,74.89,74.33,U,7,74.0776
L,1260813,600,194,74.83,74.89,74.33,U,8,73.6249
L,1260813,600,194,74.83,74.89,74.33,U,9,72.6133
L,1260813,600,194,74.83,74.89,74.33,U,10,72.5828
L,1260813,600,194,74.83,74.89,74.33,U,11,73.2192
L,1260813,600,194,74.83,74.89,74.33,U,12,73.7127
L,1260813,600,194,74.83,74.89,74.33,U,13,74.7755
L,1260813,600,194,74.83,74.89,74.33,U,14,72.1800
L,1260813,600,194,74.83,74.89,74.33,U,15,71.5800
L,1260813,600,194,74.83,74.89,74.33,U,16,71.4268
L,1260813,600,194,74.83,74.89,74.33,U,17,65.5746
L,1260813,600,194,74.83,74.89,74.33,U,18,61.1300
L,1260813,600,194,74.83,74.89,74.33,U,19,46.8800
L,1260813,600,194,74.83,74.89,74.33,U,20,44.9800
L,1260813,600,194,74.83,74.89,74.33,L,0,74.7200
L,1260813,600,194,74.83,74.89,74.33,L,1,74.7615
L,1260813,600,194,74.83,74.89,74.33,L,2,75.9020
L,1260813,600,194,74.83,74.89,74.33,L,3,75.7596
L,1260813,600,194,74.83,74.89,74.33,L,4,76.2667
L,1260813,600,194,74.83,74.89,74.33,L,5,75.4686
L,1260813,600,194,74.83,74.89,74.33,L,6,75.1701
L,1260813,600,194,74.83,74.89,74.33,L,7,76.8321
L,1260813,600,194,74.83,74.89,74.33,L,8,78.1628
L,1260813,600,194,74.83,74.89,74.33,L,9,79.2661
L,1260813,600,194,74.83,74.89,74.33,L,10,79.9337
L,1260813,600,194,74.83,74.89,74.33,L,11,80.4258
L,1260813,600,194,74.83,74.89,74.33,L,12,82.3959
L,1260813,600,194,74.83,74.89,74.33,L,13,82.7891
L,1260813,600,194,74.83,74.89,74.33,L,14,82.0680
L,1260813,600,194,74.83,74.89,74.33,L,15,83.4668
L,1260813,600,194,74.83,74.89,74.33,L,16,82.3109
L,1260813,600,194,74.83,74.89,74.33,L,17,83.3282
L,1260813,600,194,74.83,74.89,74.33,L,18,83.9050
L,1260813,600,194,74.83,74.89,74.33,L,19,84.4831
L,1260813,600,194,74.83,74.89,74.33,L,20,82.5576
L,1260813,600,194,74.83,74.89,74.33,L,21,84.9342
L,1260813,600,194,74.83,74.89,74.33,L,22,86.6883
L,1260813,600,194,74.83,74.89,74.33,L,23,89.6456
L,1260813,600,194,74.83,74.89,74.33,L,24,94.6041
L,1260813,600,194,74.83,74.89,74.33,L,25,101.0412
L,1260813,600,194,74.83,74.89,74.33,L,26,103.0040
L,1260813,600,194,74.83,74.89,74.33,L,27,97.7370
L,1260813,600,194,74.83,74.89,74.33,L,28,88.2470
L,1260813,600,194,74.83,74.89,74.33,L,29,96.6972
L,1260813,600,194,74.83,74.89,74.33,L,30,128.0805
L,1260813,600,194,74.83,74.89,74.33,L,31,149.3690
L,1260813,600,194,74.83,74.89,74.33,L,32,132.6133
X,1260813,600,194,74.83,74.89,74.33,75.0963
X,1260813,600,194,74.83,74.89,74.33,75.0680
K,1260813,600,194,74.83,74.89,74.33,75.0597,4
Q,1260813,600,194,74.83,74.89,74.33,75.0963,4
L,1260813,700,195,77.03,77.06,74.71,U,0,74.9104
L,1260813,700,195,77.03,77.06,74.71,U,1,75.0746
L,1260813,700,195,77.03,77.06,74.71,U,2,75.0425
L,1260813,700,195,77.03,77.06,74.71,U,3,75.5620
L,1260813,700,195,77.03,77.06,74.71,U,4,74.1068
L,1260813,700,195,77.03,77.06,74.71,U,5,72.2270
L,1260813,700,195,77.03,77.06,74.71,U,6,72.2331
L,1260813,700,195,77.03,77.06,74.71,U,7,74.0539
L,1260813,700,195,77.03,77.06,74.71,U,8,73.5964
L,1260813,700,195,77.03,77.06,74.71,U,9,72.5742
L,1260813,700,195,77.03,77.06,74.71,U,10,72.5433
L,1260813,700,195,77.03,77.06,74.71,U,11,73.1865
L,1260813,700,195,77.03,77.06,74.71,U,12,73.6851
L,1260813,700,195,77.03,77.06,74.71,U,13,74.7591
L,1260813,700,195,77.03,77.06,74.71,U,14,72.1363
L,1260813,700,195,77.03,77.06,74.71,U,15,71.5300
L,1260813,700,195,77.03,77.06,74.71,U,16,71.3752
L,1260813,700,195,77.03,77.06,74.71,U,17,65.4614
L,1260813,700,195,77.03,77.06,74.71,U,18,60.9700
L,1260813,700,195,77.03,77.06,74.71,U,19,46.5700
L,1260813,700,195,77.03,77.06,74.71,U,20,44.6500
L,1260813,700,195,77.03,77.06,74.71,L,0,74.4377
L,1260813,700,195,77.03,77.06,74.71,L,1,74.8300
L,1260813,700,195,77.03,77.06,74.71,L,2,74.8717
L,1260813,700,195,77.03,77.06,74.71,L,3,76.0191
L,1260813,700,195,77.03,77.06,74.71,L,4,75.8758
L,1260813,700,195,77.03,77.06,74.71,L,5,76.3860
L,1260813,700,195,77.03,77.06,74.71,L,6,75.5831
L,1260813,700,195,77.03,77.06,74.71,L,7,75.2828
L,1260813,700,195,77.03,77.06,74.71,L,8,76.9547
L,1260813,700,195,77.03,77.06,74.71,L,9,78.2934
L,1260813,700,195,77.03,77.06,74.71,L,10,79.4033
L,1260813,700,195,77.03,77.06,74.71,L,11,80.0749
L,1260813,700,195,77.03,77.06,74.71,L,12,80.5700
L,1260813,700,195,77.03,77.06,74.71,L,13,82.5518
L,1260813,700,195,77.03,77.06,74.71,L,14,82.9474
L,1260813,700,195,77.03,77.06,74.71,L,15,82.2220
L,1260813,700,195,77.03,77.06,74.71,L,16,83.6292
L,1260813,700,195,77.03,77.06,74.71,L,17,82.4664
L,1260813,700,195,77.03,77.06,74.71,L,18,83.4898
L,1260813,700,195,77.03,77.06,74.71,L,19,84.0700
L,1260813,700,195,77.03,77.06,74.71,L,20,84.6515
L,1260813,700,195,77.03,77.06,74.71,L,21,82.7145
L,1260813,700,195,77.03,77.06,74.71,L,22,85.1053
L,1260813,700,195,77.03,77.06,74.71,L,23,86.8700
L,1260813,700,195,77.03,77.06,74.71,L,24,89.8450
L,1260813,700,195,77.03,77.06,74.71,L,25,94.8332
L,1260813,700,195,77.03,77.06,74.71,L,26,101.3088
L,1260813,700,195,77.03,77.06,74.71,L,27,103.2833
L,1260813,700,195,77.03,77.06,74.71,L,28,97.9848
L,1260813,700,195,77.03,77.06,74.71,L,29,88.4380
L,1260813,700,195,77.03,77.06,74.71,L,30,96.9388
L,1260813,700,195,77.03,77.06,74.71,L,31,128.5100
L,1260813,700,195,77.03,77.06,74.71,L,32,149.9260
L,1260813,700,195,77.03,77.06,74.71,L,33,133.0700
X,1260813,700,195,77.03,77.06,74.71,75.5634
X,1260813,700,195,77.03,77.06,74.71,74.7683
X,1260813,700,195,77.03,77.06,74.71,74.7736
Q,1260813,700,195,77.03,77.06,74.71,75.5634,3
L,1260813,800,196,77.21,77.71,76.88,U,0,74.8956
L,1260813,800,196,77.21,77.71,76.88,U,1,75.0615
L,1260813,800,196,77.21,77.71,76.88,U,2,75.0291
L,1260813,800,196,77.21,77.71,76.88,U,3,75.5540
L,1260813,800,196,77.21,77.71,76.88,U,4,74.0837
L,1260813,800,196,77.21,77.71,76.88,U,5,72.1842
L,1260813,800,196,77.21,77.71,76.88,U,6,72.1904
L,1260813,800,196,77.21,77.71,76.88,U,7,74.0302
L,1260813,800,196,77.21,77.71,76.88,U,8,73.5680
L,1260813,800,196,77.21,77.71,76.88,U,9,72.5351
L,1260813,800,196,77.21,77.71,76.88,U,10,72.5039
L,1260813,800,196,77.21,77.71,76.88,U,11,73.1537
L,1260813,800,196,77.21,77.71,76.88,U,12,73.6576
L,1260813,800,196,77.21,77.71,76.88,U,13,74.7427
L,1260813,800,196,77.21,77.71,76.88,U,14,72.0926
L,1260813,800,196,77.21,77.71,76.88,U,15,71.4800
L,1260813,800,196,77.21,77.71,76.88,U,16,71.3235
L,1260813,800,196,77.21,77.71,76.88,U,17,65.3482
L,1260813,800,196,77.21,77.71,76.88,U,18,60.8100
L,1260813,800,196,77.21,77.71,76.88,U,19,46.2600
L,1260813,800,196,77.21,77.71,76.88,U,20,44.3200
L,1260813,800,196,77.21,77.71,76.88,L,0,74.5453
L,1260813,800,196,77.21,77.71,76.88,L,1,74.9400
L,1260813,800,196,77.21,77.71,76.88,L,2,74.9820
L,1260813,800,196,77.21,77.71,76.88,L,3,76.1362
L,1260813,800,196,77.21,77.71,76.88,L,4,75.9921
L,1260813,800,196,77.21,77.71,76.88,L,5,76.5052
L,1260813,800,196,77.21,77.71,76.88,L,6,75.6976
L,1260813,800,196,77.21,77.71,76.88,L,7,75.3955
L,1260813,800,196,77.21,77.71,76.88,L,8,77.0774
L,1260813,800,196,77.21,77.71,76.88,L,9,78.4240
L,1260813,800,196,77.21,77.71,76.88,L,10,79.5406
L,1260813,800,196,77.21,77.71,76.88,L,11,80.2161
L,1260813,800,196,77.21,77.71,76.88,L,12,80.7142
L,1260813,800,196,77.21,77.71,76.88,L,13,82.7078
L,1260813,800,196,77.21,77.71,76.88,L,14,83.1057
L,1260813,800,196,77.21,77.71,76.88,L,15,82.3760
L,1260813,800,196,77.21,77.71,76.88,L,16,83.7916
L,1260813,800,196,77.21,77.71,76.88,L,17,82.6218
L,1260813,800,196,77.21,77.71,76.88,L,18,83.6513
L,1260813,800,196,77.21,77.71,76.88,L,19,84.2350
L,1260813,800,196,77.21,77.71,76.88,L,20,84.8200
L,1260813,800,196,77.21,77.71,76.88,L,21,82.8715
L,1260813,800,196,77.21,77.71,76.88,L,22,85.2765
L,1260813,800,196,77.21,77.71,76.88,L,23,87.0517
L,1260813,800,196,77.21,77.71,76.88,L,24,90.0444
L,1260813,800,196,77.21,77.71,76.88,L,25,95.0623
L,1260813,800,196,77.21,77.71,76.88,L,26,101.5764
L,1260813,800,196,77.21,77.71,76.88,L,27,103.5627
L,1260813,800,196,77.21,77.71,76.88,L,28,98.2326
L,1260813,800,196,77.21,77.71,76.88,L,29,88.6290
L,1260813,800,196,77.21,77.71,76.88,L,30,97.1804
L,1260813,800,196,77.21,77.71,76.88,L,31,128.9395
L,1260813,800,196,77.21,77.71,76.88,L,32,150.4830
L,1260813,800,196,77.21,77.71,76.88,L,33,133.5267
X,1260813,800,196,77.21,77.71,76.88,74.9009
X,1260813,800,196,77.21,77.71,76.88,74.9059
K,1260813,800,196,77.21,77.71,76.88,75.5490,3
Q,1260813,800,196,77.21,77.71,76.88,74.9009,6
A,1260813,900,197,76.59,77.51,76.51,U,196,77.7100
L,1260813,900,197,76.59,77.51,76.51,L,0,74.6530
L,1260813,900,197,76.59,77.51,76.51,L,1,75.0500
L,1260813,900,197,76.59,77.51,76.51,L,2,75.0922
L,1260813,900,197,76.59,77.51,76.51,L,3,76.2532
L,1260813,900,197,76.59,77.51,76.51,L,4,76.1083
L,1260813,900,197,76.59,77.51,76.51,L,5,76.6245
L,1260813,900,197,76.59,77.51,76.51,L,6,75.8121
L,1260813,900,197,76.59,77.51,76.51,L,7,75.5082
L,1260813,900,197,76.59,77.51,76.51,L,8,77.2000
L,1260813,900,197,76.59,77.51,76.51,L,9,78.5546
L,1260813,900,197,76.59,77.51,76.51,L,10,79.6778
L,1260813,900,197,76.59,77.51,76.51,L,11,80.3573
L,1260813,900,197,76.59,77.51,76.51,L,12,80.8583
L,1260813,900,197,76.59,77.51,76.51,L,13,82.8638
L,1260813,900,197,76.59,77.51,76.51,L,14,83.2640
L,1260813,900,197,76.59,77.51,76.51,L,15,82.5300
L,1260813,900,197,76.59,77.51,76.51,L,16,83.9540
L,1260813,900,197,76.59,77.51,76.51,L,17,82.7773
L,1260813,900,197,76.59,77.51,76.51,L,18,83.8129
L,1260813,900,197,76.59,77.51,76.51,L,19,84.4000
L,1260813,900,197,76.59,77.51,76.51,L,20,84.9885
L,1260813,900,197,76.59,77.51,76.51,L,21,83.0284
L,1260813,900,197,76.59,77.51,76.51,L,22,85.4477
L,1260813,900,197,76.59,77.51,76.51,L,23,87.2333
L,1260813,900,197,76.59,77.51,76.51,L,24,90.2437
L,1260813,900,197,76.59,77.51,76.51,L,25,95.2913
L,1260813,900,197,76.59,77.51,76.51,L,26,101.8440
L,1260813,900,197,76.59,77.51,76.51,L,27,103.8421
L,1260813,900,197,76.59,77.51,76.51,L,28,98.4804
L,1260813,900,197,76.59,77.51,76.51,L,29,88.8200
L,1260813,900,197,76.59,77.51,76.51,L,30,97.4220
L,1260813,900,197,76.59,77.51,76.51,L,31,129.3690
L,1260813,900,197,76.59,77.51,76.51,L,32,151.0400
L,1260813,900,197,76.59,77.51,76.51,L,33,133.9833
L,1260813,1000,198,77.17,77.24,76.59,L,0,76.6286
L,1260813,1000,198,77.17,77.24,76.59,L,1,74.7607
L,1260813,1000,198,77.17,77.24,76.59,L,2,75.1600
L,1260813,1000,198,77.17,77.24,76.59,L,3,75.2025
L,1260813,1000,198,77.17,77.24,76.59,L,4,76.3703
L,1260813,1000,198,77.17,77.24,76.59,L,5,76.2245
L,1260813,1000,198,77.17,77.24,76.59,L,6,76.7438
L,1260813,1000,198,77.17,77.24,76.59,L,7,75.9266
L,1260813,1000,198,77.17,77.24,76.59,L,8,75.6209
L,1260813,1000,198,77.17,77.24,76.59,L,9,77.3226
L,1260813,1000,198,77.17,77.24,76.59,L,10,78.6852
L,1260813,1000,198,77.17,77.24,76.59,L,11,79.8150
L,1260813,1000,198,77.17,77.24,76.59,L,12,80.4985
L,1260813,1000,198,77.17,77.24,76.59,L,13,81.0025
L,1260813,1000,198,77.17,77.24,76.59,L,14,83.0197
L,1260813,1000,198,77.17,77.24,76.59,L,15,83.4223
L,1260813,1000,198,77.17,77.24,76.59,L,16,82.6840
L,1260813,1000,198,77.17,77.24,76.59,L,17,84.1163
L,1260813,1000,198,77.17,77.24,76.59,L,18,82.9327
L,1260813,1000,198,77.17,77.24,76.59,L,19,83.9744
L,1260813,1000,198,77.17,77.24,76.59,L,20,84.5650
L,1260813,1000,198,77.17,77.24,76.59,L,21,85.1569
L,1260813,1000,198,77.17,77.24,76.59,L,22,83.1853
L,1260813,1000,198,77.17,77.24,76.59,L,23,85.6188
L,1260813,1000,198,77.17,77.24,76.59,L,24,87.4150
L,1260813,1000,198,77.17,77.24,76.59,L,25,90.4431
L,1260813,1000,198,77.17,77.24,76.59,L,26,95.5204
L,1260813,1000,198,77.17,77.24,76.59,L,27,102.1116
L,1260813,1000,198,77.17,77.24,76.59,L,28,104.1214
L,1260813,1000,198,77.17,77.24,76.59,L,29,98.7283
L,1260813,1000,198,77.17,77.24,76.59,L,30,89.0110
L,1260813,1000,198,77.17,77.24,76.59,L,31,97.6636
L,1260813,1000,198,77.17,77.24,76.59,L,32,129.7986
L,1260813,1000,198,77.17,77.24,76.59,L,33,151.5970
L,1260813,1000,198,77.17,77.24,76.59,L,34,134.4400
L,1260813,1100,199,77.26,77.59,77.17,L,0,76.7472
L,1260813,1100,199,77.26,77.59,77.17,L,1,74.8683
L,1260813,1100,199,77.26,77.59,77.17,L,2,75.2700
L,1260813,1100,199,77.26,77.59,77.17,L,3,75.3127
L,1260813,1100,199,77.26,77.59,77.17,L,4,76.4874
L,1260813,1100,199,77.26,77.59,77.17,L,5,76.3407
L,1260813,1100,199,77.26,77.59,77.17,L,6,76.8630
L,1260813,1100,199,77.26,77.59,77.17,L,7,76.0410
L,1260813,1100,199,77.26,77.59,77.17,L,8,75.7335
L,1260813,1100,199,77.26,77.59,77.17,L,9,77.4453
L,1260813,1100,199,77.26,77.59,77.17,L,10,78.8158
L,1260813,1100,199,77.26,77.59,77.17,L,11,79.9522
L,1260813,1100,199,77.26,77.59,77.17,L,12,80.6398
L,1260813,1100,199,77.26,77.59,77.17,L,13,81.1467
L,1260813,1100,199,77.26,77.59,77.17,L,14,83.1757
L,1260813,1100,199,77.26,77.59,77.17,L,15,83.5807
L,1260813,1100,199,77.26,77.59,77.17,L,16,82.8380
L,1260813,1100,199,77.26,77.59,77.17,L,17,84.2787
L,1260813,1100,199,77.26,77.59,77.17,L,18,83.0882
L,1260813,1100,199,77.26,77.59,77.17,L,19,84.1360
L,1260813,1100,199,77.26,77.59,77.17,L,20,84.7300
L,1260813,1100,199,77.26,77.59,77.17,L,21,85.3254
L,1260813,1100,199,77.26,77.59,77.17,L,22,83.3423
L,1260813,1100,199,77.26,77.59,77.17,L,23,85.7900
L,1260813,1100,199,77.26,77.59,77.17,L,24,87.5967
L,1260813,1100,199,77.26,77.59,77.17,L,25,90.6425
L,1260813,1100,199,77.26,77.59,77.17,L,26,95.7495
L,1260813,1100,199,77.26,77.59,77.17,L,27,102.3793
L,1260813,1100,199,77.26,77.59,77.17,L,28,104.4008
L,1260813,1100,199,77.26,77.59,77.17,L,29,98.9761
L,1260813,1100,199,77.26,77.59,77.17,L,30,89.2020
L,1260813,1100,199,77.26,77.59,77.17,L,31,97.9052
L,1260813,1100,199,77.26,77.59,77.17,L,32,130.2281
L,1260813,1100,199,77.26,77.59,77.17,L,33,152.1540
L,1260813,1100,199,77.26,77.59,77.17,L,34,134.8967
L,1260813,1200,200,77.57,77.57,77.08,U,0,77.5500
L,1260813,1200,200,77.57,77.57,77.08,L,0,76.8658
L,1260813,1200,200,77.57,77.57,77.08,L,1,74.9760
L,1260813,1200,200,77.57,77.57,77.08,L,2,75.3800
L,1260813,1200,200,77.57,77.57,77.08,L,3,75.4230
L,1260813,1200,200,77.57,77.57,77.08,L,4,76.6045
L,1260813,1200,200,77.57,77.57,77.08,L,5,76.4570
L,1260813,1200,200,77.57,77.57,77.08,L,6,76.9823
L,1260813,1200,200,77.57,77.57,77.08,L,7,76.1555
L,1260813,1200,200,77.57,77.57,77.08,L,8,75.8462
L,1260813,1200,200,77.57,77.57,77.08,L,9,77.5679
L,1260813,1200,200,77.57,77.57,77.08,L,10,78.9465
L,1260813,1200,200,77.57,77.57,77.08,L,11,80.0894
L,1260813,1200,200,77.57,77.57,77.08,L,12,80.7810
L,1260813,1200,200,77.57,77.57,77.08,L,13,81.2908
L,1260813,1200,200,77.57,77.57,77.08,L,14,83.3317
L,1260813,1200,200,77.57,77.57,77.08,L,15,83.7390
L,1260813,1200,200,77.57,77.57,77.08,L,16,82.9920
L,1260813,1200,200,77.57,77.57,77.08,L,17,84.4411
L,1260813,1200,200,77.57,77.57,77.08,L,18,83.2436
L,1260813,1200,200,77.57,77.57,77.08,L,19,84.2975
L,1260813,1200,200,77.57,77.57,77.08,L,20,84.8950
L,1260813,1200,200,77.57,77.57,77.08,L,21,85.4938
L,1260813,1200,200,77.57,77.57,77.08,L,22,83.4992
L,1260813,1200,200,77.57,77.57,77.08,L,23,85.9612
L,1260813,1200,200,77.57,77.57,77.08,L,24,87.7783
L,1260813,1200,200,77.57,77.57,77.08,L,25,90.8419
L,1260813,1200,200,77.57,77.57,77.08,L,26,95.9785
L,1260813,1200,200,77.57,77.57,77.08,L,27,102.6469
L,1260813,1200,200,77.57,77.57,77.08,L,28,104.6802
L,1260813,1200,200,77.57,77.57,77.08,L,29,99.2239
L,1260813,1200,200,77.57,77.57,77.08,L,30,89.3930
L,1260813,1200,200,77.57,77.57,77.08,L,31,98.1468
L,1260813,1200,200,77.57,77.57,77.08,L,32,130.6576
L,1260813,1200,200,77.57,77.57,77.08,L,33,152.7110
L,1260813,1200,200,77.57,77.57,77.08,L,34,135.3533
X,1260813,1200,200,77.57,77.57,77.08,77.5544
L,1260813,1300,201,77.18,77.77,77.00,U,0,77.5100
L,1260813,1300,201,77.18,77.77,77.00,L,0,76.9844
L,1260813,1300,201,77.18,77.77,77.00,L,1,75.0837
L,1260813,1300,201,77.18,77.77,77.00,L,2,75.4900
L,1260813,1300,201,77.18,77.77,77.00,L,3,75.5332
L,1260813,1300,201,77.18,77.77,77.00,L,4,76.7216
L,1260813,1300,201,77.18,77.77,77.00,L,5,76.5732
L,1260813,1300,201,77.18,77.77,77.00,L,6,77.1015
L,1260813,1300,201,77.18,77.77,77.00,L,7,76.2700
L,1260813,1300,201,77.18,77.77,77.00,L,8,75.9589
L,1260813,1300,201,77.18,77.77,77.00,L,9,77.6906
L,1260813,1300,201,77.18,77.77,77.00,L,10,79.0771
L,1260813,1300,201,77.18,77.77,77.00,L,11,80.2267
L,1260813,1300,201,77.18,77.77,77.00,L,12,80.9222
L,1260813,1300,201,77.18,77.77,77.00,L,13,81.4350
L,1260813,1300,201,77.18,77.77,77.00,L,14,83.4876
L,1260813,1300,201,77.18,77.77,77.00,L,15,83.8973
L,1260813,1300,201,77.18,77.77,77.00,L,16,83.1460
L,1260813,1300,201,77.18,77.77,77.00,L,17,84.6035
L,1260813,1300,201,77.18,77.77,77.00,L,18,83.3991
L,1260813,1300,201,77.18,77.77,77.00,L,19,84.4591
L,1260813,1300,201,77.18,77.77,77.00,L,20,85.0600
L,1260813,1300,201,77.18,77.77,77.00,L,21,85.6623
L,1260813,1300,201,77.18,77.77,77.00,L,22,83.6561
L,1260813,1300,201,77.18,77.77,77.00,L,23,86.1323
L,1260813,1300,201,77.18,77.77,77.00,L,24,87.9600
L,1260813,1300,201,77.18,77.77,77.00,L,25,91.0412
L,1260813,1300,201,77.18,77.77,77.00,L,26,96.2076
L,1260813,1300,201,77.18,77.77,77.00,L,27,102.9145
L,1260813,1300,201,77.18,77.77,77.00,L,28,104.9595
L,1260813,1300,201,77.18,77.77,77.00,L,29,99.4717
L,1260813,1300,201,77.18,77.77,77.00,L,30,89.5840
L,1260813,1300,201,77.18,77.77,77.00,L,31,98.3884
L,1260813,1300,201,77.18,77.77,77.00,L,32,131.0871
L,1260813,1300,201,77.18,77.77,77.00,L,33,153.2680
L,1260813,1300,201,77.18,77.77,77.00,L,34,135.8100
A,1260813,1400,202,77.32,77.34,76.77,U,201,77.7700
L,1260813,1400,202,77.32,77.34,76.77,L,0,77.1029
L,1260813,1400,202,77.32,77.34,76.77,L,1,75.1913
L,1260813,1400,202,77.32,77.34,76.77,L,2,75.6000
L,1260813,1400,202,77.32,77.34,76.77,L,3,75.6435
L,1260813,1400,202,77.32,77.34,76.77,L,4,76.8386
L,1260813,1400,202,77.32,77.34,76.77,L,5,76.6894
L,1260813,1400,202,77.32,77.34,76.77,L,6,77.2208
L,1260813,1400,202,77.32,77.34,76.77,L,7,76.3845
L,1260813,1400,202,77.32,77.34,76.77,L,8,76.0716
L,1260813,1400,202,77.32,77.34,76.77,L,9,77.8132
L,1260813,1400,202,77.32,77.34,76.77,L,10,79.2077
L,1260813,1400,202,77.32,77.34,76.77,L,11,80.3639
L,1260813,1400,202,77.32,77.34,76.77,L,12,81.0634
L,1260813,1400,202,77.32,77.34,76.77,L,13,81.5792
L,1260813,1400,202,77.32,77.34,76.77,L,14,83.6436
L,1260813,1400,202,77.32,77.34,76.77,L,15,84.0556
L,1260813,1400,202,77.32,77.34,76.77,L,16,83.3000
L,1260813,1400,202,77.32,77.34,76.77,L,17,84.7658
L,1260813,1400,202,77.32,77.34,76.77,L,18,83.5545
L,1260813,1400,202,77.32,77.34,76.77,L,19,84.6206
L,1260813,1400,202,77.32,77.34,76.77,L,20,85.2250
L,1260813,1400,202,77.32,77.34,76.77,L,21,85.8308
L,1260813,1400,202,77.32,77.34,76.77,L,22,83.8131
L,1260813,1400,202,77.32,77.34,76.77,L,23,86.3035
L,1260813,1400,202,77.32,77.34,76.77,L,24,88.1417
L,1260813,1400,202,77.32,77.34,76.77,L,25,91.2406
L,1260813,1400,202,77.32,77.34,76.77,L,26,96.4367
L,1260813,1400,202,77.32,77.34,76.77,L,27,103.1821
L,1260813,1400,202,77.32,77.34,76.77,L,28,105.2389
L,1260813,1400,202,77.32,77.34,76.77,L,29,99.7196
L,1260813,1400,202,77.32,77.34,76.77,L,30,89.7750
L,1260813,1400,202,77.32,77.34,76.77,L,31,98.6300
L,1260813,1400,202,77.32,77.34,76.77,L,32,131.5167
L,1260813,1400,202,77.32,77.34,76.77,L,33,153.8250
L,1260813,1400,202,77.32,77.34,76.77,L,34,136.2667
L,1260813,1500,203,77.35,77.42,77.25,L,0,76.8867
L,1260813,1500,203,77.35,77.42,77.25,L,1,77.2215
L,1260813,1500,203,77.35,77.42,77.25,L,2,75.2990
L,1260813,1500,203,77.35,77.42,77.25,L,3,75.7100
L,1260813,1500,203,77.35,77.42,77.25,L,4,75.7537
L,1260813,1500,203,77.35,77.42,77.25,L,5,76.9557
L,1260813,1500,203,77.35,77.42,77.25,L,6,76.8056
L,1260813,1500,203,77.35,77.42,77.25,L,7,77.3401
L,1260813,1500,203,77.35,77.42,77.25,L,8,76.4990
L,1260813,1500,203,77.35,77.42,77.25,L,9,76.1843
L,1260813,1500,203,77.35,77.42,77.25,L,10,77.9359
L,1260813,1500,203,77.35,77.42,77.25,L,11,79.3383
L,1260813,1500,203,77.35,77.42,77.25,L,12,80.5011
L,1260813,1500,203,77.35,77.42,77.25,L,13,81.2046
L,1260813,1500,203,77.35,77.42,77.25,L,14,81.7233
L,1260813,1500,203,77.35,77.42,77.25,L,15,83.7995
L,1260813,1500,203,77.35,77.42,77.25,L,16,84.2139
L,1260813,1500,203,77.35,77.42,77.25,L,17,83.4540
L,1260813,1500,203,77.35,77.42,77.25,L,18,84.9282
L,1260813,1500,203,77.35,77.42,77.25,L,19,83.7100
L,1260813,1500,203,77.35,77.42,77.25,L,20,84.7822
L,1260813,1500,203,77.35,77.42,77.25,L,21,85.3900
L,1260813,1500,203,77.35,77.42,77.25,L,22,85.9992
L,1260813,1500,203,77.35,77.42,77.25,L,23,83.9700
L,1260813,1500,203,77.35,77.42,77.25,L,24,86.4747
L,1260813,1500,203,77.35,77.42,77.25,L,25,88.3233
L,1260813,1500,203,77.35,77.42,77.25,L,26,91.4400
L,1260813,1500,203,77.35,77.42,77.25,L,27,96.6657
L,1260813,1500,203,77.35,77.42,77.25,L,28,103.4497
L,1260813,1500,203,77.35,77.42,77.25,L,29,105.5183
L,1260813,1500,203,77.35,77.42,77.25,L,30,99.9674
L,1260813,1500,203,77.35,77.42,77.25,L,31,89.9660
L,1260813,1500,203,77.35,77.42,77.25,L,32,98.8716
L,1260813,1500,203,77.35,77.42,77.25,L,33,131.9462
L,1260813,1500,203,77.35,77.42,77.25,L,34,154.3820
L,1260813,1500,203,77.35,77.42,77.25,L,35,136.7233
K,1260813,1500,203,77.35,77.42,77.25,76.8827,3
L,1260813,1600,204,77.25,77.32,77.13,U,0,77.2450
L,1260813,1600,204,77.25,77.32,77.13,L,0,77.0034
L,1260813,1600,204,77.25,77.32,77.13,L,1,77.3401
L,1260813,1600,204,77.25,77.32,77.13,L,2,75.4066
L,1260813,1600,204,77.25,77.32,77.13,L,3,75.8200
L,1260813,1600,204,77.25,77.32,77.13,L,4,75.8640
L,1260813,1600,204,77.25,77.32,77.13,L,5,77.0728
L,1260813,1600,204,77.25,77.32,77.13,L,6,76.9219
L,1260813,1600,204,77.25,77.32,77.13,L,7,77.4593
L,1260813,1600,204,77.25,77.32,77.13,L,8,76.6134
L,1260813,1600,204,77.25,77.32,77.13,L,9,76.2970
L,1260813,1600,204,77.25,77.32,77.13,L,10,78.0585
L,1260813,1600,204,77.25,77.32,77.13,L,11,79.4689
L,1260813,1600,204,77.25,77.32,77.13,L,12,80.6383
L,1260813,1600,204,77.25,77.32,77.13,L,13,81.3459
L,1260813,1600,204,77.25,77.32,77.13,L,14,81.8675
L,1260813,1600,204,77.25,77.32,77.13,L,15,83.9555
L,1260813,1600,204,77.25,77.32,77.13,L,16,84.3722
L,1260813,1600,204,77.25,77.32,77.13,L,17,83.6080
L,1260813,1600,204,77.25,77.32,77.13,L,18,85.0906
L,1260813,1600,204,77.25,77.32,77.13,L,19,83.8655
L,1260813,1600,204,77.25,77.32,77.13,L,20,84.9437
L,1260813,1600,204,77.25,77.32,77.13,L,21,85.5550
L,1260813,1600,204,77.25,77.32,77.13,L,22,86.1677
L,1260813,1600,204,77.25,77.32,77.13,L,23,84.1269
L,1260813,1600,204,77.25,77.32,77.13,L,24,86.6458
L,1260813,1600,204,77.25,77.32,77.13,L,25,88.5050
L,1260813,1600,204,77.25,77.32,77.13,L,26,91.6394
L,1260813,1600,204,77.25,77.32,77.13,L,27,96.8948
L,1260813,1600,204,77.25,77.32,77.13,L,28,103.7173
L,1260813,1600,204,77.25,77.32,77.13,L,29,105.7976
L,1260813,1600,204,77.25,77.32,77.13,L,30,100.2152
L,1260813,1600,204,77.25,77.32,77.13,L,31,90.1570
L,1260813,1600,204,77.25,77.32,77.13,L,32,99.1132
L,1260813,1600,204,77.25,77.32,77.13,L,33,132.3757
L,1260813,1600,204,77.25,77.32,77.13,L,34,154.9390
L,1260813,1600,204,77.25,77.32,77.13,L,35,137.1800
X,1260813,1600,204,77.25,77.32,77.13,77.3017
X,1260813,1600,204,77.25,77.32,77.13,77.3725
K,1260813,1600,204,77.25,77.32,77.13,77.2793,4
Q,1260813,1600,204,77.25,77.32,77.13,77.3017,2
L,1260813,1700,205,77.25,77.40,77.17,U,0,77.0700
L,1260813,1700,205,77.25,77.40,77.17,L,0,77.2474
L,1260813,1700,205,77.25,77.40,77.17,L,1,77.1201
L,1260813,1700,205,77.25,77.40,77.17,L,2,77.4587
L,1260813,1700,205,77.25,77.40,77.17,L,3,75.5143
L,1260813,1700,205,77.25,77.40,77.17,L,4,75.9300
L,1260813,1700,205,77.25,77.40,77.17,L,5,75.9742
L,1260813,1700,205,77.25,77.40,77.17,L,6,77.1899
L,1260813,1700,205,77.25,77.40,77.17,L,7,77.0381
L,1260813,1700,205,77.25,77.40,77.17,L,8,77.5786
L,1260813,1700,205,77.25,77.40,77.17,L,9,76.7279
L,1260813,1700,205,77.25,77.40,77.17,L,10,76.4097
L,1260813,1700,205,77.25,77.40,77.17,L,11,78.1812
L,1260813,1700,205,77.25,77.40,77.17,L,12,79.5995
L,1260813,1700,205,77.25,77.40,77.17,L,13,80.7756
L,1260813,1700,205,77.25,77.40,77.17,L,14,81.4871
L,1260813,1700,205,77.25,77.40,77.17,L,15,82.0117
L,1260813,1700,205,77.25,77.40,77.17,L,16,84.1115
L,1260813,1700,205,77.25,77.40,77.17,L,17,84.5306
L,1260813,1700,205,77.25,77.40,77.17,L,18,83.7620
L,1260813,1700,205,77.25,77.40,77.17,L,19,85.2530
L,1260813,1700,205,77.25,77.40,77.17,L,20,84.0209
L,1260813,1700,205,77.25,77.40,77.17,L,21,85.1053
L,1260813,1700,205,77.25,77.40,77.17,L,22,85.7200
L,1260813,1700,205,77.25,77.40,77.17,L,23,86.3362
L,1260813,1700,205,77.25,77.40,77.17,L,24,84.2839
L,1260813,1700,205,77.25,77.40,77.17,L,25,86.8170
L,1260813,1700,205,77.25,77.40,77.17,L,26,88.6867
L,1260813,1700,205,77.25,77.40,77.17,L,27,91.8387
L,1260813,1700,205,77.25,77.40,77.17,L,28,97.1239
L,1260813,1700,205,77.25,77.40,77.17,L,29,103.9849
L,1260813,1700,205,77.25,77.40,77.17,L,30,106.0770
L,1260813,1700,205,77.25,77.40,77.17,L,31,100.4630
L,1260813,1700,205,77.25,77.40,77.17,L,32,90.3480
L,1260813,1700,205,77.25,77.40,77.17,L,33,99.3548
L,1260813,1700,205,77.25,77.40,77.17,L,34,132.8052
L,1260813,1700,205,77.25,77.40,77.17,L,35,155.4960
L,1260813,1700,205,77.25,77.40,77.17,L,36,137.6367
X,1260813,1700,205,77.25,77.40,77.17,77.1762
X,1260813,1700,205,77.25,77.40,77.17,77.1000
X,1260813,1700,205,77.25,77.40,77.17,77.1418
K,1260813,1700,205,77.25,77.40,77.17,77.1874,6
Q,1260813,1700,205,77.25,77.40,77.17,77.1762,5
L,1260814,200,206,77.40,77.53,76.68,U,0,76.8950
L,1260814,200,206,77.40,77.53,76.68,L,0,77.3648
L,1260814,200,206,77.40,77.53,76.68,L,1,77.2367
L,1260814,200,206,77.40,77.53,76.68,L,2,77.5773
L,1260814,200,206,77.40,77.53,76.68,L,3,75.6220
L,1260814,200,206,77.40,77.53,76.68,L,4,76.0400
L,1260814,200,206,77.40,77.53,76.68,L,5,76.0845
L,1260814,200,206,77.40,77.53,76.68,L,6,77.3069
L,1260814,200,206,77.40,77.53,76.68,L,7,77.1543
L,1260814,200,206,77.40,77.53,76.68,L,8,77.6979
L,1260814,200,206,77.40,77.53,76.68,L,9,76.8424
L,1260814,200,206,77.40,77.53,76.68,L,10,76.5224
L,1260814,200,206,77.40,77.53,76.68,L,11,78.3038
L,1260814,200,206,77.40,77.53,76.68,L,12,79.7302
L,1260814,200,206,77.40,77.53,76.68,L,13,80.9128
L,1260814,200,206,77.40,77.53,76.68,L,14,81.6283
L,1260814,200,206,77.40,77.53,76.68,L,15,82.1558
L,1260814,200,206,77.40,77.53,76.68,L,16,84.2674
L,1260814,200,206,77.40,77.53,76.68,L,17,84.6889
L,1260814,200,206,77.40,77.53,76.68,L,18,83.9160
L,1260814,200,206,77.40,77.53,76.68,L,19,85.4153
L,1260814,200,206,77.40,77.53,76.68,L,20,84.1764
L,1260814,200,206,77.40,77.53,76.68,L,21,85.2668
L,1260814,200,206,77.40,77.53,76.68,L,22,85.8850
L,1260814,200,206,77.40,77.53,76.68,L,23,86.5046
L,1260814,200,206,77.40,77.53,76.68,L,24,84.4408
L,1260814,200,206,77.40,77.53,76.68,L,25,86.9881
L,1260814,200,206,77.40,77.53,76.68,L,26,88.8683
L,1260814,200,206,77.40,77.53,76.68,L,27,92.0381
L,1260814,200,206,77.40,77.53,76.68,L,28,97.3529
L,1260814,200,206,77.40,77.53,76.68,L,29,104.2525
L,1260814,200,206,77.40,77.53,76.68,L,30,106.3563
L,1260814,200,206,77.40,77.53,76.68,L,31,100.7109
L,1260814,200,206,77.40,77.53,76.68,L,32,90.5390
L,1260814,200,206,77.40,77.53,76.68,L,33,99.5964
L,1260814,200,206,77.40,77.53,76.68,L,34,133.2348
L,1260814,200,206,77.40,77.53,76.68,L,35,156.0530
L,1260814,200,206,77.40,77.53,76.68,L,36,138.0933
X,1260814,200,206,77.40,77.53,76.68,77.0508
K,1260814,200,206,77.40,77.53,76.68,77.3280,5
Q,1260814,200,206,77.40,77.53,76.68,77.0508,6
L,1260814,300,207,77.51,77.51,77.29,U,0,77.4820
L,1260814,300,207,77.51,77.51,77.29,U,1,76.7200
L,1260814,300,207,77.51,77.51,77.29,L,0,76.7936
L,1260814,300,207,77.51,77.51,77.29,L,1,77.4822
L,1260814,300,207,77.51,77.51,77.29,L,2,77.3534
L,1260814,300,207,77.51,77.51,77.29,L,3,77.6959
L,1260814,300,207,77.51,77.51,77.29,L,4,75.7296
L,1260814,300,207,77.51,77.51,77.29,L,5,76.1500
L,1260814,300,207,77.51,77.51,77.29,L,6,76.1947
L,1260814,300,207,77.51,77.51,77.29,L,7,77.4240
L,1260814,300,207,77.51,77.51,77.29,L,8,77.2705
L,1260814,300,207,77.51,77.51,77.29,L,9,77.8171
L,1260814,300,207,77.51,77.51,77.29,L,10,76.9569
L,1260814,300,207,77.51,77.51,77.29,L,11,76.6351
L,1260814,300,207,77.51,77.51,77.29,L,12,78.4265
L,1260814,300,207,77.51,77.51,77.29,L,13,79.8608
L,1260814,300,207,77.51,77.51,77.29,L,14,81.0500
L,1260814,300,207,77.51,77.51,77.29,L,15,81.7695
L,1260814,300,207,77.51,77.51,77.29,L,16,82.3000
L,1260814,300,207,77.51,77.51,77.29,L,17,84.4234
L,1260814,300,207,77.51,77.51,77.29,L,18,84.8472
L,1260814,300,207,77.51,77.51,77.29,L,19,84.0700
L,1260814,300,207,77.51,77.51,77.29,L,20,85.5777
L,1260814,300,207,77.51,77.51,77.29,L,21,84.3318
L,1260814,300,207,77.51,77.51,77.29,L,22,85.4284
L,1260814,300,207,77.51,77.51,77.29,L,23,86.0500
L,1260814,300,207,77.51,77.51,77.29,L,24,86.6731
L,1260814,300,207,77.51,77.51,77.29,L,25,84.5977
L,1260814,300,207,77.51,77.51,77.29,L,26,87.1593
L,1260814,300,207,77.51,77.51,77.29,L,27,89.0500
L,1260814,300,207,77.51,77.51,77.29,L,28,92.2375
L,1260814,300,207,77.51,77.51,77.29,L,29,97.5820
L,1260814,300,207,77.51,77.51,77.29,L,30,104.5201
L,1260814,300,207,77.51,77.51,77.29,L,31,106.6357
L,1260814,300,207,77.51,77.51,77.29,L,32,100.9587
L,1260814,300,207,77.51,77.51,77.29,L,33,90.7300
L,1260814,300,207,77.51,77.51,77.29,L,34,99.8380
L,1260814,300,207,77.51,77.51,77.29,L,35,133.6643
L,1260814,300,207,77.51,77.51,77.29,L,36,156.6100
L,1260814,300,207,77.51,77.51,77.29,L,37,138.5500
X,1260814,300,207,77.51,77.51,77.29,77.4821
X,1260814,300,207,77.51,77.51,77.29,76.7646
X,1260814,300,207,77.51,77.51,77.29,76.8632
K,1260814,300,207,77.51,77.51,77.29,77.4513,6
Q,1260814,300,207,77.51,77.51,77.29,76.8632,6
L,1260814,400,208,77.62,77.62,77.42,U,0,77.4340
L,1260814,400,208,77.62,77.62,77.42,U,1,76.5450
L,1260814,400,208,77.62,77.62,77.42,L,0,76.9072
L,1260814,400,208,77.62,77.62,77.42,L,1,77.5996
L,1260814,400,208,77.62,77.62,77.42,L,2,77.4701
L,1260814,400,208,77.62,77.62,77.42,L,3,77.8145
L,1260814,400,208,77.62,77.62,77.42,L,4,75.8373
L,1260814,400,208,77.62,77.62,77.42,L,5,76.2600
L,1260814,400,208,77.62,77.62,77.42,L,6,76.3050
L,1260814,400,208,77.62,77.62,77.42,L,7,77.5411
L,1260814,400,208,77.62,77.62,77.42,L,8,77.3868
L,1260814,400,208,77.62,77.62,77.42,L,9,77.9364
L,1260814,400,208,77.62,77.62,77.42,L,10,77.0714
L,1260814,400,208,77.62,77.62,77.42,L,11,76.7478
L,1260814,400,208,77.62,77.62,77.42,L,12,78.5491
L,1260814,400,208,77.62,77.62,77.42,L,13,79.9914
L,1260814,400,208,77.62,77.62,77.42,L,14,81.1872
L,1260814,400,208,77.62,77.62,77.42,L,15,81.9107
L,1260814,400,208,77.62,77.62,77.42,L,16,82.4442
L,1260814,400,208,77.62,77.62,77.42,L,17,84.5794
L,1260814,400,208,77.62,77.62,77.42,L,18,85.0055
L,1260814,400,208,77.62,77.62,77.42,L,19,84.2240
L,1260814,400,208,77.62,77.62,77.42,L,20,85.7401
L,1260814,400,208,77.62,77.62,77.42,L,21,84.4873
L,1260814,400,208,77.62,77.62,77.42,L,22,85.5899
L,1260814,400,208,77.62,77.62,77.42,L,23,86.2150
L,1260814,400,208,77.62,77.62,77.42,L,24,86.8415
L,1260814,400,208,77.62,77.62,77.42,L,25,84.7547
L,1260814,400,208,77.62,77.62,77.42,L,26,87.3305
L,1260814,400,208,77.62,77.62,77.42,L,27,89.2317
L,1260814,400,208,77.62,77.62,77.42,L,28,92.4369
L,1260814,400,208,77.62,77.62,77.42,L,29,97.8111
L,1260814,400,208,77.62,77.62,77.42,L,30,104.7878
L,1260814,400,208,77.62,77.62,77.42,L,31,106.9151
L,1260814,400,208,77.62,77.62,77.42,L,32,101.2065
L,1260814,400,208,77.62,77.62,77.42,L,33,90.9210
L,1260814,400,208,77.62,77.62,77.42,L,34,100.0796
L,1260814,400,208,77.62,77.62,77.42,L,35,134.0938
L,1260814,400,208,77.62,77.62,77.42,L,36,157.1670
L,1260814,400,208,77.62,77.62,77.42,L,37,139.0067
X,1260814,400,208,77.62,77.62,77.42,77.4445
X,1260814,400,208,77.62,77.62,77.42,77.4651
X,1260814,400,208,77.62,77.62,77.42,76.6684
K,1260814,400,208,77.62,77.62,77.42,77.5410,6
Q,1260814,400,208,77.62,77.62,77.42,77.4445,5
L,1260814,500,209,77.73,77.76,77.54,U,0,77.3860
L,1260814,500,209,77.73,77.76,77.54,U,1,76.3700
L,1260814,500,209,77.73,77.76,77.54,L,0,77.0207
L,1260814,500,209,77.73,77.76,77.54,L,1,77.7170
L,1260814,500,209,77.73,77.76,77.54,L,2,77.5868
L,1260814,500,209,77.73,77.76,77.54,L,3,77.9331
L,1260814,500,209,77.73,77.76,77.54,L,4,75.9450
L,1260814,500,209,77.73,77.76,77.54,L,5,76.3700
L,1260814,500,209,77.73,77.76,77.54,L,6,76.4152
L,1260814,500,209,77.73,77.76,77.54,L,7,77.6582
L,1260814,500,209,77.73,77.76,77.54,L,8,77.5030
L,1260814,500,209,77.73,77.76,77.54,L,9,78.0556
L,1260814,500,209,77.73,77.76,77.54,L,10,77.1859
L,1260814,500,209,77.73,77.76,77.54,L,11,76.8605
L,1260814,500,209,77.73,77.76,77.54,L,12,78.6718
L,1260814,500,209,77.73,77.76,77.54,L,13,80.1220
L,1260814,500,209,77.73,77.76,77.54,L,14,81.3244
L,1260814,500,209,77.73,77.76,77.54,L,15,82.0520
L,1260814,500,209,77.73,77.76,77.54,L,16,82.5883
L,1260814,500,209,77.73,77.76,77.54,L,17,84.7353
L,1260814,500,209,77.73,77.76,77.54,L,18,85.1638
L,1260814,500,209,77.73,77.76,77.54,L,19,84.3780
L,1260814,500,209,77.73,77.76,77.54,L,20,85.9025
L,1260814,500,209,77.73,77.76,77.54,L,21,84.6427
L,1260814,500,209,77.73,77.76,77.54,L,22,85.7514
L,1260814,500,209,77.73,77.76,77.54,L,23,86.3800
L,1260814,500,209,77.73,77.76,77.54,L,24,87.0100
L,1260814,500,209,77.73,77.76,77.54,L,25,84.9116
L,1260814,500,209,77.73,77.76,77.54,L,26,87.5016
L,1260814,500,209,77.73,77.76,77.54,L,27,89.4133
L,1260814,500,209,77.73,77.76,77.54,L,28,92.6362
L,1260814,500,209,77.73,77.76,77.54,L,29,98.0401
L,1260814,500,209,77.73,77.76,77.54,L,30,105.0554
L,1260814,500,209,77.73,77.76,77.54,L,31,107.1944
L,1260814,500,209,77.73,77.76,77.54,L,32,101.4543
L,1260814,500,209,77.73,77.76,77.54,L,33,91.1120
L,1260814,500,209,77.73,77.76,77.54,L,34,100.3212
L,1260814,500,209,77.73,77.76,77.54,L,35,134.5233
L,1260814,500,209,77.73,77.76,77.54,L,36,157.7240
L,1260814,500,209,77.73,77.76,77.54,L,37,139.4633
X,1260814,500,209,77.73,77.76,77.54,77.4202
X,1260814,500,209,77.73,77.76,77.54,76.3700
X,1260814,500,209,77.73,77.76,77.54,76.3977
K,1260814,500,209,77.73,77.76,77.54,77.6162,4
Q,1260814,500,209,77.73,77.76,77.54,77.4202,4
L,1260814,600,210,77.76,77.84,77.32,U,0,77.3380
L,1260814,600,210,77.76,77.84,77.32,U,1,76.1950
L,1260814,600,210,77.76,77.84,77.32,L,0,77.1343
L,1260814,600,210,77.76,77.84,77.32,L,1,77.8344
L,1260814,600,210,77.76,77.84,77.32,L,2,77.7035
L,1260814,600,210,77.76,77.84,77.32,L,3,78.0516
L,1260814,600,210,77.76,77.84,77.32,L,4,76.0526
L,1260814,600,210,77.76,77.84,77.32,L,5,76.4800
L,1260814,600,210,77.76,77.84,77.32,L,6,76.5255
L,1260814,600,210,77.76,77.84,77.32,L,7,77.7753
L,1260814,600,210,77.76,77.84,77.32,L,8,77.6192
L,1260814,600,210,77.76,77.84,77.32,L,9,78.1749
L,1260814,600,210,77.76,77.84,77.32,L,10,77.3003
L,1260814,600,210,77.76,77.84,77.32,L,11,76.9732
L,1260814,600,210,77.76,77.84,77.32,L,12,78.7944
L,1260814,600,210,77.76,77.84,77.32,L,13,80.2526
L,1260814,600,210,77.76,77.84,77.32,L,14,81.4617
L,1260814,600,210,77.76,77.84,77.32,L,15,82.1932
L,1260814,600,210,77.76,77.84,77.32,L,16,82.7325
L,1260814,600,210,77.76,77.84,77.32,L,17,84.8913
L,1260814,600,210,77.76,77.84,77.32,L,18,85.3221
L,1260814,600,210,77.76,77.84,77.32,L,19,84.5320
L,1260814,600,210,77.76,77.84,77.32,L,20,86.0649
L,1260814,600,210,77.76,77.84,77.32,L,21,84.7982
L,1260814,600,210,77.76,77.84,77.32,L,22,85.9130
L,1260814,600,210,77.76,77.84,77.32,L,23,86.5450
L,1260814,600,210,77.76,77.84,77.32,L,24,87.1785
L,1260814,600,210,77.76,77.84,77.32,L,25,85.0685
L,1260814,600,210,77.76,77.84,77.32,L,26,87.6728
L,1260814,600,210,77.76,77.84,77.32,L,27,89.5950
L,1260814,600,210,77.76,77.84,77.32,L,28,92.8356
L,1260814,600,210,77.76,77.84,77.32,L,29,98.2692
L,1260814,600,210,77.76,77.84,77.32,L,30,105.3230
L,1260814,600,210,77.76,77.84,77.32,L,31,107.4738
L,1260814,600,210,77.76,77.84,77.32,L,32,101.7022
L,1260814,600,210,77.76,77.84,77.32,L,33,91.3030
L,1260814,600,210,77.76,77.84,77.32,L,34,100.5628
L,1260814,600,210,77.76,77.84,77.32,L,35,134.9529
L,1260814,600,210,77.76,77.84,77.32,L,36,158.2810
L,1260814,600,210,77.76,77.84,77.32,L,37,139.9200
K,1260814,600,210,77.76,77.84,77.32,77.7331,4
L,1260814,700,211,77.42,77.87,77.03,U,0,77.2900
L,1260814,700,211,77.42,77.87,77.03,U,1,76.0200
L,1260814,700,211,77.42,77.87,77.03,L,0,77.2479
L,1260814,700,211,77.42,77.87,77.03,L,1,77.9518
L,1260814,700,211,77.42,77.87,77.03,L,2,77.8202
L,1260814,700,211,77.42,77.87,77.03,L,3,78.1702
L,1260814,700,211,77.42,77.87,77.03,L,4,76.1603
L,1260814,700,211,77.42,77.87,77.03,L,5,76.5900
L,1260814,700,211,77.42,77.87,77.03,L,6,76.6357
L,1260814,700,211,77.42,77.87,77.03,L,7,77.8923
L,1260814,700,211,77.42,77.87,77.03,L,8,77.7354
L,1260814,700,211,77.42,77.87,77.03,L,9,78.2942
L,1260814,700,211,77.42,77.87,77.03,L,10,77.4148
L,1260814,700,211,77.42,77.87,77.03,L,11,77.0859
L,1260814,700,211,77.42,77.87,77.03,L,12,78.9171
L,1260814,700,211,77.42,77.87,77.03,L,13,80.3832
L,1260814,700,211,77.42,77.87,77.03,L,14,81.5989
L,1260814,700,211,77.42,77.87,77.03,L,15,82.3344
L,1260814,700,211,77.42,77.87,77.03,L,16,82.8767
L,1260814,700,211,77.42,77.87,77.03,L,17,85.0472
L,1260814,700,211,77.42,77.87,77.03,L,18,85.4805
L,1260814,700,211,77.42,77.87,77.03,L,19,84.6860
L,1260814,700,211,77.42,77.87,77.03,L,20,86.2272
L,1260814,700,211,77.42,77.87,77.03,L,21,84.9536
L,1260814,700,211,77.42,77.87,77.03,L,22,86.0745
L,1260814,700,211,77.42,77.87,77.03,L,23,86.7100
L,1260814,700,211,77.42,77.87,77.03,L,24,87.3469
L,1260814,700,211,77.42,77.87,77.03,L,25,85.2255
L,1260814,700,211,77.42,77.87,77.03,L,26,87.8440
L,1260814,700,211,77.42,77.87,77.03,L,27,89.7767
L,1260814,700,211,77.42,77.87,77.03,L,28,93.0350
L,1260814,700,211,77.42,77.87,77.03,L,29,98.4983
L,1260814,700,211,77.42,77.87,77.03,L,30,105.5906
L,1260814,700,211,77.42,77.87,77.03,L,31,107.7532
L,1260814,700,211,77.42,77.87,77.03,L,32,101.9500
L,1260814,700,211,77.42,77.87,77.03,L,33,91.4940
L,1260814,700,211,77.42,77.87,77.03,L,34,100.8044
L,1260814,700,211,77.42,77.87,77.03,L,35,135.3824
L,1260814,700,211,77.42,77.87,77.03,L,36,158.8380
L,1260814,700,211,77.42,77.87,77.03,L,37,140.3767
X,1260814,700,211,77.42,77.87,77.03,77.3269
X,1260814,700,211,77.42,77.87,77.03,76.1069
K,1260814,700,211,77.42,77.87,77.03,77.8499,4
Q,1260814,700,211,77.42,77.87,77.03,77.3269,4
A,1260814,800,212,76.67,77.79,76.67,U,211,77.8700
L,1260814,800,212,76.67,77.79,76.67,L,0,77.3615
L,1260814,800,212,76.67,77.79,76.67,L,1,78.0692
L,1260814,800,212,76.67,77.79,76.67,L,2,77.9369
L,1260814,800,212,76.67,77.79,76.67,L,3,78.2888
L,1260814,800,212,76.67,77.79,76.67,L,4,76.2680
L,1260814,800,212,76.67,77.79,76.67,L,5,76.7000
L,1260814,800,212,76.67,77.79,76.67,L,6,76.7460
L,1260814,800,212,76.67,77.79,76.67,L,7,78.0094
L,1260814,800,212,76.67,77.79,76.67,L,8,77.8517
L,1260814,800,212,76.67,77.79,76.67,L,9,78.4134
L,1260814,800,212,76.67,77.79,76.67,L,10,77.5293
L,1260814,800,212,76.67,77.79,76.67,L,11,77.1986
L,1260814,800,212,76.67,77.79,76.67,L,12,79.0397
L,1260814,800,212,76.67,77.79,76.67,L,13,80.5138
L,1260814,800,212,76.67,77.79,76.67,L,14,81.7361
L,1260814,800,212,76.67,77.79,76.67,L,15,82.4756
L,1260814,800,212,76.67,77.79,76.67,L,16,83.0208
L,1260814,800,212,76.67,77.79,76.67,L,17,85.2032
L,1260814,800,212,76.67,77.79,76.67,L,18,85.6388
L,1260814,800,212,76.67,77.79,76.67,L,19,84.8400
L,1260814,800,212,76.67,77.79,76.67,L,20,86.3896
L,1260814,800,212,76.67,77.79,76.67,L,21,85.1091
L,1260814,800,212,76.67,77.79,76.67,L,22,86.2361
L,1260814,800,212,76.67,77.79,76.67,L,23,86.8750
L,1260814,800,212,76.67,77.79,76.67,L,24,87.5154
L,1260814,800,212,76.67,77.79,76.67,L,25,85.3824
L,1260814,800,212,76.67,77.79,76.67,L,26,88.0151
L,1260814,800,212,76.67,77.79,76.67,L,27,89.9583
L,1260814,800,212,76.67,77.79,76.67,L,28,93.2344
L,1260814,800,212,76.67,77.79,76.67,L,29,98.7273
L,1260814,800,212,76.67,77.79,76.67,L,30,105.8582
L,1260814,800,212,76.67,77.79,76.67,L,31,108.0325
L,1260814,800,212,76.67,77.79,76.67,L,32,102.1978
L,1260814,800,212,76.67,77.79,76.67,L,33,91.6850
L,1260814,800,212,76.67,77.79,76.67,L,34,101.0460
L,1260814,800,212,76.67,77.79,76.67,L,35,135.8119
L,1260814,800,212,76.67,77.79,76.67,L,36,159.3950
L,1260814,800,212,76.67,77.79,76.67,L,37,140.8333
K,1260814,800,212,76.67,77.79,76.67,77.9668,4
L,1260814,900,213,76.22,76.81,75.94,L,0,77.4750
L,1260814,900,213,76.22,76.81,75.94,L,1,78.1866
L,1260814,900,213,76.22,76.81,75.94,L,2,78.0535
L,1260814,900,213,76.22,76.81,75.94,L,3,78.4074
L,1260814,900,213,76.22,76.81,75.94,L,4,76.3756
L,1260814,900,213,76.22,76.81,75.94,L,5,76.8100
L,1260814,900,213,76.22,76.81,75.94,L,6,76.8562
L,1260814,900,213,76.22,76.81,75.94,L,7,78.1265
L,1260814,900,213,76.22,76.81,75.94,L,8,77.9679
L,1260814,900,213,76.22,76.81,75.94,L,9,78.5327
L,1260814,900,213,76.22,76.81,75.94,L,10,77.6438
L,1260814,900,213,76.22,76.81,75.94,L,11,77.3113
L,1260814,900,213,76.22,76.81,75.94,L,12,79.1624
L,1260814,900,213,76.22,76.81,75.94,L,13,80.6445
L,1260814,900,213,76.22,76.81,75.94,L,14,81.8733
L,1260814,900,213,76.22,76.81,75.94,L,15,82.6168
L,1260814,900,213,76.22,76.81,75.94,L,16,83.1650
L,1260814,900,213,76.22,76.81,75.94,L,17,85.3592
L,1260814,900,213,76.22,76.81,75.94,L,18,85.7971
L,1260814,900,213,76.22,76.81,75.94,L,19,84.9940
L,1260814,900,213,76.22,76.81,75.94,L,20,86.5520
L,1260814,900,213,76.22,76.81,75.94,L,21,85.2645
L,1260814,900,213,76.22,76.81,75.94,L,22,86.3976
L,1260814,900,213,76.22,76.81,75.94,L,23,87.0400
L,1260814,900,213,76.22,76.81,75.94,L,24,87.6838
L,1260814,900,213,76.22,76.81,75.94,L,25,85.5393
L,1260814,900,213,76.22,76.81,75.94,L,26,88.1863
L,1260814,900,213,76.22,76.81,75.94,L,27,90.1400
L,1260814,900,213,76.22,76.81,75.94,L,28,93.4337
L,1260814,900,213,76.22,76.81,75.94,L,29,98.9564
L,1260814,900,213,76.22,76.81,75.94,L,30,106.1258
L,1260814,900,213,76.22,76.81,75.94,L,31,108.3119
L,1260814,900,213,76.22,76.81,75.94,L,32,102.4457
L,1260814,900,213,76.22,76.81,75.94,L,33,91.8760
L,1260814,900,213,76.22,76.81,75.94,L,34,101.2876
L,1260814,900,213,76.22,76.81,75.94,L,35,136.2414
L,1260814,900,213,76.22,76.81,75.94,L,36,159.9520
L,1260814,900,213,76.22,76.81,75.94,L,37,141.2900
K,1260814,900,213,76.22,76.81,75.94,77.4767,3
L,1260814,1000,214,76.16,76.54,76.11,L,0,76.0453
L,1260814,1000,214,76.16,76.54,76.11,L,1,77.5886
L,1260814,1000,214,76.16,76.54,76.11,L,2,78.3040
L,1260814,1000,214,76.16,76.54,76.11,L,3,78.1702
L,1260814,1000,214,76.16,76.54,76.11,L,4,78.5260
L,1260814,1000,214,76.16,76.54,76.11,L,5,76.4833
L,1260814,1000,214,76.16,76.54,76.11,L,6,76.9200
L,1260814,1000,214,76.16,76.54,76.11,L,7,76.9665
L,1260814,1000,214,76.16,76.54,76.11,L,8,78.2436
L,1260814,1000,214,76.16,76.54,76.11,L,9,78.0841
L,1260814,1000,214,76.16,76.54,76.11,L,10,78.6519
L,1260814,1000,214,76.16,76.54,76.11,L,11,77.7583
L,1260814,1000,214,76.16,76.54,76.11,L,12,77.4240
L,1260814,1000,214,76.16,76.54,76.11,L,13,79.2850
L,1260814,1000,214,76.16,76.54,76.11,L,14,80.7751
L,1260814,1000,214,76.16,76.54,76.11,L,15,82.0106
L,1260814,1000,214,76.16,76.54,76.11,L,16,82.7580
L,1260814,1000,214,76.16,76.54,76.11,L,17,83.3092
L,1260814,1000,214,76.16,76.54,76.11,L,18,85.5151
L,1260814,1000,214,76.16,76.54,76.11,L,19,85.9554
L,1260814,1000,214,76.16,76.54,76.11,L,20,85.1480
L,1260814,1000,214,76.16,76.54,76.11,L,21,86.7144
L,1260814,1000,214,76.16,76.54,76.11,L,22,85.4200
L,1260814,1000,214,76.16,76.54,76.11,L,23,86.5592
L,1260814,1000,214,76.16,76.54,76.11,L,24,87.2050
L,1260814,1000,214,76.16,76.54,76.11,L,25,87.8523
L,1260814,1000,214,76.16,76.54,76.11,L,26,85.6962
L,1260814,1000,214,76.16,76.54,76.11,L,27,88.3574
L,1260814,1000,214,76.16,76.54,76.11,L,28,90.3217
L,1260814,1000,214,76.16,76.54,76.11,L,29,93.6331
L,1260814,1000,214,76.16,76.54,76.11,L,30,99.1855
L,1260814,1000,214,76.16,76.54,76.11,L,31,106.3934
L,1260814,1000,214,76.16,76.54,76.11,L,32,108.5913
L,1260814,1000,214,76.16,76.54,76.11,L,33,102.6935
L,1260814,1000,214,76.16,76.54,76.11,L,34,92.0670
L,1260814,1000,214,76.16,76.54,76.11,L,35,101.5292
L,1260814,1000,214,76.16,76.54,76.11,L,36,136.6710
L,1260814,1000,214,76.16,76.54,76.11,L,37,160.5090
L,1260814,1000,214,76.16,76.54,76.11,L,38,141.7467
L,1260814,1100,215,76.33,76.35,76.08,L,0,76.1506
L,1260814,1100,215,76.33,76.35,76.08,L,1,77.7022
L,1260814,1100,215,76.33,76.35,76.08,L,2,78.4214
L,1260814,1100,215,76.33,76.35,76.08,L,3,78.2869
L,1260814,1100,215,76.33,76.35,76.08,L,4,78.6446
L,1260814,1100,215,76.33,76.35,76.08,L,5,76.5910
L,1260814,1100,215,76.33,76.35,76.08,L,6,77.0300
L,1260814,1100,215,76.33,76.35,76.08,L,7,77.0767
L,1260814,1100,215,76.33,76.35,76.08,L,8,78.3606
L,1260814,1100,215,76.33,76.35,76.08,L,9,78.2003
L,1260814,1100,215,76.33,76.35,76.08,L,10,78.7712
L,1260814,1100,215,76.33,76.35,76.08,L,11,77.8728
L,1260814,1100,215,76.33,76.35,76.08,L,12,77.5367
L,1260814,1100,215,76.33,76.35,76.08,L,13,79.4076
L,1260814,1100,215,76.33,76.35,76.08,L,14,80.9057
L,1260814,1100,215,76.33,76.35,76.08,L,15,82.1478
L,1260814,1100,215,76.33,76.35,76.08,L,16,82.8993
L,1260814,1100,215,76.33,76.35,76.08,L,17,83.4533
L,1260814,1100,215,76.33,76.35,76.08,L,18,85.6711
L,1260814,1100,215,76.33,76.35,76.08,L,19,86.1137
L,1260814,1100,215,76.33,76.35,76.08,L,20,85.3020
L,1260814,1100,215,76.33,76.35,76.08,L,21,86.8767
L,1260814,1100,215,76.33,76.35,76.08,L,22,85.5755
L,1260814,1100,215,76.33,76.35,76.08,L,23,86.7207
L,1260814,1100,215,76.33,76.35,76.08,L,24,87.3700
L,1260814,1100,215,76.33,76.35,76.08,L,25,88.0208
L,1260814,1100,215,76.33,76.35,76.08,L,26,85.8532
L,1260814,1100,215,76.33,76.35,76.08,L,27,88.5286
L,1260814,1100,215,76.33,76.35,76.08,L,28,90.5033
L,1260814,1100,215,76.33,76.35,76.08,L,29,93.8325
L,1260814,1100,215,76.33,76.35,76.08,L,30,99.4145
L,1260814,1100,215,76.33,76.35,76.08,L,31,106.6610
L,1260814,1100,215,76.33,76.35,76.08,L,32,108.8706
L,1260814,1100,215,76.33,76.35,76.08,L,33,102.9413
L,1260814,1100,215,76.33,76.35,76.08,L,34,92.2580
L,1260814,1100,215,76.33,76.35,76.08,L,35,101.7708
L,1260814,1100,215,76.33,76.35,76.08,L,36,137.1005
L,1260814,1100,215,76.33,76.35,76.08,L,37,161.0660
L,1260814,1100,215,76.33,76.35,76.08,L,38,142.2033
L,1260814,1200,216,76.38,76.50,76.18,L,0,76.1849
L,1260814,1200,216,76.38,76.50,76.18,L,1,76.2560
L,1260814,1200,216,76.38,76.50,76.18,L,2,77.8158
L,1260814,1200,216,76.38,76.50,76.18,L,3,78.5388
L,1260814,1200,216,76.38,76.50,76.18,L,4,78.4036
L,1260814,1200,216,76.38,76.50,76.18,L,5,78.7632
L,1260814,1200,216,76.38,76.50,76.18,L,6,76.6986
L,1260814,1200,216,76.38,76.50,76.18,L,7,77.1400
L,1260814,1200,216,76.38,76.50,76.18,L,8,77.1870
L,1260814,1200,216,76.38,76.50,76.18,L,9,78.4777
L,1260814,1200,216,76.38,76.50,76.18,L,10,78.3166
L,1260814,1200,216,76.38,76.50,76.18,L,11,78.8905
L,1260814,1200,216,76.38,76.50,76.18,L,12,77.9872
L,1260814,1200,216,76.38,76.50,76.18,L,13,77.6494
L,1260814,1200,216,76.38,76.50,76.18,L,14,79.5303
L,1260814,1200,216,76.38,76.50,76.18,L,15,81.0363
L,1260814,1200,216,76.38,76.50,76.18,L,16,82.2850
L,1260814,1200,216,76.38,76.50,76.18,L,17,83.0405
L,1260814,1200,216,76.38,76.50,76.18,L,18,83.5975
L,1260814,1200,216,76.38,76.50,76.18,L,19,85.8271
L,1260814,1200,216,76.38,76.50,76.18,L,20,86.2721
L,1260814,1200,216,76.38,76.50,76.18,L,21,85.4560
L,1260814,1200,216,76.38,76.50,76.18,L,22,87.0391
L,1260814,1200,216,76.38,76.50,76.18,L,23,85.7309
L,1260814,1200,216,76.38,76.50,76.18,L,24,86.8823
L,1260814,1200,216,76.38,76.50,76.18,L,25,87.5350
L,1260814,1200,216,76.38,76.50,76.18,L,26,88.1892
L,1260814,1200,216,76.38,76.50,76.18,L,27,86.0101
L,1260814,1200,216,76.38,76.50,76.18,L,28,88.6998
L,1260814,1200,216,76.38,76.50,76.18,L,29,90.6850
L,1260814,1200,216,76.38,76.50,76.18,L,30,94.0319
L,1260814,1200,216,76.38,76.50,76.18,L,31,99.6436
L,1260814,1200,216,76.38,76.50,76.18,L,32,106.9287
L,1260814,1200,216,76.38,76.50,76.18,L,33,109.1500
L,1260814,1200,216,76.38,76.50,76.18,L,34,103.1891
L,1260814,1200,216,76.38,76.50,76.18,L,35,92.4490
L,1260814,1200,216,76.38,76.50,76.18,L,36,102.0124
L,1260814,1200,216,76.38,76.50,76.18,L,37,137.5300
L,1260814,1200,216,76.38,76.50,76.18,L,38,161.6230
L,1260814,1200,216,76.38,76.50,76.18,L,39,142.6600
L,1260814,1300,217,76.79,76.82,76.28,L,0,76.2899
L,1260814,1300,217,76.79,76.82,76.28,L,1,76.3613
L,1260814,1300,217,76.79,76.82,76.28,L,2,77.9293
L,1260814,1300,217,76.79,76.82,76.28,L,3,78.6562
L,1260814,1300,217,76.79,76.82,76.28,L,4,78.5203
L,1260814,1300,217,76.79,76.82,76.28,L,5,78.8818
L,1260814,1300,217,76.79,76.82,76.28,L,6,76.8063
L,1260814,1300,217,76.79,76.82,76.28,L,7,77.2500
L,1260814,1300,217,76.79,76.82,76.28,L,8,77.2972
L,1260814,1300,217,76.79,76.82,76.28,L,9,78.5948
L,1260814,1300,217,76.79,76.82,76.28,L,10,78.4328
L,1260814,1300,217,76.79,76.82,76.28,L,11,79.0097
L,1260814,1300,217,76.79,76.82,76.28,L,12,78.1017
L,1260814,1300,217,76.79,76.82,76.28,L,13,77.7621
L,1260814,1300,217,76.79,76.82,76.28,L,14,79.6529
L,1260814,1300,217,76.79,76.82,76.28,L,15,81.1669
L,1260814,1300,217,76.79,76.82,76.28,L,16,82.4222
L,1260814,1300,217,76.79,76.82,76.28,L,17,83.1817
L,1260814,1300,217,76.79,76.82,76.28,L,18,83.7417
L,1260814,1300,217,76.79,76.82,76.28,L,19,85.9830
L,1260814,1300,217,76.79,76.82,76.28,L,20,86.4304
L,1260814,1300,217,76.79,76.82,76.28,L,21,85.6100
L,1260814,1300,217,76.79,76.82,76.28,L,22,87.2015
L,1260814,1300,217,76.79,76.82,76.28,L,23,85.8864
L,1260814,1300,217,76.79,76.82,76.28,L,24,87.0438
L,1260814,1300,217,76.79,76.82,76.28,L,25,87.7000
L,1260814,1300,217,76.79,76.82,76.28,L,26,88.3577
L,1260814,1300,217,76.79,76.82,76.28,L,27,86.1670
L,1260814,1300,217,76.79,76.82,76.28,L,28,88.8709
L,1260814,1300,217,76.79,76.82,76.28,L,29,90.8667
L,1260814,1300,217,76.79,76.82,76.28,L,30,94.2312
L,1260814,1300,217,76.79,76.82,76.28,L,31,99.8727
L,1260814,1300,217,76.79,76.82,76.28,L,32,107.1963
L,1260814,1300,217,76.79,76.82,76.28,L,33,109.4294
L,1260814,1300,217,76.79,76.82,76.28,L,34,103.4370
L,1260814,1300,217,76.79,76.82,76.28,L,35,92.6400
L,1260814,1300,217,76.79,76.82,76.28,L,36,102.2540
L,1260814,1300,217,76.79,76.82,76.28,L,37,137.9595
L,1260814,1300,217,76.79,76.82,76.28,L,38,162.1800
L,1260814,1300,217,76.79,76.82,76.28,L,39,143.1167
L,1260814,1400,218,76.83,76.85,76.66,L,0,76.3948
L,1260814,1400,218,76.83,76.85,76.66,L,1,76.4666
L,1260814,1400,218,76.83,76.85,76.66,L,2,78.0429
L,1260814,1400,218,76.83,76.85,76.66,L,3,78.7736
L,1260814,1400,218,76.83,76.85,76.66,L,4,78.6370
L,1260814,1400,218,76.83,76.85,76.66,L,5,79.0004
L,1260814,1400,218,76.83,76.85,76.66,L,6,76.9140
L,1260814,1400,218,76.83,76.85,76.66,L,7,77.3600
L,1260814,1400,218,76.83,76.85,76.66,L,8,77.4075
L,1260814,1400,218,76.83,76.85,76.66,L,9,78.7119
L,1260814,1400,218,76.83,76.85,76.66,L,10,78.5490
L,1260814,1400,218,76.83,76.85,76.66,L,11,79.1290
L,1260814,1400,218,76.83,76.85,76.66,L,12,78.2162
L,1260814,1400,218,76.83,76.85,76.66,L,13,77.8748
L,1260814,1400,218,76.83,76.85,76.66,L,14,79.7756
L,1260814,1400,218,76.83,76.85,76.66,L,15,81.2975
L,1260814,1400,218,76.83,76.85,76.66,L,16,82.5594
L,1260814,1400,218,76.83,76.85,76.66,L,17,83.3229
L,1260814,1400,218,76.83,76.85,76.66,L,18,83.8858
L,1260814,1400,218,76.83,76.85,76.66,L,19,86.1390
L,1260814,1400,218,76.83,76.85,76.66,L,20,86.5887
L,1260814,1400,218,76.83,76.85,76.66,L,21,85.7640
L,1260814,1400,218,76.83,76.85,76.66,L,22,87.3639
L,1260814,1400,218,76.83,76.85,76.66,L,23,86.0418
L,1260814,1400,218,76.83,76.85,76.66,L,24,87.2054
L,1260814,1400,218,76.83,76.85,76.66,L,25,87.8650
L,1260814,1400,218,76.83,76.85,76.66,L,26,88.5262
L,1260814,1400,218,76.83,76.85,76.66,L,27,86.3240
L,1260814,1400,218,76.83,76.85,76.66,L,28,89.0421
L,1260814,1400,218,76.83,76.85,76.66,L,29,91.0483
L,1260814,1400,218,76.83,76.85,76.66,L,30,94.4306
L,1260814,1400,218,76.83,76.85,76.66,L,31,100.1017
L,1260814,1400,218,76.83,76.85,76.66,L,32,107.4639
L,1260814,1400,218,76.83,76.85,76.66,L,33,109.7087
L,1260814,1400,218,76.83,76.85,76.66,L,34,103.6848
L,1260814,1400,218,76.83,76.85,76.66,L,35,92.8310
L,1260814,1400,218,76.83,76.85,76.66,L,36,102.4956
L,1260814,1400,218,76.83,76.85,76.66,L,37,138.3890
L,1260814,1400,218,76.83,76.85,76.66,L,38,162.7370
L,1260814,1400,218,76.83,76.85,76.66,L,39,143.5733
L,1260814,1500,219,76.77,76.83,76.71,U,0,76.7043
L,1260814,1500,219,76.77,76.83,76.71,L,0,76.4998
L,1260814,1500,219,76.77,76.83,76.71,L,1,76.5719
L,1260814,1500,219,76.77,76.83,76.71,L,2,78.1565
L,1260814,1500,219,76.77,76.83,76.71,L,3,78.8910
L,1260814,1500,219,76.77,76.83,76.71,L,4,78.7537
L,1260814,1500,219,76.77,76.83,76.71,L,5,79.1189
L,1260814,1500,219,76.77,76.83,76.71,L,6,77.0216
L,1260814,1500,219,76.77,76.83,76.71,L,7,77.4700
L,1260814,1500,219,76.77,76.83,76.71,L,8,77.5177
L,1260814,1500,219,76.77,76.83,76.71,L,9,78.8290
L,1260814,1500,219,76.77,76.83,76.71,L,10,78.6652
L,1260814,1500,219,76.77,76.83,76.71,L,11,79.2483
L,1260814,1500,219,76.77,76.83,76.71,L,12,78.3307
L,1260814,1500,219,76.77,76.83,76.71,L,13,77.9874
L,1260814,1500,219,76.77,76.83,76.71,L,14,79.8982
L,1260814,1500,219,76.77,76.83,76.71,L,15,81.4282
L,1260814,1500,219,76.77,76.83,76.71,L,16,82.6967
L,1260814,1500,219,76.77,76.83,76.71,L,17,83.4641
L,1260814,1500,219,76.77,76.83,76.71,L,18,84.0300
L,1260814,1500,219,76.77,76.83,76.71,L,19,86.2950
L,1260814,1500,219,76.77,76.83,76.71,L,20,86.7470
L,1260814,1500,219,76.77,76.83,76.71,L,21,85.9180
L,1260814,1500,219,76.77,76.83,76.71,L,22,87.5262
L,1260814,1500,219,76.77,76.83,76.71,L,23,86.1973
L,1260814,1500,219,76.77,76.83,76.71,L,24,87.3669
L,1260814,1500,219,76.77,76.83,76.71,L,25,88.0300
L,1260814,1500,219,76.77,76.83,76.71,L,26,88.6946
L,1260814,1500,219,76.77,76.83,76.71,L,27,86.4809
L,1260814,1500,219,76.77,76.83,76.71,L,28,89.2133
L,1260814,1500,219,76.77,76.83,76.71,L,29,91.2300
L,1260814,1500,219,76.77,76.83,76.71,L,30,94.6300
L,1260814,1500,219,76.77,76.83,76.71,L,31,100.3308
L,1260814,1500,219,76.77,76.83,76.71,L,32,107.7315
L,1260814,1500,219,76.77,76.83,76.71,L,33,109.9881
L,1260814,1500,219,76.77,76.83,76.71,L,34,103.9326
L,1260814,1500,219,76.77,76.83,76.71,L,35,93.0220
L,1260814,1500,219,76.77,76.83,76.71,L,36,102.7372
L,1260814,1500,219,76.77,76.83,76.71,L,37,138.8186
L,1260814,1500,219,76.77,76.83,76.71,L,38,163.2940
L,1260814,1500,219,76.77,76.83,76.71,L,39,144.0300
K,1260814,1500,219,76.77,76.83,76.71,76.5920,3
L,1260814,1600,220,76.76,76.80,76.76,U,0,76.5586
L,1260814,1600,220,76.76,76.80,76.76,L,0,76.6047
L,1260814,1600,220,76.76,76.80,76.76,L,1,76.6773
L,1260814,1600,220,76.76,76.80,76.76,L,2,78.2701
L,1260814,1600,220,76.76,76.80,76.76,L,3,79.0084
L,1260814,1600,220,76.76,76.80,76.76,L,4,78.8703
L,1260814,1600,220,76.76,76.80,76.76,L,5,79.2375
L,1260814,1600,220,76.76,76.80,76.76,L,6,77.1293
L,1260814,1600,220,76.76,76.80,76.76,L,7,77.5800
L,1260814,1600,220,76.76,76.80,76.76,L,8,77.6280
L,1260814,1600,220,76.76,76.80,76.76,L,9,78.9460
L,1260814,1600,220,76.76,76.80,76.76,L,10,78.7815
L,1260814,1600,220,76.76,76.80,76.76,L,11,79.3675
L,1260814,1600,220,76.76,76.80,76.76,L,12,78.4452
L,1260814,1600,220,76.76,76.80,76.76,L,13,78.1001
L,1260814,1600,220,76.76,76.80,76.76,L,14,80.0209
L,1260814,1600,220,76.76,76.80,76.76,L,15,81.5588
L,1260814,1600,220,76.76,76.80,76.76,L,16,82.8339
L,1260814,1600,220,76.76,76.80,76.76,L,17,83.6054
L,1260814,1600,220,76.76,76.80,76.76,L,18,84.1742
L,1260814,1600,220,76.76,76.80,76.76,L,19,86.4509
L,1260814,1600,220,76.76,76.80,76.76,L,20,86.9053
L,1260814,1600,220,76.76,76.80,76.76,L,21,86.0720
L,1260814,1600,220,76.76,76.80,76.76,L,22,87.6886
L,1260814,1600,220,76.76,76.80,76.76,L,23,86.3527
L,1260814,1600,220,76.76,76.80,76.76,L,24,87.5285
L,1260814,1600,220,76.76,76.80,76.76,L,25,88.1950
L,1260814,1600,220,76.76,76.80,76.76,L,26,88.8631
L,1260814,1600,220,76.76,76.80,76.76,L,27,86.6378
L,1260814,1600,220,76.76,76.80,76.76,L,28,89.3844
L,1260814,1600,220,76.76,76.80,76.76,L,29,91.4117
L,1260814,1600,220,76.76,76.80,76.76,L,30,94.8294
L,1260814,1600,220,76.76,76.80,76.76,L,31,100.5599
L,1260814,1600,220,76.76,76.80,76.76,L,32,107.9991
L,1260814,1600,220,76.76,76.80,76.76,L,33,110.2675
L,1260814,1600,220,76.76,76.80,76.76,L,34,104.1804
L,1260814,1600,220,76.76,76.80,76.76,L,35,93.2130
L,1260814,1600,220,76.76,76.80,76.76,L,36,102.9788
L,1260814,1600,220,76.76,76.80,76.76,L,37,139.2481
L,1260814,1600,220,76.76,76.80,76.76,L,38,163.8510
L,1260814,1600,220,76.76,76.80,76.76,L,39,144.4867
X,1260814,1600,220,76.76,76.80,76.76,76.5854
X,1260814,1600,220,76.76,76.80,76.76,76.6275
K,1260814,1600,220,76.76,76.80,76.76,76.6135,3
Q,1260814,1600,220,76.76,76.80,76.76,76.5854,2
L,1260814,1700,221,76.72,76.78,76.69,U,0,76.4129
L,1260814,1700,221,76.72,76.78,76.69,L,0,76.7097
L,1260814,1700,221,76.72,76.78,76.69,L,1,76.7826
L,1260814,1700,221,76.72,76.78,76.69,L,2,78.3836
L,1260814,1700,221,76.72,76.78,76.69,L,3,79.1258
L,1260814,1700,221,76.72,76.78,76.69,L,4,78.9870
L,1260814,1700,221,76.72,76.78,76.69,L,5,79.3561
L,1260814,1700,221,76.72,76.78,76.69,L,6,77.2369
L,1260814,1700,221,76.72,76.78,76.69,L,7,77.6900
L,1260814,1700,221,76.72,76.78,76.69,L,8,77.7382
L,1260814,1700,221,76.72,76.78,76.69,L,9,79.0631
L,1260814,1700,221,76.72,76.78,76.69,L,10,78.8977
L,1260814,1700,221,76.72,76.78,76.69,L,11,79.4868
L,1260814,1700,221,76.72,76.78,76.69,L,12,78.5597
L,1260814,1700,221,76.72,76.78,76.69,L,13,78.2128
L,1260814,1700,221,76.72,76.78,76.69,L,14,80.1435
L,1260814,1700,221,76.72,76.78,76.69,L,15,81.6894
L,1260814,1700,221,76.72,76.78,76.69,L,16,82.9711
L,1260814,1700,221,76.72,76.78,76.69,L,17,83.7466
L,1260814,1700,221,76.72,76.78,76.69,L,18,84.3183
L,1260814,1700,221,76.72,76.78,76.69,L,19,86.6069
L,1260814,1700,221,76.72,76.78,76.69,L,20,87.0636
L,1260814,1700,221,76.72,76.78,76.69,L,21,86.2260
L,1260814,1700,221,76.72,76.78,76.69,L,22,87.8510
L,1260814,1700,221,76.72,76.78,76.69,L,23,86.5082
L,1260814,1700,221,76.72,76.78,76.69,L,24,87.6900
L,1260814,1700,221,76.72,76.78,76.69,L,25,88.3600
L,1260814,1700,221,76.72,76.78,76.69,L,26,89.0315
L,1260814,1700,221,76.72,76.78,76.69,L,27,86.7948
L,1260814,1700,221,76.72,76.78,76.69,L,28,89.5556
L,1260814,1700,221,76.72,76.78,76.69,L,29,91.5933
L,1260814,1700,221,76.72,76.78,76.69,L,30,95.0287
L,1260814,1700,221,76.72,76.78,76.69,L,31,100.7889
L,1260814,1700,221,76.72,76.78,76.69,L,32,108.2667
L,1260814,1700,221,76.72,76.78,76.69,L,33,110.5468
L,1260814,1700,221,76.72,76.78,76.69,L,34,104.4283
L,1260814,1700,221,76.72,76.78,76.69,L,35,93.4040
L,1260814,1700,221,76.72,76.78,76.69,L,36,103.2204
L,1260814,1700,221,76.72,76.78,76.69,L,37,139.6776
L,1260814,1700,221,76.72,76.78,76.69,L,38,164.4080
L,1260814,1700,221,76.72,76.78,76.69,L,39,144.9433
L,1260817,200,222,77.99,78.20,77.47,U,0,76.2671
L,1260817,200,222,77.99,78.20,77.47,L,0,76.7948
L,1260817,200,222,77.99,78.20,77.47,L,1,76.8146
L,1260817,200,222,77.99,78.20,77.47,L,2,76.8879
L,1260817,200,222,77.99,78.20,77.47,L,3,78.4972
L,1260817,200,222,77.99,78.20,77.47,L,4,79.2432
L,1260817,200,222,77.99,78.20,77.47,L,5,79.1037
L,1260817,200,222,77.99,78.20,77.47,L,6,79.4747
L,1260817,200,222,77.99,78.20,77.47,L,7,77.3446
L,1260817,200,222,77.99,78.20,77.47,L,8,77.8000
L,1260817,200,222,77.99,78.20,77.47,L,9,77.8484
L,1260817,200,222,77.99,78.20,77.47,L,10,79.1802
L,1260817,200,222,77.99,78.20,77.47,L,11,79.0139
L,1260817,200,222,77.99,78.20,77.47,L,12,79.6060
L,1260817,200,222,77.99,78.20,77.47,L,13,78.6741
L,1260817,200,222,77.99,78.20,77.47,L,14,78.3255
L,1260817,200,222,77.99,78.20,77.47,L,15,80.2662
L,1260817,200,222,77.99,78.20,77.47,L,16,81.8200
L,1260817,200,222,77.99,78.20,77.47,L,17,83.1083
L,1260817,200,222,77.99,78.20,77.47,L,18,83.8878
L,1260817,200,222,77.99,78.20,77.47,L,19,84.4625
L,1260817,200,222,77.99,78.20,77.47,L,20,86.7628
L,1260817,200,222,77.99,78.20,77.47,L,21,87.2220
L,1260817,200,222,77.99,78.20,77.47,L,22,86.3800
L,1260817,200,222,77.99,78.20,77.47,L,23,88.0134
L,1260817,200,222,77.99,78.20,77.47,L,24,86.6636
L,1260817,200,222,77.99,78.20,77.47,L,25,87.8515
L,1260817,200,222,77.99,78.20,77.47,L,26,88.5250
L,1260817,200,222,77.99,78.20,77.47,L,27,89.2000
L,1260817,200,222,77.99,78.20,77.47,L,28,86.9517
L,1260817,200,222,77.99,78.20,77.47,L,29,89.7267
L,1260817,200,222,77.99,78.20,77.47,L,30,91.7750
L,1260817,200,222,77.99,78.20,77.47,L,31,95.2281
L,1260817,200,222,77.99,78.20,77.47,L,32,101.0180
L,1260817,200,222,77.99,78.20,77.47,L,33,108.5343
L,1260817,200,222,77.99,78.20,77.47,L,34,110.8262
L,1260817,200,222,77.99,78.20,77.47,L,35,104.6761
L,1260817,200,222,77.99,78.20,77.47,L,36,93.5950
L,1260817,200,222,77.99,78.20,77.47,L,37,103.4620
L,1260817,200,222,77.99,78.20,77.47,L,38,140.1071
L,1260817,200,222,77.99,78.20,77.47,L,39,164.9650
L,1260817,200,222,77.99,78.20,77.47,L,40,145.4000
K,1260817,200,222,77.99,78.20,77.47,79.1353,4
A,1260817,300,223,77.84,78.00,77.74,U,222,78.2000
L,1260817,300,223,77.84,78.00,77.74,L,0,76.8997
L,1260817,300,223,77.84,78.00,77.74,L,1,76.9196
L,1260817,300,223,77.84,78.00,77.74,L,2,76.9932
L,1260817,300,223,77.84,78.00,77.74,L,3,78.6108
L,1260817,300,223,77.84,78.00,77.74,L,4,79.3606
L,1260817,300,223,77.84,78.00,77.74,L,5,79.2204
L,1260817,300,223,77.84,78.00,77.74,L,6,79.5933
L,1260817,300,223,77.84,78.00,77.74,L,7,77.4523
L,1260817,300,223,77.84,78.00,77.74,L,8,77.9100
L,1260817,300,223,77.84,78.00,77.74,L,9,77.9587
L,1260817,300,223,77.84,78.00,77.74,L,10,79.2973
L,1260817,300,223,77.84,78.00,77.74,L,11,79.1301
L,1260817,300,223,77.84,78.00,77.74,L,12,79.7253
L,1260817,300,223,77.84,78.00,77.74,L,13,78.7886
L,1260817,300,223,77.84,78.00,77.74,L,14,78.4382
L,1260817,300,223,77.84,78.00,77.74,L,15,80.3888
L,1260817,300,223,77.84,78.00,77.74,L,16,81.9506
L,1260817,300,223,77.84,78.00,77.74,L,17,83.2456
L,1260817,300,223,77.84,78.00,77.74,L,18,84.0290
L,1260817,300,223,77.84,78.00,77.74,L,19,84.6067
L,1260817,300,223,77.84,78.00,77.74,L,20,86.9188
L,1260817,300,223,77.84,78.00,77.74,L,21,87.3803
L,1260817,300,223,77.84,78.00,77.74,L,22,86.5340
L,1260817,300,223,77.84,78.00,77.74,L,23,88.1757
L,1260817,300,223,77.84,78.00,77.74,L,24,86.8191
L,1260817,300,223,77.84,78.00,77.74,L,25,88.0131
L,1260817,300,223,77.84,78.00,77.74,L,26,88.6900
L,1260817,300,223,77.84,78.00,77.74,L,27,89.3685
L,1260817,300,223,77.84,78.00,77.74,L,28,87.1086
L,1260817,300,223,77.84,78.00,77.74,L,29,89.8979
L,1260817,300,223,77.84,78.00,77.74,L,30,91.9567
L,1260817,300,223,77.84,78.00,77.74,L,31,95.4275
L,1260817,300,223,77.84,78.00,77.74,L,32,101.2471
L,1260817,300,223,77.84,78.00,77.74,L,33,108.8019
L,1260817,300,223,77.84,78.00,77.74,L,34,111.1056
L,1260817,300,223,77.84,78.00,77.74,L,35,104.9239
L,1260817,300,223,77.84,78.00,77.74,L,36,93.7860
L,1260817,300,223,77.84,78.00,77.74,L,37,103.7036
L,1260817,300,223,77.84,78.00,77.74,L,38,140.5367
L,1260817,300,223,77.84,78.00,77.74,L,39,165.5220
L,1260817,300,223,77.84,78.00,77.74,L,40,145.8567
K,1260817,300,223,77.84,78.00,77.74,76.9375,3
L,1260817,400,224,78.09,78.28,77.80,L,0,77.0045
L,1260817,400,224,78.09,78.28,77.80,L,1,77.0245
L,1260817,400,224,78.09,78.28,77.80,L,2,77.0985
L,1260817,400,224,78.09,78.28,77.80,L,3,78.7244
L,1260817,400,224,78.09,78.28,77.80,L,4,79.4780
L,1260817,400,224,78.09,78.28,77.80,L,5,79.3371
L,1260817,400,224,78.09,78.28,77.80,L,6,79.7119
L,1260817,400,224,78.09,78.28,77.80,L,7,77.5599
L,1260817,400,224,78.09,78.28,77.80,L,8,78.0200
L,1260817,400,224,78.09,78.28,77.80,L,9,78.0689
L,1260817,400,224,78.09,78.28,77.80,L,10,79.4144
L,1260817,400,224,78.09,78.28,77.80,L,11,79.2464
L,1260817,400,224,78.09,78.28,77.80,L,12,79.8446
L,1260817,400,224,78.09,78.28,77.80,L,13,78.9031
L,1260817,400,224,78.09,78.28,77.80,L,14,78.5509
L,1260817,400,224,78.09,78.28,77.80,L,15,80.5115
L,1260817,400,224,78.09,78.28,77.80,L,16,82.0812
L,1260817,400,224,78.09,78.28,77.80,L,17,83.3828
L,1260817,400,224,78.09,78.28,77.80,L,18,84.1702
L,1260817,400,224,78.09,78.28,77.80,L,19,84.7508
L,1260817,400,224,78.09,78.28,77.80,L,20,87.0748
L,1260817,400,224,78.09,78.28,77.80,L,21,87.5386
L,1260817,400,224,78.09,78.28,77.80,L,22,86.6880
L,1260817,400,224,78.09,78.28,77.80,L,23,88.3381
L,1260817,400,224,78.09,78.28,77.80,L,24,86.9745
L,1260817,400,224,78.09,78.28,77.80,L,25,88.1746
L,1260817,400,224,78.09,78.28,77.80,L,26,88.8550
L,1260817,400,224,78.09,78.28,77.80,L,27,89.5369
L,1260817,400,224,78.09,78.28,77.80,L,28,87.2656
L,1260817,400,224,78.09,78.28,77.80,L,29,90.0691
L,1260817,400,224,78.09,78.28,77.80,L,30,92.1383
L,1260817,400,224,78.09,78.28,77.80,L,31,95.6269
L,1260817,400,224,78.09,78.28,77.80,L,32,101.4761
L,1260817,400,224,78.09,78.28,77.80,L,33,109.0696
L,1260817,400,224,78.09,78.28,77.80,L,34,111.3849
L,1260817,400,224,78.09,78.28,77.80,L,35,105.1717
L,1260817,400,224,78.09,78.28,77.80,L,36,93.9770
L,1260817,400,224,78.09,78.28,77.80,L,37,103.9452
L,1260817,400,224,78.09,78.28,77.80,L,38,140.9662
L,1260817,400,224,78.09,78.28,77.80,L,39,166.0790
L,1260817,400,224,78.09,78.28,77.80,L,40,146.3133
K,1260817,400,224,78.09,78.28,77.80,79.3690,4
A,1260817,500,225,77.88,78.16,77.87,U,224,78.2800
L,1260817,500,225,77.88,78.16,77.87,L,0,77.1094
L,1260817,500,225,77.88,78.16,77.87,L,1,77.1295
L,1260817,500,225,77.88,78.16,77.87,L,2,77.2039
L,1260817,500,225,77.88,78.16,77.87,L,3,78.8379
L,1260817,500,225,77.88,78.16,77.87,L,4,79.5954
L,1260817,500,225,77.88,78.16,77.87,L,5,79.4538
L,1260817,500,225,77.88,78.16,77.87,L,6,79.8305
L,1260817,500,225,77.88,78.16,77.87,L,7,77.6676
L,1260817,500,225,77.88,78.16,77.87,L,8,78.1300
L,1260817,500,225,77.88,78.16,77.87,L,9,78.1792
L,1260817,500,225,77.88,78.16,77.87,L,10,79.5314
L,1260817,500,225,77.88,78.16,77.87,L,11,79.3626
L,1260817,500,225,77.88,78.16,77.87,L,12,79.9638
L,1260817,500,225,77.88,78.16,77.87,L,13,79.0176
L,1260817,500,225,77.88,78.16,77.87,L,14,78.6636
L,1260817,500,225,77.88,78.16,77.87,L,15,80.6341
L,1260817,500,225,77.88,78.16,77.87,L,16,82.2118
L,1260817,500,225,77.88,78.16,77.87,L,17,83.5200
L,1260817,500,225,77.88,78.16,77.87,L,18,84.3115
L,1260817,500,225,77.88,78.16,77.87,L,19,84.8950
L,1260817,500,225,77.88,78.16,77.87,L,20,87.2307
L,1260817,500,225,77.88,78.16,77.87,L,21,87.6969
L,1260817,500,225,77.88,78.16,77.87,L,22,86.8420
L,1260817,500,225,77.88,78.16,77.87,L,23,88.5005
L,1260817,500,225,77.88,78.16,77.87,L,24,87.1300
L,1260817,500,225,77.88,78.16,77.87,L,25,88.3362
L,1260817,500,225,77.88,78.16,77.87,L,26,89.0200
L,1260817,500,225,77.88,78.16,77.87,L,27,89.7054
L,1260817,500,225,77.88,78.16,77.87,L,28,87.4225
L,1260817,500,225,77.88,78.16,77.87,L,29,90.2402
L,1260817,500,225,77.88,78.16,77.87,L,30,92.3200
L,1260817,500,225,77.88,78.16,77.87,L,31,95.8262
L,1260817,500,225,77.88,78.16,77.87,L,32,101.7052
L,1260817,500,225,77.88,78.16,77.87,L,33,109.3372
L,1260817,500,225,77.88,78.16,77.87,L,34,111.6643
L,1260817,500,225,77.88,78.16,77.87,L,35,105.4196
L,1260817,500,225,77.88,78.16,77.87,L,36,94.1680
L,1260817,500,225,77.88,78.16,77.87,L,37,104.1868
L,1260817,500,225,77.88,78.16,77.87,L,38,141.3957
L,1260817,500,225,77.88,78.16,77.87,L,39,166.6360
L,1260817,500,225,77.88,78.16,77.87,L,40,146.7700
K,1260817,500,225,77.88,78.16,77.87,77.1476,3
L,1260817,600,226,77.23,77.88,77.09,L,0,77.2142
L,1260817,600,226,77.23,77.88,77.09,L,1,77.2344
L,1260817,600,226,77.23,77.88,77.09,L,2,77.3092
L,1260817,600,226,77.23,77.88,77.09,L,3,78.9515
L,1260817,600,226,77.23,77.88,77.09,L,4,79.7128
L,1260817,600,226,77.23,77.88,77.09,L,5,79.5705
L,1260817,600,226,77.23,77.88,77.09,L,6,79.9491
L,1260817,600,226,77.23,77.88,77.09,L,7,77.7753
L,1260817,600,226,77.23,77.88,77.09,L,8,78.2400
L,1260817,600,226,77.23,77.88,77.09,L,9,78.2894
L,1260817,600,226,77.23,77.88,77.09,L,10,79.6485
L,1260817,600,226,77.23,77.88,77.09,L,11,79.4788
L,1260817,600,226,77.23,77.88,77.09,L,12,80.0831
L,1260817,600,226,77.23,77.88,77.09,L,13,79.1321
L,1260817,600,226,77.23,77.88,77.09,L,14,78.7763
L,1260817,600,226,77.23,77.88,77.09,L,15,80.7568
L,1260817,600,226,77.23,77.88,77.09,L,16,82.3425
L,1260817,600,226,77.23,77.88,77.09,L,17,83.6572
L,1260817,600,226,77.23,77.88,77.09,L,18,84.4527
L,1260817,600,226,77.23,77.88,77.09,L,19,85.0392
L,1260817,600,226,77.23,77.88,77.09,L,20,87.3867
L,1260817,600,226,77.23,77.88,77.09,L,21,87.8552
L,1260817,600,226,77.23,77.88,77.09,L,22,86.9960
L,1260817,600,226,77.23,77.88,77.09,L,23,88.6629
L,1260817,600,226,77.23,77.88,77.09,L,24,87.2855
L,1260817,600,226,77.23,77.88,77.09,L,25,88.4977
L,1260817,600,226,77.23,77.88,77.09,L,26,89.1850
L,1260817,600,226,77.23,77.88,77.09,L,27,89.8738
L,1260817,600,226,77.23,77.88,77.09,L,28,87.5794
L,1260817,600,226,77.23,77.88,77.09,L,29,90.4114
L,1260817,600,226,77.23,77.88,77.09,L,30,92.5017
L,1260817,600,226,77.23,77.88,77.09,L,31,96.0256
L,1260817,600,226,77.23,77.88,77.09,L,32,101.9343
L,1260817,600,226,77.23,77.88,77.09,L,33,109.6048
L,1260817,600,226,77.23,77.88,77.09,L,34,111.9437
L,1260817,600,226,77.23,77.88,77.09,L,35,105.6674
L,1260817,600,226,77.23,77.88,77.09,L,36,94.3590
L,1260817,600,226,77.23,77.88,77.09,L,37,104.4284
L,1260817,600,226,77.23,77.88,77.09,L,38,141.8252
L,1260817,600,226,77.23,77.88,77.09,L,39,167.1930
L,1260817,600,226,77.23,77.88,77.09,L,40,147.2267
K,1260817,600,226,77.23,77.88,77.09,77.2526,3
L,1260817,700,227,77.49,77.73,76.97,L,0,77.3191
L,1260817,700,227,77.49,77.73,76.97,L,1,77.3394
L,1260817,700,227,77.49,77.73,76.97,L,2,77.4145
L,1260817,700,227,77.49,77.73,76.97,L,3,79.0651
L,1260817,700,227,77.49,77.73,76.97,L,4,79.8302
L,1260817,700,227,77.49,77.73,76.97,L,5,79.6871
L,1260817,700,227,77.49,77.73,76.97,L,6,80.0676
L,1260817,700,227,77.49,77.73,76.97,L,7,77.8829
L,1260817,700,227,77.49,77.73,76.97,L,8,78.3500
L,1260817,700,227,77.49,77.73,76.97,L,9,78.3997
L,1260817,700,227,77.49,77.73,76.97,L,10,79.7656
L,1260817,700,227,77.49,77.73,76.97,L,11,79.5950
L,1260817,700,227,77.49,77.73,76.97,L,12,80.2023
L,1260817,700,227,77.49,77.73,76.97,L,13,79.2466
L,1260817,700,227,77.49,77.73,76.97,L,14,78.8890
L,1260817,700,227,77.49,77.73,76.97,L,15,80.8794
L,1260817,700,227,77.49,77.73,76.97,L,16,82.4731
L,1260817,700,227,77.49,77.73,76.97,L,17,83.7944
L,1260817,700,227,77.49,77.73,76.97,L,18,84.5939
L,1260817,700,227,77.49,77.73,76.97,L,19,85.1833
L,1260817,700,227,77.49,77.73,76.97,L,20,87.5427
L,1260817,700,227,77.49,77.73,76.97,L,21,88.0136
L,1260817,700,227,77.49,77.73,76.97,L,22,87.1500
L,1260817,700,227,77.49,77.73,76.97,L,23,88.8252
L,1260817,700,227,77.49,77.73,76.97,L,24,87.4409
L,1260817,700,227,77.49,77.73,76.97,L,25,88.6593
L,1260817,700,227,77.49,77.73,76.97,L,26,89.3500
L,1260817,700,227,77.49,77.73,76.97,L,27,90.0423
L,1260817,700,227,77.49,77.73,76.97,L,28,87.7364
L,1260817,700,227,77.49,77.73,76.97,L,29,90.5826
L,1260817,700,227,77.49,77.73,76.97,L,30,92.6833
L,1260817,700,227,77.49,77.73,76.97,L,31,96.2250
L,1260817,700,227,77.49,77.73,76.97,L,32,102.1633
L,1260817,700,227,77.49,77.73,76.97,L,33,109.8724
L,1260817,700,227,77.49,77.73,76.97,L,34,112.2230
L,1260817,700,227,77.49,77.73,76.97,L,35,105.9152
L,1260817,700,227,77.49,77.73,76.97,L,36,94.5500
L,1260817,700,227,77.49,77.73,76.97,L,37,104.6700
L,1260817,700,227,77.49,77.73,76.97,L,38,142.2548
L,1260817,700,227,77.49,77.73,76.97,L,39,167.7500
L,1260817,700,227,77.49,77.73,76.97,L,40,147.6833
K,1260817,700,227,77.49,77.73,76.97,77.3576,3
L,1260817,800,228,77.57,77.59,76.92,L,0,77.4239
L,1260817,800,228,77.57,77.59,76.92,L,1,77.4443
L,1260817,800,228,77.57,77.59,76.92,L,2,77.5198
L,1260817,800,228,77.57,77.59,76.92,L,3,79.1787
L,1260817,800,228,77.57,77.59,76.92,L,4,79.9476
L,1260817,800,228,77.57,77.59,76.92,L,5,79.8038
L,1260817,800,228,77.57,77.59,76.92,L,6,80.1862
L,1260817,800,228,77.57,77.59,76.92,L,7,77.9906
L,1260817,800,228,77.57,77.59,76.92,L,8,78.4600
L,1260817,800,228,77.57,77.59,76.92,L,9,78.5099
L,1260817,800,228,77.57,77.59,76.92,L,10,79.8827
L,1260817,800,228,77.57,77.59,76.92,L,11,79.7113
L,1260817,800,228,77.57,77.59,76.92,L,12,80.3216
L,1260817,800,228,77.57,77.59,76.92,L,13,79.3610
L,1260817,800,228,77.57,77.59,76.92,L,14,79.0017
L,1260817,800,228,77.57,77.59,76.92,L,15,81.0021
L,1260817,800,228,77.57,77.59,76.92,L,16,82.6037
L,1260817,800,228,77.57,77.59,76.92,L,17,83.9317
L,1260817,800,228,77.57,77.59,76.92,L,18,84.7351
L,1260817,800,228,77.57,77.59,76.92,L,19,85.3275
L,1260817,800,228,77.57,77.59,76.92,L,20,87.6986
L,1260817,800,228,77.57,77.59,76.92,L,21,88.1719
L,1260817,800,228,77.57,77.59,76.92,L,22,87.3040
L,1260817,800,228,77.57,77.59,76.92,L,23,88.9876
L,1260817,800,228,77.57,77.59,76.92,L,24,87.5964
L,1260817,800,228,77.57,77.59,76.92,L,25,88.8208
L,1260817,800,228,77.57,77.59,76.92,L,26,89.5150
L,1260817,800,228,77.57,77.59,76.92,L,27,90.2108
L,1260817,800,228,77.57,77.59,76.92,L,28,87.8933
L,1260817,800,228,77.57,77.59,76.92,L,29,90.7537
L,1260817,800,228,77.57,77.59,76.92,L,30,92.8650
L,1260817,800,228,77.57,77.59,76.92,L,31,96.4244
L,1260817,800,228,77.57,77.59,76.92,L,32,102.3924
L,1260817,800,228,77.57,77.59,76.92,L,33,110.1400
L,1260817,800,228,77.57,77.59,76.92,L,34,112.5024
L,1260817,800,228,77.57,77.59,76.92,L,35,106.1630
L,1260817,800,228,77.57,77.59,76.92,L,36,94.7410
L,1260817,800,228,77.57,77.59,76.92,L,37,104.9116
L,1260817,800,228,77.57,77.59,76.92,L,38,142.6843
L,1260817,800,228,77.57,77.59,76.92,L,39,168.3070
L,1260817,800,228,77.57,77.59,76.92,L,40,148.1400
K,1260817,800,228,77.57,77.59,76.92,77.4627,3
L,1260817,900,229,77.55,77.90,77.31,L,0,77.0223
L,1260817,900,229,77.55,77.90,77.31,L,1,77.5288
L,1260817,900,229,77.55,77.90,77.31,L,2,77.5493
L,1260817,900,229,77.55,77.90,77.31,L,3,77.6252
L,1260817,900,229,77.55,77.90,77.31,L,4,79.2922
L,1260817,900,229,77.55,77.90,77.31,L,5,80.0650
L,1260817,900,229,77.55,77.90,77.31,L,6,79.9205
L,1260817,900,229,77.55,77.90,77.31,L,7,80.3048
L,1260817,900,229,77.55,77.90,77.31,L,8,78.0983
L,1260817,900,229,77.55,77.90,77.31,L,9,78.5700
L,1260817,900,229,77.55,77.90,77.31,L,10,78.6202
L,1260817,900,229,77.55,77.90,77.31,L,11,79.9997
L,1260817,900,229,77.55,77.90,77.31,L,12,79.8275
L,1260817,900,229,77.55,77.90,77.31,L,13,80.4409
L,1260817,900,229,77.55,77.90,77.31,L,14,79.4755
L,1260817,900,229,77.55,77.90,77.31,L,15,79.1144
L,1260817,900,229,77.55,77.90,77.31,L,16,81.1247
L,1260817,900,229,77.55,77.90,77.31,L,17,82.7343
L,1260817,900,229,77.55,77.90,77.31,L,18,84.0689
L,1260817,900,229,77.55,77.90,77.31,L,19,84.8763
L,1260817,900,229,77.55,77.90,77.31,L,20,85.4717
L,1260817,900,229,77.55,77.90,77.31,L,21,87.8546
L,1260817,900,229,77.55,77.90,77.31,L,22,88.3302
L,1260817,900,229,77.55,77.90,77.31,L,23,87.4580
L,1260817,900,229,77.55,77.90,77.31,L,24,89.1500
L,1260817,900,229,77.55,77.90,77.31,L,25,87.7518
L,1260817,900,229,77.55,77.90,77.31,L,26,88.9824
L,1260817,900,229,77.55,77.90,77.31,L,27,89.6800
L,1260817,900,229,77.55,77.90,77.31,L,28,90.3792
L,1260817,900,229,77.55,77.90,77.31,L,29,88.0502
L,1260817,900,229,77.55,77.90,77.31,L,30,90.9249
L,1260817,900,229,77.55,77.90,77.31,L,31,93.0467
L,1260817,900,229,77.55,77.90,77.31,L,32,96.6237
L,1260817,900,229,77.55,77.90,77.31,L,33,102.6215
L,1260817,900,229,77.55,77.90,77.31,L,34,110.4076
L,1260817,900,229,77.55,77.90,77.31,L,35,112.7817
L,1260817,900,229,77.55,77.90,77.31,L,36,106.4109
L,1260817,900,229,77.55,77.90,77.31,L,37,94.9320
L,1260817,900,229,77.55,77.90,77.31,L,38,105.1532
L,1260817,900,229,77.55,77.90,77.31,L,39,143.1138
L,1260817,900,229,77.55,77.90,77.31,L,40,168.8640
L,1260817,900,229,77.55,77.90,77.31,L,41,148.5967
K,1260817,900,229,77.55,77.90,77.31,77.5677,3
L,1260817,1000,230,77.13,77.57,77.06,U,0,77.8240
L,1260817,1000,230,77.13,77.57,77.06,L,0,77.1247
L,1260817,1000,230,77.13,77.57,77.06,L,1,77.6336
L,1260817,1000,230,77.13,77.57,77.06,L,2,77.6542
L,1260817,1000,230,77.13,77.57,77.06,L,3,77.7305
L,1260817,1000,230,77.13,77.57,77.06,L,4,79.4058
L,1260817,1000,230,77.13,77.57,77.06,L,5,80.1824
L,1260817,1000,230,77.13,77.57,77.06,L,6,80.0372
L,1260817,1000,230,77.13,77.57,77.06,L,7,80.4234
L,1260817,1000,230,77.13,77.57,77.06,L,8,78.2059
L,1260817,1000,230,77.13,77.57,77.06,L,9,78.6800
L,1260817,1000,230,77.13,77.57,77.06,L,10,78.7304
L,1260817,1000,230,77.13,77.57,77.06,L,11,80.1168
L,1260817,1000,230,77.13,77.57,77.06,L,12,79.9437
L,1260817,1000,230,77.13,77.57,77.06,L,13,80.5601
L,1260817,1000,230,77.13,77.57,77.06,L,14,79.5900
L,1260817,1000,230,77.13,77.57,77.06,L,15,79.2271
L,1260817,1000,230,77.13,77.57,77.06,L,16,81.2474
L,1260817,1000,230,77.13,77.57,77.06,L,17,82.8649
L,1260817,1000,230,77.13,77.57,77.06,L,18,84.2061
L,1260817,1000,230,77.13,77.57,77.06,L,19,85.0176
L,1260817,1000,230,77.13,77.57,77.06,L,20,85.6158
L,1260817,1000,230,77.13,77.57,77.06,L,21,88.0106
L,1260817,1000,230,77.13,77.57,77.06,L,22,88.4885
L,1260817,1000,230,77.13,77.57,77.06,L,23,87.6120
L,1260817,1000,230,77.13,77.57,77.06,L,24,89.3124
L,1260817,1000,230,77.13,77.57,77.06,L,25,87.9073
L,1260817,1000,230,77.13,77.57,77.06,L,26,89.1439
L,1260817,1000,230,77.13,77.57,77.06,L,27,89.8450
L,1260817,1000,230,77.13,77.57,77.06,L,28,90.5477
L,1260817,1000,230,77.13,77.57,77.06,L,29,88.2072
L,1260817,1000,230,77.13,77.57,77.06,L,30,91.0960
L,1260817,1000,230,77.13,77.57,77.06,L,31,93.2283
L,1260817,1000,230,77.13,77.57,77.06,L,32,96.8231
L,1260817,1000,230,77.13,77.57,77.06,L,33,102.8505
L,1260817,1000,230,77.13,77.57,77.06,L,34,110.6752
L,1260817,1000,230,77.13,77.57,77.06,L,35,113.0611
L,1260817,1000,230,77.13,77.57,77.06,L,36,106.6587
L,1260817,1000,230,77.13,77.57,77.06,L,37,95.1230
L,1260817,1000,230,77.13,77.57,77.06,L,38,105.3948
L,1260817,1000,230,77.13,77.57,77.06,L,39,143.5433
L,1260817,1000,230,77.13,77.57,77.06,L,40,169.4210
L,1260817,1000,230,77.13,77.57,77.06,L,41,149.0533
K,1260817,1000,230,77.13,77.57,77.06,77.7106,4
L,1260817,1100,231,76.50,77.15,76.38,U,0,77.7480
L,1260817,1100,231,76.50,77.15,76.38,L,0,77.2270
L,1260817,1100,231,76.50,77.15,76.38,L,1,77.7385
L,1260817,1100,231,76.50,77.15,76.38,L,2,77.7591
L,1260817,1100,231,76.50,77.15,76.38,L,3,77.8358
L,1260817,1100,231,76.50,77.15,76.38,L,4,79.5194
L,1260817,1100,231,76.50,77.15,76.38,L,5,80.2998
L,1260817,1100,231,76.50,77.15,76.38,L,6,80.1539
L,1260817,1100,231,76.50,77.15,76.38,L,7,80.5420
L,1260817,1100,231,76.50,77.15,76.38,L,8,78.3136
L,1260817,1100,231,76.50,77.15,76.38,L,9,78.7900
L,1260817,1100,231,76.50,77.15,76.38,L,10,78.8407
L,1260817,1100,231,76.50,77.15,76.38,L,11,80.2339
L,1260817,1100,231,76.50,77.15,76.38,L,12,80.0599
L,1260817,1100,231,76.50,77.15,76.38,L,13,80.6794
L,1260817,1100,231,76.50,77.15,76.38,L,14,79.7045
L,1260817,1100,231,76.50,77.15,76.38,L,15,79.3398
L,1260817,1100,231,76.50,77.15,76.38,L,16,81.3700
L,1260817,1100,231,76.50,77.15,76.38,L,17,82.9955
L,1260817,1100,231,76.50,77.15,76.38,L,18,84.3433
L,1260817,1100,231,76.50,77.15,76.38,L,19,85.1588
L,1260817,1100,231,76.50,77.15,76.38,L,20,85.7600
L,1260817,1100,231,76.50,77.15,76.38,L,21,88.1665
L,1260817,1100,231,76.50,77.15,76.38,L,22,88.6468
L,1260817,1100,231,76.50,77.15,76.38,L,23,87.7660
L,1260817,1100,231,76.50,77.15,76.38,L,24,89.4748
L,1260817,1100,231,76.50,77.15,76.38,L,25,88.0627
L,1260817,1100,231,76.50,77.15,76.38,L,26,89.3055
L,1260817,1100,231,76.50,77.15,76.38,L,27,90.0100
L,1260817,1100,231,76.50,77.15,76.38,L,28,90.7162
L,1260817,1100,231,76.50,77.15,76.38,L,29,88.3641
L,1260817,1100,231,76.50,77.15,76.38,L,30,91.2672
L,1260817,1100,231,76.50,77.15,76.38,L,31,93.4100
L,1260817,1100,231,76.50,77.15,76.38,L,32,97.0225
L,1260817,1100,231,76.50,77.15,76.38,L,33,103.0796
L,1260817,1100,231,76.50,77.15,76.38,L,34,110.9428
L,1260817,1100,231,76.50,77.15,76.38,L,35,113.3405
L,1260817,1100,231,76.50,77.15,76.38,L,36,106.9065
L,1260817,1100,231,76.50,77.15,76.38,L,37,95.3140
L,1260817,1100,231,76.50,77.15,76.38,L,38,105.6364
L,1260817,1100,231,76.50,77.15,76.38,L,39,143.9729
L,1260817,1100,231,76.50,77.15,76.38,L,40,169.9780
L,1260817,1100,231,76.50,77.15,76.38,L,41,149.5100
X,1260817,1100,231,76.50,77.15,76.38,77.7527
X,1260817,1100,231,76.50,77.15,76.38,77.7848
K,1260817,1100,231,76.50,77.15,76.38,77.7704,4
Q,1260817,1100,231,76.50,77.15,76.38,77.7527,2
L,1260817,1200,232,76.66,76.76,76.34,U,0,77.6720
L,1260817,1200,232,76.66,76.76,76.34,L,0,77.3294
L,1260817,1200,232,76.66,76.76,76.34,L,1,77.8433
L,1260817,1200,232,76.66,76.76,76.34,L,2,77.8641
L,1260817,1200,232,76.66,76.76,76.34,L,3,77.9411
L,1260817,1200,232,76.66,76.76,76.34,L,4,79.6330
L,1260817,1200,232,76.66,76.76,76.34,L,5,80.4172
L,1260817,1200,232,76.66,76.76,76.34,L,6,80.2706
L,1260817,1200,232,76.66,76.76,76.34,L,7,80.6606
L,1260817,1200,232,76.66,76.76,76.34,L,8,78.4213
L,1260817,1200,232,76.66,76.76,76.34,L,9,78.9000
L,1260817,1200,232,76.66,76.76,76.34,L,10,78.9509
L,1260817,1200,232,76.66,76.76,76.34,L,11,80.3510
L,1260817,1200,232,76.66,76.76,76.34,L,12,80.1762
L,1260817,1200,232,76.66,76.76,76.34,L,13,80.7987
L,1260817,1200,232,76.66,76.76,76.34,L,14,79.8190
L,1260817,1200,232,76.66,76.76,76.34,L,15,79.4525
L,1260817,1200,232,76.66,76.76,76.34,L,16,81.4926
L,1260817,1200,232,76.66,76.76,76.34,L,17,83.1262
L,1260817,1200,232,76.66,76.76,76.34,L,18,84.4806
L,1260817,1200,232,76.66,76.76,76.34,L,19,85.3000
L,1260817,1200,232,76.66,76.76,76.34,L,20,85.9042
L,1260817,1200,232,76.66,76.76,76.34,L,21,88.3225
L,1260817,1200,232,76.66,76.76,76.34,L,22,88.8051
L,1260817,1200,232,76.66,76.76,76.34,L,23,87.9200
L,1260817,1200,232,76.66,76.76,76.34,L,24,89.6371
L,1260817,1200,232,76.66,76.76,76.34,L,25,88.2182
L,1260817,1200,232,76.66,76.76,76.34,L,26,89.4670
L,1260817,1200,232,76.66,76.76,76.34,L,27,90.1750
L,1260817,1200,232,76.66,76.76,76.34,L,28,90.8846
L,1260817,1200,232,76.66,76.76,76.34,L,29,88.5210
L,1260817,1200,232,76.66,76.76,76.34,L,30,91.4384
L,1260817,1200,232,76.66,76.76,76.34,L,31,93.5917
L,1260817,1200,232,76.66,76.76,76.34,L,32,97.2219
L,1260817,1200,232,76.66,76.76,76.34,L,33,103.3087
L,1260817,1200,232,76.66,76.76,76.34,L,34,111.2104
L,1260817,1200,232,76.66,76.76,76.34,L,35,113.6198
L,1260817,1200,232,76.66,76.76,76.34,L,36,107.1543
L,1260817,1200,232,76.66,76.76,76.34,L,37,95.5050
L,1260817,1200,232,76.66,76.76,76.34,L,38,105.8780
L,1260817,1200,232,76.66,76.76,76.34,L,39,144.4024
L,1260817,1200,232,76.66,76.76,76.34,L,40,170.5350
L,1260817,1200,232,76.66,76.76,76.34,L,41,149.9667
X,1260817,1200,232,76.66,76.76,76.34,77.7440
K,1260817,1200,232,76.66,76.76,76.34,77.8301,4
Q,1260817,1200,232,76.66,76.76,76.34,77.7440,3
L,1260817,1300,233,76.40,76.67,76.21,U,0,77.5960
L,1260817,1300,233,76.40,76.67,76.21,L,0,77.4317
L,1260817,1300,233,76.40,76.67,76.21,L,1,77.9481
L,1260817,1300,233,76.40,76.67,76.21,L,2,77.9690
L,1260817,1300,233,76.40,76.67,76.21,L,3,78.0465
L,1260817,1300,233,76.40,76.67,76.21,L,4,79.7465
L,1260817,1300,233,76.40,76.67,76.21,L,5,80.5346
L,1260817,1300,233,76.40,76.67,76.21,L,6,80.3873
L,1260817,1300,233,76.40,76.67,76.21,L,7,80.7792
L,1260817,1300,233,76.40,76.67,76.21,L,8,78.5289
L,1260817,1300,233,76.40,76.67,76.21,L,9,79.0100
L,1260817,1300,233,76.40,76.67,76.21,L,10,79.0612
L,1260817,1300,233,76.40,76.67,76.21,L,11,80.4681
L,1260817,1300,233,76.40,76.67,76.21,L,12,80.2924
L,1260817,1300,233,76.40,76.67,76.21,L,13,80.9179
L,1260817,1300,233,76.40,76.67,76.21,L,14,79.9334
L,1260817,1300,233,76.40,76.67,76.21,L,15,79.5652
L,1260817,1300,233,76.40,76.67,76.21,L,16,81.6153
L,1260817,1300,233,76.40,76.67,76.21,L,17,83.2568
L,1260817,1300,233,76.40,76.67,76.21,L,18,84.6178
L,1260817,1300,233,76.40,76.67,76.21,L,19,85.4412
L,1260817,1300,233,76.40,76.67,76.21,L,20,86.0483
L,1260817,1300,233,76.40,76.67,76.21,L,21,88.4784
L,1260817,1300,233,76.40,76.67,76.21,L,22,88.9635
L,1260817,1300,233,76.40,76.67,76.21,L,23,88.0740
L,1260817,1300,233,76.40,76.67,76.21,L,24,89.7995
L,1260817,1300,233,76.40,76.67,76.21,L,25,88.3736
L,1260817,1300,233,76.40,76.67,76.21,L,26,89.6286
L,1260817,1300,233,76.40,76.67,76.21,L,27,90.3400
L,1260817,1300,233,76.40,76.67,76.21,L,28,91.0531
L,1260817,1300,233,76.40,76.67,76.21,L,29,88.6780
L,1260817,1300,233,76.40,76.67,76.21,L,30,91.6095
L,1260817,1300,233,76.40,76.67,76.21,L,31,93.7733
L,1260817,1300,233,76.40,76.67,76.21,L,32,97.4212
L,1260817,1300,233,76.40,76.67,76.21,L,33,103.5377
L,1260817,1300,233,76.40,76.67,76.21,L,34,111.4781
L,1260817,1300,233,76.40,76.67,76.21,L,35,113.8992
L,1260817,1300,233,76.40,76.67,76.21,L,36,107.4022
L,1260817,1300,233,76.40,76.67,76.21,L,37,95.6960
L,1260817,1300,233,76.40,76.67,76.21,L,38,106.1196
L,1260817,1300,233,76.40,76.67,76.21,L,39,144.8319
L,1260817,1300,233,76.40,76.67,76.21,L,40,171.0920
L,1260817,1300,233,76.40,76.67,76.21,L,41,150.4233
L,1260817,1400,234,76.29,76.45,76.13,U,0,77.5200
L,1260817,1400,234,76.29,76.45,76.13,L,0,77.5340
L,1260817,1400,234,76.29,76.45,76.13,L,1,78.0530
L,1260817,1400,234,76.29,76.45,76.13,L,2,78.0740
L,1260817,1400,234,76.29,76.45,76.13,L,3,78.1518
L,1260817,1400,234,76.29,76.45,76.13,L,4,79.8601
L,1260817,1400,234,76.29,76.45,76.13,L,5,80.6520
L,1260817,1400,234,76.29,76.45,76.13,L,6,80.5039
L,1260817,1400,234,76.29,76.45,76.13,L,7,80.8978
L,1260817,1400,234,76.29,76.45,76.13,L,8,78.6366
L,1260817,1400,234,76.29,76.45,76.13,L,9,79.1200
L,1260817,1400,234,76.29,76.45,76.13,L,10,79.1714
L,1260817,1400,234,76.29,76.45,76.13,L,11,80.5851
L,1260817,1400,234,76.29,76.45,76.13,L,12,80.4086
L,1260817,1400,234,76.29,76.45,76.13,L,13,81.0372
L,1260817,1400,234,76.29,76.45,76.13,L,14,80.0479
L,1260817,1400,234,76.29,76.45,76.13,L,15,79.6779
L,1260817,1400,234,76.29,76.45,76.13,L,16,81.7379
L,1260817,1400,234,76.29,76.45,76.13,L,17,83.3874
L,1260817,1400,234,76.29,76.45,76.13,L,18,84.7550
L,1260817,1400,234,76.29,76.45,76.13,L,19,85.5824
L,1260817,1400,234,76.29,76.45,76.13,L,20,86.1925
L,1260817,1400,234,76.29,76.45,76.13,L,21,88.6344
L,1260817,1400,234,76.29,76.45,76.13,L,22,89.1218
L,1260817,1400,234,76.29,76.45,76.13,L,23,88.2280
L,1260817,1400,234,76.29,76.45,76.13,L,24,89.9619
L,1260817,1400,234,76.29,76.45,76.13,L,25,88.5291
L,1260817,1400,234,76.29,76.45,76.13,L,26,89.7901
L,1260817,1400,234,76.29,76.45,76.13,L,27,90.5050
L,1260817,1400,234,76.29,76.45,76.13,L,28,91.2215
L,1260817,1400,234,76.29,76.45,76.13,L,29,88.8349
L,1260817,1400,234,76.29,76.45,76.13,L,30,91.7807
L,1260817,1400,234,76.29,76.45,76.13,L,31,93.9550
L,1260817,1400,234,76.29,76.45,76.13,L,32,97.6206
L,1260817,1400,234,76.29,76.45,76.13,L,33,103.7668
L,1260817,1400,234,76.29,76.45,76.13,L,34,111.7457
L,1260817,1400,234,76.29,76.45,76.13,L,35,114.1786
L,1260817,1400,234,76.29,76.45,76.13,L,36,107.6500
L,1260817,1400,234,76.29,76.45,76.13,L,37,95.8870
L,1260817,1400,234,76.29,76.45,76.13,L,38,106.3612
L,1260817,1400,234,76.29,76.45,76.13,L,39,145.2614
L,1260817,1400,234,76.29,76.45,76.13,L,40,171.6490
L,1260817,1400,234,76.29,76.45,76.13,L,41,150.8800
X,1260817,1400,234,76.29,76.45,76.13,77.5260
Q,1260817,1400,234,76.29,76.45,76.13,77.5260,4
L,1260817,1500,235,76.25,76.34,76.22,U,0,77.4440
L,1260817,1500,235,76.25,76.34,76.22,L,0,76.2256
L,1260817,1500,235,76.25,76.34,76.22,L,1,77.6364
L,1260817,1500,235,76.25,76.34,76.22,L,2,78.1578
L,1260817,1500,235,76.25,76.34,76.22,L,3,78.1789
L,1260817,1500,235,76.25,76.34,76.22,L,4,78.2571
L,1260817,1500,235,76.25,76.34,76.22,L,5,79.9737
L,1260817,1500,235,76.25,76.34,76.22,L,6,80.7694
L,1260817,1500,235,76.25,76.34,76.22,L,7,80.6206
L,1260817,1500,235,76.25,76.34,76.22,L,8,81.0164
L,1260817,1500,235,76.25,76.34,76.22,L,9,78.7443
L,1260817,1500,235,76.25,76.34,76.22,L,10,79.2300
L,1260817,1500,235,76.25,76.34,76.22,L,11,79.2817
L,1260817,1500,235,76.25,76.34,76.22,L,12,80.7022
L,1260817,1500,235,76.25,76.34,76.22,L,13,80.5248
L,1260817,1500,235,76.25,76.34,76.22,L,14,81.1564
L,1260817,1500,235,76.25,76.34,76.22,L,15,80.1624
L,1260817,1500,235,76.25,76.34,76.22,L,16,79.7906
L,1260817,1500,235,76.25,76.34,76.22,L,17,81.8606
L,1260817,1500,235,76.25,76.34,76.22,L,18,83.5180
L,1260817,1500,235,76.25,76.34,76.22,L,19,84.8922
L,1260817,1500,235,76.25,76.34,76.22,L,20,85.7237
L,1260817,1500,235,76.25,76.34,76.22,L,21,86.3367
L,1260817,1500,235,76.25,76.34,76.22,L,22,88.7904
L,1260817,1500,235,76.25,76.34,76.22,L,23,89.2801
L,1260817,1500,235,76.25,76.34,76.22,L,24,88.3820
L,1260817,1500,235,76.25,76.34,76.22,L,25,90.1243
L,1260817,1500,235,76.25,76.34,76.22,L,26,88.6845
L,1260817,1500,235,76.25,76.34,76.22,L,27,89.9516
L,1260817,1500,235,76.25,76.34,76.22,L,28,90.6700
L,1260817,1500,235,76.25,76.34,76.22,L,29,91.3900
L,1260817,1500,235,76.25,76.34,76.22,L,30,88.9918
L,1260817,1500,235,76.25,76.34,76.22,L,31,91.9519
L,1260817,1500,235,76.25,76.34,76.22,L,32,94.1367
L,1260817,1500,235,76.25,76.34,76.22,L,33,97.8200
L,1260817,1500,235,76.25,76.34,76.22,L,34,103.9959
L,1260817,1500,235,76.25,76.34,76.22,L,35,112.0133
L,1260817,1500,235,76.25,76.34,76.22,L,36,114.4579
L,1260817,1500,235,76.25,76.34,76.22,L,37,107.8978
L,1260817,1500,235,76.25,76.34,76.22,L,38,96.0780
L,1260817,1500,235,76.25,76.34,76.22,L,39,106.6028
L,1260817,1500,235,76.25,76.34,76.22,L,40,145.6910
L,1260817,1500,235,76.25,76.34,76.22,L,41,172.2060
L,1260817,1500,235,76.25,76.34,76.22,L,42,151.3367
L,1260817,1600,236,76.30,76.38,76.20,U,0,77.3680
L,1260817,1600,236,76.30,76.38,76.20,L,0,76.3211
L,1260817,1600,236,76.30,76.38,76.20,L,1,77.7387
L,1260817,1600,236,76.30,76.38,76.20,L,2,78.2627
L,1260817,1600,236,76.30,76.38,76.20,L,3,78.2839
L,1260817,1600,236,76.30,76.38,76.20,L,4,78.3624
L,1260817,1600,236,76.30,76.38,76.20,L,5,80.0873
L,1260817,1600,236,76.30,76.38,76.20,L,6,80.8868
L,1260817,1600,236,76.30,76.38,76.20,L,7,80.7373
L,1260817,1600,236,76.30,76.38,76.20,L,8,81.1349
L,1260817,1600,236,76.30,76.38,76.20,L,9,78.8519
L,1260817,1600,236,76.30,76.38,76.20,L,10,79.3400
L,1260817,1600,236,76.30,76.38,76.20,L,11,79.3919
L,1260817,1600,236,76.30,76.38,76.20,L,12,80.8193
L,1260817,1600,236,76.30,76.38,76.20,L,13,80.6411
L,1260817,1600,236,76.30,76.38,76.20,L,14,81.2757
L,1260817,1600,236,76.30,76.38,76.20,L,15,80.2769
L,1260817,1600,236,76.30,76.38,76.20,L,16,79.9033
L,1260817,1600,236,76.30,76.38,76.20,L,17,81.9832
L,1260817,1600,236,76.30,76.38,76.20,L,18,83.6486
L,1260817,1600,236,76.30,76.38,76.20,L,19,85.0294
L,1260817,1600,236,76.30,76.38,76.20,L,20,85.8649
L,1260817,1600,236,76.30,76.38,76.20,L,21,86.4808
L,1260817,1600,236,76.30,76.38,76.20,L,22,88.9463
L,1260817,1600,236,76.30,76.38,76.20,L,23,89.4384
L,1260817,1600,236,76.30,76.38,76.20,L,24,88.5360
L,1260817,1600,236,76.30,76.38,76.20,L,25,90.2866
L,1260817,1600,236,76.30,76.38,76.20,L,26,88.8400
L,1260817,1600,236,76.30,76.38,76.20,L,27,90.1132
L,1260817,1600,236,76.30,76.38,76.20,L,28,90.8350
L,1260817,1600,236,76.30,76.38,76.20,L,29,91.5585
L,1260817,1600,236,76.30,76.38,76.20,L,30,89.1487
L,1260817,1600,236,76.30,76.38,76.20,L,31,92.1230
L,1260817,1600,236,76.30,76.38,76.20,L,32,94.3183
L,1260817,1600,236,76.30,76.38,76.20,L,33,98.0194
L,1260817,1600,236,76.30,76.38,76.20,L,34,104.2249
L,1260817,1600,236,76.30,76.38,76.20,L,35,112.2809
L,1260817,1600,236,76.30,76.38,76.20,L,36,114.7373
L,1260817,1600,236,76.30,76.38,76.20,L,37,108.1457
L,1260817,1600,236,76.30,76.38,76.20,L,38,96.2690
L,1260817,1600,236,76.30,76.38,76.20,L,39,106.8444
L,1260817,1600,236,76.30,76.38,76.20,L,40,146.1205
L,1260817,1600,236,76.30,76.38,76.20,L,41,172.7630
L,1260817,1600,236,76.30,76.38,76.20,L,42,151.7933
L,1260817,1700,237,76.43,76.46,76.25,U,0,77.2920
L,1260817,1700,237,76.43,76.46,76.25,L,0,76.2950
L,1260817,1700,237,76.43,76.46,76.25,L,1,76.4167
L,1260817,1700,237,76.43,76.46,76.25,L,2,77.8410
L,1260817,1700,237,76.43,76.46,76.25,L,3,78.3675
L,1260817,1700,237,76.43,76.46,76.25,L,4,78.3888
L,1260817,1700,237,76.43,76.46,76.25,L,5,78.4677
L,1260817,1700,237,76.43,76.46,76.25,L,6,80.2008
L,1260817,1700,237,76.43,76.46,76.25,L,7,81.0042
L,1260817,1700,237,76.43,76.46,76.25,L,8,80.8540
L,1260817,1700,237,76.43,76.46,76.25,L,9,81.2535
L,1260817,1700,237,76.43,76.46,76.25,L,10,78.9596
L,1260817,1700,237,76.43,76.46,76.25,L,11,79.4500
L,1260817,1700,237,76.43,76.46,76.25,L,12,79.5022
L,1260817,1700,237,76.43,76.46,76.25,L,13,80.9364
L,1260817,1700,237,76.43,76.46,76.25,L,14,80.7573
L,1260817,1700,237,76.43,76.46,76.25,L,15,81.3950
L,1260817,1700,237,76.43,76.46,76.25,L,16,80.3914
L,1260817,1700,237,76.43,76.46,76.25,L,17,80.0160
L,1260817,1700,237,76.43,76.46,76.25,L,18,82.1059
L,1260817,1700,237,76.43,76.46,76.25,L,19,83.7792
L,1260817,1700,237,76.43,76.46,76.25,L,20,85.1667
L,1260817,1700,237,76.43,76.46,76.25,L,21,86.0061
L,1260817,1700,237,76.43,76.46,76.25,L,22,86.6250
L,1260817,1700,237,76.43,76.46,76.25,L,23,89.1023
L,1260817,1700,237,76.43,76.46,76.25,L,24,89.5967
L,1260817,1700,237,76.43,76.46,76.25,L,25,88.6900
L,1260817,1700,237,76.43,76.46,76.25,L,26,90.4490
L,1260817,1700,237,76.43,76.46,76.25,L,27,88.9955
L,1260817,1700,237,76.43,76.46,76.25,L,28,90.2747
L,1260817,1700,237,76.43,76.46,76.25,L,29,91.0000
L,1260817,1700,237,76.43,76.46,76.25,L,30,91.7269
L,1260817,1700,237,76.43,76.46,76.25,L,31,89.3057
L,1260817,1700,237,76.43,76.46,76.25,L,32,92.2942
L,1260817,1700,237,76.43,76.46,76.25,L,33,94.5000
L,1260817,1700,237,76.43,76.46,76.25,L,34,98.2187
L,1260817,1700,237,76.43,76.46,76.25,L,35,104.4540
L,1260817,1700,237,76.43,76.46,76.25,L,36,112.5485
L,1260817,1700,237,76.43,76.46,76.25,L,37,115.0167
L,1260817,1700,237,76.43,76.46,76.25,L,38,108.3935
L,1260817,1700,237,76.43,76.46,76.25,L,39,96.4600
L,1260817,1700,237,76.43,76.46,76.25,L,40,107.0860
L,1260817,1700,237,76.43,76.46,76.25,L,41,146.5500
L,1260817,1700,237,76.43,76.46,76.25,L,42,173.3200
L,1260817,1700,237,76.43,76.46,76.25,L,43,152.2500
L,1260818,200,238,73.93,75.12,73.72,U,0,76.3200
L,1260818,200,238,73.93,75.12,73.72,U,1,77.2160
L,1260818,200,238,73.93,75.12,73.72,L,0,76.3900
L,1260818,200,238,73.93,75.12,73.72,L,1,76.5122
L,1260818,200,238,73.93,75.12,73.72,L,2,77.9434
L,1260818,200,238,73.93,75.12,73.72,L,3,78.4724
L,1260818,200,238,73.93,75.12,73.72,L,4,78.4938
L,1260818,200,238,73.93,75.12,73.72,L,5,78.5731
L,1260818,200,238,73.93,75.12,73.72,L,6,80.3144
L,1260818,200,238,73.93,75.12,73.72,L,7,81.1216
L,1260818,200,238,73.93,75.12,73.72,L,8,80.9707
L,1260818,200,238,73.93,75.12,73.72,L,9,81.3721
L,1260818,200,238,73.93,75.12,73.72,L,10,79.0672
L,1260818,200,238,73.93,75.12,73.72,L,11,79.5600
L,1260818,200,238,73.93,75.12,73.72,L,12,79.6124
L,1260818,200,238,73.93,75.12,73.72,L,13,81.0534
L,1260818,200,238,73.93,75.12,73.72,L,14,80.8735
L,1260818,200,238,73.93,75.12,73.72,L,15,81.5142
L,1260818,200,238,73.93,75.12,73.72,L,16,80.5059
L,1260818,200,238,73.93,75.12,73.72,L,17,80.1287
L,1260818,200,238,73.93,75.12,73.72,L,18,82.2285
L,1260818,200,238,73.93,75.12,73.72,L,19,83.9098
L,1260818,200,238,73.93,75.12,73.72,L,20,85.3039
L,1260818,200,238,73.93,75.12,73.72,L,21,86.1473
L,1260818,200,238,73.93,75.12,73.72,L,22,86.7692
L,1260818,200,238,73.93,75.12,73.72,L,23,89.2583
L,1260818,200,238,73.93,75.12,73.72,L,24,89.7550
L,1260818,200,238,73.93,75.12,73.72,L,25,88.8440
L,1260818,200,238,73.93,75.12,73.72,L,26,90.6114
L,1260818,200,238,73.93,75.12,73.72,L,27,89.1509
L,1260818,200,238,73.93,75.12,73.72,L,28,90.4363
L,1260818,200,238,73.93,75.12,73.72,L,29,91.1650
L,1260818,200,238,73.93,75.12,73.72,L,30,91.8954
L,1260818,200,238,73.93,75.12,73.72,L,31,89.4626
L,1260818,200,238,73.93,75.12,73.72,L,32,92.4653
L,1260818,200,238,73.93,75.12,73.72,L,33,94.6817
L,1260818,200,238,73.93,75.12,73.72,L,34,98.4181
L,1260818,200,238,73.93,75.12,73.72,L,35,104.6831
L,1260818,200,238,73.93,75.12,73.72,L,36,112.8161
L,1260818,200,238,73.93,75.12,73.72,L,37,115.2960
L,1260818,200,238,73.93,75.12,73.72,L,38,108.6413
L,1260818,200,238,73.93,75.12,73.72,L,39,96.6510
L,1260818,200,238,73.93,75.12,73.72,L,40,107.3276
L,1260818,200,238,73.93,75.12,73.72,L,41,146.9795
L,1260818,200,238,73.93,75.12,73.72,L,42,173.8770
L,1260818,200,238,73.93,75.12,73.72,L,43,152.7067
X,1260818,200,238,73.93,75.12,73.72,76.3617
X,1260818,200,238,73.93,75.12,73.72,76.4342
Q,1260818,200,238,73.93,75.12,73.72,76.3617,2
L,1260818,300,239,73.68,74.01,73.35,U,0,76.1800
L,1260818,300,239,73.68,74.01,73.35,U,1,77.1400
L,1260818,300,239,73.68,74.01,73.35,L,0,76.4849
L,1260818,300,239,73.68,74.01,73.35,L,1,76.6078
L,1260818,300,239,73.68,74.01,73.35,L,2,78.0457
L,1260818,300,239,73.68,74.01,73.35,L,3,78.5772
L,1260818,300,239,73.68,74.01,73.35,L,4,78.5987
L,1260818,300,239,73.68,74.01,73.35,L,5,78.6784
L,1260818,300,239,73.68,74.01,73.35,L,6,80.4280
L,1260818,300,239,73.68,74.01,73.35,L,7,81.2390
L,1260818,300,239,73.68,74.01,73.35,L,8,81.0874
L,1260818,300,239,73.68,74.01,73.35,L,9,81.4907
L,1260818,300,239,73.68,74.01,73.35,L,10,79.1749
L,1260818,300,239,73.68,74.01,73.35,L,11,79.6700
L,1260818,300,239,73.68,74.01,73.35,L,12,79.7227
L,1260818,300,239,73.68,74.01,73.35,L,13,81.1705
L,1260818,300,239,73.68,74.01,73.35,L,14,80.9897
L,1260818,300,239,73.68,74.01,73.35,L,15,81.6335
L,1260818,300,239,73.68,74.01,73.35,L,16,80.6203
L,1260818,300,239,73.68,74.01,73.35,L,17,80.2413
L,1260818,300,239,73.68,74.01,73.35,L,18,82.3512
L,1260818,300,239,73.68,74.01,73.35,L,19,84.0405
L,1260818,300,239,73.68,74.01,73.35,L,20,85.4411
L,1260818,300,239,73.68,74.01,73.35,L,21,86.2885
L,1260818,300,239,73.68,74.01,73.35,L,22,86.9133
L,1260818,300,239,73.68,74.01,73.35,L,23,89.4142
L,1260818,300,239,73.68,74.01,73.35,L,24,89.9134
L,1260818,300,239,73.68,74.01,73.35,L,25,88.9980
L,1260818,300,239,73.68,74.01,73.35,L,26,90.7738
L,1260818,300,239,73.68,74.01,73.35,L,27,89.3064
L,1260818,300,239,73.68,74.01,73.35,L,28,90.5978
L,1260818,300,239,73.68,74.01,73.35,L,29,91.3300
L,1260818,300,239,73.68,74.01,73.35,L,30,92.0638
L,1260818,300,239,73.68,74.01,73.35,L,31,89.6195
L,1260818,300,239,73.68,74.01,73.35,L,32,92.6365
L,1260818,300,239,73.68,74.01,73.35,L,33,94.8633
L,1260818,300,239,73.68,74.01,73.35,L,34,98.6175
L,1260818,300,239,73.68,74.01,73.35,L,35,104.9121
L,1260818,300,239,73.68,74.01,73.35,L,36,113.0837
L,1260818,300,239,73.68,74.01,73.35,L,37,115.5754
L,1260818,300,239,73.68,74.01,73.35,L,38,108.8891
L,1260818,300,239,73.68,74.01,73.35,L,39,96.8420
L,1260818,300,239,73.68,74.01,73.35,L,40,107.5692
L,1260818,300,239,73.68,74.01,73.35,L,41,147.4090
L,1260818,300,239,73.68,74.01,73.35,L,42,174.4340
L,1260818,300,239,73.68,74.01,73.35,L,43,153.1633
L,1260818,400,240,73.72,73.82,73.47,U,0,76.0400
L,1260818,400,240,73.72,73.82,73.47,U,1,77.0640
L,1260818,400,240,73.72,73.82,73.47,L,0,73.4302
L,1260818,400,240,73.72,73.82,73.47,L,1,76.5799
L,1260818,400,240,73.72,73.82,73.47,L,2,76.7033
L,1260818,400,240,73.72,73.82,73.47,L,3,78.1481
L,1260818,400,240,73.72,73.82,73.47,L,4,78.6821
L,1260818,400,240,73.72,73.82,73.47,L,5,78.7037
L,1260818,400,240,73.72,73.82,73.47,L,6,78.7837
L,1260818,400,240,73.72,73.82,73.47,L,7,80.5416
L,1260818,400,240,73.72,73.82,73.47,L,8,81.3564
L,1260818,400,240,73.72,73.82,73.47,L,9,81.2041
L,1260818,400,240,73.72,73.82,73.47,L,10,81.6093
L,1260818,400,240,73.72,73.82,73.47,L,11,79.2826
L,1260818,400,240,73.72,73.82,73.47,L,12,79.7800
L,1260818,400,240,73.72,73.82,73.47,L,13,79.8329
L,1260818,400,240,73.72,73.82,73.47,L,14,81.2876
L,1260818,400,240,73.72,73.82,73.47,L,15,81.1060
L,1260818,400,240,73.72,73.82,73.47,L,16,81.7528
L,1260818,400,240,73.72,73.82,73.47,L,17,80.7348
L,1260818,400,240,73.72,73.82,73.47,L,18,80.3540
L,1260818,400,240,73.72,73.82,73.47,L,19,82.4738
L,1260818,400,240,73.72,73.82,73.47,L,20,84.1711
L,1260818,400,240,73.72,73.82,73.47,L,21,85.5783
L,1260818,400,240,73.72,73.82,73.47,L,22,86.4298
L,1260818,400,240,73.72,73.82,73.47,L,23,87.0575
L,1260818,400,240,73.72,73.82,73.47,L,24,89.5702
L,1260818,400,240,73.72,73.82,73.47,L,25,90.0717
L,1260818,400,240,73.72,73.82,73.47,L,26,89.1520
L,1260818,400,240,73.72,73.82,73.47,L,27,90.9361
L,1260818,400,240,73.72,73.82,73.47,L,28,89.4618
L,1260818,400,240,73.72,73.82,73.47,L,29,90.7594
L,1260818,400,240,73.72,73.82,73.47,L,30,91.4950
L,1260818,400,240,73.72,73.82,73.47,L,31,92.2323
L,1260818,400,240,73.72,73.82,73.47,L,32,89.7765
L,1260818,400,240,73.72,73.82,73.47,L,33,92.8077
L,1260818,400,240,73.72,73.82,73.47,L,34,95.0450
L,1260818,400,240,73.72,73.82,73.47,L,35,98.8169
L,1260818,400,240,73.72,73.82,73.47,L,36,105.1412
L,1260818,400,240,73.72,73.82,73.47,L,37,113.3513
L,1260818,400,240,73.72,73.82,73.47,L,38,115.8548
L,1260818,400,240,73.72,73.82,73.47,L,39,109.1370
L,1260818,400,240,73.72,73.82,73.47,L,40,97.0330
L,1260818,400,240,73.72,73.82,73.47,L,41,107.8108
L,1260818,400,240,73.72,73.82,73.47,L,42,147.8386
L,1260818,400,240,73.72,73.82,73.47,L,43,174.9910
L,1260818,400,240,73.72,73.82,73.47,L,44,153.6200
L,1260818,500,241,73.81,74.01,73.66,U,0,75.9000
L,1260818,500,241,73.81,74.01,73.66,U,1,76.9880
L,1260818,500,241,73.81,74.01,73.66,L,0,73.5104
L,1260818,500,241,73.81,74.01,73.66,L,1,76.6749
L,1260818,500,241,73.81,74.01,73.66,L,2,76.7989
L,1260818,500,241,73.81,74.01,73.66,L,3,78.2504
L,1260818,500,241,73.81,74.01,73.66,L,4,78.7869
L,1260818,500,241,73.81,74.01,73.66,L,5,78.8086
L,1260818,500,241,73.81,74.01,73.66,L,6,78.8890
L,1260818,500,241,73.81,74.01,73.66,L,7,80.6551
L,1260818,500,241,73.81,74.01,73.66,L,8,81.4738
L,1260818,500,241,73.81,74.01,73.66,L,9,81.3207
L,1260818,500,241,73.81,74.01,73.66,L,10,81.7279
L,1260818,500,241,73.81,74.01,73.66,L,11,79.3902
L,1260818,500,241,73.81,74.01,73.66,L,12,79.8900
L,1260818,500,241,73.81,74.01,73.66,L,13,79.9432
L,1260818,500,241,73.81,74.01,73.66,L,14,81.4047
L,1260818,500,241,73.81,74.01,73.66,L,15,81.2222
L,1260818,500,241,73.81,74.01,73.66,L,16,81.8720
L,1260818,500,241,73.81,74.01,73.66,L,17,80.8493
L,1260818,500,241,73.81,74.01,73.66,L,18,80.4667
L,1260818,500,241,73.81,74.01,73.66,L,19,82.5965
L,1260818,500,241,73.81,74.01,73.66,L,20,84.3017
L,1260818,500,241,73.81,74.01,73.66,L,21,85.7156
L,1260818,500,241,73.81,74.01,73.66,L,22,86.5710
L,1260818,500,241,73.81,74.01,73.66,L,23,87.2017
L,1260818,500,241,73.81,74.01,73.66,L,24,89.7261
L,1260818,500,241,73.81,74.01,73.66,L,25,90.2300
L,1260818,500,241,73.81,74.01,73.66,L,26,89.3060
L,1260818,500,241,73.81,74.01,73.66,L,27,91.0985
L,1260818,500,241,73.81,74.01,73.66,L,28,89.6173
L,1260818,500,241,73.81,74.01,73.66,L,29,90.9209
L,1260818,500,241,73.81,74.01,73.66,L,30,91.6600
L,1260818,500,241,73.81,74.01,73.66,L,31,92.4008
L,1260818,500,241,73.81,74.01,73.66,L,32,89.9334
L,1260818,500,241,73.81,74.01,73.66,L,33,92.9788
L,1260818,500,241,73.81,74.01,73.66,L,34,95.2267
L,1260818,500,241,73.81,74.01,73.66,L,35,99.0162
L,1260818,500,241,73.81,74.01,73.66,L,36,105.3703
L,1260818,500,241,73.81,74.01,73.66,L,37,113.6190
L,1260818,500,241,73.81,74.01,73.66,L,38,116.1341
L,1260818,500,241,73.81,74.01,73.66,L,39,109.3848
L,1260818,500,241,73.81,74.01,73.66,L,40,97.2240
L,1260818,500,241,73.81,74.01,73.66,L,41,108.0524
L,1260818,500,241,73.81,74.01,73.66,L,42,148.2681
L,1260818,500,241,73.81,74.01,73.66,L,43,175.5480
L,1260818,500,241,73.81,74.01,73.66,L,44,154.0767
L,1260818,600,242,73.55,74.09,73.32,U,0,75.7600
L,1260818,600,242,73.55,74.09,73.32,U,1,76.9120
L,1260818,600,242,73.55,74.09,73.32,L,0,73.5906
L,1260818,600,242,73.55,74.09,73.32,L,1,76.7699
L,1260818,600,242,73.55,74.09,73.32,L,2,76.8944
L,1260818,600,242,73.55,74.09,73.32,L,3,78.3527
L,1260818,600,242,73.55,74.09,73.32,L,4,78.8918
L,1260818,600,242,73.55,74.09,73.32,L,5,78.9136
L,1260818,600,242,73.55,74.09,73.32,L,6,78.9944
L,1260818,600,242,73.55,74.09,73.32,L,7,80.7687
L,1260818,600,242,73.55,74.09,73.32,L,8,81.5912
L,1260818,600,242,73.55,74.09,73.32,L,9,81.4374
L,1260818,600,242,73.55,74.09,73.32,L,10,81.8465
L,1260818,600,242,73.55,74.09,73.32,L,11,79.4979
L,1260818,600,242,73.55,74.09,73.32,L,12,80.0000
L,1260818,600,242,73.55,74.09,73.32,L,13,80.0534
L,1260818,600,242,73.55,74.09,73.32,L,14,81.5218
L,1260818,600,242,73.55,74.09,73.32,L,15,81.3384
L,1260818,600,242,73.55,74.09,73.32,L,16,81.9913
L,1260818,600,242,73.55,74.09,73.32,L,17,80.9638
L,1260818,600,242,73.55,74.09,73.32,L,18,80.5794
L,1260818,600,242,73.55,74.09,73.32,L,19,82.7191
L,1260818,600,242,73.55,74.09,73.32,L,20,84.4323
L,1260818,600,242,73.55,74.09,73.32,L,21,85.8528
L,1260818,600,242,73.55,74.09,73.32,L,22,86.7122
L,1260818,600,242,73.55,74.09,73.32,L,23,87.3458
L,1260818,600,242,73.55,74.09,73.32,L,24,89.8821
L,1260818,600,242,73.55,74.09,73.32,L,25,90.3883
L,1260818,600,242,73.55,74.09,73.32,L,26,89.4600
L,1260818,600,242,73.55,74.09,73.32,L,27,91.2609
L,1260818,600,242,73.55,74.09,73.32,L,28,89.7727
L,1260818,600,242,73.55,74.09,73.32,L,29,91.0825
L,1260818,600,242,73.55,74.09,73.32,L,30,91.8250
L,1260818,600,242,73.55,74.09,73.32,L,31,92.5692
L,1260818,600,242,73.55,74.09,73.32,L,32,90.0903
L,1260818,600,242,73.55,74.09,73.32,L,33,93.1500
L,1260818,600,242,73.55,74.09,73.32,L,34,95.4083
L,1260818,600,242,73.55,74.09,73.32,L,35,99.2156
L,1260818,600,242,73.55,74.09,73.32,L,36,105.5993
L,1260818,600,242,73.55,74.09,73.32,L,37,113.8866
L,1260818,600,242,73.55,74.09,73.32,L,38,116.4135
L,1260818,600,242,73.55,74.09,73.32,L,39,109.6326
L,1260818,600,242,73.55,74.09,73.32,L,40,97.4150
L,1260818,600,242,73.55,74.09,73.32,L,41,108.2940
L,1260818,600,242,73.55,74.09,73.32,L,42,148.6976
L,1260818,600,242,73.55,74.09,73.32,L,43,176.1050
L,1260818,600,242,73.55,74.09,73.32,L,44,154.5333
L,1260818,700,243,73.01,73.96,72.70,U,0,73.8572
L,1260818,700,243,73.01,73.96,72.70,U,1,75.6200
L,1260818,700,243,73.01,73.96,72.70,U,2,76.8360
L,1260818,700,243,73.01,73.96,72.70,L,0,73.6708
L,1260818,700,243,73.01,73.96,72.70,L,1,76.8648
L,1260818,700,243,73.01,73.96,72.70,L,2,76.9900
L,1260818,700,243,73.01,73.96,72.70,L,3,78.4551
L,1260818,700,243,73.01,73.96,72.70,L,4,78.9966
L,1260818,700,243,73.01,73.96,72.70,L,5,79.0185
L,1260818,700,243,73.01,73.96,72.70,L,6,79.0997
L,1260818,700,243,73.01,73.96,72.70,L,7,80.8823
L,1260818,700,243,73.01,73.96,72.70,L,8,81.7086
L,1260818,700,243,73.01,73.96,72.70,L,9,81.5541
L,1260818,700,243,73.01,73.96,72.70,L,10,81.9651
L,1260818,700,243,73.01,73.96,72.70,L,11,79.6056
L,1260818,700,243,73.01,73.96,72.70,L,12,80.1100
L,1260818,700,243,73.01,73.96,72.70,L,13,80.1637
L,1260818,700,243,73.01,73.96,72.70,L,14,81.6388
L,1260818,700,243,73.01,73.96,72.70,L,15,81.4546
L,1260818,700,243,73.01,73.96,72.70,L,16,82.1105
L,1260818,700,243,73.01,73.96,72.70,L,17,81.0783
L,1260818,700,243,73.01,73.96,72.70,L,18,80.6921
L,1260818,700,243,73.01,73.96,72.70,L,19,82.8418
L,1260818,700,243,73.01,73.96,72.70,L,20,84.5629
L,1260818,700,243,73.01,73.96,72.70,L,21,85.9900
L,1260818,700,243,73.01,73.96,72.70,L,22,86.8534
L,1260818,700,243,73.01,73.96,72.70,L,23,87.4900
L,1260818,700,243,73.01,73.96,72.70,L,24,90.0381
L,1260818,700,243,73.01,73.96,72.70,L,25,90.5466
L,1260818,700,243,73.01,73.96,72.70,L,26,89.6140
L,1260818,700,243,73.01,73.96,72.70,L,27,91.4233
L,1260818,700,243,73.01,73.96,72.70,L,28,89.9282
L,1260818,700,243,73.01,73.96,72.70,L,29,91.2440
L,1260818,700,243,73.01,73.96,72.70,L,30,91.9900
L,1260818,700,243,73.01,73.96,72.70,L,31,92.7377
L,1260818,700,243,73.01,73.96,72.70,L,32,90.2473
L,1260818,700,243,73.01,73.96,72.70,L,33,93.3212
L,1260818,700,243,73.01,73.96,72.70,L,34,95.5900
L,1260818,700,243,73.01,73.96,72.70,L,35,99.4150
L,1260818,700,243,73.01,73.96,72.70,L,36,105.8284
L,1260818,700,243,73.01,73.96,72.70,L,37,114.1542
L,1260818,700,243,73.01,73.96,72.70,L,38,116.6929
L,1260818,700,243,73.01,73.96,72.70,L,39,109.8804
L,1260818,700,243,73.01,73.96,72.70,L,40,97.6060
L,1260818,700,243,73.01,73.96,72.70,L,41,108.5356
L,1260818,700,243,73.01,73.96,72.70,L,42,149.1271
L,1260818,700,243,73.01,73.96,72.70,L,43,176.6620
L,1260818,700,243,73.01,73.96,72.70,L,44,154.9900
X,1260818,700,243,73.01,73.96,72.70,76.8488
X,1260818,700,243,73.01,73.96,72.70,76.9042
Q,1260818,700,243,73.01,73.96,72.70,76.8488,2
L,1260818,800,244,72.26,73.46,72.17,U,0,73.6244
L,1260818,800,244,72.26,73.46,72.17,U,1,75.4800
L,1260818,800,244,72.26,73.46,72.17,U,2,76.7600
L,1260818,800,244,72.26,73.46,72.17,L,0,73.7509
L,1260818,800,244,72.26,73.46,72.17,L,1,76.9598
L,1260818,800,244,72.26,73.46,72.17,L,2,77.0856
L,1260818,800,244,72.26,73.46,72.17,L,3,78.5574
L,1260818,800,244,72.26,73.46,72.17,L,4,79.1014
L,1260818,800,244,72.26,73.46,72.17,L,5,79.1235
L,1260818,800,244,72.26,73.46,72.17,L,6,79.2050
L,1260818,800,244,72.26,73.46,72.17,L,7,80.9959
L,1260818,800,244,72.26,73.46,72.17,L,8,81.8260
L,1260818,800,244,72.26,73.46,72.17,L,9,81.6708
L,1260818,800,244,72.26,73.46,72.17,L,10,82.0836
L,1260818,800,244,72.26,73.46,72.17,L,11,79.7132
L,1260818,800,244,72.26,73.46,72.17,L,12,80.2200
L,1260818,800,244,72.26,73.46,72.17,L,13,80.2739
L,1260818,800,244,72.26,73.46,72.17,L,14,81.7559
L,1260818,800,244,72.26,73.46,72.17,L,15,81.5709
L,1260818,800,244,72.26,73.46,72.17,L,16,82.2298
L,1260818,800,244,72.26,73.46,72.17,L,17,81.1928
L,1260818,800,244,72.26,73.46,72.17,L,18,80.8048
L,1260818,800,244,72.26,73.46,72.17,L,19,82.9644
L,1260818,800,244,72.26,73.46,72.17,L,20,84.6935
L,1260818,800,244,72.26,73.46,72.17,L,21,86.1272
L,1260818,800,244,72.26,73.46,72.17,L,22,86.9946
L,1260818,800,244,72.26,73.46,72.17,L,23,87.6342
L,1260818,800,244,72.26,73.46,72.17,L,24,90.1940
L,1260818,800,244,72.26,73.46,72.17,L,25,90.7050
L,1260818,800,244,72.26,73.46,72.17,L,26,89.7680
L,1260818,800,244,72.26,73.46,72.17,L,27,91.5856
L,1260818,800,244,72.26,73.46,72.17,L,28,90.0836
L,1260818,800,244,72.26,73.46,72.17,L,29,91.4056
L,1260818,800,244,72.26,73.46,72.17,L,30,92.1550
L,1260818,800,244,72.26,73.46,72.17,L,31,92.9062
L,1260818,800,244,72.26,73.46,72.17,L,32,90.4042
L,1260818,800,244,72.26,73.46,72.17,L,33,93.4923
L,1260818,800,244,72.26,73.46,72.17,L,34,95.7717
L,1260818,800,244,72.26,73.46,72.17,L,35,99.6144
L,1260818,800,244,72.26,73.46,72.17,L,36,106.0575
L,1260818,800,244,72.26,73.46,72.17,L,37,114.4218
L,1260818,800,244,72.26,73.46,72.17,L,38,116.9722
L,1260818,800,244,72.26,73.46,72.17,L,39,110.1283
L,1260818,800,244,72.26,73.46,72.17,L,40,97.7970
L,1260818,800,244,72.26,73.46,72.17,L,41,108.7772
L,1260818,800,244,72.26,73.46,72.17,L,42,149.5567
L,1260818,800,244,72.26,73.46,72.17,L,43,177.2190
L,1260818,800,244,72.26,73.46,72.17,L,44,155.4467
X,1260818,800,244,72.26,73.46,72.17,73.7185
L,1260818,900,245,72.94,72.97,72.01,U,0,73.3917
L,1260818,900,245,72.94,72.97,72.01,U,1,75.3400
L,1260818,900,245,72.94,72.97,72.01,U,2,76.6840
L,1260818,900,245,72.94,72.97,72.01,L,0,73.8311
L,1260818,900,245,72.94,72.97,72.01,L,1,77.0548
L,1260818,900,245,72.94,72.97,72.01,L,2,77.1811
L,1260818,900,245,72.94,72.97,72.01,L,3,78.6598
L,1260818,900,245,72.94,72.97,72.01,L,4,79.2063
L,1260818,900,245,72.94,72.97,72.01,L,5,79.2284
L,1260818,900,245,72.94,72.97,72.01,L,6,79.3103
L,1260818,900,245,72.94,72.97,72.01,L,7,81.1094
L,1260818,900,245,72.94,72.97,72.01,L,8,81.9434
L,1260818,900,245,72.94,72.97,72.01,L,9,81.7875
L,1260818,900,245,72.94,72.97,72.01,L,10,82.2022
L,1260818,900,245,72.94,72.97,72.01,L,11,79.8209
L,1260818,900,245,72.94,72.97,72.01,L,12,80.3300
L,1260818,900,245,72.94,72.97,72.01,L,13,80.3842
L,1260818,900,245,72.94,72.97,72.01,L,14,81.8730
L,1260818,900,245,72.94,72.97,72.01,L,15,81.6871
L,1260818,900,245,72.94,72.97,72.01,L,16,82.3491
L,1260818,900,245,72.94,72.97,72.01,L,17,81.3072
L,1260818,900,245,72.94,72.97,72.01,L,18,80.9175
L,1260818,900,245,72.94,72.97,72.01,L,19,83.0871
L,1260818,900,245,72.94,72.97,72.01,L,20,84.8242
L,1260818,900,245,72.94,72.97,72.01,L,21,86.2644
L,1260818,900,245,72.94,72.97,72.01,L,22,87.1359
L,1260818,900,245,72.94,72.97,72.01,L,23,87.7783
L,1260818,900,245,72.94,72.97,72.01,L,24,90.3500
L,1260818,900,245,72.94,72.97,72.01,L,25,90.8633
L,1260818,900,245,72.94,72.97,72.01,L,26,89.9220
L,1260818,900,245,72.94,72.97,72.01,L,27,91.7480
L,1260818,900,245,72.94,72.97,72.01,L,28,90.2391
L,1260818,900,245,72.94,72.97,72.01,L,29,91.5671
L,1260818,900,245,72.94,72.97,72.01,L,30,92.3200
L,1260818,900,245,72.94,72.97,72.01,L,31,93.0746
L,1260818,900,245,72.94,72.97,72.01,L,32,90.5611
L,1260818,900,245,72.94,72.97,72.01,L,33,93.6635
L,1260818,900,245,72.94,72.97,72.01,L,34,95.9533
L,1260818,900,245,72.94,72.97,72.01,L,35,99.8137
L,1260818,900,245,72.94,72.97,72.01,L,36,106.2865
L,1260818,900,245,72.94,72.97,72.01,L,37,114.6894
L,1260818,900,245,72.94,72.97,72.01,L,38,117.2516
L,1260818,900,245,72.94,72.97,72.01,L,39,110.3761
L,1260818,900,245,72.94,72.97,72.01,L,40,97.9880
L,1260818,900,245,72.94,72.97,72.01,L,41,109.0188
L,1260818,900,245,72.94,72.97,72.01,L,42,149.9862
L,1260818,900,245,72.94,72.97,72.01,L,43,177.7760
L,1260818,900,245,72.94,72.97,72.01,L,44,155.9033
L,1260818,1000,246,73.04,73.19,72.68,U,0,73.1589
L,1260818,1000,246,73.04,73.19,72.68,U,1,75.2000
L,1260818,1000,246,73.04,73.19,72.68,U,2,76.6080
L,1260818,1000,246,73.04,73.19,72.68,L,0,72.0818
L,1260818,1000,246,73.04,73.19,72.68,L,1,73.9113
L,1260818,1000,246,73.04,73.19,72.68,L,2,77.1498
L,1260818,1000,246,73.04,73.19,72.68,L,3,77.2767
L,1260818,1000,246,73.04,73.19,72.68,L,4,78.7621
L,1260818,1000,246,73.04,73.19,72.68,L,5,79.3111
L,1260818,1000,246,73.04,73.19,72.68,L,6,79.3334
L,1260818,1000,246,73.04,73.19,72.68,L,7,79.4156
L,1260818,1000,246,73.04,73.19,72.68,L,8,81.2230
L,1260818,1000,246,73.04,73.19,72.68,L,9,82.0608
L,1260818,1000,246,73.04,73.19,72.68,L,10,81.9042
L,1260818,1000,246,73.04,73.19,72.68,L,11,82.3208
L,1260818,1000,246,73.04,73.19,72.68,L,12,79.9286
L,1260818,1000,246,73.04,73.19,72.68,L,13,80.4400
L,1260818,1000,246,73.04,73.19,72.68,L,14,80.4944
L,1260818,1000,246,73.04,73.19,72.68,L,15,81.9901
L,1260818,1000,246,73.04,73.19,72.68,L,16,81.8033
L,1260818,1000,246,73.04,73.19,72.68,L,17,82.4683
L,1260818,1000,246,73.04,73.19,72.68,L,18,81.4217
L,1260818,1000,246,73.04,73.19,72.68,L,19,81.0302
L,1260818,1000,246,73.04,73.19,72.68,L,20,83.2097
L,1260818,1000,246,73.04,73.19,72.68,L,21,84.9548
L,1260818,1000,246,73.04,73.19,72.68,L,22,86.4017
L,1260818,1000,246,73.04,73.19,72.68,L,23,87.2771
L,1260818,1000,246,73.04,73.19,72.68,L,24,87.9225
L,1260818,1000,246,73.04,73.19,72.68,L,25,90.5060
L,1260818,1000,246,73.04,73.19,72.68,L,26,91.0216
L,1260818,1000,246,73.04,73.19,72.68,L,27,90.0760
L,1260818,1000,246,73.04,73.19,72.68,L,28,91.9104
L,1260818,1000,246,73.04,73.19,72.68,L,29,90.3945
L,1260818,1000,246,73.04,73.19,72.68,L,30,91.7287
L,1260818,1000,246,73.04,73.19,72.68,L,31,92.4850
L,1260818,1000,246,73.04,73.19,72.68,L,32,93.2431
L,1260818,1000,246,73.04,73.19,72.68,L,33,90.7181
L,1260818,1000,246,73.04,73.19,72.68,L,34,93.8347
L,1260818,1000,246,73.04,73.19,72.68,L,35,96.1350
L,1260818,1000,246,73.04,73.19,72.68,L,36,100.0131
L,1260818,1000,246,73.04,73.19,72.68,L,37,106.5156
L,1260818,1000,246,73.04,73.19,72.68,L,38,114.9570
L,1260818,1000,246,73.04,73.19,72.68,L,39,117.5310
L,1260818,1000,246,73.04,73.19,72.68,L,40,110.6239
L,1260818,1000,246,73.04,73.19,72.68,L,41,98.1790
L,1260818,1000,246,73.04,73.19,72.68,L,42,109.2604
L,1260818,1000,246,73.04,73.19,72.68,L,43,150.4157
L,1260818,1000,246,73.04,73.19,72.68,L,44,178.3330
L,1260818,1000,246,73.04,73.19,72.68,L,45,156.3600
L,1260818,1100,247,72.40,73.11,72.40,U,0,72.9586
L,1260818,1100,247,72.40,73.11,72.40,U,1,72.9261
L,1260818,1100,247,72.40,73.11,72.40,U,2,75.0600
L,1260818,1100,247,72.40,73.11,72.40,U,3,76.5320
L,1260818,1100,247,72.40,73.11,72.40,L,0,72.1537
L,1260818,1100,247,72.40,73.11,72.40,L,1,73.9915
L,1260818,1100,247,72.40,73.11,72.40,L,2,77.2447
L,1260818,1100,247,72.40,73.11,72.40,L,3,77.3722
L,1260818,1100,247,72.40,73.11,72.40,L,4,78.8644
L,1260818,1100,247,72.40,73.11,72.40,L,5,79.4160
L,1260818,1100,247,72.40,73.11,72.40,L,6,79.4383
L,1260818,1100,247,72.40,73.11,72.40,L,7,79.5210
L,1260818,1100,247,72.40,73.11,72.40,L,8,81.3366
L,1260818,1100,247,72.40,73.11,72.40,L,9,82.1782
L,1260818,1100,247,72.40,73.11,72.40,L,10,82.0209
L,1260818,1100,247,72.40,73.11,72.40,L,11,82.4394
L,1260818,1100,247,72.40,73.11,72.40,L,12,80.0362
L,1260818,1100,247,72.40,73.11,72.40,L,13,80.5500
L,1260818,1100,247,72.40,73.11,72.40,L,14,80.6047
L,1260818,1100,247,72.40,73.11,72.40,L,15,82.1071
L,1260818,1100,247,72.40,73.11,72.40,L,16,81.9195
L,1260818,1100,247,72.40,73.11,72.40,L,17,82.5876
L,1260818,1100,247,72.40,73.11,72.40,L,18,81.5362
L,1260818,1100,247,72.40,73.11,72.40,L,19,81.1429
L,1260818,1100,247,72.40,73.11,72.40,L,20,83.3324
L,1260818,1100,247,72.40,73.11,72.40,L,21,85.0854
L,1260818,1100,247,72.40,73.11,72.40,L,22,86.5389
L,1260818,1100,247,72.40,73.11,72.40,L,23,87.4183
L,1260818,1100,247,72.40,73.11,72.40,L,24,88.0667
L,1260818,1100,247,72.40,73.11,72.40,L,25,90.6619
L,1260818,1100,247,72.40,73.11,72.40,L,26,91.1799
L,1260818,1100,247,72.40,73.11,72.40,L,27,90.2300
L,1260818,1100,247,72.40,73.11,72.40,L,28,92.0728
L,1260818,1100,247,72.40,73.11,72.40,L,29,90.5500
L,1260818,1100,247,72.40,73.11,72.40,L,30,91.8902
L,1260818,1100,247,72.40,73.11,72.40,L,31,92.6500
L,1260818,1100,247,72.40,73.11,72.40,L,32,93.4115
L,1260818,1100,247,72.40,73.11,72.40,L,33,90.8750
L,1260818,1100,247,72.40,73.11,72.40,L,34,94.0058
L,1260818,1100,247,72.40,73.11,72.40,L,35,96.3167
L,1260818,1100,247,72.40,73.11,72.40,L,36,100.2125
L,1260818,1100,247,72.40,73.11,72.40,L,37,106.7447
L,1260818,1100,247,72.40,73.11,72.40,L,38,115.2246
L,1260818,1100,247,72.40,73.11,72.40,L,39,117.8103
L,1260818,1100,247,72.40,73.11,72.40,L,40,110.8717
L,1260818,1100,247,72.40,73.11,72.40,L,41,98.3700
L,1260818,1100,247,72.40,73.11,72.40,L,42,109.5020
L,1260818,1100,247,72.40,73.11,72.40,L,43,150.8452
L,1260818,1100,247,72.40,73.11,72.40,L,44,178.8900
L,1260818,1100,247,72.40,73.11,72.40,L,45,156.8167
L,1260818,1200,248,72.43,72.76,72.25,U,0,72.7273
L,1260818,1200,248,72.43,72.76,72.25,U,1,72.6933
L,1260818,1200,248,72.43,72.76,72.25,U,2,74.9200
L,1260818,1200,248,72.43,72.76,72.25,U,3,76.4560
L,1260818,1200,248,72.43,72.76,72.25,L,0,72.2255
L,1260818,1200,248,72.43,72.76,72.25,L,1,74.0717
L,1260818,1200,248,72.43,72.76,72.25,L,2,77.3397
L,1260818,1200,248,72.43,72.76,72.25,L,3,77.4678
L,1260818,1200,248,72.43,72.76,72.25,L,4,78.9668
L,1260818,1200,248,72.43,72.76,72.25,L,5,79.5208
L,1260818,1200,248,72.43,72.76,72.25,L,6,79.5432
L,1260818,1200,248,72.43,72.76,72.25,L,7,79.6263
L,1260818,1200,248,72.43,72.76,72.25,L,8,81.4502
L,1260818,1200,248,72.43,72.76,72.25,L,9,82.2956
L,1260818,1200,248,72.43,72.76,72.25,L,10,82.1375
L,1260818,1200,248,72.43,72.76,72.25,L,11,82.5580
L,1260818,1200,248,72.43,72.76,72.25,L,12,80.1439
L,1260818,1200,248,72.43,72.76,72.25,L,13,80.6600
L,1260818,1200,248,72.43,72.76,72.25,L,14,80.7149
L,1260818,1200,248,72.43,72.76,72.25,L,15,82.2242
L,1260818,1200,248,72.43,72.76,72.25,L,16,82.0358
L,1260818,1200,248,72.43,72.76,72.25,L,17,82.7068
L,1260818,1200,248,72.43,72.76,72.25,L,18,81.6507
L,1260818,1200,248,72.43,72.76,72.25,L,19,81.2556
L,1260818,1200,248,72.43,72.76,72.25,L,20,83.4550
L,1260818,1200,248,72.43,72.76,72.25,L,21,85.2160
L,1260818,1200,248,72.43,72.76,72.25,L,22,86.6761
L,1260818,1200,248,72.43,72.76,72.25,L,23,87.5595
L,1260818,1200,248,72.43,72.76,72.25,L,24,88.2108
L,1260818,1200,248,72.43,72.76,72.25,L,25,90.8179
L,1260818,1200,248,72.43,72.76,72.25,L,26,91.3382
L,1260818,1200,248,72.43,72.76,72.25,L,27,90.3840
L,1260818,1200,248,72.43,72.76,72.25,L,28,92.2351
L,1260818,1200,248,72.43,72.76,72.25,L,29,90.7055
L,1260818,1200,248,72.43,72.76,72.25,L,30,92.0518
L,1260818,1200,248,72.43,72.76,72.25,L,31,92.8150
L,1260818,1200,248,72.43,72.76,72.25,L,32,93.5800
L,1260818,1200,248,72.43,72.76,72.25,L,33,91.0319
L,1260818,1200,248,72.43,72.76,72.25,L,34,94.1770
L,1260818,1200,248,72.43,72.76,72.25,L,35,96.4983
L,1260818,1200,248,72.43,72.76,72.25,L,36,100.4119
L,1260818,1200,248,72.43,72.76,72.25,L,37,106.9737
L,1260818,1200,248,72.43,72.76,72.25,L,38,115.4922
L,1260818,1200,248,72.43,72.76,72.25,L,39,118.0897
L,1260818,1200,248,72.43,72.76,72.25,L,40,111.1196
L,1260818,1200,248,72.43,72.76,72.25,L,41,98.5610
L,1260818,1200,248,72.43,72.76,72.25,L,42,109.7436
L,1260818,1200,248,72.43,72.76,72.25,L,43,151.2748
L,1260818,1200,248,72.43,72.76,72.25,L,44,179.4470
L,1260818,1200,248,72.43,72.76,72.25,L,45,157.2733
L,1260818,1300,249,72.53,72.70,72.33,U,0,72.4959
L,1260818,1300,249,72.53,72.70,72.33,U,1,72.4606
L,1260818,1300,249,72.53,72.70,72.33,U,2,74.7800
L,1260818,1300,249,72.53,72.70,72.33,U,3,76.3800
L,1260818,1300,249,72.53,72.70,72.33,L,0,72.3219
L,1260818,1300,249,72.53,72.70,72.33,L,1,72.2973
L,1260818,1300,249,72.53,72.70,72.33,L,2,74.1519
L,1260818,1300,249,72.53,72.70,72.33,L,3,77.4347
L,1260818,1300,249,72.53,72.70,72.33,L,4,77.5633
L,1260818,1300,249,72.53,72.70,72.33,L,5,79.0691
L,1260818,1300,249,72.53,72.70,72.33,L,6,79.6257
L,1260818,1300,249,72.53,72.70,72.33,L,7,79.6482
L,1260818,1300,249,72.53,72.70,72.33,L,8,79.7316
L,1260818,1300,249,72.53,72.70,72.33,L,9,81.5637
L,1260818,1300,249,72.53,72.70,72.33,L,10,82.4131
L,1260818,1300,249,72.53,72.70,72.33,L,11,82.2542
L,1260818,1300,249,72.53,72.70,72.33,L,12,82.6766
L,1260818,1300,249,72.53,72.70,72.33,L,13,80.2516
L,1260818,1300,249,72.53,72.70,72.33,L,14,80.7700
L,1260818,1300,249,72.53,72.70,72.33,L,15,80.8252
L,1260818,1300,249,72.53,72.70,72.33,L,16,82.3413
L,1260818,1300,249,72.53,72.70,72.33,L,17,82.1520
L,1260818,1300,249,72.53,72.70,72.33,L,18,82.8261
L,1260818,1300,249,72.53,72.70,72.33,L,19,81.7652
L,1260818,1300,249,72.53,72.70,72.33,L,20,81.3683
L,1260818,1300,249,72.53,72.70,72.33,L,21,83.5776
L,1260818,1300,249,72.53,72.70,72.33,L,22,85.3466
L,1260818,1300,249,72.53,72.70,72.33,L,23,86.8133
L,1260818,1300,249,72.53,72.70,72.33,L,24,87.7007
L,1260818,1300,249,72.53,72.70,72.33,L,25,88.3550
L,1260818,1300,249,72.53,72.70,72.33,L,26,90.9739
L,1260818,1300,249,72.53,72.70,72.33,L,27,91.4965
L,1260818,1300,249,72.53,72.70,72.33,L,28,90.5380
L,1260818,1300,249,72.53,72.70,72.33,L,29,92.3975
L,1260818,1300,249,72.53,72.70,72.33,L,30,90.8609
L,1260818,1300,249,72.53,72.70,72.33,L,31,92.2133
L,1260818,1300,249,72.53,72.70,72.33,L,32,92.9800
L,1260818,1300,249,72.53,72.70,72.33,L,33,93.7485
L,1260818,1300,249,72.53,72.70,72.33,L,34,91.1889
L,1260818,1300,249,72.53,72.70,72.33,L,35,94.3481
L,1260818,1300,249,72.53,72.70,72.33,L,36,96.6800
L,1260818,1300,249,72.53,72.70,72.33,L,37,100.6112
L,1260818,1300,249,72.53,72.70,72.33,L,38,107.2028
L,1260818,1300,249,72.53,72.70,72.33,L,39,115.7599
L,1260818,1300,249,72.53,72.70,72.33,L,40,118.3690
L,1260818,1300,249,72.53,72.70,72.33,L,41,111.3674
L,1260818,1300,249,72.53,72.70,72.33,L,42,98.7520
L,1260818,1300,249,72.53,72.70,72.33,L,43,109.9852
L,1260818,1300,249,72.53,72.70,72.33,L,44,151.7043
L,1260818,1300,249,72.53,72.70,72.33,L,45,180.0040
L,1260818,1300,249,72.53,72.70,72.33,L,46,157.7300
K,1260818,1300,249,72.53,72.70,72.33,72.3939,4
L,1260818,1400,250,72.34,72.61,72.27,U,0,72.2645
L,1260818,1400,250,72.34,72.61,72.27,U,1,72.2278
L,1260818,1400,250,72.34,72.61,72.27,U,2,74.6400
L,1260818,1400,250,72.34,72.61,72.27,U,3,76.3040
L,1260818,1400,250,72.34,72.61,72.27,L,0,72.3939
L,1260818,1400,250,72.34,72.61,72.27,L,1,72.3692
L,1260818,1400,250,72.34,72.61,72.27,L,2,74.2321
L,1260818,1400,250,72.34,72.61,72.27,L,3,77.5297
L,1260818,1400,250,72.34,72.61,72.27,L,4,77.6589
L,1260818,1400,250,72.34,72.61,72.27,L,5,79.1714
L,1260818,1400,250,72.34,72.61,72.27,L,6,79.7305
L,1260818,1400,250,72.34,72.61,72.27,L,7,79.7531
L,1260818,1400,250,72.34,72.61,72.27,L,8,79.8369
L,1260818,1400,250,72.34,72.61,72.27,L,9,81.6773
L,1260818,1400,250,72.34,72.61,72.27,L,10,82.5305
L,1260818,1400,250,72.34,72.61,72.27,L,11,82.3709
L,1260818,1400,250,72.34,72.61,72.27,L,12,82.7952
L,1260818,1400,250,72.34,72.61,72.27,L,13,80.3592
L,1260818,1400,250,72.34,72.61,72.27,L,14,80.8800
L,1260818,1400,250,72.34,72.61,72.27,L,15,80.9354
L,1260818,1400,250,72.34,72.61,72.27,L,16,82.4584
L,1260818,1400,250,72.34,72.61,72.27,L,17,82.2682
L,1260818,1400,250,72.34,72.61,72.27,L,18,82.9454
L,1260818,1400,250,72.34,72.61,72.27,L,19,81.8797
L,1260818,1400,250,72.34,72.61,72.27,L,20,81.4810
L,1260818,1400,250,72.34,72.61,72.27,L,21,83.7003
L,1260818,1400,250,72.34,72.61,72.27,L,22,85.4772
L,1260818,1400,250,72.34,72.61,72.27,L,23,86.9506
L,1260818,1400,250,72.34,72.61,72.27,L,24,87.8420
L,1260818,1400,250,72.34,72.61,72.27,L,25,88.4992
L,1260818,1400,250,72.34,72.61,72.27,L,26,91.1298
L,1260818,1400,250,72.34,72.61,72.27,L,27,91.6549
L,1260818,1400,250,72.34,72.61,72.27,L,28,90.6920
L,1260818,1400,250,72.34,72.61,72.27,L,29,92.5599
L,1260818,1400,250,72.34,72.61,72.27,L,30,91.0164
L,1260818,1400,250,72.34,72.61,72.27,L,31,92.3748
L,1260818,1400,250,72.34,72.61,72.27,L,32,93.1450
L,1260818,1400,250,72.34,72.61,72.27,L,33,93.9169
L,1260818,1400,250,72.34,72.61,72.27,L,34,91.3458
L,1260818,1400,250,72.34,72.61,72.27,L,35,94.5193
L,1260818,1400,250,72.34,72.61,72.27,L,36,96.8617
L,1260818,1400,250,72.34,72.61,72.27,L,37,100.8106
L,1260818,1400,250,72.34,72.61,72.27,L,38,107.4319
L,1260818,1400,250,72.34,72.61,72.27,L,39,116.0275
L,1260818,1400,250,72.34,72.61,72.27,L,40,118.6484
L,1260818,1400,250,72.34,72.61,72.27,L,41,111.6152
L,1260818,1400,250,72.34,72.61,72.27,L,42,98.9430
L,1260818,1400,250,72.34,72.61,72.27,L,43,110.2268
L,1260818,1400,250,72.34,72.61,72.27,L,44,152.1338
L,1260818,1400,250,72.34,72.61,72.27,L,45,180.5610
L,1260818,1400,250,72.34,72.61,72.27,L,46,158.1867
X,1260818,1400,250,72.34,72.61,72.27,72.3632
X,1260818,1400,250,72.34,72.61,72.27,72.3444
X,1260818,1400,250,72.34,72.61,72.27,72.3547
X,1260818,1400,250,72.34,72.61,72.27,72.3358
K,1260818,1400,250,72.34,72.61,72.27,72.3138,4
Q,1260818,1400,250,72.34,72.61,72.27,72.3632,4
L,1260818,1500,251,72.39,72.39,72.28,U,0,72.0332
L,1260818,1500,251,72.39,72.39,72.28,U,1,71.9950
L,1260818,1500,251,72.39,72.39,72.28,U,2,74.5000
L,1260818,1500,251,72.39,72.39,72.28,U,3,76.2280
L,1260818,1500,251,72.39,72.39,72.28,L,0,72.3414
L,1260818,1500,251,72.39,72.39,72.28,L,1,72.4658
L,1260818,1500,251,72.39,72.39,72.28,L,2,72.4410
L,1260818,1500,251,72.39,72.39,72.28,L,3,74.3123
L,1260818,1500,251,72.39,72.39,72.28,L,4,77.6246
L,1260818,1500,251,72.39,72.39,72.28,L,5,77.7544
L,1260818,1500,251,72.39,72.39,72.28,L,6,79.2738
L,1260818,1500,251,72.39,72.39,72.28,L,7,79.8354
L,1260818,1500,251,72.39,72.39,72.28,L,8,79.8581
L,1260818,1500,251,72.39,72.39,72.28,L,9,79.9423
L,1260818,1500,251,72.39,72.39,72.28,L,10,81.7909
L,1260818,1500,251,72.39,72.39,72.28,L,11,82.6479
L,1260818,1500,251,72.39,72.39,72.28,L,12,82.4876
L,1260818,1500,251,72.39,72.39,72.28,L,13,82.9138
L,1260818,1500,251,72.39,72.39,72.28,L,14,80.4669
L,1260818,1500,251,72.39,72.39,72.28,L,15,80.9900
L,1260818,1500,251,72.39,72.39,72.28,L,16,81.0457
L,1260818,1500,251,72.39,72.39,72.28,L,17,82.5755
L,1260818,1500,251,72.39,72.39,72.28,L,18,82.3844
L,1260818,1500,251,72.39,72.39,72.28,L,19,83.0646
L,1260818,1500,251,72.39,72.39,72.28,L,20,81.9941
L,1260818,1500,251,72.39,72.39,72.28,L,21,81.5937
L,1260818,1500,251,72.39,72.39,72.28,L,22,83.8229
L,1260818,1500,251,72.39,72.39,72.28,L,23,85.6078
L,1260818,1500,251,72.39,72.39,72.28,L,24,87.0878
L,1260818,1500,251,72.39,72.39,72.28,L,25,87.9832
L,1260818,1500,251,72.39,72.39,72.28,L,26,88.6433
L,1260818,1500,251,72.39,72.39,72.28,L,27,91.2858
L,1260818,1500,251,72.39,72.39,72.28,L,28,91.8132
L,1260818,1500,251,72.39,72.39,72.28,L,29,90.8460
L,1260818,1500,251,72.39,72.39,72.28,L,30,92.7223
L,1260818,1500,251,72.39,72.39,72.28,L,31,91.1718
L,1260818,1500,251,72.39,72.39,72.28,L,32,92.5364
L,1260818,1500,251,72.39,72.39,72.28,L,33,93.3100
L,1260818,1500,251,72.39,72.39,72.28,L,34,94.0854
L,1260818,1500,251,72.39,72.39,72.28,L,35,91.5027
L,1260818,1500,251,72.39,72.39,72.28,L,36,94.6905
L,1260818,1500,251,72.39,72.39,72.28,L,37,97.0433
L,1260818,1500,251,72.39,72.39,72.28,L,38,101.0100
L,1260818,1500,251,72.39,72.39,72.28,L,39,107.6609
L,1260818,1500,251,72.39,72.39,72.28,L,40,116.2951
L,1260818,1500,251,72.39,72.39,72.28,L,41,118.9278
L,1260818,1500,251,72.39,72.39,72.28,L,42,111.8630
L,1260818,1500,251,72.39,72.39,72.28,L,43,99.1340
L,1260818,1500,251,72.39,72.39,72.28,L,44,110.4684
L,1260818,1500,251,72.39,72.39,72.28,L,45,152.5633
L,1260818,1500,251,72.39,72.39,72.28,L,46,181.1180
L,1260818,1500,251,72.39,72.39,72.28,L,47,158.6433
K,1260818,1500,251,72.39,72.39,72.28,72.4161,3
L,1260818,1600,252,72.06,72.58,72.04,U,0,71.8018
L,1260818,1600,252,72.06,72.58,72.04,U,1,71.7622
L,1260818,1600,252,72.06,72.58,72.04,U,2,74.3600
L,1260818,1600,252,72.06,72.58,72.04,U,3,76.1520
L,1260818,1600,252,72.06,72.58,72.04,L,0,72.4128
L,1260818,1600,252,72.06,72.58,72.04,L,1,72.5378
L,1260818,1600,252,72.06,72.58,72.04,L,2,72.5128
L,1260818,1600,252,72.06,72.58,72.04,L,3,74.3925
L,1260818,1600,252,72.06,72.58,72.04,L,4,77.7196
L,1260818,1600,252,72.06,72.58,72.04,L,5,77.8500
L,1260818,1600,252,72.06,72.58,72.04,L,6,79.3761
L,1260818,1600,252,72.06,72.58,72.04,L,7,79.9402
L,1260818,1600,252,72.06,72.58,72.04,L,8,79.9630
L,1260818,1600,252,72.06,72.58,72.04,L,9,80.0476
L,1260818,1600,252,72.06,72.58,72.04,L,10,81.9045
L,1260818,1600,252,72.06,72.58,72.04,L,11,82.7653
L,1260818,1600,252,72.06,72.58,72.04,L,12,82.6043
L,1260818,1600,252,72.06,72.58,72.04,L,13,83.0324
L,1260818,1600,252,72.06,72.58,72.04,L,14,80.5746
L,1260818,1600,252,72.06,72.58,72.04,L,15,81.1000
L,1260818,1600,252,72.06,72.58,72.04,L,16,81.1559
L,1260818,1600,252,72.06,72.58,72.04,L,17,82.6925
L,1260818,1600,252,72.06,72.58,72.04,L,18,82.5007
L,1260818,1600,252,72.06,72.58,72.04,L,19,83.1839
L,1260818,1600,252,72.06,72.58,72.04,L,20,82.1086
L,1260818,1600,252,72.06,72.58,72.04,L,21,81.7064
L,1260818,1600,252,72.06,72.58,72.04,L,22,83.9456
L,1260818,1600,252,72.06,72.58,72.04,L,23,85.7385
L,1260818,1600,252,72.06,72.58,72.04,L,24,87.2250
L,1260818,1600,252,72.06,72.58,72.04,L,25,88.1244
L,1260818,1600,252,72.06,72.58,72.04,L,26,88.7875
L,1260818,1600,252,72.06,72.58,72.04,L,27,91.4417
L,1260818,1600,252,72.06,72.58,72.04,L,28,91.9715
L,1260818,1600,252,72.06,72.58,72.04,L,29,91.0000
L,1260818,1600,252,72.06,72.58,72.04,L,30,92.8847
L,1260818,1600,252,72.06,72.58,72.04,L,31,91.3273
L,1260818,1600,252,72.06,72.58,72.04,L,32,92.6979
L,1260818,1600,252,72.06,72.58,72.04,L,33,93.4750
L,1260818,1600,252,72.06,72.58,72.04,L,34,94.2538
L,1260818,1600,252,72.06,72.58,72.04,L,35,91.6597
L,1260818,1600,252,72.06,72.58,72.04,L,36,94.8616
L,1260818,1600,252,72.06,72.58,72.04,L,37,97.2250
L,1260818,1600,252,72.06,72.58,72.04,L,38,101.2094
L,1260818,1600,252,72.06,72.58,72.04,L,39,107.8900
L,1260818,1600,252,72.06,72.58,72.04,L,40,116.5627
L,1260818,1600,252,72.06,72.58,72.04,L,41,119.2071
L,1260818,1600,252,72.06,72.58,72.04,L,42,112.1109
L,1260818,1600,252,72.06,72.58,72.04,L,43,99.3250
L,1260818,1600,252,72.06,72.58,72.04,L,44,110.7100
L,1260818,1600,252,72.06,72.58,72.04,L,45,152.9929
L,1260818,1600,252,72.06,72.58,72.04,L,46,181.6750
L,1260818,1600,252,72.06,72.58,72.04,L,47,159.1000
X,1260818,1600,252,72.06,72.58,72.04,74.3806
K,1260818,1600,252,72.06,72.58,72.04,72.4878,3
L,1260818,1700,253,72.11,72.39,72.03,U,0,72.3764
L,1260818,1700,253,72.11,72.39,72.03,U,1,71.5705
L,1260818,1700,253,72.11,72.39,72.03,U,2,71.5294
L,1260818,1700,253,72.11,72.39,72.03,U,3,74.2200
L,1260818,1700,253,72.11,72.39,72.03,U,4,76.0760
L,1260818,1700,253,72.11,72.39,72.03,L,0,72.4842
L,1260818,1700,253,72.11,72.39,72.03,L,1,72.6097
L,1260818,1700,253,72.11,72.39,72.03,L,2,72.5847
L,1260818,1700,253,72.11,72.39,72.03,L,3,74.4726
L,1260818,1700,253,72.11,72.39,72.03,L,4,77.8146
L,1260818,1700,253,72.11,72.39,72.03,L,5,77.9456
L,1260818,1700,253,72.11,72.39,72.03,L,6,79.4785
L,1260818,1700,253,72.11,72.39,72.03,L,7,80.0451
L,1260818,1700,253,72.11,72.39,72.03,L,8,80.0680
L,1260818,1700,253,72.11,72.39,72.03,L,9,80.1529
L,1260818,1700,253,72.11,72.39,72.03,L,10,82.0180
L,1260818,1700,253,72.11,72.39,72.03,L,11,82.8827
L,1260818,1700,253,72.11,72.39,72.03,L,12,82.7210
L,1260818,1700,253,72.11,72.39,72.03,L,13,83.1509
L,1260818,1700,253,72.11,72.39,72.03,L,14,80.6822
L,1260818,1700,253,72.11,72.39,72.03,L,15,81.2100
L,1260818,1700,253,72.11,72.39,72.03,L,16,81.2661
L,1260818,1700,253,72.11,72.39,72.03,L,17,82.8096
L,1260818,1700,253,72.11,72.39,72.03,L,18,82.6169
L,1260818,1700,253,72.11,72.39,72.03,L,19,83.3032
L,1260818,1700,253,72.11,72.39,72.03,L,20,82.2231
L,1260818,1700,253,72.11,72.39,72.03,L,21,81.8191
L,1260818,1700,253,72.11,72.39,72.03,L,22,84.0682
L,1260818,1700,253,72.11,72.39,72.03,L,23,85.8691
L,1260818,1700,253,72.11,72.39,72.03,L,24,87.3622
L,1260818,1700,253,72.11,72.39,72.03,L,25,88.2656
L,1260818,1700,253,72.11,72.39,72.03,L,26,88.9317
L,1260818,1700,253,72.11,72.39,72.03,L,27,91.5977
L,1260818,1700,253,72.11,72.39,72.03,L,28,92.1298
L,1260818,1700,253,72.11,72.39,72.03,L,29,91.1540
L,1260818,1700,253,72.11,72.39,72.03,L,30,93.0470
L,1260818,1700,253,72.11,72.39,72.03,L,31,91.4827
L,1260818,1700,253,72.11,72.39,72.03,L,32,92.8595
L,1260818,1700,253,72.11,72.39,72.03,L,33,93.6400
L,1260818,1700,253,72.11,72.39,72.03,L,34,94.4223
L,1260818,1700,253,72.11,72.39,72.03,L,35,91.8166
L,1260818,1700,253,72.11,72.39,72.03,L,36,95.0328
L,1260818,1700,253,72.11,72.39,72.03,L,37,97.4067
L,1260818,1700,253,72.11,72.39,72.03,L,38,101.4087
L,1260818,1700,253,72.11,72.39,72.03,L,39,108.1191
L,1260818,1700,253,72.11,72.39,72.03,L,40,116.8303
L,1260818,1700,253,72.11,72.39,72.03,L,41,119.4865
L,1260818,1700,253,72.11,72.39,72.03,L,42,112.3587
L,1260818,1700,253,72.11,72.39,72.03,L,43,99.5160
L,1260818,1700,253,72.11,72.39,72.03,L,44,110.9516
L,1260818,1700,253,72.11,72.39,72.03,L,45,153.4224
L,1260818,1700,253,72.11,72.39,72.03,L,46,182.2320
L,1260818,1700,253,72.11,72.39,72.03,L,47,159.5567
X,1260818,1700,253,72.11,72.39,72.03,72.4562
X,1260818,1700,253,72.11,72.39,72.03,72.5488
X,1260818,1700,253,72.11,72.39,72.03,72.5304
K,1260818,1700,253,72.11,72.39,72.03,72.5138,4
Q,1260818,1700,253,72.11,72.39,72.03,72.4562,7
L,1260819,200,254,72.71,72.94,71.41,U,0,72.1729
L,1260819,200,254,72.71,72.94,71.41,U,1,71.3391
L,1260819,200,254,72.71,72.94,71.41,U,2,71.2967
L,1260819,200,254,72.71,72.94,71.41,U,3,74.0800
L,1260819,200,254,72.71,72.94,71.41,U,4,76.0000
L,1260819,200,254,72.71,72.94,71.41,L,0,72.5556
L,1260819,200,254,72.71,72.94,71.41,L,1,72.6817
L,1260819,200,254,72.71,72.94,71.41,L,2,72.6565
L,1260819,200,254,72.71,72.94,71.41,L,3,74.5528
L,1260819,200,254,72.71,72.94,71.41,L,4,77.9096
L,1260819,200,254,72.71,72.94,71.41,L,5,78.0411
L,1260819,200,254,72.71,72.94,71.41,L,6,79.5808
L,1260819,200,254,72.71,72.94,71.41,L,7,80.1499
L,1260819,200,254,72.71,72.94,71.41,L,8,80.1729
L,1260819,200,254,72.71,72.94,71.41,L,9,80.2582
L,1260819,200,254,72.71,72.94,71.41,L,10,82.1316
L,1260819,200,254,72.71,72.94,71.41,L,11,83.0001
L,1260819,200,254,72.71,72.94,71.41,L,12,82.8377
L,1260819,200,254,72.71,72.94,71.41,L,13,83.2695
L,1260819,200,254,72.71,72.94,71.41,L,14,80.7899
L,1260819,200,254,72.71,72.94,71.41,L,15,81.3200
L,1260819,200,254,72.71,72.94,71.41,L,16,81.3764
L,1260819,200,254,72.71,72.94,71.41,L,17,82.9267
L,1260819,200,254,72.71,72.94,71.41,L,18,82.7331
L,1260819,200,254,72.71,72.94,71.41,L,19,83.4224
L,1260819,200,254,72.71,72.94,71.41,L,20,82.3376
L,1260819,200,254,72.71,72.94,71.41,L,21,81.9318
L,1260819,200,254,72.71,72.94,71.41,L,22,84.1909
L,1260819,200,254,72.71,72.94,71.41,L,23,85.9997
L,1260819,200,254,72.71,72.94,71.41,L,24,87.4994
L,1260819,200,254,72.71,72.94,71.41,L,25,88.4068
L,1260819,200,254,72.71,72.94,71.41,L,26,89.0758
L,1260819,200,254,72.71,72.94,71.41,L,27,91.7537
L,1260819,200,254,72.71,72.94,71.41,L,28,92.2881
L,1260819,200,254,72.71,72.94,71.41,L,29,91.3080
L,1260819,200,254,72.71,72.94,71.41,L,30,93.2094
L,1260819,200,254,72.71,72.94,71.41,L,31,91.6382
L,1260819,200,254,72.71,72.94,71.41,L,32,93.0210
L,1260819,200,254,72.71,72.94,71.41,L,33,93.8050
L,1260819,200,254,72.71,72.94,71.41,L,34,94.5908
L,1260819,200,254,72.71,72.94,71.41,L,35,91.9735
L,1260819,200,254,72.71,72.94,71.41,L,36,95.2040
L,1260819,200,254,72.71,72.94,71.41,L,37,97.5883
L,1260819,200,254,72.71,72.94,71.41,L,38,101.6081
L,1260819,200,254,72.71,72.94,71.41,L,39,108.3481
L,1260819,200,254,72.71,72.94,71.41,L,40,117.0979
L,1260819,200,254,72.71,72.94,71.41,L,41,119.7659
L,1260819,200,254,72.71,72.94,71.41,L,42,112.6065
L,1260819,200,254,72.71,72.94,71.41,L,43,99.7070
L,1260819,200,254,72.71,72.94,71.41,L,44,111.1932
L,1260819,200,254,72.71,72.94,71.41,L,45,153.8519
L,1260819,200,254,72.71,72.94,71.41,L,46,182.7890
L,1260819,200,254,72.71,72.94,71.41,L,47,160.0133
K,1260819,200,254,72.71,72.94,71.41,72.6312,3
L,1260819,300,255,72.31,72.88,72.20,U,0,72.7620
L,1260819,300,255,72.31,72.88,72.20,U,1,71.9693
L,1260819,300,255,72.31,72.88,72.20,U,2,71.1077
L,1260819,300,255,72.31,72.88,72.20,U,3,71.0639
L,1260819,300,255,72.31,72.88,72.20,U,4,73.9400
L,1260819,300,255,72.31,72.88,72.20,U,5,75.9240
L,1260819,300,255,72.31,72.88,72.20,L,0,71.4763
L,1260819,300,255,72.31,72.88,72.20,L,1,72.6270
L,1260819,300,255,72.31,72.88,72.20,L,2,72.7536
L,1260819,300,255,72.31,72.88,72.20,L,3,72.7283
L,1260819,300,255,72.31,72.88,72.20,L,4,74.6330
L,1260819,300,255,72.31,72.88,72.20,L,5,78.0045
L,1260819,300,255,72.31,72.88,72.20,L,6,78.1367
L,1260819,300,255,72.31,72.88,72.20,L,7,79.6831
L,1260819,300,255,72.31,72.88,72.20,L,8,80.2547
L,1260819,300,255,72.31,72.88,72.20,L,9,80.2779
L,1260819,300,255,72.31,72.88,72.20,L,10,80.3635
L,1260819,300,255,72.31,72.88,72.20,L,11,82.2452
L,1260819,300,255,72.31,72.88,72.20,L,12,83.1175
L,1260819,300,255,72.31,72.88,72.20,L,13,82.9543
L,1260819,300,255,72.31,72.88,72.20,L,14,83.3881
L,1260819,300,255,72.31,72.88,72.20,L,15,80.8975
L,1260819,300,255,72.31,72.88,72.20,L,16,81.4300
L,1260819,300,255,72.31,72.88,72.20,L,17,81.4866
L,1260819,300,255,72.31,72.88,72.20,L,18,83.0438
L,1260819,300,255,72.31,72.88,72.20,L,19,82.8493
L,1260819,300,255,72.31,72.88,72.20,L,20,83.5417
L,1260819,300,255,72.31,72.88,72.20,L,21,82.4521
L,1260819,300,255,72.31,72.88,72.20,L,22,82.0445
L,1260819,300,255,72.31,72.88,72.20,L,23,84.3135
L,1260819,300,255,72.31,72.88,72.20,L,24,86.1303
L,1260819,300,255,72.31,72.88,72.20,L,25,87.6367
L,1260819,300,255,72.31,72.88,72.20,L,26,88.5480
L,1260819,300,255,72.31,72.88,72.20,L,27,89.2200
L,1260819,300,255,72.31,72.88,72.20,L,28,91.9096
L,1260819,300,255,72.31,72.88,72.20,L,29,92.4464
L,1260819,300,255,72.31,72.88,72.20,L,30,91.4620
L,1260819,300,255,72.31,72.88,72.20,L,31,93.3718
L,1260819,300,255,72.31,72.88,72.20,L,32,91.7936
L,1260819,300,255,72.31,72.88,72.20,L,33,93.1826
L,1260819,300,255,72.31,72.88,72.20,L,34,93.9700
L,1260819,300,255,72.31,72.88,72.20,L,35,94.7592
L,1260819,300,255,72.31,72.88,72.20,L,36,92.1305
L,1260819,300,255,72.31,72.88,72.20,L,37,95.3751
L,1260819,300,255,72.31,72.88,72.20,L,38,97.7700
L,1260819,300,255,72.31,72.88,72.20,L,39,101.8075
L,1260819,300,255,72.31,72.88,72.20,L,40,108.5772
L,1260819,300,255,72.31,72.88,72.20,L,41,117.3655
L,1260819,300,255,72.31,72.88,72.20,L,42,120.0452
L,1260819,300,255,72.31,72.88,72.20,L,43,112.8543
L,1260819,300,255,72.31,72.88,72.20,L,44,99.8980
L,1260819,300,255,72.31,72.88,72.20,L,45,111.4348
L,1260819,300,255,72.31,72.88,72.20,L,46,154.2814
L,1260819,300,255,72.31,72.88,72.20,L,47,183.3460
L,1260819,300,255,72.31,72.88,72.20,L,48,160.4700
K,1260819,300,255,72.31,72.88,72.20,72.7177,4
L,1260819,400,256,72.09,72.36,72.01,U,0,72.5840
L,1260819,400,256,72.09,72.36,72.01,U,1,71.7657
L,1260819,400,256,72.09,72.36,72.01,U,2,70.8764
L,1260819,400,256,72.09,72.36,72.01,U,3,70.8311
L,1260819,400,256,72.09,72.36,72.01,U,4,73.8000
L,1260819,400,256,72.09,72.36,72.01,U,5,75.8480
L,1260819,400,256,72.09,72.36,72.01,L,0,71.5427
L,1260819,400,256,72.09,72.36,72.01,L,1,72.6983
L,1260819,400,256,72.09,72.36,72.01,L,2,72.8256
L,1260819,400,256,72.09,72.36,72.01,L,3,72.8002
L,1260819,400,256,72.09,72.36,72.01,L,4,74.7132
L,1260819,400,256,72.09,72.36,72.01,L,5,78.0995
L,1260819,400,256,72.09,72.36,72.01,L,6,78.2322
L,1260819,400,256,72.09,72.36,72.01,L,7,79.7855
L,1260819,400,256,72.09,72.36,72.01,L,8,80.3596
L,1260819,400,256,72.09,72.36,72.01,L,9,80.3828
L,1260819,400,256,72.09,72.36,72.01,L,10,80.4689
L,1260819,400,256,72.09,72.36,72.01,L,11,82.3588
L,1260819,400,256,72.09,72.36,72.01,L,12,83.2349
L,1260819,400,256,72.09,72.36,72.01,L,13,83.0710
L,1260819,400,256,72.09,72.36,72.01,L,14,83.5067
L,1260819,400,256,72.09,72.36,72.01,L,15,81.0052
L,1260819,400,256,72.09,72.36,72.01,L,16,81.5400
L,1260819,400,256,72.09,72.36,72.01,L,17,81.5969
L,1260819,400,256,72.09,72.36,72.01,L,18,83.1608
L,1260819,400,256,72.09,72.36,72.01,L,19,82.9656
L,1260819,400,256,72.09,72.36,72.01,L,20,83.6609
L,1260819,400,256,72.09,72.36,72.01,L,21,82.5666
L,1260819,400,256,72.09,72.36,72.01,L,22,82.1572
L,1260819,400,256,72.09,72.36,72.01,L,23,84.4362
L,1260819,400,256,72.09,72.36,72.01,L,24,86.2609
L,1260819,400,256,72.09,72.36,72.01,L,25,87.7739
L,1260819,400,256,72.09,72.36,72.01,L,26,88.6893
L,1260819,400,256,72.09,72.36,72.01,L,27,89.3642
L,1260819,400,256,72.09,72.36,72.01,L,28,92.0656
L,1260819,400,256,72.09,72.36,72.01,L,29,92.6048
L,1260819,400,256,72.09,72.36,72.01,L,30,91.6160
L,1260819,400,256,72.09,72.36,72.01,L,31,93.5342
L,1260819,400,256,72.09,72.36,72.01,L,32,91.9491
L,1260819,400,256,72.09,72.36,72.01,L,33,93.3441
L,1260819,400,256,72.09,72.36,72.01,L,34,94.1350
L,1260819,400,256,72.09,72.36,72.01,L,35,94.9277
L,1260819,400,256,72.09,72.36,72.01,L,36,92.2874
L,1260819,400,256,72.09,72.36,72.01,L,37,95.5463
L,1260819,400,256,72.09,72.36,72.01,L,38,97.9517
L,1260819,400,256,72.09,72.36,72.01,L,39,102.0069
L,1260819,400,256,72.09,72.36,72.01,L,40,108.8063
L,1260819,400,256,72.09,72.36,72.01,L,41,117.6331
L,1260819,400,256,72.09,72.36,72.01,L,42,120.3246
L,1260819,400,256,72.09,72.36,72.01,L,43,113.1022
L,1260819,400,256,72.09,72.36,72.01,L,44,100.0890
L,1260819,400,256,72.09,72.36,72.01,L,45,111.6764
L,1260819,400,256,72.09,72.36,72.01,L,46,154.7110
L,1260819,400,256,72.09,72.36,72.01,L,47,183.9030
L,1260819,400,256,72.09,72.36,72.01,L,48,160.9267
X,1260819,400,256,72.09,72.36,72.01,72.6656
X,1260819,400,256,72.09,72.36,72.01,72.7560
X,1260819,400,256,72.09,72.36,72.01,72.7380
K,1260819,400,256,72.09,72.36,72.01,72.7270,4
Q,1260819,400,256,72.09,72.36,72.01,72.6656,6
L,1260819,500,257,72.20,72.50,71.98,U,0,72.4060
L,1260819,500,257,72.20,72.50,71.98,U,1,71.5621
L,1260819,500,257,72.20,72.50,71.98,U,2,70.6450
L,1260819,500,257,72.20,72.50,71.98,U,3,70.5983
L,1260819,500,257,72.20,72.50,71.98,U,4,73.6600
L,1260819,500,257,72.20,72.50,71.98,U,5,75.7720
L,1260819,500,257,72.20,72.50,71.98,L,0,71.6090
L,1260819,500,257,72.20,72.50,71.98,L,1,72.7697
L,1260819,500,257,72.20,72.50,71.98,L,2,72.8975
L,1260819,500,257,72.20,72.50,71.98,L,3,72.8720
L,1260819,500,257,72.20,72.50,71.98,L,4,74.7934
L,1260819,500,257,72.20,72.50,71.98,L,5,78.1945
L,1260819,500,257,72.20,72.50,71.98,L,6,78.3278
L,1260819,500,257,72.20,72.50,71.98,L,7,79.8878
L,1260819,500,257,72.20,72.50,71.98,L,8,80.4644
L,1260819,500,257,72.20,72.50,71.98,L,9,80.4878
L,1260819,500,257,72.20,72.50,71.98,L,10,80.5742
L,1260819,500,257,72.20,72.50,71.98,L,11,82.4723
L,1260819,500,257,72.20,72.50,71.98,L,12,83.3523
L,1260819,500,257,72.20,72.50,71.98,L,13,83.1877
L,1260819,500,257,72.20,72.50,71.98,L,14,83.6253
L,1260819,500,257,72.20,72.50,71.98,L,15,81.1129
L,1260819,500,257,72.20,72.50,71.98,L,16,81.6500
L,1260819,500,257,72.20,72.50,71.98,L,17,81.7071
L,1260819,500,257,72.20,72.50,71.98,L,18,83.2779
L,1260819,500,257,72.20,72.50,71.98,L,19,83.0818
L,1260819,500,257,72.20,72.50,71.98,L,20,83.7802
L,1260819,500,257,72.20,72.50,71.98,L,21,82.6810
L,1260819,500,257,72.20,72.50,71.98,L,22,82.2699
L,1260819,500,257,72.20,72.50,71.98,L,23,84.5588
L,1260819,500,257,72.20,72.50,71.98,L,24,86.3915
L,1260819,500,257,72.20,72.50,71.98,L,25,87.9111
L,1260819,500,257,72.20,72.50,71.98,L,26,88.8305
L,1260819,500,257,72.20,72.50,71.98,L,27,89.5083
L,1260819,500,257,72.20,72.50,71.98,L,28,92.2216
L,1260819,500,257,72.20,72.50,71.98,L,29,92.7631
L,1260819,500,257,72.20,72.50,71.98,L,30,91.7700
L,1260819,500,257,72.20,72.50,71.98,L,31,93.6965
L,1260819,500,257,72.20,72.50,71.98,L,32,92.1045
L,1260819,500,257,72.20,72.50,71.98,L,33,93.5057
L,1260819,500,257,72.20,72.50,71.98,L,34,94.3000
L,1260819,500,257,72.20,72.50,71.98,L,35,95.0962
L,1260819,500,257,72.20,72.50,71.98,L,36,92.4443
L,1260819,500,257,72.20,72.50,71.98,L,37,95.7174
L,1260819,500,257,72.20,72.50,71.98,L,38,98.1333
L,1260819,500,257,72.20,72.50,71.98,L,39,102.2062
L,1260819,500,257,72.20,72.50,71.98,L,40,109.0353
L,1260819,500,257,72.20,72.50,71.98,L,41,117.9007
L,1260819,500,257,72.20,72.50,71.98,L,42,120.6040
L,1260819,500,257,72.20,72.50,71.98,L,43,113.3500
L,1260819,500,257,72.20,72.50,71.98,L,44,100.2800
L,1260819,500,257,72.20,72.50,71.98,L,45,111.9180
L,1260819,500,257,72.20,72.50,71.98,L,46,155.1405
L,1260819,500,257,72.20,72.50,71.98,L,47,184.4600
L,1260819,500,257,72.20,72.50,71.98,L,48,161.3833
X,1260819,500,257,72.20,72.50,71.98,71.5975
K,1260819,500,257,72.20,72.50,71.98,72.8464,3
L,1260819,600,258,73.71,73.81,72.01,U,0,72.2280
L,1260819,600,258,73.71,73.81,72.01,U,1,71.3586
L,1260819,600,258,73.71,73.81,72.01,U,2,70.4136
L,1260819,600,258,73.71,73.81,72.01,U,3,70.3656
L,1260819,600,258,73.71,73.81,72.01,U,4,73.5200
L,1260819,600,258,73.71,73.81,72.01,U,5,75.6960
L,1260819,600,258,73.71,73.81,72.01,L,0,72.0480
L,1260819,600,258,73.71,73.81,72.01,L,1,71.6754
L,1260819,600,258,73.71,73.81,72.01,L,2,72.8411
L,1260819,600,258,73.71,73.81,72.01,L,3,72.9695
L,1260819,600,258,73.71,73.81,72.01,L,4,72.9439
L,1260819,600,258,73.71,73.81,72.01,L,5,74.8736
L,1260819,600,258,73.71,73.81,72.01,L,6,78.2895
L,1260819,600,258,73.71,73.81,72.01,L,7,78.4233
L,1260819,600,258,73.71,73.81,72.01,L,8,79.9901
L,1260819,600,258,73.71,73.81,72.01,L,9,80.5693
L,1260819,600,258,73.71,73.81,72.01,L,10,80.5927
L,1260819,600,258,73.71,73.81,72.01,L,11,80.6795
L,1260819,600,258,73.71,73.81,72.01,L,12,82.5859
L,1260819,600,258,73.71,73.81,72.01,L,13,83.4697
L,1260819,600,258,73.71,73.81,72.01,L,14,83.3044
L,1260819,600,258,73.71,73.81,72.01,L,15,83.7439
L,1260819,600,258,73.71,73.81,72.01,L,16,81.2205
L,1260819,600,258,73.71,73.81,72.01,L,17,81.7600
L,1260819,600,258,73.71,73.81,72.01,L,18,81.8174
L,1260819,600,258,73.71,73.81,72.01,L,19,83.3950
L,1260819,600,258,73.71,73.81,72.01,L,20,83.1980
L,1260819,600,258,73.71,73.81,72.01,L,21,83.8995
L,1260819,600,258,73.71,73.81,72.01,L,22,82.7955
L,1260819,600,258,73.71,73.81,72.01,L,23,82.3826
L,1260819,600,258,73.71,73.81,72.01,L,24,84.6815
L,1260819,600,258,73.71,73.81,72.01,L,25,86.5222
L,1260819,600,258,73.71,73.81,72.01,L,26,88.0483
L,1260819,600,258,73.71,73.81,72.01,L,27,88.9717
L,1260819,600,258,73.71,73.81,72.01,L,28,89.6525
L,1260819,600,258,73.71,73.81,72.01,L,29,92.3775
L,1260819,600,258,73.71,73.81,72.01,L,30,92.9214
L,1260819,600,258,73.71,73.81,72.01,L,31,91.9240
L,1260819,600,258,73.71,73.81,72.01,L,32,93.8589
L,1260819,600,258,73.71,73.81,72.01,L,33,92.2600
L,1260819,600,258,73.71,73.81,72.01,L,34,93.6672
L,1260819,600,258,73.71,73.81,72.01,L,35,94.4650
L,1260819,600,258,73.71,73.81,72.01,L,36,95.2646
L,1260819,600,258,73.71,73.81,72.01,L,37,92.6012
L,1260819,600,258,73.71,73.81,72.01,L,38,95.8886
L,1260819,600,258,73.71,73.81,72.01,L,39,98.3150
L,1260819,600,258,73.71,73.81,72.01,L,40,102.4056
L,1260819,600,258,73.71,73.81,72.01,L,41,109.2644
L,1260819,600,258,73.71,73.81,72.01,L,42,118.1684
L,1260819,600,258,73.71,73.81,72.01,L,43,120.8833
L,1260819,600,258,73.71,73.81,72.01,L,44,113.5978
L,1260819,600,258,73.71,73.81,72.01,L,45,100.4710
L,1260819,600,258,73.71,73.81,72.01,L,46,112.1596
L,1260819,600,258,73.71,73.81,72.01,L,47,155.5700
L,1260819,600,258,73.71,73.81,72.01,L,48,185.0170
L,1260819,600,258,73.71,73.81,72.01,L,49,161.8400
K,1260819,600,258,73.71,73.81,72.01,72.9181,3
L,1260819,700,259,71.87,73.74,71.23,U,0,73.6785
L,1260819,700,259,71.87,73.74,71.23,U,1,72.0500
L,1260819,700,259,71.87,73.74,71.23,U,2,71.1550
L,1260819,700,259,71.87,73.74,71.23,U,3,70.1823
L,1260819,700,259,71.87,73.74,71.23,U,4,70.1328
L,1260819,700,259,71.87,73.74,71.23,U,5,73.3800
L,1260819,700,259,71.87,73.74,71.23,U,6,75.6200
L,1260819,700,259,71.87,73.74,71.23,L,0,72.1159
L,1260819,700,259,71.87,73.74,71.23,L,1,71.7417
L,1260819,700,259,71.87,73.74,71.23,L,2,72.9125
L,1260819,700,259,71.87,73.74,71.23,L,3,73.0414
L,1260819,700,259,71.87,73.74,71.23,L,4,73.0157
L,1260819,700,259,71.87,73.74,71.23,L,5,74.9538
L,1260819,700,259,71.87,73.74,71.23,L,6,78.3844
L,1260819,700,259,71.87,73.74,71.23,L,7,78.5189
L,1260819,700,259,71.87,73.74,71.23,L,8,80.0925
L,1260819,700,259,71.87,73.74,71.23,L,9,80.6741
L,1260819,700,259,71.87,73.74,71.23,L,10,80.6977
L,1260819,700,259,71.87,73.74,71.23,L,11,80.7848
L,1260819,700,259,71.87,73.74,71.23,L,12,82.6995
L,1260819,700,259,71.87,73.74,71.23,L,13,83.5871
L,1260819,700,259,71.87,73.74,71.23,L,14,83.4211
L,1260819,700,259,71.87,73.74,71.23,L,15,83.8625
L,1260819,700,259,71.87,73.74,71.23,L,16,81.3282
L,1260819,700,259,71.87,73.74,71.23,L,17,81.8700
L,1260819,700,259,71.87,73.74,71.23,L,18,81.9276
L,1260819,700,259,71.87,73.74,71.23,L,19,83.5121
L,1260819,700,259,71.87,73.74,71.23,L,20,83.3142
L,1260819,700,259,71.87,73.74,71.23,L,21,84.0187
L,1260819,700,259,71.87,73.74,71.23,L,22,82.9100
L,1260819,700,259,71.87,73.74,71.23,L,23,82.4952
L,1260819,700,259,71.87,73.74,71.23,L,24,84.8041
L,1260819,700,259,71.87,73.74,71.23,L,25,86.6528
L,1260819,700,259,71.87,73.74,71.23,L,26,88.1856
L,1260819,700,259,71.87,73.74,71.23,L,27,89.1129
L,1260819,700,259,71.87,73.74,71.23,L,28,89.7967
L,1260819,700,259,71.87,73.74,71.23,L,29,92.5335
L,1260819,700,259,71.87,73.74,71.23,L,30,93.0797
L,1260819,700,259,71.87,73.74,71.23,L,31,92.0780
L,1260819,700,259,71.87,73.74,71.23,L,32,94.0213
L,1260819,700,259,71.87,73.74,71.23,L,33,92.4155
L,1260819,700,259,71.87,73.74,71.23,L,34,93.8288
L,1260819,700,259,71.87,73.74,71.23,L,35,94.6300
L,1260819,700,259,71.87,73.74,71.23,L,36,95.4331
L,1260819,700,259,71.87,73.74,71.23,L,37,92.7582
L,1260819,700,259,71.87,73.74,71.23,L,38,96.0598
L,1260819,700,259,71.87,73.74,71.23,L,39,98.4967
L,1260819,700,259,71.87,73.74,71.23,L,40,102.6050
L,1260819,700,259,71.87,73.74,71.23,L,41,109.4935
L,1260819,700,259,71.87,73.74,71.23,L,42,118.4360
L,1260819,700,259,71.87,73.74,71.23,L,43,121.1627
L,1260819,700,259,71.87,73.74,71.23,L,44,113.8457
L,1260819,700,259,71.87,73.74,71.23,L,45,100.6620
L,1260819,700,259,71.87,73.74,71.23,L,46,112.4012
L,1260819,700,259,71.87,73.74,71.23,L,47,155.9995
L,1260819,700,259,71.87,73.74,71.23,L,48,185.5740
L,1260819,700,259,71.87,73.74,71.23,L,49,162.2967
X,1260819,700,259,71.87,73.74,71.23,72.0977
K,1260819,700,259,71.87,73.74,71.23,72.9899,3
L,1260819,800,260,72.81,72.82,71.00,U,0,73.5471
L,1260819,800,260,72.81,72.82,71.00,U,1,71.8720
L,1260819,800,260,72.81,72.82,71.00,U,2,70.9514
L,1260819,800,260,72.81,72.82,71.00,U,3,69.9509
L,1260819,800,260,72.81,72.82,71.00,U,4,69.9000
L,1260819,800,260,72.81,72.82,71.00,U,5,73.2400
L,1260819,800,260,72.81,72.82,71.00,U,6,75.5440
L,1260819,800,260,72.81,72.82,71.00,L,0,72.1839
L,1260819,800,260,72.81,72.82,71.00,L,1,71.8081
L,1260819,800,260,72.81,72.82,71.00,L,2,72.9839
L,1260819,800,260,72.81,72.82,71.00,L,3,73.1133
L,1260819,800,260,72.81,72.82,71.00,L,4,73.0875
L,1260819,800,260,72.81,72.82,71.00,L,5,75.0340
L,1260819,800,260,72.81,72.82,71.00,L,6,78.4794
L,1260819,800,260,72.81,72.82,71.00,L,7,78.6144
L,1260819,800,260,72.81,72.82,71.00,L,8,80.1948
L,1260819,800,260,72.81,72.82,71.00,L,9,80.7790
L,1260819,800,260,72.81,72.82,71.00,L,10,80.8026
L,1260819,800,260,72.81,72.82,71.00,L,11,80.8902
L,1260819,800,260,72.81,72.82,71.00,L,12,82.8131
L,1260819,800,260,72.81,72.82,71.00,L,13,83.7045
L,1260819,800,260,72.81,72.82,71.00,L,14,83.5378
L,1260819,800,260,72.81,72.82,71.00,L,15,83.9811
L,1260819,800,260,72.81,72.82,71.00,L,16,81.4359
L,1260819,800,260,72.81,72.82,71.00,L,17,81.9800
L,1260819,800,260,72.81,72.82,71.00,L,18,82.0379
L,1260819,800,260,72.81,72.82,71.00,L,19,83.6292
L,1260819,800,260,72.81,72.82,71.00,L,20,83.4305
L,1260819,800,260,72.81,72.82,71.00,L,21,84.1380
L,1260819,800,260,72.81,72.82,71.00,L,22,83.0245
L,1260819,800,260,72.81,72.82,71.00,L,23,82.6079
L,1260819,800,260,72.81,72.82,71.00,L,24,84.9268
L,1260819,800,260,72.81,72.82,71.00,L,25,86.7834
L,1260819,800,260,72.81,72.82,71.00,L,26,88.3228
L,1260819,800,260,72.81,72.82,71.00,L,27,89.2541
L,1260819,800,260,72.81,72.82,71.00,L,28,89.9408
L,1260819,800,260,72.81,72.82,71.00,L,29,92.6894
L,1260819,800,260,72.81,72.82,71.00,L,30,93.2380
L,1260819,800,260,72.81,72.82,71.00,L,31,92.2320
L,1260819,800,260,72.81,72.82,71.00,L,32,94.1837
L,1260819,800,260,72.81,72.82,71.00,L,33,92.5709
L,1260819,800,260,72.81,72.82,71.00,L,34,93.9903
L,1260819,800,260,72.81,72.82,71.00,L,35,94.7950
L,1260819,800,260,72.81,72.82,71.00,L,36,95.6015
L,1260819,800,260,72.81,72.82,71.00,L,37,92.9151
L,1260819,800,260,72.81,72.82,71.00,L,38,96.2309
L,1260819,800,260,72.81,72.82,71.00,L,39,98.6783
L,1260819,800,260,72.81,72.82,71.00,L,40,102.8044
L,1260819,800,260,72.81,72.82,71.00,L,41,109.7225
L,1260819,800,260,72.81,72.82,71.00,L,42,118.7036
L,1260819,800,260,72.81,72.82,71.00,L,43,121.4421
L,1260819,800,260,72.81,72.82,71.00,L,44,114.0935
L,1260819,800,260,72.81,72.82,71.00,L,45,100.8530
L,1260819,800,260,72.81,72.82,71.00,L,46,112.6428
L,1260819,800,260,72.81,72.82,71.00,L,47,156.4290
L,1260819,800,260,72.81,72.82,71.00,L,48,186.1310
L,1260819,800,260,72.81,72.82,71.00,L,49,162.7533
K,1260819,800,260,72.81,72.82,71.00,73.1062,4
L,1260819,900,261,72.69,72.86,72.27,U,0,73.4156
L,1260819,900,261,72.69,72.86,72.27,U,1,71.6940
L,1260819,900,261,72.69,72.86,72.27,U,2,70.7479
L,1260819,900,261,72.69,72.86,72.27,U,3,69.7195
L,1260819,900,261,72.69,72.86,72.27,U,4,69.6672
L,1260819,900,261,72.69,72.86,72.27,U,5,73.1000
L,1260819,900,261,72.69,72.86,72.27,U,6,75.4680
L,1260819,900,261,72.69,72.86,72.27,L,0,71.0629
L,1260819,900,261,72.69,72.86,72.27,L,1,72.2518
L,1260819,900,261,72.69,72.86,72.27,L,2,71.8744
L,1260819,900,261,72.69,72.86,72.27,L,3,73.0553
L,1260819,900,261,72.69,72.86,72.27,L,4,73.1853
L,1260819,900,261,72.69,72.86,72.27,L,5,73.1594
L,1260819,900,261,72.69,72.86,72.27,L,6,75.1142
L,1260819,900,261,72.69,72.86,72.27,L,7,78.5744
L,1260819,900,261,72.69,72.86,72.27,L,8,78.7100
L,1260819,900,261,72.69,72.86,72.27,L,9,80.2972
L,1260819,900,261,72.69,72.86,72.27,L,10,80.8838
L,1260819,900,261,72.69,72.86,72.27,L,11,80.9076
L,1260819,900,261,72.69,72.86,72.27,L,12,80.9955
L,1260819,900,261,72.69,72.86,72.27,L,13,82.9266
L,1260819,900,261,72.69,72.86,72.27,L,14,83.8219
L,1260819,900,261,72.69,72.86,72.27,L,15,83.6545
L,1260819,900,261,72.69,72.86,72.27,L,16,84.0996
L,1260819,900,261,72.69,72.86,72.27,L,17,81.5435
L,1260819,900,261,72.69,72.86,72.27,L,18,82.0900
L,1260819,900,261,72.69,72.86,72.27,L,19,82.1481
L,1260819,900,261,72.69,72.86,72.27,L,20,83.7462
L,1260819,900,261,72.69,72.86,72.27,L,21,83.5467
L,1260819,900,261,72.69,72.86,72.27,L,22,84.2572
L,1260819,900,261,72.69,72.86,72.27,L,23,83.1390
L,1260819,900,261,72.69,72.86,72.27,L,24,82.7206
L,1260819,900,261,72.69,72.86,72.27,L,25,85.0494
L,1260819,900,261,72.69,72.86,72.27,L,26,86.9140
L,1260819,900,261,72.69,72.86,72.27,L,27,88.4600
L,1260819,900,261,72.69,72.86,72.27,L,28,89.3954
L,1260819,900,261,72.69,72.86,72.27,L,29,90.0850
L,1260819,900,261,72.69,72.86,72.27,L,30,92.8454
L,1260819,900,261,72.69,72.86,72.27,L,31,93.3964
L,1260819,900,261,72.69,72.86,72.27,L,32,92.3860
L,1260819,900,261,72.69,72.86,72.27,L,33,94.3460
L,1260819,900,261,72.69,72.86,72.27,L,34,92.7264
L,1260819,900,261,72.69,72.86,72.27,L,35,94.1519
L,1260819,900,261,72.69,72.86,72.27,L,36,94.9600
L,1260819,900,261,72.69,72.86,72.27,L,37,95.7700
L,1260819,900,261,72.69,72.86,72.27,L,38,93.0720
L,1260819,900,261,72.69,72.86,72.27,L,39,96.4021
L,1260819,900,261,72.69,72.86,72.27,L,40,98.8600
L,1260819,900,261,72.69,72.86,72.27,L,41,103.0037
L,1260819,900,261,72.69,72.86,72.27,L,42,109.9516
L,1260819,900,261,72.69,72.86,72.27,L,43,118.9712
L,1260819,900,261,72.69,72.86,72.27,L,44,121.7214
L,1260819,900,261,72.69,72.86,72.27,L,45,114.3413
L,1260819,900,261,72.69,72.86,72.27,L,46,101.0440
L,1260819,900,261,72.69,72.86,72.27,L,47,112.8844
L,1260819,900,261,72.69,72.86,72.27,L,48,156.8586
L,1260819,900,261,72.69,72.86,72.27,L,49,186.6880
L,1260819,900,261,72.69,72.86,72.27,L,50,163.2100
X,1260819,900,261,72.69,72.86,72.27,71.8254
X,1260819,900,261,72.69,72.86,72.27,73.1563
X,1260819,900,261,72.69,72.86,72.27,73.1392
K,1260819,900,261,72.69,72.86,72.27,73.1831,5
Q,1260819,900,261,72.69,72.86,72.27,71.8254,2
L,1260819,1000,262,72.35,73.14,72.29,U,0,73.2841
L,1260819,1000,262,72.35,73.14,72.29,U,1,71.5160
L,1260819,1000,262,72.35,73.14,72.29,U,2,70.5443
L,1260819,1000,262,72.35,73.14,72.29,U,3,69.4882
L,1260819,1000,262,72.35,73.14,72.29,U,4,69.4344
L,1260819,1000,262,72.35,73.14,72.29,U,5,72.9600
L,1260819,1000,262,72.35,73.14,72.29,U,6,75.3920
L,1260819,1000,262,72.35,73.14,72.29,L,0,71.1258
L,1260819,1000,262,72.35,73.14,72.29,L,1,72.3198
L,1260819,1000,262,72.35,73.14,72.29,L,2,71.9407
L,1260819,1000,262,72.35,73.14,72.29,L,3,73.1267
L,1260819,1000,262,72.35,73.14,72.29,L,4,73.2572
L,1260819,1000,262,72.35,73.14,72.29,L,5,73.2312
L,1260819,1000,262,72.35,73.14,72.29,L,6,75.1943
L,1260819,1000,262,72.35,73.14,72.29,L,7,78.6694
L,1260819,1000,262,72.35,73.14,72.29,L,8,78.8056
L,1260819,1000,262,72.35,73.14,72.29,L,9,80.3995
L,1260819,1000,262,72.35,73.14,72.29,L,10,80.9887
L,1260819,1000,262,72.35,73.14,72.29,L,11,81.0125
L,1260819,1000,262,72.35,73.14,72.29,L,12,81.1008
L,1260819,1000,262,72.35,73.14,72.29,L,13,83.0402
L,1260819,1000,262,72.35,73.14,72.29,L,14,83.9393
L,1260819,1000,262,72.35,73.14,72.29,L,15,83.7711
L,1260819,1000,262,72.35,73.14,72.29,L,16,84.2182
L,1260819,1000,262,72.35,73.14,72.29,L,17,81.6512
L,1260819,1000,262,72.35,73.14,72.29,L,18,82.2000
L,1260819,1000,262,72.35,73.14,72.29,L,19,82.2584
L,1260819,1000,262,72.35,73.14,72.29,L,20,83.8633
L,1260819,1000,262,72.35,73.14,72.29,L,21,83.6629
L,1260819,1000,262,72.35,73.14,72.29,L,22,84.3765
L,1260819,1000,262,72.35,73.14,72.29,L,23,83.2534
L,1260819,1000,262,72.35,73.14,72.29,L,24,82.8333
L,1260819,1000,262,72.35,73.14,72.29,L,25,85.1721
L,1260819,1000,262,72.35,73.14,72.29,L,26,87.0446
L,1260819,1000,262,72.35,73.14,72.29,L,27,88.5972
L,1260819,1000,262,72.35,73.14,72.29,L,28,89.5366
L,1260819,1000,262,72.35,73.14,72.29,L,29,90.2292
L,1260819,1000,262,72.35,73.14,72.29,L,30,93.0014
L,1260819,1000,262,72.35,73.14,72.29,L,31,93.5547
L,1260819,1000,262,72.35,73.14,72.29,L,32,92.5400
L,1260819,1000,262,72.35,73.14,72.29,L,33,94.5084
L,1260819,1000,262,72.35,73.14,72.29,L,34,92.8818
L,1260819,1000,262,72.35,73.14,72.29,L,35,94.3134
L,1260819,1000,262,72.35,73.14,72.29,L,36,95.1250
L,1260819,1000,262,72.35,73.14,72.29,L,37,95.9385
L,1260819,1000,262,72.35,73.14,72.29,L,38,93.2290
L,1260819,1000,262,72.35,73.14,72.29,L,39,96.5733
L,1260819,1000,262,72.35,73.14,72.29,L,40,99.0417
L,1260819,1000,262,72.35,73.14,72.29,L,41,103.2031
L,1260819,1000,262,72.35,73.14,72.29,L,42,110.1807
L,1260819,1000,262,72.35,73.14,72.29,L,43,119.2388
L,1260819,1000,262,72.35,73.14,72.29,L,44,122.0008
L,1260819,1000,262,72.35,73.14,72.29,L,45,114.5891
L,1260819,1000,262,72.35,73.14,72.29,L,46,101.2350
L,1260819,1000,262,72.35,73.14,72.29,L,47,113.1260
L,1260819,1000,262,72.35,73.14,72.29,L,48,157.2881
L,1260819,1000,262,72.35,73.14,72.29,L,49,187.2450
L,1260819,1000,262,72.35,73.14,72.29,L,50,163.6667
X,1260819,1000,262,72.35,73.14,72.29,73.0704
K,1260819,1000,262,72.35,73.14,72.29,73.1718,5
Q,1260819,1000,262,72.35,73.14,72.29,73.0704,3
L,1260819,1100,263,72.22,72.44,71.97,U,0,73.0047
L,1260819,1100,263,72.22,72.44,71.97,U,1,73.1526
L,1260819,1100,263,72.22,72.44,71.97,U,2,71.3380
L,1260819,1100,263,72.22,72.44,71.97,U,3,70.3407
L,1260819,1100,263,72.22,72.44,71.97,U,4,69.2568
L,1260819,1100,263,72.22,72.44,71.97,U,5,69.2017
L,1260819,1100,263,72.22,72.44,71.97,U,6,72.8200
L,1260819,1100,263,72.22,72.44,71.97,U,7,75.3160
L,1260819,1100,263,72.22,72.44,71.97,L,0,71.1886
L,1260819,1100,263,72.22,72.44,71.97,L,1,72.3877
L,1260819,1100,263,72.22,72.44,71.97,L,2,72.0071
L,1260819,1100,263,72.22,72.44,71.97,L,3,73.1981
L,1260819,1100,263,72.22,72.44,71.97,L,4,73.3292
L,1260819,1100,263,72.22,72.44,71.97,L,5,73.3030
L,1260819,1100,263,72.22,72.44,71.97,L,6,75.2745
L,1260819,1100,263,72.22,72.44,71.97,L,7,78.7644
L,1260819,1100,263,72.22,72.44,71.97,L,8,78.9011
L,1260819,1100,263,72.22,72.44,71.97,L,9,80.5018
L,1260819,1100,263,72.22,72.44,71.97,L,10,81.0935
L,1260819,1100,263,72.22,72.44,71.97,L,11,81.1174
L,1260819,1100,263,72.22,72.44,71.97,L,12,81.2061
L,1260819,1100,263,72.22,72.44,71.97,L,13,83.1538
L,1260819,1100,263,72.22,72.44,71.97,L,14,84.0567
L,1260819,1100,263,72.22,72.44,71.97,L,15,83.8878
L,1260819,1100,263,72.22,72.44,71.97,L,16,84.3368
L,1260819,1100,263,72.22,72.44,71.97,L,17,81.7589
L,1260819,1100,263,72.22,72.44,71.97,L,18,82.3100
L,1260819,1100,263,72.22,72.44,71.97,L,19,82.3686
L,1260819,1100,263,72.22,72.44,71.97,L,20,83.9804
L,1260819,1100,263,72.22,72.44,71.97,L,21,83.7791
L,1260819,1100,263,72.22,72.44,71.97,L,22,84.4958
L,1260819,1100,263,72.22,72.44,71.97,L,23,83.3679
L,1260819,1100,263,72.22,72.44,71.97,L,24,82.9460
L,1260819,1100,263,72.22,72.44,71.97,L,25,85.2947
L,1260819,1100,263,72.22,72.44,71.97,L,26,87.1752
L,1260819,1100,263,72.22,72.44,71.97,L,27,88.7344
L,1260819,1100,263,72.22,72.44,71.97,L,28,89.6778
L,1260819,1100,263,72.22,72.44,71.97,L,29,90.3733
L,1260819,1100,263,72.22,72.44,71.97,L,30,93.1573
L,1260819,1100,263,72.22,72.44,71.97,L,31,93.7130
L,1260819,1100,263,72.22,72.44,71.97,L,32,92.6940
L,1260819,1100,263,72.22,72.44,71.97,L,33,94.6708
L,1260819,1100,263,72.22,72.44,71.97,L,34,93.0373
L,1260819,1100,263,72.22,72.44,71.97,L,35,94.4749
L,1260819,1100,263,72.22,72.44,71.97,L,36,95.2900
L,1260819,1100,263,72.22,72.44,71.97,L,37,96.1069
L,1260819,1100,263,72.22,72.44,71.97,L,38,93.3859
L,1260819,1100,263,72.22,72.44,71.97,L,39,96.7444
L,1260819,1100,263,72.22,72.44,71.97,L,40,99.2233
L,1260819,1100,263,72.22,72.44,71.97,L,41,103.4025
L,1260819,1100,263,72.22,72.44,71.97,L,42,110.4097
L,1260819,1100,263,72.22,72.44,71.97,L,43,119.5064
L,1260819,1100,263,72.22,72.44,71.97,L,44,122.2802
L,1260819,1100,263,72.22,72.44,71.97,L,45,114.8370
L,1260819,1100,263,72.22,72.44,71.97,L,46,101.4260
L,1260819,1100,263,72.22,72.44,71.97,L,47,113.3676
L,1260819,1100,263,72.22,72.44,71.97,L,48,157.7176
L,1260819,1100,263,72.22,72.44,71.97,L,49,187.8020
L,1260819,1100,263,72.22,72.44,71.97,L,50,164.1233
X,1260819,1100,263,72.22,72.44,71.97,73.1313
X,1260819,1100,263,72.22,72.44,71.97,73.1821
X,1260819,1100,263,72.22,72.44,71.97,73.2667
X,1260819,1100,263,72.22,72.44,71.97,73.2499
K,1260819,1100,263,72.22,72.44,71.97,73.0957,5
Q,1260819,1100,263,72.22,72.44,71.97,73.1313,7
L,1260819,1200,264,72.16,72.56,71.84,U,0,72.8695
L,1260819,1200,264,72.16,72.56,71.84,U,1,73.0212
L,1260819,1200,264,72.16,72.56,71.84,U,2,71.1600
L,1260819,1200,264,72.16,72.56,71.84,U,3,70.1371
L,1260819,1200,264,72.16,72.56,71.84,U,4,69.0255
L,1260819,1200,264,72.16,72.56,71.84,U,5,68.9689
L,1260819,1200,264,72.16,72.56,71.84,U,6,72.6800
L,1260819,1200,264,72.16,72.56,71.84,U,7,75.2400
L,1260819,1200,264,72.16,72.56,71.84,L,0,71.2515
L,1260819,1200,264,72.16,72.56,71.84,L,1,72.4557
L,1260819,1200,264,72.16,72.56,71.84,L,2,72.0734
L,1260819,1200,264,72.16,72.56,71.84,L,3,73.2695
L,1260819,1200,264,72.16,72.56,71.84,L,4,73.4011
L,1260819,1200,264,72.16,72.56,71.84,L,5,73.3749
L,1260819,1200,264,72.16,72.56,71.84,L,6,75.3547
L,1260819,1200,264,72.16,72.56,71.84,L,7,78.8593
L,1260819,1200,264,72.16,72.56,71.84,L,8,78.9967
L,1260819,1200,264,72.16,72.56,71.84,L,9,80.6042
L,1260819,1200,264,72.16,72.56,71.84,L,10,81.1984
L,1260819,1200,264,72.16,72.56,71.84,L,11,81.2224
L,1260819,1200,264,72.16,72.56,71.84,L,12,81.3115
L,1260819,1200,264,72.16,72.56,71.84,L,13,83.2674
L,1260819,1200,264,72.16,72.56,71.84,L,14,84.1741
L,1260819,1200,264,72.16,72.56,71.84,L,15,84.0045
L,1260819,1200,264,72.16,72.56,71.84,L,16,84.4554
L,1260819,1200,264,72.16,72.56,71.84,L,17,81.8665
L,1260819,1200,264,72.16,72.56,71.84,L,18,82.4200
L,1260819,1200,264,72.16,72.56,71.84,L,19,82.4789
L,1260819,1200,264,72.16,72.56,71.84,L,20,84.0975
L,1260819,1200,264,72.16,72.56,71.84,L,21,83.8954
L,1260819,1200,264,72.16,72.56,71.84,L,22,84.6150
L,1260819,1200,264,72.16,72.56,71.84,L,23,83.4824
L,1260819,1200,264,72.16,72.56,71.84,L,24,83.0587
L,1260819,1200,264,72.16,72.56,71.84,L,25,85.4174
L,1260819,1200,264,72.16,72.56,71.84,L,26,87.3058
L,1260819,1200,264,72.16,72.56,71.84,L,27,88.8717
L,1260819,1200,264,72.16,72.56,71.84,L,28,89.8190
L,1260819,1200,264,72.16,72.56,71.84,L,29,90.5175
L,1260819,1200,264,72.16,72.56,71.84,L,30,93.3133
L,1260819,1200,264,72.16,72.56,71.84,L,31,93.8713
L,1260819,1200,264,72.16,72.56,71.84,L,32,92.8480
L,1260819,1200,264,72.16,72.56,71.84,L,33,94.8332
L,1260819,1200,264,72.16,72.56,71.84,L,34,93.1927
L,1260819,1200,264,72.16,72.56,71.84,L,35,94.6365
L,1260819,1200,264,72.16,72.56,71.84,L,36,95.4550
L,1260819,1200,264,72.16,72.56,71.84,L,37,96.2754
L,1260819,1200,264,72.16,72.56,71.84,L,38,93.5428
L,1260819,1200,264,72.16,72.56,71.84,L,39,96.9156
L,1260819,1200,264,72.16,72.56,71.84,L,40,99.4050
L,1260819,1200,264,72.16,72.56,71.84,L,41,103.6019
L,1260819,1200,264,72.16,72.56,71.84,L,42,110.6388
L,1260819,1200,264,72.16,72.56,71.84,L,43,119.7740
L,1260819,1200,264,72.16,72.56,71.84,L,44,122.5595
L,1260819,1200,264,72.16,72.56,71.84,L,45,115.0848
L,1260819,1200,264,72.16,72.56,71.84,L,46,101.6170
L,1260819,1200,264,72.16,72.56,71.84,L,47,113.6092
L,1260819,1200,264,72.16,72.56,71.84,L,48,158.1471
L,1260819,1200,264,72.16,72.56,71.84,L,49,188.3590
L,1260819,1200,264,72.16,72.56,71.84,L,50,164.5800
X,1260819,1200,264,72.16,72.56,71.84,71.2276
X,1260819,1200,264,72.16,72.56,71.84,75.2958
K,1260819,1200,264,72.16,72.56,71.84,73.2667,4
L,1260819,1300,265,72.05,72.55,71.79,U,0,72.4170
L,1260819,1300,265,72.05,72.55,71.79,U,1,72.7342
L,1260819,1300,265,72.05,72.55,71.79,U,2,72.8897
L,1260819,1300,265,72.05,72.55,71.79,U,3,70.9820
L,1260819,1300,265,72.05,72.55,71.79,U,4,69.9336
L,1260819,1300,265,72.05,72.55,71.79,U,5,68.7941
L,1260819,1300,265,72.05,72.55,71.79,U,6,68.7361
L,1260819,1300,265,72.05,72.55,71.79,U,7,72.5400
L,1260819,1300,265,72.05,72.55,71.79,U,8,75.1640
L,1260819,1300,265,72.05,72.55,71.79,L,0,71.3144
L,1260819,1300,265,72.05,72.55,71.79,L,1,72.5237
L,1260819,1300,265,72.05,72.55,71.79,L,2,72.1398
L,1260819,1300,265,72.05,72.55,71.79,L,3,73.3409
L,1260819,1300,265,72.05,72.55,71.79,L,4,73.4731
L,1260819,1300,265,72.05,72.55,71.79,L,5,73.4467
L,1260819,1300,265,72.05,72.55,71.79,L,6,75.4349
L,1260819,1300,265,72.05,72.55,71.79,L,7,78.9543
L,1260819,1300,265,72.05,72.55,71.79,L,8,79.0922
L,1260819,1300,265,72.05,72.55,71.79,L,9,80.7065
L,1260819,1300,265,72.05,72.55,71.79,L,10,81.3032
L,1260819,1300,265,72.05,72.55,71.79,L,11,81.3273
L,1260819,1300,265,72.05,72.55,71.79,L,12,81.4168
L,1260819,1300,265,72.05,72.55,71.79,L,13,83.3809
L,1260819,1300,265,72.05,72.55,71.79,L,14,84.2915
L,1260819,1300,265,72.05,72.55,71.79,L,15,84.1212
L,1260819,1300,265,72.05,72.55,71.79,L,16,84.5740
L,1260819,1300,265,72.05,72.55,71.79,L,17,81.9742
L,1260819,1300,265,72.05,72.55,71.79,L,18,82.5300
L,1260819,1300,265,72.05,72.55,71.79,L,19,82.5891
L,1260819,1300,265,72.05,72.55,71.79,L,20,84.2145
L,1260819,1300,265,72.05,72.55,71.79,L,21,84.0116
L,1260819,1300,265,72.05,72.55,71.79,L,22,84.7343
L,1260819,1300,265,72.05,72.55,71.79,L,23,83.5969
L,1260819,1300,265,72.05,72.55,71.79,L,24,83.1714
L,1260819,1300,265,72.05,72.55,71.79,L,25,85.5400
L,1260819,1300,265,72.05,72.55,71.79,L,26,87.4365
L,1260819,1300,265,72.05,72.55,71.79,L,27,89.0089
L,1260819,1300,265,72.05,72.55,71.79,L,28,89.9602
L,1260819,1300,265,72.05,72.55,71.79,L,29,90.6617
L,1260819,1300,265,72.05,72.55,71.79,L,30,93.4693
L,1260819,1300,265,72.05,72.55,71.79,L,31,94.0296
L,1260819,1300,265,72.05,72.55,71.79,L,32,93.0020
L,1260819,1300,265,72.05,72.55,71.79,L,33,94.9955
L,1260819,1300,265,72.05,72.55,71.79,L,34,93.3482
L,1260819,1300,265,72.05,72.55,71.79,L,35,94.7980
L,1260819,1300,265,72.05,72.55,71.79,L,36,95.6200
L,1260819,1300,265,72.05,72.55,71.79,L,37,96.4438
L,1260819,1300,265,72.05,72.55,71.79,L,38,93.6998
L,1260819,1300,265,72.05,72.55,71.79,L,39,97.0867
L,1260819,1300,265,72.05,72.55,71.79,L,40,99.5867
L,1260819,1300,265,72.05,72.55,71.79,L,41,103.8012
L,1260819,1300,265,72.05,72.55,71.79,L,42,110.8679
L,1260819,1300,265,72.05,72.55,71.79,L,43,120.0416
L,1260819,1300,265,72.05,72.55,71.79,L,44,122.8389
L,1260819,1300,265,72.05,72.55,71.79,L,45,115.3326
L,1260819,1300,265,72.05,72.55,71.79,L,46,101.8080
L,1260819,1300,265,72.05,72.55,71.79,L,47,113.8508
L,1260819,1300,265,72.05,72.55,71.79,L,48,158.5767
L,1260819,1300,265,72.05,72.55,71.79,L,49,188.9160
L,1260819,1300,265,72.05,72.55,71.79,L,50,165.0367
X,1260819,1300,265,72.05,72.55,71.79,72.4893
K,1260819,1300,265,72.05,72.55,71.79,72.4709,5
L,1260819,1400,266,72.32,72.32,72.00,U,0,72.2740
L,1260819,1400,266,72.32,72.32,72.00,U,1,72.5989
L,1260819,1400,266,72.32,72.32,72.00,U,2,72.7582
L,1260819,1400,266,72.32,72.32,72.00,U,3,70.8040
L,1260819,1400,266,72.32,72.32,72.00,U,4,69.7300
L,1260819,1400,266,72.32,72.32,72.00,U,5,68.5627
L,1260819,1400,266,72.32,72.32,72.00,U,6,68.5033
L,1260819,1400,266,72.32,72.32,72.00,U,7,72.4000
L,1260819,1400,266,72.32,72.32,72.00,U,8,75.0880
L,1260819,1400,266,72.32,72.32,72.00,L,0,71.8549
L,1260819,1400,266,72.32,72.32,72.00,L,1,71.3773
L,1260819,1400,266,72.32,72.32,72.00,L,2,72.5916
L,1260819,1400,266,72.32,72.32,72.00,L,3,72.2061
L,1260819,1400,266,72.32,72.32,72.00,L,4,73.4122
L,1260819,1400,266,72.32,72.32,72.00,L,5,73.5450
L,1260819,1400,266,72.32,72.32,72.00,L,6,73.5185
L,1260819,1400,266,72.32,72.32,72.00,L,7,75.5151
L,1260819,1400,266,72.32,72.32,72.00,L,8,79.0493
L,1260819,1400,266,72.32,72.32,72.00,L,9,79.1878
L,1260819,1400,266,72.32,72.32,72.00,L,10,80.8089
L,1260819,1400,266,72.32,72.32,72.00,L,11,81.4080
L,1260819,1400,266,72.32,72.32,72.00,L,12,81.4323
L,1260819,1400,266,72.32,72.32,72.00,L,13,81.5221
L,1260819,1400,266,72.32,72.32,72.00,L,14,83.4945
L,1260819,1400,266,72.32,72.32,72.00,L,15,84.4089
L,1260819,1400,266,72.32,72.32,72.00,L,16,84.2379
L,1260819,1400,266,72.32,72.32,72.00,L,17,84.6926
L,1260819,1400,266,72.32,72.32,72.00,L,18,82.0819
L,1260819,1400,266,72.32,72.32,72.00,L,19,82.6400
L,1260819,1400,266,72.32,72.32,72.00,L,20,82.6994
L,1260819,1400,266,72.32,72.32,72.00,L,21,84.3316
L,1260819,1400,266,72.32,72.32,72.00,L,22,84.1278
L,1260819,1400,266,72.32,72.32,72.00,L,23,84.8536
L,1260819,1400,266,72.32,72.32,72.00,L,24,83.7114
L,1260819,1400,266,72.32,72.32,72.00,L,25,83.2841
L,1260819,1400,266,72.32,72.32,72.00,L,26,85.6626
L,1260819,1400,266,72.32,72.32,72.00,L,27,87.5671
L,1260819,1400,266,72.32,72.32,72.00,L,28,89.1461
L,1260819,1400,266,72.32,72.32,72.00,L,29,90.1015
L,1260819,1400,266,72.32,72.32,72.00,L,30,90.8058
L,1260819,1400,266,72.32,72.32,72.00,L,31,93.6252
L,1260819,1400,266,72.32,72.32,72.00,L,32,94.1879
L,1260819,1400,266,72.32,72.32,72.00,L,33,93.1560
L,1260819,1400,266,72.32,72.32,72.00,L,34,95.1579
L,1260819,1400,266,72.32,72.32,72.00,L,35,93.5036
L,1260819,1400,266,72.32,72.32,72.00,L,36,94.9596
L,1260819,1400,266,72.32,72.32,72.00,L,37,95.7850
L,1260819,1400,266,72.32,72.32,72.00,L,38,96.6123
L,1260819,1400,266,72.32,72.32,72.00,L,39,93.8567
L,1260819,1400,266,72.32,72.32,72.00,L,40,97.2579
L,1260819,1400,266,72.32,72.32,72.00,L,41,99.7683
L,1260819,1400,266,72.32,72.32,72.00,L,42,104.0006
L,1260819,1400,266,72.32,72.32,72.00,L,43,111.0969
L,1260819,1400,266,72.32,72.32,72.00,L,44,120.3093
L,1260819,1400,266,72.32,72.32,72.00,L,45,123.1183
L,1260819,1400,266,72.32,72.32,72.00,L,46,115.5804
L,1260819,1400,266,72.32,72.32,72.00,L,47,101.9990
L,1260819,1400,266,72.32,72.32,72.00,L,48,114.0924
L,1260819,1400,266,72.32,72.32,72.00,L,49,159.0062
L,1260819,1400,266,72.32,72.32,72.00,L,50,189.4730
L,1260819,1400,266,72.32,72.32,72.00,L,51,165.4933
X,1260819,1400,266,72.32,72.32,72.00,72.5290
K,1260819,1400,266,72.32,72.32,72.00,72.4141,5
Q,1260819,1400,266,72.32,72.32,72.00,72.5290,2
L,1260819,1500,267,72.34,72.39,72.27,U,0,72.1310
L,1260819,1500,267,72.34,72.39,72.27,U,1,72.4637
L,1260819,1500,267,72.34,72.39,72.27,U,2,72.6268
L,1260819,1500,267,72.34,72.39,72.27,U,3,70.6260
L,1260819,1500,267,72.34,72.39,72.27,U,4,69.5264
L,1260819,1500,267,72.34,72.39,72.27,U,5,68.3314
L,1260819,1500,267,72.34,72.39,72.27,U,6,68.2706
L,1260819,1500,267,72.34,72.39,72.27,U,7,72.2600
L,1260819,1500,267,72.34,72.39,72.27,U,8,75.0120
L,1260819,1500,267,72.34,72.39,72.27,L,0,71.9197
L,1260819,1500,267,72.34,72.39,72.27,L,1,71.4401
L,1260819,1500,267,72.34,72.39,72.27,L,2,72.6596
L,1260819,1500,267,72.34,72.39,72.27,L,3,72.2725
L,1260819,1500,267,72.34,72.39,72.27,L,4,73.4836
L,1260819,1500,267,72.34,72.39,72.27,L,5,73.6170
L,1260819,1500,267,72.34,72.39,72.27,L,6,73.5904
L,1260819,1500,267,72.34,72.39,72.27,L,7,75.5953
L,1260819,1500,267,72.34,72.39,72.27,L,8,79.1443
L,1260819,1500,267,72.34,72.39,72.27,L,9,79.2833
L,1260819,1500,267,72.34,72.39,72.27,L,10,80.9112
L,1260819,1500,267,72.34,72.39,72.27,L,11,81.5129
L,1260819,1500,267,72.34,72.39,72.27,L,12,81.5372
L,1260819,1500,267,72.34,72.39,72.27,L,13,81.6274
L,1260819,1500,267,72.34,72.39,72.27,L,14,83.6081
L,1260819,1500,267,72.34,72.39,72.27,L,15,84.5263
L,1260819,1500,267,72.34,72.39,72.27,L,16,84.3546
L,1260819,1500,267,72.34,72.39,72.27,L,17,84.8112
L,1260819,1500,267,72.34,72.39,72.27,L,18,82.1895
L,1260819,1500,267,72.34,72.39,72.27,L,19,82.7500
L,1260819,1500,267,72.34,72.39,72.27,L,20,82.8096
L,1260819,1500,267,72.34,72.39,72.27,L,21,84.4487
L,1260819,1500,267,72.34,72.39,72.27,L,22,84.2440
L,1260819,1500,267,72.34,72.39,72.27,L,23,84.9728
L,1260819,1500,267,72.34,72.39,72.27,L,24,83.8259
L,1260819,1500,267,72.34,72.39,72.27,L,25,83.3968
L,1260819,1500,267,72.34,72.39,72.27,L,26,85.7853
L,1260819,1500,267,72.34,72.39,72.27,L,27,87.6977
L,1260819,1500,267,72.34,72.39,72.27,L,28,89.2833
L,1260819,1500,267,72.34,72.39,72.27,L,29,90.2427
L,1260819,1500,267,72.34,72.39,72.27,L,30,90.9500
L,1260819,1500,267,72.34,72.39,72.27,L,31,93.7812
L,1260819,1500,267,72.34,72.39,72.27,L,32,94.3463
L,1260819,1500,267,72.34,72.39,72.27,L,33,93.3100
L,1260819,1500,267,72.34,72.39,72.27,L,34,95.3203
L,1260819,1500,267,72.34,72.39,72.27,L,35,93.6591
L,1260819,1500,267,72.34,72.39,72.27,L,36,95.1211
L,1260819,1500,267,72.34,72.39,72.27,L,37,95.9500
L,1260819,1500,267,72.34,72.39,72.27,L,38,96.7808
L,1260819,1500,267,72.34,72.39,72.27,L,39,94.0136
L,1260819,1500,267,72.34,72.39,72.27,L,40,97.4291
L,1260819,1500,267,72.34,72.39,72.27,L,41,99.9500
L,1260819,1500,267,72.34,72.39,72.27,L,42,104.2000
L,1260819,1500,267,72.34,72.39,72.27,L,43,111.3260
L,1260819,1500,267,72.34,72.39,72.27,L,44,120.5769
L,1260819,1500,267,72.34,72.39,72.27,L,45,123.3976
L,1260819,1500,267,72.34,72.39,72.27,L,46,115.8283
L,1260819,1500,267,72.34,72.39,72.27,L,47,102.1900
L,1260819,1500,267,72.34,72.39,72.27,L,48,114.3340
L,1260819,1500,267,72.34,72.39,72.27,L,49,159.4357
L,1260819,1500,267,72.34,72.39,72.27,L,50,190.0300
L,1260819,1500,267,72.34,72.39,72.27,L,51,165.9500
X,1260819,1500,267,72.34,72.39,72.27,72.2276
X,1260819,1500,267,72.34,72.39,72.27,72.5941
X,1260819,1500,267,72.34,72.39,72.27,72.6484
X,1260819,1500,267,72.34,72.39,72.27,72.2685
K,1260819,1500,267,72.34,72.39,72.27,72.4565,5
Q,1260819,1500,267,72.34,72.39,72.27,72.2276,6
L,1260819,1600,268,72.98,73.00,72.33,U,0,71.9880
L,1260819,1600,268,72.98,73.00,72.33,U,1,72.3284
L,1260819,1600,268,72.98,73.00,72.33,U,2,72.4953
L,1260819,1600,268,72.98,73.00,72.33,U,3,70.4480
L,1260819,1600,268,72.98,73.00,72.33,U,4,69.3229
L,1260819,1600,268,72.98,73.00,72.33,U,5,68.1000
L,1260819,1600,268,72.98,73.00,72.33,U,6,68.0378
L,1260819,1600,268,72.98,73.00,72.33,U,7,72.1200
L,1260819,1600,268,72.98,73.00,72.33,U,8,74.9360
L,1260819,1600,268,72.98,73.00,72.33,L,0,71.9846
L,1260819,1600,268,72.98,73.00,72.33,L,1,71.5030
L,1260819,1600,268,72.98,73.00,72.33,L,2,72.7275
L,1260819,1600,268,72.98,73.00,72.33,L,3,72.3388
L,1260819,1600,268,72.98,73.00,72.33,L,4,73.5550
L,1260819,1600,268,72.98,73.00,72.33,L,5,73.6889
L,1260819,1600,268,72.98,73.00,72.33,L,6,73.6622
L,1260819,1600,268,72.98,73.00,72.33,L,7,75.6755
L,1260819,1600,268,72.98,73.00,72.33,L,8,79.2392
L,1260819,1600,268,72.98,73.00,72.33,L,9,79.3789
L,1260819,1600,268,72.98,73.00,72.33,L,10,81.0135
L,1260819,1600,268,72.98,73.00,72.33,L,11,81.6177
L,1260819,1600,268,72.98,73.00,72.33,L,12,81.6422
L,1260819,1600,268,72.98,73.00,72.33,L,13,81.7327
L,1260819,1600,268,72.98,73.00,72.33,L,14,83.7217
L,1260819,1600,268,72.98,73.00,72.33,L,15,84.6437
L,1260819,1600,268,72.98,73.00,72.33,L,16,84.4713
L,1260819,1600,268,72.98,73.00,72.33,L,17,84.9298
L,1260819,1600,268,72.98,73.00,72.33,L,18,82.2972
L,1260819,1600,268,72.98,73.00,72.33,L,19,82.8600
L,1260819,1600,268,72.98,73.00,72.33,L,20,82.9199
L,1260819,1600,268,72.98,73.00,72.33,L,21,84.5658
L,1260819,1600,268,72.98,73.00,72.33,L,22,84.3603
L,1260819,1600,268,72.98,73.00,72.33,L,23,85.0921
L,1260819,1600,268,72.98,73.00,72.33,L,24,83.9403
L,1260819,1600,268,72.98,73.00,72.33,L,25,83.5095
L,1260819,1600,268,72.98,73.00,72.33,L,26,85.9079
L,1260819,1600,268,72.98,73.00,72.33,L,27,87.8283
L,1260819,1600,268,72.98,73.00,72.33,L,28,89.4206
L,1260819,1600,268,72.98,73.00,72.33,L,29,90.3839
L,1260819,1600,268,72.98,73.00,72.33,L,30,91.0942
L,1260819,1600,268,72.98,73.00,72.33,L,31,93.9372
L,1260819,1600,268,72.98,73.00,72.33,L,32,94.5046
L,1260819,1600,268,72.98,73.00,72.33,L,33,93.4640
L,1260819,1600,268,72.98,73.00,72.33,L,34,95.4827
L,1260819,1600,268,72.98,73.00,72.33,L,35,93.8145
L,1260819,1600,268,72.98,73.00,72.33,L,36,95.2827
L,1260819,1600,268,72.98,73.00,72.33,L,37,96.1150
L,1260819,1600,268,72.98,73.00,72.33,L,38,96.9492
L,1260819,1600,268,72.98,73.00,72.33,L,39,94.1706
L,1260819,1600,268,72.98,73.00,72.33,L,40,97.6002
L,1260819,1600,268,72.98,73.00,72.33,L,41,100.1317
L,1260819,1600,268,72.98,73.00,72.33,L,42,104.3994
L,1260819,1600,268,72.98,73.00,72.33,L,43,111.5551
L,1260819,1600,268,72.98,73.00,72.33,L,44,120.8445
L,1260819,1600,268,72.98,73.00,72.33,L,45,123.6770
L,1260819,1600,268,72.98,73.00,72.33,L,46,116.0761
L,1260819,1600,268,72.98,73.00,72.33,L,47,102.3810
L,1260819,1600,268,72.98,73.00,72.33,L,48,114.5756
L,1260819,1600,268,72.98,73.00,72.33,L,49,159.8652
L,1260819,1600,268,72.98,73.00,72.33,L,50,190.5870
L,1260819,1600,268,72.98,73.00,72.33,L,51,166.4067
X,1260819,1600,268,72.98,73.00,72.33,72.3354
K,1260819,1600,268,72.98,73.00,72.33,72.1520,5
Q,1260819,1600,268,72.98,73.00,72.33,72.3354,7
L,1260819,1700,269,72.84,73.25,72.84,U,0,71.8450
L,1260819,1700,269,72.84,73.25,72.84,U,1,72.1932
L,1260819,1700,269,72.84,73.25,72.84,U,2,72.3638
L,1260819,1700,269,72.84,73.25,72.84,U,3,70.2700
L,1260819,1700,269,72.84,73.25,72.84,U,4,69.1193
L,1260819,1700,269,72.84,73.25,72.84,U,5,67.8686
L,1260819,1700,269,72.84,73.25,72.84,U,6,67.8050
L,1260819,1700,269,72.84,73.25,72.84,U,7,71.9800
L,1260819,1700,269,72.84,73.25,72.84,U,8,74.8600
L,1260819,1700,269,72.84,73.25,72.84,L,0,72.0495
L,1260819,1700,269,72.84,73.25,72.84,L,1,71.5659
L,1260819,1700,269,72.84,73.25,72.84,L,2,72.7955
L,1260819,1700,269,72.84,73.25,72.84,L,3,72.4052
L,1260819,1700,269,72.84,73.25,72.84,L,4,73.6264
L,1260819,1700,269,72.84,73.25,72.84,L,5,73.7609
L,1260819,1700,269,72.84,73.25,72.84,L,6,73.7340
L,1260819,1700,269,72.84,73.25,72.84,L,7,75.7557
L,1260819,1700,269,72.84,73.25,72.84,L,8,79.3342
L,1260819,1700,269,72.84,73.25,72.84,L,9,79.4744
L,1260819,1700,269,72.84,73.25,72.84,L,10,81.1159
L,1260819,1700,269,72.84,73.25,72.84,L,11,81.7226
L,1260819,1700,269,72.84,73.25,72.84,L,12,81.7471
L,1260819,1700,269,72.84,73.25,72.84,L,13,81.8381
L,1260819,1700,269,72.84,73.25,72.84,L,14,83.8353
L,1260819,1700,269,72.84,73.25,72.84,L,15,84.7611
L,1260819,1700,269,72.84,73.25,72.84,L,16,84.5879
L,1260819,1700,269,72.84,73.25,72.84,L,17,85.0484
L,1260819,1700,269,72.84,73.25,72.84,L,18,82.4049
L,1260819,1700,269,72.84,73.25,72.84,L,19,82.9700
L,1260819,1700,269,72.84,73.25,72.84,L,20,83.0301
L,1260819,1700,269,72.84,73.25,72.84,L,21,84.6829
L,1260819,1700,269,72.84,73.25,72.84,L,22,84.4765
L,1260819,1700,269,72.84,73.25,72.84,L,23,85.2113
L,1260819,1700,269,72.84,73.25,72.84,L,24,84.0548
L,1260819,1700,269,72.84,73.25,72.84,L,25,83.6222
L,1260819,1700,269,72.84,73.25,72.84,L,26,86.0306
L,1260819,1700,269,72.84,73.25,72.84,L,27,87.9589
L,1260819,1700,269,72.84,73.25,72.84,L,28,89.5578
L,1260819,1700,269,72.84,73.25,72.84,L,29,90.5251
L,1260819,1700,269,72.84,73.25,72.84,L,30,91.2383
L,1260819,1700,269,72.84,73.25,72.84,L,31,94.0931
L,1260819,1700,269,72.84,73.25,72.84,L,32,94.6629
L,1260819,1700,269,72.84,73.25,72.84,L,33,93.6180
L,1260819,1700,269,72.84,73.25,72.84,L,34,95.6450
L,1260819,1700,269,72.84,73.25,72.84,L,35,93.9700
L,1260819,1700,269,72.84,73.25,72.84,L,36,95.4442
L,1260819,1700,269,72.84,73.25,72.84,L,37,96.2800
L,1260819,1700,269,72.84,73.25,72.84,L,38,97.1177
L,1260819,1700,269,72.84,73.25,72.84,L,39,94.3275
L,1260819,1700,269,72.84,73.25,72.84,L,40,97.7714
L,1260819,1700,269,72.84,73.25,72.84,L,41,100.3133
L,1260819,1700,269,72.84,73.25,72.84,L,42,104.5987
L,1260819,1700,269,72.84,73.25,72.84,L,43,111.7841
L,1260819,1700,269,72.84,73.25,72.84,L,44,121.1121
L,1260819,1700,269,72.84,73.25,72.84,L,45,123.9563
L,1260819,1700,269,72.84,73.25,72.84,L,46,116.3239
L,1260819,1700,269,72.84,73.25,72.84,L,47,102.5720
L,1260819,1700,269,72.84,73.25,72.84,L,48,114.8172
L,1260819,1700,269,72.84,73.25,72.84,L,49,160.2948
L,1260819,1700,269,72.84,73.25,72.84,L,50,191.1440
L,1260819,1700,269,72.84,73.25,72.84,L,51,166.8633
X,1260819,1700,269,72.84,73.25,72.84,71.9857
X,1260819,1700,269,72.84,73.25,72.84,72.3913
X,1260819,1700,269,72.84,73.25,72.84,72.0275
K,1260819,1700,269,72.84,73.25,72.84,72.1983,5
Q,1260819,1700,269,72.84,73.25,72.84,72.3913,9
L,1260820,200,270,71.73,73.25,71.59,U,0,71.7020
L,1260820,200,270,71.73,73.25,71.59,U,1,72.0579
L,1260820,200,270,71.73,73.25,71.59,U,2,72.2324
L,1260820,200,270,71.73,73.25,71.59,U,3,70.0920
L,1260820,200,270,71.73,73.25,71.59,U,4,68.9157
L,1260820,200,270,71.73,73.25,71.59,U,5,67.6373
L,1260820,200,270,71.73,73.25,71.59,U,6,67.5722
L,1260820,200,270,71.73,73.25,71.59,U,7,71.8400
L,1260820,200,270,71.73,73.25,71.59,U,8,74.7840
L,1260820,200,270,71.73,73.25,71.59,L,0,72.1144
L,1260820,200,270,71.73,73.25,71.59,L,1,71.6288
L,1260820,200,270,71.73,73.25,71.59,L,2,72.8634
L,1260820,200,270,71.73,73.25,71.59,L,3,72.4715
L,1260820,200,270,71.73,73.25,71.59,L,4,73.6978
L,1260820,200,270,71.73,73.25,71.59,L,5,73.8328
L,1260820,200,270,71.73,73.25,71.59,L,6,73.8059
L,1260820,200,270,71.73,73.25,71.59,L,7,75.8358
L,1260820,200,270,71.73,73.25,71.59,L,8,79.4292
L,1260820,200,270,71.73,73.25,71.59,L,9,79.5700
L,1260820,200,270,71.73,73.25,71.59,L,10,81.2182
L,1260820,200,270,71.73,73.25,71.59,L,11,81.8274
L,1260820,200,270,71.73,73.25,71.59,L,12,81.8521
L,1260820,200,270,71.73,73.25,71.59,L,13,81.9434
L,1260820,200,270,71.73,73.25,71.59,L,14,83.9488
L,1260820,200,270,71.73,73.25,71.59,L,15,84.8785
L,1260820,200,270,71.73,73.25,71.59,L,16,84.7046
L,1260820,200,270,71.73,73.25,71.59,L,17,85.1669
L,1260820,200,270,71.73,73.25,71.59,L,18,82.5125
L,1260820,200,270,71.73,73.25,71.59,L,19,83.0800
L,1260820,200,270,71.73,73.25,71.59,L,20,83.1404
L,1260820,200,270,71.73,73.25,71.59,L,21,84.7999
L,1260820,200,270,71.73,73.25,71.59,L,22,84.5927
L,1260820,200,270,71.73,73.25,71.59,L,23,85.3306
L,1260820,200,270,71.73,73.25,71.59,L,24,84.1693
L,1260820,200,270,71.73,73.25,71.59,L,25,83.7349
L,1260820,200,270,71.73,73.25,71.59,L,26,86.1532
L,1260820,200,270,71.73,73.25,71.59,L,27,88.0895
L,1260820,200,270,71.73,73.25,71.59,L,28,89.6950
L,1260820,200,270,71.73,73.25,71.59,L,29,90.6663
L,1260820,200,270,71.73,73.25,71.59,L,30,91.3825
L,1260820,200,270,71.73,73.25,71.59,L,31,94.2491
L,1260820,200,270,71.73,73.25,71.59,L,32,94.8212
L,1260820,200,270,71.73,73.25,71.59,L,33,93.7720
L,1260820,200,270,71.73,73.25,71.59,L,34,95.8074
L,1260820,200,270,71.73,73.25,71.59,L,35,94.1255
L,1260820,200,270,71.73,73.25,71.59,L,36,95.6058
L,1260820,200,270,71.73,73.25,71.59,L,37,96.4450
L,1260820,200,270,71.73,73.25,71.59,L,38,97.2862
L,1260820,200,270,71.73,73.25,71.59,L,39,94.4844
L,1260820,200,270,71.73,73.25,71.59,L,40,97.9426
L,1260820,200,270,71.73,73.25,71.59,L,41,100.4950
L,1260820,200,270,71.73,73.25,71.59,L,42,104.7981
L,1260820,200,270,71.73,73.25,71.59,L,43,112.0132
L,1260820,200,270,71.73,73.25,71.59,L,44,121.3797
L,1260820,200,270,71.73,73.25,71.59,L,45,124.2357
L,1260820,200,270,71.73,73.25,71.59,L,46,116.5717
L,1260820,200,270,71.73,73.25,71.59,L,47,102.7630
L,1260820,200,270,71.73,73.25,71.59,L,48,115.0588
L,1260820,200,270,71.73,73.25,71.59,L,49,160.7243
L,1260820,200,270,71.73,73.25,71.59,L,50,191.7010
L,1260820,200,270,71.73,73.25,71.59,L,51,167.3200
X,1260820,200,270,71.73,73.25,71.59,72.0961
K,1260820,200,270,71.73,73.25,71.59,71.8686,5
Q,1260820,200,270,71.73,73.25,71.59,72.0961,7
L,1260820,300,271,72.14,72.23,71.67,U,0,71.5590
L,1260820,300,271,72.14,72.23,71.67,U,1,71.9226
L,1260820,300,271,72.14,72.23,71.67,U,2,72.1009
L,1260820,300,271,72.14,72.23,71.67,U,3,69.9140
L,1260820,300,271,72.14,72.23,71.67,U,4,68.7121
L,1260820,300,271,72.14,72.23,71.67,U,5,67.4059
L,1260820,300,271,72.14,72.23,71.67,U,6,67.3394
L,1260820,300,271,72.14,72.23,71.67,U,7,71.7000
L,1260820,300,271,72.14,72.23,71.67,U,8,74.7080
L,1260820,300,271,72.14,72.23,71.67,L,0,71.6527
L,1260820,300,271,72.14,72.23,71.67,L,1,72.1792
L,1260820,300,271,72.14,72.23,71.67,L,2,71.6916
L,1260820,300,271,72.14,72.23,71.67,L,3,72.9314
L,1260820,300,271,72.14,72.23,71.67,L,4,72.5378
L,1260820,300,271,72.14,72.23,71.67,L,5,73.7692
L,1260820,300,271,72.14,72.23,71.67,L,6,73.9048
L,1260820,300,271,72.14,72.23,71.67,L,7,73.8777
L,1260820,300,271,72.14,72.23,71.67,L,8,75.9160
L,1260820,300,271,72.14,72.23,71.67,L,9,79.5242
L,1260820,300,271,72.14,72.23,71.67,L,10,79.6656
L,1260820,300,271,72.14,72.23,71.67,L,11,81.3205
L,1260820,300,271,72.14,72.23,71.67,L,12,81.9323
L,1260820,300,271,72.14,72.23,71.67,L,13,81.9570
L,1260820,300,271,72.14,72.23,71.67,L,14,82.0487
L,1260820,300,271,72.14,72.23,71.67,L,15,84.0624
L,1260820,300,271,72.14,72.23,71.67,L,16,84.9959
L,1260820,300,271,72.14,72.23,71.67,L,17,84.8213
L,1260820,300,271,72.14,72.23,71.67,L,18,85.2855
L,1260820,300,271,72.14,72.23,71.67,L,19,82.6202
L,1260820,300,271,72.14,72.23,71.67,L,20,83.1900
L,1260820,300,271,72.14,72.23,71.67,L,21,83.2506
L,1260820,300,271,72.14,72.23,71.67,L,22,84.9170
L,1260820,300,271,72.14,72.23,71.67,L,23,84.7089
L,1260820,300,271,72.14,72.23,71.67,L,24,85.4499
L,1260820,300,271,72.14,72.23,71.67,L,25,84.2838
L,1260820,300,271,72.14,72.23,71.67,L,26,83.8476
L,1260820,300,271,72.14,72.23,71.67,L,27,86.2759
L,1260820,300,271,72.14,72.23,71.67,L,28,88.2202
L,1260820,300,271,72.14,72.23,71.67,L,29,89.8322
L,1260820,300,271,72.14,72.23,71.67,L,30,90.8076
L,1260820,300,271,72.14,72.23,71.67,L,31,91.5267
L,1260820,300,271,72.14,72.23,71.67,L,32,94.4050
L,1260820,300,271,72.14,72.23,71.67,L,33,94.9795
L,1260820,300,271,72.14,72.23,71.67,L,34,93.9260
L,1260820,300,271,72.14,72.23,71.67,L,35,95.9698
L,1260820,300,271,72.14,72.23,71.67,L,36,94.2809
L,1260820,300,271,72.14,72.23,71.67,L,37,95.7673
L,1260820,300,271,72.14,72.23,71.67,L,38,96.6100
L,1260820,300,271,72.14,72.23,71.67,L,39,97.4546
L,1260820,300,271,72.14,72.23,71.67,L,40,94.6414
L,1260820,300,271,72.14,72.23,71.67,L,41,98.1137
L,1260820,300,271,72.14,72.23,71.67,L,42,100.6767
L,1260820,300,271,72.14,72.23,71.67,L,43,104.9975
L,1260820,300,271,72.14,72.23,71.67,L,44,112.2423
L,1260820,300,271,72.14,72.23,71.67,L,45,121.6473
L,1260820,300,271,72.14,72.23,71.67,L,46,124.5151
L,1260820,300,271,72.14,72.23,71.67,L,47,116.8196
L,1260820,300,271,72.14,72.23,71.67,L,48,102.9540
L,1260820,300,271,72.14,72.23,71.67,L,49,115.3004
L,1260820,300,271,72.14,72.23,71.67,L,50,161.1538
L,1260820,300,271,72.14,72.23,71.67,L,51,192.2580
L,1260820,300,271,72.14,72.23,71.67,L,52,167.7767
X,1260820,300,271,72.14,72.23,71.67,71.6241
X,1260820,300,271,72.14,72.23,71.67,71.6511
X,1260820,300,271,72.14,72.23,71.67,72.1534
K,1260820,300,271,72.14,72.23,71.67,71.8745,6
Q,1260820,300,271,72.14,72.23,71.67,72.1534,6
L,1260820,400,272,72.38,72.39,72.01,U,0,71.4160
L,1260820,400,272,72.38,72.39,72.01,U,1,71.7874
L,1260820,400,272,72.38,72.39,72.01,U,2,71.9694
L,1260820,400,272,72.38,72.39,72.01,U,3,69.7360
L,1260820,400,272,72.38,72.39,72.01,U,4,68.5086
L,1260820,400,272,72.38,72.39,72.01,U,5,67.1745
L,1260820,400,272,72.38,72.39,72.01,U,6,67.1067
L,1260820,400,272,72.38,72.39,72.01,U,7,71.5600
L,1260820,400,272,72.38,72.39,72.01,U,8,74.6320
L,1260820,400,272,72.38,72.39,72.01,L,0,71.7154
L,1260820,400,272,72.38,72.39,72.01,L,1,72.2441
L,1260820,400,272,72.38,72.39,72.01,L,2,71.7545
L,1260820,400,272,72.38,72.39,72.01,L,3,72.9993
L,1260820,400,272,72.38,72.39,72.01,L,4,72.6042
L,1260820,400,272,72.38,72.39,72.01,L,5,73.8406
L,1260820,400,272,72.38,72.39,72.01,L,6,73.9767
L,1260820,400,272,72.38,72.39,72.01,L,7,73.9495
L,1260820,400,272,72.38,72.39,72.01,L,8,75.9962
L,1260820,400,272,72.38,72.39,72.01,L,9,79.6191
L,1260820,400,272,72.38,72.39,72.01,L,10,79.7611
L,1260820,400,272,72.38,72.39,72.01,L,11,81.4229
L,1260820,400,272,72.38,72.39,72.01,L,12,82.0371
L,1260820,400,272,72.38,72.39,72.01,L,13,82.0620
L,1260820,400,272,72.38,72.39,72.01,L,14,82.1540
L,1260820,400,272,72.38,72.39,72.01,L,15,84.1760
L,1260820,400,272,72.38,72.39,72.01,L,16,85.1133
L,1260820,400,272,72.38,72.39,72.01,L,17,84.9380
L,1260820,400,272,72.38,72.39,72.01,L,18,85.4041
L,1260820,400,272,72.38,72.39,72.01,L,19,82.7278
L,1260820,400,272,72.38,72.39,72.01,L,20,83.3000
L,1260820,400,272,72.38,72.39,72.01,L,21,83.3609
L,1260820,400,272,72.38,72.39,72.01,L,22,85.0341
L,1260820,400,272,72.38,72.39,72.01,L,23,84.8252
L,1260820,400,272,72.38,72.39,72.01,L,24,85.5691
L,1260820,400,272,72.38,72.39,72.01,L,25,84.3983
L,1260820,400,272,72.38,72.39,72.01,L,26,83.9603
L,1260820,400,272,72.38,72.39,72.01,L,27,86.3985
L,1260820,400,272,72.38,72.39,72.01,L,28,88.3508
L,1260820,400,272,72.38,72.39,72.01,L,29,89.9694
L,1260820,400,272,72.38,72.39,72.01,L,30,90.9488
L,1260820,400,272,72.38,72.39,72.01,L,31,91.6708
L,1260820,400,272,72.38,72.39,72.01,L,32,94.5610
L,1260820,400,272,72.38,72.39,72.01,L,33,95.1379
L,1260820,400,272,72.38,72.39,72.01,L,34,94.0800
L,1260820,400,272,72.38,72.39,72.01,L,35,96.1322
L,1260820,400,272,72.38,72.39,72.01,L,36,94.4364
L,1260820,400,272,72.38,72.39,72.01,L,37,95.9289
L,1260820,400,272,72.38,72.39,72.01,L,38,96.7750
L,1260820,400,272,72.38,72.39,72.01,L,39,97.6231
L,1260820,400,272,72.38,72.39,72.01,L,40,94.7983
L,1260820,400,272,72.38,72.39,72.01,L,41,98.2849
L,1260820,400,272,72.38,72.39,72.01,L,42,100.8583
L,1260820,400,272,72.38,72.39,72.01,L,43,105.1969
L,1260820,400,272,72.38,72.39,72.01,L,44,112.4713
L,1260820,400,272,72.38,72.39,72.01,L,45,121.9149
L,1260820,400,272,72.38,72.39,72.01,L,46,124.7944
L,1260820,400,272,72.38,72.39,72.01,L,47,117.0674
L,1260820,400,272,72.38,72.39,72.01,L,48,103.1450
L,1260820,400,272,72.38,72.39,72.01,L,49,115.5420
L,1260820,400,272,72.38,72.39,72.01,L,50,161.5833
L,1260820,400,272,72.38,72.39,72.01,L,51,192.8150
L,1260820,400,272,72.38,72.39,72.01,L,52,168.2333
X,1260820,400,272,72.38,72.39,72.01,71.6673
X,1260820,400,272,72.38,72.39,72.01,71.6942
K,1260820,400,272,72.38,72.39,72.01,71.7573,5
Q,1260820,400,272,72.38,72.39,72.01,71.6942,7
L,1260820,500,273,70.91,72.50,70.83,U,0,71.2730
L,1260820,500,273,70.91,72.50,70.83,U,1,71.6521
L,1260820,500,273,70.91,72.50,70.83,U,2,71.8379
L,1260820,500,273,70.91,72.50,70.83,U,3,69.5580
L,1260820,500,273,70.91,72.50,70.83,U,4,68.3050
L,1260820,500,273,70.91,72.50,70.83,U,5,66.9432
L,1260820,500,273,70.91,72.50,70.83,U,6,66.8739
L,1260820,500,273,70.91,72.50,70.83,U,7,71.4200
L,1260820,500,273,70.91,72.50,70.83,U,8,74.5560
L,1260820,500,273,70.91,72.50,70.83,L,0,71.7781
L,1260820,500,273,70.91,72.50,70.83,L,1,72.3090
L,1260820,500,273,70.91,72.50,70.83,L,2,71.8174
L,1260820,500,273,70.91,72.50,70.83,L,3,73.0673
L,1260820,500,273,70.91,72.50,70.83,L,4,72.6705
L,1260820,500,273,70.91,72.50,70.83,L,5,73.9120
L,1260820,500,273,70.91,72.50,70.83,L,6,74.0486
L,1260820,500,273,70.91,72.50,70.83,L,7,74.0214
L,1260820,500,273,70.91,72.50,70.83,L,8,76.0764
L,1260820,500,273,70.91,72.50,70.83,L,9,79.7141
L,1260820,500,273,70.91,72.50,70.83,L,10,79.8567
L,1260820,500,273,70.91,72.50,70.83,L,11,81.5252
L,1260820,500,273,70.91,72.50,70.83,L,12,82.1420
L,1260820,500,273,70.91,72.50,70.83,L,13,82.1669
L,1260820,500,273,70.91,72.50,70.83,L,14,82.2594
L,1260820,500,273,70.91,72.50,70.83,L,15,84.2896
L,1260820,500,273,70.91,72.50,70.83,L,16,85.2307
L,1260820,500,273,70.91,72.50,70.83,L,17,85.0547
L,1260820,500,273,70.91,72.50,70.83,L,18,85.5227
L,1260820,500,273,70.91,72.50,70.83,L,19,82.8355
L,1260820,500,273,70.91,72.50,70.83,L,20,83.4100
L,1260820,500,273,70.91,72.50,70.83,L,21,83.4711
L,1260820,500,273,70.91,72.50,70.83,L,22,85.1512
L,1260820,500,273,70.91,72.50,70.83,L,23,84.9414
L,1260820,500,273,70.91,72.50,70.83,L,24,85.6884
L,1260820,500,273,70.91,72.50,70.83,L,25,84.5128
L,1260820,500,273,70.91,72.50,70.83,L,26,84.0730
L,1260820,500,273,70.91,72.50,70.83,L,27,86.5212
L,1260820,500,273,70.91,72.50,70.83,L,28,88.4814
L,1260820,500,273,70.91,72.50,70.83,L,29,90.1067
L,1260820,500,273,70.91,72.50,70.83,L,30,91.0900
L,1260820,500,273,70.91,72.50,70.83,L,31,91.8150
L,1260820,500,273,70.91,72.50,70.83,L,32,94.7170
L,1260820,500,273,70.91,72.50,70.83,L,33,95.2962
L,1260820,500,273,70.91,72.50,70.83,L,34,94.2340
L,1260820,500,273,70.91,72.50,70.83,L,35,96.2946
L,1260820,500,273,70.91,72.50,70.83,L,36,94.5918
L,1260820,500,273,70.91,72.50,70.83,L,37,96.0904
L,1260820,500,273,70.91,72.50,70.83,L,38,96.9400
L,1260820,500,273,70.91,72.50,70.83,L,39,97.7915
L,1260820,500,273,70.91,72.50,70.83,L,40,94.9552
L,1260820,500,273,70.91,72.50,70.83,L,41,98.4560
L,1260820,500,273,70.91,72.50,70.83,L,42,101.0400
L,1260820,500,273,70.91,72.50,70.83,L,43,105.3962
L,1260820,500,273,70.91,72.50,70.83,L,44,112.7004
L,1260820,500,273,70.91,72.50,70.83,L,45,122.1825
L,1260820,500,273,70.91,72.50,70.83,L,46,125.0738
L,1260820,500,273,70.91,72.50,70.83,L,47,117.3152
L,1260820,500,273,70.91,72.50,70.83,L,48,103.3360
L,1260820,500,273,70.91,72.50,70.83,L,49,115.7836
L,1260820,500,273,70.91,72.50,70.83,L,50,162.0129
L,1260820,500,273,70.91,72.50,70.83,L,51,193.3720
L,1260820,500,273,70.91,72.50,70.83,L,52,168.6900
X,1260820,500,273,70.91,72.50,70.83,71.7382
X,1260820,500,273,70.91,72.50,70.83,71.7649
K,1260820,500,273,70.91,72.50,70.83,71.7011,5
Q,1260820,500,273,70.91,72.50,70.83,71.7649,8
L,1260820,600,274,70.78,71.00,70.02,U,0,72.3820
L,1260820,600,274,70.78,71.00,70.02,U,1,71.1300
L,1260820,600,274,70.78,71.00,70.02,U,2,71.5168
L,1260820,600,274,70.78,71.00,70.02,U,3,71.7065
L,1260820,600,274,70.78,71.00,70.02,U,4,69.3800
L,1260820,600,274,70.78,71.00,70.02,U,5,68.1014
L,1260820,600,274,70.78,71.00,70.02,U,6,66.7118
L,1260820,600,274,70.78,71.00,70.02,U,7,66.6411
L,1260820,600,274,70.78,71.00,70.02,U,8,71.2800
L,1260820,600,274,70.78,71.00,70.02,U,9,74.4800
L,1260820,600,274,70.78,71.00,70.02,L,0,71.8409
L,1260820,600,274,70.78,71.00,70.02,L,1,72.3739
L,1260820,600,274,70.78,71.00,70.02,L,2,71.8803
L,1260820,600,274,70.78,71.00,70.02,L,3,73.1353
L,1260820,600,274,70.78,71.00,70.02,L,4,72.7369
L,1260820,600,274,70.78,71.00,70.02,L,5,73.9834
L,1260820,600,274,70.78,71.00,70.02,L,6,74.1206
L,1260820,600,274,70.78,71.00,70.02,L,7,74.0932
L,1260820,600,274,70.78,71.00,70.02,L,8,76.1566
L,1260820,600,274,70.78,71.00,70.02,L,9,79.8091
L,1260820,600,274,70.78,71.00,70.02,L,10,79.9522
L,1260820,600,274,70.78,71.00,70.02,L,11,81.6276
L,1260820,600,274,70.78,71.00,70.02,L,12,82.2468
L,1260820,600,274,70.78,71.00,70.02,L,13,82.2719
L,1260820,600,274,70.78,71.00,70.02,L,14,82.3647
L,1260820,600,274,70.78,71.00,70.02,L,15,84.4031
L,1260820,600,274,70.78,71.00,70.02,L,16,85.3481
L,1260820,600,274,70.78,71.00,70.02,L,17,85.1714
L,1260820,600,274,70.78,71.00,70.02,L,18,85.6413
L,1260820,600,274,70.78,71.00,70.02,L,19,82.9432
L,1260820,600,274,70.78,71.00,70.02,L,20,83.5200
L,1260820,600,274,70.78,71.00,70.02,L,21,83.5814
L,1260820,600,274,70.78,71.00,70.02,L,22,85.2682
L,1260820,600,274,70.78,71.00,70.02,L,23,85.0576
L,1260820,600,274,70.78,71.00,70.02,L,24,85.8077
L,1260820,600,274,70.78,71.00,70.02,L,25,84.6272
L,1260820,600,274,70.78,71.00,70.02,L,26,84.1857
L,1260820,600,274,70.78,71.00,70.02,L,27,86.6438
L,1260820,600,274,70.78,71.00,70.02,L,28,88.6120
L,1260820,600,274,70.78,71.00,70.02,L,29,90.2439
L,1260820,600,274,70.78,71.00,70.02,L,30,91.2312
L,1260820,600,274,70.78,71.00,70.02,L,31,91.9592
L,1260820,600,274,70.78,71.00,70.02,L,32,94.8729
L,1260820,600,274,70.78,71.00,70.02,L,33,95.4545
L,1260820,600,274,70.78,71.00,70.02,L,34,94.3880
L,1260820,600,274,70.78,71.00,70.02,L,35,96.4569
L,1260820,600,274,70.78,71.00,70.02,L,36,94.7473
L,1260820,600,274,70.78,71.00,70.02,L,37,96.2520
L,1260820,600,274,70.78,71.00,70.02,L,38,97.1050
L,1260820,600,274,70.78,71.00,70.02,L,39,97.9600
L,1260820,600,274,70.78,71.00,70.02,L,40,95.1122
L,1260820,600,274,70.78,71.00,70.02,L,41,98.6272
L,1260820,600,274,70.78,71.00,70.02,L,42,101.2217
L,1260820,600,274,70.78,71.00,70.02,L,43,105.5956
L,1260820,600,274,70.78,71.00,70.02,L,44,112.9295
L,1260820,600,274,70.78,71.00,70.02,L,45,122.4501
L,1260820,600,274,70.78,71.00,70.02,L,46,125.3532
L,1260820,600,274,70.78,71.00,70.02,L,47,117.5630
L,1260820,600,274,70.78,71.00,70.02,L,48,103.5270
L,1260820,600,274,70.78,71.00,70.02,L,49,116.0252
L,1260820,600,274,70.78,71.00,70.02,L,50,162.4424
L,1260820,600,274,70.78,71.00,70.02,L,51,193.9290
L,1260820,600,274,70.78,71.00,70.02,L,52,169.1467
X,1260820,600,274,70.78,71.00,70.02,71.7975
X,1260820,600,274,70.78,71.00,70.02,71.8240
K,1260820,600,274,70.78,71.00,70.02,71.7361,4
Q,1260820,600,274,70.78,71.00,70.02,71.7975,9
L,1260820,700,275,70.85,71.69,70.53,U,0,72.2641
L,1260820,700,275,70.85,71.69,70.53,U,1,70.9870
L,1260820,700,275,70.85,71.69,70.53,U,2,71.3816
L,1260820,700,275,70.85,71.69,70.53,U,3,71.5750
L,1260820,700,275,70.85,71.69,70.53,U,4,69.2020
L,1260820,700,275,70.85,71.69,70.53,U,5,67.8979
L,1260820,700,275,70.85,71.69,70.53,U,6,66.4805
L,1260820,700,275,70.85,71.69,70.53,U,7,66.4083
L,1260820,700,275,70.85,71.69,70.53,U,8,71.1400
L,1260820,700,275,70.85,71.69,70.53,U,9,74.4040
L,1260820,700,275,70.85,71.69,70.53,L,0,70.0753
L,1260820,700,275,70.85,71.69,70.53,L,1,71.9036
L,1260820,700,275,70.85,71.69,70.53,L,2,72.4387
L,1260820,700,275,70.85,71.69,70.53,L,3,71.9431
L,1260820,700,275,70.85,71.69,70.53,L,4,73.2032
L,1260820,700,275,70.85,71.69,70.53,L,5,72.8032
L,1260820,700,275,70.85,71.69,70.53,L,6,74.0548
L,1260820,700,275,70.85,71.69,70.53,L,7,74.1925
L,1260820,700,275,70.85,71.69,70.53,L,8,74.1650
L,1260820,700,275,70.85,71.69,70.53,L,9,76.2368
L,1260820,700,275,70.85,71.69,70.53,L,10,79.9041
L,1260820,700,275,70.85,71.69,70.53,L,11,80.0478
L,1260820,700,275,70.85,71.69,70.53,L,12,81.7299
L,1260820,700,275,70.85,71.69,70.53,L,13,82.3516
L,1260820,700,275,70.85,71.69,70.53,L,14,82.3768
L,1260820,700,275,70.85,71.69,70.53,L,15,82.4700
L,1260820,700,275,70.85,71.69,70.53,L,16,84.5167
L,1260820,700,275,70.85,71.69,70.53,L,17,85.4655
L,1260820,700,275,70.85,71.69,70.53,L,18,85.2881
L,1260820,700,275,70.85,71.69,70.53,L,19,85.7599
L,1260820,700,275,70.85,71.69,70.53,L,20,83.0508
L,1260820,700,275,70.85,71.69,70.53,L,21,83.6300
L,1260820,700,275,70.85,71.69,70.53,L,22,83.6916
L,1260820,700,275,70.85,71.69,70.53,L,23,85.3853
L,1260820,700,275,70.85,71.69,70.53,L,24,85.1738
L,1260820,700,275,70.85,71.69,70.53,L,25,85.9269
L,1260820,700,275,70.85,71.69,70.53,L,26,84.7417
L,1260820,700,275,70.85,71.69,70.53,L,27,84.2984
L,1260820,700,275,70.85,71.69,70.53,L,28,86.7665
L,1260820,700,275,70.85,71.69,70.53,L,29,88.7426
L,1260820,700,275,70.85,71.69,70.53,L,30,90.3811
L,1260820,700,275,70.85,71.69,70.53,L,31,91.3724
L,1260820,700,275,70.85,71.69,70.53,L,32,92.1033
L,1260820,700,275,70.85,71.69,70.53,L,33,95.0289
L,1260820,700,275,70.85,71.69,70.53,L,34,95.6128
L,1260820,700,275,70.85,71.69,70.53,L,35,94.5420
L,1260820,700,275,70.85,71.69,70.53,L,36,96.6193
L,1260820,700,275,70.85,71.69,70.53,L,37,94.9027
L,1260820,700,275,70.85,71.69,70.53,L,38,96.4135
L,1260820,700,275,70.85,71.69,70.53,L,39,97.2700
L,1260820,700,275,70.85,71.69,70.53,L,40,98.1285
L,1260820,700,275,70.85,71.69,70.53,L,41,95.2691
L,1260820,700,275,70.85,71.69,70.53,L,42,98.7984
L,1260820,700,275,70.85,71.69,70.53,L,43,101.4033
L,1260820,700,275,70.85,71.69,70.53,L,44,105.7950
L,1260820,700,275,70.85,71.69,70.53,L,45,113.1585
L,1260820,700,275,70.85,71.69,70.53,L,46,122.7178
L,1260820,700,275,70.85,71.69,70.53,L,47,125.6325
L,1260820,700,275,70.85,71.69,70.53,L,48,117.8109
L,1260820,700,275,70.85,71.69,70.53,L,49,103.7180
L,1260820,700,275,70.85,71.69,70.53,L,50,116.2668
L,1260820,700,275,70.85,71.69,70.53,L,51,162.8719
L,1260820,700,275,70.85,71.69,70.53,L,52,194.4860
L,1260820,700,275,70.85,71.69,70.53,L,53,169.6033
X,1260820,700,275,70.85,71.69,70.53,72.3768
K,1260820,700,275,70.85,71.69,70.53,71.3655,3
L,1260820,800,276,71.13,71.43,70.51,U,0,71.5608
L,1260820,800,276,71.13,71.43,70.51,U,1,72.1461
L,1260820,800,276,71.13,71.43,70.51,U,2,70.8440
L,1260820,800,276,71.13,71.43,70.51,U,3,71.2463
L,1260820,800,276,71.13,71.43,70.51,U,4,71.4435
L,1260820,800,276,71.13,71.43,70.51,U,5,69.0240
L,1260820,800,276,71.13,71.43,70.51,U,6,67.6943
L,1260820,800,276,71.13,71.43,70.51,U,7,66.2491
L,1260820,800,276,71.13,71.43,70.51,U,8,66.1756
L,1260820,800,276,71.13,71.43,70.51,U,9,71.0000
L,1260820,800,276,71.13,71.43,70.51,U,10,74.3280
L,1260820,800,276,71.13,71.43,70.51,L,0,70.1307
L,1260820,800,276,71.13,71.43,70.51,L,1,71.9663
L,1260820,800,276,71.13,71.43,70.51,L,2,72.5036
L,1260820,800,276,71.13,71.43,70.51,L,3,72.0060
L,1260820,800,276,71.13,71.43,70.51,L,4,73.2712
L,1260820,800,276,71.13,71.43,70.51,L,5,72.8696
L,1260820,800,276,71.13,71.43,70.51,L,6,74.1261
L,1260820,800,276,71.13,71.43,70.51,L,7,74.2645
L,1260820,800,276,71.13,71.43,70.51,L,8,74.2369
L,1260820,800,276,71.13,71.43,70.51,L,9,76.3170
L,1260820,800,276,71.13,71.43,70.51,L,10,79.9990
L,1260820,800,276,71.13,71.43,70.51,L,11,80.1433
L,1260820,800,276,71.13,71.43,70.51,L,12,81.8322
L,1260820,800,276,71.13,71.43,70.51,L,13,82.4565
L,1260820,800,276,71.13,71.43,70.51,L,14,82.4818
L,1260820,800,276,71.13,71.43,70.51,L,15,82.5753
L,1260820,800,276,71.13,71.43,70.51,L,16,84.6303
L,1260820,800,276,71.13,71.43,70.51,L,17,85.5829
L,1260820,800,276,71.13,71.43,70.51,L,18,85.4047
L,1260820,800,276,71.13,71.43,70.51,L,19,85.8785
L,1260820,800,276,71.13,71.43,70.51,L,20,83.1585
L,1260820,800,276,71.13,71.43,70.51,L,21,83.7400
L,1260820,800,276,71.13,71.43,70.51,L,22,83.8019
L,1260820,800,276,71.13,71.43,70.51,L,23,85.5024
L,1260820,800,276,71.13,71.43,70.51,L,24,85.2901
L,1260820,800,276,71.13,71.43,70.51,L,25,86.0462
L,1260820,800,276,71.13,71.43,70.51,L,26,84.8562
L,1260820,800,276,71.13,71.43,70.51,L,27,84.4111
L,1260820,800,276,71.13,71.43,70.51,L,28,86.8891
L,1260820,800,276,71.13,71.43,70.51,L,29,88.8732
L,1260820,800,276,71.13,71.43,70.51,L,30,90.5183
L,1260820,800,276,71.13,71.43,70.51,L,31,91.5137
L,1260820,800,276,71.13,71.43,70.51,L,32,92.2475
L,1260820,800,276,71.13,71.43,70.51,L,33,95.1849
L,1260820,800,276,71.13,71.43,70.51,L,34,95.7711
L,1260820,800,276,71.13,71.43,70.51,L,35,94.6960
L,1260820,800,276,71.13,71.43,70.51,L,36,96.7817
L,1260820,800,276,71.13,71.43,70.51,L,37,95.0582
L,1260820,800,276,71.13,71.43,70.51,L,38,96.5751
L,1260820,800,276,71.13,71.43,70.51,L,39,97.4350
L,1260820,800,276,71.13,71.43,70.51,L,40,98.2969
L,1260820,800,276,71.13,71.43,70.51,L,41,95.4260
L,1260820,800,276,71.13,71.43,70.51,L,42,98.9695
L,1260820,800,276,71.13,71.43,70.51,L,43,101.5850
L,1260820,800,276,71.13,71.43,70.51,L,44,105.9944
L,1260820,800,276,71.13,71.43,70.51,L,45,113.3876
L,1260820,800,276,71.13,71.43,70.51,L,46,122.9854
L,1260820,800,276,71.13,71.43,70.51,L,47,125.9119
L,1260820,800,276,71.13,71.43,70.51,L,48,118.0587
L,1260820,800,276,71.13,71.43,70.51,L,49,103.9090
L,1260820,800,276,71.13,71.43,70.51,L,50,116.5084
L,1260820,800,276,71.13,71.43,70.51,L,51,163.3014
L,1260820,800,276,71.13,71.43,70.51,L,52,195.0430
L,1260820,800,276,71.13,71.43,70.51,L,53,170.0600
K,1260820,800,276,71.13,71.43,70.51,72.0395,3
L,1260820,900,277,70.68,71.60,70.24,U,0,71.4316
L,1260820,900,277,70.68,71.60,70.24,U,1,72.0282
L,1260820,900,277,70.68,71.60,70.24,U,2,70.7010
L,1260820,900,277,70.68,71.60,70.24,U,3,71.1111
L,1260820,900,277,70.68,71.60,70.24,U,4,71.3121
L,1260820,900,277,70.68,71.60,70.24,U,5,68.8460
L,1260820,900,277,70.68,71.60,70.24,U,6,67.4907
L,1260820,900,277,70.68,71.60,70.24,U,7,66.0177
L,1260820,900,277,70.68,71.60,70.24,U,8,65.9428
L,1260820,900,277,70.68,71.60,70.24,U,9,70.8600
L,1260820,900,277,70.68,71.60,70.24,U,10,74.2520
L,1260820,900,277,70.68,71.60,70.24,L,0,70.1860
L,1260820,900,277,70.68,71.60,70.24,L,1,72.0290
L,1260820,900,277,70.68,71.60,70.24,L,2,72.5685
L,1260820,900,277,70.68,71.60,70.24,L,3,72.0689
L,1260820,900,277,70.68,71.60,70.24,L,4,73.3391
L,1260820,900,277,70.68,71.60,70.24,L,5,72.9359
L,1260820,900,277,70.68,71.60,70.24,L,6,74.1975
L,1260820,900,277,70.68,71.60,70.24,L,7,74.3364
L,1260820,900,277,70.68,71.60,70.24,L,8,74.3087
L,1260820,900,277,70.68,71.60,70.24,L,9,76.3972
L,1260820,900,277,70.68,71.60,70.24,L,10,80.0940
L,1260820,900,277,70.68,71.60,70.24,L,11,80.2389
L,1260820,900,277,70.68,71.60,70.24,L,12,81.9346
L,1260820,900,277,70.68,71.60,70.24,L,13,82.5613
L,1260820,900,277,70.68,71.60,70.24,L,14,82.5867
L,1260820,900,277,70.68,71.60,70.24,L,15,82.6806
L,1260820,900,277,70.68,71.60,70.24,L,16,84.7439
L,1260820,900,277,70.68,71.60,70.24,L,17,85.7003
L,1260820,900,277,70.68,71.60,70.24,L,18,85.5214
L,1260820,900,277,70.68,71.60,70.24,L,19,85.9971
L,1260820,900,277,70.68,71.60,70.24,L,20,83.2662
L,1260820,900,277,70.68,71.60,70.24,L,21,83.8500
L,1260820,900,277,70.68,71.60,70.24,L,22,83.9121
L,1260820,900,277,70.68,71.60,70.24,L,23,85.6195
L,1260820,900,277,70.68,71.60,70.24,L,24,85.4063
L,1260820,900,277,70.68,71.60,70.24,L,25,86.1654
L,1260820,900,277,70.68,71.60,70.24,L,26,84.9707
L,1260820,900,277,70.68,71.60,70.24,L,27,84.5238
L,1260820,900,277,70.68,71.60,70.24,L,28,87.0118
L,1260820,900,277,70.68,71.60,70.24,L,29,89.0038
L,1260820,900,277,70.68,71.60,70.24,L,30,90.6556
L,1260820,900,277,70.68,71.60,70.24,L,31,91.6549
L,1260820,900,277,70.68,71.60,70.24,L,32,92.3917
L,1260820,900,277,70.68,71.60,70.24,L,33,95.3408
L,1260820,900,277,70.68,71.60,70.24,L,34,95.9294
L,1260820,900,277,70.68,71.60,70.24,L,35,94.8500
L,1260820,900,277,70.68,71.60,70.24,L,36,96.9441
L,1260820,900,277,70.68,71.60,70.24,L,37,95.2136
L,1260820,900,277,70.68,71.60,70.24,L,38,96.7366
L,1260820,900,277,70.68,71.60,70.24,L,39,97.6000
L,1260820,900,277,70.68,71.60,70.24,L,40,98.4654
L,1260820,900,277,70.68,71.60,70.24,L,41,95.5830
L,1260820,900,277,70.68,71.60,70.24,L,42,99.1407
L,1260820,900,277,70.68,71.60,70.24,L,43,101.7667
L,1260820,900,277,70.68,71.60,70.24,L,44,106.1937
L,1260820,900,277,70.68,71.60,70.24,L,45,113.6167
L,1260820,900,277,70.68,71.60,70.24,L,46,123.2530
L,1260820,900,277,70.68,71.60,70.24,L,47,126.1913
L,1260820,900,277,70.68,71.60,70.24,L,48,118.3065
L,1260820,900,277,70.68,71.60,70.24,L,49,104.1000
L,1260820,900,277,70.68,71.60,70.24,L,50,116.7500
L,1260820,900,277,70.68,71.60,70.24,L,51,163.7310
L,1260820,900,277,70.68,71.60,70.24,L,52,195.6000
L,1260820,900,277,70.68,71.60,70.24,L,53,170.5167
X,1260820,900,277,70.68,71.60,70.24,72.0287
X,1260820,900,277,70.68,71.60,70.24,72.0547
X,1260820,900,277,70.68,71.60,70.24,74.2954
X,1260820,900,277,70.68,71.60,70.24,74.2812
K,1260820,900,277,70.68,71.60,70.24,72.0420,3
Q,1260820,900,277,70.68,71.60,70.24,72.0287,5
L,1260820,1000,278,71.04,71.11,70.49,U,0,71.4740
L,1260820,1000,278,71.04,71.11,70.49,U,1,71.3024
L,1260820,1000,278,71.04,71.11,70.49,U,2,71.9102
L,1260820,1000,278,71.04,71.11,70.49,U,3,70.5580
L,1260820,1000,278,71.04,71.11,70.49,U,4,70.9758
L,1260820,1000,278,71.04,71.11,70.49,U,5,71.1806
L,1260820,1000,278,71.04,71.11,70.49,U,6,68.6680
L,1260820,1000,278,71.04,71.11,70.49,U,7,67.2871
L,1260820,1000,278,71.04,71.11,70.49,U,8,65.7864
L,1260820,1000,278,71.04,71.11,70.49,U,9,65.7100
L,1260820,1000,278,71.04,71.11,70.49,U,10,70.7200
L,1260820,1000,278,71.04,71.11,70.49,U,11,74.1760
L,1260820,1000,278,71.04,71.11,70.49,L,0,70.2956
L,1260820,1000,278,71.04,71.11,70.49,L,1,70.2414
L,1260820,1000,278,71.04,71.11,70.49,L,2,72.0917
L,1260820,1000,278,71.04,71.11,70.49,L,3,72.6334
L,1260820,1000,278,71.04,71.11,70.49,L,4,72.1318
L,1260820,1000,278,71.04,71.11,70.49,L,5,73.4071
L,1260820,1000,278,71.04,71.11,70.49,L,6,73.0022
L,1260820,1000,278,71.04,71.11,70.49,L,7,74.2689
L,1260820,1000,278,71.04,71.11,70.49,L,8,74.4084
L,1260820,1000,278,71.04,71.11,70.49,L,9,74.3806
L,1260820,1000,278,71.04,71.11,70.49,L,10,76.4774
L,1260820,1000,278,71.04,71.11,70.49,L,11,80.1890
L,1260820,1000,278,71.04,71.11,70.49,L,12,80.3344
L,1260820,1000,278,71.04,71.11,70.49,L,13,82.0369
L,1260820,1000,278,71.04,71.11,70.49,L,14,82.6662
L,1260820,1000,278,71.04,71.11,70.49,L,15,82.6916
L,1260820,1000,278,71.04,71.11,70.49,L,16,82.7860
L,1260820,1000,278,71.04,71.11,70.49,L,17,84.8574
L,1260820,1000,278,71.04,71.11,70.49,L,18,85.8177
L,1260820,1000,278,71.04,71.11,70.49,L,19,85.6381
L,1260820,1000,278,71.04,71.11,70.49,L,20,86.1156
L,1260820,1000,278,71.04,71.11,70.49,L,21,83.3738
L,1260820,1000,278,71.04,71.11,70.49,L,22,83.9600
L,1260820,1000,278,71.04,71.11,70.49,L,23,84.0224
L,1260820,1000,278,71.04,71.11,70.49,L,24,85.7366
L,1260820,1000,278,71.04,71.11,70.49,L,25,85.5225
L,1260820,1000,278,71.04,71.11,70.49,L,26,86.2847
L,1260820,1000,278,71.04,71.11,70.49,L,27,85.0852
L,1260820,1000,278,71.04,71.11,70.49,L,28,84.6365
L,1260820,1000,278,71.04,71.11,70.49,L,29,87.1344
L,1260820,1000,278,71.04,71.11,70.49,L,30,89.1345
L,1260820,1000,278,71.04,71.11,70.49,L,31,90.7928
L,1260820,1000,278,71.04,71.11,70.49,L,32,91.7961
L,1260820,1000,278,71.04,71.11,70.49,L,33,92.5358
L,1260820,1000,278,71.04,71.11,70.49,L,34,95.4968
L,1260820,1000,278,71.04,71.11,70.49,L,35,96.0878
L,1260820,1000,278,71.04,71.11,70.49,L,36,95.0040
L,1260820,1000,278,71.04,71.11,70.49,L,37,97.1064
L,1260820,1000,278,71.04,71.11,70.49,L,38,95.3691
L,1260820,1000,278,71.04,71.11,70.49,L,39,96.8981
L,1260820,1000,278,71.04,71.11,70.49,L,40,97.7650
L,1260820,1000,278,71.04,71.11,70.49,L,41,98.6338
L,1260820,1000,278,71.04,71.11,70.49,L,42,95.7399
L,1260820,1000,278,71.04,71.11,70.49,L,43,99.3119
L,1260820,1000,278,71.04,71.11,70.49,L,44,101.9483
L,1260820,1000,278,71.04,71.11,70.49,L,45,106.3931
L,1260820,1000,278,71.04,71.11,70.49,L,46,113.8457
L,1260820,1000,278,71.04,71.11,70.49,L,47,123.5206
L,1260820,1000,278,71.04,71.11,70.49,L,48,126.4706
L,1260820,1000,278,71.04,71.11,70.49,L,49,118.5543
L,1260820,1000,278,71.04,71.11,70.49,L,50,104.2910
L,1260820,1000,278,71.04,71.11,70.49,L,51,116.9916
L,1260820,1000,278,71.04,71.11,70.49,L,52,164.1605
L,1260820,1000,278,71.04,71.11,70.49,L,53,196.1570
L,1260820,1000,278,71.04,71.11,70.49,L,54,170.9733
X,1260820,1000,278,71.04,71.11,70.49,74.2239
K,1260820,1000,278,71.04,71.11,70.49,71.3190,3
Q,1260820,1000,278,71.04,71.11,70.49,74.2239,3
L,1260820,1100,279,70.41,71.05,70.35,U,0,71.3479
L,1260820,1100,279,70.41,71.05,70.35,U,1,71.1731
L,1260820,1100,279,70.41,71.05,70.35,U,2,71.7922
L,1260820,1100,279,70.41,71.05,70.35,U,3,70.4150
L,1260820,1100,279,70.41,71.05,70.35,U,4,70.8405
L,1260820,1100,279,70.41,71.05,70.35,U,5,71.0491
L,1260820,1100,279,70.41,71.05,70.35,U,6,68.4900
L,1260820,1100,279,70.41,71.05,70.35,U,7,67.0836
L,1260820,1100,279,70.41,71.05,70.35,U,8,65.5550
L,1260820,1100,279,70.41,71.05,70.35,U,9,65.4772
L,1260820,1100,279,70.41,71.05,70.35,U,10,70.5800
L,1260820,1100,279,70.41,71.05,70.35,U,11,74.1000
L,1260820,1100,279,70.41,71.05,70.35,L,0,70.3511
L,1260820,1100,279,70.41,71.05,70.35,L,1,70.2967
L,1260820,1100,279,70.41,71.05,70.35,L,2,72.1544
L,1260820,1100,279,70.41,71.05,70.35,L,3,72.6982
L,1260820,1100,279,70.41,71.05,70.35,L,4,72.1946
L,1260820,1100,279,70.41,71.05,70.35,L,5,73.4750
L,1260820,1100,279,70.41,71.05,70.35,L,6,73.0686
L,1260820,1100,279,70.41,71.05,70.35,L,7,74.3403
L,1260820,1100,279,70.41,71.05,70.35,L,8,74.4803
L,1260820,1100,279,70.41,71.05,70.35,L,9,74.4524
L,1260820,1100,279,70.41,71.05,70.35,L,10,76.5575
L,1260820,1100,279,70.41,71.05,70.35,L,11,80.2840
L,1260820,1100,279,70.41,71.05,70.35,L,12,80.4300
L,1260820,1100,279,70.41,71.05,70.35,L,13,82.1393
L,1260820,1100,279,70.41,71.05,70.35,L,14,82.7710
L,1260820,1100,279,70.41,71.05,70.35,L,15,82.7966
L,1260820,1100,279,70.41,71.05,70.35,L,16,82.8913
L,1260820,1100,279,70.41,71.05,70.35,L,17,84.9710
L,1260820,1100,279,70.41,71.05,70.35,L,18,85.9351
L,1260820,1100,279,70.41,71.05,70.35,L,19,85.7548
L,1260820,1100,279,70.41,71.05,70.35,L,20,86.2342
L,1260820,1100,279,70.41,71.05,70.35,L,21,83.4815
L,1260820,1100,279,70.41,71.05,70.35,L,22,84.0700
L,1260820,1100,279,70.41,71.05,70.35,L,23,84.1326
L,1260820,1100,279,70.41,71.05,70.35,L,24,85.8536
L,1260820,1100,279,70.41,71.05,70.35,L,25,85.6387
L,1260820,1100,279,70.41,71.05,70.35,L,26,86.4040
L,1260820,1100,279,70.41,71.05,70.35,L,27,85.1997
L,1260820,1100,279,70.41,71.05,70.35,L,28,84.7491
L,1260820,1100,279,70.41,71.05,70.35,L,29,87.2571
L,1260820,1100,279,70.41,71.05,70.35,L,30,89.2651
L,1260820,1100,279,70.41,71.05,70.35,L,31,90.9300
L,1260820,1100,279,70.41,71.05,70.35,L,32,91.9373
L,1260820,1100,279,70.41,71.05,70.35,L,33,92.6800
L,1260820,1100,279,70.41,71.05,70.35,L,34,95.6528
L,1260820,1100,279,70.41,71.05,70.35,L,35,96.2461
L,1260820,1100,279,70.41,71.05,70.35,L,36,95.1580
L,1260820,1100,279,70.41,71.05,70.35,L,37,97.2688
L,1260820,1100,279,70.41,71.05,70.35,L,38,95.5245
L,1260820,1100,279,70.41,71.05,70.35,L,39,97.0597
L,1260820,1100,279,70.41,71.05,70.35,L,40,97.9300
L,1260820,1100,279,70.41,71.05,70.35,L,41,98.8023
L,1260820,1100,279,70.41,71.05,70.35,L,42,95.8968
L,1260820,1100,279,70.41,71.05,70.35,L,43,99.4830
L,1260820,1100,279,70.41,71.05,70.35,L,44,102.1300
L,1260820,1100,279,70.41,71.05,70.35,L,45,106.5925
L,1260820,1100,279,70.41,71.05,70.35,L,46,114.0748
L,1260820,1100,279,70.41,71.05,70.35,L,47,123.7882
L,1260820,1100,279,70.41,71.05,70.35,L,48,126.7500
L,1260820,1100,279,70.41,71.05,70.35,L,49,118.8022
L,1260820,1100,279,70.41,71.05,70.35,L,50,104.4820
L,1260820,1100,279,70.41,71.05,70.35,L,51,117.2332
L,1260820,1100,279,70.41,71.05,70.35,L,52,164.5900
L,1260820,1100,279,70.41,71.05,70.35,L,53,196.7140
L,1260820,1100,279,70.41,71.05,70.35,L,54,171.4300
K,1260820,1100,279,70.41,71.05,70.35,70.4967,5
L,1260820,1200,280,70.06,70.42,69.76,U,0,71.2219
L,1260820,1200,280,70.06,70.42,69.76,U,1,71.0439
L,1260820,1200,280,70.06,70.42,69.76,U,2,71.6743
L,1260820,1200,280,70.06,70.42,69.76,U,3,70.2720
L,1260820,1200,280,70.06,70.42,69.76,U,4,70.7053
L,1260820,1200,280,70.06,70.42,69.76,U,5,70.9176
L,1260820,1200,280,70.06,70.42,69.76,U,6,68.3120
L,1260820,1200,280,70.06,70.42,69.76,U,7,66.8800
L,1260820,1200,280,70.06,70.42,69.76,U,8,65.3236
L,1260820,1200,280,70.06,70.42,69.76,U,9,65.2444
L,1260820,1200,280,70.06,70.42,69.76,U,10,70.4400
L,1260820,1200,280,70.06,70.42,69.76,U,11,74.0240
L,1260820,1200,280,70.06,70.42,69.76,L,0,70.4067
L,1260820,1200,280,70.06,70.42,69.76,L,1,70.3521
L,1260820,1200,280,70.06,70.42,69.76,L,2,72.2172
L,1260820,1200,280,70.06,70.42,69.76,L,3,72.7631
L,1260820,1200,280,70.06,70.42,69.76,L,4,72.2575
L,1260820,1200,280,70.06,70.42,69.76,L,5,73.5430
L,1260820,1200,280,70.06,70.42,69.76,L,6,73.1349
L,1260820,1200,280,70.06,70.42,69.76,L,7,74.4117
L,1260820,1200,280,70.06,70.42,69.76,L,8,74.5523
L,1260820,1200,280,70.06,70.42,69.76,L,9,74.5242
L,1260820,1200,280,70.06,70.42,69.76,L,10,76.6377
L,1260820,1200,280,70.06,70.42,69.76,L,11,80.3789
L,1260820,1200,280,70.06,70.42,69.76,L,12,80.5256
L,1260820,1200,280,70.06,70.42,69.76,L,13,82.2416
L,1260820,1200,280,70.06,70.42,69.76,L,14,82.8759
L,1260820,1200,280,70.06,70.42,69.76,L,15,82.9015
L,1260820,1200,280,70.06,70.42,69.76,L,16,82.9966
L,1260820,1200,280,70.06,70.42,69.76,L,17,85.0846
L,1260820,1200,280,70.06,70.42,69.76,L,18,86.0525
L,1260820,1200,280,70.06,70.42,69.76,L,19,85.8715
L,1260820,1200,280,70.06,70.42,69.76,L,20,86.3528
L,1260820,1200,280,70.06,70.42,69.76,L,21,83.5892
L,1260820,1200,280,70.06,70.42,69.76,L,22,84.1800
L,1260820,1200,280,70.06,70.42,69.76,L,23,84.2429
L,1260820,1200,280,70.06,70.42,69.76,L,24,85.9707
L,1260820,1200,280,70.06,70.42,69.76,L,25,85.7550
L,1260820,1200,280,70.06,70.42,69.76,L,26,86.5232
L,1260820,1200,280,70.06,70.42,69.76,L,27,85.3141
L,1260820,1200,280,70.06,70.42,69.76,L,28,84.8618
L,1260820,1200,280,70.06,70.42,69.76,L,29,87.3797
L,1260820,1200,280,70.06,70.42,69.76,L,30,89.3957
L,1260820,1200,280,70.06,70.42,69.76,L,31,91.0672
L,1260820,1200,280,70.06,70.42,69.76,L,32,92.0785
L,1260820,1200,280,70.06,70.42,69.76,L,33,92.8242
L,1260820,1200,280,70.06,70.42,69.76,L,34,95.8087
L,1260820,1200,280,70.06,70.42,69.76,L,35,96.4044
L,1260820,1200,280,70.06,70.42,69.76,L,36,95.3120
L,1260820,1200,280,70.06,70.42,69.76,L,37,97.4312
L,1260820,1200,280,70.06,70.42,69.76,L,38,95.6800
L,1260820,1200,280,70.06,70.42,69.76,L,39,97.2212
L,1260820,1200,280,70.06,70.42,69.76,L,40,98.0950
L,1260820,1200,280,70.06,70.42,69.76,L,41,98.9708
L,1260820,1200,280,70.06,70.42,69.76,L,42,96.0537
L,1260820,1200,280,70.06,70.42,69.76,L,43,99.6542
L,1260820,1200,280,70.06,70.42,69.76,L,44,102.3117
L,1260820,1200,280,70.06,70.42,69.76,L,45,106.7919
L,1260820,1200,280,70.06,70.42,69.76,L,46,114.3039
L,1260820,1200,280,70.06,70.42,69.76,L,47,124.0558
L,1260820,1200,280,70.06,70.42,69.76,L,48,127.0294
L,1260820,1200,280,70.06,70.42,69.76,L,49,119.0500
L,1260820,1200,280,70.06,70.42,69.76,L,50,104.6730
L,1260820,1200,280,70.06,70.42,69.76,L,51,117.4748
L,1260820,1200,280,70.06,70.42,69.76,L,52,165.0195
L,1260820,1200,280,70.06,70.42,69.76,L,53,197.2710
L,1260820,1200,280,70.06,70.42,69.76,L,54,171.8867
X,1260820,1200,280,70.06,70.42,69.76,70.3690
X,1260820,1200,280,70.06,70.42,69.76,70.3297
K,1260820,1200,280,70.06,70.42,69.76,70.4352,5
Q,1260820,1200,280,70.06,70.42,69.76,70.3690,2
L,1260820,1300,281,70.48,70.70,70.04,U,0,71.0958
L,1260820,1300,281,70.48,70.70,70.04,U,1,70.9147
L,1260820,1300,281,70.48,70.70,70.04,U,2,71.5563
L,1260820,1300,281,70.48,70.70,70.04,U,3,70.1290
L,1260820,1300,281,70.48,70.70,70.04,U,4,70.5700
L,1260820,1300,281,70.48,70.70,70.04,U,5,70.7862
L,1260820,1300,281,70.48,70.70,70.04,U,6,68.1340
L,1260820,1300,281,70.48,70.70,70.04,U,7,66.6764
L,1260820,1300,281,70.48,70.70,70.04,U,8,65.0923
L,1260820,1300,281,70.48,70.70,70.04,U,9,65.0117
L,1260820,1300,281,70.48,70.70,70.04,U,10,70.3000
L,1260820,1300,281,70.48,70.70,70.04,U,11,73.9480
L,1260820,1300,281,70.48,70.70,70.04,L,0,69.8130
L,1260820,1300,281,70.48,70.70,70.04,L,1,70.4622
L,1260820,1300,281,70.48,70.70,70.04,L,2,70.4074
L,1260820,1300,281,70.48,70.70,70.04,L,3,72.2799
L,1260820,1300,281,70.48,70.70,70.04,L,4,72.8280
L,1260820,1300,281,70.48,70.70,70.04,L,5,72.3204
L,1260820,1300,281,70.48,70.70,70.04,L,6,73.6110
L,1260820,1300,281,70.48,70.70,70.04,L,7,73.2013
L,1260820,1300,281,70.48,70.70,70.04,L,8,74.4831
L,1260820,1300,281,70.48,70.70,70.04,L,9,74.6242
L,1260820,1300,281,70.48,70.70,70.04,L,10,74.5961
L,1260820,1300,281,70.48,70.70,70.04,L,11,76.7179
L,1260820,1300,281,70.48,70.70,70.04,L,12,80.4739
L,1260820,1300,281,70.48,70.70,70.04,L,13,80.6211
L,1260820,1300,281,70.48,70.70,70.04,L,14,82.3439
L,1260820,1300,281,70.48,70.70,70.04,L,15,82.9807
L,1260820,1300,281,70.48,70.70,70.04,L,16,83.0065
L,1260820,1300,281,70.48,70.70,70.04,L,17,83.1019
L,1260820,1300,281,70.48,70.70,70.04,L,18,85.1982
L,1260820,1300,281,70.48,70.70,70.04,L,19,86.1699
L,1260820,1300,281,70.48,70.70,70.04,L,20,85.9882
L,1260820,1300,281,70.48,70.70,70.04,L,21,86.4714
L,1260820,1300,281,70.48,70.70,70.04,L,22,83.6968
L,1260820,1300,281,70.48,70.70,70.04,L,23,84.2900
L,1260820,1300,281,70.48,70.70,70.04,L,24,84.3531
L,1260820,1300,281,70.48,70.70,70.04,L,25,86.0878
L,1260820,1300,281,70.48,70.70,70.04,L,26,85.8712
L,1260820,1300,281,70.48,70.70,70.04,L,27,86.6425
L,1260820,1300,281,70.48,70.70,70.04,L,28,85.4286
L,1260820,1300,281,70.48,70.70,70.04,L,29,84.9745
L,1260820,1300,281,70.48,70.70,70.04,L,30,87.5024
L,1260820,1300,281,70.48,70.70,70.04,L,31,89.5263
L,1260820,1300,281,70.48,70.70,70.04,L,32,91.2044
L,1260820,1300,281,70.48,70.70,70.04,L,33,92.2198
L,1260820,1300,281,70.48,70.70,70.04,L,34,92.9683
L,1260820,1300,281,70.48,70.70,70.04,L,35,95.9647
L,1260820,1300,281,70.48,70.70,70.04,L,36,96.5627
L,1260820,1300,281,70.48,70.70,70.04,L,37,95.4660
L,1260820,1300,281,70.48,70.70,70.04,L,38,97.5936
L,1260820,1300,281,70.48,70.70,70.04,L,39,95.8355
L,1260820,1300,281,70.48,70.70,70.04,L,40,97.3828
L,1260820,1300,281,70.48,70.70,70.04,L,41,98.2600
L,1260820,1300,281,70.48,70.70,70.04,L,42,99.1392
L,1260820,1300,281,70.48,70.70,70.04,L,43,96.2107
L,1260820,1300,281,70.48,70.70,70.04,L,44,99.8253
L,1260820,1300,281,70.48,70.70,70.04,L,45,102.4933
L,1260820,1300,281,70.48,70.70,70.04,L,46,106.9912
L,1260820,1300,281,70.48,70.70,70.04,L,47,114.5329
L,1260820,1300,281,70.48,70.70,70.04,L,48,124.3234
L,1260820,1300,281,70.48,70.70,70.04,L,49,127.3087
L,1260820,1300,281,70.48,70.70,70.04,L,50,119.2978
L,1260820,1300,281,70.48,70.70,70.04,L,51,104.8640
L,1260820,1300,281,70.48,70.70,70.04,L,52,117.7164
L,1260820,1300,281,70.48,70.70,70.04,L,53,165.4490
L,1260820,1300,281,70.48,70.70,70.04,L,54,197.8280
L,1260820,1300,281,70.48,70.70,70.04,L,55,172.3433
X,1260820,1300,281,70.48,70.70,70.04,70.4161
X,1260820,1300,281,70.48,70.70,70.04,70.3770
K,1260820,1300,281,70.48,70.70,70.04,70.5052,5
Q,1260820,1300,281,70.48,70.70,70.04,70.4161,4
L,1260820,1400,282,70.56,70.57,70.18,U,0,70.5670
L,1260820,1400,282,70.56,70.57,70.18,U,1,70.9698
L,1260820,1400,282,70.56,70.57,70.18,U,2,70.7855
L,1260820,1400,282,70.56,70.57,70.18,U,3,71.4384
L,1260820,1400,282,70.56,70.57,70.18,U,4,69.9860
L,1260820,1400,282,70.56,70.57,70.18,U,5,70.4347
L,1260820,1400,282,70.56,70.57,70.18,U,6,70.6547
L,1260820,1400,282,70.56,70.57,70.18,U,7,67.9560
L,1260820,1400,282,70.56,70.57,70.18,U,8,66.4729
L,1260820,1400,282,70.56,70.57,70.18,U,9,64.8609
L,1260820,1400,282,70.56,70.57,70.18,U,10,64.7789
L,1260820,1400,282,70.56,70.57,70.18,U,11,70.1600
L,1260820,1400,282,70.56,70.57,70.18,U,12,73.8720
L,1260820,1400,282,70.56,70.57,70.18,L,0,69.8660
L,1260820,1400,282,70.56,70.57,70.18,L,1,70.5178
L,1260820,1400,282,70.56,70.57,70.18,L,2,70.4628
L,1260820,1400,282,70.56,70.57,70.18,L,3,72.3426
L,1260820,1400,282,70.56,70.57,70.18,L,4,72.8929
L,1260820,1400,282,70.56,70.57,70.18,L,5,72.3833
L,1260820,1400,282,70.56,70.57,70.18,L,6,73.6789
L,1260820,1400,282,70.56,70.57,70.18,L,7,73.2676
L,1260820,1400,282,70.56,70.57,70.18,L,8,74.5545
L,1260820,1400,282,70.56,70.57,70.18,L,9,74.6962
L,1260820,1400,282,70.56,70.57,70.18,L,10,74.6679
L,1260820,1400,282,70.56,70.57,70.18,L,11,76.7981
L,1260820,1400,282,70.56,70.57,70.18,L,12,80.5689
L,1260820,1400,282,70.56,70.57,70.18,L,13,80.7167
L,1260820,1400,282,70.56,70.57,70.18,L,14,82.4463
L,1260820,1400,282,70.56,70.57,70.18,L,15,83.0856
L,1260820,1400,282,70.56,70.57,70.18,L,16,83.1114
L,1260820,1400,282,70.56,70.57,70.18,L,17,83.2073
L,1260820,1400,282,70.56,70.57,70.18,L,18,85.3117
L,1260820,1400,282,70.56,70.57,70.18,L,19,86.2873
L,1260820,1400,282,70.56,70.57,70.18,L,20,86.1049
L,1260820,1400,282,70.56,70.57,70.18,L,21,86.5900
L,1260820,1400,282,70.56,70.57,70.18,L,22,83.8045
L,1260820,1400,282,70.56,70.57,70.18,L,23,84.4000
L,1260820,1400,282,70.56,70.57,70.18,L,24,84.4634
L,1260820,1400,282,70.56,70.57,70.18,L,25,86.2049
L,1260820,1400,282,70.56,70.57,70.18,L,26,85.9874
L,1260820,1400,282,70.56,70.57,70.18,L,27,86.7617
L,1260820,1400,282,70.56,70.57,70.18,L,28,85.5431
L,1260820,1400,282,70.56,70.57,70.18,L,29,85.0872
L,1260820,1400,282,70.56,70.57,70.18,L,30,87.6250
L,1260820,1400,282,70.56,70.57,70.18,L,31,89.6569
L,1260820,1400,282,70.56,70.57,70.18,L,32,91.3417
L,1260820,1400,282,70.56,70.57,70.18,L,33,92.3610
L,1260820,1400,282,70.56,70.57,70.18,L,34,93.1125
L,1260820,1400,282,70.56,70.57,70.18,L,35,96.1206
L,1260820,1400,282,70.56,70.57,70.18,L,36,96.7210
L,1260820,1400,282,70.56,70.57,70.18,L,37,95.6200
L,1260820,1400,282,70.56,70.57,70.18,L,38,97.7559
L,1260820,1400,282,70.56,70.57,70.18,L,39,95.9909
L,1260820,1400,282,70.56,70.57,70.18,L,40,97.5443
L,1260820,1400,282,70.56,70.57,70.18,L,41,98.4250
L,1260820,1400,282,70.56,70.57,70.18,L,42,99.3077
L,1260820,1400,282,70.56,70.57,70.18,L,43,96.3676
L,1260820,1400,282,70.56,70.57,70.18,L,44,99.9965
L,1260820,1400,282,70.56,70.57,70.18,L,45,102.6750
L,1260820,1400,282,70.56,70.57,70.18,L,46,107.1906
L,1260820,1400,282,70.56,70.57,70.18,L,47,114.7620
L,1260820,1400,282,70.56,70.57,70.18,L,48,124.5910
L,1260820,1400,282,70.56,70.57,70.18,L,49,127.5881
L,1260820,1400,282,70.56,70.57,70.18,L,50,119.5457
L,1260820,1400,282,70.56,70.57,70.18,L,51,105.0550
L,1260820,1400,282,70.56,70.57,70.18,L,52,117.9580
L,1260820,1400,282,70.56,70.57,70.18,L,53,165.8786
L,1260820,1400,282,70.56,70.57,70.18,L,54,198.3850
L,1260820,1400,282,70.56,70.57,70.18,L,55,172.8000
X,1260820,1400,282,70.56,70.57,70.18,70.4936
X,1260820,1400,282,70.56,70.57,70.18,70.4546
K,1260820,1400,282,70.56,70.57,70.18,70.5704,6
Q,1260820,1400,282,70.56,70.57,70.18,70.4936,6
L,1260820,1500,283,70.51,70.56,70.45,U,0,70.4340
L,1260820,1500,283,70.51,70.56,70.45,U,1,70.8438
L,1260820,1500,283,70.51,70.56,70.45,U,2,70.6563
L,1260820,1500,283,70.51,70.56,70.45,U,3,71.3204
L,1260820,1500,283,70.51,70.56,70.45,U,4,69.8430
L,1260820,1500,283,70.51,70.56,70.45,U,5,70.2995
L,1260820,1500,283,70.51,70.56,70.45,U,6,70.5232
L,1260820,1500,283,70.51,70.56,70.45,U,7,67.7780
L,1260820,1500,283,70.51,70.56,70.45,U,8,66.2693
L,1260820,1500,283,70.51,70.56,70.45,U,9,64.6295
L,1260820,1500,283,70.51,70.56,70.45,U,10,64.5461
L,1260820,1500,283,70.51,70.56,70.45,U,11,70.0200
L,1260820,1500,283,70.51,70.56,70.45,U,12,73.7960
L,1260820,1500,283,70.51,70.56,70.45,L,0,69.9190
L,1260820,1500,283,70.51,70.56,70.45,L,1,70.5734
L,1260820,1500,283,70.51,70.56,70.45,L,2,70.5181
L,1260820,1500,283,70.51,70.56,70.45,L,3,72.4053
L,1260820,1500,283,70.51,70.56,70.45,L,4,72.9577
L,1260820,1500,283,70.51,70.56,70.45,L,5,72.4461
L,1260820,1500,283,70.51,70.56,70.45,L,6,73.7469
L,1260820,1500,283,70.51,70.56,70.45,L,7,73.3340
L,1260820,1500,283,70.51,70.56,70.45,L,8,74.6259
L,1260820,1500,283,70.51,70.56,70.45,L,9,74.7681
L,1260820,1500,283,70.51,70.56,70.45,L,10,74.7397
L,1260820,1500,283,70.51,70.56,70.45,L,11,76.8783
L,1260820,1500,283,70.51,70.56,70.45,L,12,80.6639
L,1260820,1500,283,70.51,70.56,70.45,L,13,80.8122
L,1260820,1500,283,70.51,70.56,70.45,L,14,82.5486
L,1260820,1500,283,70.51,70.56,70.45,L,15,83.1904
L,1260820,1500,283,70.51,70.56,70.45,L,16,83.2164
L,1260820,1500,283,70.51,70.56,70.45,L,17,83.3126
L,1260820,1500,283,70.51,70.56,70.45,L,18,85.4253
L,1260820,1500,283,70.51,70.56,70.45,L,19,86.4047
L,1260820,1500,283,70.51,70.56,70.45,L,20,86.2215
L,1260820,1500,283,70.51,70.56,70.45,L,21,86.7086
L,1260820,1500,283,70.51,70.56,70.45,L,22,83.9122
L,1260820,1500,283,70.51,70.56,70.45,L,23,84.5100
L,1260820,1500,283,70.51,70.56,70.45,L,24,84.5736
L,1260820,1500,283,70.51,70.56,70.45,L,25,86.3219
L,1260820,1500,283,70.51,70.56,70.45,L,26,86.1036
L,1260820,1500,283,70.51,70.56,70.45,L,27,86.8810
L,1260820,1500,283,70.51,70.56,70.45,L,28,85.6576
L,1260820,1500,283,70.51,70.56,70.45,L,29,85.1999
L,1260820,1500,283,70.51,70.56,70.45,L,30,87.7476
L,1260820,1500,283,70.51,70.56,70.45,L,31,89.7875
L,1260820,1500,283,70.51,70.56,70.45,L,32,91.4789
L,1260820,1500,283,70.51,70.56,70.45,L,33,92.5022
L,1260820,1500,283,70.51,70.56,70.45,L,34,93.2567
L,1260820,1500,283,70.51,70.56,70.45,L,35,96.2766
L,1260820,1500,283,70.51,70.56,70.45,L,36,96.8793
L,1260820,1500,283,70.51,70.56,70.45,L,37,95.7740
L,1260820,1500,283,70.51,70.56,70.45,L,38,97.9183
L,1260820,1500,283,70.51,70.56,70.45,L,39,96.1464
L,1260820,1500,283,70.51,70.56,70.45,L,40,97.7059
L,1260820,1500,283,70.51,70.56,70.45,L,41,98.5900
L,1260820,1500,283,70.51,70.56,70.45,L,42,99.4762
L,1260820,1500,283,70.51,70.56,70.45,L,43,96.5245
L,1260820,1500,283,70.51,70.56,70.45,L,44,100.1677
L,1260820,1500,283,70.51,70.56,70.45,L,45,102.8567
L,1260820,1500,283,70.51,70.56,70.45,L,46,107.3900
L,1260820,1500,283,70.51,70.56,70.45,L,47,114.9911
L,1260820,1500,283,70.51,70.56,70.45,L,48,124.8587
L,1260820,1500,283,70.51,70.56,70.45,L,49,127.8675
L,1260820,1500,283,70.51,70.56,70.45,L,50,119.7935
L,1260820,1500,283,70.51,70.56,70.45,L,51,105.2460
L,1260820,1500,283,70.51,70.56,70.45,L,52,118.1996
L,1260820,1500,283,70.51,70.56,70.45,L,53,166.3081
L,1260820,1500,283,70.51,70.56,70.45,L,54,198.9420
L,1260820,1500,283,70.51,70.56,70.45,L,55,173.2567
X,1260820,1500,283,70.51,70.56,70.45,70.5323
X,1260820,1500,283,70.51,70.56,70.45,70.4934
X,1260820,1500,283,70.51,70.56,70.45,69.8985
X,1260820,1500,283,70.51,70.56,70.45,70.5585
K,1260820,1500,283,70.51,70.56,70.45,70.5497,7
Q,1260820,1500,283,70.51,70.56,70.45,70.5323,9
L,1260820,1600,284,70.59,70.73,70.26,U,0,70.3011
L,1260820,1600,284,70.59,70.73,70.26,U,1,70.7177
L,1260820,1600,284,70.59,70.73,70.26,U,2,70.5271
L,1260820,1600,284,70.59,70.73,70.26,U,3,71.2024
L,1260820,1600,284,70.59,70.73,70.26,U,4,69.7000
L,1260820,1600,284,70.59,70.73,70.26,U,5,70.1642
L,1260820,1600,284,70.59,70.73,70.26,U,6,70.3918
L,1260820,1600,284,70.59,70.73,70.26,U,7,67.6000
L,1260820,1600,284,70.59,70.73,70.26,U,8,66.0657
L,1260820,1600,284,70.59,70.73,70.26,U,9,64.3982
L,1260820,1600,284,70.59,70.73,70.26,U,10,64.3133
L,1260820,1600,284,70.59,70.73,70.26,U,11,69.8800
L,1260820,1600,284,70.59,70.73,70.26,U,12,73.7200
L,1260820,1600,284,70.59,70.73,70.26,L,0,69.9720
L,1260820,1600,284,70.59,70.73,70.26,L,1,70.6289
L,1260820,1600,284,70.59,70.73,70.26,L,2,70.5734
L,1260820,1600,284,70.59,70.73,70.26,L,3,72.4680
L,1260820,1600,284,70.59,70.73,70.26,L,4,73.0226
L,1260820,1600,284,70.59,70.73,70.26,L,5,72.5090
L,1260820,1600,284,70.59,70.73,70.26,L,6,73.8148
L,1260820,1600,284,70.59,70.73,70.26,L,7,73.4003
L,1260820,1600,284,70.59,70.73,70.26,L,8,74.6973
L,1260820,1600,284,70.59,70.73,70.26,L,9,74.8400
L,1260820,1600,284,70.59,70.73,70.26,L,10,74.8116
L,1260820,1600,284,70.59,70.73,70.26,L,11,76.9585
L,1260820,1600,284,70.59,70.73,70.26,L,12,80.7589
L,1260820,1600,284,70.59,70.73,70.26,L,13,80.9078
L,1260820,1600,284,70.59,70.73,70.26,L,14,82.6509
L,1260820,1600,284,70.59,70.73,70.26,L,15,83.2953
L,1260820,1600,284,70.59,70.73,70.26,L,16,83.3213
L,1260820,1600,284,70.59,70.73,70.26,L,17,83.4179
L,1260820,1600,284,70.59,70.73,70.26,L,18,85.5389
L,1260820,1600,284,70.59,70.73,70.26,L,19,86.5221
L,1260820,1600,284,70.59,70.73,70.26,L,20,86.3382
L,1260820,1600,284,70.59,70.73,70.26,L,21,86.8272
L,1260820,1600,284,70.59,70.73,70.26,L,22,84.0198
L,1260820,1600,284,70.59,70.73,70.26,L,23,84.6200
L,1260820,1600,284,70.59,70.73,70.26,L,24,84.6839
L,1260820,1600,284,70.59,70.73,70.26,L,25,86.4390
L,1260820,1600,284,70.59,70.73,70.26,L,26,86.2199
L,1260820,1600,284,70.59,70.73,70.26,L,27,87.0003
L,1260820,1600,284,70.59,70.73,70.26,L,28,85.7721
L,1260820,1600,284,70.59,70.73,70.26,L,29,85.3126
L,1260820,1600,284,70.59,70.73,70.26,L,30,87.8703
L,1260820,1600,284,70.59,70.73,70.26,L,31,89.9182
L,1260820,1600,284,70.59,70.73,70.26,L,32,91.6161
L,1260820,1600,284,70.59,70.73,70.26,L,33,92.6434
L,1260820,1600,284,70.59,70.73,70.26,L,34,93.4008
L,1260820,1600,284,70.59,70.73,70.26,L,35,96.4326
L,1260820,1600,284,70.59,70.73,70.26,L,36,97.0377
L,1260820,1600,284,70.59,70.73,70.26,L,37,95.9280
L,1260820,1600,284,70.59,70.73,70.26,L,38,98.0807
L,1260820,1600,284,70.59,70.73,70.26,L,39,96.3018
L,1260820,1600,284,70.59,70.73,70.26,L,40,97.8674
L,1260820,1600,284,70.59,70.73,70.26,L,41,98.7550
L,1260820,1600,284,70.59,70.73,70.26,L,42,99.6446
L,1260820,1600,284,70.59,70.73,70.26,L,43,96.6815
L,1260820,1600,284,70.59,70.73,70.26,L,44,100.3388
L,1260820,1600,284,70.59,70.73,70.26,L,45,103.0383
L,1260820,1600,284,70.59,70.73,70.26,L,46,107.5894
L,1260820,1600,284,70.59,70.73,70.26,L,47,115.2201
L,1260820,1600,284,70.59,70.73,70.26,L,48,125.1263
L,1260820,1600,284,70.59,70.73,70.26,L,49,128.1468
L,1260820,1600,284,70.59,70.73,70.26,L,50,120.0413
L,1260820,1600,284,70.59,70.73,70.26,L,51,105.4370
L,1260820,1600,284,70.59,70.73,70.26,L,52,118.4412
L,1260820,1600,284,70.59,70.73,70.26,L,53,166.7376
L,1260820,1600,284,70.59,70.73,70.26,L,54,199.4990
L,1260820,1600,284,70.59,70.73,70.26,L,55,173.7133
X,1260820,1600,284,70.59,70.73,70.26,70.5983
X,1260820,1600,284,70.59,70.73,70.26,70.5595
X,1260820,1600,284,70.59,70.73,70.26,70.5196
X,1260820,1600,284,70.59,70.73,70.26,69.9467
X,1260820,1600,284,70.59,70.73,70.26,73.7701
K,1260820,1600,284,70.59,70.73,70.26,70.5233,6
Q,1260820,1600,284,70.59,70.73,70.26,70.5983,10
L,1260820,1700,285,70.38,70.62,70.35,U,0,70.6042
L,1260820,1700,285,70.38,70.62,70.35,U,1,70.1681
L,1260820,1700,285,70.38,70.62,70.35,U,2,70.5917
L,1260820,1700,285,70.38,70.62,70.35,U,3,70.3978
L,1260820,1700,285,70.38,70.62,70.35,U,4,71.0845
L,1260820,1700,285,70.38,70.62,70.35,U,5,69.5570
L,1260820,1700,285,70.38,70.62,70.35,U,6,70.0289
L,1260820,1700,285,70.38,70.62,70.35,U,7,70.2603
L,1260820,1700,285,70.38,70.62,70.35,U,8,67.4220
L,1260820,1700,285,70.38,70.62,70.35,U,9,65.8621
L,1260820,1700,285,70.38,70.62,70.35,U,10,64.1668
L,1260820,1700,285,70.38,70.62,70.35,U,11,64.0806
L,1260820,1700,285,70.38,70.62,70.35,U,12,69.7400
L,1260820,1700,285,70.38,70.62,70.35,U,13,73.6440
L,1260820,1700,285,70.38,70.62,70.35,L,0,70.3141
L,1260820,1700,285,70.38,70.62,70.35,L,1,70.0250
L,1260820,1700,285,70.38,70.62,70.35,L,2,70.6845
L,1260820,1700,285,70.38,70.62,70.35,L,3,70.6288
L,1260820,1700,285,70.38,70.62,70.35,L,4,72.5307
L,1260820,1700,285,70.38,70.62,70.35,L,5,73.0875
L,1260820,1700,285,70.38,70.62,70.35,L,6,72.5719
L,1260820,1700,285,70.38,70.62,70.35,L,7,73.8828
L,1260820,1700,285,70.38,70.62,70.35,L,8,73.4667
L,1260820,1700,285,70.38,70.62,70.35,L,9,74.7687
L,1260820,1700,285,70.38,70.62,70.35,L,10,74.9120
L,1260820,1700,285,70.38,70.62,70.35,L,11,74.8834
L,1260820,1700,285,70.38,70.62,70.35,L,12,77.0387
L,1260820,1700,285,70.38,70.62,70.35,L,13,80.8538
L,1260820,1700,285,70.38,70.62,70.35,L,14,81.0033
L,1260820,1700,285,70.38,70.62,70.35,L,15,82.7533
L,1260820,1700,285,70.38,70.62,70.35,L,16,83.4001
L,1260820,1700,285,70.38,70.62,70.35,L,17,83.4263
L,1260820,1700,285,70.38,70.62,70.35,L,18,83.5232
L,1260820,1700,285,70.38,70.62,70.35,L,19,85.6525
L,1260820,1700,285,70.38,70.62,70.35,L,20,86.6395
L,1260820,1700,285,70.38,70.62,70.35,L,21,86.4549
L,1260820,1700,285,70.38,70.62,70.35,L,22,86.9458
L,1260820,1700,285,70.38,70.62,70.35,L,23,84.1275
L,1260820,1700,285,70.38,70.62,70.35,L,24,84.7300
L,1260820,1700,285,70.38,70.62,70.35,L,25,84.7941
L,1260820,1700,285,70.38,70.62,70.35,L,26,86.5561
L,1260820,1700,285,70.38,70.62,70.35,L,27,86.3361
L,1260820,1700,285,70.38,70.62,70.35,L,28,87.1195
L,1260820,1700,285,70.38,70.62,70.35,L,29,85.8866
L,1260820,1700,285,70.38,70.62,70.35,L,30,85.4253
L,1260820,1700,285,70.38,70.62,70.35,L,31,87.9929
L,1260820,1700,285,70.38,70.62,70.35,L,32,90.0488
L,1260820,1700,285,70.38,70.62,70.35,L,33,91.7533
L,1260820,1700,285,70.38,70.62,70.35,L,34,92.7846
L,1260820,1700,285,70.38,70.62,70.35,L,35,93.5450
L,1260820,1700,285,70.38,70.62,70.35,L,36,96.5885
L,1260820,1700,285,70.38,70.62,70.35,L,37,97.1960
L,1260820,1700,285,70.38,70.62,70.35,L,38,96.0820
L,1260820,1700,285,70.38,70.62,70.35,L,39,98.2431
L,1260820,1700,285,70.38,70.62,70.35,L,40,96.4573
L,1260820,1700,285,70.38,70.62,70.35,L,41,98.0290
L,1260820,1700,285,70.38,70.62,70.35,L,42,98.9200
L,1260820,1700,285,70.38,70.62,70.35,L,43,99.8131
L,1260820,1700,285,70.38,70.62,70.35,L,44,96.8384
L,1260820,1700,285,70.38,70.62,70.35,L,45,100.5100
L,1260820,1700,285,70.38,70.62,70.35,L,46,103.2200
L,1260820,1700,285,70.38,70.62,70.35,L,47,107.7887
L,1260820,1700,285,70.38,70.62,70.35,L,48,115.4492
L,1260820,1700,285,70.38,70.62,70.35,L,49,125.3939
L,1260820,1700,285,70.38,70.62,70.35,L,50,128.4262
L,1260820,1700,285,70.38,70.62,70.35,L,51,120.2891
L,1260820,1700,285,70.38,70.62,70.35,L,52,105.6280
L,1260820,1700,285,70.38,70.62,70.35,L,53,118.6828
L,1260820,1700,285,70.38,70.62,70.35,L,54,167.1671
L,1260820,1700,285,70.38,70.62,70.35,L,55,200.0560
L,1260820,1700,285,70.38,70.62,70.35,L,56,174.1700
X,1260820,1700,285,70.38,70.62,70.35,70.6599
X,1260820,1700,285,70.38,70.62,70.35,70.6213
X,1260820,1700,285,70.38,70.62,70.35,70.2719
X,1260820,1700,285,70.38,70.62,70.35,70.6561
X,1260820,1700,285,70.38,70.62,70.35,70.6175
X,1260820,1700,285,70.38,70.62,70.35,70.2984
K,1260820,1700,285,70.38,70.62,70.35,70.4236,7
Q,1260820,1700,285,70.38,70.62,70.35,70.2984,15
L,1260821,200,286,71.58,71.68,70.61,U,0,70.4783
L,1260821,200,286,71.58,71.68,70.61,U,1,70.0351
L,1260821,200,286,71.58,71.68,70.61,U,2,70.4657
L,1260821,200,286,71.58,71.68,70.61,U,3,70.2686
L,1260821,200,286,71.58,71.68,70.61,U,4,70.9665
L,1260821,200,286,71.58,71.68,70.61,U,5,69.4140
L,1260821,200,286,71.58,71.68,70.61,U,6,69.8937
L,1260821,200,286,71.58,71.68,70.61,U,7,70.1288
L,1260821,200,286,71.58,71.68,70.61,U,8,67.2440
L,1260821,200,286,71.58,71.68,70.61,U,9,65.6586
L,1260821,200,286,71.58,71.68,70.61,U,10,63.9355
L,1260821,200,286,71.58,71.68,70.61,U,11,63.8478
L,1260821,200,286,71.58,71.68,70.61,U,12,69.6000
L,1260821,200,286,71.58,71.68,70.61,U,13,73.5680
L,1260821,200,286,71.58,71.68,70.61,L,0,70.3682
L,1260821,200,286,71.58,71.68,70.61,L,1,70.0780
L,1260821,200,286,71.58,71.68,70.61,L,2,70.7400
L,1260821,200,286,71.58,71.68,70.61,L,3,70.6841
L,1260821,200,286,71.58,71.68,70.61,L,4,72.5935
L,1260821,200,286,71.58,71.68,70.61,L,5,73.1524
L,1260821,200,286,71.58,71.68,70.61,L,6,72.6348
L,1260821,200,286,71.58,71.68,70.61,L,7,73.9507
L,1260821,200,286,71.58,71.68,70.61,L,8,73.5330
L,1260821,200,286,71.58,71.68,70.61,L,9,74.8400
L,1260821,200,286,71.58,71.68,70.61,L,10,74.9839
L,1260821,200,286,71.58,71.68,70.61,L,11,74.9552
L,1260821,200,286,71.58,71.68,70.61,L,12,77.1189
L,1260821,200,286,71.58,71.68,70.61,L,13,80.9488
L,1260821,200,286,71.58,71.68,70.61,L,14,81.0989
L,1260821,200,286,71.58,71.68,70.61,L,15,82.8556
L,1260821,200,286,71.58,71.68,70.61,L,16,83.5049
L,1260821,200,286,71.58,71.68,70.61,L,17,83.5312
L,1260821,200,286,71.58,71.68,70.61,L,18,83.6285
L,1260821,200,286,71.58,71.68,70.61,L,19,85.7660
L,1260821,200,286,71.58,71.68,70.61,L,20,86.7569
L,1260821,200,286,71.58,71.68,70.61,L,21,86.5716
L,1260821,200,286,71.58,71.68,70.61,L,22,87.0644
L,1260821,200,286,71.58,71.68,70.61,L,23,84.2351
L,1260821,200,286,71.58,71.68,70.61,L,24,84.8400
L,1260821,200,286,71.58,71.68,70.61,L,25,84.9043
L,1260821,200,286,71.58,71.68,70.61,L,26,86.6732
L,1260821,200,286,71.58,71.68,70.61,L,27,86.4523
L,1260821,200,286,71.58,71.68,70.61,L,28,87.2388
L,1260821,200,286,71.58,71.68,70.61,L,29,86.0010
L,1260821,200,286,71.58,71.68,70.61,L,30,85.5380
L,1260821,200,286,71.58,71.68,70.61,L,31,88.1156
L,1260821,200,286,71.58,71.68,70.61,L,32,90.1794
L,1260821,200,286,71.58,71.68,70.61,L,33,91.8906
L,1260821,200,286,71.58,71.68,70.61,L,34,92.9259
L,1260821,200,286,71.58,71.68,70.61,L,35,93.6892
L,1260821,200,286,71.58,71.68,70.61,L,36,96.7445
L,1260821,200,286,71.58,71.68,70.61,L,37,97.3543
L,1260821,200,286,71.58,71.68,70.61,L,38,96.2360
L,1260821,200,286,71.58,71.68,70.61,L,39,98.4054
L,1260821,200,286,71.58,71.68,70.61,L,40,96.6127
L,1260821,200,286,71.58,71.68,70.61,L,41,98.1905
L,1260821,200,286,71.58,71.68,70.61,L,42,99.0850
L,1260821,200,286,71.58,71.68,70.61,L,43,99.9815
L,1260821,200,286,71.58,71.68,70.61,L,44,96.9953
L,1260821,200,286,71.58,71.68,70.61,L,45,100.6812
L,1260821,200,286,71.58,71.68,70.61,L,46,103.4017
L,1260821,200,286,71.58,71.68,70.61,L,47,107.9881
L,1260821,200,286,71.58,71.68,70.61,L,48,115.6783
L,1260821,200,286,71.58,71.68,70.61,L,49,125.6615
L,1260821,200,286,71.58,71.68,70.61,L,50,128.7056
L,1260821,200,286,71.58,71.68,70.61,L,51,120.5370
L,1260821,200,286,71.58,71.68,70.61,L,52,105.8190
L,1260821,200,286,71.58,71.68,70.61,L,53,118.9244
L,1260821,200,286,71.58,71.68,70.61,L,54,167.5967
L,1260821,200,286,71.58,71.68,70.61,L,55,200.6130
L,1260821,200,286,71.58,71.68,70.61,L,56,174.6267
X,1260821,200,286,71.58,71.68,70.61,70.0658
X,1260821,200,286,71.58,71.68,70.61,70.3388
X,1260821,200,286,71.58,71.68,70.61,70.0261
K,1260821,200,286,71.58,71.68,70.61,70.2604,7
Q,1260821,200,286,71.58,71.68,70.61,70.3388,16
L,1260821,300,287,71.81,71.85,71.29,U,0,70.3525
L,1260821,300,287,71.81,71.85,71.29,U,1,69.9021
L,1260821,300,287,71.81,71.85,71.29,U,2,70.3396
L,1260821,300,287,71.81,71.85,71.29,U,3,70.1394
L,1260821,300,287,71.81,71.85,71.29,U,4,70.8486
L,1260821,300,287,71.81,71.85,71.29,U,5,69.2710
L,1260821,300,287,71.81,71.85,71.29,U,6,69.7584
L,1260821,300,287,71.81,71.85,71.29,U,7,69.9974
L,1260821,300,287,71.81,71.85,71.29,U,8,67.0660
L,1260821,300,287,71.81,71.85,71.29,U,9,65.4550
L,1260821,300,287,71.81,71.85,71.29,U,10,63.7041
L,1260821,300,287,71.81,71.85,71.29,U,11,63.6150
L,1260821,300,287,71.81,71.85,71.29,U,12,69.4600
L,1260821,300,287,71.81,71.85,71.29,U,13,73.4920
L,1260821,300,287,71.81,71.85,71.29,L,0,70.4224
L,1260821,300,287,71.81,71.85,71.29,L,1,70.1310
L,1260821,300,287,71.81,71.85,71.29,L,2,70.7956
L,1260821,300,287,71.81,71.85,71.29,L,3,70.7395
L,1260821,300,287,71.81,71.85,71.29,L,4,72.6562
L,1260821,300,287,71.81,71.85,71.29,L,5,73.2172
L,1260821,300,287,71.81,71.85,71.29,L,6,72.6976
L,1260821,300,287,71.81,71.85,71.29,L,7,74.0187
L,1260821,300,287,71.81,71.85,71.29,L,8,73.5993
L,1260821,300,287,71.81,71.85,71.29,L,9,74.9114
L,1260821,300,287,71.81,71.85,71.29,L,10,75.0559
L,1260821,300,287,71.81,71.85,71.29,L,11,75.0271
L,1260821,300,287,71.81,71.85,71.29,L,12,77.1991
L,1260821,300,287,71.81,71.85,71.29,L,13,81.0438
L,1260821,300,287,71.81,71.85,71.29,L,14,81.1944
L,1260821,300,287,71.81,71.85,71.29,L,15,82.9580
L,1260821,300,287,71.81,71.85,71.29,L,16,83.6098
L,1260821,300,287,71.81,71.85,71.29,L,17,83.6362
L,1260821,300,287,71.81,71.85,71.29,L,18,83.7339
L,1260821,300,287,71.81,71.85,71.29,L,19,85.8796
L,1260821,300,287,71.81,71.85,71.29,L,20,86.8743
L,1260821,300,287,71.81,71.85,71.29,L,21,86.6883
L,1260821,300,287,71.81,71.85,71.29,L,22,87.1829
L,1260821,300,287,71.81,71.85,71.29,L,23,84.3428
L,1260821,300,287,71.81,71.85,71.29,L,24,84.9500
L,1260821,300,287,71.81,71.85,71.29,L,25,85.0146
L,1260821,300,287,71.81,71.85,71.29,L,26,86.7903
L,1260821,300,287,71.81,71.85,71.29,L,27,86.5685
L,1260821,300,287,71.81,71.85,71.29,L,28,87.3581
L,1260821,300,287,71.81,71.85,71.29,L,29,86.1155
L,1260821,300,287,71.81,71.85,71.29,L,30,85.6507
L,1260821,300,287,71.81,71.85,71.29,L,31,88.2382
L,1260821,300,287,71.81,71.85,71.29,L,32,90.3100
L,1260821,300,287,71.81,71.85,71.29,L,33,92.0278
L,1260821,300,287,71.81,71.85,71.29,L,34,93.0671
L,1260821,300,287,71.81,71.85,71.29,L,35,93.8333
L,1260821,300,287,71.81,71.85,71.29,L,36,96.9005
L,1260821,300,287,71.81,71.85,71.29,L,37,97.5126
L,1260821,300,287,71.81,71.85,71.29,L,38,96.3900
L,1260821,300,287,71.81,71.85,71.29,L,39,98.5678
L,1260821,300,287,71.81,71.85,71.29,L,40,96.7682
L,1260821,300,287,71.81,71.85,71.29,L,41,98.3521
L,1260821,300,287,71.81,71.85,71.29,L,42,99.2500
L,1260821,300,287,71.81,71.85,71.29,L,43,100.1500
L,1260821,300,287,71.81,71.85,71.29,L,44,97.1523
L,1260821,300,287,71.81,71.85,71.29,L,45,100.8523
L,1260821,300,287,71.81,71.85,71.29,L,46,103.5833
L,1260821,300,287,71.81,71.85,71.29,L,47,108.1875
L,1260821,300,287,71.81,71.85,71.29,L,48,115.9073
L,1260821,300,287,71.81,71.85,71.29,L,49,125.9291
L,1260821,300,287,71.81,71.85,71.29,L,50,128.9849
L,1260821,300,287,71.81,71.85,71.29,L,51,120.7848
L,1260821,300,287,71.81,71.85,71.29,L,52,106.0100
L,1260821,300,287,71.81,71.85,71.29,L,53,119.1660
L,1260821,300,287,71.81,71.85,71.29,L,54,168.0262
L,1260821,300,287,71.81,71.85,71.29,L,55,201.1700
L,1260821,300,287,71.81,71.85,71.29,L,56,175.0833
X,1260821,300,287,71.81,71.85,71.29,70.4014
X,1260821,300,287,71.81,71.85,71.29,70.3975
X,1260821,300,287,71.81,71.85,71.29,70.0926
X,1260821,300,287,71.81,71.85,71.29,73.5493
K,1260821,300,287,71.81,71.85,71.29,70.1437,6
Q,1260821,300,287,71.81,71.85,71.29,70.4014,14
L,1260821,400,288,71.78,72.01,71.70,U,0,70.2267
L,1260821,400,288,71.78,72.01,71.70,U,1,69.7691
L,1260821,400,288,71.78,72.01,71.70,U,2,70.2136
L,1260821,400,288,71.78,72.01,71.70,U,3,70.0102
L,1260821,400,288,71.78,72.01,71.70,U,4,70.7306
L,1260821,400,288,71.78,72.01,71.70,U,5,69.1280
L,1260821,400,288,71.78,72.01,71.70,U,6,69.6232
L,1260821,400,288,71.78,72.01,71.70,U,7,69.8659
L,1260821,400,288,71.78,72.01,71.70,U,8,66.8880
L,1260821,400,288,71.78,72.01,71.70,U,9,65.2514
L,1260821,400,288,71.78,72.01,71.70,U,10,63.4727
L,1260821,400,288,71.78,72.01,71.70,U,11,63.3822
L,1260821,400,288,71.78,72.01,71.70,U,12,69.3200
L,1260821,400,288,71.78,72.01,71.70,U,13,73.4160
L,1260821,400,288,71.78,72.01,71.70,L,0,70.4765
L,1260821,400,288,71.78,72.01,71.70,L,1,70.1840
L,1260821,400,288,71.78,72.01,71.70,L,2,70.8512
L,1260821,400,288,71.78,72.01,71.70,L,3,70.7948
L,1260821,400,288,71.78,72.01,71.70,L,4,72.7189
L,1260821,400,288,71.78,72.01,71.70,L,5,73.2821
L,1260821,400,288,71.78,72.01,71.70,L,6,72.7605
L,1260821,400,288,71.78,72.01,71.70,L,7,74.0867
L,1260821,400,288,71.78,72.01,71.70,L,8,73.6657
L,1260821,400,288,71.78,72.01,71.70,L,9,74.9828
L,1260821,400,288,71.78,72.01,71.70,L,10,75.1278
L,1260821,400,288,71.78,72.01,71.70,L,11,75.0989
L,1260821,400,288,71.78,72.01,71.70,L,12,77.2792
L,1260821,400,288,71.78,72.01,71.70,L,13,81.1388
L,1260821,400,288,71.78,72.01,71.70,L,14,81.2900
L,1260821,400,288,71.78,72.01,71.70,L,15,83.0603
L,1260821,400,288,71.78,72.01,71.70,L,16,83.7146
L,1260821,400,288,71.78,72.01,71.70,L,17,83.7411
L,1260821,400,288,71.78,72.01,71.70,L,18,83.8392
L,1260821,400,288,71.78,72.01,71.70,L,19,85.9932
L,1260821,400,288,71.78,72.01,71.70,L,20,86.9917
L,1260821,400,288,71.78,72.01,71.70,L,21,86.8050
L,1260821,400,288,71.78,72.01,71.70,L,22,87.3015
L,1260821,400,288,71.78,72.01,71.70,L,23,84.4505
L,1260821,400,288,71.78,72.01,71.70,L,24,85.0600
L,1260821,400,288,71.78,72.01,71.70,L,25,85.1248
L,1260821,400,288,71.78,72.01,71.70,L,26,86.9073
L,1260821,400,288,71.78,72.01,71.70,L,27,86.6848
L,1260821,400,288,71.78,72.01,71.70,L,28,87.4773
L,1260821,400,288,71.78,72.01,71.70,L,29,86.2300
L,1260821,400,288,71.78,72.01,71.70,L,30,85.7634
L,1260821,400,288,71.78,72.01,71.70,L,31,88.3609
L,1260821,400,288,71.78,72.01,71.70,L,32,90.4406
L,1260821,400,288,71.78,72.01,71.70,L,33,92.1650
L,1260821,400,288,71.78,72.01,71.70,L,34,93.2083
L,1260821,400,288,71.78,72.01,71.70,L,35,93.9775
L,1260821,400,288,71.78,72.01,71.70,L,36,97.0564
L,1260821,400,288,71.78,72.01,71.70,L,37,97.6709
L,1260821,400,288,71.78,72.01,71.70,L,38,96.5440
L,1260821,400,288,71.78,72.01,71.70,L,39,98.7302
L,1260821,400,288,71.78,72.01,71.70,L,40,96.9236
L,1260821,400,288,71.78,72.01,71.70,L,41,98.5136
L,1260821,400,288,71.78,72.01,71.70,L,42,99.4150
L,1260821,400,288,71.78,72.01,71.70,L,43,100.3185
L,1260821,400,288,71.78,72.01,71.70,L,44,97.3092
L,1260821,400,288,71.78,72.01,71.70,L,45,101.0235
L,1260821,400,288,71.78,72.01,71.70,L,46,103.7650
L,1260821,400,288,71.78,72.01,71.70,L,47,108.3869
L,1260821,400,288,71.78,72.01,71.70,L,48,116.1364
L,1260821,400,288,71.78,72.01,71.70,L,49,126.1967
L,1260821,400,288,71.78,72.01,71.70,L,50,129.2643
L,1260821,400,288,71.78,72.01,71.70,L,51,121.0326
L,1260821,400,288,71.78,72.01,71.70,L,52,106.2010
L,1260821,400,288,71.78,72.01,71.70,L,53,119.4076
L,1260821,400,288,71.78,72.01,71.70,L,54,168.4557
L,1260821,400,288,71.78,72.01,71.70,L,55,201.7270
L,1260821,400,288,71.78,72.01,71.70,L,56,175.5400
X,1260821,400,288,71.78,72.01,71.70,70.1335
X,1260821,400,288,71.78,72.01,71.70,70.8126
X,1260821,400,288,71.78,72.01,71.70,70.7743
K,1260821,400,288,71.78,72.01,71.70,70.1001,5
Q,1260821,400,288,71.78,72.01,71.70,70.1335,9
L,1260821,500,289,71.90,72.17,71.56,U,0,70.1008
L,1260821,500,289,71.90,72.17,71.56,U,1,69.6361
L,1260821,500,289,71.90,72.17,71.56,U,2,70.0875
L,1260821,500,289,71.90,72.17,71.56,U,3,69.8810
L,1260821,500,289,71.90,72.17,71.56,U,4,70.6127
L,1260821,500,289,71.90,72.17,71.56,U,5,68.9850
L,1260821,500,289,71.90,72.17,71.56,U,6,69.4879
L,1260821,500,289,71.90,72.17,71.56,U,7,69.7344
L,1260821,500,289,71.90,72.17,71.56,U,8,66.7100
L,1260821,500,289,71.90,72.17,71.56,U,9,65.0479
L,1260821,500,289,71.90,72.17,71.56,U,10,63.2414
L,1260821,500,289,71.90,72.17,71.56,U,11,63.1494
L,1260821,500,289,71.90,72.17,71.56,U,12,69.1800
L,1260821,500,289,71.90,72.17,71.56,U,13,73.3400
L,1260821,500,289,71.90,72.17,71.56,L,0,70.5306
L,1260821,500,289,71.90,72.17,71.56,L,1,70.2370
L,1260821,500,289,71.90,72.17,71.56,L,2,70.9067
L,1260821,500,289,71.90,72.17,71.56,L,3,70.8502
L,1260821,500,289,71.90,72.17,71.56,L,4,72.7816
L,1260821,500,289,71.90,72.17,71.56,L,5,73.3470
L,1260821,500,289,71.90,72.17,71.56,L,6,72.8234
L,1260821,500,289,71.90,72.17,71.56,L,7,74.1546
L,1260821,500,289,71.90,72.17,71.56,L,8,73.7320
L,1260821,500,289,71.90,72.17,71.56,L,9,75.0542
L,1260821,500,289,71.90,72.17,71.56,L,10,75.1998
L,1260821,500,289,71.90,72.17,71.56,L,11,75.1707
L,1260821,500,289,71.90,72.17,71.56,L,12,77.3594
L,1260821,500,289,71.90,72.17,71.56,L,13,81.2337
L,1260821,500,289,71.90,72.17,71.56,L,14,81.3856
L,1260821,500,289,71.90,72.17,71.56,L,15,83.1626
L,1260821,500,289,71.90,72.17,71.56,L,16,83.8195
L,1260821,500,289,71.90,72.17,71.56,L,17,83.8461
L,1260821,500,289,71.90,72.17,71.56,L,18,83.9445
L,1260821,500,289,71.90,72.17,71.56,L,19,86.1068
L,1260821,500,289,71.90,72.17,71.56,L,20,87.1091
L,1260821,500,289,71.90,72.17,71.56,L,21,86.9217
L,1260821,500,289,71.90,72.17,71.56,L,22,87.4201
L,1260821,500,289,71.90,72.17,71.56,L,23,84.5581
L,1260821,500,289,71.90,72.17,71.56,L,24,85.1700
L,1260821,500,289,71.90,72.17,71.56,L,25,85.2351
L,1260821,500,289,71.90,72.17,71.56,L,26,87.0244
L,1260821,500,289,71.90,72.17,71.56,L,27,86.8010
L,1260821,500,289,71.90,72.17,71.56,L,28,87.5966
L,1260821,500,289,71.90,72.17,71.56,L,29,86.3445
L,1260821,500,289,71.90,72.17,71.56,L,30,85.8761
L,1260821,500,289,71.90,72.17,71.56,L,31,88.4835
L,1260821,500,289,71.90,72.17,71.56,L,32,90.5712
L,1260821,500,289,71.90,72.17,71.56,L,33,92.3022
L,1260821,500,289,71.90,72.17,71.56,L,34,93.3495
L,1260821,500,289,71.90,72.17,71.56,L,35,94.1217
L,1260821,500,289,71.90,72.17,71.56,L,36,97.2124
L,1260821,500,289,71.90,72.17,71.56,L,37,97.8293
L,1260821,500,289,71.90,72.17,71.56,L,38,96.6980
L,1260821,500,289,71.90,72.17,71.56,L,39,98.8926
L,1260821,500,289,71.90,72.17,71.56,L,40,97.0791
L,1260821,500,289,71.90,72.17,71.56,L,41,98.6752
L,1260821,500,289,71.90,72.17,71.56,L,42,99.5800
L,1260821,500,289,71.90,72.17,71.56,L,43,100.4869
L,1260821,500,289,71.90,72.17,71.56,L,44,97.4661
L,1260821,500,289,71.90,72.17,71.56,L,45,101.1947
L,1260821,500,289,71.90,72.17,71.56,L,46,103.9467
L,1260821,500,289,71.90,72.17,71.56,L,47,108.5862
L,1260821,500,289,71.90,72.17,71.56,L,48,116.3655
L,1260821,500,289,71.90,72.17,71.56,L,49,126.4643
L,1260821,500,289,71.90,72.17,71.56,L,50,129.5437
L,1260821,500,289,71.90,72.17,71.56,L,51,121.2804
L,1260821,500,289,71.90,72.17,71.56,L,52,106.3920
L,1260821,500,289,71.90,72.17,71.56,L,53,119.6492
L,1260821,500,289,71.90,72.17,71.56,L,54,168.8852
L,1260821,500,289,71.90,72.17,71.56,L,55,202.2840
L,1260821,500,289,71.90,72.17,71.56,L,56,175.9967
X,1260821,500,289,71.90,72.17,71.56,70.1967
X,1260821,500,289,71.90,72.17,71.56,70.1928
X,1260821,500,289,71.90,72.17,71.56,73.3438
K,1260821,500,289,71.90,72.17,71.56,70.1418,3
Q,1260821,500,289,71.90,72.17,71.56,70.1967,9
L,1260821,600,290,71.98,72.15,71.75,U,0,72.0760
L,1260821,600,290,71.98,72.15,71.75,U,1,69.9750
L,1260821,600,290,71.98,72.15,71.75,U,2,69.5032
L,1260821,600,290,71.98,72.15,71.75,U,3,69.9615
L,1260821,600,290,71.98,72.15,71.75,U,4,69.7518
L,1260821,600,290,71.98,72.15,71.75,U,5,70.4947
L,1260821,600,290,71.98,72.15,71.75,U,6,68.8420
L,1260821,600,290,71.98,72.15,71.75,U,7,69.3526
L,1260821,600,290,71.98,72.15,71.75,U,8,69.6029
L,1260821,600,290,71.98,72.15,71.75,U,9,66.5320
L,1260821,600,290,71.98,72.15,71.75,U,10,64.8443
L,1260821,600,290,71.98,72.15,71.75,U,11,63.0100
L,1260821,600,290,71.98,72.15,71.75,U,12,62.9167
L,1260821,600,290,71.98,72.15,71.75,U,13,69.0400
L,1260821,600,290,71.98,72.15,71.75,U,14,73.2640
L,1260821,600,290,71.98,72.15,71.75,L,0,71.6181
L,1260821,600,290,71.98,72.15,71.75,L,1,70.5847
L,1260821,600,290,71.98,72.15,71.75,L,2,70.2900
L,1260821,600,290,71.98,72.15,71.75,L,3,70.9623
L,1260821,600,290,71.98,72.15,71.75,L,4,70.9055
L,1260821,600,290,71.98,72.15,71.75,L,5,72.8443
L,1260821,600,290,71.98,72.15,71.75,L,6,73.4118
L,1260821,600,290,71.98,72.15,71.75,L,7,72.8863
L,1260821,600,290,71.98,72.15,71.75,L,8,74.2226
L,1260821,600,290,71.98,72.15,71.75,L,9,73.7984
L,1260821,600,290,71.98,72.15,71.75,L,10,75.1256
L,1260821,600,290,71.98,72.15,71.75,L,11,75.2717
L,1260821,600,290,71.98,72.15,71.75,L,12,75.2426
L,1260821,600,290,71.98,72.15,71.75,L,13,77.4396
L,1260821,600,290,71.98,72.15,71.75,L,14,81.3287
L,1260821,600,290,71.98,72.15,71.75,L,15,81.4811
L,1260821,600,290,71.98,72.15,71.75,L,16,83.2650
L,1260821,600,290,71.98,72.15,71.75,L,17,83.9243
L,1260821,600,290,71.98,72.15,71.75,L,18,83.9510
L,1260821,600,290,71.98,72.15,71.75,L,19,84.0498
L,1260821,600,290,71.98,72.15,71.75,L,20,86.2203
L,1260821,600,290,71.98,72.15,71.75,L,21,87.2265
L,1260821,600,290,71.98,72.15,71.75,L,22,87.0383
L,1260821,600,290,71.98,72.15,71.75,L,23,87.5387
L,1260821,600,290,71.98,72.15,71.75,L,24,84.6658
L,1260821,600,290,71.98,72.15,71.75,L,25,85.2800
L,1260821,600,290,71.98,72.15,71.75,L,26,85.3453
L,1260821,600,290,71.98,72.15,71.75,L,27,87.1415
L,1260821,600,290,71.98,72.15,71.75,L,28,86.9172
L,1260821,600,290,71.98,72.15,71.75,L,29,87.7158
L,1260821,600,290,71.98,72.15,71.75,L,30,86.4590
L,1260821,600,290,71.98,72.15,71.75,L,31,85.9888
L,1260821,600,290,71.98,72.15,71.75,L,32,88.6062
L,1260821,600,290,71.98,72.15,71.75,L,33,90.7018
L,1260821,600,290,71.98,72.15,71.75,L,34,92.4394
L,1260821,600,290,71.98,72.15,71.75,L,35,93.4907
L,1260821,600,290,71.98,72.15,71.75,L,36,94.2658
L,1260821,600,290,71.98,72.15,71.75,L,37,97.3683
L,1260821,600,290,71.98,72.15,71.75,L,38,97.9876
L,1260821,600,290,71.98,72.15,71.75,L,39,96.8520
L,1260821,600,290,71.98,72.15,71.75,L,40,99.0550
L,1260821,600,290,71.98,72.15,71.75,L,41,97.2345
L,1260821,600,290,71.98,72.15,71.75,L,42,98.8367
L,1260821,600,290,71.98,72.15,71.75,L,43,99.7450
L,1260821,600,290,71.98,72.15,71.75,L,44,100.6554
L,1260821,600,290,71.98,72.15,71.75,L,45,97.6231
L,1260821,600,290,71.98,72.15,71.75,L,46,101.3658
L,1260821,600,290,71.98,72.15,71.75,L,47,104.1283
L,1260821,600,290,71.98,72.15,71.75,L,48,108.7856
L,1260821,600,290,71.98,72.15,71.75,L,49,116.5945
L,1260821,600,290,71.98,72.15,71.75,L,50,126.7319
L,1260821,600,290,71.98,72.15,71.75,L,51,129.8230
L,1260821,600,290,71.98,72.15,71.75,L,52,121.5283
L,1260821,600,290,71.98,72.15,71.75,L,53,106.5830
L,1260821,600,290,71.98,72.15,71.75,L,54,119.8908
L,1260821,600,290,71.98,72.15,71.75,L,55,169.3148
L,1260821,600,290,71.98,72.15,71.75,L,56,202.8410
L,1260821,600,290,71.98,72.15,71.75,L,57,176.4533
X,1260821,600,290,71.98,72.15,71.75,70.5564
K,1260821,600,290,71.98,72.15,71.75,70.4565,3
Q,1260821,600,290,71.98,72.15,71.75,70.5564,5
L,1260821,700,291,70.50,72.01,70.17,U,0,71.9820
L,1260821,700,291,70.50,72.01,70.17,U,1,69.8492
L,1260821,700,291,70.50,72.01,70.17,U,2,69.3702
L,1260821,700,291,70.50,72.01,70.17,U,3,69.8355
L,1260821,700,291,70.50,72.01,70.17,U,4,69.6225
L,1260821,700,291,70.50,72.01,70.17,U,5,70.3767
L,1260821,700,291,70.50,72.01,70.17,U,6,68.6990
L,1260821,700,291,70.50,72.01,70.17,U,7,69.2174
L,1260821,700,291,70.50,72.01,70.17,U,8,69.4715
L,1260821,700,291,70.50,72.01,70.17,U,9,66.3540
L,1260821,700,291,70.50,72.01,70.17,U,10,64.6407
L,1260821,700,291,70.50,72.01,70.17,U,11,62.7786
L,1260821,700,291,70.50,72.01,70.17,U,12,62.6839
L,1260821,700,291,70.50,72.01,70.17,U,13,68.9000
L,1260821,700,291,70.50,72.01,70.17,U,14,73.1880
L,1260821,700,291,70.50,72.01,70.17,L,0,71.6761
L,1260821,700,291,70.50,72.01,70.17,L,1,70.6389
L,1260821,700,291,70.50,72.01,70.17,L,2,70.3430
L,1260821,700,291,70.50,72.01,70.17,L,3,71.0178
L,1260821,700,291,70.50,72.01,70.17,L,4,70.9609
L,1260821,700,291,70.50,72.01,70.17,L,5,72.9070
L,1260821,700,291,70.50,72.01,70.17,L,6,73.4767
L,1260821,700,291,70.50,72.01,70.17,L,7,72.9491
L,1260821,700,291,70.50,72.01,70.17,L,8,74.2905
L,1260821,700,291,70.50,72.01,70.17,L,9,73.8647
L,1260821,700,291,70.50,72.01,70.17,L,10,75.1970
L,1260821,700,291,70.50,72.01,70.17,L,11,75.3437
L,1260821,700,291,70.50,72.01,70.17,L,12,75.3144
L,1260821,700,291,70.50,72.01,70.17,L,13,77.5198
L,1260821,700,291,70.50,72.01,70.17,L,14,81.4237
L,1260821,700,291,70.50,72.01,70.17,L,15,81.5767
L,1260821,700,291,70.50,72.01,70.17,L,16,83.3673
L,1260821,700,291,70.50,72.01,70.17,L,17,84.0292
L,1260821,700,291,70.50,72.01,70.17,L,18,84.0560
L,1260821,700,291,70.50,72.01,70.17,L,19,84.1552
L,1260821,700,291,70.50,72.01,70.17,L,20,86.3339
L,1260821,700,291,70.50,72.01,70.17,L,21,87.3439
L,1260821,700,291,70.50,72.01,70.17,L,22,87.1550
L,1260821,700,291,70.50,72.01,70.17,L,23,87.6573
L,1260821,700,291,70.50,72.01,70.17,L,24,84.7735
L,1260821,700,291,70.50,72.01,70.17,L,25,85.3900
L,1260821,700,291,70.50,72.01,70.17,L,26,85.4556
L,1260821,700,291,70.50,72.01,70.17,L,27,87.2586
L,1260821,700,291,70.50,72.01,70.17,L,28,87.0334
L,1260821,700,291,70.50,72.01,70.17,L,29,87.8351
L,1260821,700,291,70.50,72.01,70.17,L,30,86.5734
L,1260821,700,291,70.50,72.01,70.17,L,31,86.1015
L,1260821,700,291,70.50,72.01,70.17,L,32,88.7288
L,1260821,700,291,70.50,72.01,70.17,L,33,90.8325
L,1260821,700,291,70.50,72.01,70.17,L,34,92.5767
L,1260821,700,291,70.50,72.01,70.17,L,35,93.6320
L,1260821,700,291,70.50,72.01,70.17,L,36,94.4100
L,1260821,700,291,70.50,72.01,70.17,L,37,97.5243
L,1260821,700,291,70.50,72.01,70.17,L,38,98.1459
L,1260821,700,291,70.50,72.01,70.17,L,39,97.0060
L,1260821,700,291,70.50,72.01,70.17,L,40,99.2173
L,1260821,700,291,70.50,72.01,70.17,L,41,97.3900
L,1260821,700,291,70.50,72.01,70.17,L,42,98.9982
L,1260821,700,291,70.50,72.01,70.17,L,43,99.9100
L,1260821,700,291,70.50,72.01,70.17,L,44,100.8238
L,1260821,700,291,70.50,72.01,70.17,L,45,97.7800
L,1260821,700,291,70.50,72.01,70.17,L,46,101.5370
L,1260821,700,291,70.50,72.01,70.17,L,47,104.3100
L,1260821,700,291,70.50,72.01,70.17,L,48,108.9850
L,1260821,700,291,70.50,72.01,70.17,L,49,116.8236
L,1260821,700,291,70.50,72.01,70.17,L,50,126.9996
L,1260821,700,291,70.50,72.01,70.17,L,51,130.1024
L,1260821,700,291,70.50,72.01,70.17,L,52,121.7761
L,1260821,700,291,70.50,72.01,70.17,L,53,106.7740
L,1260821,700,291,70.50,72.01,70.17,L,54,120.1324
L,1260821,700,291,70.50,72.01,70.17,L,55,169.7443
L,1260821,700,291,70.50,72.01,70.17,L,56,203.3980
L,1260821,700,291,70.50,72.01,70.17,L,57,176.9100
K,1260821,700,291,70.50,72.01,70.17,69.3530,3
L,1260821,800,292,70.72,70.72,69.91,U,0,71.8880
L,1260821,800,292,70.72,70.72,69.91,U,1,69.7233
L,1260821,800,292,70.72,70.72,69.91,U,2,69.2372
L,1260821,800,292,70.72,70.72,69.91,U,3,69.7094
L,1260821,800,292,70.72,70.72,69.91,U,4,69.4933
L,1260821,800,292,70.72,70.72,69.91,U,5,70.2588
L,1260821,800,292,70.72,70.72,69.91,U,6,68.5560
L,1260821,800,292,70.72,70.72,69.91,U,7,69.0821
L,1260821,800,292,70.72,70.72,69.91,U,8,69.3400
L,1260821,800,292,70.72,70.72,69.91,U,9,66.1760
L,1260821,800,292,70.72,70.72,69.91,U,10,64.4371
L,1260821,800,292,70.72,70.72,69.91,U,11,62.5473
L,1260821,800,292,70.72,70.72,69.91,U,12,62.4511
L,1260821,800,292,70.72,70.72,69.91,U,13,68.7600
L,1260821,800,292,70.72,70.72,69.91,U,14,73.1120
L,1260821,800,292,70.72,70.72,69.91,L,0,71.7342
L,1260821,800,292,70.72,70.72,69.91,L,1,70.6930
L,1260821,800,292,70.72,70.72,69.91,L,2,70.3960
L,1260821,800,292,70.72,70.72,69.91,L,3,71.0734
L,1260821,800,292,70.72,70.72,69.91,L,4,71.0162
L,1260821,800,292,70.72,70.72,69.91,L,5,72.9698
L,1260821,800,292,70.72,70.72,69.91,L,6,73.5416
L,1260821,800,292,70.72,70.72,69.91,L,7,73.0120
L,1260821,800,292,70.72,70.72,69.91,L,8,74.3585
L,1260821,800,292,70.72,70.72,69.91,L,9,73.9311
L,1260821,800,292,70.72,70.72,69.91,L,10,75.2684
L,1260821,800,292,70.72,70.72,69.91,L,11,75.4156
L,1260821,800,292,70.72,70.72,69.91,L,12,75.3862
L,1260821,800,292,70.72,70.72,69.91,L,13,77.6000
L,1260821,800,292,70.72,70.72,69.91,L,14,81.5187
L,1260821,800,292,70.72,70.72,69.91,L,15,81.6722
L,1260821,800,292,70.72,70.72,69.91,L,16,83.4697
L,1260821,800,292,70.72,70.72,69.91,L,17,84.1340
L,1260821,800,292,70.72,70.72,69.91,L,18,84.1609
L,1260821,800,292,70.72,70.72,69.91,L,19,84.2605
L,1260821,800,292,70.72,70.72,69.91,L,20,86.4475
L,1260821,800,292,70.72,70.72,69.91,L,21,87.4613
L,1260821,800,292,70.72,70.72,69.91,L,22,87.2717
L,1260821,800,292,70.72,70.72,69.91,L,23,87.7759
L,1260821,800,292,70.72,70.72,69.91,L,24,84.8811
L,1260821,800,292,70.72,70.72,69.91,L,25,85.5000
L,1260821,800,292,70.72,70.72,69.91,L,26,85.5658
L,1260821,800,292,70.72,70.72,69.91,L,27,87.3756
L,1260821,800,292,70.72,70.72,69.91,L,28,87.1497
L,1260821,800,292,70.72,70.72,69.91,L,29,87.9544
L,1260821,800,292,70.72,70.72,69.91,L,30,86.6879
L,1260821,800,292,70.72,70.72,69.91,L,31,86.2142
L,1260821,800,292,70.72,70.72,69.91,L,32,88.8515
L,1260821,800,292,70.72,70.72,69.91,L,33,90.9631
L,1260821,800,292,70.72,70.72,69.91,L,34,92.7139
L,1260821,800,292,70.72,70.72,69.91,L,35,93.7732
L,1260821,800,292,70.72,70.72,69.91,L,36,94.5542
L,1260821,800,292,70.72,70.72,69.91,L,37,97.6803
L,1260821,800,292,70.72,70.72,69.91,L,38,98.3042
L,1260821,800,292,70.72,70.72,69.91,L,39,97.1600
L,1260821,800,292,70.72,70.72,69.91,L,40,99.3797
L,1260821,800,292,70.72,70.72,69.91,L,41,97.5455
L,1260821,800,292,70.72,70.72,69.91,L,42,99.1598
L,1260821,800,292,70.72,70.72,69.91,L,43,100.0750
L,1260821,800,292,70.72,70.72,69.91,L,44,100.9923
L,1260821,800,292,70.72,70.72,69.91,L,45,97.9369
L,1260821,800,292,70.72,70.72,69.91,L,46,101.7081
L,1260821,800,292,70.72,70.72,69.91,L,47,104.4917
L,1260821,800,292,70.72,70.72,69.91,L,48,109.1844
L,1260821,800,292,70.72,70.72,69.91,L,49,117.0527
L,1260821,800,292,70.72,70.72,69.91,L,50,127.2672
L,1260821,800,292,70.72,70.72,69.91,L,51,130.3817
L,1260821,800,292,70.72,70.72,69.91,L,52,122.0239
L,1260821,800,292,70.72,70.72,69.91,L,53,106.9650
L,1260821,800,292,70.72,70.72,69.91,L,54,120.3740
L,1260821,800,292,70.72,70.72,69.91,L,55,170.1738
L,1260821,800,292,70.72,70.72,69.91,L,56,203.9550
L,1260821,800,292,70.72,70.72,69.91,L,57,177.3667
X,1260821,800,292,70.72,70.72,69.91,70.3535
K,1260821,800,292,70.72,70.72,69.91,69.2198,3
Q,1260821,800,292,70.72,70.72,69.91,70.3535,4
L,1260821,900,293,71.51,71.83,70.67,U,0,71.7940
L,1260821,900,293,71.51,71.83,70.67,U,1,69.5975
L,1260821,900,293,71.51,71.83,70.67,U,2,69.1042
L,1260821,900,293,71.51,71.83,70.67,U,3,69.5834
L,1260821,900,293,71.51,71.83,70.67,U,4,69.3641
L,1260821,900,293,71.51,71.83,70.67,U,5,70.1408
L,1260821,900,293,71.51,71.83,70.67,U,6,68.4130
L,1260821,900,293,71.51,71.83,70.67,U,7,68.9468
L,1260821,900,293,71.51,71.83,70.67,U,8,69.2085
L,1260821,900,293,71.51,71.83,70.67,U,9,65.9980
L,1260821,900,293,71.51,71.83,70.67,U,10,64.2336
L,1260821,900,293,71.51,71.83,70.67,U,11,62.3159
L,1260821,900,293,71.51,71.83,70.67,U,12,62.2183
L,1260821,900,293,71.51,71.83,70.67,U,13,68.6200
L,1260821,900,293,71.51,71.83,70.67,U,14,73.0360
L,1260821,900,293,71.51,71.83,70.67,L,0,69.9612
L,1260821,900,293,71.51,71.83,70.67,L,1,71.7922
L,1260821,900,293,71.51,71.83,70.67,L,2,70.7471
L,1260821,900,293,71.51,71.83,70.67,L,3,70.4491
L,1260821,900,293,71.51,71.83,70.67,L,4,71.1290
L,1260821,900,293,71.51,71.83,70.67,L,5,71.0715
L,1260821,900,293,71.51,71.83,70.67,L,6,73.0325
L,1260821,900,293,71.51,71.83,70.67,L,7,73.6065
L,1260821,900,293,71.51,71.83,70.67,L,8,73.0749
L,1260821,900,293,71.51,71.83,70.67,L,9,74.4264
L,1260821,900,293,71.51,71.83,70.67,L,10,73.9974
L,1260821,900,293,71.51,71.83,70.67,L,11,75.3398
L,1260821,900,293,71.51,71.83,70.67,L,12,75.4876
L,1260821,900,293,71.51,71.83,70.67,L,13,75.4581
L,1260821,900,293,71.51,71.83,70.67,L,14,77.6802
L,1260821,900,293,71.51,71.83,70.67,L,15,81.6136
L,1260821,900,293,71.51,71.83,70.67,L,16,81.7678
L,1260821,900,293,71.51,71.83,70.67,L,17,83.5720
L,1260821,900,293,71.51,71.83,70.67,L,18,84.2389
L,1260821,900,293,71.51,71.83,70.67,L,19,84.2659
L,1260821,900,293,71.51,71.83,70.67,L,20,84.3658
L,1260821,900,293,71.51,71.83,70.67,L,21,86.5611
L,1260821,900,293,71.51,71.83,70.67,L,22,87.5787
L,1260821,900,293,71.51,71.83,70.67,L,23,87.3884
L,1260821,900,293,71.51,71.83,70.67,L,24,87.8945
L,1260821,900,293,71.51,71.83,70.67,L,25,84.9888
L,1260821,900,293,71.51,71.83,70.67,L,26,85.6100
L,1260821,900,293,71.51,71.83,70.67,L,27,85.6761
L,1260821,900,293,71.51,71.83,70.67,L,28,87.4927
L,1260821,900,293,71.51,71.83,70.67,L,29,87.2659
L,1260821,900,293,71.51,71.83,70.67,L,30,88.0736
L,1260821,900,293,71.51,71.83,70.67,L,31,86.8024
L,1260821,900,293,71.51,71.83,70.67,L,32,86.3269
L,1260821,900,293,71.51,71.83,70.67,L,33,88.9741
L,1260821,900,293,71.51,71.83,70.67,L,34,91.0937
L,1260821,900,293,71.51,71.83,70.67,L,35,92.8511
L,1260821,900,293,71.51,71.83,70.67,L,36,93.9144
L,1260821,900,293,71.51,71.83,70.67,L,37,94.6983
L,1260821,900,293,71.51,71.83,70.67,L,38,97.8362
L,1260821,900,293,71.51,71.83,70.67,L,39,98.4625
L,1260821,900,293,71.51,71.83,70.67,L,40,97.3140
L,1260821,900,293,71.51,71.83,70.67,L,41,99.5421
L,1260821,900,293,71.51,71.83,70.67,L,42,97.7009
L,1260821,900,293,71.51,71.83,70.67,L,43,99.3213
L,1260821,900,293,71.51,71.83,70.67,L,44,100.2400
L,1260821,900,293,71.51,71.83,70.67,L,45,101.1608
L,1260821,900,293,71.51,71.83,70.67,L,46,98.0939
L,1260821,900,293,71.51,71.83,70.67,L,47,101.8793
L,1260821,900,293,71.51,71.83,70.67,L,48,104.6733
L,1260821,900,293,71.51,71.83,70.67,L,49,109.3837
L,1260821,900,293,71.51,71.83,70.67,L,50,117.2817
L,1260821,900,293,71.51,71.83,70.67,L,51,127.5348
L,1260821,900,293,71.51,71.83,70.67,L,52,130.6611
L,1260821,900,293,71.51,71.83,70.67,L,53,122.2717
L,1260821,900,293,71.51,71.83,70.67,L,54,107.1560
L,1260821,900,293,71.51,71.83,70.67,L,55,120.6156
L,1260821,900,293,71.51,71.83,70.67,L,56,170.6033
L,1260821,900,293,71.51,71.83,70.67,L,57,204.5120
L,1260821,900,293,71.51,71.83,70.67,L,58,177.8233
X,1260821,900,293,71.51,71.83,70.67,73.0573
K,1260821,900,293,71.51,71.83,70.67,73.0478,3
L,1260821,1000,294,71.28,71.58,71.05,U,0,71.7365
L,1260821,1000,294,71.28,71.58,71.05,U,1,71.7000
L,1260821,1000,294,71.28,71.58,71.05,U,2,69.4717
L,1260821,1000,294,71.28,71.58,71.05,U,3,68.9712
L,1260821,1000,294,71.28,71.58,71.05,U,4,69.4574
L,1260821,1000,294,71.28,71.58,71.05,U,5,69.2349
L,1260821,1000,294,71.28,71.58,71.05,U,6,70.0229
L,1260821,1000,294,71.28,71.58,71.05,U,7,68.2700
L,1260821,1000,294,71.28,71.58,71.05,U,8,68.8116
L,1260821,1000,294,71.28,71.58,71.05,U,9,69.0771
L,1260821,1000,294,71.28,71.58,71.05,U,10,65.8200
L,1260821,1000,294,71.28,71.58,71.05,U,11,64.0300
L,1260821,1000,294,71.28,71.58,71.05,U,12,62.0845
L,1260821,1000,294,71.28,71.58,71.05,U,13,61.9856
L,1260821,1000,294,71.28,71.58,71.05,U,14,68.4800
L,1260821,1000,294,71.28,71.58,71.05,U,15,72.9600
L,1260821,1000,294,71.28,71.58,71.05,L,0,70.0123
L,1260821,1000,294,71.28,71.58,71.05,L,1,71.8503
L,1260821,1000,294,71.28,71.58,71.05,L,2,70.8012
L,1260821,1000,294,71.28,71.58,71.05,L,3,70.5021
L,1260821,1000,294,71.28,71.58,71.05,L,4,71.1845
L,1260821,1000,294,71.28,71.58,71.05,L,5,71.1269
L,1260821,1000,294,71.28,71.58,71.05,L,6,73.0952
L,1260821,1000,294,71.28,71.58,71.05,L,7,73.6713
L,1260821,1000,294,71.28,71.58,71.05,L,8,73.1378
L,1260821,1000,294,71.28,71.58,71.05,L,9,74.4944
L,1260821,1000,294,71.28,71.58,71.05,L,10,74.0637
L,1260821,1000,294,71.28,71.58,71.05,L,11,75.4112
L,1260821,1000,294,71.28,71.58,71.05,L,12,75.5595
L,1260821,1000,294,71.28,71.58,71.05,L,13,75.5299
L,1260821,1000,294,71.28,71.58,71.05,L,14,77.7604
L,1260821,1000,294,71.28,71.58,71.05,L,15,81.7086
L,1260821,1000,294,71.28,71.58,71.05,L,16,81.8633
L,1260821,1000,294,71.28,71.58,71.05,L,17,83.6743
L,1260821,1000,294,71.28,71.58,71.05,L,18,84.3437
L,1260821,1000,294,71.28,71.58,71.05,L,19,84.3708
L,1260821,1000,294,71.28,71.58,71.05,L,20,84.4711
L,1260821,1000,294,71.28,71.58,71.05,L,21,86.6746
L,1260821,1000,294,71.28,71.58,71.05,L,22,87.6961
L,1260821,1000,294,71.28,71.58,71.05,L,23,87.5051
L,1260821,1000,294,71.28,71.58,71.05,L,24,88.0131
L,1260821,1000,294,71.28,71.58,71.05,L,25,85.0965
L,1260821,1000,294,71.28,71.58,71.05,L,26,85.7200
L,1260821,1000,294,71.28,71.58,71.05,L,27,85.7863
L,1260821,1000,294,71.28,71.58,71.05,L,28,87.6098
L,1260821,1000,294,71.28,71.58,71.05,L,29,87.3821
L,1260821,1000,294,71.28,71.58,71.05,L,30,88.1929
L,1260821,1000,294,71.28,71.58,71.05,L,31,86.9169
L,1260821,1000,294,71.28,71.58,71.05,L,32,86.4396
L,1260821,1000,294,71.28,71.58,71.05,L,33,89.0968
L,1260821,1000,294,71.28,71.58,71.05,L,34,91.2243
L,1260821,1000,294,71.28,71.58,71.05,L,35,92.9883
L,1260821,1000,294,71.28,71.58,71.05,L,36,94.0556
L,1260821,1000,294,71.28,71.58,71.05,L,37,94.8425
L,1260821,1000,294,71.28,71.58,71.05,L,38,97.9922
L,1260821,1000,294,71.28,71.58,71.05,L,39,98.6208
L,1260821,1000,294,71.28,71.58,71.05,L,40,97.4680
L,1260821,1000,294,71.28,71.58,71.05,L,41,99.7045
L,1260821,1000,294,71.28,71.58,71.05,L,42,97.8564
L,1260821,1000,294,71.28,71.58,71.05,L,43,99.4829
L,1260821,1000,294,71.28,71.58,71.05,L,44,100.4050
L,1260821,1000,294,71.28,71.58,71.05,L,45,101.3292
L,1260821,1000,294,71.28,71.58,71.05,L,46,98.2508
L,1260821,1000,294,71.28,71.58,71.05,L,47,102.0505
L,1260821,1000,294,71.28,71.58,71.05,L,48,104.8550
L,1260821,1000,294,71.28,71.58,71.05,L,49,109.5831
L,1260821,1000,294,71.28,71.58,71.05,L,50,117.5108
L,1260821,1000,294,71.28,71.58,71.05,L,51,127.8024
L,1260821,1000,294,71.28,71.58,71.05,L,52,130.9405
L,1260821,1000,294,71.28,71.58,71.05,L,53,122.5196
L,1260821,1000,294,71.28,71.58,71.05,L,54,107.3470
L,1260821,1000,294,71.28,71.58,71.05,L,55,120.8572
L,1260821,1000,294,71.28,71.58,71.05,L,56,171.0329
L,1260821,1000,294,71.28,71.58,71.05,L,57,205.0690
L,1260821,1000,294,71.28,71.58,71.05,L,58,178.2800
X,1260821,1000,294,71.28,71.58,71.05,71.8067
X,1260821,1000,294,71.28,71.58,71.05,71.7929
X,1260821,1000,294,71.28,71.58,71.05,73.0341
K,1260821,1000,294,71.28,71.58,71.05,71.7623,3
Q,1260821,1000,294,71.28,71.58,71.05,71.8067,2
L,1260821,1100,295,71.08,71.36,71.02,U,0,71.6430
L,1260821,1100,295,71.08,71.36,71.02,U,1,71.6060
L,1260821,1100,295,71.08,71.36,71.02,U,2,69.3458
L,1260821,1100,295,71.08,71.36,71.02,U,3,68.8382
L,1260821,1100,295,71.08,71.36,71.02,U,4,69.3313
L,1260821,1100,295,71.08,71.36,71.02,U,5,69.1057
L,1260821,1100,295,71.08,71.36,71.02,U,6,69.9049
L,1260821,1100,295,71.08,71.36,71.02,U,7,68.1270
L,1260821,1100,295,71.08,71.36,71.02,U,8,68.6763
L,1260821,1100,295,71.08,71.36,71.02,U,9,68.9456
L,1260821,1100,295,71.08,71.36,71.02,U,10,65.6420
L,1260821,1100,295,71.08,71.36,71.02,U,11,63.8264
L,1260821,1100,295,71.08,71.36,71.02,U,12,61.8532
L,1260821,1100,295,71.08,71.36,71.02,U,13,61.7528
L,1260821,1100,295,71.08,71.36,71.02,U,14,68.3400
L,1260821,1100,295,71.08,71.36,71.02,U,15,72.8840
L,1260821,1100,295,71.08,71.36,71.02,L,0,70.0635
L,1260821,1100,295,71.08,71.36,71.02,L,1,71.9083
L,1260821,1100,295,71.08,71.36,71.02,L,2,70.8554
L,1260821,1100,295,71.08,71.36,71.02,L,3,70.5551
L,1260821,1100,295,71.08,71.36,71.02,L,4,71.2401
L,1260821,1100,295,71.08,71.36,71.02,L,5,71.1822
L,1260821,1100,295,71.08,71.36,71.02,L,6,73.1579
L,1260821,1100,295,71.08,71.36,71.02,L,7,73.7362
L,1260821,1100,295,71.08,71.36,71.02,L,8,73.2006
L,1260821,1100,295,71.08,71.36,71.02,L,9,74.5623
L,1260821,1100,295,71.08,71.36,71.02,L,10,74.1301
L,1260821,1100,295,71.08,71.36,71.02,L,11,75.4826
L,1260821,1100,295,71.08,71.36,71.02,L,12,75.6314
L,1260821,1100,295,71.08,71.36,71.02,L,13,75.6017
L,1260821,1100,295,71.08,71.36,71.02,L,14,77.8406
L,1260821,1100,295,71.08,71.36,71.02,L,15,81.8036
L,1260821,1100,295,71.08,71.36,71.02,L,16,81.9589
L,1260821,1100,295,71.08,71.36,71.02,L,17,83.7767
L,1260821,1100,295,71.08,71.36,71.02,L,18,84.4486
L,1260821,1100,295,71.08,71.36,71.02,L,19,84.4757
L,1260821,1100,295,71.08,71.36,71.02,L,20,84.5765
L,1260821,1100,295,71.08,71.36,71.02,L,21,86.7882
L,1260821,1100,295,71.08,71.36,71.02,L,22,87.8135
L,1260821,1100,295,71.08,71.36,71.02,L,23,87.6218
L,1260821,1100,295,71.08,71.36,71.02,L,24,88.1316
L,1260821,1100,295,71.08,71.36,71.02,L,25,85.2041
L,1260821,1100,295,71.08,71.36,71.02,L,26,85.8300
L,1260821,1100,295,71.08,71.36,71.02,L,27,85.8966
L,1260821,1100,295,71.08,71.36,71.02,L,28,87.7269
L,1260821,1100,295,71.08,71.36,71.02,L,29,87.4983
L,1260821,1100,295,71.08,71.36,71.02,L,30,88.3121
L,1260821,1100,295,71.08,71.36,71.02,L,31,87.0314
L,1260821,1100,295,71.08,71.36,71.02,L,32,86.5523
L,1260821,1100,295,71.08,71.36,71.02,L,33,89.2194
L,1260821,1100,295,71.08,71.36,71.02,L,34,91.3549
L,1260821,1100,295,71.08,71.36,71.02,L,35,93.1256
L,1260821,1100,295,71.08,71.36,71.02,L,36,94.1968
L,1260821,1100,295,71.08,71.36,71.02,L,37,94.9867
L,1260821,1100,295,71.08,71.36,71.02,L,38,98.1482
L,1260821,1100,295,71.08,71.36,71.02,L,39,98.7792
L,1260821,1100,295,71.08,71.36,71.02,L,40,97.6220
L,1260821,1100,295,71.08,71.36,71.02,L,41,99.8668
L,1260821,1100,295,71.08,71.36,71.02,L,42,98.0118
L,1260821,1100,295,71.08,71.36,71.02,L,43,99.6444
L,1260821,1100,295,71.08,71.36,71.02,L,44,100.5700
L,1260821,1100,295,71.08,71.36,71.02,L,45,101.4977
L,1260821,1100,295,71.08,71.36,71.02,L,46,98.4077
L,1260821,1100,295,71.08,71.36,71.02,L,47,102.2216
L,1260821,1100,295,71.08,71.36,71.02,L,48,105.0367
L,1260821,1100,295,71.08,71.36,71.02,L,49,109.7825
L,1260821,1100,295,71.08,71.36,71.02,L,50,117.7399
L,1260821,1100,295,71.08,71.36,71.02,L,51,128.0700
L,1260821,1100,295,71.08,71.36,71.02,L,52,131.2198
L,1260821,1100,295,71.08,71.36,71.02,L,53,122.7674
L,1260821,1100,295,71.08,71.36,71.02,L,54,107.5380
L,1260821,1100,295,71.08,71.36,71.02,L,55,121.0988
L,1260821,1100,295,71.08,71.36,71.02,L,56,171.4624
L,1260821,1100,295,71.08,71.36,71.02,L,57,205.6260
L,1260821,1100,295,71.08,71.36,71.02,L,58,178.7367
X,1260821,1100,295,71.08,71.36,71.02,70.0155
L,1260821,1200,296,71.21,71.23,70.86,U,0,71.5496
L,1260821,1200,296,71.21,71.23,70.86,U,1,71.5120
L,1260821,1200,296,71.21,71.23,70.86,U,2,69.2200
L,1260821,1200,296,71.21,71.23,70.86,U,3,68.7053
L,1260821,1200,296,71.21,71.23,70.86,U,4,69.2053
L,1260821,1200,296,71.21,71.23,70.86,U,5,68.9765
L,1260821,1200,296,71.21,71.23,70.86,U,6,69.7869
L,1260821,1200,296,71.21,71.23,70.86,U,7,67.9840
L,1260821,1200,296,71.21,71.23,70.86,U,8,68.5411
L,1260821,1200,296,71.21,71.23,70.86,U,9,68.8141
L,1260821,1200,296,71.21,71.23,70.86,U,10,65.4640
L,1260821,1200,296,71.21,71.23,70.86,U,11,63.6229
L,1260821,1200,296,71.21,71.23,70.86,U,12,61.6218
L,1260821,1200,296,71.21,71.23,70.86,U,13,61.5200
L,1260821,1200,296,71.21,71.23,70.86,U,14,68.2000
L,1260821,1200,296,71.21,71.23,70.86,U,15,72.8080
L,1260821,1200,296,71.21,71.23,70.86,L,0,70.1147
L,1260821,1200,296,71.21,71.23,70.86,L,1,71.9664
L,1260821,1200,296,71.21,71.23,70.86,L,2,70.9095
L,1260821,1200,296,71.21,71.23,70.86,L,3,70.6081
L,1260821,1200,296,71.21,71.23,70.86,L,4,71.2956
L,1260821,1200,296,71.21,71.23,70.86,L,5,71.2376
L,1260821,1200,296,71.21,71.23,70.86,L,6,73.2206
L,1260821,1200,296,71.21,71.23,70.86,L,7,73.8011
L,1260821,1200,296,71.21,71.23,70.86,L,8,73.2635
L,1260821,1200,296,71.21,71.23,70.86,L,9,74.6303
L,1260821,1200,296,71.21,71.23,70.86,L,10,74.1964
L,1260821,1200,296,71.21,71.23,70.86,L,11,75.5539
L,1260821,1200,296,71.21,71.23,70.86,L,12,75.7034
L,1260821,1200,296,71.21,71.23,70.86,L,13,75.6736
L,1260821,1200,296,71.21,71.23,70.86,L,14,77.9208
L,1260821,1200,296,71.21,71.23,70.86,L,15,81.8986
L,1260821,1200,296,71.21,71.23,70.86,L,16,82.0544
L,1260821,1200,296,71.21,71.23,70.86,L,17,83.8790
L,1260821,1200,296,71.21,71.23,70.86,L,18,84.5534
L,1260821,1200,296,71.21,71.23,70.86,L,19,84.5807
L,1260821,1200,296,71.21,71.23,70.86,L,20,84.6818
L,1260821,1200,296,71.21,71.23,70.86,L,21,86.9018
L,1260821,1200,296,71.21,71.23,70.86,L,22,87.9309
L,1260821,1200,296,71.21,71.23,70.86,L,23,87.7385
L,1260821,1200,296,71.21,71.23,70.86,L,24,88.2502
L,1260821,1200,296,71.21,71.23,70.86,L,25,85.3118
L,1260821,1200,296,71.21,71.23,70.86,L,26,85.9400
L,1260821,1200,296,71.21,71.23,70.86,L,27,86.0068
L,1260821,1200,296,71.21,71.23,70.86,L,28,87.8440
L,1260821,1200,296,71.21,71.23,70.86,L,29,87.6146
L,1260821,1200,296,71.21,71.23,70.86,L,30,88.4314
L,1260821,1200,296,71.21,71.23,70.86,L,31,87.1459
L,1260821,1200,296,71.21,71.23,70.86,L,32,86.6650
L,1260821,1200,296,71.21,71.23,70.86,L,33,89.3421
L,1260821,1200,296,71.21,71.23,70.86,L,34,91.4855
L,1260821,1200,296,71.21,71.23,70.86,L,35,93.2628
L,1260821,1200,296,71.21,71.23,70.86,L,36,94.3380
L,1260821,1200,296,71.21,71.23,70.86,L,37,95.1308
L,1260821,1200,296,71.21,71.23,70.86,L,38,98.3041
L,1260821,1200,296,71.21,71.23,70.86,L,39,98.9375
L,1260821,1200,296,71.21,71.23,70.86,L,40,97.7760
L,1260821,1200,296,71.21,71.23,70.86,L,41,100.0292
L,1260821,1200,296,71.21,71.23,70.86,L,42,98.1673
L,1260821,1200,296,71.21,71.23,70.86,L,43,99.8060
L,1260821,1200,296,71.21,71.23,70.86,L,44,100.7350
L,1260821,1200,296,71.21,71.23,70.86,L,45,101.6662
L,1260821,1200,296,71.21,71.23,70.86,L,46,98.5647
L,1260821,1200,296,71.21,71.23,70.86,L,47,102.3928
L,1260821,1200,296,71.21,71.23,70.86,L,48,105.2183
L,1260821,1200,296,71.21,71.23,70.86,L,49,109.9819
L,1260821,1200,296,71.21,71.23,70.86,L,50,117.9689
L,1260821,1200,296,71.21,71.23,70.86,L,51,128.3376
L,1260821,1200,296,71.21,71.23,70.86,L,52,131.4992
L,1260821,1200,296,71.21,71.23,70.86,L,53,123.0152
L,1260821,1200,296,71.21,71.23,70.86,L,54,107.7290
L,1260821,1200,296,71.21,71.23,70.86,L,55,121.3404
L,1260821,1200,296,71.21,71.23,70.86,L,56,171.8919
L,1260821,1200,296,71.21,71.23,70.86,L,57,206.1830
L,1260821,1200,296,71.21,71.23,70.86,L,58,179.1933
K,1260821,1200,296,71.21,71.23,70.86,71.4524,3
A,1260821,1300,297,71.14,71.42,71.01,L,30,57.7200
L,1260821,1300,297,71.14,71.42,71.01,U,0,71.4561
L,1260821,1300,297,71.14,71.42,71.01,U,1,71.4180
L,1260821,1300,297,71.14,71.42,71.01,U,2,69.0942
L,1260821,1300,297,71.14,71.42,71.01,U,3,68.5723
L,1260821,1300,297,71.14,71.42,71.01,U,4,69.0792
L,1260821,1300,297,71.14,71.42,71.01,U,5,68.8473
L,1260821,1300,297,71.14,71.42,71.01,U,6,69.6690
L,1260821,1300,297,71.14,71.42,71.01,U,7,67.8410
L,1260821,1300,297,71.14,71.42,71.01,U,8,68.4058
L,1260821,1300,297,71.14,71.42,71.01,U,9,68.6826
L,1260821,1300,297,71.14,71.42,71.01,U,10,65.2860
L,1260821,1300,297,71.14,71.42,71.01,U,11,63.4193
L,1260821,1300,297,71.14,71.42,71.01,U,12,61.3905
L,1260821,1300,297,71.14,71.42,71.01,U,13,61.2872
L,1260821,1300,297,71.14,71.42,71.01,U,14,68.0600
L,1260821,1300,297,71.14,71.42,71.01,U,15,72.7320
L,1260821,1300,297,71.14,71.42,71.01,L,0,70.9094
L,1260821,1300,297,71.14,71.42,71.01,L,1,70.1426
L,1260821,1300,297,71.14,71.42,71.01,L,2,71.9875
L,1260821,1300,297,71.14,71.42,71.01,L,3,70.9018
L,1260821,1300,297,71.14,71.42,71.01,L,4,70.5787
L,1260821,1300,297,71.14,71.42,71.01,L,5,71.2538
L,1260821,1300,297,71.14,71.42,71.01,L,6,71.1794
L,1260821,1300,297,71.14,71.42,71.01,L,7,73.1504
L,1260821,1300,297,71.14,71.42,71.01,L,8,73.7059
L,1260821,1300,297,71.14,71.42,71.01,L,9,73.1363
L,1260821,1300,297,71.14,71.42,71.01,L,10,74.4928
L,1260821,1300,297,71.14,71.42,71.01,L,11,74.0380
L,1260821,1300,297,71.14,71.42,71.01,L,12,75.3784
L,1260821,1300,297,71.14,71.42,71.01,L,13,75.5159
L,1260821,1300,297,71.14,71.42,71.01,L,14,75.4662
L,1260821,1300,297,71.14,71.42,71.01,L,15,77.6875
L,1260821,1300,297,71.14,71.42,71.01,L,16,81.6722
L,1260821,1300,297,71.14,71.42,71.01,L,17,81.8154
L,1260821,1300,297,71.14,71.42,71.01,L,18,83.6109
L,1260821,1300,297,71.14,71.42,71.01,L,19,84.2383
L,1260821,1300,297,71.14,71.42,71.01,L,20,84.2179
L,1260821,1300,297,71.14,71.42,71.01,L,21,84.3033
L,1260821,1300,297,71.14,71.42,71.01,L,22,86.4832
L,1260821,1300,297,71.14,71.42,71.01,L,23,87.5043
L,1260821,1300,297,71.14,71.42,71.01,L,24,87.2918
L,1260821,1300,297,71.14,71.42,71.01,L,25,87.7615
L,1260821,1300,297,71.14,71.42,71.01,L,26,84.7619
L,1260821,1300,297,71.14,71.42,71.01,L,27,85.3653
L,1260821,1300,297,71.14,71.42,71.01,L,28,85.4001
L,1260821,1300,297,71.14,71.42,71.01,L,29,87.1784
L,1260821,1300,297,71.14,71.42,71.01,L,30,86.9096
L,1260821,1300,297,71.14,71.42,71.01,L,31,87.7118
L,1260821,1300,297,71.14,71.42,71.01,L,32,86.3567
L,1260821,1300,297,71.14,71.42,71.01,L,33,85.8130
L,1260821,1300,297,71.14,71.42,71.01,L,34,88.4551
L,1260821,1300,297,71.14,71.42,71.01,L,35,90.5379
L,1260821,1300,297,71.14,71.42,71.01,L,36,92.2780
L,1260821,1300,297,71.14,71.42,71.01,L,37,93.3200
L,1260821,1300,297,71.14,71.42,71.01,L,38,94.0731
L,1260821,1300,297,71.14,71.42,71.01,L,39,97.0899
L,1260821,1300,297,71.14,71.42,71.01,L,40,97.6930
L,1260821,1300,297,71.14,71.42,71.01,L,41,96.4612
L,1260821,1300,297,71.14,71.42,71.01,L,42,98.6691
L,1260821,1300,297,71.14,71.42,71.01,L,43,96.7131
L,1260821,1300,297,71.14,71.42,71.01,L,44,98.3381
L,1260821,1300,297,71.14,71.42,71.01,L,45,99.2077
L,1260821,1300,297,71.14,71.42,71.01,L,46,100.0759
L,1260821,1300,297,71.14,71.42,71.01,L,47,96.7962
L,1260821,1300,297,71.14,71.42,71.01,L,48,100.6652
L,1260821,1300,297,71.14,71.42,71.01,L,49,103.5056
L,1260821,1300,297,71.14,71.42,71.01,L,50,108.2766
L,1260821,1300,297,71.14,71.42,71.01,L,51,116.3487
L,1260821,1300,297,71.14,71.42,71.01,L,52,126.8063
L,1260821,1300,297,71.14,71.42,71.01,L,53,129.9435
L,1260821,1300,297,71.14,71.42,71.01,L,54,119.9993
L,1260821,1300,297,71.14,71.42,71.01,L,55,102.9657
L,1260821,1300,297,71.14,71.42,71.01,L,56,114.3968
L,1260821,1300,297,71.14,71.42,71.01,L,57,171.1950
L,1260821,1300,297,71.14,71.42,71.01,L,58,217.9200
K,1260821,1300,297,71.14,71.42,71.01,71.3268,4
L,1260821,1400,298,71.03,71.17,70.96,U,0,71.3260
L,1260821,1400,298,71.03,71.17,70.96,U,1,71.3626
L,1260821,1400,298,71.03,71.17,70.96,U,2,71.3240
L,1260821,1400,298,71.03,71.17,70.96,U,3,68.9683
L,1260821,1400,298,71.03,71.17,70.96,U,4,68.4393
L,1260821,1400,298,71.03,71.17,70.96,U,5,68.9532
L,1260821,1400,298,71.03,71.17,70.96,U,6,68.7180
L,1260821,1400,298,71.03,71.17,70.96,U,7,69.5510
L,1260821,1400,298,71.03,71.17,70.96,U,8,67.6980
L,1260821,1400,298,71.03,71.17,70.96,U,9,68.2705
L,1260821,1400,298,71.03,71.17,70.96,U,10,68.5512
L,1260821,1400,298,71.03,71.17,70.96,U,11,65.1080
L,1260821,1400,298,71.03,71.17,70.96,U,12,63.2157
L,1260821,1400,298,71.03,71.17,70.96,U,13,61.1591
L,1260821,1400,298,71.03,71.17,70.96,U,14,61.0544
L,1260821,1400,298,71.03,71.17,70.96,U,15,67.9200
L,1260821,1400,298,71.03,71.17,70.96,U,16,72.6560
L,1260821,1400,298,71.03,71.17,70.96,L,0,70.9588
L,1260821,1400,298,71.03,71.17,70.96,L,1,70.1892
L,1260821,1400,298,71.03,71.17,70.96,L,2,72.0409
L,1260821,1400,298,71.03,71.17,70.96,L,3,70.9512
L,1260821,1400,298,71.03,71.17,70.96,L,4,70.6269
L,1260821,1400,298,71.03,71.17,70.96,L,5,71.3045
L,1260821,1400,298,71.03,71.17,70.96,L,6,71.2298
L,1260821,1400,298,71.03,71.17,70.96,L,7,73.2082
L,1260821,1400,298,71.03,71.17,70.96,L,8,73.7658
L,1260821,1400,298,71.03,71.17,70.96,L,9,73.1941
L,1260821,1400,298,71.03,71.17,70.96,L,10,74.5556
L,1260821,1400,298,71.03,71.17,70.96,L,11,74.0991
L,1260821,1400,298,71.03,71.17,70.96,L,12,75.4445
L,1260821,1400,298,71.03,71.17,70.96,L,13,75.5826
L,1260821,1400,298,71.03,71.17,70.96,L,14,75.5327
L,1260821,1400,298,71.03,71.17,70.96,L,15,77.7623
L,1260821,1400,298,71.03,71.17,70.96,L,16,81.7619
L,1260821,1400,298,71.03,71.17,70.96,L,17,81.9057
L,1260821,1400,298,71.03,71.17,70.96,L,18,83.7079
L,1260821,1400,298,71.03,71.17,70.96,L,19,84.3376
L,1260821,1400,298,71.03,71.17,70.96,L,20,84.3172
L,1260821,1400,298,71.03,71.17,70.96,L,21,84.4028
L,1260821,1400,298,71.03,71.17,70.96,L,22,86.5909
L,1260821,1400,298,71.03,71.17,70.96,L,23,87.6159
L,1260821,1400,298,71.03,71.17,70.96,L,24,87.4026
L,1260821,1400,298,71.03,71.17,70.96,L,25,87.8740
L,1260821,1400,298,71.03,71.17,70.96,L,26,84.8632
L,1260821,1400,298,71.03,71.17,70.96,L,27,85.4688
L,1260821,1400,298,71.03,71.17,70.96,L,28,85.5038
L,1260821,1400,298,71.03,71.17,70.96,L,29,87.2887
L,1260821,1400,298,71.03,71.17,70.96,L,30,87.0189
L,1260821,1400,298,71.03,71.17,70.96,L,31,87.8241
L,1260821,1400,298,71.03,71.17,70.96,L,32,86.4639
L,1260821,1400,298,71.03,71.17,70.96,L,33,85.9183
L,1260821,1400,298,71.03,71.17,70.96,L,34,88.5702
L,1260821,1400,298,71.03,71.17,70.96,L,35,90.6608
L,1260821,1400,298,71.03,71.17,70.96,L,36,92.4075
L,1260821,1400,298,71.03,71.17,70.96,L,37,93.4533
L,1260821,1400,298,71.03,71.17,70.96,L,38,94.2092
L,1260821,1400,298,71.03,71.17,70.96,L,39,97.2374
L,1260821,1400,298,71.03,71.17,70.96,L,40,97.8427
L,1260821,1400,298,71.03,71.17,70.96,L,41,96.6063
L,1260821,1400,298,71.03,71.17,70.96,L,42,98.8224
L,1260821,1400,298,71.03,71.17,70.96,L,43,96.8592
L,1260821,1400,298,71.03,71.17,70.96,L,44,98.4902
L,1260821,1400,298,71.03,71.17,70.96,L,45,99.3631
L,1260821,1400,298,71.03,71.17,70.96,L,46,100.2345
L,1260821,1400,298,71.03,71.17,70.96,L,47,96.9426
L,1260821,1400,298,71.03,71.17,70.96,L,48,100.8260
L,1260821,1400,298,71.03,71.17,70.96,L,49,103.6770
L,1260821,1400,298,71.03,71.17,70.96,L,50,108.4660
L,1260821,1400,298,71.03,71.17,70.96,L,51,116.5683
L,1260821,1400,298,71.03,71.17,70.96,L,52,127.0650
L,1260821,1400,298,71.03,71.17,70.96,L,53,130.2140
L,1260821,1400,298,71.03,71.17,70.96,L,54,120.2326
L,1260821,1400,298,71.03,71.17,70.96,L,55,103.1351
L,1260821,1400,298,71.03,71.17,70.96,L,56,114.6091
L,1260821,1400,298,71.03,71.17,70.96,L,57,171.6200
L,1260821,1400,298,71.03,71.17,70.96,L,58,218.5200
K,1260821,1400,298,71.03,71.17,70.96,71.3094,5
A,1260821,1500,299,71.12,71.13,71.01,L,37,61.9200
L,1260821,1500,299,71.12,71.13,71.01,U,0,71.2321
L,1260821,1500,299,71.12,71.13,71.01,U,1,71.2691
L,1260821,1500,299,71.12,71.13,71.01,U,2,71.2300
L,1260821,1500,299,71.12,71.13,71.01,U,3,68.8425
L,1260821,1500,299,71.12,71.13,71.01,U,4,68.3063
L,1260821,1500,299,71.12,71.13,71.01,U,5,68.8272
L,1260821,1500,299,71.12,71.13,71.01,U,6,68.5888
L,1260821,1500,299,71.12,71.13,71.01,U,7,69.4331
L,1260821,1500,299,71.12,71.13,71.01,U,8,67.5550
L,1260821,1500,299,71.12,71.13,71.01,U,9,68.1353
L,1260821,1500,299,71.12,71.13,71.01,U,10,68.4197
L,1260821,1500,299,71.12,71.13,71.01,U,11,64.9300
L,1260821,1500,299,71.12,71.13,71.01,U,12,63.0121
L,1260821,1500,299,71.12,71.13,71.01,U,13,60.9277
L,1260821,1500,299,71.12,71.13,71.01,U,14,60.8217
L,1260821,1500,299,71.12,71.13,71.01,U,15,67.7800
L,1260821,1500,299,71.12,71.13,71.01,U,16,72.5800
L,1260821,1500,299,71.12,71.13,71.01,L,0,70.9946
L,1260821,1500,299,71.12,71.13,71.01,L,1,70.9636
L,1260821,1500,299,71.12,71.13,71.01,L,2,70.1293
L,1260821,1500,299,71.12,71.13,71.01,L,3,71.9425
L,1260821,1500,299,71.12,71.13,71.01,L,4,70.7665
L,1260821,1500,299,71.12,71.13,71.01,L,5,70.3730
L,1260821,1500,299,71.12,71.13,71.01,L,6,71.0027
L,1260821,1500,299,71.12,71.13,71.01,L,7,70.8744
L,1260821,1500,299,71.12,71.13,71.01,L,8,72.7936
L,1260821,1500,299,71.12,71.13,71.01,L,9,73.2618
L,1260821,1500,299,71.12,71.13,71.01,L,10,72.5880
L,1260821,1500,299,71.12,71.13,71.01,L,11,73.9005
L,1260821,1500,299,71.12,71.13,71.01,L,12,73.3780
L,1260821,1500,299,71.12,71.13,71.01,L,13,74.6510
L,1260821,1500,299,71.12,71.13,71.01,L,14,74.7468
L,1260821,1500,299,71.12,71.13,71.01,L,15,74.6295
L,1260821,1500,299,71.12,71.13,71.01,L,16,76.7450
L,1260821,1500,299,71.12,71.13,71.01,L,17,80.7208
L,1260821,1500,299,71.12,71.13,71.01,L,18,80.8186
L,1260821,1500,299,71.12,71.13,71.01,L,19,82.4959
L,1260821,1500,299,71.12,71.13,71.01,L,20,82.9512
L,1260821,1500,299,71.12,71.13,71.01,L,21,82.7622
L,1260821,1500,299,71.12,71.13,71.01,L,22,82.7907
L,1260821,1500,299,71.12,71.13,71.01,L,23,84.8024
L,1260821,1500,299,71.12,71.13,71.01,L,24,85.7824
L,1260821,1500,299,71.12,71.13,71.01,L,25,85.5000
L,1260821,1500,299,71.12,71.13,71.01,L,26,85.8111
L,1260821,1500,299,71.12,71.13,71.01,L,27,82.6297
L,1260821,1500,299,71.12,71.13,71.01,L,28,83.1352
L,1260821,1500,299,71.12,71.13,71.01,L,29,83.0535
L,1260821,1500,299,71.12,71.13,71.01,L,30,84.5903
L,1260821,1500,299,71.12,71.13,71.01,L,31,84.1807
L,1260821,1500,299,71.12,71.13,71.01,L,32,84.9157
L,1260821,1500,299,71.12,71.13,71.01,L,33,83.3264
L,1260821,1500,299,71.12,71.13,71.01,L,34,82.5600
L,1260821,1500,299,71.12,71.13,71.01,L,35,85.0217
L,1260821,1500,299,71.12,71.13,71.01,L,36,86.8318
L,1260821,1500,299,71.12,71.13,71.01,L,37,88.3910
L,1260821,1500,299,71.12,71.13,71.01,L,38,89.2793
L,1260821,1500,299,71.12,71.13,71.01,L,39,89.8587
L,1260821,1500,299,71.12,71.13,71.01,L,40,92.1691
L,1260821,1500,299,71.12,71.13,71.01,L,41,92.6307
L,1260821,1500,299,71.12,71.13,71.01,L,42,91.1537
L,1260821,1500,299,71.12,71.13,71.01,L,43,93.1009
L,1260821,1500,299,71.12,71.13,71.01,L,44,90.8283
L,1260821,1500,299,71.12,71.13,71.01,L,45,92.3361
L,1260821,1500,299,71.12,71.13,71.01,L,46,92.9233
L,1260821,1500,299,71.12,71.13,71.01,L,47,93.4894
L,1260821,1500,299,71.12,71.13,71.01,L,48,89.5979
L,1260821,1500,299,71.12,71.13,71.01,L,49,93.4634
L,1260821,1500,299,71.12,71.13,71.01,L,50,96.2278
L,1260821,1500,299,71.12,71.13,71.01,L,51,100.7709
L,1260821,1500,299,71.12,71.13,71.01,L,52,108.7172
L,1260821,1500,299,71.12,71.13,71.01,L,53,118.7326
L,1260821,1500,299,71.12,71.13,71.01,L,54,121.3891
L,1260821,1500,299,71.12,71.13,71.01,L,55,104.3494
L,1260821,1500,299,71.12,71.13,71.01,L,56,79.9980
L,1260821,1500,299,71.12,71.13,71.01,L,57,70.1293
L,1260821,1500,299,71.12,71.13,71.01,L,58,144.0927
X,1260821,1500,299,71.12,71.13,71.01,72.5852
K,1260821,1500,299,71.12,71.13,71.01,70.9204,5
L,1260821,1600,300,71.30,71.34,71.10,U,0,71.1381
L,1260821,1600,300,71.30,71.34,71.10,U,1,71.1757
L,1260821,1600,300,71.30,71.34,71.10,U,2,71.1360
L,1260821,1600,300,71.30,71.34,71.10,U,3,68.7167
L,1260821,1600,300,71.30,71.34,71.10,U,4,68.1733
L,1260821,1600,300,71.30,71.34,71.10,U,5,68.7011
L,1260821,1600,300,71.30,71.34,71.10,U,6,68.4596
L,1260821,1600,300,71.30,71.34,71.10,U,7,69.3151
L,1260821,1600,300,71.30,71.34,71.10,U,8,67.4120
L,1260821,1600,300,71.30,71.34,71.10,U,9,68.0000
L,1260821,1600,300,71.30,71.34,71.10,U,10,68.2882
L,1260821,1600,300,71.30,71.34,71.10,U,11,64.7520
L,1260821,1600,300,71.30,71.34,71.10,U,12,62.8086
L,1260821,1600,300,71.30,71.34,71.10,U,13,60.6964
L,1260821,1600,300,71.30,71.34,71.10,U,14,60.5889
L,1260821,1600,300,71.30,71.34,71.10,U,15,67.6400
L,1260821,1600,300,71.30,71.34,71.10,U,16,72.5040
L,1260821,1600,300,71.30,71.34,71.10,L,0,71.0293
L,1260821,1600,300,71.30,71.34,71.10,L,1,70.9981
L,1260821,1600,300,71.30,71.34,71.10,L,2,70.1607
L,1260821,1600,300,71.30,71.34,71.10,L,3,71.9808
L,1260821,1600,300,71.30,71.34,71.10,L,4,70.8002
L,1260821,1600,300,71.30,71.34,71.10,L,5,70.4053
L,1260821,1600,300,71.30,71.34,71.10,L,6,71.0373
L,1260821,1600,300,71.30,71.34,71.10,L,7,70.9086
L,1260821,1600,300,71.30,71.34,71.10,L,8,72.8351
L,1260821,1600,300,71.30,71.34,71.10,L,9,73.3051
L,1260821,1600,300,71.30,71.34,71.10,L,10,72.6287
L,1260821,1600,300,71.30,71.34,71.10,L,11,73.9463
L,1260821,1600,300,71.30,71.34,71.10,L,12,73.4217
L,1260821,1600,300,71.30,71.34,71.10,L,13,74.6996
L,1260821,1600,300,71.30,71.34,71.10,L,14,74.7958
L,1260821,1600,300,71.30,71.34,71.10,L,15,74.6780
L,1260821,1600,300,71.30,71.34,71.10,L,16,76.8016
L,1260821,1600,300,71.30,71.34,71.10,L,17,80.7926
L,1260821,1600,300,71.30,71.34,71.10,L,18,80.8907
L,1260821,1600,300,71.30,71.34,71.10,L,19,82.5745
L,1260821,1600,300,71.30,71.34,71.10,L,20,83.0315
L,1260821,1600,300,71.30,71.34,71.10,L,21,82.8418
L,1260821,1600,300,71.30,71.34,71.10,L,22,82.8703
L,1260821,1600,300,71.30,71.34,71.10,L,23,84.8897
L,1260821,1600,300,71.30,71.34,71.10,L,24,85.8735
L,1260821,1600,300,71.30,71.34,71.10,L,25,85.5900
L,1260821,1600,300,71.30,71.34,71.10,L,26,85.9023
L,1260821,1600,300,71.30,71.34,71.10,L,27,82.7087
L,1260821,1600,300,71.30,71.34,71.10,L,28,83.2162
L,1260821,1600,300,71.30,71.34,71.10,L,29,83.1342
L,1260821,1600,300,71.30,71.34,71.10,L,30,84.6768
L,1260821,1600,300,71.30,71.34,71.10,L,31,84.2657
L,1260821,1600,300,71.30,71.34,71.10,L,32,85.0035
L,1260821,1600,300,71.30,71.34,71.10,L,33,83.4081
L,1260821,1600,300,71.30,71.34,71.10,L,34,82.6388
L,1260821,1600,300,71.30,71.34,71.10,L,35,85.1099
L,1260821,1600,300,71.30,71.34,71.10,L,36,86.9269
L,1260821,1600,300,71.30,71.34,71.10,L,37,88.4921
L,1260821,1600,300,71.30,71.34,71.10,L,38,89.3837
L,1260821,1600,300,71.30,71.34,71.10,L,39,89.9654
L,1260821,1600,300,71.30,71.34,71.10,L,40,92.2845
L,1260821,1600,300,71.30,71.34,71.10,L,41,92.7479
L,1260821,1600,300,71.30,71.34,71.10,L,42,91.2653
L,1260821,1600,300,71.30,71.34,71.10,L,43,93.2199
L,1260821,1600,300,71.30,71.34,71.10,L,44,90.9387
L,1260821,1600,300,71.30,71.34,71.10,L,45,92.4522
L,1260821,1600,300,71.30,71.34,71.10,L,46,93.0417
L,1260821,1600,300,71.30,71.34,71.10,L,47,93.6099
L,1260821,1600,300,71.30,71.34,71.10,L,48,89.7036
L,1260821,1600,300,71.30,71.34,71.10,L,49,93.5838
L,1260821,1600,300,71.30,71.34,71.10,L,50,96.3588
L,1260821,1600,300,71.30,71.34,71.10,L,51,100.9191
L,1260821,1600,300,71.30,71.34,71.10,L,52,108.8958
L,1260821,1600,300,71.30,71.34,71.10,L,53,118.9495
L,1260821,1600,300,71.30,71.34,71.10,L,54,121.6160
L,1260821,1600,300,71.30,71.34,71.10,L,55,104.5114
L,1260821,1600,300,71.30,71.34,71.10,L,56,80.0670
L,1260821,1600,300,71.30,71.34,71.10,L,57,70.1607
L,1260821,1600,300,71.30,71.34,71.10,L,58,144.4064
K,1260821,1600,300,71.30,71.34,71.10,71.0604,7
L,1260821,1700,301,71.35,71.38,71.24,U,0,71.0441
L,1260821,1700,301,71.35,71.38,71.24,U,1,71.0822
L,1260821,1700,301,71.35,71.38,71.24,U,2,71.0420
L,1260821,1700,301,71.35,71.38,71.24,U,3,68.5908
L,1260821,1700,301,71.35,71.38,71.24,U,4,68.0404
L,1260821,1700,301,71.35,71.38,71.24,U,5,68.5751
L,1260821,1700,301,71.35,71.38,71.24,U,6,68.3304
L,1260821,1700,301,71.35,71.38,71.24,U,7,69.1971
L,1260821,1700,301,71.35,71.38,71.24,U,8,67.2690
L,1260821,1700,301,71.35,71.38,71.24,U,9,67.8647
L,1260821,1700,301,71.35,71.38,71.24,U,10,68.1568
L,1260821,1700,301,71.35,71.38,71.24,U,11,64.5740
L,1260821,1700,301,71.35,71.38,71.24,U,12,62.6050
L,1260821,1700,301,71.35,71.38,71.24,U,13,60.4650
L,1260821,1700,301,71.35,71.38,71.24,U,14,60.3561
L,1260821,1700,301,71.35,71.38,71.24,U,15,67.5000
L,1260821,1700,301,71.35,71.38,71.24,U,16,72.4280
L,1260821,1700,301,71.35,71.38,71.24,L,0,71.0639
L,1260821,1700,301,71.35,71.38,71.24,L,1,71.0326
L,1260821,1700,301,71.35,71.38,71.24,L,2,70.1920
L,1260821,1700,301,71.35,71.38,71.24,L,3,72.0190
L,1260821,1700,301,71.35,71.38,71.24,L,4,70.8340
L,1260821,1700,301,71.35,71.38,71.24,L,5,70.4375
L,1260821,1700,301,71.35,71.38,71.24,L,6,71.0720
L,1260821,1700,301,71.35,71.38,71.24,L,7,70.9428
L,1260821,1700,301,71.35,71.38,71.24,L,8,72.8766
L,1260821,1700,301,71.35,71.38,71.24,L,9,73.3484
L,1260821,1700,301,71.35,71.38,71.24,L,10,72.6694
L,1260821,1700,301,71.35,71.38,71.24,L,11,73.9920
L,1260821,1700,301,71.35,71.38,71.24,L,12,73.4654
L,1260821,1700,301,71.35,71.38,71.24,L,13,74.7482
L,1260821,1700,301,71.35,71.38,71.24,L,14,74.8447
L,1260821,1700,301,71.35,71.38,71.24,L,15,74.7265
L,1260821,1700,301,71.35,71.38,71.24,L,16,76.8582
L,1260821,1700,301,71.35,71.38,71.24,L,17,80.8643
L,1260821,1700,301,71.35,71.38,71.24,L,18,80.9628
L,1260821,1700,301,71.35,71.38,71.24,L,19,82.6530
L,1260821,1700,301,71.35,71.38,71.24,L,20,83.1117
L,1260821,1700,301,71.35,71.38,71.24,L,21,82.9213
L,1260821,1700,301,71.35,71.38,71.24,L,22,82.9500
L,1260821,1700,301,71.35,71.38,71.24,L,23,84.9770
L,1260821,1700,301,71.35,71.38,71.24,L,24,85.9646
L,1260821,1700,301,71.35,71.38,71.24,L,25,85.6800
L,1260821,1700,301,71.35,71.38,71.24,L,26,85.9935
L,1260821,1700,301,71.35,71.38,71.24,L,27,82.7878
L,1260821,1700,301,71.35,71.38,71.24,L,28,83.2971
L,1260821,1700,301,71.35,71.38,71.24,L,29,83.2148
L,1260821,1700,301,71.35,71.38,71.24,L,30,84.7633
L,1260821,1700,301,71.35,71.38,71.24,L,31,84.3506
L,1260821,1700,301,71.35,71.38,71.24,L,32,85.0912
L,1260821,1700,301,71.35,71.38,71.24,L,33,83.4898
L,1260821,1700,301,71.35,71.38,71.24,L,34,82.7176
L,1260821,1700,301,71.35,71.38,71.24,L,35,85.1981
L,1260821,1700,301,71.35,71.38,71.24,L,36,87.0220
L,1260821,1700,301,71.35,71.38,71.24,L,37,88.5931
L,1260821,1700,301,71.35,71.38,71.24,L,38,89.4881
L,1260821,1700,301,71.35,71.38,71.24,L,39,90.0720
L,1260821,1700,301,71.35,71.38,71.24,L,40,92.4000
L,1260821,1700,301,71.35,71.38,71.24,L,41,92.8652
L,1260821,1700,301,71.35,71.38,71.24,L,42,91.3768
L,1260821,1700,301,71.35,71.38,71.24,L,43,93.3389
L,1260821,1700,301,71.35,71.38,71.24,L,44,91.0490
L,1260821,1700,301,71.35,71.38,71.24,L,45,92.5683
L,1260821,1700,301,71.35,71.38,71.24,L,46,93.1600
L,1260821,1700,301,71.35,71.38,71.24,L,47,93.7304
L,1260821,1700,301,71.35,71.38,71.24,L,48,89.8092
L,1260821,1700,301,71.35,71.38,71.24,L,49,93.7042
L,1260821,1700,301,71.35,71.38,71.24,L,50,96.4897
L,1260821,1700,301,71.35,71.38,71.24,L,51,101.0674
L,1260821,1700,301,71.35,71.38,71.24,L,52,109.0745
L,1260821,1700,301,71.35,71.38,71.24,L,53,119.1663
L,1260821,1700,301,71.35,71.38,71.24,L,54,121.8430
L,1260821,1700,301,71.35,71.38,71.24,L,55,104.6733
L,1260821,1700,301,71.35,71.38,71.24,L,56,80.1360
L,1260821,1700,301,71.35,71.38,71.24,L,57,70.1920
L,1260821,1700,301,71.35,71.38,71.24,L,58,144.7200
X,1260821,1700,301,71.35,71.38,71.24,71.0586
X,1260821,1700,301,71.35,71.38,71.24,71.0645
X,1260821,1700,301,71.35,71.38,71.24,71.0580
X,1260821,1700,301,71.35,71.38,71.24,71.0639
K,1260821,1700,301,71.35,71.38,71.24,71.0142,8
Q,1260821,1700,301,71.35,71.38,71.24,71.0586,4
L,1260824,200,302,69.88,70.49,69.17,U,0,71.2904
L,1260824,200,302,69.88,70.49,69.17,U,1,70.9501
L,1260824,200,302,69.88,70.49,69.17,U,2,70.9887
L,1260824,200,302,69.88,70.49,69.17,U,3,70.9480
L,1260824,200,302,69.88,70.49,69.17,U,4,68.4650
L,1260824,200,302,69.88,70.49,69.17,U,5,67.9074
L,1260824,200,302,69.88,70.49,69.17,U,6,68.4491
L,1260824,200,302,69.88,70.49,69.17,U,7,68.2012
L,1260824,200,302,69.88,70.49,69.17,U,8,69.0792
L,1260824,200,302,69.88,70.49,69.17,U,9,67.1260
L,1260824,200,302,69.88,70.49,69.17,U,10,67.7295
L,1260824,200,302,69.88,70.49,69.17,U,11,68.0253
L,1260824,200,302,69.88,70.49,69.17,U,12,64.3960
L,1260824,200,302,69.88,70.49,69.17,U,13,62.4014
L,1260824,200,302,69.88,70.49,69.17,U,14,60.2336
L,1260824,200,302,69.88,70.49,69.17,U,15,60.1233
L,1260824,200,302,69.88,70.49,69.17,U,16,67.3600
L,1260824,200,302,69.88,70.49,69.17,U,17,72.3520
L,1260824,200,302,69.88,70.49,69.17,L,0,71.0985
L,1260824,200,302,69.88,70.49,69.17,L,1,71.0671
L,1260824,200,302,69.88,70.49,69.17,L,2,70.2233
L,1260824,200,302,69.88,70.49,69.17,L,3,72.0573
L,1260824,200,302,69.88,70.49,69.17,L,4,70.8678
L,1260824,200,302,69.88,70.49,69.17,L,5,70.4698
L,1260824,200,302,69.88,70.49,69.17,L,6,71.1067
L,1260824,200,302,69.88,70.49,69.17,L,7,70.9770
L,1260824,200,302,69.88,70.49,69.17,L,8,72.9181
L,1260824,200,302,69.88,70.49,69.17,L,9,73.3917
L,1260824,200,302,69.88,70.49,69.17,L,10,72.7101
L,1260824,200,302,69.88,70.49,69.17,L,11,74.0377
L,1260824,200,302,69.88,70.49,69.17,L,12,73.5092
L,1260824,200,302,69.88,70.49,69.17,L,13,74.7968
L,1260824,200,302,69.88,70.49,69.17,L,14,74.8937
L,1260824,200,302,69.88,70.49,69.17,L,15,74.7750
L,1260824,200,302,69.88,70.49,69.17,L,16,76.9148
L,1260824,200,302,69.88,70.49,69.17,L,17,80.9361
L,1260824,200,302,69.88,70.49,69.17,L,18,81.0350
L,1260824,200,302,69.88,70.49,69.17,L,19,82.7315
L,1260824,200,302,69.88,70.49,69.17,L,20,83.1920
L,1260824,200,302,69.88,70.49,69.17,L,21,83.0009
L,1260824,200,302,69.88,70.49,69.17,L,22,83.0297
L,1260824,200,302,69.88,70.49,69.17,L,23,85.0644
L,1260824,200,302,69.88,70.49,69.17,L,24,86.0556
L,1260824,200,302,69.88,70.49,69.17,L,25,85.7700
L,1260824,200,302,69.88,70.49,69.17,L,26,86.0847
L,1260824,200,302,69.88,70.49,69.17,L,27,82.8668
L,1260824,200,302,69.88,70.49,69.17,L,28,83.3781
L,1260824,200,302,69.88,70.49,69.17,L,29,83.2955
L,1260824,200,302,69.88,70.49,69.17,L,30,84.8499
L,1260824,200,302,69.88,70.49,69.17,L,31,84.4356
L,1260824,200,302,69.88,70.49,69.17,L,32,85.1790
L,1260824,200,302,69.88,70.49,69.17,L,33,83.5715
L,1260824,200,302,69.88,70.49,69.17,L,34,82.7963
L,1260824,200,302,69.88,70.49,69.17,L,35,85.2863
L,1260824,200,302,69.88,70.49,69.17,L,36,87.1171
L,1260824,200,302,69.88,70.49,69.17,L,37,88.6941
L,1260824,200,302,69.88,70.49,69.17,L,38,89.5926
L,1260824,200,302,69.88,70.49,69.17,L,39,90.1786
L,1260824,200,302,69.88,70.49,69.17,L,40,92.5155
L,1260824,200,302,69.88,70.49,69.17,L,41,92.9824
L,1260824,200,302,69.88,70.49,69.17,L,42,91.4884
L,1260824,200,302,69.88,70.49,69.17,L,43,93.4579
L,1260824,200,302,69.88,70.49,69.17,L,44,91.1593
L,1260824,200,302,69.88,70.49,69.17,L,45,92.6844
L,1260824,200,302,69.88,70.49,69.17,L,46,93.2783
L,1260824,200,302,69.88,70.49,69.17,L,47,93.8509
L,1260824,200,302,69.88,70.49,69.17,L,48,89.9149
L,1260824,200,302,69.88,70.49,69.17,L,49,93.8246
L,1260824,200,302,69.88,70.49,69.17,L,50,96.6207
L,1260824,200,302,69.88,70.49,69.17,L,51,101.2157
L,1260824,200,302,69.88,70.49,69.17,L,52,109.2531
L,1260824,200,302,69.88,70.49,69.17,L,53,119.3832
L,1260824,200,302,69.88,70.49,69.17,L,54,122.0700
L,1260824,200,302,69.88,70.49,69.17,L,55,104.8353
L,1260824,200,302,69.88,70.49,69.17,L,56,80.2050
L,1260824,200,302,69.88,70.49,69.17,L,57,70.2233
L,1260824,200,302,69.88,70.49,69.17,L,58,145.0336
X,1260824,200,302,69.88,70.49,69.17,71.0357
X,1260824,200,302,69.88,70.49,69.17,70.9698
X,1260824,200,302,69.88,70.49,69.17,71.0688
X,1260824,200,302,69.88,70.49,69.17,71.0460
X,1260824,200,302,69.88,70.49,69.17,71.0748
X,1260824,200,302,69.88,70.49,69.17,71.0351
X,1260824,200,302,69.88,70.49,69.17,70.9692
K,1260824,200,302,69.88,70.49,69.17,71.0327,9
Q,1260824,200,302,69.88,70.49,69.17,71.0357,11
A,1260824,300,303,69.97,70.10,69.81,L,52,62.3900
L,1260824,300,303,69.97,70.10,69.81,U,0,71.2008
L,1260824,300,303,69.97,70.10,69.81,U,1,70.8562
L,1260824,300,303,69.97,70.10,69.81,U,2,70.8952
L,1260824,300,303,69.97,70.10,69.81,U,3,70.8540
L,1260824,300,303,69.97,70.10,69.81,U,4,68.3392
L,1260824,300,303,69.97,70.10,69.81,U,5,67.7744
L,1260824,300,303,69.97,70.10,69.81,U,6,68.3230
L,1260824,300,303,69.97,70.10,69.81,U,7,68.0720
L,1260824,300,303,69.97,70.10,69.81,U,8,68.9612
L,1260824,300,303,69.97,70.10,69.81,U,9,66.9830
L,1260824,300,303,69.97,70.10,69.81,U,10,67.5942
L,1260824,300,303,69.97,70.10,69.81,U,11,67.8938
L,1260824,300,303,69.97,70.10,69.81,U,12,64.2180
L,1260824,300,303,69.97,70.10,69.81,U,13,62.1979
L,1260824,300,303,69.97,70.10,69.81,U,14,60.0023
L,1260824,300,303,69.97,70.10,69.81,U,15,59.8906
L,1260824,300,303,69.97,70.10,69.81,U,16,67.2200
L,1260824,300,303,69.97,70.10,69.81,U,17,72.2760
L,1260824,300,303,69.97,70.10,69.81,L,0,69.1971
L,1260824,300,303,69.97,70.10,69.81,L,1,71.1342
L,1260824,300,303,69.97,70.10,69.81,L,2,71.1030
L,1260824,300,303,69.97,70.10,69.81,L,3,70.2547
L,1260824,300,303,69.97,70.10,69.81,L,4,72.1017
L,1260824,300,303,69.97,70.10,69.81,L,5,70.9045
L,1260824,300,303,69.97,70.10,69.81,L,6,70.5035
L,1260824,300,303,69.97,70.10,69.81,L,7,71.1471
L,1260824,300,303,69.97,70.10,69.81,L,8,71.0167
L,1260824,300,303,69.97,70.10,69.81,L,9,72.9827
L,1260824,300,303,69.97,70.10,69.81,L,10,73.4670
L,1260824,300,303,69.97,70.10,69.81,L,11,72.7800
L,1260824,300,303,69.97,70.10,69.81,L,12,74.1319
L,1260824,300,303,69.97,70.10,69.81,L,13,73.5980
L,1260824,300,303,69.97,70.10,69.81,L,14,74.9146
L,1260824,300,303,69.97,70.10,69.81,L,15,75.0168
L,1260824,300,303,69.97,70.10,69.81,L,16,74.9010
L,1260824,300,303,69.97,70.10,69.81,L,17,77.1010
L,1260824,300,303,69.97,70.10,69.81,L,18,81.2286
L,1260824,300,303,69.97,70.10,69.81,L,19,81.3391
L,1260824,300,303,69.97,70.10,69.81,L,20,83.1118
L,1260824,300,303,69.97,70.10,69.81,L,21,83.6285
L,1260824,300,303,69.97,70.10,69.81,L,22,83.4709
L,1260824,300,303,69.97,70.10,69.81,L,23,83.5145
L,1260824,300,303,69.97,70.10,69.81,L,24,85.6808
L,1260824,300,303,69.97,70.10,69.81,L,25,86.7304
L,1260824,300,303,69.97,70.10,69.81,L,26,86.4525
L,1260824,300,303,69.97,70.10,69.81,L,27,86.8322
L,1260824,300,303,69.97,70.10,69.81,L,28,83.4952
L,1260824,300,303,69.97,70.10,69.81,L,29,84.0591
L,1260824,300,303,69.97,70.10,69.81,L,30,84.0018
L,1260824,300,303,69.97,70.10,69.81,L,31,85.7194
L,1260824,300,303,69.97,70.10,69.81,L,32,85.3187
L,1260824,300,303,69.97,70.10,69.81,L,33,86.1338
L,1260824,300,303,69.97,70.10,69.81,L,34,84.4780
L,1260824,300,303,69.97,70.10,69.81,L,35,83.7034
L,1260824,300,303,69.97,70.10,69.81,L,36,86.4498
L,1260824,300,303,69.97,70.10,69.81,L,37,88.5418
L,1260824,300,303,69.97,70.10,69.81,L,38,90.3479
L,1260824,300,303,69.97,70.10,69.81,L,39,91.4087
L,1260824,300,303,69.97,70.10,69.81,L,40,92.1401
L,1260824,300,303,69.97,70.10,69.81,L,41,95.1395
L,1260824,300,303,69.97,70.10,69.81,L,42,95.7546
L,1260824,300,303,69.97,70.10,69.81,L,43,94.1729
L,1260824,300,303,69.97,70.10,69.81,L,44,96.6053
L,1260824,300,303,69.97,70.10,69.81,L,45,94.1042
L,1260824,300,303,69.97,70.10,69.81,L,46,95.9612
L,1260824,300,303,69.97,70.10,69.81,L,47,96.8388
L,1260824,300,303,69.97,70.10,69.81,L,48,97.7202
L,1260824,300,303,69.97,70.10,69.81,L,49,93.3467
L,1260824,300,303,69.97,70.10,69.81,L,50,98.1061
L,1260824,300,303,69.97,70.10,69.81,L,51,101.6141
L,1260824,300,303,69.97,70.10,69.81,L,52,107.6156
L,1260824,300,303,69.97,70.10,69.81,L,53,118.3128
L,1260824,300,303,69.97,70.10,69.81,L,54,133.4469
L,1260824,300,303,69.97,70.10,69.81,L,55,138.7468
L,1260824,300,303,69.97,70.10,69.81,L,56,126.4548
L,1260824,300,303,69.97,70.10,69.81,L,57,89.1633
X,1260824,300,303,69.97,70.10,69.81,70.8917
X,1260824,300,303,69.97,70.10,69.81,70.9020
X,1260824,300,303,69.97,70.10,69.81,70.9841
X,1260824,300,303,69.97,70.10,69.81,70.8911
K,1260824,300,303,69.97,70.10,69.81,71.0124,9
Q,1260824,300,303,69.97,70.10,69.81,70.8917,15
L,1260824,400,304,69.65,70.09,69.61,U,0,71.1112
L,1260824,400,304,69.65,70.09,69.61,U,1,70.7622
L,1260824,400,304,69.65,70.09,69.61,U,2,70.8017
L,1260824,400,304,69.65,70.09,69.61,U,3,70.7600
L,1260824,400,304,69.65,70.09,69.61,U,4,68.2133
L,1260824,400,304,69.65,70.09,69.61,U,5,67.6414
L,1260824,400,304,69.65,70.09,69.61,U,6,68.1970
L,1260824,400,304,69.65,70.09,69.61,U,7,67.9427
L,1260824,400,304,69.65,70.09,69.61,U,8,68.8433
L,1260824,400,304,69.65,70.09,69.61,U,9,66.8400
L,1260824,400,304,69.65,70.09,69.61,U,10,67.4589
L,1260824,400,304,69.65,70.09,69.61,U,11,67.7624
L,1260824,400,304,69.65,70.09,69.61,U,12,64.0400
L,1260824,400,304,69.65,70.09,69.61,U,13,61.9943
L,1260824,400,304,69.65,70.09,69.61,U,14,59.7709
L,1260824,400,304,69.65,70.09,69.61,U,15,59.6578
L,1260824,400,304,69.65,70.09,69.61,U,16,67.0800
L,1260824,400,304,69.65,70.09,69.61,U,17,72.2000
L,1260824,400,304,69.65,70.09,69.61,L,0,69.2242
L,1260824,400,304,69.65,70.09,69.61,L,1,71.1690
L,1260824,400,304,69.65,70.09,69.61,L,2,71.1377
L,1260824,400,304,69.65,70.09,69.61,L,3,70.2860
L,1260824,400,304,69.65,70.09,69.61,L,4,72.1404
L,1260824,400,304,69.65,70.09,69.61,L,5,70.9384
L,1260824,400,304,69.65,70.09,69.61,L,6,70.5358
L,1260824,400,304,69.65,70.09,69.61,L,7,71.1820
L,1260824,400,304,69.65,70.09,69.61,L,8,71.0511
L,1260824,400,304,69.65,70.09,69.61,L,9,73.0249
L,1260824,400,304,69.65,70.09,69.61,L,10,73.5111
L,1260824,400,304,69.65,70.09,69.61,L,11,72.8213
L,1260824,400,304,69.65,70.09,69.61,L,12,74.1787
L,1260824,400,304,69.65,70.09,69.61,L,13,73.6427
L,1260824,400,304,69.65,70.09,69.61,L,14,74.9645
L,1260824,400,304,69.65,70.09,69.61,L,15,75.0671
L,1260824,400,304,69.65,70.09,69.61,L,16,74.9508
L,1260824,400,304,69.65,70.09,69.61,L,17,77.1596
L,1260824,400,304,69.65,70.09,69.61,L,18,81.3037
L,1260824,400,304,69.65,70.09,69.61,L,19,81.4146
L,1260824,400,304,69.65,70.09,69.61,L,20,83.1943
L,1260824,400,304,69.65,70.09,69.61,L,21,83.7131
L,1260824,400,304,69.65,70.09,69.61,L,22,83.5549
L,1260824,400,304,69.65,70.09,69.61,L,23,83.5987
L,1260824,400,304,69.65,70.09,69.61,L,24,85.7736
L,1260824,400,304,69.65,70.09,69.61,L,25,86.8274
L,1260824,400,304,69.65,70.09,69.61,L,26,86.5484
L,1260824,400,304,69.65,70.09,69.61,L,27,86.9296
L,1260824,400,304,69.65,70.09,69.61,L,28,83.5793
L,1260824,400,304,69.65,70.09,69.61,L,29,84.1454
L,1260824,400,304,69.65,70.09,69.61,L,30,84.0879
L,1260824,400,304,69.65,70.09,69.61,L,31,85.8123
L,1260824,400,304,69.65,70.09,69.61,L,32,85.4100
L,1260824,400,304,69.65,70.09,69.61,L,33,86.2284
L,1260824,400,304,69.65,70.09,69.61,L,34,84.5660
L,1260824,400,304,69.65,70.09,69.61,L,35,83.7883
L,1260824,400,304,69.65,70.09,69.61,L,36,86.5457
L,1260824,400,304,69.65,70.09,69.61,L,37,88.6460
L,1260824,400,304,69.65,70.09,69.61,L,38,90.4593
L,1260824,400,304,69.65,70.09,69.61,L,39,91.5243
L,1260824,400,304,69.65,70.09,69.61,L,40,92.2586
L,1260824,400,304,69.65,70.09,69.61,L,41,95.2700
L,1260824,400,304,69.65,70.09,69.61,L,42,95.8876
L,1260824,400,304,69.65,70.09,69.61,L,43,94.2995
L,1260824,400,304,69.65,70.09,69.61,L,44,96.7416
L,1260824,400,304,69.65,70.09,69.61,L,45,94.2305
L,1260824,400,304,69.65,70.09,69.61,L,46,96.0950
L,1260824,400,304,69.65,70.09,69.61,L,47,96.9761
L,1260824,400,304,69.65,70.09,69.61,L,48,97.8609
L,1260824,400,304,69.65,70.09,69.61,L,49,93.4700
L,1260824,400,304,69.65,70.09,69.61,L,50,98.2484
L,1260824,400,304,69.65,70.09,69.61,L,51,101.7703
L,1260824,400,304,69.65,70.09,69.61,L,52,107.7958
L,1260824,400,304,69.65,70.09,69.61,L,53,118.5356
L,1260824,400,304,69.65,70.09,69.61,L,54,133.7300
L,1260824,400,304,69.65,70.09,69.61,L,55,139.0511
L,1260824,400,304,69.65,70.09,69.61,L,56,126.7100
L,1260824,400,304,69.65,70.09,69.61,L,57,89.2700
X,1260824,400,304,69.65,70.09,69.61,71.1528
X,1260824,400,304,69.65,70.09,69.61,71.1303
X,1260824,400,304,69.65,70.09,69.61,71.1622
K,1260824,400,304,69.65,70.09,69.61,70.9375,7
Q,1260824,400,304,69.65,70.09,69.61,71.1528,18
L,1260824,500,305,70.09,70.35,69.38,U,0,71.0216
L,1260824,500,305,70.09,70.35,69.38,U,1,70.6682
L,1260824,500,305,70.09,70.35,69.38,U,2,70.7083
L,1260824,500,305,70.09,70.35,69.38,U,3,70.6660
L,1260824,500,305,70.09,70.35,69.38,U,4,68.0875
L,1260824,500,305,70.09,70.35,69.38,U,5,67.5084
L,1260824,500,305,70.09,70.35,69.38,U,6,68.0709
L,1260824,500,305,70.09,70.35,69.38,U,7,67.8135
L,1260824,500,305,70.09,70.35,69.38,U,8,68.7253
L,1260824,500,305,70.09,70.35,69.38,U,9,66.6970
L,1260824,500,305,70.09,70.35,69.38,U,10,67.3237
L,1260824,500,305,70.09,70.35,69.38,U,11,67.6309
L,1260824,500,305,70.09,70.35,69.38,U,12,63.8620
L,1260824,500,305,70.09,70.35,69.38,U,13,61.7907
L,1260824,500,305,70.09,70.35,69.38,U,14,59.5395
L,1260824,500,305,70.09,70.35,69.38,U,15,59.4250
L,1260824,500,305,70.09,70.35,69.38,U,16,66.9400
L,1260824,500,305,70.09,70.35,69.38,U,17,72.1240
L,1260824,500,305,70.09,70.35,69.38,L,0,69.2514
L,1260824,500,305,70.09,70.35,69.38,L,1,71.2039
L,1260824,500,305,70.09,70.35,69.38,L,2,71.1724
L,1260824,500,305,70.09,70.35,69.38,L,3,70.3173
L,1260824,500,305,70.09,70.35,69.38,L,4,72.1791
L,1260824,500,305,70.09,70.35,69.38,L,5,70.9724
L,1260824,500,305,70.09,70.35,69.38,L,6,70.5681
L,1260824,500,305,70.09,70.35,69.38,L,7,71.2169
L,1260824,500,305,70.09,70.35,69.38,L,8,71.0855
L,1260824,500,305,70.09,70.35,69.38,L,9,73.0671
L,1260824,500,305,70.09,70.35,69.38,L,10,73.5553
L,1260824,500,305,70.09,70.35,69.38,L,11,72.8627
L,1260824,500,305,70.09,70.35,69.38,L,12,74.2255
L,1260824,500,305,70.09,70.35,69.38,L,13,73.6873
L,1260824,500,305,70.09,70.35,69.38,L,14,75.0144
L,1260824,500,305,70.09,70.35,69.38,L,15,75.1174
L,1260824,500,305,70.09,70.35,69.38,L,16,75.0007
L,1260824,500,305,70.09,70.35,69.38,L,17,77.2182
L,1260824,500,305,70.09,70.35,69.38,L,18,81.3787
L,1260824,500,305,70.09,70.35,69.38,L,19,81.4901
L,1260824,500,305,70.09,70.35,69.38,L,20,83.2769
L,1260824,500,305,70.09,70.35,69.38,L,21,83.7977
L,1260824,500,305,70.09,70.35,69.38,L,22,83.6389
L,1260824,500,305,70.09,70.35,69.38,L,23,83.6829
L,1260824,500,305,70.09,70.35,69.38,L,24,85.8664
L,1260824,500,305,70.09,70.35,69.38,L,25,86.9243
L,1260824,500,305,70.09,70.35,69.38,L,26,86.6443
L,1260824,500,305,70.09,70.35,69.38,L,27,87.0270
L,1260824,500,305,70.09,70.35,69.38,L,28,83.6634
L,1260824,500,305,70.09,70.35,69.38,L,29,84.2317
L,1260824,500,305,70.09,70.35,69.38,L,30,84.1740
L,1260824,500,305,70.09,70.35,69.38,L,31,85.9053
L,1260824,500,305,70.09,70.35,69.38,L,32,85.5013
L,1260824,500,305,70.09,70.35,69.38,L,33,86.3230
L,1260824,500,305,70.09,70.35,69.38,L,34,84.6540
L,1260824,500,305,70.09,70.35,69.38,L,35,83.8732
L,1260824,500,305,70.09,70.35,69.38,L,36,86.6415
L,1260824,500,305,70.09,70.35,69.38,L,37,88.7502
L,1260824,500,305,70.09,70.35,69.38,L,38,90.5707
L,1260824,500,305,70.09,70.35,69.38,L,39,91.6399
L,1260824,500,305,70.09,70.35,69.38,L,40,92.3772
L,1260824,500,305,70.09,70.35,69.38,L,41,95.4005
L,1260824,500,305,70.09,70.35,69.38,L,42,96.0205
L,1260824,500,305,70.09,70.35,69.38,L,43,94.4261
L,1260824,500,305,70.09,70.35,69.38,L,44,96.8779
L,1260824,500,305,70.09,70.35,69.38,L,45,94.3569
L,1260824,500,305,70.09,70.35,69.38,L,46,96.2287
L,1260824,500,305,70.09,70.35,69.38,L,47,97.1133
L,1260824,500,305,70.09,70.35,69.38,L,48,98.0017
L,1260824,500,305,70.09,70.35,69.38,L,49,93.5933
L,1260824,500,305,70.09,70.35,69.38,L,50,98.3907
L,1260824,500,305,70.09,70.35,69.38,L,51,101.9266
L,1260824,500,305,70.09,70.35,69.38,L,52,107.9760
L,1260824,500,305,70.09,70.35,69.38,L,53,118.7584
L,1260824,500,305,70.09,70.35,69.38,L,54,134.0131
L,1260824,500,305,70.09,70.35,69.38,L,55,139.3553
L,1260824,500,305,70.09,70.35,69.38,L,56,126.9652
L,1260824,500,305,70.09,70.35,69.38,L,57,89.3767
X,1260824,500,305,70.09,70.35,69.38,71.0677
X,1260824,500,305,70.09,70.35,69.38,72.1605
K,1260824,500,305,70.09,70.35,69.38,71.1121,6
Q,1260824,500,305,70.09,70.35,69.38,71.0677,15
L,1260824,600,306,69.80,70.08,69.57,U,0,70.2521
L,1260824,600,306,69.80,70.08,69.57,U,1,70.9319
L,1260824,600,306,69.80,70.08,69.57,U,2,70.5742
L,1260824,600,306,69.80,70.08,69.57,U,3,70.6148
L,1260824,600,306,69.80,70.08,69.57,U,4,70.5720
L,1260824,600,306,69.80,70.08,69.57,U,5,67.9617
L,1260824,600,306,69.80,70.08,69.57,U,6,67.3754
L,1260824,600,306,69.80,70.08,69.57,U,7,67.9449
L,1260824,600,306,69.80,70.08,69.57,U,8,67.6843
L,1260824,600,306,69.80,70.08,69.57,U,9,68.6073
L,1260824,600,306,69.80,70.08,69.57,U,10,66.5540
L,1260824,600,306,69.80,70.08,69.57,U,11,67.1884
L,1260824,600,306,69.80,70.08,69.57,U,12,67.4994
L,1260824,600,306,69.80,70.08,69.57,U,13,63.6840
L,1260824,600,306,69.80,70.08,69.57,U,14,61.5871
L,1260824,600,306,69.80,70.08,69.57,U,15,59.3082
L,1260824,600,306,69.80,70.08,69.57,U,16,59.1922
L,1260824,600,306,69.80,70.08,69.57,U,17,66.8000
L,1260824,600,306,69.80,70.08,69.57,U,18,72.0480
L,1260824,600,306,69.80,70.08,69.57,L,0,69.4076
L,1260824,600,306,69.80,70.08,69.57,L,1,69.2785
L,1260824,600,306,69.80,70.08,69.57,L,2,71.2387
L,1260824,600,306,69.80,70.08,69.57,L,3,71.2071
L,1260824,600,306,69.80,70.08,69.57,L,4,70.3487
L,1260824,600,306,69.80,70.08,69.57,L,5,72.2178
L,1260824,600,306,69.80,70.08,69.57,L,6,71.0063
L,1260824,600,306,69.80,70.08,69.57,L,7,70.6004
L,1260824,600,306,69.80,70.08,69.57,L,8,71.2518
L,1260824,600,306,69.80,70.08,69.57,L,9,71.1198
L,1260824,600,306,69.80,70.08,69.57,L,10,73.1093
L,1260824,600,306,69.80,70.08,69.57,L,11,73.5994
L,1260824,600,306,69.80,70.08,69.57,L,12,72.9041
L,1260824,600,306,69.80,70.08,69.57,L,13,74.2722
L,1260824,600,306,69.80,70.08,69.57,L,14,73.7320
L,1260824,600,306,69.80,70.08,69.57,L,15,75.0643
L,1260824,600,306,69.80,70.08,69.57,L,16,75.1678
L,1260824,600,306,69.80,70.08,69.57,L,17,75.0505
L,1260824,600,306,69.80,70.08,69.57,L,18,77.2768
L,1260824,600,306,69.80,70.08,69.57,L,19,81.4538
L,1260824,600,306,69.80,70.08,69.57,L,20,81.5656
L,1260824,600,306,69.80,70.08,69.57,L,21,83.3594
L,1260824,600,306,69.80,70.08,69.57,L,22,83.8823
L,1260824,600,306,69.80,70.08,69.57,L,23,83.7229
L,1260824,600,306,69.80,70.08,69.57,L,24,83.7670
L,1260824,600,306,69.80,70.08,69.57,L,25,85.9592
L,1260824,600,306,69.80,70.08,69.57,L,26,87.0213
L,1260824,600,306,69.80,70.08,69.57,L,27,86.7401
L,1260824,600,306,69.80,70.08,69.57,L,28,87.1243
L,1260824,600,306,69.80,70.08,69.57,L,29,83.7475
L,1260824,600,306,69.80,70.08,69.57,L,30,84.3181
L,1260824,600,306,69.80,70.08,69.57,L,31,84.2601
L,1260824,600,306,69.80,70.08,69.57,L,32,85.9982
L,1260824,600,306,69.80,70.08,69.57,L,33,85.5927
L,1260824,600,306,69.80,70.08,69.57,L,34,86.4176
L,1260824,600,306,69.80,70.08,69.57,L,35,84.7420
L,1260824,600,306,69.80,70.08,69.57,L,36,83.9581
L,1260824,600,306,69.80,70.08,69.57,L,37,86.7374
L,1260824,600,306,69.80,70.08,69.57,L,38,88.8544
L,1260824,600,306,69.80,70.08,69.57,L,39,90.6821
L,1260824,600,306,69.80,70.08,69.57,L,40,91.7555
L,1260824,600,306,69.80,70.08,69.57,L,41,92.4957
L,1260824,600,306,69.80,70.08,69.57,L,42,95.5310
L,1260824,600,306,69.80,70.08,69.57,L,43,96.1534
L,1260824,600,306,69.80,70.08,69.57,L,44,94.5527
L,1260824,600,306,69.80,70.08,69.57,L,45,97.0142
L,1260824,600,306,69.80,70.08,69.57,L,46,94.4832
L,1260824,600,306,69.80,70.08,69.57,L,47,96.3625
L,1260824,600,306,69.80,70.08,69.57,L,48,97.2506
L,1260824,600,306,69.80,70.08,69.57,L,49,98.1424
L,1260824,600,306,69.80,70.08,69.57,L,50,93.7167
L,1260824,600,306,69.80,70.08,69.57,L,51,98.5330
L,1260824,600,306,69.80,70.08,69.57,L,52,102.0829
L,1260824,600,306,69.80,70.08,69.57,L,53,108.1562
L,1260824,600,306,69.80,70.08,69.57,L,54,118.9812
L,1260824,600,306,69.80,70.08,69.57,L,55,134.2962
L,1260824,600,306,69.80,70.08,69.57,L,56,139.6595
L,1260824,600,306,69.80,70.08,69.57,L,57,127.2205
L,1260824,600,306,69.80,70.08,69.57,L,58,89.4833
X,1260824,600,306,69.80,70.08,69.57,70.3253
X,1260824,600,306,69.80,70.08,69.57,70.9859
X,1260824,600,306,69.80,70.08,69.57,70.5937
X,1260824,600,306,69.80,70.08,69.57,70.5932
K,1260824,600,306,69.80,70.08,69.57,71.1259,6
Q,1260824,600,306,69.80,70.08,69.57,70.9859,9
L,1260824,700,307,68.46,70.06,67.93,U,0,70.1542
L,1260824,700,307,68.46,70.06,67.93,U,1,70.8423
L,1260824,700,307,68.46,70.06,67.93,U,2,70.4803
L,1260824,700,307,68.46,70.06,67.93,U,3,70.5213
L,1260824,700,307,68.46,70.06,67.93,U,4,70.4780
L,1260824,700,307,68.46,70.06,67.93,U,5,67.8358
L,1260824,700,307,68.46,70.06,67.93,U,6,67.2425
L,1260824,700,307,68.46,70.06,67.93,U,7,67.8189
L,1260824,700,307,68.46,70.06,67.93,U,8,67.5551
L,1260824,700,307,68.46,70.06,67.93,U,9,68.4894
L,1260824,700,307,68.46,70.06,67.93,U,10,66.4110
L,1260824,700,307,68.46,70.06,67.93,U,11,67.0532
L,1260824,700,307,68.46,70.06,67.93,U,12,67.3679
L,1260824,700,307,68.46,70.06,67.93,U,13,63.5060
L,1260824,700,307,68.46,70.06,67.93,U,14,61.3836
L,1260824,700,307,68.46,70.06,67.93,U,15,59.0768
L,1260824,700,307,68.46,70.06,67.93,U,16,58.9594
L,1260824,700,307,68.46,70.06,67.93,U,17,66.6600
L,1260824,700,307,68.46,70.06,67.93,U,18,71.9720
L,1260824,700,307,68.46,70.06,67.93,L,0,69.4353
L,1260824,700,307,68.46,70.06,67.93,L,1,69.3056
L,1260824,700,307,68.46,70.06,67.93,L,2,71.2735
L,1260824,700,307,68.46,70.06,67.93,L,3,71.2418
L,1260824,700,307,68.46,70.06,67.93,L,4,70.3800
L,1260824,700,307,68.46,70.06,67.93,L,5,72.2565
L,1260824,700,307,68.46,70.06,67.93,L,6,71.0402
L,1260824,700,307,68.46,70.06,67.93,L,7,70.6328
L,1260824,700,307,68.46,70.06,67.93,L,8,71.2867
L,1260824,700,307,68.46,70.06,67.93,L,9,71.1542
L,1260824,700,307,68.46,70.06,67.93,L,10,73.1515
L,1260824,700,307,68.46,70.06,67.93,L,11,73.6435
L,1260824,700,307,68.46,70.06,67.93,L,12,72.9455
L,1260824,700,307,68.46,70.06,67.93,L,13,74.3190
L,1260824,700,307,68.46,70.06,67.93,L,14,73.7766
L,1260824,700,307,68.46,70.06,67.93,L,15,75.1142
L,1260824,700,307,68.46,70.06,67.93,L,16,75.2181
L,1260824,700,307,68.46,70.06,67.93,L,17,75.1004
L,1260824,700,307,68.46,70.06,67.93,L,18,77.3355
L,1260824,700,307,68.46,70.06,67.93,L,19,81.5289
L,1260824,700,307,68.46,70.06,67.93,L,20,81.6411
L,1260824,700,307,68.46,70.06,67.93,L,21,83.4420
L,1260824,700,307,68.46,70.06,67.93,L,22,83.9669
L,1260824,700,307,68.46,70.06,67.93,L,23,83.8069
L,1260824,700,307,68.46,70.06,67.93,L,24,83.8512
L,1260824,700,307,68.46,70.06,67.93,L,25,86.0520
L,1260824,700,307,68.46,70.06,67.93,L,26,87.1183
L,1260824,700,307,68.46,70.06,67.93,L,27,86.8360
L,1260824,700,307,68.46,70.06,67.93,L,28,87.2217
L,1260824,700,307,68.46,70.06,67.93,L,29,83.8315
L,1260824,700,307,68.46,70.06,67.93,L,30,84.4044
L,1260824,700,307,68.46,70.06,67.93,L,31,84.3462
L,1260824,700,307,68.46,70.06,67.93,L,32,86.0912
L,1260824,700,307,68.46,70.06,67.93,L,33,85.6840
L,1260824,700,307,68.46,70.06,67.93,L,34,86.5122
L,1260824,700,307,68.46,70.06,67.93,L,35,84.8300
L,1260824,700,307,68.46,70.06,67.93,L,36,84.0430
L,1260824,700,307,68.46,70.06,67.93,L,37,86.8332
L,1260824,700,307,68.46,70.06,67.93,L,38,88.9586
L,1260824,700,307,68.46,70.06,67.93,L,39,90.7935
L,1260824,700,307,68.46,70.06,67.93,L,40,91.8711
L,1260824,700,307,68.46,70.06,67.93,L,41,92.6142
L,1260824,700,307,68.46,70.06,67.93,L,42,95.6614
L,1260824,700,307,68.46,70.06,67.93,L,43,96.2863
L,1260824,700,307,68.46,70.06,67.93,L,44,94.6794
L,1260824,700,307,68.46,70.06,67.93,L,45,97.1505
L,1260824,700,307,68.46,70.06,67.93,L,46,94.6096
L,1260824,700,307,68.46,70.06,67.93,L,47,96.4962
L,1260824,700,307,68.46,70.06,67.93,L,48,97.3878
L,1260824,700,307,68.46,70.06,67.93,L,49,98.2832
L,1260824,700,307,68.46,70.06,67.93,L,50,93.8400
L,1260824,700,307,68.46,70.06,67.93,L,51,98.6752
L,1260824,700,307,68.46,70.06,67.93,L,52,102.2392
L,1260824,700,307,68.46,70.06,67.93,L,53,108.3364
L,1260824,700,307,68.46,70.06,67.93,L,54,119.2040
L,1260824,700,307,68.46,70.06,67.93,L,55,134.5793
L,1260824,700,307,68.46,70.06,67.93,L,56,139.9637
L,1260824,700,307,68.46,70.06,67.93,L,57,127.4757
L,1260824,700,307,68.46,70.06,67.93,L,58,89.5900
X,1260824,700,307,68.46,70.06,67.93,70.6041
K,1260824,700,307,68.46,70.06,67.93,67.2212,3
Q,1260824,700,307,68.46,70.06,67.93,70.6041,4
A,1260824,800,308,68.90,69.09,67.96,L,67,63.9900
L,1260824,800,308,68.90,69.09,67.96,U,0,70.0563
L,1260824,800,308,68.90,69.09,67.96,U,1,70.7527
L,1260824,800,308,68.90,69.09,67.96,U,2,70.3863
L,1260824,800,308,68.90,69.09,67.96,U,3,70.4278
L,1260824,800,308,68.90,69.09,67.96,U,4,70.3840
L,1260824,800,308,68.90,69.09,67.96,U,5,67.7100
L,1260824,800,308,68.90,69.09,67.96,U,6,67.1095
L,1260824,800,308,68.90,69.09,67.96,U,7,67.6928
L,1260824,800,308,68.90,69.09,67.96,U,8,67.4259
L,1260824,800,308,68.90,69.09,67.96,U,9,68.3714
L,1260824,800,308,68.90,69.09,67.96,U,10,66.2680
L,1260824,800,308,68.90,69.09,67.96,U,11,66.9179
L,1260824,800,308,68.90,69.09,67.96,U,12,67.2365
L,1260824,800,308,68.90,69.09,67.96,U,13,63.3280
L,1260824,800,308,68.90,69.09,67.96,U,14,61.1800
L,1260824,800,308,68.90,69.09,67.96,U,15,58.8455
L,1260824,800,308,68.90,69.09,67.96,U,16,58.7267
L,1260824,800,308,68.90,69.09,67.96,U,17,66.5200
L,1260824,800,308,68.90,69.09,67.96,U,18,71.8960
L,1260824,800,308,68.90,69.09,67.96,L,0,67.9464
L,1260824,800,308,68.90,69.09,67.96,L,1,69.4479
L,1260824,800,308,68.90,69.09,67.96,L,2,69.3023
L,1260824,800,308,68.90,69.09,67.96,L,3,71.2617
L,1260824,800,308,68.90,69.09,67.96,L,4,71.2200
L,1260824,800,308,68.90,69.09,67.96,L,5,70.3310
L,1260824,800,308,68.90,69.09,67.96,L,6,72.2079
L,1260824,800,308,68.90,69.09,67.96,L,7,70.9535
L,1260824,800,308,68.90,69.09,67.96,L,8,70.5185
L,1260824,800,308,68.90,69.09,67.96,L,9,71.1626
L,1260824,800,308,68.90,69.09,67.96,L,10,71.0104
L,1260824,800,308,68.90,69.09,67.96,L,11,73.0127
L,1260824,800,308,68.90,69.09,67.96,L,12,73.4839
L,1260824,800,308,68.90,69.09,67.96,L,13,72.7434
L,1260824,800,308,68.90,69.09,67.96,L,14,74.1247
L,1260824,800,308,68.90,69.09,67.96,L,15,73.5527
L,1260824,800,308,68.90,69.09,67.96,L,16,74.8943
L,1260824,800,308,68.90,69.09,67.96,L,17,74.9881
L,1260824,800,308,68.90,69.09,67.96,L,18,74.8485
L,1260824,800,308,68.90,69.09,67.96,L,19,77.1049
L,1260824,800,308,68.90,69.09,67.96,L,20,81.4019
L,1260824,800,308,68.90,69.09,67.96,L,21,81.5094
L,1260824,800,308,68.90,69.09,67.96,L,22,83.3448
L,1260824,800,308,68.90,69.09,67.96,L,23,83.8647
L,1260824,800,308,68.90,69.09,67.96,L,24,83.6771
L,1260824,800,308,68.90,69.09,67.96,L,25,83.7157
L,1260824,800,308,68.90,69.09,67.96,L,26,85.9921
L,1260824,800,308,68.90,69.09,67.96,L,27,87.1049
L,1260824,800,308,68.90,69.09,67.96,L,28,86.8047
L,1260824,800,308,68.90,69.09,67.96,L,29,87.2002
L,1260824,800,308,68.90,69.09,67.96,L,30,83.6116
L,1260824,800,308,68.90,69.09,67.96,L,31,84.2029
L,1260824,800,308,68.90,69.09,67.96,L,32,84.1264
L,1260824,800,308,68.90,69.09,67.96,L,33,85.9548
L,1260824,800,308,68.90,69.09,67.96,L,34,85.5063
L,1260824,800,308,68.90,69.09,67.96,L,35,86.3875
L,1260824,800,308,68.90,69.09,67.96,L,36,84.5553
L,1260824,800,308,68.90,69.09,67.96,L,37,83.6756
L,1260824,800,308,68.90,69.09,67.96,L,38,86.6842
L,1260824,800,308,68.90,69.09,67.96,L,39,89.0004
L,1260824,800,308,68.90,69.09,67.96,L,40,91.0324
L,1260824,800,308,68.90,69.09,67.96,L,41,92.2422
L,1260824,800,308,68.90,69.09,67.96,L,42,93.0908
L,1260824,800,308,68.90,69.09,67.96,L,43,96.6822
L,1260824,800,308,68.90,69.09,67.96,L,44,97.4422
L,1260824,800,308,68.90,69.09,67.96,L,45,95.6166
L,1260824,800,308,68.90,69.09,67.96,L,46,98.5992
L,1260824,800,308,68.90,69.09,67.96,L,47,95.6468
L,1260824,800,308,68.90,69.09,67.96,L,48,97.9414
L,1260824,800,308,68.90,69.09,67.96,L,49,99.1135
L,1260824,800,308,68.90,69.09,67.96,L,50,100.3290
L,1260824,800,308,68.90,69.09,67.96,L,51,94.9685
L,1260824,800,308,68.90,69.09,67.96,L,52,101.0830
L,1260824,800,308,68.90,69.09,67.96,L,53,105.7268
L,1260824,800,308,68.90,69.09,67.96,L,54,114.0577
L,1260824,800,308,68.90,69.09,67.96,L,55,129.6797
L,1260824,800,308,68.90,69.09,67.96,L,56,155.8378
L,1260824,800,308,68.90,69.09,67.96,L,57,168.3535
L,1260824,800,308,68.90,69.09,67.96,L,58,215.0167
X,1260824,800,308,68.90,69.09,67.96,70.4981
K,1260824,800,308,68.90,69.09,67.96,70.4667,6
Q,1260824,800,308,68.90,69.09,67.96,70.4981,5
L,1260824,900,309,69.53,69.77,68.57,U,0,69.9584
L,1260824,900,309,69.53,69.77,68.57,U,1,70.6631
L,1260824,900,309,69.53,69.77,68.57,U,2,70.2923
L,1260824,900,309,69.53,69.77,68.57,U,3,70.3343
L,1260824,900,309,69.53,69.77,68.57,U,4,70.2900
L,1260824,900,309,69.53,69.77,68.57,U,5,67.5842
L,1260824,900,309,69.53,69.77,68.57,U,6,66.9765
L,1260824,900,309,69.53,69.77,68.57,U,7,67.5668
L,1260824,900,309,69.53,69.77,68.57,U,8,67.2967
L,1260824,900,309,69.53,69.77,68.57,U,9,68.2535
L,1260824,900,309,69.53,69.77,68.57,U,10,66.1250
L,1260824,900,309,69.53,69.77,68.57,U,11,66.7826
L,1260824,900,309,69.53,69.77,68.57,U,12,67.1050
L,1260824,900,309,69.53,69.77,68.57,U,13,63.1500
L,1260824,900,309,69.53,69.77,68.57,U,14,60.9764
L,1260824,900,309,69.53,69.77,68.57,U,15,58.6141
L,1260824,900,309,69.53,69.77,68.57,U,16,58.4939
L,1260824,900,309,69.53,69.77,68.57,U,17,66.3800
L,1260824,900,309,69.53,69.77,68.57,U,18,71.8200
L,1260824,900,309,69.53,69.77,68.57,L,0,67.9628
L,1260824,900,309,69.53,69.77,68.57,L,1,69.4706
L,1260824,900,309,69.53,69.77,68.57,L,2,69.3243
L,1260824,900,309,69.53,69.77,68.57,L,3,71.2919
L,1260824,900,309,69.53,69.77,68.57,L,4,71.2500
L,1260824,900,309,69.53,69.77,68.57,L,5,70.3573
L,1260824,900,309,69.53,69.77,68.57,L,6,72.2420
L,1260824,900,309,69.53,69.77,68.57,L,7,70.9824
L,1260824,900,309,69.53,69.77,68.57,L,8,70.5456
L,1260824,900,309,69.53,69.77,68.57,L,9,71.1924
L,1260824,900,309,69.53,69.77,68.57,L,10,71.0396
L,1260824,900,309,69.53,69.77,68.57,L,11,73.0501
L,1260824,900,309,69.53,69.77,68.57,L,12,73.5233
L,1260824,900,309,69.53,69.77,68.57,L,13,72.7797
L,1260824,900,309,69.53,69.77,68.57,L,14,74.1667
L,1260824,900,309,69.53,69.77,68.57,L,15,73.5924
L,1260824,900,309,69.53,69.77,68.57,L,16,74.9395
L,1260824,900,309,69.53,69.77,68.57,L,17,75.0338
L,1260824,900,309,69.53,69.77,68.57,L,18,74.8936
L,1260824,900,309,69.53,69.77,68.57,L,19,77.1593
L,1260824,900,309,69.53,69.77,68.57,L,20,81.4741
L,1260824,900,309,69.53,69.77,68.57,L,21,81.5821
L,1260824,900,309,69.53,69.77,68.57,L,22,83.4252
L,1260824,900,309,69.53,69.77,68.57,L,23,83.9471
L,1260824,900,309,69.53,69.77,68.57,L,24,83.7588
L,1260824,900,309,69.53,69.77,68.57,L,25,83.7975
L,1260824,900,309,69.53,69.77,68.57,L,26,86.0834
L,1260824,900,309,69.53,69.77,68.57,L,27,87.2008
L,1260824,900,309,69.53,69.77,68.57,L,28,86.8993
L,1260824,900,309,69.53,69.77,68.57,L,29,87.2965
L,1260824,900,309,69.53,69.77,68.57,L,30,83.6930
L,1260824,900,309,69.53,69.77,68.57,L,31,84.2868
L,1260824,900,309,69.53,69.77,68.57,L,32,84.2100
L,1260824,900,309,69.53,69.77,68.57,L,33,86.0460
L,1260824,900,309,69.53,69.77,68.57,L,34,85.5956
L,1260824,900,309,69.53,69.77,68.57,L,35,86.4805
L,1260824,900,309,69.53,69.77,68.57,L,36,84.6407
L,1260824,900,309,69.53,69.77,68.57,L,37,83.7573
L,1260824,900,309,69.53,69.77,68.57,L,38,86.7783
L,1260824,900,309,69.53,69.77,68.57,L,39,89.1042
L,1260824,900,309,69.53,69.77,68.57,L,40,91.1447
L,1260824,900,309,69.53,69.77,68.57,L,41,92.3594
L,1260824,900,309,69.53,69.77,68.57,L,42,93.2115
L,1260824,900,309,69.53,69.77,68.57,L,43,96.8178
L,1260824,900,309,69.53,69.77,68.57,L,44,97.5810
L,1260824,900,309,69.53,69.77,68.57,L,45,95.7478
L,1260824,900,309,69.53,69.77,68.57,L,46,98.7428
L,1260824,900,309,69.53,69.77,68.57,L,47,95.7781
L,1260824,900,309,69.53,69.77,68.57,L,48,98.0823
L,1260824,900,309,69.53,69.77,68.57,L,49,99.2593
L,1260824,900,309,69.53,69.77,68.57,L,50,100.4798
L,1260824,900,309,69.53,69.77,68.57,L,51,95.0971
L,1260824,900,309,69.53,69.77,68.57,L,52,101.2370
L,1260824,900,309,69.53,69.77,68.57,L,53,105.9000
L,1260824,900,309,69.53,69.77,68.57,L,54,114.2655
L,1260824,900,309,69.53,69.77,68.57,L,55,129.9523
L,1260824,900,309,69.53,69.77,68.57,L,56,156.2189
L,1260824,900,309,69.53,69.77,68.57,L,57,168.7865
L,1260824,900,309,69.53,69.77,68.57,L,58,215.6433
X,1260824,900,309,69.53,69.77,68.57,70.3431
X,1260824,900,309,69.53,69.77,68.57,70.3523
X,1260824,900,309,69.53,69.77,68.57,70.3426
K,1260824,900,309,69.53,69.77,68.57,70.4138,6
Q,1260824,900,309,69.53,69.77,68.57,70.3431,8
L,1260824,1000,310,69.52,69.91,69.44,U,0,69.8605
L,1260824,1000,310,69.52,69.91,69.44,U,1,70.5735
L,1260824,1000,310,69.52,69.91,69.44,U,2,70.1984
L,1260824,1000,310,69.52,69.91,69.44,U,3,70.2409
L,1260824,1000,310,69.52,69.91,69.44,U,4,70.1960
L,1260824,1000,310,69.52,69.91,69.44,U,5,67.4583
L,1260824,1000,310,69.52,69.91,69.44,U,6,66.8435
L,1260824,1000,310,69.52,69.91,69.44,U,7,67.4408
L,1260824,1000,310,69.52,69.91,69.44,U,8,67.1675
L,1260824,1000,310,69.52,69.91,69.44,U,9,68.1355
L,1260824,1000,310,69.52,69.91,69.44,U,10,65.9820
L,1260824,1000,310,69.52,69.91,69.44,U,11,66.6474
L,1260824,1000,310,69.52,69.91,69.44,U,12,66.9735
L,1260824,1000,310,69.52,69.91,69.44,U,13,62.9720
L,1260824,1000,310,69.52,69.91,69.44,U,14,60.7729
L,1260824,1000,310,69.52,69.91,69.44,U,15,58.3827
L,1260824,1000,310,69.52,69.91,69.44,U,16,58.2611
L,1260824,1000,310,69.52,69.91,69.44,U,17,66.2400
L,1260824,1000,310,69.52,69.91,69.44,U,18,71.7440
L,1260824,1000,310,69.52,69.91,69.44,L,0,67.9793
L,1260824,1000,310,69.52,69.91,69.44,L,1,69.4932
L,1260824,1000,310,69.52,69.91,69.44,L,2,69.3463
L,1260824,1000,310,69.52,69.91,69.44,L,3,71.3221
L,1260824,1000,310,69.52,69.91,69.44,L,4,71.2800
L,1260824,1000,310,69.52,69.91,69.44,L,5,70.3836
L,1260824,1000,310,69.52,69.91,69.44,L,6,72.2761
L,1260824,1000,310,69.52,69.91,69.44,L,7,71.0112
L,1260824,1000,310,69.52,69.91,69.44,L,8,70.5727
L,1260824,1000,310,69.52,69.91,69.44,L,9,71.2221
L,1260824,1000,310,69.52,69.91,69.44,L,10,71.0687
L,1260824,1000,310,69.52,69.91,69.44,L,11,73.0875
L,1260824,1000,310,69.52,69.91,69.44,L,12,73.5627
L,1260824,1000,310,69.52,69.91,69.44,L,13,72.8161
L,1260824,1000,310,69.52,69.91,69.44,L,14,74.2088
L,1260824,1000,310,69.52,69.91,69.44,L,15,73.6320
L,1260824,1000,310,69.52,69.91,69.44,L,16,74.9848
L,1260824,1000,310,69.52,69.91,69.44,L,17,75.0794
L,1260824,1000,310,69.52,69.91,69.44,L,18,74.9387
L,1260824,1000,310,69.52,69.91,69.44,L,19,77.2137
L,1260824,1000,310,69.52,69.91,69.44,L,20,81.5464
L,1260824,1000,310,69.52,69.91,69.44,L,21,81.6548
L,1260824,1000,310,69.52,69.91,69.44,L,22,83.5055
L,1260824,1000,310,69.52,69.91,69.44,L,23,84.0296
L,1260824,1000,310,69.52,69.91,69.44,L,24,83.8405
L,1260824,1000,310,69.52,69.91,69.44,L,25,83.8794
L,1260824,1000,310,69.52,69.91,69.44,L,26,86.1747
L,1260824,1000,310,69.52,69.91,69.44,L,27,87.2967
L,1260824,1000,310,69.52,69.91,69.44,L,28,86.9940
L,1260824,1000,310,69.52,69.91,69.44,L,29,87.3928
L,1260824,1000,310,69.52,69.91,69.44,L,30,83.7744
L,1260824,1000,310,69.52,69.91,69.44,L,31,84.3706
L,1260824,1000,310,69.52,69.91,69.44,L,32,84.2936
L,1260824,1000,310,69.52,69.91,69.44,L,33,86.1371
L,1260824,1000,310,69.52,69.91,69.44,L,34,85.6849
L,1260824,1000,310,69.52,69.91,69.44,L,35,86.5734
L,1260824,1000,310,69.52,69.91,69.44,L,36,84.7260
L,1260824,1000,310,69.52,69.91,69.44,L,37,83.8390
L,1260824,1000,310,69.52,69.91,69.44,L,38,86.8725
L,1260824,1000,310,69.52,69.91,69.44,L,39,89.2080
L,1260824,1000,310,69.52,69.91,69.44,L,40,91.2569
L,1260824,1000,310,69.52,69.91,69.44,L,41,92.4766
L,1260824,1000,310,69.52,69.91,69.44,L,42,93.3323
L,1260824,1000,310,69.52,69.91,69.44,L,43,96.9535
L,1260824,1000,310,69.52,69.91,69.44,L,44,97.7199
L,1260824,1000,310,69.52,69.91,69.44,L,45,95.8791
L,1260824,1000,310,69.52,69.91,69.44,L,46,98.8864
L,1260824,1000,310,69.52,69.91,69.44,L,47,95.9095
L,1260824,1000,310,69.52,69.91,69.44,L,48,98.2232
L,1260824,1000,310,69.52,69.91,69.44,L,49,99.4050
L,1260824,1000,310,69.52,69.91,69.44,L,50,100.6306
L,1260824,1000,310,69.52,69.91,69.44,L,51,95.2256
L,1260824,1000,310,69.52,69.91,69.44,L,52,101.3909
L,1260824,1000,310,69.52,69.91,69.44,L,53,106.0732
L,1260824,1000,310,69.52,69.91,69.44,L,54,114.4732
L,1260824,1000,310,69.52,69.91,69.44,L,55,130.2249
L,1260824,1000,310,69.52,69.91,69.44,L,56,156.6000
L,1260824,1000,310,69.52,69.91,69.44,L,57,169.2196
L,1260824,1000,310,69.52,69.91,69.44,L,58,216.2700
K,1260824,1000,310,69.52,69.91,69.44,70.3608,6
L,1260824,1100,311,69.19,69.81,69.14,U,0,69.8127
L,1260824,1100,311,69.19,69.81,69.14,U,1,69.7626
L,1260824,1100,311,69.19,69.81,69.14,U,2,70.4839
L,1260824,1100,311,69.19,69.81,69.14,U,3,70.1044
L,1260824,1100,311,69.19,69.81,69.14,U,4,70.1474
L,1260824,1100,311,69.19,69.81,69.14,U,5,70.1020
L,1260824,1100,311,69.19,69.81,69.14,U,6,67.3325
L,1260824,1100,311,69.19,69.81,69.14,U,7,66.7105
L,1260824,1100,311,69.19,69.81,69.14,U,8,67.3147
L,1260824,1100,311,69.19,69.81,69.14,U,9,67.0382
L,1260824,1100,311,69.19,69.81,69.14,U,10,68.0176
L,1260824,1100,311,69.19,69.81,69.14,U,11,65.8390
L,1260824,1100,311,69.19,69.81,69.14,U,12,66.5121
L,1260824,1100,311,69.19,69.81,69.14,U,13,66.8421
L,1260824,1100,311,69.19,69.81,69.14,U,14,62.7940
L,1260824,1100,311,69.19,69.81,69.14,U,15,60.5693
L,1260824,1100,311,69.19,69.81,69.14,U,16,58.1514
L,1260824,1100,311,69.19,69.81,69.14,U,17,58.0283
L,1260824,1100,311,69.19,69.81,69.14,U,18,66.1000
L,1260824,1100,311,69.19,69.81,69.14,U,19,71.6680
L,1260824,1100,311,69.19,69.81,69.14,L,0,67.9957
L,1260824,1100,311,69.19,69.81,69.14,L,1,69.5159
L,1260824,1100,311,69.19,69.81,69.14,L,2,69.3684
L,1260824,1100,311,69.19,69.81,69.14,L,3,71.3523
L,1260824,1100,311,69.19,69.81,69.14,L,4,71.3100
L,1260824,1100,311,69.19,69.81,69.14,L,5,70.4099
L,1260824,1100,311,69.19,69.81,69.14,L,6,72.3102
L,1260824,1100,311,69.19,69.81,69.14,L,7,71.0401
L,1260824,1100,311,69.19,69.81,69.14,L,8,70.5998
L,1260824,1100,311,69.19,69.81,69.14,L,9,71.2519
L,1260824,1100,311,69.19,69.81,69.14,L,10,71.0978
L,1260824,1100,311,69.19,69.81,69.14,L,11,73.1250
L,1260824,1100,311,69.19,69.81,69.14,L,12,73.6021
L,1260824,1100,311,69.19,69.81,69.14,L,13,72.8524
L,1260824,1100,311,69.19,69.81,69.14,L,14,74.2508
L,1260824,1100,311,69.19,69.81,69.14,L,15,73.6717
L,1260824,1100,311,69.19,69.81,69.14,L,16,75.0300
L,1260824,1100,311,69.19,69.81,69.14,L,17,75.1250
L,1260824,1100,311,69.19,69.81,69.14,L,18,74.9837
L,1260824,1100,311,69.19,69.81,69.14,L,19,77.2681
L,1260824,1100,311,69.19,69.81,69.14,L,20,81.6186
L,1260824,1100,311,69.19,69.81,69.14,L,21,81.7275
L,1260824,1100,311,69.19,69.81,69.14,L,22,83.5858
L,1260824,1100,311,69.19,69.81,69.14,L,23,84.1121
L,1260824,1100,311,69.19,69.81,69.14,L,24,83.9222
L,1260824,1100,311,69.19,69.81,69.14,L,25,83.9612
L,1260824,1100,311,69.19,69.81,69.14,L,26,86.2660
L,1260824,1100,311,69.19,69.81,69.14,L,27,87.3926
L,1260824,1100,311,69.19,69.81,69.14,L,28,87.0887
L,1260824,1100,311,69.19,69.81,69.14,L,29,87.4891
L,1260824,1100,311,69.19,69.81,69.14,L,30,83.8558
L,1260824,1100,311,69.19,69.81,69.14,L,31,84.4545
L,1260824,1100,311,69.19,69.81,69.14,L,32,84.3771
L,1260824,1100,311,69.19,69.81,69.14,L,33,86.2282
L,1260824,1100,311,69.19,69.81,69.14,L,34,85.7741
L,1260824,1100,311,69.19,69.81,69.14,L,35,86.6663
L,1260824,1100,311,69.19,69.81,69.14,L,36,84.8113
L,1260824,1100,311,69.19,69.81,69.14,L,37,83.9207
L,1260824,1100,311,69.19,69.81,69.14,L,38,86.9667
L,1260824,1100,311,69.19,69.81,69.14,L,39,89.3118
L,1260824,1100,311,69.19,69.81,69.14,L,40,91.3691
L,1260824,1100,311,69.19,69.81,69.14,L,41,92.5939
L,1260824,1100,311,69.19,69.81,69.14,L,42,93.4530
L,1260824,1100,311,69.19,69.81,69.14,L,43,97.0891
L,1260824,1100,311,69.19,69.81,69.14,L,44,97.8587
L,1260824,1100,311,69.19,69.81,69.14,L,45,96.0103
L,1260824,1100,311,69.19,69.81,69.14,L,46,99.0300
L,1260824,1100,311,69.19,69.81,69.14,L,47,96.0408
L,1260824,1100,311,69.19,69.81,69.14,L,48,98.3640
L,1260824,1100,311,69.19,69.81,69.14,L,49,99.5507
L,1260824,1100,311,69.19,69.81,69.14,L,50,100.7814
L,1260824,1100,311,69.19,69.81,69.14,L,51,95.3542
L,1260824,1100,311,69.19,69.81,69.14,L,52,101.5448
L,1260824,1100,311,69.19,69.81,69.14,L,53,106.2464
L,1260824,1100,311,69.19,69.81,69.14,L,54,114.6810
L,1260824,1100,311,69.19,69.81,69.14,L,55,130.4974
L,1260824,1100,311,69.19,69.81,69.14,L,56,156.9811
L,1260824,1100,311,69.19,69.81,69.14,L,57,169.6526
L,1260824,1100,311,69.19,69.81,69.14,L,58,216.8967
X,1260824,1100,311,69.19,69.81,69.14,70.5729
K,1260824,1100,311,69.19,69.81,69.14,71.2104,5
Q,1260824,1100,311,69.19,69.81,69.14,70.5729,5
A,1260824,1200,312,69.41,69.98,69.18,L,73,67.7500
L,1260824,1200,312,69.41,69.98,69.18,U,0,69.7153
L,1260824,1200,312,69.41,69.98,69.18,U,1,69.6647
L,1260824,1200,312,69.41,69.98,69.18,U,2,70.3943
L,1260824,1200,312,69.41,69.98,69.18,U,3,70.0104
L,1260824,1200,312,69.41,69.98,69.18,U,4,70.0539
L,1260824,1200,312,69.41,69.98,69.18,U,5,70.0080
L,1260824,1200,312,69.41,69.98,69.18,U,6,67.2067
L,1260824,1200,312,69.41,69.98,69.18,U,7,66.5775
L,1260824,1200,312,69.41,69.98,69.18,U,8,67.1887
L,1260824,1200,312,69.41,69.98,69.18,U,9,66.9090
L,1260824,1200,312,69.41,69.98,69.18,U,10,67.8996
L,1260824,1200,312,69.41,69.98,69.18,U,11,65.6960
L,1260824,1200,312,69.41,69.98,69.18,U,12,66.3768
L,1260824,1200,312,69.41,69.98,69.18,U,13,66.7106
L,1260824,1200,312,69.41,69.98,69.18,U,14,62.6160
L,1260824,1200,312,69.41,69.98,69.18,U,15,60.3657
L,1260824,1200,312,69.41,69.98,69.18,U,16,57.9200
L,1260824,1200,312,69.41,69.98,69.18,U,17,57.7956
L,1260824,1200,312,69.41,69.98,69.18,U,18,65.9600
L,1260824,1200,312,69.41,69.98,69.18,U,19,71.5920
L,1260824,1200,312,69.41,69.98,69.18,L,0,69.1458
L,1260824,1200,312,69.41,69.98,69.18,L,1,67.9338
L,1260824,1200,312,69.41,69.98,69.18,L,2,69.4292
L,1260824,1200,312,69.41,69.98,69.18,L,3,69.2320
L,1260824,1200,312,69.41,69.98,69.18,L,4,71.1597
L,1260824,1200,312,69.41,69.98,69.18,L,5,71.0831
L,1260824,1200,312,69.41,69.98,69.18,L,6,70.1073
L,1260824,1200,312,69.41,69.98,69.18,L,7,71.9657
L,1260824,1200,312,69.41,69.98,69.18,L,8,70.5931
L,1260824,1200,312,69.41,69.98,69.18,L,9,70.0707
L,1260824,1200,312,69.41,69.98,69.18,L,10,70.6672
L,1260824,1200,312,69.41,69.98,69.18,L,11,70.4492
L,1260824,1200,312,69.41,69.98,69.18,L,12,72.4087
L,1260824,1200,312,69.41,69.98,69.18,L,13,72.7790
L,1260824,1200,312,69.41,69.98,69.18,L,14,71.9037
L,1260824,1200,312,69.41,69.98,69.18,L,15,73.2444
L,1260824,1200,312,69.41,69.98,69.18,L,16,72.5828
L,1260824,1200,312,69.41,69.98,69.18,L,17,73.8533
L,1260824,1200,312,69.41,69.98,69.18,L,18,73.8957
L,1260824,1200,312,69.41,69.98,69.18,L,19,73.6694
L,1260824,1200,312,69.41,69.98,69.18,L,20,75.8127
L,1260824,1200,312,69.41,69.98,69.18,L,21,80.1399
L,1260824,1200,312,69.41,69.98,69.18,L,22,80.1899
L,1260824,1200,312,69.41,69.98,69.18,L,23,81.8895
L,1260824,1200,312,69.41,69.98,69.18,L,24,82.1869
L,1260824,1200,312,69.41,69.98,69.18,L,25,81.7702
L,1260824,1200,312,69.41,69.98,69.18,L,26,81.7315
L,1260824,1200,312,69.41,69.98,69.18,L,27,83.7971
L,1260824,1200,312,69.41,69.98,69.18,L,28,84.8631
L,1260824,1200,312,69.41,69.98,69.18,L,29,84.4615
L,1260824,1200,312,69.41,69.98,69.18,L,30,84.6342
L,1260824,1200,312,69.41,69.98,69.18,L,31,80.7469
L,1260824,1200,312,69.41,69.98,69.18,L,32,81.1988
L,1260824,1200,312,69.41,69.98,69.18,L,33,80.9470
L,1260824,1200,312,69.41,69.98,69.18,L,34,82.4219
L,1260824,1200,312,69.41,69.98,69.18,L,35,81.7486
L,1260824,1200,312,69.41,69.98,69.18,L,36,82.5309
L,1260824,1200,312,69.41,69.98,69.18,L,37,80.3035
L,1260824,1200,312,69.41,69.98,69.18,L,38,79.0459
L,1260824,1200,312,69.41,69.98,69.18,L,39,81.7713
L,1260824,1200,312,69.41,69.98,69.18,L,40,83.6264
L,1260824,1200,312,69.41,69.98,69.18,L,41,85.3464
L,1260824,1200,312,69.41,69.98,69.18,L,42,86.2803
L,1260824,1200,312,69.41,69.98,69.18,L,43,86.8054
L,1260824,1200,312,69.41,69.98,69.18,L,44,88.9944
L,1260824,1200,312,69.41,69.98,69.18,L,45,89.4559
L,1260824,1200,312,69.41,69.98,69.18,L,46,87.0725
L,1260824,1200,312,69.41,69.98,69.18,L,47,89.4773
L,1260824,1200,312,69.41,69.98,69.18,L,48,85.7426
L,1260824,1200,312,69.41,69.98,69.18,L,49,87.7604
L,1260824,1200,312,69.41,69.98,69.18,L,50,88.2144
L,1260824,1200,312,69.41,69.98,69.18,L,51,88.6227
L,1260824,1200,312,69.41,69.98,69.18,L,52,81.4640
L,1260824,1200,312,69.41,69.98,69.18,L,53,87.5870
L,1260824,1200,312,69.41,69.98,69.18,L,54,92.0274
L,1260824,1200,312,69.41,69.98,69.18,L,55,99.7338
L,1260824,1200,312,69.41,69.98,69.18,L,56,115.3852
L,1260824,1200,312,69.41,69.98,69.18,L,57,142.0676
L,1260824,1200,312,69.41,69.98,69.18,L,58,154.9147
X,1260824,1200,312,69.41,69.98,69.18,70.4430
X,1260824,1200,312,69.41,69.98,69.18,70.0981
X,1260824,1200,312,69.41,69.98,69.18,70.0651
X,1260824,1200,312,69.41,69.98,69.18,70.1022
X,1260824,1200,312,69.41,69.98,69.18,70.0691
X,1260824,1200,312,69.41,69.98,69.18,70.0978
X,1260824,1200,312,69.41,69.98,69.18,70.0649
X,1260824,1200,312,69.41,69.98,69.18,67.9336
K,1260824,1200,312,69.41,69.98,69.18,70.0501,5
Q,1260824,1200,312,69.41,69.98,69.18,70.4430,11
L,1260824,1300,313,69.00,69.53,68.97,U,0,69.8857
L,1260824,1300,313,69.00,69.53,68.97,U,1,69.6180
L,1260824,1300,313,69.00,69.53,68.97,U,2,69.5668
L,1260824,1300,313,69.00,69.53,68.97,U,3,70.3047
L,1260824,1300,313,69.00,69.53,68.97,U,4,69.9164
L,1260824,1300,313,69.00,69.53,68.97,U,5,69.9604
L,1260824,1300,313,69.00,69.53,68.97,U,6,69.9140
L,1260824,1300,313,69.00,69.53,68.97,U,7,67.0808
L,1260824,1300,313,69.00,69.53,68.97,U,8,66.4446
L,1260824,1300,313,69.00,69.53,68.97,U,9,67.0626
L,1260824,1300,313,69.00,69.53,68.97,U,10,66.7798
L,1260824,1300,313,69.00,69.53,68.97,U,11,67.7816
L,1260824,1300,313,69.00,69.53,68.97,U,12,65.5530
L,1260824,1300,313,69.00,69.53,68.97,U,13,66.2416
L,1260824,1300,313,69.00,69.53,68.97,U,14,66.5791
L,1260824,1300,313,69.00,69.53,68.97,U,15,62.4380
L,1260824,1300,313,69.00,69.53,68.97,U,16,60.1621
L,1260824,1300,313,69.00,69.53,68.97,U,17,57.6886
L,1260824,1300,313,69.00,69.53,68.97,U,18,57.5628
L,1260824,1300,313,69.00,69.53,68.97,U,19,65.8200
L,1260824,1300,313,69.00,69.53,68.97,U,20,71.5160
L,1260824,1300,313,69.00,69.53,68.97,L,0,69.1517
L,1260824,1300,313,69.00,69.53,68.97,L,1,67.9346
L,1260824,1300,313,69.00,69.53,68.97,L,2,69.4362
L,1260824,1300,313,69.00,69.53,68.97,L,3,69.2382
L,1260824,1300,313,69.00,69.53,68.97,L,4,71.1740
L,1260824,1300,313,69.00,69.53,68.97,L,5,71.0971
L,1260824,1300,313,69.00,69.53,68.97,L,6,70.1171
L,1260824,1300,313,69.00,69.53,68.97,L,7,71.9833
L,1260824,1300,313,69.00,69.53,68.97,L,8,70.6050
L,1260824,1300,313,69.00,69.53,68.97,L,9,70.0804
L,1260824,1300,313,69.00,69.53,68.97,L,10,70.6794
L,1260824,1300,313,69.00,69.53,68.97,L,11,70.4604
L,1260824,1300,313,69.00,69.53,68.97,L,12,72.4282
L,1260824,1300,313,69.00,69.53,68.97,L,13,72.8000
L,1260824,1300,313,69.00,69.53,68.97,L,14,71.9211
L,1260824,1300,313,69.00,69.53,68.97,L,15,73.2674
L,1260824,1300,313,69.00,69.53,68.97,L,16,72.6030
L,1260824,1300,313,69.00,69.53,68.97,L,17,73.8788
L,1260824,1300,313,69.00,69.53,68.97,L,18,73.9214
L,1260824,1300,313,69.00,69.53,68.97,L,19,73.6942
L,1260824,1300,313,69.00,69.53,68.97,L,20,75.8464
L,1260824,1300,313,69.00,69.53,68.97,L,21,80.1917
L,1260824,1300,313,69.00,69.53,68.97,L,22,80.2419
L,1260824,1300,313,69.00,69.53,68.97,L,23,81.9487
L,1260824,1300,313,69.00,69.53,68.97,L,24,82.2473
L,1260824,1300,313,69.00,69.53,68.97,L,25,81.8289
L,1260824,1300,313,69.00,69.53,68.97,L,26,81.7900
L,1260824,1300,313,69.00,69.53,68.97,L,27,83.8643
L,1260824,1300,313,69.00,69.53,68.97,L,28,84.9347
L,1260824,1300,313,69.00,69.53,68.97,L,29,84.5314
L,1260824,1300,313,69.00,69.53,68.97,L,30,84.7048
L,1260824,1300,313,69.00,69.53,68.97,L,31,80.8012
L,1260824,1300,313,69.00,69.53,68.97,L,32,81.2551
L,1260824,1300,313,69.00,69.53,68.97,L,33,81.0022
L,1260824,1300,313,69.00,69.53,68.97,L,34,82.4833
L,1260824,1300,313,69.00,69.53,68.97,L,35,81.8071
L,1260824,1300,313,69.00,69.53,68.97,L,36,82.5927
L,1260824,1300,313,69.00,69.53,68.97,L,37,80.3561
L,1260824,1300,313,69.00,69.53,68.97,L,38,79.0932
L,1260824,1300,313,69.00,69.53,68.97,L,39,81.8300
L,1260824,1300,313,69.00,69.53,68.97,L,40,83.6929
L,1260824,1300,313,69.00,69.53,68.97,L,41,85.4200
L,1260824,1300,313,69.00,69.53,68.97,L,42,86.3578
L,1260824,1300,313,69.00,69.53,68.97,L,43,86.8851
L,1260824,1300,313,69.00,69.53,68.97,L,44,89.0833
L,1260824,1300,313,69.00,69.53,68.97,L,45,89.5467
L,1260824,1300,313,69.00,69.53,68.97,L,46,87.1534
L,1260824,1300,313,69.00,69.53,68.97,L,47,89.5682
L,1260824,1300,313,69.00,69.53,68.97,L,48,85.8179
L,1260824,1300,313,69.00,69.53,68.97,L,49,87.8441
L,1260824,1300,313,69.00,69.53,68.97,L,50,88.3000
L,1260824,1300,313,69.00,69.53,68.97,L,51,88.7100
L,1260824,1300,313,69.00,69.53,68.97,L,52,81.5214
L,1260824,1300,313,69.00,69.53,68.97,L,53,87.6700
L,1260824,1300,313,69.00,69.53,68.97,L,54,92.1289
L,1260824,1300,313,69.00,69.53,68.97,L,55,99.8676
L,1260824,1300,313,69.00,69.53,68.97,L,56,115.5845
L,1260824,1300,313,69.00,69.53,68.97,L,57,142.3786
L,1260824,1300,313,69.00,69.53,68.97,L,58,155.2794
K,1260824,1300,313,69.00,69.53,68.97,69.9274,7
L,1260824,1400,314,69.24,69.24,68.87,U,0,69.7914
L,1260824,1400,314,69.24,69.24,68.87,U,1,69.5207
L,1260824,1400,314,69.24,69.24,68.87,U,2,69.4689
L,1260824,1400,314,69.24,69.24,68.87,U,3,70.2151
L,1260824,1400,314,69.24,69.24,68.87,U,4,69.8225
L,1260824,1400,314,69.24,69.24,68.87,U,5,69.8670
L,1260824,1400,314,69.24,69.24,68.87,U,6,69.8200
L,1260824,1400,314,69.24,69.24,68.87,U,7,66.9550
L,1260824,1400,314,69.24,69.24,68.87,U,8,66.3116
L,1260824,1400,314,69.24,69.24,68.87,U,9,66.9366
L,1260824,1400,314,69.24,69.24,68.87,U,10,66.6506
L,1260824,1400,314,69.24,69.24,68.87,U,11,67.6637
L,1260824,1400,314,69.24,69.24,68.87,U,12,65.4100
L,1260824,1400,314,69.24,69.24,68.87,U,13,66.1063
L,1260824,1400,314,69.24,69.24,68.87,U,14,66.4476
L,1260824,1400,314,69.24,69.24,68.87,U,15,62.2600
L,1260824,1400,314,69.24,69.24,68.87,U,16,59.9586
L,1260824,1400,314,69.24,69.24,68.87,U,17,57.4573
L,1260824,1400,314,69.24,69.24,68.87,U,18,57.3300
L,1260824,1400,314,69.24,69.24,68.87,U,19,65.6800
L,1260824,1400,314,69.24,69.24,68.87,U,20,71.4400
L,1260824,1400,314,69.24,69.24,68.87,L,0,69.1575
L,1260824,1400,314,69.24,69.24,68.87,L,1,67.9354
L,1260824,1400,314,69.24,69.24,68.87,L,2,69.4432
L,1260824,1400,314,69.24,69.24,68.87,L,3,69.2444
L,1260824,1400,314,69.24,69.24,68.87,L,4,71.1883
L,1260824,1400,314,69.24,69.24,68.87,L,5,71.1110
L,1260824,1400,314,69.24,69.24,68.87,L,6,70.1270
L,1260824,1400,314,69.24,69.24,68.87,L,7,72.0010
L,1260824,1400,314,69.24,69.24,68.87,L,8,70.6169
L,1260824,1400,314,69.24,69.24,68.87,L,9,70.0901
L,1260824,1400,314,69.24,69.24,68.87,L,10,70.6916
L,1260824,1400,314,69.24,69.24,68.87,L,11,70.4717
L,1260824,1400,314,69.24,69.24,68.87,L,12,72.4477
L,1260824,1400,314,69.24,69.24,68.87,L,13,72.8210
L,1260824,1400,314,69.24,69.24,68.87,L,14,71.9385
L,1260824,1400,314,69.24,69.24,68.87,L,15,73.2904
L,1260824,1400,314,69.24,69.24,68.87,L,16,72.6233
L,1260824,1400,314,69.24,69.24,68.87,L,17,73.9044
L,1260824,1400,314,69.24,69.24,68.87,L,18,73.9471
L,1260824,1400,314,69.24,69.24,68.87,L,19,73.7190
L,1260824,1400,314,69.24,69.24,68.87,L,20,75.8801
L,1260824,1400,314,69.24,69.24,68.87,L,21,80.2436
L,1260824,1400,314,69.24,69.24,68.87,L,22,80.2940
L,1260824,1400,314,69.24,69.24,68.87,L,23,82.0079
L,1260824,1400,314,69.24,69.24,68.87,L,24,82.3077
L,1260824,1400,314,69.24,69.24,68.87,L,25,81.8875
L,1260824,1400,314,69.24,69.24,68.87,L,26,81.8485
L,1260824,1400,314,69.24,69.24,68.87,L,27,83.9314
L,1260824,1400,314,69.24,69.24,68.87,L,28,85.0063
L,1260824,1400,314,69.24,69.24,68.87,L,29,84.6013
L,1260824,1400,314,69.24,69.24,68.87,L,30,84.7755
L,1260824,1400,314,69.24,69.24,68.87,L,31,80.8556
L,1260824,1400,314,69.24,69.24,68.87,L,32,81.3114
L,1260824,1400,314,69.24,69.24,68.87,L,33,81.0574
L,1260824,1400,314,69.24,69.24,68.87,L,34,82.5447
L,1260824,1400,314,69.24,69.24,68.87,L,35,81.8657
L,1260824,1400,314,69.24,69.24,68.87,L,36,82.6546
L,1260824,1400,314,69.24,69.24,68.87,L,37,80.4086
L,1260824,1400,314,69.24,69.24,68.87,L,38,79.1404
L,1260824,1400,314,69.24,69.24,68.87,L,39,81.8887
L,1260824,1400,314,69.24,69.24,68.87,L,40,83.7593
L,1260824,1400,314,69.24,69.24,68.87,L,41,85.4936
L,1260824,1400,314,69.24,69.24,68.87,L,42,86.4353
L,1260824,1400,314,69.24,69.24,68.87,L,43,86.9649
L,1260824,1400,314,69.24,69.24,68.87,L,44,89.1722
L,1260824,1400,314,69.24,69.24,68.87,L,45,89.6375
L,1260824,1400,314,69.24,69.24,68.87,L,46,87.2342
L,1260824,1400,314,69.24,69.24,68.87,L,47,89.6591
L,1260824,1400,314,69.24,69.24,68.87,L,48,85.8932
L,1260824,1400,314,69.24,69.24,68.87,L,49,87.9278
L,1260824,1400,314,69.24,69.24,68.87,L,50,88.3856
L,1260824,1400,314,69.24,69.24,68.87,L,51,88.7973
L,1260824,1400,314,69.24,69.24,68.87,L,52,81.5788
L,1260824,1400,314,69.24,69.24,68.87,L,53,87.7530
L,1260824,1400,314,69.24,69.24,68.87,L,54,92.2305
L,1260824,1400,314,69.24,69.24,68.87,L,55,100.0015
L,1260824,1400,314,69.24,69.24,68.87,L,56,115.7838
L,1260824,1400,314,69.24,69.24,68.87,L,57,142.6895
L,1260824,1400,314,69.24,69.24,68.87,L,58,155.6441
K,1260824,1400,314,69.24,69.24,68.87,69.9197,6
A,1260824,1500,315,69.25,69.25,69.11,L,307,67.9300
L,1260824,1500,315,69.25,69.25,69.11,U,0,69.6970
L,1260824,1500,315,69.25,69.25,69.11,U,1,69.4234
L,1260824,1500,315,69.25,69.25,69.11,U,2,69.3710
L,1260824,1500,315,69.25,69.25,69.11,U,3,70.1255
L,1260824,1500,315,69.25,69.25,69.11,U,4,69.7285
L,1260824,1500,315,69.25,69.25,69.11,U,5,69.7735
L,1260824,1500,315,69.25,69.25,69.11,U,6,69.7260
L,1260824,1500,315,69.25,69.25,69.11,U,7,66.8292
L,1260824,1500,315,69.25,69.25,69.11,U,8,66.1786
L,1260824,1500,315,69.25,69.25,69.11,U,9,66.8106
L,1260824,1500,315,69.25,69.25,69.11,U,10,66.5214
L,1260824,1500,315,69.25,69.25,69.11,U,11,67.5457
L,1260824,1500,315,69.25,69.25,69.11,U,12,65.2670
L,1260824,1500,315,69.25,69.25,69.11,U,13,65.9711
L,1260824,1500,315,69.25,69.25,69.11,U,14,66.3162
L,1260824,1500,315,69.25,69.25,69.11,U,15,62.0820
L,1260824,1500,315,69.25,69.25,69.11,U,16,59.7550
L,1260824,1500,315,69.25,69.25,69.11,U,17,57.2259
L,1260824,1500,315,69.25,69.25,69.11,U,18,57.0972
L,1260824,1500,315,69.25,69.25,69.11,U,19,65.5400
L,1260824,1500,315,69.25,69.25,69.11,U,20,71.3640
L,1260824,1500,315,69.25,69.25,69.11,L,0,69.0043
L,1260824,1500,315,69.25,69.25,69.11,L,1,70.3500
X,1260824,1500,315,69.25,69.25,69.11,70.1768
K,1260824,1500,315,69.25,69.25,69.11,69.6697,5
Q,1260824,1500,315,69.25,69.25,69.11,70.1768,8
L,1260824,1600,316,69.17,69.36,69.12,U,0,69.6027
L,1260824,1600,316,69.17,69.36,69.12,U,1,69.3260
L,1260824,1600,316,69.17,69.36,69.12,U,2,69.2731
L,1260824,1600,316,69.17,69.36,69.12,U,3,70.0358
L,1260824,1600,316,69.17,69.36,69.12,U,4,69.6345
L,1260824,1600,316,69.17,69.36,69.12,U,5,69.6800
L,1260824,1600,316,69.17,69.36,69.12,U,6,69.6320
L,1260824,1600,316,69.17,69.36,69.12,U,7,66.7033
L,1260824,1600,316,69.17,69.36,69.12,U,8,66.0456
L,1260824,1600,316,69.17,69.36,69.12,U,9,66.6845
L,1260824,1600,316,69.17,69.36,69.12,U,10,66.3922
L,1260824,1600,316,69.17,69.36,69.12,U,11,67.4278
L,1260824,1600,316,69.17,69.36,69.12,U,12,65.1240
L,1260824,1600,316,69.17,69.36,69.12,U,13,65.8358
L,1260824,1600,316,69.17,69.36,69.12,U,14,66.1847
L,1260824,1600,316,69.17,69.36,69.12,U,15,61.9040
L,1260824,1600,316,69.17,69.36,69.12,U,16,59.5514
L,1260824,1600,316,69.17,69.36,69.12,U,17,56.9945
L,1260824,1600,316,69.17,69.36,69.12,U,18,56.8644
L,1260824,1600,316,69.17,69.36,69.12,U,19,65.4000
L,1260824,1600,316,69.17,69.36,69.12,U,20,71.2880
L,1260824,1600,316,69.17,69.36,69.12,L,0,69.1386
L,1260824,1600,316,69.17,69.36,69.12,L,1,70.6525
K,1260824,1600,316,69.17,69.36,69.12,69.6373,4
L,1260824,1700,317,69.02,69.23,68.86,U,0,69.2630
L,1260824,1700,317,69.02,69.23,68.86,U,1,69.5084
L,1260824,1700,317,69.02,69.23,68.86,U,2,69.2287
L,1260824,1700,317,69.02,69.23,68.86,U,3,69.1752
L,1260824,1700,317,69.02,69.23,68.86,U,4,69.9462
L,1260824,1700,317,69.02,69.23,68.86,U,5,69.5405
L,1260824,1700,317,69.02,69.23,68.86,U,6,69.5865
L,1260824,1700,317,69.02,69.23,68.86,U,7,69.5380
L,1260824,1700,317,69.02,69.23,68.86,U,8,66.5775
L,1260824,1700,317,69.02,69.23,68.86,U,9,65.9126
L,1260824,1700,317,69.02,69.23,68.86,U,10,66.5585
L,1260824,1700,317,69.02,69.23,68.86,U,11,66.2629
L,1260824,1700,317,69.02,69.23,68.86,U,12,67.3098
L,1260824,1700,317,69.02,69.23,68.86,U,13,64.9810
L,1260824,1700,317,69.02,69.23,68.86,U,14,65.7005
L,1260824,1700,317,69.02,69.23,68.86,U,15,66.0532
L,1260824,1700,317,69.02,69.23,68.86,U,16,61.7260
L,1260824,1700,317,69.02,69.23,68.86,U,17,59.3479
L,1260824,1700,317,69.02,69.23,68.86,U,18,56.7632
L,1260824,1700,317,69.02,69.23,68.86,U,19,56.6317
L,1260824,1700,317,69.02,69.23,68.86,U,20,65.2600
L,1260824,1700,317,69.02,69.23,68.86,U,21,71.2120
L,1260824,1700,317,69.02,69.23,68.86,L,0,69.2729
L,1260824,1700,317,69.02,69.23,68.86,L,1,70.9550
X,1260824,1700,317,69.02,69.23,68.86,69.2672
X,1260824,1700,317,69.02,69.23,68.86,69.2473
X,1260824,1700,317,69.02,69.23,68.86,69.2164
K,1260824,1700,317,69.02,69.23,68.86,69.4516,6
Q,1260824,1700,317,69.02,69.23,68.86,69.2672,3
L,1260825,200,318,70.47,70.60,69.44,U,0,69.1661
L,1260825,200,318,70.47,70.60,69.44,U,1,69.4141
L,1260825,200,318,70.47,70.60,69.44,U,2,69.1314
L,1260825,200,318,70.47,70.60,69.44,U,3,69.0773
L,1260825,200,318,70.47,70.60,69.44,U,4,69.8566
L,1260825,200,318,70.47,70.60,69.44,U,5,69.4466
L,1260825,200,318,70.47,70.60,69.44,U,6,69.4930
L,1260825,200,318,70.47,70.60,69.44,U,7,69.4440
L,1260825,200,318,70.47,70.60,69.44,U,8,66.4517
L,1260825,200,318,70.47,70.60,69.44,U,9,65.7796
L,1260825,200,318,70.47,70.60,69.44,U,10,66.4325
L,1260825,200,318,70.47,70.60,69.44,U,11,66.1337
L,1260825,200,318,70.47,70.60,69.44,U,12,67.1918
L,1260825,200,318,70.47,70.60,69.44,U,13,64.8380
L,1260825,200,318,70.47,70.60,69.44,U,14,65.5653
L,1260825,200,318,70.47,70.60,69.44,U,15,65.9218
L,1260825,200,318,70.47,70.60,69.44,U,16,61.5480
L,1260825,200,318,70.47,70.60,69.44,U,17,59.1443
L,1260825,200,318,70.47,70.60,69.44,U,18,56.5318
L,1260825,200,318,70.47,70.60,69.44,U,19,56.3989
L,1260825,200,318,70.47,70.60,69.44,U,20,65.1200
L,1260825,200,318,70.47,70.60,69.44,U,21,71.1360
L,1260825,200,318,70.47,70.60,69.44,L,0,68.9530
L,1260825,200,318,70.47,70.60,69.44,L,1,69.4071
L,1260825,200,318,70.47,70.60,69.44,L,2,71.2575
X,1260825,200,318,70.47,70.60,69.44,71.1604
K,1260825,200,318,70.47,70.60,69.44,69.2276,7
L,1260825,300,319,71.08,71.28,70.36,U,0,69.0691
L,1260825,300,319,71.08,71.28,70.36,U,1,69.3198
L,1260825,300,319,71.08,71.28,70.36,U,2,69.0341
L,1260825,300,319,71.08,71.28,70.36,U,3,68.9794
L,1260825,300,319,71.08,71.28,70.36,U,4,69.7670
L,1260825,300,319,71.08,71.28,70.36,U,5,69.3526
L,1260825,300,319,71.08,71.28,70.36,U,6,69.3996
L,1260825,300,319,71.08,71.28,70.36,U,7,69.3500
L,1260825,300,319,71.08,71.28,70.36,U,8,66.3258
L,1260825,300,319,71.08,71.28,70.36,U,9,65.6467
L,1260825,300,319,71.08,71.28,70.36,U,10,66.3064
L,1260825,300,319,71.08,71.28,70.36,U,11,66.0045
L,1260825,300,319,71.08,71.28,70.36,U,12,67.0739
L,1260825,300,319,71.08,71.28,70.36,U,13,64.6950
L,1260825,300,319,71.08,71.28,70.36,U,14,65.4300
L,1260825,300,319,71.08,71.28,70.36,U,15,65.7903
L,1260825,300,319,71.08,71.28,70.36,U,16,61.3700
L,1260825,300,319,71.08,71.28,70.36,U,17,58.9407
L,1260825,300,319,71.08,71.28,70.36,U,18,56.3005
L,1260825,300,319,71.08,71.28,70.36,U,19,56.1661
L,1260825,300,319,71.08,71.28,70.36,U,20,64.9800
L,1260825,300,319,71.08,71.28,70.36,U,21,71.0600
L,1260825,300,319,71.08,71.28,70.36,L,0,69.0460
L,1260825,300,319,71.08,71.28,70.36,L,1,69.5414
L,1260825,300,319,71.08,71.28,70.36,L,2,71.5600
X,1260825,300,319,71.08,71.28,70.36,69.4112
X,1260825,300,319,71.08,71.28,70.36,69.0402
X,1260825,300,319,71.08,71.28,70.36,69.0135
X,1260825,300,319,71.08,71.28,70.36,69.4303
X,1260825,300,319,71.08,71.28,70.36,69.4578
X,1260825,300,319,71.08,71.28,70.36,69.4288
K,1260825,300,319,71.08,71.28,70.36,69.2969,7
Q,1260825,300,319,71.08,71.28,70.36,69.4112,8
L,1260825,400,320,70.84,71.22,70.76,U,0,71.2063
L,1260825,400,320,70.84,71.22,70.76,U,1,68.9722
L,1260825,400,320,70.84,71.22,70.76,U,2,69.2255
L,1260825,400,320,70.84,71.22,70.76,U,3,68.9367
L,1260825,400,320,70.84,71.22,70.76,U,4,68.8815
L,1260825,400,320,70.84,71.22,70.76,U,5,69.6774
L,1260825,400,320,70.84,71.22,70.76,U,6,69.2586
L,1260825,400,320,70.84,71.22,70.76,U,7,69.3061
L,1260825,400,320,70.84,71.22,70.76,U,8,69.2560
L,1260825,400,320,70.84,71.22,70.76,U,9,66.2000
L,1260825,400,320,70.84,71.22,70.76,U,10,65.5137
L,1260825,400,320,70.84,71.22,70.76,U,11,66.1804
L,1260825,400,320,70.84,71.22,70.76,U,12,65.8753
L,1260825,400,320,70.84,71.22,70.76,U,13,66.9559
L,1260825,400,320,70.84,71.22,70.76,U,14,64.5520
L,1260825,400,320,70.84,71.22,70.76,U,15,65.2947
L,1260825,400,320,70.84,71.22,70.76,U,16,65.6588
L,1260825,400,320,70.84,71.22,70.76,U,17,61.1920
L,1260825,400,320,70.84,71.22,70.76,U,18,58.7371
L,1260825,400,320,70.84,71.22,70.76,U,19,56.0691
L,1260825,400,320,70.84,71.22,70.76,U,20,55.9333
L,1260825,400,320,70.84,71.22,70.76,U,21,64.8400
L,1260825,400,320,70.84,71.22,70.76,U,22,70.9840
L,1260825,400,320,70.84,71.22,70.76,L,0,69.1390
L,1260825,400,320,70.84,71.22,70.76,L,1,69.6757
L,1260825,400,320,70.84,71.22,70.76,L,2,71.8625
X,1260825,400,320,70.84,71.22,70.76,69.0573
K,1260825,400,320,70.84,71.22,70.76,69.1219,8
Q,1260825,400,320,70.84,71.22,70.76,69.0573,9
L,1260825,500,321,70.95,71.08,70.10,U,0,71.1326
L,1260825,500,321,70.95,71.08,70.10,U,1,68.8752
L,1260825,500,321,70.95,71.08,70.10,U,2,69.1311
L,1260825,500,321,70.95,71.08,70.10,U,3,68.8394
L,1260825,500,321,70.95,71.08,70.10,U,4,68.7836
L,1260825,500,321,70.95,71.08,70.10,U,5,69.5878
L,1260825,500,321,70.95,71.08,70.10,U,6,69.1647
L,1260825,500,321,70.95,71.08,70.10,U,7,69.2126
L,1260825,500,321,70.95,71.08,70.10,U,8,69.1620
L,1260825,500,321,70.95,71.08,70.10,U,9,66.0742
L,1260825,500,321,70.95,71.08,70.10,U,10,65.3807
L,1260825,500,321,70.95,71.08,70.10,U,11,66.0543
L,1260825,500,321,70.95,71.08,70.10,U,12,65.7461
L,1260825,500,321,70.95,71.08,70.10,U,13,66.8380
L,1260825,500,321,70.95,71.08,70.10,U,14,64.4090
L,1260825,500,321,70.95,71.08,70.10,U,15,65.1595
L,1260825,500,321,70.95,71.08,70.10,U,16,65.5274
L,1260825,500,321,70.95,71.08,70.10,U,17,61.0140
L,1260825,500,321,70.95,71.08,70.10,U,18,58.5336
L,1260825,500,321,70.95,71.08,70.10,U,19,55.8377
L,1260825,500,321,70.95,71.08,70.10,U,20,55.7006
L,1260825,500,321,70.95,71.08,70.10,U,21,64.7000
L,1260825,500,321,70.95,71.08,70.10,U,22,70.9080
L,1260825,500,321,70.95,71.08,70.10,L,0,69.2320
L,1260825,500,321,70.95,71.08,70.10,L,1,69.8100
L,1260825,500,321,70.95,71.08,70.10,L,2,72.1650
X,1260825,500,321,70.95,71.08,70.10,69.1819
X,1260825,500,321,70.95,71.08,70.10,69.6767
X,1260825,500,321,70.95,71.08,70.10,69.1985
X,1260825,500,321,70.95,71.08,70.10,69.2223
X,1260825,500,321,70.95,71.08,70.10,69.1972
K,1260825,500,321,70.95,71.08,70.10,69.1805,5
Q,1260825,500,321,70.95,71.08,70.10,69.1819,11
L,1260825,600,322,70.71,71.21,70.56,U,0,71.0589
L,1260825,600,322,70.71,71.21,70.56,U,1,68.7783
L,1260825,600,322,70.71,71.21,70.56,U,2,69.0368
L,1260825,600,322,70.71,71.21,70.56,U,3,68.7421
L,1260825,600,322,70.71,71.21,70.56,U,4,68.6857
L,1260825,600,322,70.71,71.21,70.56,U,5,69.4982
L,1260825,600,322,70.71,71.21,70.56,U,6,69.0707
L,1260825,600,322,70.71,71.21,70.56,U,7,69.1191
L,1260825,600,322,70.71,71.21,70.56,U,8,69.0680
L,1260825,600,322,70.71,71.21,70.56,U,9,65.9483
L,1260825,600,322,70.71,71.21,70.56,U,10,65.2477
L,1260825,600,322,70.71,71.21,70.56,U,11,65.9283
L,1260825,600,322,70.71,71.21,70.56,U,12,65.6169
L,1260825,600,322,70.71,71.21,70.56,U,13,66.7200
L,1260825,600,322,70.71,71.21,70.56,U,14,64.2660
L,1260825,600,322,70.71,71.21,70.56,U,15,65.0242
L,1260825,600,322,70.71,71.21,70.56,U,16,65.3959
L,1260825,600,322,70.71,71.21,70.56,U,17,60.8360
L,1260825,600,322,70.71,71.21,70.56,U,18,58.3300
L,1260825,600,322,70.71,71.21,70.56,U,19,55.6064
L,1260825,600,322,70.71,71.21,70.56,U,20,55.4678
L,1260825,600,322,70.71,71.21,70.56,U,21,64.5600
L,1260825,600,322,70.71,71.21,70.56,U,22,70.8320
L,1260825,600,322,70.71,71.21,70.56,L,0,70.2550
L,1260825,600,322,70.71,71.21,70.56,L,1,69.3250
L,1260825,600,322,70.71,71.21,70.56,L,2,69.9443
L,1260825,600,322,70.71,71.21,70.56,L,3,72.4675
K,1260825,600,322,70.71,71.21,70.56,69.1239,5
L,1260825,700,323,70.55,71.27,70.30,U,0,70.9853
L,1260825,700,323,70.55,71.27,70.30,U,1,68.6813
L,1260825,700,323,70.55,71.27,70.30,U,2,68.9425
L,1260825,700,323,70.55,71.27,70.30,U,3,68.6448
L,1260825,700,323,70.55,71.27,70.30,U,4,68.5878
L,1260825,700,323,70.55,71.27,70.30,U,5,69.4086
L,1260825,700,323,70.55,71.27,70.30,U,6,68.9767
L,1260825,700,323,70.55,71.27,70.30,U,7,69.0257
L,1260825,700,323,70.55,71.27,70.30,U,8,68.9740
L,1260825,700,323,70.55,71.27,70.30,U,9,65.8225
L,1260825,700,323,70.55,71.27,70.30,U,10,65.1147
L,1260825,700,323,70.55,71.27,70.30,U,11,65.8023
L,1260825,700,323,70.55,71.27,70.30,U,12,65.4876
L,1260825,700,323,70.55,71.27,70.30,U,13,66.6020
L,1260825,700,323,70.55,71.27,70.30,U,14,64.1230
L,1260825,700,323,70.55,71.27,70.30,U,15,64.8889
L,1260825,700,323,70.55,71.27,70.30,U,16,65.2644
L,1260825,700,323,70.55,71.27,70.30,U,17,60.6580
L,1260825,700,323,70.55,71.27,70.30,U,18,58.1264
L,1260825,700,323,70.55,71.27,70.30,U,19,55.3750
L,1260825,700,323,70.55,71.27,70.30,U,20,55.2350
L,1260825,700,323,70.55,71.27,70.30,U,21,64.4200
L,1260825,700,323,70.55,71.27,70.30,U,22,70.7560
L,1260825,700,323,70.55,71.27,70.30,L,0,70.4100
L,1260825,700,323,70.55,71.27,70.30,L,1,69.4180
L,1260825,700,323,70.55,71.27,70.30,L,2,70.0786
L,1260825,700,323,70.55,71.27,70.30,L,3,72.7700
X,1260825,700,323,70.55,71.27,70.30,69.4132
K,1260825,700,323,70.55,71.27,70.30,68.9797,4
Q,1260825,700,323,70.55,71.27,70.30,69.4132,6
L,1260825,800,324,69.98,70.57,69.35,U,0,71.1992
L,1260825,800,324,69.98,70.57,69.35,U,1,70.9116
L,1260825,800,324,69.98,70.57,69.35,U,2,68.5843
L,1260825,800,324,69.98,70.57,69.35,U,3,68.8482
L,1260825,800,324,69.98,70.57,69.35,U,4,68.5474
L,1260825,800,324,69.98,70.57,69.35,U,5,68.4899
L,1260825,800,324,69.98,70.57,69.35,U,6,69.3190
L,1260825,800,324,69.98,70.57,69.35,U,7,68.8827
L,1260825,800,324,69.98,70.57,69.35,U,8,68.9322
L,1260825,800,324,69.98,70.57,69.35,U,9,68.8800
L,1260825,800,324,69.98,70.57,69.35,U,10,65.6967
L,1260825,800,324,69.98,70.57,69.35,U,11,64.9818
L,1260825,800,324,69.98,70.57,69.35,U,12,65.6762
L,1260825,800,324,69.98,70.57,69.35,U,13,65.3584
L,1260825,800,324,69.98,70.57,69.35,U,14,66.4841
L,1260825,800,324,69.98,70.57,69.35,U,15,63.9800
L,1260825,800,324,69.98,70.57,69.35,U,16,64.7537
L,1260825,800,324,69.98,70.57,69.35,U,17,65.1329
L,1260825,800,324,69.98,70.57,69.35,U,18,60.4800
L,1260825,800,324,69.98,70.57,69.35,U,19,57.9229
L,1260825,800,324,69.98,70.57,69.35,U,20,55.1436
L,1260825,800,324,69.98,70.57,69.35,U,21,55.0022
L,1260825,800,324,69.98,70.57,69.35,U,22,64.2800
L,1260825,800,324,69.98,70.57,69.35,U,23,70.6800
L,1260825,800,324,69.98,70.57,69.35,L,0,70.5650
L,1260825,800,324,69.98,70.57,69.35,L,1,69.5110
L,1260825,800,324,69.98,70.57,69.35,L,2,70.2129
L,1260825,800,324,69.98,70.57,69.35,L,3,73.0725
K,1260825,800,324,69.98,70.57,69.35,68.8858,4
L,1260825,900,325,70.20,70.58,69.74,U,0,71.1284
L,1260825,900,325,70.20,70.58,69.74,U,1,70.8379
L,1260825,900,325,70.20,70.58,69.74,U,2,68.4874
L,1260825,900,325,70.20,70.58,69.74,U,3,68.7539
L,1260825,900,325,70.20,70.58,69.74,U,4,68.4501
L,1260825,900,325,70.20,70.58,69.74,U,5,68.3920
L,1260825,900,325,70.20,70.58,69.74,U,6,69.2294
L,1260825,900,325,70.20,70.58,69.74,U,7,68.7888
L,1260825,900,325,70.20,70.58,69.74,U,8,68.8387
L,1260825,900,325,70.20,70.58,69.74,U,9,68.7860
L,1260825,900,325,70.20,70.58,69.74,U,10,65.5708
L,1260825,900,325,70.20,70.58,69.74,U,11,64.8488
L,1260825,900,325,70.20,70.58,69.74,U,12,65.5502
L,1260825,900,325,70.20,70.58,69.74,U,13,65.2292
L,1260825,900,325,70.20,70.58,69.74,U,14,66.3661
L,1260825,900,325,70.20,70.58,69.74,U,15,63.8370
L,1260825,900,325,70.20,70.58,69.74,U,16,64.6184
L,1260825,900,325,70.20,70.58,69.74,U,17,65.0015
L,1260825,900,325,70.20,70.58,69.74,U,18,60.3020
L,1260825,900,325,70.20,70.58,69.74,U,19,57.7193
L,1260825,900,325,70.20,70.58,69.74,U,20,54.9123
L,1260825,900,325,70.20,70.58,69.74,U,21,54.7694
L,1260825,900,325,70.20,70.58,69.74,U,22,64.1400
L,1260825,900,325,70.20,70.58,69.74,U,23,70.6040
L,1260825,900,325,70.20,70.58,69.74,L,0,69.4335
L,1260825,900,325,70.20,70.58,69.74,L,1,70.7200
L,1260825,900,325,70.20,70.58,69.74,L,2,69.6040
L,1260825,900,325,70.20,70.58,69.74,L,3,70.3471
L,1260825,900,325,70.20,70.58,69.74,L,4,73.3750
X,1260825,900,325,70.20,70.58,69.74,70.6422
K,1260825,900,325,70.20,70.58,69.74,68.7918,4
L,1260825,1000,326,70.28,70.45,70.13,U,0,70.5038
L,1260825,1000,326,70.28,70.45,70.13,U,1,71.0576
L,1260825,1000,326,70.28,70.45,70.13,U,2,70.7642
L,1260825,1000,326,70.28,70.45,70.13,U,3,68.3904
L,1260825,1000,326,70.28,70.45,70.13,U,4,68.6595
L,1260825,1000,326,70.28,70.45,70.13,U,5,68.3528
L,1260825,1000,326,70.28,70.45,70.13,U,6,68.2941
L,1260825,1000,326,70.28,70.45,70.13,U,7,69.1397
L,1260825,1000,326,70.28,70.45,70.13,U,8,68.6948
L,1260825,1000,326,70.28,70.45,70.13,U,9,68.7452
L,1260825,1000,326,70.28,70.45,70.13,U,10,68.6920
L,1260825,1000,326,70.28,70.45,70.13,U,11,65.4450
L,1260825,1000,326,70.28,70.45,70.13,U,12,64.7158
L,1260825,1000,326,70.28,70.45,70.13,U,13,65.4242
L,1260825,1000,326,70.28,70.45,70.13,U,14,65.1000
L,1260825,1000,326,70.28,70.45,70.13,U,15,66.2482
L,1260825,1000,326,70.28,70.45,70.13,U,16,63.6940
L,1260825,1000,326,70.28,70.45,70.13,U,17,64.4832
L,1260825,1000,326,70.28,70.45,70.13,U,18,64.8700
L,1260825,1000,326,70.28,70.45,70.13,U,19,60.1240
L,1260825,1000,326,70.28,70.45,70.13,U,20,57.5157
L,1260825,1000,326,70.28,70.45,70.13,U,21,54.6809
L,1260825,1000,326,70.28,70.45,70.13,U,22,54.5367
L,1260825,1000,326,70.28,70.45,70.13,U,23,64.0000
L,1260825,1000,326,70.28,70.45,70.13,U,24,70.5280
L,1260825,1000,326,70.28,70.45,70.13,L,0,69.5171
L,1260825,1000,326,70.28,70.45,70.13,L,1,70.8750
L,1260825,1000,326,70.28,70.45,70.13,L,2,69.6970
L,1260825,1000,326,70.28,70.45,70.13,L,3,70.4814
L,1260825,1000,326,70.28,70.45,70.13,L,4,73.6775
X,1260825,1000,326,70.28,70.45,70.13,70.7999
K,1260825,1000,326,70.28,70.45,70.13,68.6979,4
Q,1260825,1000,326,70.28,70.45,70.13,70.7999,2
L,1260825,1100,327,69.94,70.31,69.85,U,0,70.4275
L,1260825,1100,327,69.94,70.31,69.85,U,1,70.9868
L,1260825,1100,327,69.94,70.31,69.85,U,2,70.6905
L,1260825,1100,327,69.94,70.31,69.85,U,3,68.2935
L,1260825,1100,327,69.94,70.31,69.85,U,4,68.5652
L,1260825,1100,327,69.94,70.31,69.85,U,5,68.2555
L,1260825,1100,327,69.94,70.31,69.85,U,6,68.1962
L,1260825,1100,327,69.94,70.31,69.85,U,7,69.0501
L,1260825,1100,327,69.94,70.31,69.85,U,8,68.6008
L,1260825,1100,327,69.94,70.31,69.85,U,9,68.6517
L,1260825,1100,327,69.94,70.31,69.85,U,10,68.5980
L,1260825,1100,327,69.94,70.31,69.85,U,11,65.3192
L,1260825,1100,327,69.94,70.31,69.85,U,12,64.5828
L,1260825,1100,327,69.94,70.31,69.85,U,13,65.2981
L,1260825,1100,327,69.94,70.31,69.85,U,14,64.9708
L,1260825,1100,327,69.94,70.31,69.85,U,15,66.1302
L,1260825,1100,327,69.94,70.31,69.85,U,16,63.5510
L,1260825,1100,327,69.94,70.31,69.85,U,17,64.3479
L,1260825,1100,327,69.94,70.31,69.85,U,18,64.7385
L,1260825,1100,327,69.94,70.31,69.85,U,19,59.9460
L,1260825,1100,327,69.94,70.31,69.85,U,20,57.3121
L,1260825,1100,327,69.94,70.31,69.85,U,21,54.4495
L,1260825,1100,327,69.94,70.31,69.85,U,22,54.3039
L,1260825,1100,327,69.94,70.31,69.85,U,23,63.8600
L,1260825,1100,327,69.94,70.31,69.85,U,24,70.4520
L,1260825,1100,327,69.94,70.31,69.85,L,0,69.6006
L,1260825,1100,327,69.94,70.31,69.85,L,1,71.0300
L,1260825,1100,327,69.94,70.31,69.85,L,2,69.7900
L,1260825,1100,327,69.94,70.31,69.85,L,3,70.6157
L,1260825,1100,327,69.94,70.31,69.85,L,4,73.9800
X,1260825,1100,327,69.94,70.31,69.85,70.4957
X,1260825,1100,327,69.94,70.31,69.85,71.0003
X,1260825,1100,327,69.94,70.31,69.85,70.5112
K,1260825,1100,327,69.94,70.31,69.85,68.6039,4
Q,1260825,1100,327,69.94,70.31,69.85,70.4957,4
L,1260825,1200,328,70.15,70.28,69.77,U,0,70.3513
L,1260825,1200,328,70.15,70.28,69.77,U,1,70.9160
L,1260825,1200,328,70.15,70.28,69.77,U,2,70.6168
L,1260825,1200,328,70.15,70.28,69.77,U,3,68.1965
L,1260825,1200,328,70.15,70.28,69.77,U,4,68.4709
L,1260825,1200,328,70.15,70.28,69.77,U,5,68.1581
L,1260825,1200,328,70.15,70.28,69.77,U,6,68.0983
L,1260825,1200,328,70.15,70.28,69.77,U,7,68.9605
L,1260825,1200,328,70.15,70.28,69.77,U,8,68.5068
L,1260825,1200,328,70.15,70.28,69.77,U,9,68.5583
L,1260825,1200,328,70.15,70.28,69.77,U,10,68.5040
L,1260825,1200,328,70.15,70.28,69.77,U,11,65.1933
L,1260825,1200,328,70.15,70.28,69.77,U,12,64.4498
L,1260825,1200,328,70.15,70.28,69.77,U,13,65.1721
L,1260825,1200,328,70.15,70.28,69.77,U,14,64.8416
L,1260825,1200,328,70.15,70.28,69.77,U,15,66.0122
L,1260825,1200,328,70.15,70.28,69.77,U,16,63.4080
L,1260825,1200,328,70.15,70.28,69.77,U,17,64.2126
L,1260825,1200,328,70.15,70.28,69.77,U,18,64.6071
L,1260825,1200,328,70.15,70.28,69.77,U,19,59.7680
L,1260825,1200,328,70.15,70.28,69.77,U,20,57.1086
L,1260825,1200,328,70.15,70.28,69.77,U,21,54.2182
L,1260825,1200,328,70.15,70.28,69.77,U,22,54.0711
L,1260825,1200,328,70.15,70.28,69.77,U,23,63.7200
L,1260825,1200,328,70.15,70.28,69.77,U,24,70.3760
L,1260825,1200,328,70.15,70.28,69.77,L,0,69.6841
L,1260825,1200,328,70.15,70.28,69.77,L,1,71.1850
L,1260825,1200,328,70.15,70.28,69.77,L,2,69.8830
L,1260825,1200,328,70.15,70.28,69.77,L,3,70.7500
L,1260825,1200,328,70.15,70.28,69.77,L,4,74.2825
X,1260825,1200,328,70.15,70.28,69.77,70.6640
K,1260825,1200,328,70.15,70.28,69.77,68.5100,4
Q,1260825,1200,328,70.15,70.28,69.77,70.6640,6
L,1260825,1300,329,70.27,70.39,69.84,U,0,70.2750
L,1260825,1300,329,70.27,70.39,69.84,U,1,70.8452
L,1260825,1300,329,70.27,70.39,69.84,U,2,70.5432
L,1260825,1300,329,70.27,70.39,69.84,U,3,68.0996
L,1260825,1300,329,70.27,70.39,69.84,U,4,68.3766
L,1260825,1300,329,70.27,70.39,69.84,U,5,68.0608
L,1260825,1300,329,70.27,70.39,69.84,U,6,68.0004
L,1260825,1300,329,70.27,70.39,69.84,U,7,68.8709
L,1260825,1300,329,70.27,70.39,69.84,U,8,68.4129
L,1260825,1300,329,70.27,70.39,69.84,U,9,68.4648
L,1260825,1300,329,70.27,70.39,69.84,U,10,68.4100
L,1260825,1300,329,70.27,70.39,69.84,U,11,65.0675
L,1260825,1300,329,70.27,70.39,69.84,U,12,64.3168
L,1260825,1300,329,70.27,70.39,69.84,U,13,65.0460
L,1260825,1300,329,70.27,70.39,69.84,U,14,64.7124
L,1260825,1300,329,70.27,70.39,69.84,U,15,65.8943
L,1260825,1300,329,70.27,70.39,69.84,U,16,63.2650
L,1260825,1300,329,70.27,70.39,69.84,U,17,64.0774
L,1260825,1300,329,70.27,70.39,69.84,U,18,64.4756
L,1260825,1300,329,70.27,70.39,69.84,U,19,59.5900
L,1260825,1300,329,70.27,70.39,69.84,U,20,56.9050
L,1260825,1300,329,70.27,70.39,69.84,U,21,53.9868
L,1260825,1300,329,70.27,70.39,69.84,U,22,53.8383
L,1260825,1300,329,70.27,70.39,69.84,U,23,63.5800
L,1260825,1300,329,70.27,70.39,69.84,U,24,70.3000
L,1260825,1300,329,70.27,70.39,69.84,L,0,69.8576
L,1260825,1300,329,70.27,70.39,69.84,L,1,69.7676
L,1260825,1300,329,70.27,70.39,69.84,L,2,71.3400
L,1260825,1300,329,70.27,70.39,69.84,L,3,69.9760
L,1260825,1300,329,70.27,70.39,69.84,L,4,70.8843
L,1260825,1300,329,70.27,70.39,69.84,L,5,74.5850
X,1260825,1300,329,70.27,70.39,69.84,70.8587
K,1260825,1300,329,70.27,70.39,69.84,68.4161,4
Q,1260825,1300,329,70.27,70.39,69.84,70.8587,5
L,1260825,1400,330,70.36,70.55,70.20,U,0,70.1988
L,1260825,1400,330,70.36,70.55,70.20,U,1,70.7743
L,1260825,1400,330,70.36,70.55,70.20,U,2,70.4695
L,1260825,1400,330,70.36,70.55,70.20,U,3,68.0026
L,1260825,1400,330,70.36,70.55,70.20,U,4,68.2823
L,1260825,1400,330,70.36,70.55,70.20,U,5,67.9635
L,1260825,1400,330,70.36,70.55,70.20,U,6,67.9025
L,1260825,1400,330,70.36,70.55,70.20,U,7,68.7813
L,1260825,1400,330,70.36,70.55,70.20,U,8,68.3189
L,1260825,1400,330,70.36,70.55,70.20,U,9,68.3713
L,1260825,1400,330,70.36,70.55,70.20,U,10,68.3160
L,1260825,1400,330,70.36,70.55,70.20,U,11,64.9417
L,1260825,1400,330,70.36,70.55,70.20,U,12,64.1839
L,1260825,1400,330,70.36,70.55,70.20,U,13,64.9200
L,1260825,1400,330,70.36,70.55,70.20,U,14,64.5831
L,1260825,1400,330,70.36,70.55,70.20,U,15,65.7763
L,1260825,1400,330,70.36,70.55,70.20,U,16,63.1220
L,1260825,1400,330,70.36,70.55,70.20,U,17,63.9421
L,1260825,1400,330,70.36,70.55,70.20,U,18,64.3441
L,1260825,1400,330,70.36,70.55,70.20,U,19,59.4120
L,1260825,1400,330,70.36,70.55,70.20,U,20,56.7014
L,1260825,1400,330,70.36,70.55,70.20,U,21,53.7555
L,1260825,1400,330,70.36,70.55,70.20,U,22,53.6056
L,1260825,1400,330,70.36,70.55,70.20,U,23,63.4400
L,1260825,1400,330,70.36,70.55,70.20,U,24,70.2240
L,1260825,1400,330,70.36,70.55,70.20,L,0,69.9452
L,1260825,1400,330,70.36,70.55,70.20,L,1,69.8512
L,1260825,1400,330,70.36,70.55,70.20,L,2,71.4950
L,1260825,1400,330,70.36,70.55,70.20,L,3,70.0690
L,1260825,1400,330,70.36,70.55,70.20,L,4,71.0186
L,1260825,1400,330,70.36,70.55,70.20,L,5,74.8875
K,1260825,1400,330,70.36,70.55,70.20,70.0576,5
L,1260825,1500,331,70.47,70.50,70.31,U,0,70.4771
L,1260825,1500,331,70.47,70.50,70.31,U,1,70.1226
L,1260825,1500,331,70.47,70.50,70.31,U,2,70.7035
L,1260825,1500,331,70.47,70.50,70.31,U,3,70.3958
L,1260825,1500,331,70.47,70.50,70.31,U,4,67.9057
L,1260825,1500,331,70.47,70.50,70.31,U,5,68.1880
L,1260825,1500,331,70.47,70.50,70.31,U,6,67.8662
L,1260825,1500,331,70.47,70.50,70.31,U,7,67.8046
L,1260825,1500,331,70.47,70.50,70.31,U,8,68.6917
L,1260825,1500,331,70.47,70.50,70.31,U,9,68.2249
L,1260825,1500,331,70.47,70.50,70.31,U,10,68.2778
L,1260825,1500,331,70.47,70.50,70.31,U,11,68.2220
L,1260825,1500,331,70.47,70.50,70.31,U,12,64.8158
L,1260825,1500,331,70.47,70.50,70.31,U,13,64.0509
L,1260825,1500,331,70.47,70.50,70.31,U,14,64.7940
L,1260825,1500,331,70.47,70.50,70.31,U,15,64.4539
L,1260825,1500,331,70.47,70.50,70.31,U,16,65.6584
L,1260825,1500,331,70.47,70.50,70.31,U,17,62.9790
L,1260825,1500,331,70.47,70.50,70.31,U,18,63.8068
L,1260825,1500,331,70.47,70.50,70.31,U,19,64.2126
L,1260825,1500,331,70.47,70.50,70.31,U,20,59.2340
L,1260825,1500,331,70.47,70.50,70.31,U,21,56.4979
L,1260825,1500,331,70.47,70.50,70.31,U,22,53.5241
L,1260825,1500,331,70.47,70.50,70.31,U,23,53.3728
L,1260825,1500,331,70.47,70.50,70.31,U,24,63.3000
L,1260825,1500,331,70.47,70.50,70.31,U,25,70.1480
L,1260825,1500,331,70.47,70.50,70.31,L,0,70.0329
L,1260825,1500,331,70.47,70.50,70.31,L,1,69.9347
L,1260825,1500,331,70.47,70.50,70.31,L,2,71.6500
L,1260825,1500,331,70.47,70.50,70.31,L,3,70.1620
L,1260825,1500,331,70.47,70.50,70.31,L,4,71.1529
L,1260825,1500,331,70.47,70.50,70.31,L,5,75.1900
X,1260825,1500,331,70.47,70.50,70.31,70.1403
X,1260825,1500,331,70.47,70.50,70.31,70.1543
K,1260825,1500,331,70.47,70.50,70.31,70.1327,6
Q,1260825,1500,331,70.47,70.50,70.31,70.1403,2
L,1260825,1600,332,70.37,70.52,70.33,U,0,70.4042
L,1260825,1600,332,70.37,70.52,70.33,U,1,70.0463
L,1260825,1600,332,70.37,70.52,70.33,U,2,70.6327
L,1260825,1600,332,70.37,70.52,70.33,U,3,70.3221
L,1260825,1600,332,70.37,70.52,70.33,U,4,67.8087
L,1260825,1600,332,70.37,70.52,70.33,U,5,68.0936
L,1260825,1600,332,70.37,70.52,70.33,U,6,67.7688
L,1260825,1600,332,70.37,70.52,70.33,U,7,67.7067
L,1260825,1600,332,70.37,70.52,70.33,U,8,68.6021
L,1260825,1600,332,70.37,70.52,70.33,U,9,68.1310
L,1260825,1600,332,70.37,70.52,70.33,U,10,68.1843
L,1260825,1600,332,70.37,70.52,70.33,U,11,68.1280
L,1260825,1600,332,70.37,70.52,70.33,U,12,64.6900
L,1260825,1600,332,70.37,70.52,70.33,U,13,63.9179
L,1260825,1600,332,70.37,70.52,70.33,U,14,64.6679
L,1260825,1600,332,70.37,70.52,70.33,U,15,64.3247
L,1260825,1600,332,70.37,70.52,70.33,U,16,65.5404
L,1260825,1600,332,70.37,70.52,70.33,U,17,62.8360
L,1260825,1600,332,70.37,70.52,70.33,U,18,63.6716
L,1260825,1600,332,70.37,70.52,70.33,U,19,64.0812
L,1260825,1600,332,70.37,70.52,70.33,U,20,59.0560
L,1260825,1600,332,70.37,70.52,70.33,U,21,56.2943
L,1260825,1600,332,70.37,70.52,70.33,U,22,53.2927
L,1260825,1600,332,70.37,70.52,70.33,U,23,53.1400
L,1260825,1600,332,70.37,70.52,70.33,U,24,63.1600
L,1260825,1600,332,70.37,70.52,70.33,U,25,70.0720
L,1260825,1600,332,70.37,70.52,70.33,L,0,70.1205
L,1260825,1600,332,70.37,70.52,70.33,L,1,70.0182
L,1260825,1600,332,70.37,70.52,70.33,L,2,71.8050
L,1260825,1600,332,70.37,70.52,70.33,L,3,70.2550
L,1260825,1600,332,70.37,70.52,70.33,L,4,71.2871
L,1260825,1600,332,70.37,70.52,70.33,L,5,75.4925
X,1260825,1600,332,70.37,70.52,70.33,70.0808
X,1260825,1600,332,70.37,70.52,70.33,70.0945
K,1260825,1600,332,70.37,70.52,70.33,70.1390,6
Q,1260825,1600,332,70.37,70.52,70.33,70.0808,4
L,1260825,1700,333,69.84,70.38,69.82,U,0,70.4481
L,1260825,1700,333,69.84,70.38,69.82,U,1,70.3312
L,1260825,1700,333,69.84,70.38,69.82,U,2,69.9701
L,1260825,1700,333,69.84,70.38,69.82,U,3,70.5619
L,1260825,1700,333,69.84,70.38,69.82,U,4,70.2484
L,1260825,1700,333,69.84,70.38,69.82,U,5,67.7117
L,1260825,1700,333,69.84,70.38,69.82,U,6,67.9993
L,1260825,1700,333,69.84,70.38,69.82,U,7,67.6715
L,1260825,1700,333,69.84,70.38,69.82,U,8,67.6088
L,1260825,1700,333,69.84,70.38,69.82,U,9,68.5125
L,1260825,1700,333,69.84,70.38,69.82,U,10,68.0370
L,1260825,1700,333,69.84,70.38,69.82,U,11,68.0909
L,1260825,1700,333,69.84,70.38,69.82,U,12,68.0340
L,1260825,1700,333,69.84,70.38,69.82,U,13,64.5642
L,1260825,1700,333,69.84,70.38,69.82,U,14,63.7849
L,1260825,1700,333,69.84,70.38,69.82,U,15,64.5419
L,1260825,1700,333,69.84,70.38,69.82,U,16,64.1955
L,1260825,1700,333,69.84,70.38,69.82,U,17,65.4224
L,1260825,1700,333,69.84,70.38,69.82,U,18,62.6930
L,1260825,1700,333,69.84,70.38,69.82,U,19,63.5363
L,1260825,1700,333,69.84,70.38,69.82,U,20,63.9497
L,1260825,1700,333,69.84,70.38,69.82,U,21,58.8780
L,1260825,1700,333,69.84,70.38,69.82,U,22,56.0907
L,1260825,1700,333,69.84,70.38,69.82,U,23,53.0614
L,1260825,1700,333,69.84,70.38,69.82,U,24,52.9072
L,1260825,1700,333,69.84,70.38,69.82,U,25,63.0200
L,1260825,1700,333,69.84,70.38,69.82,U,26,69.9960
L,1260825,1700,333,69.84,70.38,69.82,L,0,70.2081
L,1260825,1700,333,69.84,70.38,69.82,L,1,70.1018
L,1260825,1700,333,69.84,70.38,69.82,L,2,71.9600
L,1260825,1700,333,69.84,70.38,69.82,L,3,70.3480
L,1260825,1700,333,69.84,70.38,69.82,L,4,71.4214
L,1260825,1700,333,69.84,70.38,69.82,L,5,75.7950
X,1260825,1700,333,69.84,70.38,69.82,70.3386
X,1260825,1700,333,69.84,70.38,69.82,70.0329
X,1260825,1700,333,69.84,70.38,69.82,70.2924
X,1260825,1700,333,69.84,70.38,69.82,70.0464
K,1260825,1700,333,69.84,70.38,69.82,70.2809,6
Q,1260825,1700,333,69.84,70.38,69.82,70.2924,8
L,1260826,200,334,69.93,70.33,69.65,U,0,70.3763
L,1260826,200,334,69.93,70.33,69.65,U,1,70.2583
L,1260826,200,334,69.93,70.33,69.65,U,2,69.8939
L,1260826,200,334,69.93,70.33,69.65,U,3,70.4911
L,1260826,200,334,69.93,70.33,69.65,U,4,70.1747
L,1260826,200,334,69.93,70.33,69.65,U,5,67.6148
L,1260826,200,334,69.93,70.33,69.65,U,6,67.9050
L,1260826,200,334,69.93,70.33,69.65,U,7,67.5742
L,1260826,200,334,69.93,70.33,69.65,U,8,67.5109
L,1260826,200,334,69.93,70.33,69.65,U,9,68.4229
L,1260826,200,334,69.93,70.33,69.65,U,10,67.9430
L,1260826,200,334,69.93,70.33,69.65,U,11,67.9974
L,1260826,200,334,69.93,70.33,69.65,U,12,67.9400
L,1260826,200,334,69.93,70.33,69.65,U,13,64.4383
L,1260826,200,334,69.93,70.33,69.65,U,14,63.6519
L,1260826,200,334,69.93,70.33,69.65,U,15,64.4158
L,1260826,200,334,69.93,70.33,69.65,U,16,64.0663
L,1260826,200,334,69.93,70.33,69.65,U,17,65.3045
L,1260826,200,334,69.93,70.33,69.65,U,18,62.5500
L,1260826,200,334,69.93,70.33,69.65,U,19,63.4011
L,1260826,200,334,69.93,70.33,69.65,U,20,63.8182
L,1260826,200,334,69.93,70.33,69.65,U,21,58.7000
L,1260826,200,334,69.93,70.33,69.65,U,22,55.8871
L,1260826,200,334,69.93,70.33,69.65,U,23,52.8300
L,1260826,200,334,69.93,70.33,69.65,U,24,52.6744
L,1260826,200,334,69.93,70.33,69.65,U,25,62.8800
L,1260826,200,334,69.93,70.33,69.65,U,26,69.9200
L,1260826,200,334,69.93,70.33,69.65,L,0,70.2957
L,1260826,200,334,69.93,70.33,69.65,L,1,70.1853
L,1260826,200,334,69.93,70.33,69.65,L,2,72.1150
L,1260826,200,334,69.93,70.33,69.65,L,3,70.4410
L,1260826,200,334,69.93,70.33,69.65,L,4,71.5557
L,1260826,200,334,69.93,70.33,69.65,L,5,76.0975
X,1260826,200,334,69.93,70.33,69.65,70.4045
X,1260826,200,334,69.93,70.33,69.65,70.2753
X,1260826,200,334,69.93,70.33,69.65,70.2300
X,1260826,200,334,69.93,70.33,69.65,70.1797
K,1260826,200,334,69.93,70.33,69.65,70.3175,7
Q,1260826,200,334,69.93,70.33,69.65,70.2753,12
L,1260826,300,335,70.00,70.01,69.70,U,0,70.3044
L,1260826,300,335,70.00,70.01,69.70,U,1,70.1854
L,1260826,300,335,70.00,70.01,69.70,U,2,69.8176
L,1260826,300,335,70.00,70.01,69.70,U,3,70.4203
L,1260826,300,335,70.00,70.01,69.70,U,4,70.1011
L,1260826,300,335,70.00,70.01,69.70,U,5,67.5178
L,1260826,300,335,70.00,70.01,69.70,U,6,67.8107
L,1260826,300,335,70.00,70.01,69.70,U,7,67.4769
L,1260826,300,335,70.00,70.01,69.70,U,8,67.4130
L,1260826,300,335,70.00,70.01,69.70,U,9,68.3332
L,1260826,300,335,70.00,70.01,69.70,U,10,67.8490
L,1260826,300,335,70.00,70.01,69.70,U,11,67.9039
L,1260826,300,335,70.00,70.01,69.70,U,12,67.8460
L,1260826,300,335,70.00,70.01,69.70,U,13,64.3125
L,1260826,300,335,70.00,70.01,69.70,U,14,63.5189
L,1260826,300,335,70.00,70.01,69.70,U,15,64.2898
L,1260826,300,335,70.00,70.01,69.70,U,16,63.9371
L,1260826,300,335,70.00,70.01,69.70,U,17,65.1865
L,1260826,300,335,70.00,70.01,69.70,U,18,62.4070
L,1260826,300,335,70.00,70.01,69.70,U,19,63.2658
L,1260826,300,335,70.00,70.01,69.70,U,20,63.6868
L,1260826,300,335,70.00,70.01,69.70,U,21,58.5220
L,1260826,300,335,70.00,70.01,69.70,U,22,55.6836
L,1260826,300,335,70.00,70.01,69.70,U,23,52.5986
L,1260826,300,335,70.00,70.01,69.70,U,24,52.4417
L,1260826,300,335,70.00,70.01,69.70,U,25,62.7400
L,1260826,300,335,70.00,70.01,69.70,U,26,69.8440
L,1260826,300,335,70.00,70.01,69.70,L,0,69.7137
L,1260826,300,335,70.00,70.01,69.70,L,1,70.3833
L,1260826,300,335,70.00,70.01,69.70,L,2,70.2688
L,1260826,300,335,70.00,70.01,69.70,L,3,72.2700
L,1260826,300,335,70.00,70.01,69.70,L,4,70.5340
L,1260826,300,335,70.00,70.01,69.70,L,5,71.6900
L,1260826,300,335,70.00,70.01,69.70,L,6,76.4000
X,1260826,300,335,70.00,70.01,69.70,70.3400
X,1260826,300,335,70.00,70.01,69.70,70.2243
X,1260826,300,335,70.00,70.01,69.70,70.4694
K,1260826,300,335,70.00,70.01,69.70,70.2772,6
Q,1260826,300,335,70.00,70.01,69.70,70.2243,13
L,1260826,400,336,70.03,70.05,69.68,U,0,70.2326
L,1260826,400,336,70.03,70.05,69.68,U,1,70.1125
L,1260826,400,336,70.03,70.05,69.68,U,2,69.7414
L,1260826,400,336,70.03,70.05,69.68,U,3,70.3495
L,1260826,400,336,70.03,70.05,69.68,U,4,70.0274
L,1260826,400,336,70.03,70.05,69.68,U,5,67.4209
L,1260826,400,336,70.03,70.05,69.68,U,6,67.7164
L,1260826,400,336,70.03,70.05,69.68,U,7,67.3795
L,1260826,400,336,70.03,70.05,69.68,U,8,67.3151
L,1260826,400,336,70.03,70.05,69.68,U,9,68.2436
L,1260826,400,336,70.03,70.05,69.68,U,10,67.7551
L,1260826,400,336,70.03,70.05,69.68,U,11,67.8104
L,1260826,400,336,70.03,70.05,69.68,U,12,67.7520
L,1260826,400,336,70.03,70.05,69.68,U,13,64.1867
L,1260826,400,336,70.03,70.05,69.68,U,14,63.3860
L,1260826,400,336,70.03,70.05,69.68,U,15,64.1638
L,1260826,400,336,70.03,70.05,69.68,U,16,63.8078
L,1260826,400,336,70.03,70.05,69.68,U,17,65.0686
L,1260826,400,336,70.03,70.05,69.68,U,18,62.2640
L,1260826,400,336,70.03,70.05,69.68,U,19,63.1305
L,1260826,400,336,70.03,70.05,69.68,U,20,63.5553
L,1260826,400,336,70.03,70.05,69.68,U,21,58.3440
L,1260826,400,336,70.03,70.05,69.68,U,22,55.4800
L,1260826,400,336,70.03,70.05,69.68,U,23,52.3673
L,1260826,400,336,70.03,70.05,69.68,U,24,52.2089
L,1260826,400,336,70.03,70.05,69.68,U,25,62.6000
L,1260826,400,336,70.03,70.05,69.68,U,26,69.7680
L,1260826,400,336,70.03,70.05,69.68,L,0,69.7774
L,1260826,400,336,70.03,70.05,69.68,L,1,70.4710
L,1260826,400,336,70.03,70.05,69.68,L,2,70.3524
L,1260826,400,336,70.03,70.05,69.68,L,3,72.4250
L,1260826,400,336,70.03,70.05,69.68,L,4,70.6270
L,1260826,400,336,70.03,70.05,69.68,L,5,71.8243
L,1260826,400,336,70.03,70.05,69.68,L,6,76.7025
X,1260826,400,336,70.03,70.05,69.68,70.2880
X,1260826,400,336,70.03,70.05,69.68,69.7610
X,1260826,400,336,70.03,70.05,69.68,70.4038
X,1260826,400,336,70.03,70.05,69.68,70.3508
X,1260826,400,336,70.03,70.05,69.68,69.7731
K,1260826,400,336,70.03,70.05,69.68,70.2617,4
Q,1260826,400,336,70.03,70.05,69.68,70.2880,14
L,1260826,500,337,69.88,70.31,69.67,U,0,70.1607
L,1260826,500,337,69.88,70.31,69.67,U,1,70.0395
L,1260826,500,337,69.88,70.31,69.67,U,2,69.6651
L,1260826,500,337,69.88,70.31,69.67,U,3,70.2787
L,1260826,500,337,69.88,70.31,69.67,U,4,69.9537
L,1260826,500,337,69.88,70.31,69.67,U,5,67.3239
L,1260826,500,337,69.88,70.31,69.67,U,6,67.6220
L,1260826,500,337,69.88,70.31,69.67,U,7,67.2822
L,1260826,500,337,69.88,70.31,69.67,U,8,67.2172
L,1260826,500,337,69.88,70.31,69.67,U,9,68.1540
L,1260826,500,337,69.88,70.31,69.67,U,10,67.6611
L,1260826,500,337,69.88,70.31,69.67,U,11,67.7170
L,1260826,500,337,69.88,70.31,69.67,U,12,67.6580
L,1260826,500,337,69.88,70.31,69.67,U,13,64.0608
L,1260826,500,337,69.88,70.31,69.67,U,14,63.2530
L,1260826,500,337,69.88,70.31,69.67,U,15,64.0377
L,1260826,500,337,69.88,70.31,69.67,U,16,63.6786
L,1260826,500,337,69.88,70.31,69.67,U,17,64.9506
L,1260826,500,337,69.88,70.31,69.67,U,18,62.1210
L,1260826,500,337,69.88,70.31,69.67,U,19,62.9953
L,1260826,500,337,69.88,70.31,69.67,U,20,63.4238
L,1260826,500,337,69.88,70.31,69.67,U,21,58.1660
L,1260826,500,337,69.88,70.31,69.67,U,22,55.2764
L,1260826,500,337,69.88,70.31,69.67,U,23,52.1359
L,1260826,500,337,69.88,70.31,69.67,U,24,51.9761
L,1260826,500,337,69.88,70.31,69.67,U,25,62.4600
L,1260826,500,337,69.88,70.31,69.67,U,26,69.6920
L,1260826,500,337,69.88,70.31,69.67,L,0,69.8411
L,1260826,500,337,69.88,70.31,69.67,L,1,70.5586
L,1260826,500,337,69.88,70.31,69.67,L,2,70.4359
L,1260826,500,337,69.88,70.31,69.67,L,3,72.5800
L,1260826,500,337,69.88,70.31,69.67,L,4,70.7200
L,1260826,500,337,69.88,70.31,69.67,L,5,71.9586
L,1260826,500,337,69.88,70.31,69.67,L,6,77.0050
K,1260826,500,337,69.88,70.31,69.67,69.7880,4
L,1260826,600,338,69.44,70.18,69.28,U,0,70.2395
L,1260826,600,338,69.44,70.18,69.28,U,1,70.0889
L,1260826,600,338,69.44,70.18,69.28,U,2,69.9666
L,1260826,600,338,69.44,70.18,69.28,U,3,69.5889
L,1260826,600,338,69.44,70.18,69.28,U,4,70.2079
L,1260826,600,338,69.44,70.18,69.28,U,5,69.8800
L,1260826,600,338,69.44,70.18,69.28,U,6,67.2270
L,1260826,600,338,69.44,70.18,69.28,U,7,67.5277
L,1260826,600,338,69.44,70.18,69.28,U,8,67.1849
L,1260826,600,338,69.44,70.18,69.28,U,9,67.1193
L,1260826,600,338,69.44,70.18,69.28,U,10,68.0644
L,1260826,600,338,69.44,70.18,69.28,U,11,67.5671
L,1260826,600,338,69.44,70.18,69.28,U,12,67.6235
L,1260826,600,338,69.44,70.18,69.28,U,13,67.5640
L,1260826,600,338,69.44,70.18,69.28,U,14,63.9350
L,1260826,600,338,69.44,70.18,69.28,U,15,63.1200
L,1260826,600,338,69.44,70.18,69.28,U,16,63.9117
L,1260826,600,338,69.44,70.18,69.28,U,17,63.5494
L,1260826,600,338,69.44,70.18,69.28,U,18,64.8327
L,1260826,600,338,69.44,70.18,69.28,U,19,61.9780
L,1260826,600,338,69.44,70.18,69.28,U,20,62.8600
L,1260826,600,338,69.44,70.18,69.28,U,21,63.2924
L,1260826,600,338,69.44,70.18,69.28,U,22,57.9880
L,1260826,600,338,69.44,70.18,69.28,U,23,55.0729
L,1260826,600,338,69.44,70.18,69.28,U,24,51.9045
L,1260826,600,338,69.44,70.18,69.28,U,25,51.7433
L,1260826,600,338,69.44,70.18,69.28,U,26,62.3200
L,1260826,600,338,69.44,70.18,69.28,U,27,69.6160
L,1260826,600,338,69.44,70.18,69.28,L,0,69.9048
L,1260826,600,338,69.44,70.18,69.28,L,1,70.6462
L,1260826,600,338,69.44,70.18,69.28,L,2,70.5194
L,1260826,600,338,69.44,70.18,69.28,L,3,72.7350
L,1260826,600,338,69.44,70.18,69.28,L,4,70.8130
L,1260826,600,338,69.44,70.18,69.28,L,5,72.0929
L,1260826,600,338,69.44,70.18,69.28,L,6,77.3075
X,1260826,600,338,69.44,70.18,69.28,69.8933
K,1260826,600,338,69.44,70.18,69.28,70.1257,4
Q,1260826,600,338,69.44,70.18,69.28,69.8933,3
L,1260826,700,339,70.70,70.70,69.28,U,0,70.1689
L,1260826,700,339,70.70,70.70,69.28,U,1,70.0170
L,1260826,700,339,70.70,70.70,69.28,U,2,69.8937
L,1260826,700,339,70.70,70.70,69.28,U,3,69.5127
L,1260826,700,339,70.70,70.70,69.28,U,4,70.1371
L,1260826,700,339,70.70,70.70,69.28,U,5,69.8063
L,1260826,700,339,70.70,70.70,69.28,U,6,67.1300
L,1260826,700,339,70.70,70.70,69.28,U,7,67.4334
L,1260826,700,339,70.70,70.70,69.28,U,8,67.0876
L,1260826,700,339,70.70,70.70,69.28,U,9,67.0214
L,1260826,700,339,70.70,70.70,69.28,U,10,67.9748
L,1260826,700,339,70.70,70.70,69.28,U,11,67.4732
L,1260826,700,339,70.70,70.70,69.28,U,12,67.5300
L,1260826,700,339,70.70,70.70,69.28,U,13,67.4700
L,1260826,700,339,70.70,70.70,69.28,U,14,63.8092
L,1260826,700,339,70.70,70.70,69.28,U,15,62.9870
L,1260826,700,339,70.70,70.70,69.28,U,16,63.7857
L,1260826,700,339,70.70,70.70,69.28,U,17,63.4202
L,1260826,700,339,70.70,70.70,69.28,U,18,64.7147
L,1260826,700,339,70.70,70.70,69.28,U,19,61.8350
L,1260826,700,339,70.70,70.70,69.28,U,20,62.7247
L,1260826,700,339,70.70,70.70,69.28,U,21,63.1609
L,1260826,700,339,70.70,70.70,69.28,U,22,57.8100
L,1260826,700,339,70.70,70.70,69.28,U,23,54.8693
L,1260826,700,339,70.70,70.70,69.28,U,24,51.6732
L,1260826,700,339,70.70,70.70,69.28,U,25,51.5106
L,1260826,700,339,70.70,70.70,69.28,U,26,62.1800
L,1260826,700,339,70.70,70.70,69.28,U,27,69.5400
L,1260826,700,339,70.70,70.70,69.28,L,0,69.9685
L,1260826,700,339,70.70,70.70,69.28,L,1,70.7338
L,1260826,700,339,70.70,70.70,69.28,L,2,70.6029
L,1260826,700,339,70.70,70.70,69.28,L,3,72.8900
L,1260826,700,339,70.70,70.70,69.28,L,4,70.9060
L,1260826,700,339,70.70,70.70,69.28,L,5,72.2271
L,1260826,700,339,70.70,70.70,69.28,L,6,77.6100
X,1260826,700,339,70.70,70.70,69.28,69.9336
K,1260826,700,339,70.70,70.70,69.28,70.0370,5
Q,1260826,700,339,70.70,70.70,69.28,69.9336,4
L,1260826,800,340,70.15,70.69,69.44,U,0,70.6341
L,1260826,800,340,70.15,70.69,69.44,U,1,70.0984
L,1260826,800,340,70.15,70.69,69.44,U,2,69.9452
L,1260826,800,340,70.15,70.69,69.44,U,3,69.8208
L,1260826,800,340,70.15,70.69,69.44,U,4,69.4364
L,1260826,800,340,70.15,70.69,69.44,U,5,70.0663
L,1260826,800,340,70.15,70.69,69.44,U,6,69.7326
L,1260826,800,340,70.15,70.69,69.44,U,7,67.0330
L,1260826,800,340,70.15,70.69,69.44,U,8,67.3391
L,1260826,800,340,70.15,70.69,69.44,U,9,66.9902
L,1260826,800,340,70.15,70.69,69.44,U,10,66.9235
L,1260826,800,340,70.15,70.69,69.44,U,11,67.8852
L,1260826,800,340,70.15,70.69,69.44,U,12,67.3792
L,1260826,800,340,70.15,70.69,69.44,U,13,67.4365
L,1260826,800,340,70.15,70.69,69.44,U,14,67.3760
L,1260826,800,340,70.15,70.69,69.44,U,15,63.6833
L,1260826,800,340,70.15,70.69,69.44,U,16,62.8540
L,1260826,800,340,70.15,70.69,69.44,U,17,63.6596
L,1260826,800,340,70.15,70.69,69.44,U,18,63.2910
L,1260826,800,340,70.15,70.69,69.44,U,19,64.5967
L,1260826,800,340,70.15,70.69,69.44,U,20,61.6920
L,1260826,800,340,70.15,70.69,69.44,U,21,62.5895
L,1260826,800,340,70.15,70.69,69.44,U,22,63.0294
L,1260826,800,340,70.15,70.69,69.44,U,23,57.6320
L,1260826,800,340,70.15,70.69,69.44,U,24,54.6657
L,1260826,800,340,70.15,70.69,69.44,U,25,51.4418
L,1260826,800,340,70.15,70.69,69.44,U,26,51.2778
L,1260826,800,340,70.15,70.69,69.44,U,27,62.0400
L,1260826,800,340,70.15,70.69,69.44,U,28,69.4640
L,1260826,800,340,70.15,70.69,69.44,L,0,70.0322
L,1260826,800,340,70.15,70.69,69.44,L,1,70.8214
L,1260826,800,340,70.15,70.69,69.44,L,2,70.6865
L,1260826,800,340,70.15,70.69,69.44,L,3,73.0450
L,1260826,800,340,70.15,70.69,69.44,L,4,70.9990
L,1260826,800,340,70.15,70.69,69.44,L,5,72.3614
L,1260826,800,340,70.15,70.69,69.44,L,6,77.9125
X,1260826,800,340,70.15,70.69,69.44,70.6572
X,1260826,800,340,70.15,70.69,69.44,69.9913
K,1260826,800,340,70.15,70.69,69.44,69.9926,5
Q,1260826,800,340,70.15,70.69,69.44,69.9913,3
L,1260826,900,341,69.89,70.41,69.87,U,0,70.5682
L,1260826,900,341,69.89,70.41,69.87,U,1,70.0279
L,1260826,900,341,69.89,70.41,69.87,U,2,69.8733
L,1260826,900,341,69.89,70.41,69.87,U,3,69.7478
L,1260826,900,341,69.89,70.41,69.87,U,4,69.3602
L,1260826,900,341,69.89,70.41,69.87,U,5,69.9955
L,1260826,900,341,69.89,70.41,69.87,U,6,69.6589
L,1260826,900,341,69.89,70.41,69.87,U,7,66.9361
L,1260826,900,341,69.89,70.41,69.87,U,8,67.2448
L,1260826,900,341,69.89,70.41,69.87,U,9,66.8929
L,1260826,900,341,69.89,70.41,69.87,U,10,66.8256
L,1260826,900,341,69.89,70.41,69.87,U,11,67.7956
L,1260826,900,341,69.89,70.41,69.87,U,12,67.2852
L,1260826,900,341,69.89,70.41,69.87,U,13,67.3430
L,1260826,900,341,69.89,70.41,69.87,U,14,67.2820
L,1260826,900,341,69.89,70.41,69.87,U,15,63.5575
L,1260826,900,341,69.89,70.41,69.87,U,16,62.7211
L,1260826,900,341,69.89,70.41,69.87,U,17,63.5336
L,1260826,900,341,69.89,70.41,69.87,U,18,63.1618
L,1260826,900,341,69.89,70.41,69.87,U,19,64.4788
L,1260826,900,341,69.89,70.41,69.87,U,20,61.5490
L,1260826,900,341,69.89,70.41,69.87,U,21,62.4542
L,1260826,900,341,69.89,70.41,69.87,U,22,62.8979
L,1260826,900,341,69.89,70.41,69.87,U,23,57.4540
L,1260826,900,341,69.89,70.41,69.87,U,24,54.4621
L,1260826,900,341,69.89,70.41,69.87,U,25,51.2105
L,1260826,900,341,69.89,70.41,69.87,U,26,51.0450
L,1260826,900,341,69.89,70.41,69.87,U,27,61.9000
L,1260826,900,341,69.89,70.41,69.87,U,28,69.3880
L,1260826,900,341,69.89,70.41,69.87,L,0,70.0959
L,1260826,900,341,69.89,70.41,69.87,L,1,70.9090
L,1260826,900,341,69.89,70.41,69.87,L,2,70.7700
L,1260826,900,341,69.89,70.41,69.87,L,3,73.2000
L,1260826,900,341,69.89,70.41,69.87,L,4,71.0920
L,1260826,900,341,69.89,70.41,69.87,L,5,72.4957
L,1260826,900,341,69.89,70.41,69.87,L,6,78.2150
X,1260826,900,341,69.89,70.41,69.87,70.0636
X,1260826,900,341,69.89,70.41,69.87,70.0483
K,1260826,900,341,69.89,70.41,69.87,69.9981,4
Q,1260826,900,341,69.89,70.41,69.87,70.0636,5
L,1260826,1000,342,69.86,69.94,69.54,U,0,70.5023
L,1260826,1000,342,69.86,69.94,69.54,U,1,69.9573
L,1260826,1000,342,69.86,69.94,69.54,U,2,69.8015
L,1260826,1000,342,69.86,69.94,69.54,U,3,69.6749
L,1260826,1000,342,69.86,69.94,69.54,U,4,69.2840
L,1260826,1000,342,69.86,69.94,69.54,U,5,69.9246
L,1260826,1000,342,69.86,69.94,69.54,U,6,69.5853
L,1260826,1000,342,69.86,69.94,69.54,U,7,66.8391
L,1260826,1000,342,69.86,69.94,69.54,U,8,67.1505
L,1260826,1000,342,69.86,69.94,69.54,U,9,66.7956
L,1260826,1000,342,69.86,69.94,69.54,U,10,66.7277
L,1260826,1000,342,69.86,69.94,69.54,U,11,67.7060
L,1260826,1000,342,69.86,69.94,69.54,U,12,67.1912
L,1260826,1000,342,69.86,69.94,69.54,U,13,67.2496
L,1260826,1000,342,69.86,69.94,69.54,U,14,67.1880
L,1260826,1000,342,69.86,69.94,69.54,U,15,63.4317
L,1260826,1000,342,69.86,69.94,69.54,U,16,62.5881
L,1260826,1000,342,69.86,69.94,69.54,U,17,63.4075
L,1260826,1000,342,69.86,69.94,69.54,U,18,63.0325
L,1260826,1000,342,69.86,69.94,69.54,U,19,64.3608
L,1260826,1000,342,69.86,69.94,69.54,U,20,61.4060
L,1260826,1000,342,69.86,69.94,69.54,U,21,62.3189
L,1260826,1000,342,69.86,69.94,69.54,U,22,62.7665
L,1260826,1000,342,69.86,69.94,69.54,U,23,57.2760
L,1260826,1000,342,69.86,69.94,69.54,U,24,54.2586
L,1260826,1000,342,69.86,69.94,69.54,U,25,50.9791
L,1260826,1000,342,69.86,69.94,69.54,U,26,50.8122
L,1260826,1000,342,69.86,69.94,69.54,U,27,61.7600
L,1260826,1000,342,69.86,69.94,69.54,U,28,69.3120
L,1260826,1000,342,69.86,69.94,69.54,L,0,70.1596
L,1260826,1000,342,69.86,69.94,69.54,L,1,70.9967
L,1260826,1000,342,69.86,69.94,69.54,L,2,70.8535
L,1260826,1000,342,69.86,69.94,69.54,L,3,73.3550
L,1260826,1000,342,69.86,69.94,69.54,L,4,71.1850
L,1260826,1000,342,69.86,69.94,69.54,L,5,72.6300
L,1260826,1000,342,69.86,69.94,69.54,L,6,78.5175
K,1260826,1000,342,69.86,69.94,69.54,69.9608,4
L,1260826,1100,343,70.34,70.41,69.83,U,0,70.4363
L,1260826,1100,343,70.34,70.41,69.83,U,1,69.8868
L,1260826,1100,343,70.34,70.41,69.83,U,2,69.7296
L,1260826,1100,343,70.34,70.41,69.83,U,3,69.6020
L,1260826,1100,343,70.34,70.41,69.83,U,4,69.2077
L,1260826,1100,343,70.34,70.41,69.83,U,5,69.8538
L,1260826,1100,343,70.34,70.41,69.83,U,6,69.5116
L,1260826,1100,343,70.34,70.41,69.83,U,7,66.7422
L,1260826,1100,343,70.34,70.41,69.83,U,8,67.0561
L,1260826,1100,343,70.34,70.41,69.83,U,9,66.6983
L,1260826,1100,343,70.34,70.41,69.83,U,10,66.6298
L,1260826,1100,343,70.34,70.41,69.83,U,11,67.6164
L,1260826,1100,343,70.34,70.41,69.83,U,12,67.0973
L,1260826,1100,343,70.34,70.41,69.83,U,13,67.1561
L,1260826,1100,343,70.34,70.41,69.83,U,14,67.0940
L,1260826,1100,343,70.34,70.41,69.83,U,15,63.3058
L,1260826,1100,343,70.34,70.41,69.83,U,16,62.4551
L,1260826,1100,343,70.34,70.41,69.83,U,17,63.2815
L,1260826,1100,343,70.34,70.41,69.83,U,18,62.9033
L,1260826,1100,343,70.34,70.41,69.83,U,19,64.2429
L,1260826,1100,343,70.34,70.41,69.83,U,20,61.2630
L,1260826,1100,343,70.34,70.41,69.83,U,21,62.1837
L,1260826,1100,343,70.34,70.41,69.83,U,22,62.6350
L,1260826,1100,343,70.34,70.41,69.83,U,23,57.0980
L,1260826,1100,343,70.34,70.41,69.83,U,24,54.0550
L,1260826,1100,343,70.34,70.41,69.83,U,25,50.7477
L,1260826,1100,343,70.34,70.41,69.83,U,26,50.5794
L,1260826,1100,343,70.34,70.41,69.83,U,27,61.6200
L,1260826,1100,343,70.34,70.41,69.83,U,28,69.2360
L,1260826,1100,343,70.34,70.41,69.83,L,0,69.5860
L,1260826,1100,343,70.34,70.41,69.83,L,1,70.2233
L,1260826,1100,343,70.34,70.41,69.83,L,2,71.0843
L,1260826,1100,343,70.34,70.41,69.83,L,3,70.9371
L,1260826,1100,343,70.34,70.41,69.83,L,4,73.5100
L,1260826,1100,343,70.34,70.41,69.83,L,5,71.2780
L,1260826,1100,343,70.34,70.41,69.83,L,6,72.7643
L,1260826,1100,343,70.34,70.41,69.83,L,7,78.8200
X,1260826,1100,343,70.34,70.41,69.83,69.5574
K,1260826,1100,343,70.34,70.41,69.83,69.7317,5
L,1260826,1200,344,70.60,70.67,70.20,U,0,70.3704
L,1260826,1200,344,70.60,70.67,70.20,U,1,69.8163
L,1260826,1200,344,70.60,70.67,70.20,U,2,69.6578
L,1260826,1200,344,70.60,70.67,70.20,U,3,69.5291
L,1260826,1200,344,70.60,70.67,70.20,U,4,69.1315
L,1260826,1200,344,70.60,70.67,70.20,U,5,69.7830
L,1260826,1200,344,70.60,70.67,70.20,U,6,69.4379
L,1260826,1200,344,70.60,70.67,70.20,U,7,66.6452
L,1260826,1200,344,70.60,70.67,70.20,U,8,66.9618
L,1260826,1200,344,70.60,70.67,70.20,U,9,66.6009
L,1260826,1200,344,70.60,70.67,70.20,U,10,66.5319
L,1260826,1200,344,70.60,70.67,70.20,U,11,67.5268
L,1260826,1200,344,70.60,70.67,70.20,U,12,67.0033
L,1260826,1200,344,70.60,70.67,70.20,U,13,67.0626
L,1260826,1200,344,70.60,70.67,70.20,U,14,67.0000
L,1260826,1200,344,70.60,70.67,70.20,U,15,63.1800
L,1260826,1200,344,70.60,70.67,70.20,U,16,62.3221
L,1260826,1200,344,70.60,70.67,70.20,U,17,63.1555
L,1260826,1200,344,70.60,70.67,70.20,U,18,62.7741
L,1260826,1200,344,70.60,70.67,70.20,U,19,64.1249
L,1260826,1200,344,70.60,70.67,70.20,U,20,61.1200
L,1260826,1200,344,70.60,70.67,70.20,U,21,62.0484
L,1260826,1200,344,70.60,70.67,70.20,U,22,62.5035
L,1260826,1200,344,70.60,70.67,70.20,U,23,56.9200
L,1260826,1200,344,70.60,70.67,70.20,U,24,53.8514
L,1260826,1200,344,70.60,70.67,70.20,U,25,50.5164
L,1260826,1200,344,70.60,70.67,70.20,U,26,50.3467
L,1260826,1200,344,70.60,70.67,70.20,U,27,61.4800
L,1260826,1200,344,70.60,70.67,70.20,U,28,69.1600
L,1260826,1200,344,70.60,70.67,70.20,L,0,69.6320
L,1260826,1200,344,70.60,70.67,70.20,L,1,70.2870
L,1260826,1200,344,70.60,70.67,70.20,L,2,71.1719
L,1260826,1200,344,70.60,70.67,70.20,L,3,71.0206
L,1260826,1200,344,70.60,70.67,70.20,L,4,73.6650
L,1260826,1200,344,70.60,70.67,70.20,L,5,71.3710
L,1260826,1200,344,70.60,70.67,70.20,L,6,72.8986
L,1260826,1200,344,70.60,70.67,70.20,L,7,79.1225
X,1260826,1200,344,70.60,70.67,70.20,69.5922
K,1260826,1200,344,70.60,70.67,70.20,69.6427,6
Q,1260826,1200,344,70.60,70.67,70.20,69.5922,2
L,1260826,1300,345,70.43,70.94,70.32,U,0,70.3045
L,1260826,1300,345,70.43,70.94,70.32,U,1,69.7458
L,1260826,1300,345,70.43,70.94,70.32,U,2,69.5859
L,1260826,1300,345,70.43,70.94,70.32,U,3,69.4561
L,1260826,1300,345,70.43,70.94,70.32,U,4,69.0552
L,1260826,1300,345,70.43,70.94,70.32,U,5,69.7122
L,1260826,1300,345,70.43,70.94,70.32,U,6,69.3642
L,1260826,1300,345,70.43,70.94,70.32,U,7,66.5483
L,1260826,1300,345,70.43,70.94,70.32,U,8,66.8675
L,1260826,1300,345,70.43,70.94,70.32,U,9,66.5036
L,1260826,1300,345,70.43,70.94,70.32,U,10,66.4340
L,1260826,1300,345,70.43,70.94,70.32,U,11,67.4371
L,1260826,1300,345,70.43,70.94,70.32,U,12,66.9093
L,1260826,1300,345,70.43,70.94,70.32,U,13,66.9691
L,1260826,1300,345,70.43,70.94,70.32,U,14,66.9060
L,1260826,1300,345,70.43,70.94,70.32,U,15,63.0542
L,1260826,1300,345,70.43,70.94,70.32,U,16,62.1891
L,1260826,1300,345,70.43,70.94,70.32,U,17,63.0294
L,1260826,1300,345,70.43,70.94,70.32,U,18,62.6449
L,1260826,1300,345,70.43,70.94,70.32,U,19,64.0069
L,1260826,1300,345,70.43,70.94,70.32,U,20,60.9770
L,1260826,1300,345,70.43,70.94,70.32,U,21,61.9132
L,1260826,1300,345,70.43,70.94,70.32,U,22,62.3721
L,1260826,1300,345,70.43,70.94,70.32,U,23,56.7420
L,1260826,1300,345,70.43,70.94,70.32,U,24,53.6479
L,1260826,1300,345,70.43,70.94,70.32,U,25,50.2850
L,1260826,1300,345,70.43,70.94,70.32,U,26,50.1139
L,1260826,1300,345,70.43,70.94,70.32,U,27,61.3400
L,1260826,1300,345,70.43,70.94,70.32,U,28,69.0840
L,1260826,1300,345,70.43,70.94,70.32,L,0,69.6780
L,1260826,1300,345,70.43,70.94,70.32,L,1,70.3507
L,1260826,1300,345,70.43,70.94,70.32,L,2,71.2595
L,1260826,1300,345,70.43,70.94,70.32,L,3,71.1041
L,1260826,1300,345,70.43,70.94,70.32,L,4,73.8200
L,1260826,1300,345,70.43,70.94,70.32,L,5,71.4640
L,1260826,1300,345,70.43,70.94,70.32,L,6,73.0329
L,1260826,1300,345,70.43,70.94,70.32,L,7,79.4250
X,1260826,1300,345,70.43,70.94,70.32,70.3280
X,1260826,1300,345,70.43,70.94,70.32,69.6421
K,1260826,1300,345,70.43,70.94,70.32,69.5904,6
Q,1260826,1300,345,70.43,70.94,70.32,69.6421,3
L,1260826,1400,346,71.36,71.38,70.35,U,0,70.2386
L,1260826,1400,346,71.36,71.38,70.35,U,1,69.6752
L,1260826,1400,346,71.36,71.38,70.35,U,2,69.5141
L,1260826,1400,346,71.36,71.38,70.35,U,3,69.3832
L,1260826,1400,346,71.36,71.38,70.35,U,4,68.9790
L,1260826,1400,346,71.36,71.38,70.35,U,5,69.6414
L,1260826,1400,346,71.36,71.38,70.35,U,6,69.2905
L,1260826,1400,346,71.36,71.38,70.35,U,7,66.4513
L,1260826,1400,346,71.36,71.38,70.35,U,8,66.7732
L,1260826,1400,346,71.36,71.38,70.35,U,9,66.4063
L,1260826,1400,346,71.36,71.38,70.35,U,10,66.3360
L,1260826,1400,346,71.36,71.38,70.35,U,11,67.3475
L,1260826,1400,346,71.36,71.38,70.35,U,12,66.8153
L,1260826,1400,346,71.36,71.38,70.35,U,13,66.8757
L,1260826,1400,346,71.36,71.38,70.35,U,14,66.8120
L,1260826,1400,346,71.36,71.38,70.35,U,15,62.9283
L,1260826,1400,346,71.36,71.38,70.35,U,16,62.0561
L,1260826,1400,346,71.36,71.38,70.35,U,17,62.9034
L,1260826,1400,346,71.36,71.38,70.35,U,18,62.5157
L,1260826,1400,346,71.36,71.38,70.35,U,19,63.8890
L,1260826,1400,346,71.36,71.38,70.35,U,20,60.8340
L,1260826,1400,346,71.36,71.38,70.35,U,21,61.7779
L,1260826,1400,346,71.36,71.38,70.35,U,22,62.2406
L,1260826,1400,346,71.36,71.38,70.35,U,23,56.5640
L,1260826,1400,346,71.36,71.38,70.35,U,24,53.4443
L,1260826,1400,346,71.36,71.38,70.35,U,25,50.0536
L,1260826,1400,346,71.36,71.38,70.35,U,26,49.8811
L,1260826,1400,346,71.36,71.38,70.35,U,27,61.2000
L,1260826,1400,346,71.36,71.38,70.35,U,28,69.0080
L,1260826,1400,346,71.36,71.38,70.35,L,0,69.7240
L,1260826,1400,346,71.36,71.38,70.35,L,1,70.4144
L,1260826,1400,346,71.36,71.38,70.35,L,2,71.3471
L,1260826,1400,346,71.36,71.38,70.35,L,3,71.1876
L,1260826,1400,346,71.36,71.38,70.35,L,4,73.9750
L,1260826,1400,346,71.36,71.38,70.35,L,5,71.5570
L,1260826,1400,346,71.36,71.38,70.35,L,6,73.1671
L,1260826,1400,346,71.36,71.38,70.35,L,7,79.7275
X,1260826,1400,346,71.36,71.38,70.35,69.7047
X,1260826,1400,346,71.36,71.38,70.35,69.6915
K,1260826,1400,346,71.36,71.38,70.35,69.5381,6
Q,1260826,1400,346,71.36,71.38,70.35,69.7047,5
L,1260826,1500,347,72.12,72.40,71.13,U,0,70.1727
L,1260826,1500,347,72.12,72.40,71.13,U,1,69.6047
L,1260826,1500,347,72.12,72.40,71.13,U,2,69.4422
L,1260826,1500,347,72.12,72.40,71.13,U,3,69.3103
L,1260826,1500,347,72.12,72.40,71.13,U,4,68.9028
L,1260826,1500,347,72.12,72.40,71.13,U,5,69.5706
L,1260826,1500,347,72.12,72.40,71.13,U,6,69.2168
L,1260826,1500,347,72.12,72.40,71.13,U,7,66.3543
L,1260826,1500,347,72.12,72.40,71.13,U,8,66.6789
L,1260826,1500,347,72.12,72.40,71.13,U,9,66.3090
L,1260826,1500,347,72.12,72.40,71.13,U,10,66.2381
L,1260826,1500,347,72.12,72.40,71.13,U,11,67.2579
L,1260826,1500,347,72.12,72.40,71.13,U,12,66.7214
L,1260826,1500,347,72.12,72.40,71.13,U,13,66.7822
L,1260826,1500,347,72.12,72.40,71.13,U,14,66.7180
L,1260826,1500,347,72.12,72.40,71.13,U,15,62.8025
L,1260826,1500,347,72.12,72.40,71.13,U,16,61.9232
L,1260826,1500,347,72.12,72.40,71.13,U,17,62.7774
L,1260826,1500,347,72.12,72.40,71.13,U,18,62.3865
L,1260826,1500,347,72.12,72.40,71.13,U,19,63.7710
L,1260826,1500,347,72.12,72.40,71.13,U,20,60.6910
L,1260826,1500,347,72.12,72.40,71.13,U,21,61.6426
L,1260826,1500,347,72.12,72.40,71.13,U,22,62.1091
L,1260826,1500,347,72.12,72.40,71.13,U,23,56.3860
L,1260826,1500,347,72.12,72.40,71.13,U,24,53.2407
L,1260826,1500,347,72.12,72.40,71.13,U,25,49.8223
L,1260826,1500,347,72.12,72.40,71.13,U,26,49.6483
L,1260826,1500,347,72.12,72.40,71.13,U,27,61.0600
L,1260826,1500,347,72.12,72.40,71.13,U,28,68.9320
L,1260826,1500,347,72.12,72.40,71.13,L,0,69.7700
L,1260826,1500,347,72.12,72.40,71.13,L,1,70.4781
L,1260826,1500,347,72.12,72.40,71.13,L,2,71.4348
L,1260826,1500,347,72.12,72.40,71.13,L,3,71.2712
L,1260826,1500,347,72.12,72.40,71.13,L,4,74.1300
L,1260826,1500,347,72.12,72.40,71.13,L,5,71.6500
L,1260826,1500,347,72.12,72.40,71.13,L,6,73.3014
L,1260826,1500,347,72.12,72.40,71.13,L,7,80.0300
K,1260826,1500,347,72.12,72.40,71.13,71.4520,3
L,1260826,1600,348,72.62,72.78,71.77,U,0,70.1068
L,1260826,1600,348,72.62,72.78,71.77,U,1,69.5342
L,1260826,1600,348,72.62,72.78,71.77,U,2,69.3704
L,1260826,1600,348,72.62,72.78,71.77,U,3,69.2374
L,1260826,1600,348,72.62,72.78,71.77,U,4,68.8265
L,1260826,1600,348,72.62,72.78,71.77,U,5,69.4998
L,1260826,1600,348,72.62,72.78,71.77,U,6,69.1432
L,1260826,1600,348,72.62,72.78,71.77,U,7,66.2574
L,1260826,1600,348,72.62,72.78,71.77,U,8,66.5845
L,1260826,1600,348,72.62,72.78,71.77,U,9,66.2116
L,1260826,1600,348,72.62,72.78,71.77,U,10,66.1402
L,1260826,1600,348,72.62,72.78,71.77,U,11,67.1683
L,1260826,1600,348,72.62,72.78,71.77,U,12,66.6274
L,1260826,1600,348,72.62,72.78,71.77,U,13,66.6887
L,1260826,1600,348,72.62,72.78,71.77,U,14,66.6240
L,1260826,1600,348,72.62,72.78,71.77,U,15,62.6767
L,1260826,1600,348,72.62,72.78,71.77,U,16,61.7902
L,1260826,1600,348,72.62,72.78,71.77,U,17,62.6513
L,1260826,1600,348,72.62,72.78,71.77,U,18,62.2573
L,1260826,1600,348,72.62,72.78,71.77,U,19,63.6531
L,1260826,1600,348,72.62,72.78,71.77,U,20,60.5480
L,1260826,1600,348,72.62,72.78,71.77,U,21,61.5074
L,1260826,1600,348,72.62,72.78,71.77,U,22,61.9776
L,1260826,1600,348,72.62,72.78,71.77,U,23,56.2080
L,1260826,1600,348,72.62,72.78,71.77,U,24,53.0371
L,1260826,1600,348,72.62,72.78,71.77,U,25,49.5909
L,1260826,1600,348,72.62,72.78,71.77,U,26,49.4156
L,1260826,1600,348,72.62,72.78,71.77,U,27,60.9200
L,1260826,1600,348,72.62,72.78,71.77,U,28,68.8560
L,1260826,1600,348,72.62,72.78,71.77,L,0,69.8160
L,1260826,1600,348,72.62,72.78,71.77,L,1,70.5419
L,1260826,1600,348,72.62,72.78,71.77,L,2,71.5224
L,1260826,1600,348,72.62,72.78,71.77,L,3,71.3547
L,1260826,1600,348,72.62,72.78,71.77,L,4,74.2850
L,1260826,1600,348,72.62,72.78,71.77,L,5,71.7430
L,1260826,1600,348,72.62,72.78,71.77,L,6,73.4357
L,1260826,1600,348,72.62,72.78,71.77,L,7,80.3325
K,1260826,1600,348,72.62,72.78,71.77,71.5400,3
L,1260826,1700,349,72.93,72.95,72.48,U,0,70.0409
L,1260826,1700,349,72.93,72.95,72.48,U,1,69.4636
L,1260826,1700,349,72.93,72.95,72.48,U,2,69.2985
L,1260826,1700,349,72.93,72.95,72.48,U,3,69.1644
L,1260826,1700,349,72.93,72.95,72.48,U,4,68.7503
L,1260826,1700,349,72.93,72.95,72.48,U,5,69.4290
L,1260826,1700,349,72.93,72.95,72.48,U,6,69.0695
L,1260826,1700,349,72.93,72.95,72.48,U,7,66.1604
L,1260826,1700,349,72.93,72.95,72.48,U,8,66.4902
L,1260826,1700,349,72.93,72.95,72.48,U,9,66.1143
L,1260826,1700,349,72.93,72.95,72.48,U,10,66.0423
L,1260826,1700,349,72.93,72.95,72.48,U,11,67.0787
L,1260826,1700,349,72.93,72.95,72.48,U,12,66.5334
L,1260826,1700,349,72.93,72.95,72.48,U,13,66.5952
L,1260826,1700,349,72.93,72.95,72.48,U,14,66.5300
L,1260826,1700,349,72.93,72.95,72.48,U,15,62.5508
L,1260826,1700,349,72.93,72.95,72.48,U,16,61.6572
L,1260826,1700,349,72.93,72.95,72.48,U,17,62.5253
L,1260826,1700,349,72.93,72.95,72.48,U,18,62.1280
L,1260826,1700,349,72.93,72.95,72.48,U,19,63.5351
L,1260826,1700,349,72.93,72.95,72.48,U,20,60.4050
L,1260826,1700,349,72.93,72.95,72.48,U,21,61.3721
L,1260826,1700,349,72.93,72.95,72.48,U,22,61.8462
L,1260826,1700,349,72.93,72.95,72.48,U,23,56.0300
L,1260826,1700,349,72.93,72.95,72.48,U,24,52.8336
L,1260826,1700,349,72.93,72.95,72.48,U,25,49.3595
L,1260826,1700,349,72.93,72.95,72.48,U,26,49.1828
L,1260826,1700,349,72.93,72.95,72.48,U,27,60.7800
L,1260826,1700,349,72.93,72.95,72.48,U,28,68.7800
L,1260826,1700,349,72.93,72.95,72.48,L,0,69.8620
L,1260826,1700,349,72.93,72.95,72.48,L,1,70.6056
L,1260826,1700,349,72.93,72.95,72.48,L,2,71.6100
L,1260826,1700,349,72.93,72.95,72.48,L,3,71.4382
L,1260826,1700,349,72.93,72.95,72.48,L,4,74.4400
L,1260826,1700,349,72.93,72.95,72.48,L,5,71.8360
L,1260826,1700,349,72.93,72.95,72.48,L,6,73.5700
L,1260826,1700,349,72.93,72.95,72.48,L,7,80.6350
K,1260826,1700,349,72.93,72.95,72.48,71.6281,3
L,1260827,200,350,72.79,73.05,71.22,U,0,69.9750
L,1260827,200,350,72.79,73.05,71.22,U,1,69.3931
L,1260827,200,350,72.79,73.05,71.22,U,2,69.2267
L,1260827,200,350,72.79,73.05,71.22,U,3,69.0915
L,1260827,200,350,72.79,73.05,71.22,U,4,68.6741
L,1260827,200,350,72.79,73.05,71.22,U,5,69.3582
L,1260827,200,350,72.79,73.05,71.22,U,6,68.9958
L,1260827,200,350,72.79,73.05,71.22,U,7,66.0635
L,1260827,200,350,72.79,73.05,71.22,U,8,66.3959
L,1260827,200,350,72.79,73.05,71.22,U,9,66.0170
L,1260827,200,350,72.79,73.05,71.22,U,10,65.9444
L,1260827,200,350,72.79,73.05,71.22,U,11,66.9891
L,1260827,200,350,72.79,73.05,71.22,U,12,66.4395
L,1260827,200,350,72.79,73.05,71.22,U,13,66.5017
L,1260827,200,350,72.79,73.05,71.22,U,14,66.4360
L,1260827,200,350,72.79,73.05,71.22,U,15,62.4250
L,1260827,200,350,72.79,73.05,71.22,U,16,61.5242
L,1260827,200,350,72.79,73.05,71.22,U,17,62.3992
L,1260827,200,350,72.79,73.05,71.22,U,18,61.9988
L,1260827,200,350,72.79,73.05,71.22,U,19,63.4171
L,1260827,200,350,72.79,73.05,71.22,U,20,60.2620
L,1260827,200,350,72.79,73.05,71.22,U,21,61.2368
L,1260827,200,350,72.79,73.05,71.22,U,22,61.7147
L,1260827,200,350,72.79,73.05,71.22,U,23,55.8520
L,1260827,200,350,72.79,73.05,71.22,U,24,52.6300
L,1260827,200,350,72.79,73.05,71.22,U,25,49.1282
L,1260827,200,350,72.79,73.05,71.22,U,26,48.9500
L,1260827,200,350,72.79,73.05,71.22,U,27,60.6400
L,1260827,200,350,72.79,73.05,71.22,U,28,68.7040
L,1260827,200,350,72.79,73.05,71.22,L,0,69.9080
L,1260827,200,350,72.79,73.05,71.22,L,1,70.6693
L,1260827,200,350,72.79,73.05,71.22,L,2,71.6976
L,1260827,200,350,72.79,73.05,71.22,L,3,71.5218
L,1260827,200,350,72.79,73.05,71.22,L,4,74.5950
L,1260827,200,350,72.79,73.05,71.22,L,5,71.9290
L,1260827,200,350,72.79,73.05,71.22,L,6,73.7043
L,1260827,200,350,72.79,73.05,71.22,L,7,80.9375
K,1260827,200,350,72.79,73.05,71.22,71.7161,3
L,1260827,300,351,72.63,72.84,72.39,U,0,73.0085
L,1260827,300,351,72.63,72.84,72.39,U,1,69.9090
L,1260827,300,351,72.63,72.84,72.39,U,2,69.3226
L,1260827,300,351,72.63,72.84,72.39,U,3,69.1548
L,1260827,300,351,72.63,72.84,72.39,U,4,69.0186
L,1260827,300,351,72.63,72.84,72.39,U,5,68.5978
L,1260827,300,351,72.63,72.84,72.39,U,6,69.2874
L,1260827,300,351,72.63,72.84,72.39,U,7,68.9221
L,1260827,300,351,72.63,72.84,72.39,U,8,65.9665
L,1260827,300,351,72.63,72.84,72.39,U,9,66.3016
L,1260827,300,351,72.63,72.84,72.39,U,10,65.9197
L,1260827,300,351,72.63,72.84,72.39,U,11,65.8465
L,1260827,300,351,72.63,72.84,72.39,U,12,66.8995
L,1260827,300,351,72.63,72.84,72.39,U,13,66.3455
L,1260827,300,351,72.63,72.84,72.39,U,14,66.4083
L,1260827,300,351,72.63,72.84,72.39,U,15,66.3420
L,1260827,300,351,72.63,72.84,72.39,U,16,62.2992
L,1260827,300,351,72.63,72.84,72.39,U,17,61.3912
L,1260827,300,351,72.63,72.84,72.39,U,18,62.2732
L,1260827,300,351,72.63,72.84,72.39,U,19,61.8696
L,1260827,300,351,72.63,72.84,72.39,U,20,63.2992
L,1260827,300,351,72.63,72.84,72.39,U,21,60.1190
L,1260827,300,351,72.63,72.84,72.39,U,22,61.1016
L,1260827,300,351,72.63,72.84,72.39,U,23,61.5832
L,1260827,300,351,72.63,72.84,72.39,U,24,55.6740
L,1260827,300,351,72.63,72.84,72.39,U,25,52.4264
L,1260827,300,351,72.63,72.84,72.39,U,26,48.8968
L,1260827,300,351,72.63,72.84,72.39,U,27,48.7172
L,1260827,300,351,72.63,72.84,72.39,U,28,60.5000
L,1260827,300,351,72.63,72.84,72.39,U,29,68.6280
L,1260827,300,351,72.63,72.84,72.39,L,0,71.2965
L,1260827,300,351,72.63,72.84,72.39,L,1,69.9540
L,1260827,300,351,72.63,72.84,72.39,L,2,70.7330
L,1260827,300,351,72.63,72.84,72.39,L,3,71.7852
L,1260827,300,351,72.63,72.84,72.39,L,4,71.6053
L,1260827,300,351,72.63,72.84,72.39,L,5,74.7500
L,1260827,300,351,72.63,72.84,72.39,L,6,72.0220
L,1260827,300,351,72.63,72.84,72.39,L,7,73.8386
L,1260827,300,351,72.63,72.84,72.39,L,8,81.2400
X,1260827,300,351,72.63,72.84,72.39,69.9355
K,1260827,300,351,72.63,72.84,72.39,71.8042,3
L,1260827,400,352,72.59,72.65,72.40,U,0,72.9670
L,1260827,400,352,72.59,72.65,72.40,U,1,69.8431
L,1260827,400,352,72.59,72.65,72.40,U,2,69.2520
L,1260827,400,352,72.59,72.65,72.40,U,3,69.0830
L,1260827,400,352,72.59,72.65,72.40,U,4,68.9457
L,1260827,400,352,72.59,72.65,72.40,U,5,68.5216
L,1260827,400,352,72.59,72.65,72.40,U,6,69.2166
L,1260827,400,352,72.59,72.65,72.40,U,7,68.8484
L,1260827,400,352,72.59,72.65,72.40,U,8,65.8696
L,1260827,400,352,72.59,72.65,72.40,U,9,66.2073
L,1260827,400,352,72.59,72.65,72.40,U,10,65.8223
L,1260827,400,352,72.59,72.65,72.40,U,11,65.7486
L,1260827,400,352,72.59,72.65,72.40,U,12,66.8099
L,1260827,400,352,72.59,72.65,72.40,U,13,66.2515
L,1260827,400,352,72.59,72.65,72.40,U,14,66.3148
L,1260827,400,352,72.59,72.65,72.40,U,15,66.2480
L,1260827,400,352,72.59,72.65,72.40,U,16,62.1733
L,1260827,400,352,72.59,72.65,72.40,U,17,61.2582
L,1260827,400,352,72.59,72.65,72.40,U,18,62.1472
L,1260827,400,352,72.59,72.65,72.40,U,19,61.7404
L,1260827,400,352,72.59,72.65,72.40,U,20,63.1812
L,1260827,400,352,72.59,72.65,72.40,U,21,59.9760
L,1260827,400,352,72.59,72.65,72.40,U,22,60.9663
L,1260827,400,352,72.59,72.65,72.40,U,23,61.4518
L,1260827,400,352,72.59,72.65,72.40,U,24,55.4960
L,1260827,400,352,72.59,72.65,72.40,U,25,52.2229
L,1260827,400,352,72.59,72.65,72.40,U,26,48.6655
L,1260827,400,352,72.59,72.65,72.40,U,27,48.4844
L,1260827,400,352,72.59,72.65,72.40,U,28,60.3600
L,1260827,400,352,72.59,72.65,72.40,U,29,68.5520
L,1260827,400,352,72.59,72.65,72.40,L,0,71.3730
L,1260827,400,352,72.59,72.65,72.40,L,1,70.0000
L,1260827,400,352,72.59,72.65,72.40,L,2,70.7967
L,1260827,400,352,72.59,72.65,72.40,L,3,71.8729
L,1260827,400,352,72.59,72.65,72.40,L,4,71.6888
L,1260827,400,352,72.59,72.65,72.40,L,5,74.9050
L,1260827,400,352,72.59,72.65,72.40,L,6,72.1150
L,1260827,400,352,72.59,72.65,72.40,L,7,73.9729
L,1260827,400,352,72.59,72.65,72.40,L,8,81.5425
K,1260827,400,352,72.59,72.65,72.40,71.8922,3
L,1260827,500,353,72.32,72.83,72.01,U,0,72.9255
L,1260827,500,353,72.32,72.83,72.01,U,1,69.7772
L,1260827,500,353,72.32,72.83,72.01,U,2,69.1815
L,1260827,500,353,72.32,72.83,72.01,U,3,69.0111
L,1260827,500,353,72.32,72.83,72.01,U,4,68.8727
L,1260827,500,353,72.32,72.83,72.01,U,5,68.4453
L,1260827,500,353,72.32,72.83,72.01,U,6,69.1458
L,1260827,500,353,72.32,72.83,72.01,U,7,68.7747
L,1260827,500,353,72.32,72.83,72.01,U,8,65.7726
L,1260827,500,353,72.32,72.83,72.01,U,9,66.1130
L,1260827,500,353,72.32,72.83,72.01,U,10,65.7250
L,1260827,500,353,72.32,72.83,72.01,U,11,65.6507
L,1260827,500,353,72.32,72.83,72.01,U,12,66.7203
L,1260827,500,353,72.32,72.83,72.01,U,13,66.1575
L,1260827,500,353,72.32,72.83,72.01,U,14,66.2213
L,1260827,500,353,72.32,72.83,72.01,U,15,66.1540
L,1260827,500,353,72.32,72.83,72.01,U,16,62.0475
L,1260827,500,353,72.32,72.83,72.01,U,17,61.1253
L,1260827,500,353,72.32,72.83,72.01,U,18,62.0211
L,1260827,500,353,72.32,72.83,72.01,U,19,61.6112
L,1260827,500,353,72.32,72.83,72.01,U,20,63.0633
L,1260827,500,353,72.32,72.83,72.01,U,21,59.8330
L,1260827,500,353,72.32,72.83,72.01,U,22,60.8311
L,1260827,500,353,72.32,72.83,72.01,U,23,61.3203
L,1260827,500,353,72.32,72.83,72.01,U,24,55.3180
L,1260827,500,353,72.32,72.83,72.01,U,25,52.0193
L,1260827,500,353,72.32,72.83,72.01,U,26,48.4341
L,1260827,500,353,72.32,72.83,72.01,U,27,48.2517
L,1260827,500,353,72.32,72.83,72.01,U,28,60.2200
L,1260827,500,353,72.32,72.83,72.01,U,29,68.4760
L,1260827,500,353,72.32,72.83,72.01,L,0,71.4495
L,1260827,500,353,72.32,72.83,72.01,L,1,70.0460
L,1260827,500,353,72.32,72.83,72.01,L,2,70.8604
L,1260827,500,353,72.32,72.83,72.01,L,3,71.9605
L,1260827,500,353,72.32,72.83,72.01,L,4,71.7724
L,1260827,500,353,72.32,72.83,72.01,L,5,75.0600
L,1260827,500,353,72.32,72.83,72.01,L,6,72.2080
L,1260827,500,353,72.32,72.83,72.01,L,7,74.1071
L,1260827,500,353,72.32,72.83,72.01,L,8,81.8450
K,1260827,500,353,72.32,72.83,72.01,71.9803,3
L,1260827,600,354,72.07,72.54,72.03,U,0,72.7878
L,1260827,600,354,72.07,72.54,72.03,U,1,72.8840
L,1260827,600,354,72.07,72.54,72.03,U,2,69.7113
L,1260827,600,354,72.07,72.54,72.03,U,3,69.1110
L,1260827,600,354,72.07,72.54,72.03,U,4,68.9393
L,1260827,600,354,72.07,72.54,72.03,U,5,68.7998
L,1260827,600,354,72.07,72.54,72.03,U,6,68.3691
L,1260827,600,354,72.07,72.54,72.03,U,7,69.0749
L,1260827,600,354,72.07,72.54,72.03,U,8,68.7011
L,1260827,600,354,72.07,72.54,72.03,U,9,65.6757
L,1260827,600,354,72.07,72.54,72.03,U,10,66.0186
L,1260827,600,354,72.07,72.54,72.03,U,11,65.6277
L,1260827,600,354,72.07,72.54,72.03,U,12,65.5528
L,1260827,600,354,72.07,72.54,72.03,U,13,66.6306
L,1260827,600,354,72.07,72.54,72.03,U,14,66.0636
L,1260827,600,354,72.07,72.54,72.03,U,15,66.1278
L,1260827,600,354,72.07,72.54,72.03,U,16,66.0600
L,1260827,600,354,72.07,72.54,72.03,U,17,61.9217
L,1260827,600,354,72.07,72.54,72.03,U,18,60.9923
L,1260827,600,354,72.07,72.54,72.03,U,19,61.8951
L,1260827,600,354,72.07,72.54,72.03,U,20,61.4820
L,1260827,600,354,72.07,72.54,72.03,U,21,62.9453
L,1260827,600,354,72.07,72.54,72.03,U,22,59.6900
L,1260827,600,354,72.07,72.54,72.03,U,23,60.6958
L,1260827,600,354,72.07,72.54,72.03,U,24,61.1888
L,1260827,600,354,72.07,72.54,72.03,U,25,55.1400
L,1260827,600,354,72.07,72.54,72.03,U,26,51.8157
L,1260827,600,354,72.07,72.54,72.03,U,27,48.2027
L,1260827,600,354,72.07,72.54,72.03,U,28,48.0189
L,1260827,600,354,72.07,72.54,72.03,U,29,60.0800
L,1260827,600,354,72.07,72.54,72.03,U,30,68.4000
L,1260827,600,354,72.07,72.54,72.03,L,0,72.0987
L,1260827,600,354,72.07,72.54,72.03,L,1,71.5260
L,1260827,600,354,72.07,72.54,72.03,L,2,70.0920
L,1260827,600,354,72.07,72.54,72.03,L,3,70.9241
L,1260827,600,354,72.07,72.54,72.03,L,4,72.0481
L,1260827,600,354,72.07,72.54,72.03,L,5,71.8559
L,1260827,600,354,72.07,72.54,72.03,L,6,75.2150
L,1260827,600,354,72.07,72.54,72.03,L,7,72.3010
L,1260827,600,354,72.07,72.54,72.03,L,8,74.2414
L,1260827,600,354,72.07,72.54,72.03,L,9,82.1475
K,1260827,600,354,72.07,72.54,72.03,72.0759,4
L,1260827,700,355,71.78,72.66,71.38,U,0,72.7455
L,1260827,700,355,71.78,72.66,71.38,U,1,72.8425
L,1260827,700,355,71.78,72.66,71.38,U,2,69.6454
L,1260827,700,355,71.78,72.66,71.38,U,3,69.0404
L,1260827,700,355,71.78,72.66,71.38,U,4,68.8674
L,1260827,700,355,71.78,72.66,71.38,U,5,68.7269
L,1260827,700,355,71.78,72.66,71.38,U,6,68.2929
L,1260827,700,355,71.78,72.66,71.38,U,7,69.0041
L,1260827,700,355,71.78,72.66,71.38,U,8,68.6274
L,1260827,700,355,71.78,72.66,71.38,U,9,65.5787
L,1260827,700,355,71.78,72.66,71.38,U,10,65.9243
L,1260827,700,355,71.78,72.66,71.38,U,11,65.5303
L,1260827,700,355,71.78,72.66,71.38,U,12,65.4549
L,1260827,700,355,71.78,72.66,71.38,U,13,66.5410
L,1260827,700,355,71.78,72.66,71.38,U,14,65.9696
L,1260827,700,355,71.78,72.66,71.38,U,15,66.0343
L,1260827,700,355,71.78,72.66,71.38,U,16,65.9660
L,1260827,700,355,71.78,72.66,71.38,U,17,61.7958
L,1260827,700,355,71.78,72.66,71.38,U,18,60.8593
L,1260827,700,355,71.78,72.66,71.38,U,19,61.7691
L,1260827,700,355,71.78,72.66,71.38,U,20,61.3527
L,1260827,700,355,71.78,72.66,71.38,U,21,62.8273
L,1260827,700,355,71.78,72.66,71.38,U,22,59.5470
L,1260827,700,355,71.78,72.66,71.38,U,23,60.5605
L,1260827,700,355,71.78,72.66,71.38,U,24,61.0574
L,1260827,700,355,71.78,72.66,71.38,U,25,54.9620
L,1260827,700,355,71.78,72.66,71.38,U,26,51.6121
L,1260827,700,355,71.78,72.66,71.38,U,27,47.9714
L,1260827,700,355,71.78,72.66,71.38,U,28,47.7861
L,1260827,700,355,71.78,72.66,71.38,U,29,59.9400
L,1260827,700,355,71.78,72.66,71.38,U,30,68.3240
L,1260827,700,355,71.78,72.66,71.38,L,0,72.1874
L,1260827,700,355,71.78,72.66,71.38,L,1,71.6026
L,1260827,700,355,71.78,72.66,71.38,L,2,70.1380
L,1260827,700,355,71.78,72.66,71.38,L,3,70.9878
L,1260827,700,355,71.78,72.66,71.38,L,4,72.1357
L,1260827,700,355,71.78,72.66,71.38,L,5,71.9394
L,1260827,700,355,71.78,72.66,71.38,L,6,75.3700
L,1260827,700,355,71.78,72.66,71.38,L,7,72.3940
L,1260827,700,355,71.78,72.66,71.38,L,8,74.3757
L,1260827,700,355,71.78,72.66,71.38,L,9,82.4500
K,1260827,700,355,71.78,72.66,71.38,72.1641,4
L,1260827,800,356,72.64,72.79,71.76,U,0,72.7033
L,1260827,800,356,72.64,72.79,71.76,U,1,72.8010
L,1260827,800,356,72.64,72.79,71.76,U,2,69.5795
L,1260827,800,356,72.64,72.79,71.76,U,3,68.9699
L,1260827,800,356,72.64,72.79,71.76,U,4,68.7956
L,1260827,800,356,72.64,72.79,71.76,U,5,68.6540
L,1260827,800,356,72.64,72.79,71.76,U,6,68.2166
L,1260827,800,356,72.64,72.79,71.76,U,7,68.9333
L,1260827,800,356,72.64,72.79,71.76,U,8,68.5537
L,1260827,800,356,72.64,72.79,71.76,U,9,65.4817
L,1260827,800,356,72.64,72.79,71.76,U,10,65.8300
L,1260827,800,356,72.64,72.79,71.76,U,11,65.4330
L,1260827,800,356,72.64,72.79,71.76,U,12,65.3570
L,1260827,800,356,72.64,72.79,71.76,U,13,66.4514
L,1260827,800,356,72.64,72.79,71.76,U,14,65.8756
L,1260827,800,356,72.64,72.79,71.76,U,15,65.9409
L,1260827,800,356,72.64,72.79,71.76,U,16,65.8720
L,1260827,800,356,72.64,72.79,71.76,U,17,61.6700
L,1260827,800,356,72.64,72.79,71.76,U,18,60.7263
L,1260827,800,356,72.64,72.79,71.76,U,19,61.6430
L,1260827,800,356,72.64,72.79,71.76,U,20,61.2235
L,1260827,800,356,72.64,72.79,71.76,U,21,62.7094
L,1260827,800,356,72.64,72.79,71.76,U,22,59.4040
L,1260827,800,356,72.64,72.79,71.76,U,23,60.4253
L,1260827,800,356,72.64,72.79,71.76,U,24,60.9259
L,1260827,800,356,72.64,72.79,71.76,U,25,54.7840
L,1260827,800,356,72.64,72.79,71.76,U,26,51.4086
L,1260827,800,356,72.64,72.79,71.76,U,27,47.7400
L,1260827,800,356,72.64,72.79,71.76,U,28,47.5533
L,1260827,800,356,72.64,72.79,71.76,U,29,59.8000
L,1260827,800,356,72.64,72.79,71.76,U,30,68.2480
L,1260827,800,356,72.64,72.79,71.76,L,0,71.4519
L,1260827,800,356,72.64,72.79,71.76,L,1,72.2761
L,1260827,800,356,72.64,72.79,71.76,L,2,71.6791
L,1260827,800,356,72.64,72.79,71.76,L,3,70.1840
L,1260827,800,356,72.64,72.79,71.76,L,4,71.0515
L,1260827,800,356,72.64,72.79,71.76,L,5,72.2233
L,1260827,800,356,72.64,72.79,71.76,L,6,72.0229
L,1260827,800,356,72.64,72.79,71.76,L,7,75.5250
L,1260827,800,356,72.64,72.79,71.76,L,8,72.4870
L,1260827,800,356,72.64,72.79,71.76,L,9,74.5100
L,1260827,800,356,72.64,72.79,71.76,L,10,82.7525
K,1260827,800,356,72.64,72.79,71.76,72.2523,4
L,1260827,900,357,72.61,72.88,72.00,U,0,72.6610
L,1260827,900,357,72.61,72.88,72.00,U,1,72.7594
L,1260827,900,357,72.61,72.88,72.00,U,2,69.5136
L,1260827,900,357,72.61,72.88,72.00,U,3,68.8994
L,1260827,900,357,72.61,72.88,72.00,U,4,68.7237
L,1260827,900,357,72.61,72.88,72.00,U,5,68.5810
L,1260827,900,357,72.61,72.88,72.00,U,6,68.1404
L,1260827,900,357,72.61,72.88,72.00,U,7,68.8625
L,1260827,900,357,72.61,72.88,72.00,U,8,68.4800
L,1260827,900,357,72.61,72.88,72.00,U,9,65.3848
L,1260827,900,357,72.61,72.88,72.00,U,10,65.7357
L,1260827,900,357,72.61,72.88,72.00,U,11,65.3357
L,1260827,900,357,72.61,72.88,72.00,U,12,65.2591
L,1260827,900,357,72.61,72.88,72.00,U,13,66.3618
L,1260827,900,357,72.61,72.88,72.00,U,14,65.7816
L,1260827,900,357,72.61,72.88,72.00,U,15,65.8474
L,1260827,900,357,72.61,72.88,72.00,U,16,65.7780
L,1260827,900,357,72.61,72.88,72.00,U,17,61.5442
L,1260827,900,357,72.61,72.88,72.00,U,18,60.5933
L,1260827,900,357,72.61,72.88,72.00,U,19,61.5170
L,1260827,900,357,72.61,72.88,72.00,U,20,61.0943
L,1260827,900,357,72.61,72.88,72.00,U,21,62.5914
L,1260827,900,357,72.61,72.88,72.00,U,22,59.2610
L,1260827,900,357,72.61,72.88,72.00,U,23,60.2900
L,1260827,900,357,72.61,72.88,72.00,U,24,60.7944
L,1260827,900,357,72.61,72.88,72.00,U,25,54.6060
L,1260827,900,357,72.61,72.88,72.00,U,26,51.2050
L,1260827,900,357,72.61,72.88,72.00,U,27,47.5086
L,1260827,900,357,72.61,72.88,72.00,U,28,47.3206
L,1260827,900,357,72.61,72.88,72.00,U,29,59.6600
L,1260827,900,357,72.61,72.88,72.00,U,30,68.1720
L,1260827,900,357,72.61,72.88,72.00,L,0,71.5237
L,1260827,900,357,72.61,72.88,72.00,L,1,72.3648
L,1260827,900,357,72.61,72.88,72.00,L,2,71.7556
L,1260827,900,357,72.61,72.88,72.00,L,3,70.2300
L,1260827,900,357,72.61,72.88,72.00,L,4,71.1152
L,1260827,900,357,72.61,72.88,72.00,L,5,72.3110
L,1260827,900,357,72.61,72.88,72.00,L,6,72.1065
L,1260827,900,357,72.61,72.88,72.00,L,7,75.6800
L,1260827,900,357,72.61,72.88,72.00,L,8,72.5800
L,1260827,900,357,72.61,72.88,72.00,L,9,74.6443
L,1260827,900,357,72.61,72.88,72.00,L,10,83.0550
K,1260827,900,357,72.61,72.88,72.00,72.4046,5
L,1260827,1000,358,73.01,73.05,72.43,U,0,72.6188
L,1260827,1000,358,73.01,73.05,72.43,U,1,72.7179
L,1260827,1000,358,73.01,73.05,72.43,U,2,69.4477
L,1260827,1000,358,73.01,73.05,72.43,U,3,68.8288
L,1260827,1000,358,73.01,73.05,72.43,U,4,68.6519
L,1260827,1000,358,73.01,73.05,72.43,U,5,68.5081
L,1260827,1000,358,73.01,73.05,72.43,U,6,68.0642
L,1260827,1000,358,73.01,73.05,72.43,U,7,68.7917
L,1260827,1000,358,73.01,73.05,72.43,U,8,68.4063
L,1260827,1000,358,73.01,73.05,72.43,U,9,65.2878
L,1260827,1000,358,73.01,73.05,72.43,U,10,65.6414
L,1260827,1000,358,73.01,73.05,72.43,U,11,65.2384
L,1260827,1000,358,73.01,73.05,72.43,U,12,65.1612
L,1260827,1000,358,73.01,73.05,72.43,U,13,66.2722
L,1260827,1000,358,73.01,73.05,72.43,U,14,65.6877
L,1260827,1000,358,73.01,73.05,72.43,U,15,65.7539
L,1260827,1000,358,73.01,73.05,72.43,U,16,65.6840
L,1260827,1000,358,73.01,73.05,72.43,U,17,61.4183
L,1260827,1000,358,73.01,73.05,72.43,U,18,60.4604
L,1260827,1000,358,73.01,73.05,72.43,U,19,61.3909
L,1260827,1000,358,73.01,73.05,72.43,U,20,60.9651
L,1260827,1000,358,73.01,73.05,72.43,U,21,62.4735
L,1260827,1000,358,73.01,73.05,72.43,U,22,59.1180
L,1260827,1000,358,73.01,73.05,72.43,U,23,60.1547
L,1260827,1000,358,73.01,73.05,72.43,U,24,60.6629
L,1260827,1000,358,73.01,73.05,72.43,U,25,54.4280
L,1260827,1000,358,73.01,73.05,72.43,U,26,51.0014
L,1260827,1000,358,73.01,73.05,72.43,U,27,47.2773
L,1260827,1000,358,73.01,73.05,72.43,U,28,47.0878
L,1260827,1000,358,73.01,73.05,72.43,U,29,59.5200
L,1260827,1000,358,73.01,73.05,72.43,U,30,68.0960
L,1260827,1000,358,73.01,73.05,72.43,L,0,71.5956
L,1260827,1000,358,73.01,73.05,72.43,L,1,72.4535
L,1260827,1000,358,73.01,73.05,72.43,L,2,71.8321
L,1260827,1000,358,73.01,73.05,72.43,L,3,70.2760
L,1260827,1000,358,73.01,73.05,72.43,L,4,71.1789
L,1260827,1000,358,73.01,73.05,72.43,L,5,72.3986
L,1260827,1000,358,73.01,73.05,72.43,L,6,72.1900
L,1260827,1000,358,73.01,73.05,72.43,L,7,75.8350
L,1260827,1000,358,73.01,73.05,72.43,L,8,72.6730
L,1260827,1000,358,73.01,73.05,72.43,L,9,74.7786
L,1260827,1000,358,73.01,73.05,72.43,L,10,83.3575
X,1260827,1000,358,73.01,73.05,72.43,72.6357
K,1260827,1000,358,73.01,73.05,72.43,72.5086,6
L,1260827,1100,359,72.73,73.18,72.69,U,0,72.5765
L,1260827,1100,359,72.73,73.18,72.69,U,1,72.6764
L,1260827,1100,359,72.73,73.18,72.69,U,2,69.3817
L,1260827,1100,359,72.73,73.18,72.69,U,3,68.7583
L,1260827,1100,359,72.73,73.18,72.69,U,4,68.5800
L,1260827,1100,359,72.73,73.18,72.69,U,5,68.4352
L,1260827,1100,359,72.73,73.18,72.69,U,6,67.9879
L,1260827,1100,359,72.73,73.18,72.69,U,7,68.7209
L,1260827,1100,359,72.73,73.18,72.69,U,8,68.3326
L,1260827,1100,359,72.73,73.18,72.69,U,9,65.1909
L,1260827,1100,359,72.73,73.18,72.69,U,10,65.5470
L,1260827,1100,359,72.73,73.18,72.69,U,11,65.1410
L,1260827,1100,359,72.73,73.18,72.69,U,12,65.0633
L,1260827,1100,359,72.73,73.18,72.69,U,13,66.1826
L,1260827,1100,359,72.73,73.18,72.69,U,14,65.5937
L,1260827,1100,359,72.73,73.18,72.69,U,15,65.6604
L,1260827,1100,359,72.73,73.18,72.69,U,16,65.5900
L,1260827,1100,359,72.73,73.18,72.69,U,17,61.2925
L,1260827,1100,359,72.73,73.18,72.69,U,18,60.3274
L,1260827,1100,359,72.73,73.18,72.69,U,19,61.2649
L,1260827,1100,359,72.73,73.18,72.69,U,20,60.8359
L,1260827,1100,359,72.73,73.18,72.69,U,21,62.3555
L,1260827,1100,359,72.73,73.18,72.69,U,22,58.9750
L,1260827,1100,359,72.73,73.18,72.69,U,23,60.0195
L,1260827,1100,359,72.73,73.18,72.69,U,24,60.5315
L,1260827,1100,359,72.73,73.18,72.69,U,25,54.2500
L,1260827,1100,359,72.73,73.18,72.69,U,26,50.7979
L,1260827,1100,359,72.73,73.18,72.69,U,27,47.0459
L,1260827,1100,359,72.73,73.18,72.69,U,28,46.8550
L,1260827,1100,359,72.73,73.18,72.69,U,29,59.3800
L,1260827,1100,359,72.73,73.18,72.69,U,30,68.0200
L,1260827,1100,359,72.73,73.18,72.69,L,0,71.6675
L,1260827,1100,359,72.73,73.18,72.69,L,1,72.5422
L,1260827,1100,359,72.73,73.18,72.69,L,2,71.9086
L,1260827,1100,359,72.73,73.18,72.69,L,3,70.3220
L,1260827,1100,359,72.73,73.18,72.69,L,4,71.2426
L,1260827,1100,359,72.73,73.18,72.69,L,5,72.4862
L,1260827,1100,359,72.73,73.18,72.69,L,6,72.2735
L,1260827,1100,359,72.73,73.18,72.69,L,7,75.9900
L,1260827,1100,359,72.73,73.18,72.69,L,8,72.7660
L,1260827,1100,359,72.73,73.18,72.69,L,9,74.9129
L,1260827,1100,359,72.73,73.18,72.69,L,10,83.6600
X,1260827,1100,359,72.73,73.18,72.69,72.7041
K,1260827,1100,359,72.73,73.18,72.69,72.5535,6
Q,1260827,1100,359,72.73,73.18,72.69,72.7041,2
L,1260827,1200,360,72.44,72.80,72.11,U,0,73.1422
L,1260827,1200,360,72.44,72.80,72.11,U,1,72.5343
L,1260827,1200,360,72.44,72.80,72.11,U,2,72.6349
L,1260827,1200,360,72.44,72.80,72.11,U,3,69.3158
L,1260827,1200,360,72.44,72.80,72.11,U,4,68.6878
L,1260827,1200,360,72.44,72.80,72.11,U,5,68.5081
L,1260827,1200,360,72.44,72.80,72.11,U,6,68.3623
L,1260827,1200,360,72.44,72.80,72.11,U,7,67.9117
L,1260827,1200,360,72.44,72.80,72.11,U,8,68.6501
L,1260827,1200,360,72.44,72.80,72.11,U,9,68.2589
L,1260827,1200,360,72.44,72.80,72.11,U,10,65.0939
L,1260827,1200,360,72.44,72.80,72.11,U,11,65.4527
L,1260827,1200,360,72.44,72.80,72.11,U,12,65.0437
L,1260827,1200,360,72.44,72.80,72.11,U,13,64.9654
L,1260827,1200,360,72.44,72.80,72.11,U,14,66.0930
L,1260827,1200,360,72.44,72.80,72.11,U,15,65.4997
L,1260827,1200,360,72.44,72.80,72.11,U,16,65.5670
L,1260827,1200,360,72.44,72.80,72.11,U,17,65.4960
L,1260827,1200,360,72.44,72.80,72.11,U,18,61.1667
L,1260827,1200,360,72.44,72.80,72.11,U,19,60.1944
L,1260827,1200,360,72.44,72.80,72.11,U,20,61.1389
L,1260827,1200,360,72.44,72.80,72.11,U,21,60.7067
L,1260827,1200,360,72.44,72.80,72.11,U,22,62.2376
L,1260827,1200,360,72.44,72.80,72.11,U,23,58.8320
L,1260827,1200,360,72.44,72.80,72.11,U,24,59.8842
L,1260827,1200,360,72.44,72.80,72.11,U,25,60.4000
L,1260827,1200,360,72.44,72.80,72.11,U,26,54.0720
L,1260827,1200,360,72.44,72.80,72.11,U,27,50.5943
L,1260827,1200,360,72.44,72.80,72.11,U,28,46.8145
L,1260827,1200,360,72.44,72.80,72.11,U,29,46.6222
L,1260827,1200,360,72.44,72.80,72.11,U,30,59.2400
L,1260827,1200,360,72.44,72.80,72.11,U,31,67.9440
L,1260827,1200,360,72.44,72.80,72.11,L,0,71.7394
L,1260827,1200,360,72.44,72.80,72.11,L,1,72.6309
L,1260827,1200,360,72.44,72.80,72.11,L,2,71.9851
L,1260827,1200,360,72.44,72.80,72.11,L,3,70.3680
L,1260827,1200,360,72.44,72.80,72.11,L,4,71.3063
L,1260827,1200,360,72.44,72.80,72.11,L,5,72.5738
L,1260827,1200,360,72.44,72.80,72.11,L,6,72.3571
L,1260827,1200,360,72.44,72.80,72.11,L,7,76.1450
L,1260827,1200,360,72.44,72.80,72.11,L,8,72.8590
L,1260827,1200,360,72.44,72.80,72.11,L,9,75.0471
L,1260827,1200,360,72.44,72.80,72.11,L,10,83.9625
X,1260827,1200,360,72.44,72.80,72.11,72.5654
X,1260827,1200,360,72.44,72.80,72.11,72.5471
K,1260827,1200,360,72.44,72.80,72.11,72.5983,6
Q,1260827,1200,360,72.44,72.80,72.11,72.5654,4
L,1260827,1300,361,73.31,73.38,72.40,U,0,73.1044
L,1260827,1300,361,73.31,73.38,72.40,U,1,72.4920
L,1260827,1300,361,73.31,73.38,72.40,U,2,72.5934
L,1260827,1300,361,73.31,73.38,72.40,U,3,69.2499
L,1260827,1300,361,73.31,73.38,72.40,U,4,68.6173
L,1260827,1300,361,73.31,73.38,72.40,U,5,68.4363
L,1260827,1300,361,73.31,73.38,72.40,U,6,68.2893
L,1260827,1300,361,73.31,73.38,72.40,U,7,67.8354
L,1260827,1300,361,73.31,73.38,72.40,U,8,68.5793
L,1260827,1300,361,73.31,73.38,72.40,U,9,68.1853
L,1260827,1300,361,73.31,73.38,72.40,U,10,64.9970
L,1260827,1300,361,73.31,73.38,72.40,U,11,65.3584
L,1260827,1300,361,73.31,73.38,72.40,U,12,64.9464
L,1260827,1300,361,73.31,73.38,72.40,U,13,64.8675
L,1260827,1300,361,73.31,73.38,72.40,U,14,66.0034
L,1260827,1300,361,73.31,73.38,72.40,U,15,65.4058
L,1260827,1300,361,73.31,73.38,72.40,U,16,65.4735
L,1260827,1300,361,73.31,73.38,72.40,U,17,65.4020
L,1260827,1300,361,73.31,73.38,72.40,U,18,61.0408
L,1260827,1300,361,73.31,73.38,72.40,U,19,60.0614
L,1260827,1300,361,73.31,73.38,72.40,U,20,61.0128
L,1260827,1300,361,73.31,73.38,72.40,U,21,60.5775
L,1260827,1300,361,73.31,73.38,72.40,U,22,62.1196
L,1260827,1300,361,73.31,73.38,72.40,U,23,58.6890
L,1260827,1300,361,73.31,73.38,72.40,U,24,59.7489
L,1260827,1300,361,73.31,73.38,72.40,U,25,60.2685
L,1260827,1300,361,73.31,73.38,72.40,U,26,53.8940
L,1260827,1300,361,73.31,73.38,72.40,U,27,50.3907
L,1260827,1300,361,73.31,73.38,72.40,U,28,46.5832
L,1260827,1300,361,73.31,73.38,72.40,U,29,46.3894
L,1260827,1300,361,73.31,73.38,72.40,U,30,59.1000
L,1260827,1300,361,73.31,73.38,72.40,U,31,67.8680
L,1260827,1300,361,73.31,73.38,72.40,L,0,72.1889
L,1260827,1300,361,73.31,73.38,72.40,L,1,71.8113
L,1260827,1300,361,73.31,73.38,72.40,L,2,72.7196
L,1260827,1300,361,73.31,73.38,72.40,L,3,72.0616
L,1260827,1300,361,73.31,73.38,72.40,L,4,70.4140
L,1260827,1300,361,73.31,73.38,72.40,L,5,71.3700
L,1260827,1300,361,73.31,73.38,72.40,L,6,72.6614
L,1260827,1300,361,73.31,73.38,72.40,L,7,72.4406
L,1260827,1300,361,73.31,73.38,72.40,L,8,76.3000
L,1260827,1300,361,73.31,73.38,72.40,L,9,72.9520
L,1260827,1300,361,73.31,73.38,72.40,L,10,75.1814
L,1260827,1300,361,73.31,73.38,72.40,L,11,84.2650
X,1260827,1300,361,73.31,73.38,72.40,72.6336
X,1260827,1300,361,73.31,73.38,72.40,72.6153
K,1260827,1300,361,73.31,73.38,72.40,72.6432,6
Q,1260827,1300,361,73.31,73.38,72.40,72.6336,6
L,1260827,1400,362,72.88,73.40,72.79,U,0,73.0667
L,1260827,1400,362,72.88,73.40,72.79,U,1,72.4498
L,1260827,1400,362,72.88,73.40,72.79,U,2,72.5519
L,1260827,1400,362,72.88,73.40,72.79,U,3,69.1840
L,1260827,1400,362,72.88,73.40,72.79,U,4,68.5467
L,1260827,1400,362,72.88,73.40,72.79,U,5,68.3644
L,1260827,1400,362,72.88,73.40,72.79,U,6,68.2164
L,1260827,1400,362,72.88,73.40,72.79,U,7,67.7592
L,1260827,1400,362,72.88,73.40,72.79,U,8,68.5085
L,1260827,1400,362,72.88,73.40,72.79,U,9,68.1116
L,1260827,1400,362,72.88,73.40,72.79,U,10,64.9000
L,1260827,1400,362,72.88,73.40,72.79,U,11,65.2641
L,1260827,1400,362,72.88,73.40,72.79,U,12,64.8491
L,1260827,1400,362,72.88,73.40,72.79,U,13,64.7696
L,1260827,1400,362,72.88,73.40,72.79,U,14,65.9138
L,1260827,1400,362,72.88,73.40,72.79,U,15,65.3118
L,1260827,1400,362,72.88,73.40,72.79,U,16,65.3800
L,1260827,1400,362,72.88,73.40,72.79,U,17,65.3080
L,1260827,1400,362,72.88,73.40,72.79,U,18,60.9150
L,1260827,1400,362,72.88,73.40,72.79,U,19,59.9284
L,1260827,1400,362,72.88,73.40,72.79,U,20,60.8868
L,1260827,1400,362,72.88,73.40,72.79,U,21,60.4482
L,1260827,1400,362,72.88,73.40,72.79,U,22,62.0016
L,1260827,1400,362,72.88,73.40,72.79,U,23,58.5460
L,1260827,1400,362,72.88,73.40,72.79,U,24,59.6137
L,1260827,1400,362,72.88,73.40,72.79,U,25,60.1371
L,1260827,1400,362,72.88,73.40,72.79,U,26,53.7160
L,1260827,1400,362,72.88,73.40,72.79,U,27,50.1871
L,1260827,1400,362,72.88,73.40,72.79,U,28,46.3518
L,1260827,1400,362,72.88,73.40,72.79,U,29,46.1567
L,1260827,1400,362,72.88,73.40,72.79,U,30,58.9600
L,1260827,1400,362,72.88,73.40,72.79,U,31,67.7920
L,1260827,1400,362,72.88,73.40,72.79,L,0,72.2677
L,1260827,1400,362,72.88,73.40,72.79,L,1,71.8831
L,1260827,1400,362,72.88,73.40,72.79,L,2,72.8083
L,1260827,1400,362,72.88,73.40,72.79,L,3,72.1381
L,1260827,1400,362,72.88,73.40,72.79,L,4,70.4600
L,1260827,1400,362,72.88,73.40,72.79,L,5,71.4337
L,1260827,1400,362,72.88,73.40,72.79,L,6,72.7490
L,1260827,1400,362,72.88,73.40,72.79,L,7,72.5241
L,1260827,1400,362,72.88,73.40,72.79,L,8,76.4550
L,1260827,1400,362,72.88,73.40,72.79,L,9,73.0450
L,1260827,1400,362,72.88,73.40,72.79,L,10,75.3157
L,1260827,1400,362,72.88,73.40,72.79,L,11,84.5675
X,1260827,1400,362,72.88,73.40,72.79,72.4747
K,1260827,1400,362,72.88,73.40,72.79,72.6166,5
Q,1260827,1400,362,72.88,73.40,72.79,72.4747,6
L,1260827,1500,363,72.90,72.97,72.86,U,0,73.3646
L,1260827,1500,363,72.90,72.97,72.86,U,1,73.0289
L,1260827,1500,363,72.90,72.97,72.86,U,2,72.4075
L,1260827,1500,363,72.90,72.97,72.86,U,3,72.5104
L,1260827,1500,363,72.90,72.97,72.86,U,4,69.1181
L,1260827,1500,363,72.90,72.97,72.86,U,5,68.4762
L,1260827,1500,363,72.90,72.97,72.86,U,6,68.2926
L,1260827,1500,363,72.90,72.97,72.86,U,7,68.1435
L,1260827,1500,363,72.90,72.97,72.86,U,8,67.6830
L,1260827,1500,363,72.90,72.97,72.86,U,9,68.4377
L,1260827,1500,363,72.90,72.97,72.86,U,10,68.0379
L,1260827,1500,363,72.90,72.97,72.86,U,11,64.8030
L,1260827,1500,363,72.90,72.97,72.86,U,12,65.1698
L,1260827,1500,363,72.90,72.97,72.86,U,13,64.7517
L,1260827,1500,363,72.90,72.97,72.86,U,14,64.6717
L,1260827,1500,363,72.90,72.97,72.86,U,15,65.8242
L,1260827,1500,363,72.90,72.97,72.86,U,16,65.2178
L,1260827,1500,363,72.90,72.97,72.86,U,17,65.2865
L,1260827,1500,363,72.90,72.97,72.86,U,18,65.2140
L,1260827,1500,363,72.90,72.97,72.86,U,19,60.7892
L,1260827,1500,363,72.90,72.97,72.86,U,20,59.7954
L,1260827,1500,363,72.90,72.97,72.86,U,21,60.7608
L,1260827,1500,363,72.90,72.97,72.86,U,22,60.3190
L,1260827,1500,363,72.90,72.97,72.86,U,23,61.8837
L,1260827,1500,363,72.90,72.97,72.86,U,24,58.4030
L,1260827,1500,363,72.90,72.97,72.86,U,25,59.4784
L,1260827,1500,363,72.90,72.97,72.86,U,26,60.0056
L,1260827,1500,363,72.90,72.97,72.86,U,27,53.5380
L,1260827,1500,363,72.90,72.97,72.86,U,28,49.9836
L,1260827,1500,363,72.90,72.97,72.86,U,29,46.1205
L,1260827,1500,363,72.90,72.97,72.86,U,30,45.9239
L,1260827,1500,363,72.90,72.97,72.86,U,31,58.8200
L,1260827,1500,363,72.90,72.97,72.86,U,32,67.7160
L,1260827,1500,363,72.90,72.97,72.86,L,0,72.3466
L,1260827,1500,363,72.90,72.97,72.86,L,1,71.9550
L,1260827,1500,363,72.90,72.97,72.86,L,2,72.8970
L,1260827,1500,363,72.90,72.97,72.86,L,3,72.2147
L,1260827,1500,363,72.90,72.97,72.86,L,4,70.5060
L,1260827,1500,363,72.90,72.97,72.86,L,5,71.4974
L,1260827,1500,363,72.90,72.97,72.86,L,6,72.8367
L,1260827,1500,363,72.90,72.97,72.86,L,7,72.6076
L,1260827,1500,363,72.90,72.97,72.86,L,8,76.6100
L,1260827,1500,363,72.90,72.97,72.86,L,9,73.1380
L,1260827,1500,363,72.90,72.97,72.86,L,10,75.4500
L,1260827,1500,363,72.90,72.97,72.86,L,11,84.8700
X,1260827,1500,363,72.90,72.97,72.86,73.0604
X,1260827,1500,363,72.90,72.97,72.86,72.5427
K,1260827,1500,363,72.90,72.97,72.86,72.4174,5
Q,1260827,1500,363,72.90,72.97,72.86,72.5427,6
L,1260827,1600,364,72.91,72.95,72.66,U,0,73.3293
L,1260827,1600,364,72.91,72.95,72.66,U,1,72.9911
L,1260827,1600,364,72.91,72.95,72.66,U,2,72.3653
L,1260827,1600,364,72.91,72.95,72.66,U,3,72.4689
L,1260827,1600,364,72.91,72.95,72.66,U,4,69.0522
L,1260827,1600,364,72.91,72.95,72.66,U,5,68.4057
L,1260827,1600,364,72.91,72.95,72.66,U,6,68.2207
L,1260827,1600,364,72.91,72.95,72.66,U,7,68.0706
L,1260827,1600,364,72.91,72.95,72.66,U,8,67.6067
L,1260827,1600,364,72.91,72.95,72.66,U,9,68.3669
L,1260827,1600,364,72.91,72.95,72.66,U,10,67.9642
L,1260827,1600,364,72.91,72.95,72.66,U,11,64.7061
L,1260827,1600,364,72.91,72.95,72.66,U,12,65.0755
L,1260827,1600,364,72.91,72.95,72.66,U,13,64.6544
L,1260827,1600,364,72.91,72.95,72.66,U,14,64.5738
L,1260827,1600,364,72.91,72.95,72.66,U,15,65.7345
L,1260827,1600,364,72.91,72.95,72.66,U,16,65.1238
L,1260827,1600,364,72.91,72.95,72.66,U,17,65.1930
L,1260827,1600,364,72.91,72.95,72.66,U,18,65.1200
L,1260827,1600,364,72.91,72.95,72.66,U,19,60.6633
L,1260827,1600,364,72.91,72.95,72.66,U,20,59.6625
L,1260827,1600,364,72.91,72.95,72.66,U,21,60.6347
L,1260827,1600,364,72.91,72.95,72.66,U,22,60.1898
L,1260827,1600,364,72.91,72.95,72.66,U,23,61.7657
L,1260827,1600,364,72.91,72.95,72.66,U,24,58.2600
L,1260827,1600,364,72.91,72.95,72.66,U,25,59.3432
L,1260827,1600,364,72.91,72.95,72.66,U,26,59.8741
L,1260827,1600,364,72.91,72.95,72.66,U,27,53.3600
L,1260827,1600,364,72.91,72.95,72.66,U,28,49.7800
L,1260827,1600,364,72.91,72.95,72.66,U,29,45.8891
L,1260827,1600,364,72.91,72.95,72.66,U,30,45.6911
L,1260827,1600,364,72.91,72.95,72.66,U,31,58.6800
L,1260827,1600,364,72.91,72.95,72.66,U,32,67.6400
L,1260827,1600,364,72.91,72.95,72.66,L,0,72.4255
L,1260827,1600,364,72.91,72.95,72.66,L,1,72.0269
L,1260827,1600,364,72.91,72.95,72.66,L,2,72.9857
L,1260827,1600,364,72.91,72.95,72.66,L,3,72.2912
L,1260827,1600,364,72.91,72.95,72.66,L,4,70.5520
L,1260827,1600,364,72.91,72.95,72.66,L,5,71.5611
L,1260827,1600,364,72.91,72.95,72.66,L,6,72.9243
L,1260827,1600,364,72.91,72.95,72.66,L,7,72.6912
L,1260827,1600,364,72.91,72.95,72.66,L,8,76.7650
L,1260827,1600,364,72.91,72.95,72.66,L,9,73.2310
L,1260827,1600,364,72.91,72.95,72.66,L,10,75.5843
L,1260827,1600,364,72.91,72.95,72.66,L,11,85.1725
X,1260827,1600,364,72.91,72.95,72.66,72.3863
K,1260827,1600,364,72.91,72.95,72.66,72.4484,5
Q,1260827,1600,364,72.91,72.95,72.66,72.3863,5
L,1260827,1700,365,72.63,72.90,72.59,U,0,73.2939
L,1260827,1700,365,72.63,72.90,72.59,U,1,72.9533
L,1260827,1700,365,72.63,72.90,72.59,U,2,72.3230
L,1260827,1700,365,72.63,72.90,72.59,U,3,72.4274
L,1260827,1700,365,72.63,72.90,72.59,U,4,68.9863
L,1260827,1700,365,72.63,72.90,72.59,U,5,68.3351
L,1260827,1700,365,72.63,72.90,72.59,U,6,68.1489
L,1260827,1700,365,72.63,72.90,72.59,U,7,67.9976
L,1260827,1700,365,72.63,72.90,72.59,U,8,67.5305
L,1260827,1700,365,72.63,72.90,72.59,U,9,68.2961
L,1260827,1700,365,72.63,72.90,72.59,U,10,67.8905
L,1260827,1700,365,72.63,72.90,72.59,U,11,64.6091
L,1260827,1700,365,72.63,72.90,72.59,U,12,64.9811
L,1260827,1700,365,72.63,72.90,72.59,U,13,64.5571
L,1260827,1700,365,72.63,72.90,72.59,U,14,64.4759
L,1260827,1700,365,72.63,72.90,72.59,U,15,65.6449
L,1260827,1700,365,72.63,72.90,72.59,U,16,65.0299
L,1260827,1700,365,72.63,72.90,72.59,U,17,65.0996
L,1260827,1700,365,72.63,72.90,72.59,U,18,65.0260
L,1260827,1700,365,72.63,72.90,72.59,U,19,60.5375
L,1260827,1700,365,72.63,72.90,72.59,U,20,59.5295
L,1260827,1700,365,72.63,72.90,72.59,U,21,60.5087
L,1260827,1700,365,72.63,72.90,72.59,U,22,60.0606
L,1260827,1700,365,72.63,72.90,72.59,U,23,61.6478
L,1260827,1700,365,72.63,72.90,72.59,U,24,58.1170
L,1260827,1700,365,72.63,72.90,72.59,U,25,59.2079
L,1260827,1700,365,72.63,72.90,72.59,U,26,59.7426
L,1260827,1700,365,72.63,72.90,72.59,U,27,53.1820
L,1260827,1700,365,72.63,72.90,72.59,U,28,49.5764
L,1260827,1700,365,72.63,72.90,72.59,U,29,45.6577
L,1260827,1700,365,72.63,72.90,72.59,U,30,45.4583
L,1260827,1700,365,72.63,72.90,72.59,U,31,58.5400
L,1260827,1700,365,72.63,72.90,72.59,U,32,67.5640
L,1260827,1700,365,72.63,72.90,72.59,L,0,72.5043
L,1260827,1700,365,72.63,72.90,72.59,L,1,72.0987
L,1260827,1700,365,72.63,72.90,72.59,L,2,73.0743
L,1260827,1700,365,72.63,72.90,72.59,L,3,72.3677
L,1260827,1700,365,72.63,72.90,72.59,L,4,70.5980
L,1260827,1700,365,72.63,72.90,72.59,L,5,71.6248
L,1260827,1700,365,72.63,72.90,72.59,L,6,73.0119
L,1260827,1700,365,72.63,72.90,72.59,L,7,72.7747
L,1260827,1700,365,72.63,72.90,72.59,L,8,76.9200
L,1260827,1700,365,72.63,72.90,72.59,L,9,73.3240
L,1260827,1700,365,72.63,72.90,72.59,L,10,75.7186
L,1260827,1700,365,72.63,72.90,72.59,L,11,85.4750
X,1260827,1700,365,72.63,72.90,72.59,73.3022
X,1260827,1700,365,72.63,72.90,72.59,72.9895
X,1260827,1700,365,72.63,72.90,72.59,72.9710
X,1260827,1700,365,72.63,72.90,72.59,72.3389
X,1260827,1700,365,72.63,72.90,72.59,72.4539
K,1260827,1700,365,72.63,72.90,72.59,72.9536,4
Q,1260827,1700,365,72.63,72.90,72.59,72.3389,5
L,1260828,200,366,72.80,73.15,72.49,U,0,73.2586
L,1260828,200,366,72.80,73.15,72.49,U,1,72.9156
L,1260828,200,366,72.80,73.15,72.49,U,2,72.2808
L,1260828,200,366,72.80,73.15,72.49,U,3,72.3859
L,1260828,200,366,72.80,73.15,72.49,U,4,68.9203
L,1260828,200,366,72.80,73.15,72.49,U,5,68.2646
L,1260828,200,366,72.80,73.15,72.49,U,6,68.0770
L,1260828,200,366,72.80,73.15,72.49,U,7,67.9247
L,1260828,200,366,72.80,73.15,72.49,U,8,67.4543
L,1260828,200,366,72.80,73.15,72.49,U,9,68.2253
L,1260828,200,366,72.80,73.15,72.49,U,10,67.8168
L,1260828,200,366,72.80,73.15,72.49,U,11,64.5122
L,1260828,200,366,72.80,73.15,72.49,U,12,64.8868
L,1260828,200,366,72.80,73.15,72.49,U,13,64.4598
L,1260828,200,366,72.80,73.15,72.49,U,14,64.3780
L,1260828,200,366,72.80,73.15,72.49,U,15,65.5553
L,1260828,200,366,72.80,73.15,72.49,U,16,64.9359
L,1260828,200,366,72.80,73.15,72.49,U,17,65.0061
L,1260828,200,366,72.80,73.15,72.49,U,18,64.9320
L,1260828,200,366,72.80,73.15,72.49,U,19,60.4117
L,1260828,200,366,72.80,73.15,72.49,U,20,59.3965
L,1260828,200,366,72.80,73.15,72.49,U,21,60.3826
L,1260828,200,366,72.80,73.15,72.49,U,22,59.9314
L,1260828,200,366,72.80,73.15,72.49,U,23,61.5298
L,1260828,200,366,72.80,73.15,72.49,U,24,57.9740
L,1260828,200,366,72.80,73.15,72.49,U,25,59.0726
L,1260828,200,366,72.80,73.15,72.49,U,26,59.6112
L,1260828,200,366,72.80,73.15,72.49,U,27,53.0040
L,1260828,200,366,72.80,73.15,72.49,U,28,49.3729
L,1260828,200,366,72.80,73.15,72.49,U,29,45.4264
L,1260828,200,366,72.80,73.15,72.49,U,30,45.2256
L,1260828,200,366,72.80,73.15,72.49,U,31,58.4000
L,1260828,200,366,72.80,73.15,72.49,U,32,67.4880
L,1260828,200,366,72.80,73.15,72.49,L,0,72.5832
L,1260828,200,366,72.80,73.15,72.49,L,1,72.1706
L,1260828,200,366,72.80,73.15,72.49,L,2,73.1630
L,1260828,200,366,72.80,73.15,72.49,L,3,72.4442
L,1260828,200,366,72.80,73.15,72.49,L,4,70.6440
L,1260828,200,366,72.80,73.15,72.49,L,5,71.6885
L,1260828,200,366,72.80,73.15,72.49,L,6,73.0995
L,1260828,200,366,72.80,73.15,72.49,L,7,72.8582
L,1260828,200,366,72.80,73.15,72.49,L,8,77.0750
L,1260828,200,366,72.80,73.15,72.49,L,9,73.4170
L,1260828,200,366,72.80,73.15,72.49,L,10,75.8529
L,1260828,200,366,72.80,73.15,72.49,L,11,85.7775
X,1260828,200,366,72.80,73.15,72.49,72.4064
K,1260828,200,366,72.80,73.15,72.49,72.3729,5
Q,1260828,200,366,72.80,73.15,72.49,72.4064,5
L,1260828,300,367,72.69,72.78,72.60,U,0,73.1139
L,1260828,300,367,72.69,72.78,72.60,U,1,73.2232
L,1260828,300,367,72.69,72.78,72.60,U,2,72.8778
L,1260828,300,367,72.69,72.78,72.60,U,3,72.2385
L,1260828,300,367,72.69,72.78,72.60,U,4,72.3444
L,1260828,300,367,72.69,72.78,72.60,U,5,68.8544
L,1260828,300,367,72.69,72.78,72.60,U,6,68.1941
L,1260828,300,367,72.69,72.78,72.60,U,7,68.0052
L,1260828,300,367,72.69,72.78,72.60,U,8,67.8518
L,1260828,300,367,72.69,72.78,72.60,U,9,67.3780
L,1260828,300,367,72.69,72.78,72.60,U,10,68.1544
L,1260828,300,367,72.69,72.78,72.60,U,11,67.7432
L,1260828,300,367,72.69,72.78,72.60,U,12,64.4152
L,1260828,300,367,72.69,72.78,72.60,U,13,64.7925
L,1260828,300,367,72.69,72.78,72.60,U,14,64.3624
L,1260828,300,367,72.69,72.78,72.60,U,15,64.2801
L,1260828,300,367,72.69,72.78,72.60,U,16,65.4657
L,1260828,300,367,72.69,72.78,72.60,U,17,64.8419
L,1260828,300,367,72.69,72.78,72.60,U,18,64.9126
L,1260828,300,367,72.69,72.78,72.60,U,19,64.8380
L,1260828,300,367,72.69,72.78,72.60,U,20,60.2858
L,1260828,300,367,72.69,72.78,72.60,U,21,59.2635
L,1260828,300,367,72.69,72.78,72.60,U,22,60.2566
L,1260828,300,367,72.69,72.78,72.60,U,23,59.8022
L,1260828,300,367,72.69,72.78,72.60,U,24,61.4118
L,1260828,300,367,72.69,72.78,72.60,U,25,57.8310
L,1260828,300,367,72.69,72.78,72.60,U,26,58.9374
L,1260828,300,367,72.69,72.78,72.60,U,27,59.4797
L,1260828,300,367,72.69,72.78,72.60,U,28,52.8260
L,1260828,300,367,72.69,72.78,72.60,U,29,49.1693
L,1260828,300,367,72.69,72.78,72.60,U,30,45.1950
L,1260828,300,367,72.69,72.78,72.60,U,31,44.9928
L,1260828,300,367,72.69,72.78,72.60,U,32,58.2600
L,1260828,300,367,72.69,72.78,72.60,U,33,67.4120
L,1260828,300,367,72.69,72.78,72.60,L,0,72.5673
L,1260828,300,367,72.69,72.78,72.60,L,1,72.6621
L,1260828,300,367,72.69,72.78,72.60,L,2,72.2425
L,1260828,300,367,72.69,72.78,72.60,L,3,73.2517
L,1260828,300,367,72.69,72.78,72.60,L,4,72.5207
L,1260828,300,367,72.69,72.78,72.60,L,5,70.6900
L,1260828,300,367,72.69,72.78,72.60,L,6,71.7522
L,1260828,300,367,72.69,72.78,72.60,L,7,73.1871
L,1260828,300,367,72.69,72.78,72.60,L,8,72.9418
L,1260828,300,367,72.69,72.78,72.60,L,9,77.2300
L,1260828,300,367,72.69,72.78,72.60,L,10,73.5100
L,1260828,300,367,72.69,72.78,72.60,L,11,75.9871
L,1260828,300,367,72.69,72.78,72.60,L,12,86.0800
X,1260828,300,367,72.69,72.78,72.60,73.1353
X,1260828,300,367,72.69,72.78,72.60,73.2313
X,1260828,300,367,72.69,72.78,72.60,72.8977
X,1260828,300,367,72.69,72.78,72.60,72.2400
K,1260828,300,367,72.69,72.78,72.60,73.1435,5
Q,1260828,300,367,72.69,72.78,72.60,73.1353,6
L,1260828,400,368,72.80,72.81,72.60,U,0,73.0777
L,1260828,400,368,72.80,72.81,72.60,U,1,73.1878
L,1260828,400,368,72.80,72.81,72.60,U,2,72.8400
L,1260828,400,368,72.80,72.81,72.60,U,3,72.1963
L,1260828,400,368,72.80,72.81,72.60,U,4,72.3029
L,1260828,400,368,72.80,72.81,72.60,U,5,68.7885
L,1260828,400,368,72.80,72.81,72.60,U,6,68.1235
L,1260828,400,368,72.80,72.81,72.60,U,7,67.9333
L,1260828,400,368,72.80,72.81,72.60,U,8,67.7789
L,1260828,400,368,72.80,72.81,72.60,U,9,67.3018
L,1260828,400,368,72.80,72.81,72.60,U,10,68.0836
L,1260828,400,368,72.80,72.81,72.60,U,11,67.6695
L,1260828,400,368,72.80,72.81,72.60,U,12,64.3183
L,1260828,400,368,72.80,72.81,72.60,U,13,64.6982
L,1260828,400,368,72.80,72.81,72.60,U,14,64.2651
L,1260828,400,368,72.80,72.81,72.60,U,15,64.1822
L,1260828,400,368,72.80,72.81,72.60,U,16,65.3761
L,1260828,400,368,72.80,72.81,72.60,U,17,64.7479
L,1260828,400,368,72.80,72.81,72.60,U,18,64.8191
L,1260828,400,368,72.80,72.81,72.60,U,19,64.7440
L,1260828,400,368,72.80,72.81,72.60,U,20,60.1600
L,1260828,400,368,72.80,72.81,72.60,U,21,59.1305
L,1260828,400,368,72.80,72.81,72.60,U,22,60.1306
L,1260828,400,368,72.80,72.81,72.60,U,23,59.6729
L,1260828,400,368,72.80,72.81,72.60,U,24,61.2939
L,1260828,400,368,72.80,72.81,72.60,U,25,57.6880
L,1260828,400,368,72.80,72.81,72.60,U,26,58.8021
L,1260828,400,368,72.80,72.81,72.60,U,27,59.3482
L,1260828,400,368,72.80,72.81,72.60,U,28,52.6480
L,1260828,400,368,72.80,72.81,72.60,U,29,48.9657
L,1260828,400,368,72.80,72.81,72.60,U,30,44.9636
L,1260828,400,368,72.80,72.81,72.60,U,31,44.7600
L,1260828,400,368,72.80,72.81,72.60,U,32,58.1200
L,1260828,400,368,72.80,72.81,72.60,U,33,67.3360
L,1260828,400,368,72.80,72.81,72.60,L,0,72.6446
L,1260828,400,368,72.80,72.81,72.60,L,1,72.7409
L,1260828,400,368,72.80,72.81,72.60,L,2,72.3144
L,1260828,400,368,72.80,72.81,72.60,L,3,73.3404
L,1260828,400,368,72.80,72.81,72.60,L,4,72.5972
L,1260828,400,368,72.80,72.81,72.60,L,5,70.7360
L,1260828,400,368,72.80,72.81,72.60,L,6,71.8159
L,1260828,400,368,72.80,72.81,72.60,L,7,73.2748
L,1260828,400,368,72.80,72.81,72.60,L,8,73.0253
L,1260828,400,368,72.80,72.81,72.60,L,9,77.3850
L,1260828,400,368,72.80,72.81,72.60,L,10,73.6030
L,1260828,400,368,72.80,72.81,72.60,L,11,76.1214
L,1260828,400,368,72.80,72.81,72.60,L,12,86.3825
X,1260828,400,368,72.80,72.81,72.60,73.2128
X,1260828,400,368,72.80,72.81,72.60,72.3071
K,1260828,400,368,72.80,72.81,72.60,73.1812,5
Q,1260828,400,368,72.80,72.81,72.60,73.2128,6
L,1260828,500,369,72.66,72.92,72.64,U,0,73.0416
L,1260828,500,369,72.66,72.92,72.64,U,1,73.1525
L,1260828,500,369,72.66,72.92,72.64,U,2,72.8022
L,1260828,500,369,72.66,72.92,72.64,U,3,72.1540
L,1260828,500,369,72.66,72.92,72.64,U,4,72.2613
L,1260828,500,369,72.66,72.92,72.64,U,5,68.7226
L,1260828,500,369,72.66,72.92,72.64,U,6,68.0530
L,1260828,500,369,72.66,72.92,72.64,U,7,67.8615
L,1260828,500,369,72.66,72.92,72.64,U,8,67.7059
L,1260828,500,369,72.66,72.92,72.64,U,9,67.2255
L,1260828,500,369,72.66,72.92,72.64,U,10,68.0128
L,1260828,500,369,72.66,72.92,72.64,U,11,67.5958
L,1260828,500,369,72.66,72.92,72.64,U,12,64.2213
L,1260828,500,369,72.66,72.92,72.64,U,13,64.6039
L,1260828,500,369,72.66,72.92,72.64,U,14,64.1678
L,1260828,500,369,72.66,72.92,72.64,U,15,64.0843
L,1260828,500,369,72.66,72.92,72.64,U,16,65.2865
L,1260828,500,369,72.66,72.92,72.64,U,17,64.6540
L,1260828,500,369,72.66,72.92,72.64,U,18,64.7257
L,1260828,500,369,72.66,72.92,72.64,U,19,64.6500
L,1260828,500,369,72.66,72.92,72.64,U,20,60.0342
L,1260828,500,369,72.66,72.92,72.64,U,21,58.9975
L,1260828,500,369,72.66,72.92,72.64,U,22,60.0045
L,1260828,500,369,72.66,72.92,72.64,U,23,59.5437
L,1260828,500,369,72.66,72.92,72.64,U,24,61.1759
L,1260828,500,369,72.66,72.92,72.64,U,25,57.5450
L,1260828,500,369,72.66,72.92,72.64,U,26,58.6668
L,1260828,500,369,72.66,72.92,72.64,U,27,59.2168
L,1260828,500,369,72.66,72.92,72.64,U,28,52.4700
L,1260828,500,369,72.66,72.92,72.64,U,29,48.7621
L,1260828,500,369,72.66,72.92,72.64,U,30,44.7323
L,1260828,500,369,72.66,72.92,72.64,U,31,44.5272
L,1260828,500,369,72.66,72.92,72.64,U,32,57.9800
L,1260828,500,369,72.66,72.92,72.64,U,33,67.2600
L,1260828,500,369,72.66,72.92,72.64,L,0,72.7219
L,1260828,500,369,72.66,72.92,72.64,L,1,72.8198
L,1260828,500,369,72.66,72.92,72.64,L,2,72.3862
L,1260828,500,369,72.66,72.92,72.64,L,3,73.4291
L,1260828,500,369,72.66,72.92,72.64,L,4,72.6737
L,1260828,500,369,72.66,72.92,72.64,L,5,70.7820
L,1260828,500,369,72.66,72.92,72.64,L,6,71.8796
L,1260828,500,369,72.66,72.92,72.64,L,7,73.3624
L,1260828,500,369,72.66,72.92,72.64,L,8,73.1088
L,1260828,500,369,72.66,72.92,72.64,L,9,77.5400
L,1260828,500,369,72.66,72.92,72.64,L,10,73.6960
L,1260828,500,369,72.66,72.92,72.64,L,11,76.2557
L,1260828,500,369,72.66,72.92,72.64,L,12,86.6850
X,1260828,500,369,72.66,72.92,72.64,73.0619
X,1260828,500,369,72.66,72.92,72.64,72.8079
K,1260828,500,369,72.66,72.92,72.64,72.7544,4
Q,1260828,500,369,72.66,72.92,72.64,73.0619,6
L,1260828,600,370,73.09,73.12,72.63,U,0,73.0055
L,1260828,600,370,73.09,73.12,72.63,U,1,73.1171
L,1260828,600,370,73.09,73.12,72.63,U,2,72.7644
L,1260828,600,370,73.09,73.12,72.63,U,3,72.1118
L,1260828,600,370,73.09,73.12,72.63,U,4,72.2198
L,1260828,600,370,73.09,73.12,72.63,U,5,68.6567
L,1260828,600,370,73.09,73.12,72.63,U,6,67.9825
L,1260828,600,370,73.09,73.12,72.63,U,7,67.7896
L,1260828,600,370,73.09,73.12,72.63,U,8,67.6330
L,1260828,600,370,73.09,73.12,72.63,U,9,67.1493
L,1260828,600,370,73.09,73.12,72.63,U,10,67.9420
L,1260828,600,370,73.09,73.12,72.63,U,11,67.5221
L,1260828,600,370,73.09,73.12,72.63,U,12,64.1243
L,1260828,600,370,73.09,73.12,72.63,U,13,64.5095
L,1260828,600,370,73.09,73.12,72.63,U,14,64.0705
L,1260828,600,370,73.09,73.12,72.63,U,15,63.9864
L,1260828,600,370,73.09,73.12,72.63,U,16,65.1969
L,1260828,600,370,73.09,73.12,72.63,U,17,64.5600
L,1260828,600,370,73.09,73.12,72.63,U,18,64.6322
L,1260828,600,370,73.09,73.12,72.63,U,19,64.5560
L,1260828,600,370,73.09,73.12,72.63,U,20,59.9083
L,1260828,600,370,73.09,73.12,72.63,U,21,58.8646
L,1260828,600,370,73.09,73.12,72.63,U,22,59.8785
L,1260828,600,370,73.09,73.12,72.63,U,23,59.4145
L,1260828,600,370,73.09,73.12,72.63,U,24,61.0580
L,1260828,600,370,73.09,73.12,72.63,U,25,57.4020
L,1260828,600,370,73.09,73.12,72.63,U,26,58.5316
L,1260828,600,370,73.09,73.12,72.63,U,27,59.0853
L,1260828,600,370,73.09,73.12,72.63,U,28,52.2920
L,1260828,600,370,73.09,73.12,72.63,U,29,48.5586
L,1260828,600,370,73.09,73.12,72.63,U,30,44.5009
L,1260828,600,370,73.09,73.12,72.63,U,31,44.2944
L,1260828,600,370,73.09,73.12,72.63,U,32,57.8400
L,1260828,600,370,73.09,73.12,72.63,U,33,67.1840
L,1260828,600,370,73.09,73.12,72.63,L,0,72.7992
L,1260828,600,370,73.09,73.12,72.63,L,1,72.8987
L,1260828,600,370,73.09,73.12,72.63,L,2,72.4581
L,1260828,600,370,73.09,73.12,72.63,L,3,73.5178
L,1260828,600,370,73.09,73.12,72.63,L,4,72.7502
L,1260828,600,370,73.09,73.12,72.63,L,5,70.8280
L,1260828,600,370,73.09,73.12,72.63,L,6,71.9433
L,1260828,600,370,73.09,73.12,72.63,L,7,73.4500
L,1260828,600,370,73.09,73.12,72.63,L,8,73.1924
L,1260828,600,370,73.09,73.12,72.63,L,9,77.6950
L,1260828,600,370,73.09,73.12,72.63,L,10,73.7890
L,1260828,600,370,73.09,73.12,72.63,L,11,76.3900
L,1260828,600,370,73.09,73.12,72.63,L,12,86.9875
X,1260828,600,370,73.09,73.12,72.63,73.1395
X,1260828,600,370,73.09,73.12,72.63,72.7758
K,1260828,600,370,73.09,73.12,72.63,72.8436,5
Q,1260828,600,370,73.09,73.12,72.63,73.1395,6
L,1260828,700,371,72.89,73.40,72.38,U,0,72.9694
L,1260828,700,371,72.89,73.40,72.38,U,1,73.0817
L,1260828,700,371,72.89,73.40,72.38,U,2,72.7267
L,1260828,700,371,72.89,73.40,72.38,U,3,72.0695
L,1260828,700,371,72.89,73.40,72.38,U,4,72.1783
L,1260828,700,371,72.89,73.40,72.38,U,5,68.5908
L,1260828,700,371,72.89,73.40,72.38,U,6,67.9119
L,1260828,700,371,72.89,73.40,72.38,U,7,67.7178
L,1260828,700,371,72.89,73.40,72.38,U,8,67.5601
L,1260828,700,371,72.89,73.40,72.38,U,9,67.0731
L,1260828,700,371,72.89,73.40,72.38,U,10,67.8712
L,1260828,700,371,72.89,73.40,72.38,U,11,67.4484
L,1260828,700,371,72.89,73.40,72.38,U,12,64.0274
L,1260828,700,371,72.89,73.40,72.38,U,13,64.4152
L,1260828,700,371,72.89,73.40,72.38,U,14,63.9731
L,1260828,700,371,72.89,73.40,72.38,U,15,63.8885
L,1260828,700,371,72.89,73.40,72.38,U,16,65.1073
L,1260828,700,371,72.89,73.40,72.38,U,17,64.4660
L,1260828,700,371,72.89,73.40,72.38,U,18,64.5387
L,1260828,700,371,72.89,73.40,72.38,U,19,64.4620
L,1260828,700,371,72.89,73.40,72.38,U,20,59.7825
L,1260828,700,371,72.89,73.40,72.38,U,21,58.7316
L,1260828,700,371,72.89,73.40,72.38,U,22,59.7525
L,1260828,700,371,72.89,73.40,72.38,U,23,59.2853
L,1260828,700,371,72.89,73.40,72.38,U,24,60.9400
L,1260828,700,371,72.89,73.40,72.38,U,25,57.2590
L,1260828,700,371,72.89,73.40,72.38,U,26,58.3963
L,1260828,700,371,72.89,73.40,72.38,U,27,58.9538
L,1260828,700,371,72.89,73.40,72.38,U,28,52.1140
L,1260828,700,371,72.89,73.40,72.38,U,29,48.3550
L,1260828,700,371,72.89,73.40,72.38,U,30,44.2695
L,1260828,700,371,72.89,73.40,72.38,U,31,44.0617
L,1260828,700,371,72.89,73.40,72.38,U,32,57.7000
L,1260828,700,371,72.89,73.40,72.38,U,33,67.1080
L,1260828,700,371,72.89,73.40,72.38,L,0,72.8764
L,1260828,700,371,72.89,73.40,72.38,L,1,72.9775
L,1260828,700,371,72.89,73.40,72.38,L,2,72.5300
L,1260828,700,371,72.89,73.40,72.38,L,3,73.6065
L,1260828,700,371,72.89,73.40,72.38,L,4,72.8267
L,1260828,700,371,72.89,73.40,72.38,L,5,70.8740
L,1260828,700,371,72.89,73.40,72.38,L,6,72.0070
L,1260828,700,371,72.89,73.40,72.38,L,7,73.5376
L,1260828,700,371,72.89,73.40,72.38,L,8,73.2759
L,1260828,700,371,72.89,73.40,72.38,L,9,77.8500
L,1260828,700,371,72.89,73.40,72.38,L,10,73.8820
L,1260828,700,371,72.89,73.40,72.38,L,11,76.5243
L,1260828,700,371,72.89,73.40,72.38,L,12,87.2900
X,1260828,700,371,72.89,73.40,72.38,72.9719
X,1260828,700,371,72.89,73.40,72.38,72.7597
K,1260828,700,371,72.89,73.40,72.38,72.9464,5
Q,1260828,700,371,72.89,73.40,72.38,72.9719,7
L,1260828,800,372,74.08,74.09,71.95,U,0,72.9332
L,1260828,800,372,74.08,74.09,71.95,U,1,73.0464
L,1260828,800,372,74.08,74.09,71.95,U,2,72.6889
L,1260828,800,372,74.08,74.09,71.95,U,3,72.0273
L,1260828,800,372,74.08,74.09,71.95,U,4,72.1368
L,1260828,800,372,74.08,74.09,71.95,U,5,68.5249
L,1260828,800,372,74.08,74.09,71.95,U,6,67.8414
L,1260828,800,372,74.08,74.09,71.95,U,7,67.6459
L,1260828,800,372,74.08,74.09,71.95,U,8,67.4872
L,1260828,800,372,74.08,74.09,71.95,U,9,66.9968
L,1260828,800,372,74.08,74.09,71.95,U,10,67.8004
L,1260828,800,372,74.08,74.09,71.95,U,11,67.3747
L,1260828,800,372,74.08,74.09,71.95,U,12,63.9304
L,1260828,800,372,74.08,74.09,71.95,U,13,64.3209
L,1260828,800,372,74.08,74.09,71.95,U,14,63.8758
L,1260828,800,372,74.08,74.09,71.95,U,15,63.7906
L,1260828,800,372,74.08,74.09,71.95,U,16,65.0177
L,1260828,800,372,74.08,74.09,71.95,U,17,64.3721
L,1260828,800,372,74.08,74.09,71.95,U,18,64.4452
L,1260828,800,372,74.08,74.09,71.95,U,19,64.3680
L,1260828,800,372,74.08,74.09,71.95,U,20,59.6567
L,1260828,800,372,74.08,74.09,71.95,U,21,58.5986
L,1260828,800,372,74.08,74.09,71.95,U,22,59.6264
L,1260828,800,372,74.08,74.09,71.95,U,23,59.1561
L,1260828,800,372,74.08,74.09,71.95,U,24,60.8220
L,1260828,800,372,74.08,74.09,71.95,U,25,57.1160
L,1260828,800,372,74.08,74.09,71.95,U,26,58.2611
L,1260828,800,372,74.08,74.09,71.95,U,27,58.8224
L,1260828,800,372,74.08,74.09,71.95,U,28,51.9360
L,1260828,800,372,74.08,74.09,71.95,U,29,48.1514
L,1260828,800,372,74.08,74.09,71.95,U,30,44.0382
L,1260828,800,372,74.08,74.09,71.95,U,31,43.8289
L,1260828,800,372,74.08,74.09,71.95,U,32,57.5600
L,1260828,800,372,74.08,74.09,71.95,U,33,67.0320
L,1260828,800,372,74.08,74.09,71.95,L,0,72.9537
L,1260828,800,372,74.08,74.09,71.95,L,1,73.0564
L,1260828,800,372,74.08,74.09,71.95,L,2,72.6019
L,1260828,800,372,74.08,74.09,71.95,L,3,73.6952
L,1260828,800,372,74.08,74.09,71.95,L,4,72.9033
L,1260828,800,372,74.08,74.09,71.95,L,5,70.9200
L,1260828,800,372,74.08,74.09,71.95,L,6,72.0707
L,1260828,800,372,74.08,74.09,71.95,L,7,73.6252
L,1260828,800,372,74.08,74.09,71.95,L,8,73.3594
L,1260828,800,372,74.08,74.09,71.95,L,9,78.0050
L,1260828,800,372,74.08,74.09,71.95,L,10,73.9750
L,1260828,800,372,74.08,74.09,71.95,L,11,76.6586
L,1260828,800,372,74.08,74.09,71.95,L,12,87.5925
X,1260828,800,372,74.08,74.09,71.95,72.9398
X,1260828,800,372,74.08,74.09,71.95,73.0495
X,1260828,800,372,74.08,74.09,71.95,72.0446
K,1260828,800,372,74.08,74.09,71.95,72.9786,5
Q,1260828,800,372,74.08,74.09,71.95,72.9398,8
L,1260828,900,373,72.29,74.18,72.22,U,0,72.8971
L,1260828,900,373,72.29,74.18,72.22,U,1,73.0110
L,1260828,900,373,72.29,74.18,72.22,U,2,72.6511
L,1260828,900,373,72.29,74.18,72.22,U,3,71.9850
L,1260828,900,373,72.29,74.18,72.22,U,4,72.0953
L,1260828,900,373,72.29,74.18,72.22,U,5,68.4590
L,1260828,900,373,72.29,74.18,72.22,U,6,67.7709
L,1260828,900,373,72.29,74.18,72.22,U,7,67.5741
L,1260828,900,373,72.29,74.18,72.22,U,8,67.4142
L,1260828,900,373,72.29,74.18,72.22,U,9,66.9206
L,1260828,900,373,72.29,74.18,72.22,U,10,67.7296
L,1260828,900,373,72.29,74.18,72.22,U,11,67.3011
L,1260828,900,373,72.29,74.18,72.22,U,12,63.8335
L,1260828,900,373,72.29,74.18,72.22,U,13,64.2266
L,1260828,900,373,72.29,74.18,72.22,U,14,63.7785
L,1260828,900,373,72.29,74.18,72.22,U,15,63.6927
L,1260828,900,373,72.29,74.18,72.22,U,16,64.9281
L,1260828,900,373,72.29,74.18,72.22,U,17,64.2781
L,1260828,900,373,72.29,74.18,72.22,U,18,64.3517
L,1260828,900,373,72.29,74.18,72.22,U,19,64.2740
L,1260828,900,373,72.29,74.18,72.22,U,20,59.5308
L,1260828,900,373,72.29,74.18,72.22,U,21,58.4656
L,1260828,900,373,72.29,74.18,72.22,U,22,59.5004
L,1260828,900,373,72.29,74.18,72.22,U,23,59.0269
L,1260828,900,373,72.29,74.18,72.22,U,24,60.7041
L,1260828,900,373,72.29,74.18,72.22,U,25,56.9730
L,1260828,900,373,72.29,74.18,72.22,U,26,58.1258
L,1260828,900,373,72.29,74.18,72.22,U,27,58.6909
L,1260828,900,373,72.29,74.18,72.22,U,28,51.7580
L,1260828,900,373,72.29,74.18,72.22,U,29,47.9479
L,1260828,900,373,72.29,74.18,72.22,U,30,43.8068
L,1260828,900,373,72.29,74.18,72.22,U,31,43.5961
L,1260828,900,373,72.29,74.18,72.22,U,32,57.4200
L,1260828,900,373,72.29,74.18,72.22,U,33,66.9560
L,1260828,900,373,72.29,74.18,72.22,L,0,72.0118
L,1260828,900,373,72.29,74.18,72.22,L,1,73.0310
L,1260828,900,373,72.29,74.18,72.22,L,2,73.1353
L,1260828,900,373,72.29,74.18,72.22,L,3,72.6737
L,1260828,900,373,72.29,74.18,72.22,L,4,73.7839
L,1260828,900,373,72.29,74.18,72.22,L,5,72.9798
L,1260828,900,373,72.29,74.18,72.22,L,6,70.9660
L,1260828,900,373,72.29,74.18,72.22,L,7,72.1344
L,1260828,900,373,72.29,74.18,72.22,L,8,73.7129
L,1260828,900,373,72.29,74.18,72.22,L,9,73.4429
L,1260828,900,373,72.29,74.18,72.22,L,10,78.1600
L,1260828,900,373,72.29,74.18,72.22,L,11,74.0680
L,1260828,900,373,72.29,74.18,72.22,L,12,76.7929
L,1260828,900,373,72.29,74.18,72.22,L,13,87.8950
X,1260828,900,373,72.29,74.18,72.22,72.9236
X,1260828,900,373,72.29,74.18,72.22,73.0173
X,1260828,900,373,72.29,74.18,72.22,72.6589
X,1260828,900,373,72.29,74.18,72.22,71.9959
X,1260828,900,373,72.29,74.18,72.22,72.1108
K,1260828,900,373,72.29,74.18,72.22,72.9113,7
Q,1260828,900,373,72.29,74.18,72.22,72.9236,9
L,1260828,1000,374,71.91,72.56,71.61,U,0,74.1525
L,1260828,1000,374,71.91,72.56,71.61,U,1,72.8610
L,1260828,1000,374,71.91,72.56,71.61,U,2,72.9757
L,1260828,1000,374,71.91,72.56,71.61,U,3,72.6133
L,1260828,1000,374,71.91,72.56,71.61,U,4,71.9428
L,1260828,1000,374,71.91,72.56,71.61,U,5,72.0538
L,1260828,1000,374,71.91,72.56,71.61,U,6,68.3930
L,1260828,1000,374,71.91,72.56,71.61,U,7,67.7004
L,1260828,1000,374,71.91,72.56,71.61,U,8,67.5022
L,1260828,1000,374,71.91,72.56,71.61,U,9,67.3413
L,1260828,1000,374,71.91,72.56,71.61,U,10,66.8444
L,1260828,1000,374,71.91,72.56,71.61,U,11,67.6588
L,1260828,1000,374,71.91,72.56,71.61,U,12,67.2274
L,1260828,1000,374,71.91,72.56,71.61,U,13,63.7365
L,1260828,1000,374,71.91,72.56,71.61,U,14,64.1323
L,1260828,1000,374,71.91,72.56,71.61,U,15,63.6812
L,1260828,1000,374,71.91,72.56,71.61,U,16,63.5948
L,1260828,1000,374,71.91,72.56,71.61,U,17,64.8384
L,1260828,1000,374,71.91,72.56,71.61,U,18,64.1841
L,1260828,1000,374,71.91,72.56,71.61,U,19,64.2583
L,1260828,1000,374,71.91,72.56,71.61,U,20,64.1800
L,1260828,1000,374,71.91,72.56,71.61,U,21,59.4050
L,1260828,1000,374,71.91,72.56,71.61,U,22,58.3326
L,1260828,1000,374,71.91,72.56,71.61,U,23,59.3743
L,1260828,1000,374,71.91,72.56,71.61,U,24,58.8976
L,1260828,1000,374,71.91,72.56,71.61,U,25,60.5861
L,1260828,1000,374,71.91,72.56,71.61,U,26,56.8300
L,1260828,1000,374,71.91,72.56,71.61,U,27,57.9905
L,1260828,1000,374,71.91,72.56,71.61,U,28,58.5594
L,1260828,1000,374,71.91,72.56,71.61,U,29,51.5800
L,1260828,1000,374,71.91,72.56,71.61,U,30,47.7443
L,1260828,1000,374,71.91,72.56,71.61,U,31,43.5755
L,1260828,1000,374,71.91,72.56,71.61,U,32,43.3633
L,1260828,1000,374,71.91,72.56,71.61,U,33,57.2800
L,1260828,1000,374,71.91,72.56,71.61,U,34,66.8800
L,1260828,1000,374,71.91,72.56,71.61,L,0,72.0737
L,1260828,1000,374,71.91,72.56,71.61,L,1,73.1083
L,1260828,1000,374,71.91,72.56,71.61,L,2,73.2142
L,1260828,1000,374,71.91,72.56,71.61,L,3,72.7456
L,1260828,1000,374,71.91,72.56,71.61,L,4,73.8726
L,1260828,1000,374,71.91,72.56,71.61,L,5,73.0563
L,1260828,1000,374,71.91,72.56,71.61,L,6,71.0120
L,1260828,1000,374,71.91,72.56,71.61,L,7,72.1981
L,1260828,1000,374,71.91,72.56,71.61,L,8,73.8005
L,1260828,1000,374,71.91,72.56,71.61,L,9,73.5265
L,1260828,1000,374,71.91,72.56,71.61,L,10,78.3150
L,1260828,1000,374,71.91,72.56,71.61,L,11,74.1610
L,1260828,1000,374,71.91,72.56,71.61,L,12,76.9271
L,1260828,1000,374,71.91,72.56,71.61,L,13,88.1975
X,1260828,1000,374,71.91,72.56,71.61,74.1544
X,1260828,1000,374,71.91,72.56,71.61,73.0011
X,1260828,1000,374,71.91,72.56,71.61,72.0618
K,1260828,1000,374,71.91,72.56,71.61,72.8934,6
Q,1260828,1000,374,71.91,72.56,71.61,73.0011,8
L,1260828,1100,375,71.99,72.10,71.43,U,0,74.1250
L,1260828,1100,375,71.99,72.10,71.43,U,1,72.8249
L,1260828,1100,375,71.99,72.10,71.43,U,2,72.9403
L,1260828,1100,375,71.99,72.10,71.43,U,3,72.5756
L,1260828,1100,375,71.99,72.10,71.43,U,4,71.9005
L,1260828,1100,375,71.99,72.10,71.43,U,5,72.0123
L,1260828,1100,375,71.99,72.10,71.43,U,6,68.3271
L,1260828,1100,375,71.99,72.10,71.43,U,7,67.6298
L,1260828,1100,375,71.99,72.10,71.43,U,8,67.4304
L,1260828,1100,375,71.99,72.10,71.43,U,9,67.2684
L,1260828,1100,375,71.99,72.10,71.43,U,10,66.7681
L,1260828,1100,375,71.99,72.10,71.43,U,11,67.5880
L,1260828,1100,375,71.99,72.10,71.43,U,12,67.1537
L,1260828,1100,375,71.99,72.10,71.43,U,13,63.6396
L,1260828,1100,375,71.99,72.10,71.43,U,14,64.0380
L,1260828,1100,375,71.99,72.10,71.43,U,15,63.5838
L,1260828,1100,375,71.99,72.10,71.43,U,16,63.4969
L,1260828,1100,375,71.99,72.10,71.43,U,17,64.7488
L,1260828,1100,375,71.99,72.10,71.43,U,18,64.0901
L,1260828,1100,375,71.99,72.10,71.43,U,19,64.1648
L,1260828,1100,375,71.99,72.10,71.43,U,20,64.0860
L,1260828,1100,375,71.99,72.10,71.43,U,21,59.2792
L,1260828,1100,375,71.99,72.10,71.43,U,22,58.1996
L,1260828,1100,375,71.99,72.10,71.43,U,23,59.2483
L,1260828,1100,375,71.99,72.10,71.43,U,24,58.7684
L,1260828,1100,375,71.99,72.10,71.43,U,25,60.4682
L,1260828,1100,375,71.99,72.10,71.43,U,26,56.6870
L,1260828,1100,375,71.99,72.10,71.43,U,27,57.8553
L,1260828,1100,375,71.99,72.10,71.43,U,28,58.4279
L,1260828,1100,375,71.99,72.10,71.43,U,29,51.4020
L,1260828,1100,375,71.99,72.10,71.43,U,30,47.5407
L,1260828,1100,375,71.99,72.10,71.43,U,31,43.3441
L,1260828,1100,375,71.99,72.10,71.43,U,32,43.1306
L,1260828,1100,375,71.99,72.10,71.43,U,33,57.1400
L,1260828,1100,375,71.99,72.10,71.43,U,34,66.8040
L,1260828,1100,375,71.99,72.10,71.43,L,0,72.1355
L,1260828,1100,375,71.99,72.10,71.43,L,1,73.1856
L,1260828,1100,375,71.99,72.10,71.43,L,2,73.2930
L,1260828,1100,375,71.99,72.10,71.43,L,3,72.8175
L,1260828,1100,375,71.99,72.10,71.43,L,4,73.9613
L,1260828,1100,375,71.99,72.10,71.43,L,5,73.1328
L,1260828,1100,375,71.99,72.10,71.43,L,6,71.0580
L,1260828,1100,375,71.99,72.10,71.43,L,7,72.2619
L,1260828,1100,375,71.99,72.10,71.43,L,8,73.8881
L,1260828,1100,375,71.99,72.10,71.43,L,9,73.6100
L,1260828,1100,375,71.99,72.10,71.43,L,10,78.4700
L,1260828,1100,375,71.99,72.10,71.43,L,11,74.2540
L,1260828,1100,375,71.99,72.10,71.43,L,12,77.0614
L,1260828,1100,375,71.99,72.10,71.43,L,13,88.5000
K,1260828,1100,375,71.99,72.10,71.43,72.9802,5
L,1260828,1200,376,71.56,72.04,71.45,U,0,74.0974
L,1260828,1200,376,71.56,72.04,71.45,U,1,72.7887
L,1260828,1200,376,71.56,72.04,71.45,U,2,72.9049
L,1260828,1200,376,71.56,72.04,71.45,U,3,72.5378
L,1260828,1200,376,71.56,72.04,71.45,U,4,71.8583
L,1260828,1200,376,71.56,72.04,71.45,U,5,71.9708
L,1260828,1200,376,71.56,72.04,71.45,U,6,68.2612
L,1260828,1200,376,71.56,72.04,71.45,U,7,67.5593
L,1260828,1200,376,71.56,72.04,71.45,U,8,67.3585
L,1260828,1200,376,71.56,72.04,71.45,U,9,67.1955
L,1260828,1200,376,71.56,72.04,71.45,U,10,66.6919
L,1260828,1200,376,71.56,72.04,71.45,U,11,67.5172
L,1260828,1200,376,71.56,72.04,71.45,U,12,67.0800
L,1260828,1200,376,71.56,72.04,71.45,U,13,63.5426
L,1260828,1200,376,71.56,72.04,71.45,U,14,63.9436
L,1260828,1200,376,71.56,72.04,71.45,U,15,63.4865
L,1260828,1200,376,71.56,72.04,71.45,U,16,63.3990
L,1260828,1200,376,71.56,72.04,71.45,U,17,64.6592
L,1260828,1200,376,71.56,72.04,71.45,U,18,63.9962
L,1260828,1200,376,71.56,72.04,71.45,U,19,64.0713
L,1260828,1200,376,71.56,72.04,71.45,U,20,63.9920
L,1260828,1200,376,71.56,72.04,71.45,U,21,59.1533
L,1260828,1200,376,71.56,72.04,71.45,U,22,58.0667
L,1260828,1200,376,71.56,72.04,71.45,U,23,59.1223
L,1260828,1200,376,71.56,72.04,71.45,U,24,58.6392
L,1260828,1200,376,71.56,72.04,71.45,U,25,60.3502
L,1260828,1200,376,71.56,72.04,71.45,U,26,56.5440
L,1260828,1200,376,71.56,72.04,71.45,U,27,57.7200
L,1260828,1200,376,71.56,72.04,71.45,U,28,58.2965
L,1260828,1200,376,71.56,72.04,71.45,U,29,51.2240
L,1260828,1200,376,71.56,72.04,71.45,U,30,47.3371
L,1260828,1200,376,71.56,72.04,71.45,U,31,43.1127
L,1260828,1200,376,71.56,72.04,71.45,U,32,42.8978
L,1260828,1200,376,71.56,72.04,71.45,U,33,57.0000
L,1260828,1200,376,71.56,72.04,71.45,U,34,66.7280
L,1260828,1200,376,71.56,72.04,71.45,L,0,71.4815
L,1260828,1200,376,71.56,72.04,71.45,L,1,72.1974
L,1260828,1200,376,71.56,72.04,71.45,L,2,73.2629
L,1260828,1200,376,71.56,72.04,71.45,L,3,73.3719
L,1260828,1200,376,71.56,72.04,71.45,L,4,72.8894
L,1260828,1200,376,71.56,72.04,71.45,L,5,74.0500
L,1260828,1200,376,71.56,72.04,71.45,L,6,73.2093
L,1260828,1200,376,71.56,72.04,71.45,L,7,71.1040
L,1260828,1200,376,71.56,72.04,71.45,L,8,72.3256
L,1260828,1200,376,71.56,72.04,71.45,L,9,73.9757
L,1260828,1200,376,71.56,72.04,71.45,L,10,73.6935
L,1260828,1200,376,71.56,72.04,71.45,L,11,78.6250
L,1260828,1200,376,71.56,72.04,71.45,L,12,74.3470
L,1260828,1200,376,71.56,72.04,71.45,L,13,77.1957
L,1260828,1200,376,71.56,72.04,71.45,L,14,88.8025
X,1260828,1200,376,71.56,72.04,71.45,72.8224
K,1260828,1200,376,71.56,72.04,71.45,72.8610,3
Q,1260828,1200,376,71.56,72.04,71.45,72.8224,5
L,1260828,1300,377,71.85,72.03,71.47,U,0,74.0699
L,1260828,1300,377,71.85,72.03,71.47,U,1,72.7526
L,1260828,1300,377,71.85,72.03,71.47,U,2,72.8696
L,1260828,1300,377,71.85,72.03,71.47,U,3,72.5000
L,1260828,1300,377,71.85,72.03,71.47,U,4,71.8160
L,1260828,1300,377,71.85,72.03,71.47,U,5,71.9293
L,1260828,1300,377,71.85,72.03,71.47,U,6,68.1953
L,1260828,1300,377,71.85,72.03,71.47,U,7,67.4888
L,1260828,1300,377,71.85,72.03,71.47,U,8,67.2867
L,1260828,1300,377,71.85,72.03,71.47,U,9,67.1225
L,1260828,1300,377,71.85,72.03,71.47,U,10,66.6156
L,1260828,1300,377,71.85,72.03,71.47,U,11,67.4464
L,1260828,1300,377,71.85,72.03,71.47,U,12,67.0063
L,1260828,1300,377,71.85,72.03,71.47,U,13,63.4457
L,1260828,1300,377,71.85,72.03,71.47,U,14,63.8493
L,1260828,1300,377,71.85,72.03,71.47,U,15,63.3892
L,1260828,1300,377,71.85,72.03,71.47,U,16,63.3011
L,1260828,1300,377,71.85,72.03,71.47,U,17,64.5696
L,1260828,1300,377,71.85,72.03,71.47,U,18,63.9022
L,1260828,1300,377,71.85,72.03,71.47,U,19,63.9778
L,1260828,1300,377,71.85,72.03,71.47,U,20,63.8980
L,1260828,1300,377,71.85,72.03,71.47,U,21,59.0275
L,1260828,1300,377,71.85,72.03,71.47,U,22,57.9337
L,1260828,1300,377,71.85,72.03,71.47,U,23,58.9962
L,1260828,1300,377,71.85,72.03,71.47,U,24,58.5100
L,1260828,1300,377,71.85,72.03,71.47,U,25,60.2322
L,1260828,1300,377,71.85,72.03,71.47,U,26,56.4010
L,1260828,1300,377,71.85,72.03,71.47,U,27,57.5847
L,1260828,1300,377,71.85,72.03,71.47,U,28,58.1650
L,1260828,1300,377,71.85,72.03,71.47,U,29,51.0460
L,1260828,1300,377,71.85,72.03,71.47,U,30,47.1336
L,1260828,1300,377,71.85,72.03,71.47,U,31,42.8814
L,1260828,1300,377,71.85,72.03,71.47,U,32,42.6650
L,1260828,1300,377,71.85,72.03,71.47,U,33,56.8600
L,1260828,1300,377,71.85,72.03,71.47,U,34,66.6520
L,1260828,1300,377,71.85,72.03,71.47,L,0,71.5329
L,1260828,1300,377,71.85,72.03,71.47,L,1,72.2592
L,1260828,1300,377,71.85,72.03,71.47,L,2,73.3402
L,1260828,1300,377,71.85,72.03,71.47,L,3,73.4508
L,1260828,1300,377,71.85,72.03,71.47,L,4,72.9612
L,1260828,1300,377,71.85,72.03,71.47,L,5,74.1387
L,1260828,1300,377,71.85,72.03,71.47,L,6,73.2858
L,1260828,1300,377,71.85,72.03,71.47,L,7,71.1500
L,1260828,1300,377,71.85,72.03,71.47,L,8,72.3893
L,1260828,1300,377,71.85,72.03,71.47,L,9,74.0633
L,1260828,1300,377,71.85,72.03,71.47,L,10,73.7771
L,1260828,1300,377,71.85,72.03,71.47,L,11,78.7800
L,1260828,1300,377,71.85,72.03,71.47,L,12,74.4400
L,1260828,1300,377,71.85,72.03,71.47,L,13,77.3300
L,1260828,1300,377,71.85,72.03,71.47,L,14,89.1050
X,1260828,1300,377,71.85,72.03,71.47,74.0862
X,1260828,1300,377,71.85,72.03,71.47,72.8998
K,1260828,1300,377,71.85,72.03,71.47,72.7709,4
Q,1260828,1300,377,71.85,72.03,71.47,72.8998,3
L,1260828,1400,378,71.97,72.00,71.72,U,0,74.0424
L,1260828,1400,378,71.97,72.00,71.72,U,1,72.7165
L,1260828,1400,378,71.97,72.00,71.72,U,2,72.8342
L,1260828,1400,378,71.97,72.00,71.72,U,3,72.4622
L,1260828,1400,378,71.97,72.00,71.72,U,4,71.7738
L,1260828,1400,378,71.97,72.00,71.72,U,5,71.8878
L,1260828,1400,378,71.97,72.00,71.72,U,6,68.1294
L,1260828,1400,378,71.97,72.00,71.72,U,7,67.4182
L,1260828,1400,378,71.97,72.00,71.72,U,8,67.2148
L,1260828,1400,378,71.97,72.00,71.72,U,9,67.0496
L,1260828,1400,378,71.97,72.00,71.72,U,10,66.5394
L,1260828,1400,378,71.97,72.00,71.72,U,11,67.3756
L,1260828,1400,378,71.97,72.00,71.72,U,12,66.9326
L,1260828,1400,378,71.97,72.00,71.72,U,13,63.3487
L,1260828,1400,378,71.97,72.00,71.72,U,14,63.7550
L,1260828,1400,378,71.97,72.00,71.72,U,15,63.2919
L,1260828,1400,378,71.97,72.00,71.72,U,16,63.2032
L,1260828,1400,378,71.97,72.00,71.72,U,17,64.4800
L,1260828,1400,378,71.97,72.00,71.72,U,18,63.8082
L,1260828,1400,378,71.97,72.00,71.72,U,19,63.8843
L,1260828,1400,378,71.97,72.00,71.72,U,20,63.8040
L,1260828,1400,378,71.97,72.00,71.72,U,21,58.9017
L,1260828,1400,378,71.97,72.00,71.72,U,22,57.8007
L,1260828,1400,378,71.97,72.00,71.72,U,23,58.8702
L,1260828,1400,378,71.97,72.00,71.72,U,24,58.3808
L,1260828,1400,378,71.97,72.00,71.72,U,25,60.1143
L,1260828,1400,378,71.97,72.00,71.72,U,26,56.2580
L,1260828,1400,378,71.97,72.00,71.72,U,27,57.4495
L,1260828,1400,378,71.97,72.00,71.72,U,28,58.0335
L,1260828,1400,378,71.97,72.00,71.72,U,29,50.8680
L,1260828,1400,378,71.97,72.00,71.72,U,30,46.9300
L,1260828,1400,378,71.97,72.00,71.72,U,31,42.6500
L,1260828,1400,378,71.97,72.00,71.72,U,32,42.4322
L,1260828,1400,378,71.97,72.00,71.72,U,33,56.7200
L,1260828,1400,378,71.97,72.00,71.72,U,34,66.5760
L,1260828,1400,378,71.97,72.00,71.72,L,0,71.5844
L,1260828,1400,378,71.97,72.00,71.72,L,1,72.3211
L,1260828,1400,378,71.97,72.00,71.72,L,2,73.4175
L,1260828,1400,378,71.97,72.00,71.72,L,3,73.5296
L,1260828,1400,378,71.97,72.00,71.72,L,4,73.0331
L,1260828,1400,378,71.97,72.00,71.72,L,5,74.2274
L,1260828,1400,378,71.97,72.00,71.72,L,6,73.3623
L,1260828,1400,378,71.97,72.00,71.72,L,7,71.1960
L,1260828,1400,378,71.97,72.00,71.72,L,8,72.4530
L,1260828,1400,378,71.97,72.00,71.72,L,9,74.1510
L,1260828,1400,378,71.97,72.00,71.72,L,10,73.8606
L,1260828,1400,378,71.97,72.00,71.72,L,11,78.9350
L,1260828,1400,378,71.97,72.00,71.72,L,12,74.5330
L,1260828,1400,378,71.97,72.00,71.72,L,13,77.4643
L,1260828,1400,378,71.97,72.00,71.72,L,14,89.4075
X,1260828,1400,378,71.97,72.00,71.72,74.0684
K,1260828,1400,378,71.97,72.00,71.72,72.4882,4
Q,1260828,1400,378,71.97,72.00,71.72,74.0684,2
L,1260828,1500,379,71.85,71.98,71.80,U,0,74.0149
L,1260828,1500,379,71.85,71.98,71.80,U,1,72.6804
L,1260828,1500,379,71.85,71.98,71.80,U,2,72.7988
L,1260828,1500,379,71.85,71.98,71.80,U,3,72.4244
L,1260828,1500,379,71.85,71.98,71.80,U,4,71.7316
L,1260828,1500,379,71.85,71.98,71.80,U,5,71.8463
L,1260828,1500,379,71.85,71.98,71.80,U,6,68.0635
L,1260828,1500,379,71.85,71.98,71.80,U,7,67.3477
L,1260828,1500,379,71.85,71.98,71.80,U,8,67.1430
L,1260828,1500,379,71.85,71.98,71.80,U,9,66.9767
L,1260828,1500,379,71.85,71.98,71.80,U,10,66.4632
L,1260828,1500,379,71.85,71.98,71.80,U,11,67.3047
L,1260828,1500,379,71.85,71.98,71.80,U,12,66.8589
L,1260828,1500,379,71.85,71.98,71.80,U,13,63.2517
L,1260828,1500,379,71.85,71.98,71.80,U,14,63.6607
L,1260828,1500,379,71.85,71.98,71.80,U,15,63.1945
L,1260828,1500,379,71.85,71.98,71.80,U,16,63.1053
L,1260828,1500,379,71.85,71.98,71.80,U,17,64.3904
L,1260828,1500,379,71.85,71.98,71.80,U,18,63.7142
L,1260828,1500,379,71.85,71.98,71.80,U,19,63.7909
L,1260828,1500,379,71.85,71.98,71.80,U,20,63.7100
L,1260828,1500,379,71.85,71.98,71.80,U,21,58.7758
L,1260828,1500,379,71.85,71.98,71.80,U,22,57.6677
L,1260828,1500,379,71.85,71.98,71.80,U,23,58.7442
L,1260828,1500,379,71.85,71.98,71.80,U,24,58.2516
L,1260828,1500,379,71.85,71.98,71.80,U,25,59.9963
L,1260828,1500,379,71.85,71.98,71.80,U,26,56.1150
L,1260828,1500,379,71.85,71.98,71.80,U,27,57.3142
L,1260828,1500,379,71.85,71.98,71.80,U,28,57.9021
L,1260828,1500,379,71.85,71.98,71.80,U,29,50.6900
L,1260828,1500,379,71.85,71.98,71.80,U,30,46.7264
L,1260828,1500,379,71.85,71.98,71.80,U,31,42.4186
L,1260828,1500,379,71.85,71.98,71.80,U,32,42.1994
L,1260828,1500,379,71.85,71.98,71.80,U,33,56.5800
L,1260828,1500,379,71.85,71.98,71.80,U,34,66.5000
L,1260828,1500,379,71.85,71.98,71.80,L,0,71.6359
L,1260828,1500,379,71.85,71.98,71.80,L,1,72.3829
L,1260828,1500,379,71.85,71.98,71.80,L,2,73.4947
L,1260828,1500,379,71.85,71.98,71.80,L,3,73.6085
L,1260828,1500,379,71.85,71.98,71.80,L,4,73.1050
L,1260828,1500,379,71.85,71.98,71.80,L,5,74.3161
L,1260828,1500,379,71.85,71.98,71.80,L,6,73.4388
L,1260828,1500,379,71.85,71.98,71.80,L,7,71.2420
L,1260828,1500,379,71.85,71.98,71.80,L,8,72.5167
L,1260828,1500,379,71.85,71.98,71.80,L,9,74.2386
L,1260828,1500,379,71.85,71.98,71.80,L,10,73.9441
L,1260828,1500,379,71.85,71.98,71.80,L,11,79.0900
L,1260828,1500,379,71.85,71.98,71.80,L,12,74.6260
L,1260828,1500,379,71.85,71.98,71.80,L,13,77.5986
L,1260828,1500,379,71.85,71.98,71.80,L,14,89.7100
X,1260828,1500,379,71.85,71.98,71.80,72.4588
K,1260828,1500,379,71.85,71.98,71.80,72.5011,4
Q,1260828,1500,379,71.85,71.98,71.80,72.4588,2
L,1260828,1600,380,71.75,71.85,71.75,U,0,73.9874
L,1260828,1600,380,71.75,71.85,71.75,U,1,72.6442
L,1260828,1600,380,71.75,71.85,71.75,U,2,72.7635
L,1260828,1600,380,71.75,71.85,71.75,U,3,72.3867
L,1260828,1600,380,71.75,71.85,71.75,U,4,71.6893
L,1260828,1600,380,71.75,71.85,71.75,U,5,71.8048
L,1260828,1600,380,71.75,71.85,71.75,U,6,67.9976
L,1260828,1600,380,71.75,71.85,71.75,U,7,67.2772
L,1260828,1600,380,71.75,71.85,71.75,U,8,67.0711
L,1260828,1600,380,71.75,71.85,71.75,U,9,66.9038
L,1260828,1600,380,71.75,71.85,71.75,U,10,66.3869
L,1260828,1600,380,71.75,71.85,71.75,U,11,67.2339
L,1260828,1600,380,71.75,71.85,71.75,U,12,66.7853
L,1260828,1600,380,71.75,71.85,71.75,U,13,63.1548
L,1260828,1600,380,71.75,71.85,71.75,U,14,63.5664
L,1260828,1600,380,71.75,71.85,71.75,U,15,63.0972
L,1260828,1600,380,71.75,71.85,71.75,U,16,63.0074
L,1260828,1600,380,71.75,71.85,71.75,U,17,64.3008
L,1260828,1600,380,71.75,71.85,71.75,U,18,63.6203
L,1260828,1600,380,71.75,71.85,71.75,U,19,63.6974
L,1260828,1600,380,71.75,71.85,71.75,U,20,63.6160
L,1260828,1600,380,71.75,71.85,71.75,U,21,58.6500
L,1260828,1600,380,71.75,71.85,71.75,U,22,57.5347
L,1260828,1600,380,71.75,71.85,71.75,U,23,58.6181
L,1260828,1600,380,71.75,71.85,71.75,U,24,58.1224
L,1260828,1600,380,71.75,71.85,71.75,U,25,59.8784
L,1260828,1600,380,71.75,71.85,71.75,U,26,55.9720
L,1260828,1600,380,71.75,71.85,71.75,U,27,57.1789
L,1260828,1600,380,71.75,71.85,71.75,U,28,57.7706
L,1260828,1600,380,71.75,71.85,71.75,U,29,50.5120
L,1260828,1600,380,71.75,71.85,71.75,U,30,46.5229
L,1260828,1600,380,71.75,71.85,71.75,U,31,42.1873
L,1260828,1600,380,71.75,71.85,71.75,U,32,41.9667
L,1260828,1600,380,71.75,71.85,71.75,U,33,56.4400
L,1260828,1600,380,71.75,71.85,71.75,U,34,66.4240
L,1260828,1600,380,71.75,71.85,71.75,L,0,71.6874
L,1260828,1600,380,71.75,71.85,71.75,L,1,72.4448
L,1260828,1600,380,71.75,71.85,71.75,L,2,73.5720
L,1260828,1600,380,71.75,71.85,71.75,L,3,73.6874
L,1260828,1600,380,71.75,71.85,71.75,L,4,73.1769
L,1260828,1600,380,71.75,71.85,71.75,L,5,74.4048
L,1260828,1600,380,71.75,71.85,71.75,L,6,73.5153
L,1260828,1600,380,71.75,71.85,71.75,L,7,71.2880
L,1260828,1600,380,71.75,71.85,71.75,L,8,72.5804
L,1260828,1600,380,71.75,71.85,71.75,L,9,74.3262
L,1260828,1600,380,71.75,71.85,71.75,L,10,74.0276
L,1260828,1600,380,71.75,71.85,71.75,L,11,79.2450
L,1260828,1600,380,71.75,71.85,71.75,L,12,74.7190
L,1260828,1600,380,71.75,71.85,71.75,L,13,77.7329
L,1260828,1600,380,71.75,71.85,71.75,L,14,90.0125
X,1260828,1600,380,71.75,71.85,71.75,73.9974
X,1260828,1600,380,71.75,71.85,71.75,72.4087
K,1260828,1600,380,71.75,71.85,71.75,72.5639,5
Q,1260828,1600,380,71.75,71.85,71.75,73.9974,3
L,1260828,1700,381,71.68,71.76,71.65,U,0,73.9599
L,1260828,1700,381,71.68,71.76,71.65,U,1,72.6081
L,1260828,1700,381,71.68,71.76,71.65,U,2,72.7281
L,1260828,1700,381,71.68,71.76,71.65,U,3,72.3489
L,1260828,1700,381,71.68,71.76,71.65,U,4,71.6471
L,1260828,1700,381,71.68,71.76,71.65,U,5,71.7633
L,1260828,1700,381,71.68,71.76,71.65,U,6,67.9317
L,1260828,1700,381,71.68,71.76,71.65,U,7,67.2066
L,1260828,1700,381,71.68,71.76,71.65,U,8,66.9993
L,1260828,1700,381,71.68,71.76,71.65,U,9,66.8308
L,1260828,1700,381,71.68,71.76,71.65,U,10,66.3107
L,1260828,1700,381,71.68,71.76,71.65,U,11,67.1631
L,1260828,1700,381,71.68,71.76,71.65,U,12,66.7116
L,1260828,1700,381,71.68,71.76,71.65,U,13,63.0578
L,1260828,1700,381,71.68,71.76,71.65,U,14,63.4720
L,1260828,1700,381,71.68,71.76,71.65,U,15,62.9999
L,1260828,1700,381,71.68,71.76,71.65,U,16,62.9095
L,1260828,1700,381,71.68,71.76,71.65,U,17,64.2112
L,1260828,1700,381,71.68,71.76,71.65,U,18,63.5263
L,1260828,1700,381,71.68,71.76,71.65,U,19,63.6039
L,1260828,1700,381,71.68,71.76,71.65,U,20,63.5220
L,1260828,1700,381,71.68,71.76,71.65,U,21,58.5242
L,1260828,1700,381,71.68,71.76,71.65,U,22,57.4018
L,1260828,1700,381,71.68,71.76,71.65,U,23,58.4921
L,1260828,1700,381,71.68,71.76,71.65,U,24,57.9931
L,1260828,1700,381,71.68,71.76,71.65,U,25,59.7604
L,1260828,1700,381,71.68,71.76,71.65,U,26,55.8290
L,1260828,1700,381,71.68,71.76,71.65,U,27,57.0437
L,1260828,1700,381,71.68,71.76,71.65,U,28,57.6391
L,1260828,1700,381,71.68,71.76,71.65,U,29,50.3340
L,1260828,1700,381,71.68,71.76,71.65,U,30,46.3193
L,1260828,1700,381,71.68,71.76,71.65,U,31,41.9559
L,1260828,1700,381,71.68,71.76,71.65,U,32,41.7339
L,1260828,1700,381,71.68,71.76,71.65,U,33,56.3000
L,1260828,1700,381,71.68,71.76,71.65,U,34,66.3480
L,1260828,1700,381,71.68,71.76,71.65,L,0,71.7388
L,1260828,1700,381,71.68,71.76,71.65,L,1,72.5066
L,1260828,1700,381,71.68,71.76,71.65,L,2,73.6493
L,1260828,1700,381,71.68,71.76,71.65,L,3,73.7662
L,1260828,1700,381,71.68,71.76,71.65,L,4,73.2487
L,1260828,1700,381,71.68,71.76,71.65,L,5,74.4935
L,1260828,1700,381,71.68,71.76,71.65,L,6,73.5919
L,1260828,1700,381,71.68,71.76,71.65,L,7,71.3340
L,1260828,1700,381,71.68,71.76,71.65,L,8,72.6441
L,1260828,1700,381,71.68,71.76,71.65,L,9,74.4138
L,1260828,1700,381,71.68,71.76,71.65,L,10,74.1112
L,1260828,1700,381,71.68,71.76,71.65,L,11,79.4000
L,1260828,1700,381,71.68,71.76,71.65,L,12,74.8120
L,1260828,1700,381,71.68,71.76,71.65,L,13,77.8671
L,1260828,1700,381,71.68,71.76,71.65,L,14,90.3150
X,1260828,1700,381,71.68,71.76,71.65,72.6211
X,1260828,1700,381,71.68,71.76,71.65,71.6884
K,1260828,1700,381,71.68,71.76,71.65,72.5672,5
Q,1260828,1700,381,71.68,71.76,71.65,72.6211,3
L,1260831,200,382,71.75,72.12,70.68,U,0,73.9323
L,1260831,200,382,71.75,72.12,70.68,U,1,72.5720
L,1260831,200,382,71.75,72.12,70.68,U,2,72.6928
L,1260831,200,382,71.75,72.12,70.68,U,3,72.3111
L,1260831,200,382,71.75,72.12,70.68,U,4,71.6048
L,1260831,200,382,71.75,72.12,70.68,U,5,71.7217
L,1260831,200,382,71.75,72.12,70.68,U,6,67.8657
L,1260831,200,382,71.75,72.12,70.68,U,7,67.1361
L,1260831,200,382,71.75,72.12,70.68,U,8,66.9274
L,1260831,200,382,71.75,72.12,70.68,U,9,66.7579
L,1260831,200,382,71.75,72.12,70.68,U,10,66.2345
L,1260831,200,382,71.75,72.12,70.68,U,11,67.0923
L,1260831,200,382,71.75,72.12,70.68,U,12,66.6379
L,1260831,200,382,71.75,72.12,70.68,U,13,62.9609
L,1260831,200,382,71.75,72.12,70.68,U,14,63.3777
L,1260831,200,382,71.75,72.12,70.68,U,15,62.9026
L,1260831,200,382,71.75,72.12,70.68,U,16,62.8116
L,1260831,200,382,71.75,72.12,70.68,U,17,64.1216
L,1260831,200,382,71.75,72.12,70.68,U,18,63.4323
L,1260831,200,382,71.75,72.12,70.68,U,19,63.5104
L,1260831,200,382,71.75,72.12,70.68,U,20,63.4280
L,1260831,200,382,71.75,72.12,70.68,U,21,58.3983
L,1260831,200,382,71.75,72.12,70.68,U,22,57.2688
L,1260831,200,382,71.75,72.12,70.68,U,23,58.3660
L,1260831,200,382,71.75,72.12,70.68,U,24,57.8639
L,1260831,200,382,71.75,72.12,70.68,U,25,59.6424
L,1260831,200,382,71.75,72.12,70.68,U,26,55.6860
L,1260831,200,382,71.75,72.12,70.68,U,27,56.9084
L,1260831,200,382,71.75,72.12,70.68,U,28,57.5076
L,1260831,200,382,71.75,72.12,70.68,U,29,50.1560
L,1260831,200,382,71.75,72.12,70.68,U,30,46.1157
L,1260831,200,382,71.75,72.12,70.68,U,31,41.7245
L,1260831,200,382,71.75,72.12,70.68,U,32,41.5011
L,1260831,200,382,71.75,72.12,70.68,U,33,56.1600
L,1260831,200,382,71.75,72.12,70.68,U,34,66.2720
L,1260831,200,382,71.75,72.12,70.68,L,0,71.7903
L,1260831,200,382,71.75,72.12,70.68,L,1,72.5685
L,1260831,200,382,71.75,72.12,70.68,L,2,73.7266
L,1260831,200,382,71.75,72.12,70.68,L,3,73.8451
L,1260831,200,382,71.75,72.12,70.68,L,4,73.3206
L,1260831,200,382,71.75,72.12,70.68,L,5,74.5822
L,1260831,200,382,71.75,72.12,70.68,L,6,73.6684
L,1260831,200,382,71.75,72.12,70.68,L,7,71.3800
L,1260831,200,382,71.75,72.12,70.68,L,8,72.7078
L,1260831,200,382,71.75,72.12,70.68,L,9,74.5014
L,1260831,200,382,71.75,72.12,70.68,L,10,74.1947
L,1260831,200,382,71.75,72.12,70.68,L,11,79.5550
L,1260831,200,382,71.75,72.12,70.68,L,12,74.9050
L,1260831,200,382,71.75,72.12,70.68,L,13,78.0014
L,1260831,200,382,71.75,72.12,70.68,L,14,90.6175
X,1260831,200,382,71.75,72.12,70.68,72.6981
X,1260831,200,382,71.75,72.12,70.68,71.7523
K,1260831,200,382,71.75,72.12,70.68,72.5704,5
Q,1260831,200,382,71.75,72.12,70.68,72.6981,4
L,1260831,300,383,71.50,71.93,71.50,U,0,72.0810
L,1260831,300,383,71.50,71.93,71.50,U,1,73.9048
L,1260831,300,383,71.50,71.93,71.50,U,2,72.5358
L,1260831,300,383,71.50,71.93,71.50,U,3,72.6574
L,1260831,300,383,71.50,71.93,71.50,U,4,72.2733
L,1260831,300,383,71.50,71.93,71.50,U,5,71.5626
L,1260831,300,383,71.50,71.93,71.50,U,6,71.6802
L,1260831,300,383,71.50,71.93,71.50,U,7,67.7998
L,1260831,300,383,71.50,71.93,71.50,U,8,67.0656
L,1260831,300,383,71.50,71.93,71.50,U,9,66.8556
L,1260831,300,383,71.50,71.93,71.50,U,10,66.6850
L,1260831,300,383,71.50,71.93,71.50,U,11,66.1582
L,1260831,300,383,71.50,71.93,71.50,U,12,67.0215
L,1260831,300,383,71.50,71.93,71.50,U,13,66.5642
L,1260831,300,383,71.50,71.93,71.50,U,14,62.8639
L,1260831,300,383,71.50,71.93,71.50,U,15,63.2834
L,1260831,300,383,71.50,71.93,71.50,U,16,62.8052
L,1260831,300,383,71.50,71.93,71.50,U,17,62.7137
L,1260831,300,383,71.50,71.93,71.50,U,18,64.0319
L,1260831,300,383,71.50,71.93,71.50,U,19,63.3384
L,1260831,300,383,71.50,71.93,71.50,U,20,63.4170
L,1260831,300,383,71.50,71.93,71.50,U,21,63.3340
L,1260831,300,383,71.50,71.93,71.50,U,22,58.2725
L,1260831,300,383,71.50,71.93,71.50,U,23,57.1358
L,1260831,300,383,71.50,71.93,71.50,U,24,58.2400
L,1260831,300,383,71.50,71.93,71.50,U,25,57.7347
L,1260831,300,383,71.50,71.93,71.50,U,26,59.5245
L,1260831,300,383,71.50,71.93,71.50,U,27,55.5430
L,1260831,300,383,71.50,71.93,71.50,U,28,56.7732
L,1260831,300,383,71.50,71.93,71.50,U,29,57.3762
L,1260831,300,383,71.50,71.93,71.50,U,30,49.9780
L,1260831,300,383,71.50,71.93,71.50,U,31,45.9121
L,1260831,300,383,71.50,71.93,71.50,U,32,41.4932
L,1260831,300,383,71.50,71.93,71.50,U,33,41.2683
L,1260831,300,383,71.50,71.93,71.50,U,34,56.0200
L,1260831,300,383,71.50,71.93,71.50,U,35,66.1960
L,1260831,300,383,71.50,71.93,71.50,L,0,70.7167
L,1260831,300,383,71.50,71.93,71.50,L,1,71.8418
L,1260831,300,383,71.50,71.93,71.50,L,2,72.6303
L,1260831,300,383,71.50,71.93,71.50,L,3,73.8039
L,1260831,300,383,71.50,71.93,71.50,L,4,73.9240
L,1260831,300,383,71.50,71.93,71.50,L,5,73.3925
L,1260831,300,383,71.50,71.93,71.50,L,6,74.6709
L,1260831,300,383,71.50,71.93,71.50,L,7,73.7449
L,1260831,300,383,71.50,71.93,71.50,L,8,71.4260
L,1260831,300,383,71.50,71.93,71.50,L,9,72.7715
L,1260831,300,383,71.50,71.93,71.50,L,10,74.5890
L,1260831,300,383,71.50,71.93,71.50,L,11,74.2782
L,1260831,300,383,71.50,71.93,71.50,L,12,79.7100
L,1260831,300,383,71.50,71.93,71.50,L,13,74.9980
L,1260831,300,383,71.50,71.93,71.50,L,14,78.1357
L,1260831,300,383,71.50,71.93,71.50,L,15,90.9200
X,1260831,300,383,71.50,71.93,71.50,73.9098
X,1260831,300,383,71.50,71.93,71.50,72.5707
K,1260831,300,383,71.50,71.93,71.50,72.5737,5
Q,1260831,300,383,71.50,71.93,71.50,72.5707,4
L,1260831,400,384,71.57,71.66,71.45,U,0,72.0420
L,1260831,400,384,71.57,71.66,71.45,U,1,73.8773
L,1260831,400,384,71.57,71.66,71.45,U,2,72.4997
L,1260831,400,384,71.57,71.66,71.45,U,3,72.6220
L,1260831,400,384,71.57,71.66,71.45,U,4,72.2356
L,1260831,400,384,71.57,71.66,71.45,U,5,71.5203
L,1260831,400,384,71.57,71.66,71.45,U,6,71.6387
L,1260831,400,384,71.57,71.66,71.45,U,7,67.7339
L,1260831,400,384,71.57,71.66,71.45,U,8,66.9950
L,1260831,400,384,71.57,71.66,71.45,U,9,66.7837
L,1260831,400,384,71.57,71.66,71.45,U,10,66.6121
L,1260831,400,384,71.57,71.66,71.45,U,11,66.0820
L,1260831,400,384,71.57,71.66,71.45,U,12,66.9507
L,1260831,400,384,71.57,71.66,71.45,U,13,66.4905
L,1260831,400,384,71.57,71.66,71.45,U,14,62.7670
L,1260831,400,384,71.57,71.66,71.45,U,15,63.1891
L,1260831,400,384,71.57,71.66,71.45,U,16,62.7079
L,1260831,400,384,71.57,71.66,71.45,U,17,62.6158
L,1260831,400,384,71.57,71.66,71.45,U,18,63.9423
L,1260831,400,384,71.57,71.66,71.45,U,19,63.2444
L,1260831,400,384,71.57,71.66,71.45,U,20,63.3235
L,1260831,400,384,71.57,71.66,71.45,U,21,63.2400
L,1260831,400,384,71.57,71.66,71.45,U,22,58.1467
L,1260831,400,384,71.57,71.66,71.45,U,23,57.0028
L,1260831,400,384,71.57,71.66,71.45,U,24,58.1140
L,1260831,400,384,71.57,71.66,71.45,U,25,57.6055
L,1260831,400,384,71.57,71.66,71.45,U,26,59.4065
L,1260831,400,384,71.57,71.66,71.45,U,27,55.4000
L,1260831,400,384,71.57,71.66,71.45,U,28,56.6379
L,1260831,400,384,71.57,71.66,71.45,U,29,57.2447
L,1260831,400,384,71.57,71.66,71.45,U,30,49.8000
L,1260831,400,384,71.57,71.66,71.45,U,31,45.7086
L,1260831,400,384,71.57,71.66,71.45,U,32,41.2618
L,1260831,400,384,71.57,71.66,71.45,U,33,41.0356
L,1260831,400,384,71.57,71.66,71.45,U,34,55.8800
L,1260831,400,384,71.57,71.66,71.45,U,35,66.1200
L,1260831,400,384,71.57,71.66,71.45,L,0,70.7533
L,1260831,400,384,71.57,71.66,71.45,L,1,71.8932
L,1260831,400,384,71.57,71.66,71.45,L,2,72.6922
L,1260831,400,384,71.57,71.66,71.45,L,3,73.8812
L,1260831,400,384,71.57,71.66,71.45,L,4,74.0028
L,1260831,400,384,71.57,71.66,71.45,L,5,73.4644
L,1260831,400,384,71.57,71.66,71.45,L,6,74.7596
L,1260831,400,384,71.57,71.66,71.45,L,7,73.8214
L,1260831,400,384,71.57,71.66,71.45,L,8,71.4720
L,1260831,400,384,71.57,71.66,71.45,L,9,72.8352
L,1260831,400,384,71.57,71.66,71.45,L,10,74.6767
L,1260831,400,384,71.57,71.66,71.45,L,11,74.3618
L,1260831,400,384,71.57,71.66,71.45,L,12,79.8650
L,1260831,400,384,71.57,71.66,71.45,L,13,75.0910
L,1260831,400,384,71.57,71.66,71.45,L,14,78.2700
L,1260831,400,384,71.57,71.66,71.45,L,15,91.2225
X,1260831,400,384,71.57,71.66,71.45,73.8783
X,1260831,400,384,71.57,71.66,71.45,72.6475
K,1260831,400,384,71.57,71.66,71.45,72.5124,4
Q,1260831,400,384,71.57,71.66,71.45,72.6475,4
L,1260831,500,385,71.37,71.65,71.34,U,0,72.0030
L,1260831,500,385,71.37,71.65,71.34,U,1,73.8498
L,1260831,500,385,71.37,71.65,71.34,U,2,72.4636
L,1260831,500,385,71.37,71.65,71.34,U,3,72.5867
L,1260831,500,385,71.37,71.65,71.34,U,4,72.1978
L,1260831,500,385,71.37,71.65,71.34,U,5,71.4781
L,1260831,500,385,71.37,71.65,71.34,U,6,71.5972
L,1260831,500,385,71.37,71.65,71.34,U,7,67.6680
L,1260831,500,385,71.37,71.65,71.34,U,8,66.9245
L,1260831,500,385,71.37,71.65,71.34,U,9,66.7119
L,1260831,500,385,71.37,71.65,71.34,U,10,66.5392
L,1260831,500,385,71.37,71.65,71.34,U,11,66.0057
L,1260831,500,385,71.37,71.65,71.34,U,12,66.8799
L,1260831,500,385,71.37,71.65,71.34,U,13,66.4168
L,1260831,500,385,71.37,71.65,71.34,U,14,62.6700
L,1260831,500,385,71.37,71.65,71.34,U,15,63.0948
L,1260831,500,385,71.37,71.65,71.34,U,16,62.6106
L,1260831,500,385,71.37,71.65,71.34,U,17,62.5179
L,1260831,500,385,71.37,71.65,71.34,U,18,63.8527
L,1260831,500,385,71.37,71.65,71.34,U,19,63.1504
L,1260831,500,385,71.37,71.65,71.34,U,20,63.2300
L,1260831,500,385,71.37,71.65,71.34,U,21,63.1460
L,1260831,500,385,71.37,71.65,71.34,U,22,58.0208
L,1260831,500,385,71.37,71.65,71.34,U,23,56.8698
L,1260831,500,385,71.37,71.65,71.34,U,24,57.9879
L,1260831,500,385,71.37,71.65,71.34,U,25,57.4763
L,1260831,500,385,71.37,71.65,71.34,U,26,59.2886
L,1260831,500,385,71.37,71.65,71.34,U,27,55.2570
L,1260831,500,385,71.37,71.65,71.34,U,28,56.5026
L,1260831,500,385,71.37,71.65,71.34,U,29,57.1132
L,1260831,500,385,71.37,71.65,71.34,U,30,49.6220
L,1260831,500,385,71.37,71.65,71.34,U,31,45.5050
L,1260831,500,385,71.37,71.65,71.34,U,32,41.0305
L,1260831,500,385,71.37,71.65,71.34,U,33,40.8028
L,1260831,500,385,71.37,71.65,71.34,U,34,55.7400
L,1260831,500,385,71.37,71.65,71.34,U,35,66.0440
L,1260831,500,385,71.37,71.65,71.34,L,0,70.7900
L,1260831,500,385,71.37,71.65,71.34,L,1,71.9447
L,1260831,500,385,71.37,71.65,71.34,L,2,72.7540
L,1260831,500,385,71.37,71.65,71.34,L,3,73.9585
L,1260831,500,385,71.37,71.65,71.34,L,4,74.0817
L,1260831,500,385,71.37,71.65,71.34,L,5,73.5362
L,1260831,500,385,71.37,71.65,71.34,L,6,74.8483
L,1260831,500,385,71.37,71.65,71.34,L,7,73.8979
L,1260831,500,385,71.37,71.65,71.34,L,8,71.5180
L,1260831,500,385,71.37,71.65,71.34,L,9,72.8989
L,1260831,500,385,71.37,71.65,71.34,L,10,74.7643
L,1260831,500,385,71.37,71.65,71.34,L,11,74.4453
L,1260831,500,385,71.37,71.65,71.34,L,12,80.0200
L,1260831,500,385,71.37,71.65,71.34,L,13,75.1840
L,1260831,500,385,71.37,71.65,71.34,L,14,78.4043
L,1260831,500,385,71.37,71.65,71.34,L,15,91.5250
X,1260831,500,385,71.37,71.65,71.34,73.8625
X,1260831,500,385,71.37,71.65,71.34,71.4972
K,1260831,500,385,71.37,71.65,71.34,72.0485,3
Q,1260831,500,385,71.37,71.65,71.34,73.8625,3
L,1260831,600,386,71.07,71.75,71.00,U,0,71.9641
L,1260831,600,386,71.07,71.75,71.00,U,1,73.8223
L,1260831,600,386,71.07,71.75,71.00,U,2,72.4275
L,1260831,600,386,71.07,71.75,71.00,U,3,72.5513
L,1260831,600,386,71.07,71.75,71.00,U,4,72.1600
L,1260831,600,386,71.07,71.75,71.00,U,5,71.4358
L,1260831,600,386,71.07,71.75,71.00,U,6,71.5557
L,1260831,600,386,71.07,71.75,71.00,U,7,67.6021
L,1260831,600,386,71.07,71.75,71.00,U,8,66.8540
L,1260831,600,386,71.07,71.75,71.00,U,9,66.6400
L,1260831,600,386,71.07,71.75,71.00,U,10,66.4662
L,1260831,600,386,71.07,71.75,71.00,U,11,65.9295
L,1260831,600,386,71.07,71.75,71.00,U,12,66.8091
L,1260831,600,386,71.07,71.75,71.00,U,13,66.3432
L,1260831,600,386,71.07,71.75,71.00,U,14,62.5730
L,1260831,600,386,71.07,71.75,71.00,U,15,63.0005
L,1260831,600,386,71.07,71.75,71.00,U,16,62.5133
L,1260831,600,386,71.07,71.75,71.00,U,17,62.4200
L,1260831,600,386,71.07,71.75,71.00,U,18,63.7631
L,1260831,600,386,71.07,71.75,71.00,U,19,63.0564
L,1260831,600,386,71.07,71.75,71.00,U,20,63.1365
L,1260831,600,386,71.07,71.75,71.00,U,21,63.0520
L,1260831,600,386,71.07,71.75,71.00,U,22,57.8950
L,1260831,600,386,71.07,71.75,71.00,U,23,56.7368
L,1260831,600,386,71.07,71.75,71.00,U,24,57.8619
L,1260831,600,386,71.07,71.75,71.00,U,25,57.3471
L,1260831,600,386,71.07,71.75,71.00,U,26,59.1706
L,1260831,600,386,71.07,71.75,71.00,U,27,55.1140
L,1260831,600,386,71.07,71.75,71.00,U,28,56.3674
L,1260831,600,386,71.07,71.75,71.00,U,29,56.9818
L,1260831,600,386,71.07,71.75,71.00,U,30,49.4440
L,1260831,600,386,71.07,71.75,71.00,U,31,45.3014
L,1260831,600,386,71.07,71.75,71.00,U,32,40.7991
L,1260831,600,386,71.07,71.75,71.00,U,33,40.5700
L,1260831,600,386,71.07,71.75,71.00,U,34,55.6000
L,1260831,600,386,71.07,71.75,71.00,U,35,65.9680
L,1260831,600,386,71.07,71.75,71.00,L,0,70.8267
L,1260831,600,386,71.07,71.75,71.00,L,1,71.9962
L,1260831,600,386,71.07,71.75,71.00,L,2,72.8158
L,1260831,600,386,71.07,71.75,71.00,L,3,74.0358
L,1260831,600,386,71.07,71.75,71.00,L,4,74.1606
L,1260831,600,386,71.07,71.75,71.00,L,5,73.6081
L,1260831,600,386,71.07,71.75,71.00,L,6,74.9370
L,1260831,600,386,71.07,71.75,71.00,L,7,73.9744
L,1260831,600,386,71.07,71.75,71.00,L,8,71.5640
L,1260831,600,386,71.07,71.75,71.00,L,9,72.9626
L,1260831,600,386,71.07,71.75,71.00,L,10,74.8519
L,1260831,600,386,71.07,71.75,71.00,L,11,74.5288
L,1260831,600,386,71.07,71.75,71.00,L,12,80.1750
L,1260831,600,386,71.07,71.75,71.00,L,13,75.2770
L,1260831,600,386,71.07,71.75,71.00,L,14,78.5386
L,1260831,600,386,71.07,71.75,71.00,L,15,91.8275
X,1260831,600,386,71.07,71.75,71.00,71.9779
X,1260831,600,386,71.07,71.75,71.00,71.5596
K,1260831,600,386,71.07,71.75,71.00,72.0401,3
Q,1260831,600,386,71.07,71.75,71.00,71.5596,2
L,1260831,700,387,71.45,71.99,71.00,U,0,71.9251
L,1260831,700,387,71.45,71.99,71.00,U,1,73.7948
L,1260831,700,387,71.45,71.99,71.00,U,2,72.3913
L,1260831,700,387,71.45,71.99,71.00,U,3,72.5159
L,1260831,700,387,71.45,71.99,71.00,U,4,72.1222
L,1260831,700,387,71.45,71.99,71.00,U,5,71.3936
L,1260831,700,387,71.45,71.99,71.00,U,6,71.5142
L,1260831,700,387,71.45,71.99,71.00,U,7,67.5362
L,1260831,700,387,71.45,71.99,71.00,U,8,66.7835
L,1260831,700,387,71.45,71.99,71.00,U,9,66.5681
L,1260831,700,387,71.45,71.99,71.00,U,10,66.3933
L,1260831,700,387,71.45,71.99,71.00,U,11,65.8533
L,1260831,700,387,71.45,71.99,71.00,U,12,66.7383
L,1260831,700,387,71.45,71.99,71.00,U,13,66.2695
L,1260831,700,387,71.45,71.99,71.00,U,14,62.4761
L,1260831,700,387,71.45,71.99,71.00,U,15,62.9061
L,1260831,700,387,71.45,71.99,71.00,U,16,62.4159
L,1260831,700,387,71.45,71.99,71.00,U,17,62.3221
L,1260831,700,387,71.45,71.99,71.00,U,18,63.6735
L,1260831,700,387,71.45,71.99,71.00,U,19,62.9625
L,1260831,700,387,71.45,71.99,71.00,U,20,63.0430
L,1260831,700,387,71.45,71.99,71.00,U,21,62.9580
L,1260831,700,387,71.45,71.99,71.00,U,22,57.7692
L,1260831,700,387,71.45,71.99,71.00,U,23,56.6039
L,1260831,700,387,71.45,71.99,71.00,U,24,57.7358
L,1260831,700,387,71.45,71.99,71.00,U,25,57.2178
L,1260831,700,387,71.45,71.99,71.00,U,26,59.0527
L,1260831,700,387,71.45,71.99,71.00,U,27,54.9710
L,1260831,700,387,71.45,71.99,71.00,U,28,56.2321
L,1260831,700,387,71.45,71.99,71.00,U,29,56.8503
L,1260831,700,387,71.45,71.99,71.00,U,30,49.2660
L,1260831,700,387,71.45,71.99,71.00,U,31,45.0979
L,1260831,700,387,71.45,71.99,71.00,U,32,40.5677
L,1260831,700,387,71.45,71.99,71.00,U,33,40.3372
L,1260831,700,387,71.45,71.99,71.00,U,34,55.4600
L,1260831,700,387,71.45,71.99,71.00,U,35,65.8920
L,1260831,700,387,71.45,71.99,71.00,L,0,70.8633
L,1260831,700,387,71.45,71.99,71.00,L,1,72.0476
L,1260831,700,387,71.45,71.99,71.00,L,2,72.8777
L,1260831,700,387,71.45,71.99,71.00,L,3,74.1131
L,1260831,700,387,71.45,71.99,71.00,L,4,74.2394
L,1260831,700,387,71.45,71.99,71.00,L,5,73.6800
L,1260831,700,387,71.45,71.99,71.00,L,6,75.0257
L,1260831,700,387,71.45,71.99,71.00,L,7,74.0509
L,1260831,700,387,71.45,71.99,71.00,L,8,71.6100
L,1260831,700,387,71.45,71.99,71.00,L,9,73.0263
L,1260831,700,387,71.45,71.99,71.00,L,10,74.9395
L,1260831,700,387,71.45,71.99,71.00,L,11,74.6124
L,1260831,700,387,71.45,71.99,71.00,L,12,80.3300
L,1260831,700,387,71.45,71.99,71.00,L,13,75.3700
L,1260831,700,387,71.45,71.99,71.00,L,14,78.6729
L,1260831,700,387,71.45,71.99,71.00,L,15,92.1300
K,1260831,700,387,71.45,71.99,71.00,71.5059,3
L,1260831,800,388,71.26,71.51,70.82,U,0,71.9514
L,1260831,800,388,71.26,71.51,70.82,U,1,71.8861
L,1260831,800,388,71.26,71.51,70.82,U,2,73.7672
L,1260831,800,388,71.26,71.51,70.82,U,3,72.3552
L,1260831,800,388,71.26,71.51,70.82,U,4,72.4806
L,1260831,800,388,71.26,71.51,70.82,U,5,72.0844
L,1260831,800,388,71.26,71.51,70.82,U,6,71.3513
L,1260831,800,388,71.26,71.51,70.82,U,7,71.4727
L,1260831,800,388,71.26,71.51,70.82,U,8,67.4703
L,1260831,800,388,71.26,71.51,70.82,U,9,66.7129
L,1260831,800,388,71.26,71.51,70.82,U,10,66.4963
L,1260831,800,388,71.26,71.51,70.82,U,11,66.3204
L,1260831,800,388,71.26,71.51,70.82,U,12,65.7770
L,1260831,800,388,71.26,71.51,70.82,U,13,66.6675
L,1260831,800,388,71.26,71.51,70.82,U,14,66.1958
L,1260831,800,388,71.26,71.51,70.82,U,15,62.3791
L,1260831,800,388,71.26,71.51,70.82,U,16,62.8118
L,1260831,800,388,71.26,71.51,70.82,U,17,62.3186
L,1260831,800,388,71.26,71.51,70.82,U,18,62.2242
L,1260831,800,388,71.26,71.51,70.82,U,19,63.5839
L,1260831,800,388,71.26,71.51,70.82,U,20,62.8685
L,1260831,800,388,71.26,71.51,70.82,U,21,62.9496
L,1260831,800,388,71.26,71.51,70.82,U,22,62.8640
L,1260831,800,388,71.26,71.51,70.82,U,23,57.6433
L,1260831,800,388,71.26,71.51,70.82,U,24,56.4709
L,1260831,800,388,71.26,71.51,70.82,U,25,57.6098
L,1260831,800,388,71.26,71.51,70.82,U,26,57.0886
L,1260831,800,388,71.26,71.51,70.82,U,27,58.9347
L,1260831,800,388,71.26,71.51,70.82,U,28,54.8280
L,1260831,800,388,71.26,71.51,70.82,U,29,56.0968
L,1260831,800,388,71.26,71.51,70.82,U,30,56.7188
L,1260831,800,388,71.26,71.51,70.82,U,31,49.0880
L,1260831,800,388,71.26,71.51,70.82,U,32,44.8943
L,1260831,800,388,71.26,71.51,70.82,U,33,40.3364
L,1260831,800,388,71.26,71.51,70.82,U,34,40.1044
L,1260831,800,388,71.26,71.51,70.82,U,35,55.3200
L,1260831,800,388,71.26,71.51,70.82,U,36,65.8160
L,1260831,800,388,71.26,71.51,70.82,L,0,70.9000
L,1260831,800,388,71.26,71.51,70.82,L,1,72.0991
L,1260831,800,388,71.26,71.51,70.82,L,2,72.9395
L,1260831,800,388,71.26,71.51,70.82,L,3,74.1903
L,1260831,800,388,71.26,71.51,70.82,L,4,74.3183
L,1260831,800,388,71.26,71.51,70.82,L,5,73.7519
L,1260831,800,388,71.26,71.51,70.82,L,6,75.1143
L,1260831,800,388,71.26,71.51,70.82,L,7,74.1274
L,1260831,800,388,71.26,71.51,70.82,L,8,71.6560
L,1260831,800,388,71.26,71.51,70.82,L,9,73.0900
L,1260831,800,388,71.26,71.51,70.82,L,10,75.0271
L,1260831,800,388,71.26,71.51,70.82,L,11,74.6959
L,1260831,800,388,71.26,71.51,70.82,L,12,80.4850
L,1260831,800,388,71.26,71.51,70.82,L,13,75.4630
L,1260831,800,388,71.26,71.51,70.82,L,14,78.8071
L,1260831,800,388,71.26,71.51,70.82,L,15,92.4325
X,1260831,800,388,71.26,71.51,70.82,72.0907
K,1260831,800,388,71.26,71.51,70.82,72.0053,4
Q,1260831,800,388,71.26,71.51,70.82,72.0907,2
L,1260831,900,389,71.07,71.48,71.03,U,0,71.9128
L,1260831,900,389,71.07,71.48,71.03,U,1,71.8471
L,1260831,900,389,71.07,71.48,71.03,U,2,73.7397
L,1260831,900,389,71.07,71.48,71.03,U,3,72.3191
L,1260831,900,389,71.07,71.48,71.03,U,4,72.4452
L,1260831,900,389,71.07,71.48,71.03,U,5,72.0467
L,1260831,900,389,71.07,71.48,71.03,U,6,71.3091
L,1260831,900,389,71.07,71.48,71.03,U,7,71.4312
L,1260831,900,389,71.07,71.48,71.03,U,8,67.4043
L,1260831,900,389,71.07,71.48,71.03,U,9,66.6424
L,1260831,900,389,71.07,71.48,71.03,U,10,66.4244
L,1260831,900,389,71.07,71.48,71.03,U,11,66.2475
L,1260831,900,389,71.07,71.48,71.03,U,12,65.7008
L,1260831,900,389,71.07,71.48,71.03,U,13,66.5967
L,1260831,900,389,71.07,71.48,71.03,U,14,66.1221
L,1260831,900,389,71.07,71.48,71.03,U,15,62.2822
L,1260831,900,389,71.07,71.48,71.03,U,16,62.7175
L,1260831,900,389,71.07,71.48,71.03,U,17,62.2213
L,1260831,900,389,71.07,71.48,71.03,U,18,62.1263
L,1260831,900,389,71.07,71.48,71.03,U,19,63.4943
L,1260831,900,389,71.07,71.48,71.03,U,20,62.7745
L,1260831,900,389,71.07,71.48,71.03,U,21,62.8561
L,1260831,900,389,71.07,71.48,71.03,U,22,62.7700
L,1260831,900,389,71.07,71.48,71.03,U,23,57.5175
L,1260831,900,389,71.07,71.48,71.03,U,24,56.3379
L,1260831,900,389,71.07,71.48,71.03,U,25,57.4838
L,1260831,900,389,71.07,71.48,71.03,U,26,56.9594
L,1260831,900,389,71.07,71.48,71.03,U,27,58.8167
L,1260831,900,389,71.07,71.48,71.03,U,28,54.6850
L,1260831,900,389,71.07,71.48,71.03,U,29,55.9616
L,1260831,900,389,71.07,71.48,71.03,U,30,56.5874
L,1260831,900,389,71.07,71.48,71.03,U,31,48.9100
L,1260831,900,389,71.07,71.48,71.03,U,32,44.6907
L,1260831,900,389,71.07,71.48,71.03,U,33,40.1050
L,1260831,900,389,71.07,71.48,71.03,U,34,39.8717
L,1260831,900,389,71.07,71.48,71.03,U,35,55.1800
L,1260831,900,389,71.07,71.48,71.03,U,36,65.7400
L,1260831,900,389,71.07,71.48,71.03,L,0,70.8557
L,1260831,900,389,71.07,71.48,71.03,L,1,70.9367
L,1260831,900,389,71.07,71.48,71.03,L,2,72.1506
L,1260831,900,389,71.07,71.48,71.03,L,3,73.0014
L,1260831,900,389,71.07,71.48,71.03,L,4,74.2676
L,1260831,900,389,71.07,71.48,71.03,L,5,74.3972
L,1260831,900,389,71.07,71.48,71.03,L,6,73.8237
L,1260831,900,389,71.07,71.48,71.03,L,7,75.2030
L,1260831,900,389,71.07,71.48,71.03,L,8,74.2040
L,1260831,900,389,71.07,71.48,71.03,L,9,71.7020
L,1260831,900,389,71.07,71.48,71.03,L,10,73.1537
L,1260831,900,389,71.07,71.48,71.03,L,11,75.1148
L,1260831,900,389,71.07,71.48,71.03,L,12,74.7794
L,1260831,900,389,71.07,71.48,71.03,L,13,80.6400
L,1260831,900,389,71.07,71.48,71.03,L,14,75.5560
L,1260831,900,389,71.07,71.48,71.03,L,15,78.9414
L,1260831,900,389,71.07,71.48,71.03,L,16,92.7350
X,1260831,900,389,71.07,71.48,71.03,73.7630
K,1260831,900,389,71.07,71.48,71.03,71.9355,3
L,1260831,1000,390,71.45,71.46,70.89,U,0,71.8742
L,1260831,1000,390,71.45,71.46,70.89,U,1,71.8081
L,1260831,1000,390,71.45,71.46,70.89,U,2,73.7122
L,1260831,1000,390,71.45,71.46,70.89,U,3,72.2830
L,1260831,1000,390,71.45,71.46,70.89,U,4,72.4099
L,1260831,1000,390,71.45,71.46,70.89,U,5,72.0089
L,1260831,1000,390,71.45,71.46,70.89,U,6,71.2668
L,1260831,1000,390,71.45,71.46,70.89,U,7,71.3897
L,1260831,1000,390,71.45,71.46,70.89,U,8,67.3384
L,1260831,1000,390,71.45,71.46,70.89,U,9,66.5719
L,1260831,1000,390,71.45,71.46,70.89,U,10,66.3526
L,1260831,1000,390,71.45,71.46,70.89,U,11,66.1745
L,1260831,1000,390,71.45,71.46,70.89,U,12,65.6246
L,1260831,1000,390,71.45,71.46,70.89,U,13,66.5259
L,1260831,1000,390,71.45,71.46,70.89,U,14,66.0484
L,1260831,1000,390,71.45,71.46,70.89,U,15,62.1852
L,1260831,1000,390,71.45,71.46,70.89,U,16,62.6232
L,1260831,1000,390,71.45,71.46,70.89,U,17,62.1240
L,1260831,1000,390,71.45,71.46,70.89,U,18,62.0284
L,1260831,1000,390,71.45,71.46,70.89,U,19,63.4047
L,1260831,1000,390,71.45,71.46,70.89,U,20,62.6805
L,1260831,1000,390,71.45,71.46,70.89,U,21,62.7626
L,1260831,1000,390,71.45,71.46,70.89,U,22,62.6760
L,1260831,1000,390,71.45,71.46,70.89,U,23,57.3917
L,1260831,1000,390,71.45,71.46,70.89,U,24,56.2049
L,1260831,1000,390,71.45,71.46,70.89,U,25,57.3577
L,1260831,1000,390,71.45,71.46,70.89,U,26,56.8302
L,1260831,1000,390,71.45,71.46,70.89,U,27,58.6988
L,1260831,1000,390,71.45,71.46,70.89,U,28,54.5420
L,1260831,1000,390,71.45,71.46,70.89,U,29,55.8263
L,1260831,1000,390,71.45,71.46,70.89,U,30,56.4559
L,1260831,1000,390,71.45,71.46,70.89,U,31,48.7320
L,1260831,1000,390,71.45,71.46,70.89,U,32,44.4871
L,1260831,1000,390,71.45,71.46,70.89,U,33,39.8736
L,1260831,1000,390,71.45,71.46,70.89,U,34,39.6389
L,1260831,1000,390,71.45,71.46,70.89,U,35,55.0400
L,1260831,1000,390,71.45,71.46,70.89,U,36,65.6640
L,1260831,1000,390,71.45,71.46,70.89,L,0,70.8914
L,1260831,1000,390,71.45,71.46,70.89,L,1,70.9733
L,1260831,1000,390,71.45,71.46,70.89,L,2,72.2021
L,1260831,1000,390,71.45,71.46,70.89,L,3,73.0632
L,1260831,1000,390,71.45,71.46,70.89,L,4,74.3449
L,1260831,1000,390,71.45,71.46,70.89,L,5,74.4760
L,1260831,1000,390,71.45,71.46,70.89,L,6,73.8956
L,1260831,1000,390,71.45,71.46,70.89,L,7,75.2917
L,1260831,1000,390,71.45,71.46,70.89,L,8,74.2805
L,1260831,1000,390,71.45,71.46,70.89,L,9,71.7480
L,1260831,1000,390,71.45,71.46,70.89,L,10,73.2174
L,1260831,1000,390,71.45,71.46,70.89,L,11,75.2024
L,1260831,1000,390,71.45,71.46,70.89,L,12,74.8629
L,1260831,1000,390,71.45,71.46,70.89,L,13,80.7950
L,1260831,1000,390,71.45,71.46,70.89,L,14,75.6490
L,1260831,1000,390,71.45,71.46,70.89,L,15,79.0757
L,1260831,1000,390,71.45,71.46,70.89,L,16,93.0375
K,1260831,1000,390,71.45,71.46,70.89,71.8598,4
L,1260831,1100,391,71.45,71.56,71.07,U,0,71.8356
L,1260831,1100,391,71.45,71.56,71.07,U,1,71.7691
L,1260831,1100,391,71.45,71.56,71.07,U,2,73.6847
L,1260831,1100,391,71.45,71.56,71.07,U,3,72.2468
L,1260831,1100,391,71.45,71.56,71.07,U,4,72.3745
L,1260831,1100,391,71.45,71.56,71.07,U,5,71.9711
L,1260831,1100,391,71.45,71.56,71.07,U,6,71.2246
L,1260831,1100,391,71.45,71.56,71.07,U,7,71.3482
L,1260831,1100,391,71.45,71.56,71.07,U,8,67.2725
L,1260831,1100,391,71.45,71.56,71.07,U,9,66.5013
L,1260831,1100,391,71.45,71.56,71.07,U,10,66.2807
L,1260831,1100,391,71.45,71.56,71.07,U,11,66.1016
L,1260831,1100,391,71.45,71.56,71.07,U,12,65.5483
L,1260831,1100,391,71.45,71.56,71.07,U,13,66.4551
L,1260831,1100,391,71.45,71.56,71.07,U,14,65.9747
L,1260831,1100,391,71.45,71.56,71.07,U,15,62.0883
L,1260831,1100,391,71.45,71.56,71.07,U,16,62.5289
L,1260831,1100,391,71.45,71.56,71.07,U,17,62.0266
L,1260831,1100,391,71.45,71.56,71.07,U,18,61.9305
L,1260831,1100,391,71.45,71.56,71.07,U,19,63.3151
L,1260831,1100,391,71.45,71.56,71.07,U,20,62.5866
L,1260831,1100,391,71.45,71.56,71.07,U,21,62.6691
L,1260831,1100,391,71.45,71.56,71.07,U,22,62.5820
L,1260831,1100,391,71.45,71.56,71.07,U,23,57.2658
L,1260831,1100,391,71.45,71.56,71.07,U,24,56.0719
L,1260831,1100,391,71.45,71.56,71.07,U,25,57.2317
L,1260831,1100,391,71.45,71.56,71.07,U,26,56.7010
L,1260831,1100,391,71.45,71.56,71.07,U,27,58.5808
L,1260831,1100,391,71.45,71.56,71.07,U,28,54.3990
L,1260831,1100,391,71.45,71.56,71.07,U,29,55.6911
L,1260831,1100,391,71.45,71.56,71.07,U,30,56.3244
L,1260831,1100,391,71.45,71.56,71.07,U,31,48.5540
L,1260831,1100,391,71.45,71.56,71.07,U,32,44.2836
L,1260831,1100,391,71.45,71.56,71.07,U,33,39.6423
L,1260831,1100,391,71.45,71.56,71.07,U,34,39.4061
L,1260831,1100,391,71.45,71.56,71.07,U,35,54.9000
L,1260831,1100,391,71.45,71.56,71.07,U,36,65.5880
L,1260831,1100,391,71.45,71.56,71.07,L,0,70.9257
L,1260831,1100,391,71.45,71.56,71.07,L,1,70.9270
L,1260831,1100,391,71.45,71.56,71.07,L,2,71.0100
L,1260831,1100,391,71.45,71.56,71.07,L,3,72.2535
L,1260831,1100,391,71.45,71.56,71.07,L,4,73.1251
L,1260831,1100,391,71.45,71.56,71.07,L,5,74.4222
L,1260831,1100,391,71.45,71.56,71.07,L,6,74.5549
L,1260831,1100,391,71.45,71.56,71.07,L,7,73.9675
L,1260831,1100,391,71.45,71.56,71.07,L,8,75.3804
L,1260831,1100,391,71.45,71.56,71.07,L,9,74.3570
L,1260831,1100,391,71.45,71.56,71.07,L,10,71.7940
L,1260831,1100,391,71.45,71.56,71.07,L,11,73.2811
L,1260831,1100,391,71.45,71.56,71.07,L,12,75.2900
L,1260831,1100,391,71.45,71.56,71.07,L,13,74.9465
L,1260831,1100,391,71.45,71.56,71.07,L,14,80.9500
L,1260831,1100,391,71.45,71.56,71.07,L,15,75.7420
L,1260831,1100,391,71.45,71.56,71.07,L,16,79.2100
L,1260831,1100,391,71.45,71.56,71.07,L,17,93.3400
X,1260831,1100,391,71.45,71.56,71.07,71.7805
X,1260831,1100,391,71.45,71.56,71.07,72.2496
K,1260831,1100,391,71.45,71.56,71.07,71.8425,4
Q,1260831,1100,391,71.45,71.56,71.07,72.2496,2
L,1260831,1200,392,71.20,71.60,71.04,U,0,71.7971
L,1260831,1200,392,71.20,71.60,71.04,U,1,71.7301
L,1260831,1200,392,71.20,71.60,71.04,U,2,73.6572
L,1260831,1200,392,71.20,71.60,71.04,U,3,72.2107
L,1260831,1200,392,71.20,71.60,71.04,U,4,72.3391
L,1260831,1200,392,71.20,71.60,71.04,U,5,71.9333
L,1260831,1200,392,71.20,71.60,71.04,U,6,71.1823
L,1260831,1200,392,71.20,71.60,71.04,U,7,71.3067
L,1260831,1200,392,71.20,71.60,71.04,U,8,67.2066
L,1260831,1200,392,71.20,71.60,71.04,U,9,66.4308
L,1260831,1200,392,71.20,71.60,71.04,U,10,66.2089
L,1260831,1200,392,71.20,71.60,71.04,U,11,66.0287
L,1260831,1200,392,71.20,71.60,71.04,U,12,65.4721
L,1260831,1200,392,71.20,71.60,71.04,U,13,66.3842
L,1260831,1200,392,71.20,71.60,71.04,U,14,65.9011
L,1260831,1200,392,71.20,71.60,71.04,U,15,61.9913
L,1260831,1200,392,71.20,71.60,71.04,U,16,62.4345
L,1260831,1200,392,71.20,71.60,71.04,U,17,61.9293
L,1260831,1200,392,71.20,71.60,71.04,U,18,61.8326
L,1260831,1200,392,71.20,71.60,71.04,U,19,63.2255
L,1260831,1200,392,71.20,71.60,71.04,U,20,62.4926
L,1260831,1200,392,71.20,71.60,71.04,U,21,62.5757
L,1260831,1200,392,71.20,71.60,71.04,U,22,62.4880
L,1260831,1200,392,71.20,71.60,71.04,U,23,57.1400
L,1260831,1200,392,71.20,71.60,71.04,U,24,55.9389
L,1260831,1200,392,71.20,71.60,71.04,U,25,57.1057
L,1260831,1200,392,71.20,71.60,71.04,U,26,56.5718
L,1260831,1200,392,71.20,71.60,71.04,U,27,58.4629
L,1260831,1200,392,71.20,71.60,71.04,U,28,54.2560
L,1260831,1200,392,71.20,71.60,71.04,U,29,55.5558
L,1260831,1200,392,71.20,71.60,71.04,U,30,56.1929
L,1260831,1200,392,71.20,71.60,71.04,U,31,48.3760
L,1260831,1200,392,71.20,71.60,71.04,U,32,44.0800
L,1260831,1200,392,71.20,71.60,71.04,U,33,39.4109
L,1260831,1200,392,71.20,71.60,71.04,U,34,39.1733
L,1260831,1200,392,71.20,71.60,71.04,U,35,54.7600
L,1260831,1200,392,71.20,71.60,71.04,U,36,65.5120
L,1260831,1200,392,71.20,71.60,71.04,L,0,70.9613
L,1260831,1200,392,71.20,71.60,71.04,L,1,70.9627
L,1260831,1200,392,71.20,71.60,71.04,L,2,71.0467
L,1260831,1200,392,71.20,71.60,71.04,L,3,72.3050
L,1260831,1200,392,71.20,71.60,71.04,L,4,73.1869
L,1260831,1200,392,71.20,71.60,71.04,L,5,74.4995
L,1260831,1200,392,71.20,71.60,71.04,L,6,74.6338
L,1260831,1200,392,71.20,71.60,71.04,L,7,74.0394
L,1260831,1200,392,71.20,71.60,71.04,L,8,75.4691
L,1260831,1200,392,71.20,71.60,71.04,L,9,74.4335
L,1260831,1200,392,71.20,71.60,71.04,L,10,71.8400
L,1260831,1200,392,71.20,71.60,71.04,L,11,73.3448
L,1260831,1200,392,71.20,71.60,71.04,L,12,75.3776
L,1260831,1200,392,71.20,71.60,71.04,L,13,75.0300
L,1260831,1200,392,71.20,71.60,71.04,L,14,81.1050
L,1260831,1200,392,71.20,71.60,71.04,L,15,75.8350
L,1260831,1200,392,71.20,71.60,71.04,L,16,79.3443
L,1260831,1200,392,71.20,71.60,71.04,L,17,93.6425
X,1260831,1200,392,71.20,71.60,71.04,71.8166
K,1260831,1200,392,71.20,71.60,71.04,71.8251,4
Q,1260831,1200,392,71.20,71.60,71.04,71.8166,2
L,1260831,1300,393,71.91,72.15,71.18,U,0,71.7585
L,1260831,1300,393,71.91,72.15,71.18,U,1,71.6911
L,1260831,1300,393,71.91,72.15,71.18,U,2,73.6297
L,1260831,1300,393,71.91,72.15,71.18,U,3,72.1746
L,1260831,1300,393,71.91,72.15,71.18,U,4,72.3038
L,1260831,1300,393,71.91,72.15,71.18,U,5,71.8956
L,1260831,1300,393,71.91,72.15,71.18,U,6,71.1401
L,1260831,1300,393,71.91,72.15,71.18,U,7,71.2652
L,1260831,1300,393,71.91,72.15,71.18,U,8,67.1407
L,1260831,1300,393,71.91,72.15,71.18,U,9,66.3603
L,1260831,1300,393,71.91,72.15,71.18,U,10,66.1370
L,1260831,1300,393,71.91,72.15,71.18,U,11,65.9558
L,1260831,1300,393,71.91,72.15,71.18,U,12,65.3958
L,1260831,1300,393,71.91,72.15,71.18,U,13,66.3134
L,1260831,1300,393,71.91,72.15,71.18,U,14,65.8274
L,1260831,1300,393,71.91,72.15,71.18,U,15,61.8943
L,1260831,1300,393,71.91,72.15,71.18,U,16,62.3402
L,1260831,1300,393,71.91,72.15,71.18,U,17,61.8320
L,1260831,1300,393,71.91,72.15,71.18,U,18,61.7347
L,1260831,1300,393,71.91,72.15,71.18,U,19,63.1358
L,1260831,1300,393,71.91,72.15,71.18,U,20,62.3986
L,1260831,1300,393,71.91,72.15,71.18,U,21,62.4822
L,1260831,1300,393,71.91,72.15,71.18,U,22,62.3940
L,1260831,1300,393,71.91,72.15,71.18,U,23,57.0142
L,1260831,1300,393,71.91,72.15,71.18,U,24,55.8060
L,1260831,1300,393,71.91,72.15,71.18,U,25,56.9796
L,1260831,1300,393,71.91,72.15,71.18,U,26,56.4425
L,1260831,1300,393,71.91,72.15,71.18,U,27,58.3449
L,1260831,1300,393,71.91,72.15,71.18,U,28,54.1130
L,1260831,1300,393,71.91,72.15,71.18,U,29,55.4205
L,1260831,1300,393,71.91,72.15,71.18,U,30,56.0615
L,1260831,1300,393,71.91,72.15,71.18,U,31,48.1980
L,1260831,1300,393,71.91,72.15,71.18,U,32,43.8764
L,1260831,1300,393,71.91,72.15,71.18,U,33,39.1795
L,1260831,1300,393,71.91,72.15,71.18,U,34,38.9406
L,1260831,1300,393,71.91,72.15,71.18,U,35,54.6200
L,1260831,1300,393,71.91,72.15,71.18,U,36,65.4360
L,1260831,1300,393,71.91,72.15,71.18,L,0,71.0766
L,1260831,1300,393,71.91,72.15,71.18,L,1,70.9970
L,1260831,1300,393,71.91,72.15,71.18,L,2,70.9984
L,1260831,1300,393,71.91,72.15,71.18,L,3,71.0833
L,1260831,1300,393,71.91,72.15,71.18,L,4,72.3565
L,1260831,1300,393,71.91,72.15,71.18,L,5,73.2488
L,1260831,1300,393,71.91,72.15,71.18,L,6,74.5768
L,1260831,1300,393,71.91,72.15,71.18,L,7,74.7126
L,1260831,1300,393,71.91,72.15,71.18,L,8,74.1112
L,1260831,1300,393,71.91,72.15,71.18,L,9,75.5578
L,1260831,1300,393,71.91,72.15,71.18,L,10,74.5100
L,1260831,1300,393,71.91,72.15,71.18,L,11,71.8860
L,1260831,1300,393,71.91,72.15,71.18,L,12,73.4085
L,1260831,1300,393,71.91,72.15,71.18,L,13,75.4652
L,1260831,1300,393,71.91,72.15,71.18,L,14,75.1135
L,1260831,1300,393,71.91,72.15,71.18,L,15,81.2600
L,1260831,1300,393,71.91,72.15,71.18,L,16,75.9280
L,1260831,1300,393,71.91,72.15,71.18,L,17,79.4786
L,1260831,1300,393,71.91,72.15,71.18,L,18,93.9450
X,1260831,1300,393,71.91,72.15,71.18,72.3252
K,1260831,1300,393,71.91,72.15,71.18,71.0934,6
Q,1260831,1300,393,71.91,72.15,71.18,72.3252,2
L,1260831,1400,394,71.99,72.06,71.92,U,0,72.1137
L,1260831,1400,394,71.99,72.06,71.92,U,1,71.7199
L,1260831,1400,394,71.99,72.06,71.92,U,2,71.6522
L,1260831,1400,394,71.99,72.06,71.92,U,3,73.6021
L,1260831,1400,394,71.99,72.06,71.92,U,4,72.1385
L,1260831,1400,394,71.99,72.06,71.92,U,5,72.2684
L,1260831,1400,394,71.99,72.06,71.92,U,6,71.8578
L,1260831,1400,394,71.99,72.06,71.92,U,7,71.0978
L,1260831,1400,394,71.99,72.06,71.92,U,8,71.2237
L,1260831,1400,394,71.99,72.06,71.92,U,9,67.0748
L,1260831,1400,394,71.99,72.06,71.92,U,10,66.2897
L,1260831,1400,394,71.99,72.06,71.92,U,11,66.0652
L,1260831,1400,394,71.99,72.06,71.92,U,12,65.8828
L,1260831,1400,394,71.99,72.06,71.92,U,13,65.3196
L,1260831,1400,394,71.99,72.06,71.92,U,14,66.2426
L,1260831,1400,394,71.99,72.06,71.92,U,15,65.7537
L,1260831,1400,394,71.99,72.06,71.92,U,16,61.7974
L,1260831,1400,394,71.99,72.06,71.92,U,17,62.2459
L,1260831,1400,394,71.99,72.06,71.92,U,18,61.7347
L,1260831,1400,394,71.99,72.06,71.92,U,19,61.6368
L,1260831,1400,394,71.99,72.06,71.92,U,20,63.0462
L,1260831,1400,394,71.99,72.06,71.92,U,21,62.3047
L,1260831,1400,394,71.99,72.06,71.92,U,22,62.3887
L,1260831,1400,394,71.99,72.06,71.92,U,23,62.3000
L,1260831,1400,394,71.99,72.06,71.92,U,24,56.8883
L,1260831,1400,394,71.99,72.06,71.92,U,25,55.6730
L,1260831,1400,394,71.99,72.06,71.92,U,26,56.8536
L,1260831,1400,394,71.99,72.06,71.92,U,27,56.3133
L,1260831,1400,394,71.99,72.06,71.92,U,28,58.2269
L,1260831,1400,394,71.99,72.06,71.92,U,29,53.9700
L,1260831,1400,394,71.99,72.06,71.92,U,30,55.2853
L,1260831,1400,394,71.99,72.06,71.92,U,31,55.9300
L,1260831,1400,394,71.99,72.06,71.92,U,32,48.0200
L,1260831,1400,394,71.99,72.06,71.92,U,33,43.6729
L,1260831,1400,394,71.99,72.06,71.92,U,34,38.9482
L,1260831,1400,394,71.99,72.06,71.92,U,35,38.7078
L,1260831,1400,394,71.99,72.06,71.92,U,36,54.4800
L,1260831,1400,394,71.99,72.06,71.92,U,37,65.3600
L,1260831,1400,394,71.99,72.06,71.92,L,0,71.1132
L,1260831,1400,394,71.99,72.06,71.92,L,1,71.0327
L,1260831,1400,394,71.99,72.06,71.92,L,2,71.0341
L,1260831,1400,394,71.99,72.06,71.92,L,3,71.1200
L,1260831,1400,394,71.99,72.06,71.92,L,4,72.4079
L,1260831,1400,394,71.99,72.06,71.92,L,5,73.3106
L,1260831,1400,394,71.99,72.06,71.92,L,6,74.6541
L,1260831,1400,394,71.99,72.06,71.92,L,7,74.7915
L,1260831,1400,394,71.99,72.06,71.92,L,8,74.1831
L,1260831,1400,394,71.99,72.06,71.92,L,9,75.6465
L,1260831,1400,394,71.99,72.06,71.92,L,10,74.5865
L,1260831,1400,394,71.99,72.06,71.92,L,11,71.9320
L,1260831,1400,394,71.99,72.06,71.92,L,12,73.4722
L,1260831,1400,394,71.99,72.06,71.92,L,13,75.5529
L,1260831,1400,394,71.99,72.06,71.92,L,14,75.1971
L,1260831,1400,394,71.99,72.06,71.92,L,15,81.4150
L,1260831,1400,394,71.99,72.06,71.92,L,16,76.0210
L,1260831,1400,394,71.99,72.06,71.92,L,17,79.6129
L,1260831,1400,394,71.99,72.06,71.92,L,18,94.2475
X,1260831,1400,394,71.99,72.06,71.92,71.8912
X,1260831,1400,394,71.99,72.06,71.92,71.1061
X,1260831,1400,394,71.99,72.06,71.92,71.1097
K,1260831,1400,394,71.99,72.06,71.92,71.1036,6
Q,1260831,1400,394,71.99,72.06,71.92,71.8912,3
L,1260831,1500,395,71.95,72.00,71.92,U,0,72.0775
L,1260831,1500,395,71.95,72.00,71.92,U,1,71.6813
L,1260831,1500,395,71.95,72.00,71.92,U,2,71.6132
L,1260831,1500,395,71.95,72.00,71.92,U,3,73.5746
L,1260831,1500,395,71.95,72.00,71.92,U,4,72.1023
L,1260831,1500,395,71.95,72.00,71.92,U,5,72.2330
L,1260831,1500,395,71.95,72.00,71.92,U,6,71.8200
L,1260831,1500,395,71.95,72.00,71.92,U,7,71.0556
L,1260831,1500,395,71.95,72.00,71.92,U,8,71.1821
L,1260831,1500,395,71.95,72.00,71.92,U,9,67.0089
L,1260831,1500,395,71.95,72.00,71.92,U,10,66.2192
L,1260831,1500,395,71.95,72.00,71.92,U,11,65.9933
L,1260831,1500,395,71.95,72.00,71.92,U,12,65.8099
L,1260831,1500,395,71.95,72.00,71.92,U,13,65.2434
L,1260831,1500,395,71.95,72.00,71.92,U,14,66.1718
L,1260831,1500,395,71.95,72.00,71.92,U,15,65.6800
L,1260831,1500,395,71.95,72.00,71.92,U,16,61.7004
L,1260831,1500,395,71.95,72.00,71.92,U,17,62.1516
L,1260831,1500,395,71.95,72.00,71.92,U,18,61.6373
L,1260831,1500,395,71.95,72.00,71.92,U,19,61.5389
L,1260831,1500,395,71.95,72.00,71.92,U,20,62.9566
L,1260831,1500,395,71.95,72.00,71.92,U,21,62.2107
L,1260831,1500,395,71.95,72.00,71.92,U,22,62.2952
L,1260831,1500,395,71.95,72.00,71.92,U,23,62.2060
L,1260831,1500,395,71.95,72.00,71.92,U,24,56.7625
L,1260831,1500,395,71.95,72.00,71.92,U,25,55.5400
L,1260831,1500,395,71.95,72.00,71.92,U,26,56.7275
L,1260831,1500,395,71.95,72.00,71.92,U,27,56.1841
L,1260831,1500,395,71.95,72.00,71.92,U,28,58.1090
L,1260831,1500,395,71.95,72.00,71.92,U,29,53.8270
L,1260831,1500,395,71.95,72.00,71.92,U,30,55.1500
L,1260831,1500,395,71.95,72.00,71.92,U,31,55.7985
L,1260831,1500,395,71.95,72.00,71.92,U,32,47.8420
L,1260831,1500,395,71.95,72.00,71.92,U,33,43.4693
L,1260831,1500,395,71.95,72.00,71.92,U,34,38.7168
L,1260831,1500,395,71.95,72.00,71.92,U,35,38.4750
L,1260831,1500,395,71.95,72.00,71.92,U,36,54.3400
L,1260831,1500,395,71.95,72.00,71.92,U,37,65.2840
L,1260831,1500,395,71.95,72.00,71.92,L,0,71.1498
L,1260831,1500,395,71.95,72.00,71.92,L,1,71.0683
L,1260831,1500,395,71.95,72.00,71.92,L,2,71.0698
L,1260831,1500,395,71.95,72.00,71.92,L,3,71.1567
L,1260831,1500,395,71.95,72.00,71.92,L,4,72.4594
L,1260831,1500,395,71.95,72.00,71.92,L,5,73.3725
L,1260831,1500,395,71.95,72.00,71.92,L,6,74.7314
L,1260831,1500,395,71.95,72.00,71.92,L,7,74.8704
L,1260831,1500,395,71.95,72.00,71.92,L,8,74.2550
L,1260831,1500,395,71.95,72.00,71.92,L,9,75.7352
L,1260831,1500,395,71.95,72.00,71.92,L,10,74.6630
L,1260831,1500,395,71.95,72.00,71.92,L,11,71.9780
L,1260831,1500,395,71.95,72.00,71.92,L,12,73.5359
L,1260831,1500,395,71.95,72.00,71.92,L,13,75.6405
L,1260831,1500,395,71.95,72.00,71.92,L,14,75.2806
L,1260831,1500,395,71.95,72.00,71.92,L,15,81.5700
L,1260831,1500,395,71.95,72.00,71.92,L,16,76.1140
L,1260831,1500,395,71.95,72.00,71.92,L,17,79.7471
L,1260831,1500,395,71.95,72.00,71.92,L,18,94.5500
X,1260831,1500,395,71.95,72.00,71.92,71.0625
X,1260831,1500,395,71.95,72.00,71.92,71.0633
K,1260831,1500,395,71.95,72.00,71.92,71.1137,6
Q,1260831,1500,395,71.95,72.00,71.92,71.0625,4
L,1260831,1600,396,71.82,71.99,71.81,U,0,72.0412
L,1260831,1600,396,71.82,71.99,71.81,U,1,71.6427
L,1260831,1600,396,71.82,71.99,71.81,U,2,71.5742
L,1260831,1600,396,71.82,71.99,71.81,U,3,73.5471
L,1260831,1600,396,71.82,71.99,71.81,U,4,72.0662
L,1260831,1600,396,71.82,71.99,71.81,U,5,72.1977
L,1260831,1600,396,71.82,71.99,71.81,U,6,71.7822
L,1260831,1600,396,71.82,71.99,71.81,U,7,71.0133
L,1260831,1600,396,71.82,71.99,71.81,U,8,71.1406
L,1260831,1600,396,71.82,71.99,71.81,U,9,66.9430
L,1260831,1600,396,71.82,71.99,71.81,U,10,66.1487
L,1260831,1600,396,71.82,71.99,71.81,U,11,65.9215
L,1260831,1600,396,71.82,71.99,71.81,U,12,65.7370
L,1260831,1600,396,71.82,71.99,71.81,U,13,65.1671
L,1260831,1600,396,71.82,71.99,71.81,U,14,66.1010
L,1260831,1600,396,71.82,71.99,71.81,U,15,65.6063
L,1260831,1600,396,71.82,71.99,71.81,U,16,61.6035
L,1260831,1600,396,71.82,71.99,71.81,U,17,62.0573
L,1260831,1600,396,71.82,71.99,71.81,U,18,61.5400
L,1260831,1600,396,71.82,71.99,71.81,U,19,61.4410
L,1260831,1600,396,71.82,71.99,71.81,U,20,62.8670
L,1260831,1600,396,71.82,71.99,71.81,U,21,62.1167
L,1260831,1600,396,71.82,71.99,71.81,U,22,62.2017
L,1260831,1600,396,71.82,71.99,71.81,U,23,62.1120
L,1260831,1600,396,71.82,71.99,71.81,U,24,56.6367
L,1260831,1600,396,71.82,71.99,71.81,U,25,55.4070
L,1260831,1600,396,71.82,71.99,71.81,U,26,56.6015
L,1260831,1600,396,71.82,71.99,71.81,U,27,56.0549
L,1260831,1600,396,71.82,71.99,71.81,U,28,57.9910
L,1260831,1600,396,71.82,71.99,71.81,U,29,53.6840
L,1260831,1600,396,71.82,71.99,71.81,U,30,55.0147
L,1260831,1600,396,71.82,71.99,71.81,U,31,55.6671
L,1260831,1600,396,71.82,71.99,71.81,U,32,47.6640
L,1260831,1600,396,71.82,71.99,71.81,U,33,43.2657
L,1260831,1600,396,71.82,71.99,71.81,U,34,38.4855
L,1260831,1600,396,71.82,71.99,71.81,U,35,38.2422
L,1260831,1600,396,71.82,71.99,71.81,U,36,54.2000
L,1260831,1600,396,71.82,71.99,71.81,U,37,65.2080
L,1260831,1600,396,71.82,71.99,71.81,L,0,71.1864
L,1260831,1600,396,71.82,71.99,71.81,L,1,71.1040
L,1260831,1600,396,71.82,71.99,71.81,L,2,71.1054
L,1260831,1600,396,71.82,71.99,71.81,L,3,71.1933
L,1260831,1600,396,71.82,71.99,71.81,L,4,72.5109
L,1260831,1600,396,71.82,71.99,71.81,L,5,73.4343
L,1260831,1600,396,71.82,71.99,71.81,L,6,74.8086
L,1260831,1600,396,71.82,71.99,71.81,L,7,74.9492
L,1260831,1600,396,71.82,71.99,71.81,L,8,74.3269
L,1260831,1600,396,71.82,71.99,71.81,L,9,75.8239
L,1260831,1600,396,71.82,71.99,71.81,L,10,74.7395
L,1260831,1600,396,71.82,71.99,71.81,L,11,72.0240
L,1260831,1600,396,71.82,71.99,71.81,L,12,73.5996
L,1260831,1600,396,71.82,71.99,71.81,L,13,75.7281
L,1260831,1600,396,71.82,71.99,71.81,L,14,75.3641
L,1260831,1600,396,71.82,71.99,71.81,L,15,81.7250
L,1260831,1600,396,71.82,71.99,71.81,L,16,76.2070
L,1260831,1600,396,71.82,71.99,71.81,L,17,79.8814
L,1260831,1600,396,71.82,71.99,71.81,L,18,94.8525
X,1260831,1600,396,71.82,71.99,71.81,73.5630
X,1260831,1600,396,71.82,71.99,71.81,71.1649
X,1260831,1600,396,71.82,71.99,71.81,71.1686
K,1260831,1600,396,71.82,71.99,71.81,71.1238,6
Q,1260831,1600,396,71.82,71.99,71.81,71.1649,6
L,1260831,1700,397,71.88,71.99,71.77,U,0,72.0049
L,1260831,1700,397,71.88,71.99,71.77,U,1,71.6041
L,1260831,1700,397,71.88,71.99,71.77,U,2,71.5352
L,1260831,1700,397,71.88,71.99,71.77,U,3,73.5196
L,1260831,1700,397,71.88,71.99,71.77,U,4,72.0301
L,1260831,1700,397,71.88,71.99,71.77,U,5,72.1623
L,1260831,1700,397,71.88,71.99,71.77,U,6,71.7444
L,1260831,1700,397,71.88,71.99,71.77,U,7,70.9711
L,1260831,1700,397,71.88,71.99,71.77,U,8,71.0991
L,1260831,1700,397,71.88,71.99,71.77,U,9,66.8770
L,1260831,1700,397,71.88,71.99,71.77,U,10,66.0781
L,1260831,1700,397,71.88,71.99,71.77,U,11,65.8496
L,1260831,1700,397,71.88,71.99,71.77,U,12,65.6641
L,1260831,1700,397,71.88,71.99,71.77,U,13,65.0909
L,1260831,1700,397,71.88,71.99,71.77,U,14,66.0302
L,1260831,1700,397,71.88,71.99,71.77,U,15,65.5326
L,1260831,1700,397,71.88,71.99,71.77,U,16,61.5065
L,1260831,1700,397,71.88,71.99,71.77,U,17,61.9630
L,1260831,1700,397,71.88,71.99,71.77,U,18,61.4427
L,1260831,1700,397,71.88,71.99,71.77,U,19,61.3431
L,1260831,1700,397,71.88,71.99,71.77,U,20,62.7774
L,1260831,1700,397,71.88,71.99,71.77,U,21,62.0227
L,1260831,1700,397,71.88,71.99,71.77,U,22,62.1083
L,1260831,1700,397,71.88,71.99,71.77,U,23,62.0180
L,1260831,1700,397,71.88,71.99,71.77,U,24,56.5108
L,1260831,1700,397,71.88,71.99,71.77,U,25,55.2740
L,1260831,1700,397,71.88,71.99,71.77,U,26,56.4755
L,1260831,1700,397,71.88,71.99,71.77,U,27,55.9257
L,1260831,1700,397,71.88,71.99,71.77,U,28,57.8731
L,1260831,1700,397,71.88,71.99,71.77,U,29,53.5410
L,1260831,1700,397,71.88,71.99,71.77,U,30,54.8795
L,1260831,1700,397,71.88,71.99,71.77,U,31,55.5356
L,1260831,1700,397,71.88,71.99,71.77,U,32,47.4860
L,1260831,1700,397,71.88,71.99,71.77,U,33,43.0621
L,1260831,1700,397,71.88,71.99,71.77,U,34,38.2541
L,1260831,1700,397,71.88,71.99,71.77,U,35,38.0094
L,1260831,1700,397,71.88,71.99,71.77,U,36,54.0600
L,1260831,1700,397,71.88,71.99,71.77,U,37,65.1320
L,1260831,1700,397,71.88,71.99,71.77,L,0,71.2229
L,1260831,1700,397,71.88,71.99,71.77,L,1,71.1396
L,1260831,1700,397,71.88,71.99,71.77,L,2,71.1411
L,1260831,1700,397,71.88,71.99,71.77,L,3,71.2300
L,1260831,1700,397,71.88,71.99,71.77,L,4,72.5624
L,1260831,1700,397,71.88,71.99,71.77,L,5,73.4962
L,1260831,1700,397,71.88,71.99,71.77,L,6,74.8859
L,1260831,1700,397,71.88,71.99,71.77,L,7,75.0281
L,1260831,1700,397,71.88,71.99,71.77,L,8,74.3987
L,1260831,1700,397,71.88,71.99,71.77,L,9,75.9126
L,1260831,1700,397,71.88,71.99,71.77,L,10,74.8160
L,1260831,1700,397,71.88,71.99,71.77,L,11,72.0700
L,1260831,1700,397,71.88,71.99,71.77,L,12,73.6633
L,1260831,1700,397,71.88,71.99,71.77,L,13,75.8157
L,1260831,1700,397,71.88,71.99,71.77,L,14,75.4476
L,1260831,1700,397,71.88,71.99,71.77,L,15,81.8800
L,1260831,1700,397,71.88,71.99,71.77,L,16,76.3000
L,1260831,1700,397,71.88,71.99,71.77,L,17,80.0157
L,1260831,1700,397,71.88,71.99,71.77,L,18,95.1550
X,1260831,1700,397,71.88,71.99,71.77,72.0336
X,1260831,1700,397,71.88,71.99,71.77,72.0476
X,1260831,1700,397,71.88,71.99,71.77,71.1209
X,1260831,1700,397,71.88,71.99,71.77,71.1217
K,1260831,1700,397,71.88,71.99,71.77,71.1340,6
Q,1260831,1700,397,71.88,71.99,71.77,71.1209,8
L,1260901,200,398,69.96,72.38,69.95,U,0,71.9686
L,1260901,200,398,69.96,72.38,69.95,U,1,71.5655
L,1260901,200,398,69.96,72.38,69.95,U,2,71.4962
L,1260901,200,398,69.96,72.38,69.95,U,3,73.4921
L,1260901,200,398,69.96,72.38,69.95,U,4,71.9939
L,1260901,200,398,69.96,72.38,69.95,U,5,72.1270
L,1260901,200,398,69.96,72.38,69.95,U,6,71.7067
L,1260901,200,398,69.96,72.38,69.95,U,7,70.9288
L,1260901,200,398,69.96,72.38,69.95,U,8,71.0576
L,1260901,200,398,69.96,72.38,69.95,U,9,66.8111
L,1260901,200,398,69.96,72.38,69.95,U,10,66.0076
L,1260901,200,398,69.96,72.38,69.95,U,11,65.7778
L,1260901,200,398,69.96,72.38,69.95,U,12,65.5911
L,1260901,200,398,69.96,72.38,69.95,U,13,65.0147
L,1260901,200,398,69.96,72.38,69.95,U,14,65.9594
L,1260901,200,398,69.96,72.38,69.95,U,15,65.4589
L,1260901,200,398,69.96,72.38,69.95,U,16,61.4096
L,1260901,200,398,69.96,72.38,69.95,U,17,61.8686
L,1260901,200,398,69.96,72.38,69.95,U,18,61.3453
L,1260901,200,398,69.96,72.38,69.95,U,19,61.2452
L,1260901,200,398,69.96,72.38,69.95,U,20,62.6878
L,1260901,200,398,69.96,72.38,69.95,U,21,61.9288
L,1260901,200,398,69.96,72.38,69.95,U,22,62.0148
L,1260901,200,398,69.96,72.38,69.95,U,23,61.9240
L,1260901,200,398,69.96,72.38,69.95,U,24,56.3850
L,1260901,200,398,69.96,72.38,69.95,U,25,55.1411
L,1260901,200,398,69.96,72.38,69.95,U,26,56.3494
L,1260901,200,398,69.96,72.38,69.95,U,27,55.7965
L,1260901,200,398,69.96,72.38,69.95,U,28,57.7551
L,1260901,200,398,69.96,72.38,69.95,U,29,53.3980
L,1260901,200,398,69.96,72.38,69.95,U,30,54.7442
L,1260901,200,398,69.96,72.38,69.95,U,31,55.4041
L,1260901,200,398,69.96,72.38,69.95,U,32,47.3080
L,1260901,200,398,69.96,72.38,69.95,U,33,42.8586
L,1260901,200,398,69.96,72.38,69.95,U,34,38.0227
L,1260901,200,398,69.96,72.38,69.95,U,35,37.7767
L,1260901,200,398,69.96,72.38,69.95,U,36,53.9200
L,1260901,200,398,69.96,72.38,69.95,U,37,65.0560
L,1260901,200,398,69.96,72.38,69.95,L,0,71.2595
L,1260901,200,398,69.96,72.38,69.95,L,1,71.1753
L,1260901,200,398,69.96,72.38,69.95,L,2,71.1768
L,1260901,200,398,69.96,72.38,69.95,L,3,71.2667
L,1260901,200,398,69.96,72.38,69.95,L,4,72.6138
L,1260901,200,398,69.96,72.38,69.95,L,5,73.5580
L,1260901,200,398,69.96,72.38,69.95,L,6,74.9632
L,1260901,200,398,69.96,72.38,69.95,L,7,75.1070
L,1260901,200,398,69.96,72.38,69.95,L,8,74.4706
L,1260901,200,398,69.96,72.38,69.95,L,9,76.0013
L,1260901,200,398,69.96,72.38,69.95,L,10,74.8926
L,1260901,200,398,69.96,72.38,69.95,L,11,72.1160
L,1260901,200,398,69.96,72.38,69.95,L,12,73.7270
L,1260901,200,398,69.96,72.38,69.95,L,13,75.9033
L,1260901,200,398,69.96,72.38,69.95,L,14,75.5312
L,1260901,200,398,69.96,72.38,69.95,L,15,82.0350
L,1260901,200,398,69.96,72.38,69.95,L,16,76.3930
L,1260901,200,398,69.96,72.38,69.95,L,17,80.1500
L,1260901,200,398,69.96,72.38,69.95,L,18,95.4575
X,1260901,200,398,69.96,72.38,69.95,73.5124
K,1260901,200,398,69.96,72.38,69.95,71.1441,6
Q,1260901,200,398,69.96,72.38,69.95,73.5124,2
L,1260901,300,399,69.82,70.00,69.60,U,0,72.3461
L,1260901,300,399,69.82,70.00,69.60,U,1,71.9324
L,1260901,300,399,69.82,70.00,69.60,U,2,71.5269
L,1260901,300,399,69.82,70.00,69.60,U,3,71.4572
L,1260901,300,399,69.82,70.00,69.60,U,4,73.4646
L,1260901,300,399,69.82,70.00,69.60,U,5,71.9578
L,1260901,300,399,69.82,70.00,69.60,U,6,72.0916
L,1260901,300,399,69.82,70.00,69.60,U,7,71.6689
L,1260901,300,399,69.82,70.00,69.60,U,8,70.8866
L,1260901,300,399,69.82,70.00,69.60,U,9,71.0161
L,1260901,300,399,69.82,70.00,69.60,U,10,66.7452
L,1260901,300,399,69.82,70.00,69.60,U,11,65.9371
L,1260901,300,399,69.82,70.00,69.60,U,12,65.7059
L,1260901,300,399,69.82,70.00,69.60,U,13,65.5182
L,1260901,300,399,69.82,70.00,69.60,U,14,64.9384
L,1260901,300,399,69.82,70.00,69.60,U,15,65.8886
L,1260901,300,399,69.82,70.00,69.60,U,16,65.3853
L,1260901,300,399,69.82,70.00,69.60,U,17,61.3126
L,1260901,300,399,69.82,70.00,69.60,U,18,61.7743
L,1260901,300,399,69.82,70.00,69.60,U,19,61.2480
L,1260901,300,399,69.82,70.00,69.60,U,20,61.1473
L,1260901,300,399,69.82,70.00,69.60,U,21,62.5982
L,1260901,300,399,69.82,70.00,69.60,U,22,61.8348
L,1260901,300,399,69.82,70.00,69.60,U,23,61.9213
L,1260901,300,399,69.82,70.00,69.60,U,24,61.8300
L,1260901,300,399,69.82,70.00,69.60,U,25,56.2592
L,1260901,300,399,69.82,70.00,69.60,U,26,55.0081
L,1260901,300,399,69.82,70.00,69.60,U,27,56.2234
L,1260901,300,399,69.82,70.00,69.60,U,28,55.6673
L,1260901,300,399,69.82,70.00,69.60,U,29,57.6371
L,1260901,300,399,69.82,70.00,69.60,U,30,53.2550
L,1260901,300,399,69.82,70.00,69.60,U,31,54.6089
L,1260901,300,399,69.82,70.00,69.60,U,32,55.2726
L,1260901,300,399,69.82,70.00,69.60,U,33,47.1300
L,1260901,300,399,69.82,70.00,69.60,U,34,42.6550
L,1260901,300,399,69.82,70.00,69.60,U,35,37.7914
L,1260901,300,399,69.82,70.00,69.60,U,36,37.5439
L,1260901,300,399,69.82,70.00,69.60,U,37,53.7800
L,1260901,300,399,69.82,70.00,69.60,U,38,64.9800
L,1260901,300,399,69.82,70.00,69.60,L,0,71.2961
L,1260901,300,399,69.82,70.00,69.60,L,1,71.2110
L,1260901,300,399,69.82,70.00,69.60,L,2,71.2125
L,1260901,300,399,69.82,70.00,69.60,L,3,71.3033
L,1260901,300,399,69.82,70.00,69.60,L,4,72.6653
L,1260901,300,399,69.82,70.00,69.60,L,5,73.6198
L,1260901,300,399,69.82,70.00,69.60,L,6,75.0405
L,1260901,300,399,69.82,70.00,69.60,L,7,75.1858
L,1260901,300,399,69.82,70.00,69.60,L,8,74.5425
L,1260901,300,399,69.82,70.00,69.60,L,9,76.0900
L,1260901,300,399,69.82,70.00,69.60,L,10,74.9691
L,1260901,300,399,69.82,70.00,69.60,L,11,72.1620
L,1260901,300,399,69.82,70.00,69.60,L,12,73.7907
L,1260901,300,399,69.82,70.00,69.60,L,13,75.9910
L,1260901,300,399,69.82,70.00,69.60,L,14,75.6147
L,1260901,300,399,69.82,70.00,69.60,L,15,82.1900
L,1260901,300,399,69.82,70.00,69.60,L,16,76.4860
L,1260901,300,399,69.82,70.00,69.60,L,17,80.2843
L,1260901,300,399,69.82,70.00,69.60,L,18,95.7600
X,1260901,300,399,69.82,70.00,69.60,72.1222
K,1260901,300,399,69.82,70.00,69.60,71.4505,5
Q,1260901,300,399,69.82,70.00,69.60,72.1222,3
L,1260901,400,400,69.79,70.12,69.70,U,0,72.3122
L,1260901,400,400,69.79,70.12,69.70,U,1,71.8961
L,1260901,400,400,69.79,70.12,69.70,U,2,71.4883
L,1260901,400,400,69.79,70.12,69.70,U,3,71.4182
L,1260901,400,400,69.79,70.12,69.70,U,4,73.4370
L,1260901,400,400,69.79,70.12,69.70,U,5,71.9217
L,1260901,400,400,69.79,70.12,69.70,U,6,72.0562
L,1260901,400,400,69.79,70.12,69.70,U,7,71.6311
L,1260901,400,400,69.79,70.12,69.70,U,8,70.8443
L,1260901,400,400,69.79,70.12,69.70,U,9,70.9746
L,1260901,400,400,69.79,70.12,69.70,U,10,66.6793
L,1260901,400,400,69.79,70.12,69.70,U,11,65.8665
L,1260901,400,400,69.79,70.12,69.70,U,12,65.6341
L,1260901,400,400,69.79,70.12,69.70,U,13,65.4453
L,1260901,400,400,69.79,70.12,69.70,U,14,64.8622
L,1260901,400,400,69.79,70.12,69.70,U,15,65.8178
L,1260901,400,400,69.79,70.12,69.70,U,16,65.3116
L,1260901,400,400,69.79,70.12,69.70,U,17,61.2157
L,1260901,400,400,69.79,70.12,69.70,U,18,61.6800
L,1260901,400,400,69.79,70.12,69.70,U,19,61.1507
L,1260901,400,400,69.79,70.12,69.70,U,20,61.0494
L,1260901,400,400,69.79,70.12,69.70,U,21,62.5086
L,1260901,400,400,69.79,70.12,69.70,U,22,61.7408
L,1260901,400,400,69.79,70.12,69.70,U,23,61.8278
L,1260901,400,400,69.79,70.12,69.70,U,24,61.7360
L,1260901,400,400,69.79,70.12,69.70,U,25,56.1333
L,1260901,400,400,69.79,70.12,69.70,U,26,54.8751
L,1260901,400,400,69.79,70.12,69.70,U,27,56.0974
L,1260901,400,400,69.79,70.12,69.70,U,28,55.5380
L,1260901,400,400,69.79,70.12,69.70,U,29,57.5192
L,1260901,400,400,69.79,70.12,69.70,U,30,53.1120
L,1260901,400,400,69.79,70.12,69.70,U,31,54.4737
L,1260901,400,400,69.79,70.12,69.70,U,32,55.1412
L,1260901,400,400,69.79,70.12,69.70,U,33,46.9520
L,1260901,400,400,69.79,70.12,69.70,U,34,42.4514
L,1260901,400,400,69.79,70.12,69.70,U,35,37.5600
L,1260901,400,400,69.79,70.12,69.70,U,36,37.3111
L,1260901,400,400,69.79,70.12,69.70,U,37,53.6400
L,1260901,400,400,69.79,70.12,69.70,U,38,64.9040
L,1260901,400,400,69.79,70.12,69.70,L,0,69.6182
L,1260901,400,400,69.79,70.12,69.70,L,1,71.3327
L,1260901,400,400,69.79,70.12,69.70,L,2,71.2466
L,1260901,400,400,69.79,70.12,69.70,L,3,71.2481
L,1260901,400,400,69.79,70.12,69.70,L,4,71.3400
L,1260901,400,400,69.79,70.12,69.70,L,5,72.7168
L,1260901,400,400,69.79,70.12,69.70,L,6,73.6817
L,1260901,400,400,69.79,70.12,69.70,L,7,75.1178
L,1260901,400,400,69.79,70.12,69.70,L,8,75.2647
L,1260901,400,400,69.79,70.12,69.70,L,9,74.6144
L,1260901,400,400,69.79,70.12,69.70,L,10,76.1787
L,1260901,400,400,69.79,70.12,69.70,L,11,75.0456
L,1260901,400,400,69.79,70.12,69.70,L,12,72.2080
L,1260901,400,400,69.79,70.12,69.70,L,13,73.8544
L,1260901,400,400,69.79,70.12,69.70,L,14,76.0786
L,1260901,400,400,69.79,70.12,69.70,L,15,75.6982
L,1260901,400,400,69.79,70.12,69.70,L,16,82.3450
L,1260901,400,400,69.79,70.12,69.70,L,17,76.5790
L,1260901,400,400,69.79,70.12,69.70,L,18,80.4186
L,1260901,400,400,69.79,70.12,69.70,L,19,96.0625
K,1260901,400,400,69.79,70.12,69.70,71.3865,7
L,1260901,500,401,69.53,69.99,69.48,U,0,70.0736
L,1260901,500,401,69.53,69.99,69.48,U,1,72.2783
L,1260901,500,401,69.53,69.99,69.48,U,2,71.8598
L,1260901,500,401,69.53,69.99,69.48,U,3,71.4498
L,1260901,500,401,69.53,69.99,69.48,U,4,71.3792
L,1260901,500,401,69.53,69.99,69.48,U,5,73.4095
L,1260901,500,401,69.53,69.99,69.48,U,6,71.8856
L,1260901,500,401,69.53,69.99,69.48,U,7,72.0209
L,1260901,500,401,69.53,69.99,69.48,U,8,71.5933
L,1260901,500,401,69.53,69.99,69.48,U,9,70.8021
L,1260901,500,401,69.53,69.99,69.48,U,10,70.9331
L,1260901,500,401,69.53,69.99,69.48,U,11,66.6134
L,1260901,500,401,69.53,69.99,69.48,U,12,65.7960
L,1260901,500,401,69.53,69.99,69.48,U,13,65.5622
L,1260901,500,401,69.53,69.99,69.48,U,14,65.3724
L,1260901,500,401,69.53,69.99,69.48,U,15,64.7859
L,1260901,500,401,69.53,69.99,69.48,U,16,65.7470
L,1260901,500,401,69.53,69.99,69.48,U,17,65.2379
L,1260901,500,401,69.53,69.99,69.48,U,18,61.1187
L,1260901,500,401,69.53,69.99,69.48,U,19,61.5857
L,1260901,500,401,69.53,69.99,69.48,U,20,61.0534
L,1260901,500,401,69.53,69.99,69.48,U,21,60.9515
L,1260901,500,401,69.53,69.99,69.48,U,22,62.4190
L,1260901,500,401,69.53,69.99,69.48,U,23,61.6468
L,1260901,500,401,69.53,69.99,69.48,U,24,61.7343
L,1260901,500,401,69.53,69.99,69.48,U,25,61.6420
L,1260901,500,401,69.53,69.99,69.48,U,26,56.0075
L,1260901,500,401,69.53,69.99,69.48,U,27,54.7421
L,1260901,500,401,69.53,69.99,69.48,U,28,55.9713
L,1260901,500,401,69.53,69.99,69.48,U,29,55.4088
L,1260901,500,401,69.53,69.99,69.48,U,30,57.4012
L,1260901,500,401,69.53,69.99,69.48,U,31,52.9690
L,1260901,500,401,69.53,69.99,69.48,U,32,54.3384
L,1260901,500,401,69.53,69.99,69.48,U,33,55.0097
L,1260901,500,401,69.53,69.99,69.48,U,34,46.7740
L,1260901,500,401,69.53,69.99,69.48,U,35,42.2479
L,1260901,500,401,69.53,69.99,69.48,U,36,37.3286
L,1260901,500,401,69.53,69.99,69.48,U,37,37.0783
L,1260901,500,401,69.53,69.99,69.48,U,38,53.5000
L,1260901,500,401,69.53,69.99,69.48,U,39,64.8280
L,1260901,500,401,69.53,69.99,69.48,L,0,69.6363
L,1260901,500,401,69.53,69.99,69.48,L,1,71.3693
L,1260901,500,401,69.53,69.99,69.48,L,2,71.2823
L,1260901,500,401,69.53,69.99,69.48,L,3,71.2838
L,1260901,500,401,69.53,69.99,69.48,L,4,71.3767
L,1260901,500,401,69.53,69.99,69.48,L,5,72.7682
L,1260901,500,401,69.53,69.99,69.48,L,6,73.7435
L,1260901,500,401,69.53,69.99,69.48,L,7,75.1951
L,1260901,500,401,69.53,69.99,69.48,L,8,75.3436
L,1260901,500,401,69.53,69.99,69.48,L,9,74.6862
L,1260901,500,401,69.53,69.99,69.48,L,10,76.2674
L,1260901,500,401,69.53,69.99,69.48,L,11,75.1221
L,1260901,500,401,69.53,69.99,69.48,L,12,72.2540
L,1260901,500,401,69.53,69.99,69.48,L,13,73.9181
L,1260901,500,401,69.53,69.99,69.48,L,14,76.1662
L,1260901,500,401,69.53,69.99,69.48,L,15,75.7818
L,1260901,500,401,69.53,69.99,69.48,L,16,82.5000
L,1260901,500,401,69.53,69.99,69.48,L,17,76.6720
L,1260901,500,401,69.53,69.99,69.48,L,18,80.5529
L,1260901,500,401,69.53,69.99,69.48,L,19,96.3650
L,1260901,600,402,69.17,69.55,69.16,U,0,70.0273
L,1260901,600,402,69.17,69.55,69.16,U,1,72.2444
L,1260901,600,402,69.17,69.55,69.16,U,2,71.8236
L,1260901,600,402,69.17,69.55,69.16,U,3,71.4112
L,1260901,600,402,69.17,69.55,69.16,U,4,71.3403
L,1260901,600,402,69.17,69.55,69.16,U,5,73.3820
L,1260901,600,402,69.17,69.55,69.16,U,6,71.8494
L,1260901,600,402,69.17,69.55,69.16,U,7,71.9855
L,1260901,600,402,69.17,69.55,69.16,U,8,71.5556
L,1260901,600,402,69.17,69.55,69.16,U,9,70.7598
L,1260901,600,402,69.17,69.55,69.16,U,10,70.8916
L,1260901,600,402,69.17,69.55,69.16,U,11,66.5475
L,1260901,600,402,69.17,69.55,69.16,U,12,65.7255
L,1260901,600,402,69.17,69.55,69.16,U,13,65.4904
L,1260901,600,402,69.17,69.55,69.16,U,14,65.2994
L,1260901,600,402,69.17,69.55,69.16,U,15,64.7097
L,1260901,600,402,69.17,69.55,69.16,U,16,65.6762
L,1260901,600,402,69.17,69.55,69.16,U,17,65.1642
L,1260901,600,402,69.17,69.55,69.16,U,18,61.0217
L,1260901,600,402,69.17,69.55,69.16,U,19,61.4914
L,1260901,600,402,69.17,69.55,69.16,U,20,60.9560
L,1260901,600,402,69.17,69.55,69.16,U,21,60.8536
L,1260901,600,402,69.17,69.55,69.16,U,22,62.3294
L,1260901,600,402,69.17,69.55,69.16,U,23,61.5529
L,1260901,600,402,69.17,69.55,69.16,U,24,61.6409
L,1260901,600,402,69.17,69.55,69.16,U,25,61.5480
L,1260901,600,402,69.17,69.55,69.16,U,26,55.8817
L,1260901,600,402,69.17,69.55,69.16,U,27,54.6091
L,1260901,600,402,69.17,69.55,69.16,U,28,55.8453
L,1260901,600,402,69.17,69.55,69.16,U,29,55.2796
L,1260901,600,402,69.17,69.55,69.16,U,30,57.2833
L,1260901,600,402,69.17,69.55,69.16,U,31,52.8260
L,1260901,600,402,69.17,69.55,69.16,U,32,54.2032
L,1260901,600,402,69.17,69.55,69.16,U,33,54.8782
L,1260901,600,402,69.17,69.55,69.16,U,34,46.5960
L,1260901,600,402,69.17,69.55,69.16,U,35,42.0443
L,1260901,600,402,69.17,69.55,69.16,U,36,37.0973
L,1260901,600,402,69.17,69.55,69.16,U,37,36.8456
L,1260901,600,402,69.17,69.55,69.16,U,38,53.3600
L,1260901,600,402,69.17,69.55,69.16,U,39,64.7520
L,1260901,600,402,69.17,69.55,69.16,L,0,69.6545
L,1260901,600,402,69.17,69.55,69.16,L,1,71.4059
L,1260901,600,402,69.17,69.55,69.16,L,2,71.3180
L,1260901,600,402,69.17,69.55,69.16,L,3,71.3195
L,1260901,600,402,69.17,69.55,69.16,L,4,71.4133
L,1260901,600,402,69.17,69.55,69.16,L,5,72.8197
L,1260901,600,402,69.17,69.55,69.16,L,6,73.8054
L,1260901,600,402,69.17,69.55,69.16,L,7,75.2724
L,1260901,600,402,69.17,69.55,69.16,L,8,75.4225
L,1260901,600,402,69.17,69.55,69.16,L,9,74.7581
L,1260901,600,402,69.17,69.55,69.16,L,10,76.3561
L,1260901,600,402,69.17,69.55,69.16,L,11,75.1986
L,1260901,600,402,69.17,69.55,69.16,L,12,72.3000
L,1260901,600,402,69.17,69.55,69.16,L,13,73.9819
L,1260901,600,402,69.17,69.55,69.16,L,14,76.2538
L,1260901,600,402,69.17,69.55,69.16,L,15,75.8653
L,1260901,600,402,69.17,69.55,69.16,L,16,82.6550
L,1260901,600,402,69.17,69.55,69.16,L,17,76.7650
L,1260901,600,402,69.17,69.55,69.16,L,18,80.6871
L,1260901,600,402,69.17,69.55,69.16,L,19,96.6675
X,1260901,600,402,69.17,69.55,69.16,72.2680
X,1260901,600,402,69.17,69.55,69.16,71.4123
X,1260901,600,402,69.17,69.55,69.16,71.3741
X,1260901,600,402,69.17,69.55,69.16,71.3779
Q,1260901,600,402,69.17,69.55,69.16,71.4123,3
L,1260901,700,403,69.02,69.40,68.55,U,0,69.9809
L,1260901,700,403,69.02,69.40,68.55,U,1,72.2105
L,1260901,700,403,69.02,69.40,68.55,U,2,71.7873
L,1260901,700,403,69.02,69.40,68.55,U,3,71.3726
L,1260901,700,403,69.02,69.40,68.55,U,4,71.3013
L,1260901,700,403,69.02,69.40,68.55,U,5,73.3545
L,1260901,700,403,69.02,69.40,68.55,U,6,71.8133
L,1260901,700,403,69.02,69.40,68.55,U,7,71.9501
L,1260901,700,403,69.02,69.40,68.55,U,8,71.5178
L,1260901,700,403,69.02,69.40,68.55,U,9,70.7176
L,1260901,700,403,69.02,69.40,68.55,U,10,70.8501
L,1260901,700,403,69.02,69.40,68.55,U,11,66.4816
L,1260901,700,403,69.02,69.40,68.55,U,12,65.6550
L,1260901,700,403,69.02,69.40,68.55,U,13,65.4185
L,1260901,700,403,69.02,69.40,68.55,U,14,65.2265
L,1260901,700,403,69.02,69.40,68.55,U,15,64.6335
L,1260901,700,403,69.02,69.40,68.55,U,16,65.6054
L,1260901,700,403,69.02,69.40,68.55,U,17,65.0905
L,1260901,700,403,69.02,69.40,68.55,U,18,60.9248
L,1260901,700,403,69.02,69.40,68.55,U,19,61.3970
L,1260901,700,403,69.02,69.40,68.55,U,20,60.8587
L,1260901,700,403,69.02,69.40,68.55,U,21,60.7557
L,1260901,700,403,69.02,69.40,68.55,U,22,62.2397
L,1260901,700,403,69.02,69.40,68.55,U,23,61.4589
L,1260901,700,403,69.02,69.40,68.55,U,24,61.5474
L,1260901,700,403,69.02,69.40,68.55,U,25,61.4540
L,1260901,700,403,69.02,69.40,68.55,U,26,55.7558
L,1260901,700,403,69.02,69.40,68.55,U,27,54.4761
L,1260901,700,403,69.02,69.40,68.55,U,28,55.7192
L,1260901,700,403,69.02,69.40,68.55,U,29,55.1504
L,1260901,700,403,69.02,69.40,68.55,U,30,57.1653
L,1260901,700,403,69.02,69.40,68.55,U,31,52.6830
L,1260901,700,403,69.02,69.40,68.55,U,32,54.0679
L,1260901,700,403,69.02,69.40,68.55,U,33,54.7468
L,1260901,700,403,69.02,69.40,68.55,U,34,46.4180
L,1260901,700,403,69.02,69.40,68.55,U,35,41.8407
L,1260901,700,403,69.02,69.40,68.55,U,36,36.8659
L,1260901,700,403,69.02,69.40,68.55,U,37,36.6128
L,1260901,700,403,69.02,69.40,68.55,U,38,53.2200
L,1260901,700,403,69.02,69.40,68.55,U,39,64.6760
L,1260901,700,403,69.02,69.40,68.55,L,0,69.6726
L,1260901,700,403,69.02,69.40,68.55,L,1,71.4425
L,1260901,700,403,69.02,69.40,68.55,L,2,71.3536
L,1260901,700,403,69.02,69.40,68.55,L,3,71.3552
L,1260901,700,403,69.02,69.40,68.55,L,4,71.4500
L,1260901,700,403,69.02,69.40,68.55,L,5,72.8712
L,1260901,700,403,69.02,69.40,68.55,L,6,73.8672
L,1260901,700,403,69.02,69.40,68.55,L,7,75.3497
L,1260901,700,403,69.02,69.40,68.55,L,8,75.5013
L,1260901,700,403,69.02,69.40,68.55,L,9,74.8300
L,1260901,700,403,69.02,69.40,68.55,L,10,76.4448
L,1260901,700,403,69.02,69.40,68.55,L,11,75.2751
L,1260901,700,403,69.02,69.40,68.55,L,12,72.3460
L,1260901,700,403,69.02,69.40,68.55,L,13,74.0456
L,1260901,700,403,69.02,69.40,68.55,L,14,76.3414
L,1260901,700,403,69.02,69.40,68.55,L,15,75.9488
L,1260901,700,403,69.02,69.40,68.55,L,16,82.8100
L,1260901,700,403,69.02,69.40,68.55,L,17,76.8580
L,1260901,700,403,69.02,69.40,68.55,L,18,80.8214
L,1260901,700,403,69.02,69.40,68.55,L,19,96.9700
X,1260901,700,403,69.02,69.40,68.55,71.4085
X,1260901,700,403,69.02,69.40,68.55,71.3286
X,1260901,700,403,69.02,69.40,68.55,71.3294
Q,1260901,700,403,69.02,69.40,68.55,71.4085,6
L,1260901,800,404,69.90,70.19,68.89,U,0,69.9345
L,1260901,800,404,69.90,70.19,68.89,U,1,72.1766
L,1260901,800,404,69.90,70.19,68.89,U,2,71.7510
L,1260901,800,404,69.90,70.19,68.89,U,3,71.3340
L,1260901,800,404,69.90,70.19,68.89,U,4,71.2623
L,1260901,800,404,69.90,70.19,68.89,U,5,73.3270
L,1260901,800,404,69.90,70.19,68.89,U,6,71.7772
L,1260901,800,404,69.90,70.19,68.89,U,7,71.9148
L,1260901,800,404,69.90,70.19,68.89,U,8,71.4800
L,1260901,800,404,69.90,70.19,68.89,U,9,70.6753
L,1260901,800,404,69.90,70.19,68.89,U,10,70.8086
L,1260901,800,404,69.90,70.19,68.89,U,11,66.4157
L,1260901,800,404,69.90,70.19,68.89,U,12,65.5844
L,1260901,800,404,69.90,70.19,68.89,U,13,65.3467
L,1260901,800,404,69.90,70.19,68.89,U,14,65.1536
L,1260901,800,404,69.90,70.19,68.89,U,15,64.5572
L,1260901,800,404,69.90,70.19,68.89,U,16,65.5345
L,1260901,800,404,69.90,70.19,68.89,U,17,65.0168
L,1260901,800,404,69.90,70.19,68.89,U,18,60.8278
L,1260901,800,404,69.90,70.19,68.89,U,19,61.3027
L,1260901,800,404,69.90,70.19,68.89,U,20,60.7614
L,1260901,800,404,69.90,70.19,68.89,U,21,60.6578
L,1260901,800,404,69.90,70.19,68.89,U,22,62.1501
L,1260901,800,404,69.90,70.19,68.89,U,23,61.3649
L,1260901,800,404,69.90,70.19,68.89,U,24,61.4539
L,1260901,800,404,69.90,70.19,68.89,U,25,61.3600
L,1260901,800,404,69.90,70.19,68.89,U,26,55.6300
L,1260901,800,404,69.90,70.19,68.89,U,27,54.3432
L,1260901,800,404,69.90,70.19,68.89,U,28,55.5932
L,1260901,800,404,69.90,70.19,68.89,U,29,55.0212
L,1260901,800,404,69.90,70.19,68.89,U,30,57.0473
L,1260901,800,404,69.90,70.19,68.89,U,31,52.5400
L,1260901,800,404,69.90,70.19,68.89,U,32,53.9326
L,1260901,800,404,69.90,70.19,68.89,U,33,54.6153
L,1260901,800,404,69.90,70.19,68.89,U,34,46.2400
L,1260901,800,404,69.90,70.19,68.89,U,35,41.6371
L,1260901,800,404,69.90,70.19,68.89,U,36,36.6345
L,1260901,800,404,69.90,70.19,68.89,U,37,36.3800
L,1260901,800,404,69.90,70.19,68.89,U,38,53.0800
L,1260901,800,404,69.90,70.19,68.89,U,39,64.6000
L,1260901,800,404,69.90,70.19,68.89,L,0,68.5565
L,1260901,800,404,69.90,70.19,68.89,L,1,69.6908
L,1260901,800,404,69.90,70.19,68.89,L,2,71.4791
L,1260901,800,404,69.90,70.19,68.89,L,3,71.3893
L,1260901,800,404,69.90,70.19,68.89,L,4,71.3909
L,1260901,800,404,69.90,70.19,68.89,L,5,71.4867
L,1260901,800,404,69.90,70.19,68.89,L,6,72.9226
L,1260901,800,404,69.90,70.19,68.89,L,7,73.9291
L,1260901,800,404,69.90,70.19,68.89,L,8,75.4269
L,1260901,800,404,69.90,70.19,68.89,L,9,75.5802
L,1260901,800,404,69.90,70.19,68.89,L,10,74.9019
L,1260901,800,404,69.90,70.19,68.89,L,11,76.5335
L,1260901,800,404,69.90,70.19,68.89,L,12,75.3516
L,1260901,800,404,69.90,70.19,68.89,L,13,72.3920
L,1260901,800,404,69.90,70.19,68.89,L,14,74.1093
L,1260901,800,404,69.90,70.19,68.89,L,15,76.4290
L,1260901,800,404,69.90,70.19,68.89,L,16,76.0324
L,1260901,800,404,69.90,70.19,68.89,L,17,82.9650
L,1260901,800,404,69.90,70.19,68.89,L,18,76.9510
L,1260901,800,404,69.90,70.19,68.89,L,19,80.9557
L,1260901,800,404,69.90,70.19,68.89,L,20,97.2725
X,1260901,800,404,69.90,70.19,68.89,71.3627
X,1260901,800,404,69.90,70.19,68.89,71.3635
X,1260901,800,404,69.90,70.19,68.89,71.4834
K,1260901,800,404,69.90,70.19,68.89,71.4032,7
Q,1260901,800,404,69.90,70.19,68.89,71.3627,9
L,1260901,900,405,70.40,70.55,69.55,U,0,69.8882
L,1260901,900,405,70.40,70.55,69.55,U,1,72.1426
L,1260901,900,405,70.40,70.55,69.55,U,2,71.7147
L,1260901,900,405,70.40,70.55,69.55,U,3,71.2954
L,1260901,900,405,70.40,70.55,69.55,U,4,71.2233
L,1260901,900,405,70.40,70.55,69.55,U,5,73.2995
L,1260901,900,405,70.40,70.55,69.55,U,6,71.7411
L,1260901,900,405,70.40,70.55,69.55,U,7,71.8794
L,1260901,900,405,70.40,70.55,69.55,U,8,71.4422
L,1260901,900,405,70.40,70.55,69.55,U,9,70.6331
L,1260901,900,405,70.40,70.55,69.55,U,10,70.7671
L,1260901,900,405,70.40,70.55,69.55,U,11,66.3497
L,1260901,900,405,70.40,70.55,69.55,U,12,65.5139
L,1260901,900,405,70.40,70.55,69.55,U,13,65.2748
L,1260901,900,405,70.40,70.55,69.55,U,14,65.0807
L,1260901,900,405,70.40,70.55,69.55,U,15,64.4810
L,1260901,900,405,70.40,70.55,69.55,U,16,65.4637
L,1260901,900,405,70.40,70.55,69.55,U,17,64.9432
L,1260901,900,405,70.40,70.55,69.55,U,18,60.7309
L,1260901,900,405,70.40,70.55,69.55,U,19,61.2084
L,1260901,900,405,70.40,70.55,69.55,U,20,60.6641
L,1260901,900,405,70.40,70.55,69.55,U,21,60.5599
L,1260901,900,405,70.40,70.55,69.55,U,22,62.0605
L,1260901,900,405,70.40,70.55,69.55,U,23,61.2710
L,1260901,900,405,70.40,70.55,69.55,U,24,61.3604
L,1260901,900,405,70.40,70.55,69.55,U,25,61.2660
L,1260901,900,405,70.40,70.55,69.55,U,26,55.5042
L,1260901,900,405,70.40,70.55,69.55,U,27,54.2102
L,1260901,900,405,70.40,70.55,69.55,U,28,55.4672
L,1260901,900,405,70.40,70.55,69.55,U,29,54.8920
L,1260901,900,405,70.40,70.55,69.55,U,30,56.9294
L,1260901,900,405,70.40,70.55,69.55,U,31,52.3970
L,1260901,900,405,70.40,70.55,69.55,U,32,53.7974
L,1260901,900,405,70.40,70.55,69.55,U,33,54.4838
L,1260901,900,405,70.40,70.55,69.55,U,34,46.0620
L,1260901,900,405,70.40,70.55,69.55,U,35,41.4336
L,1260901,900,405,70.40,70.55,69.55,U,36,36.4032
L,1260901,900,405,70.40,70.55,69.55,U,37,36.1472
L,1260901,900,405,70.40,70.55,69.55,U,38,52.9400
L,1260901,900,405,70.40,70.55,69.55,U,39,64.5240
L,1260901,900,405,70.40,70.55,69.55,L,0,68.5629
L,1260901,900,405,70.40,70.55,69.55,L,1,69.7089
L,1260901,900,405,70.40,70.55,69.55,L,2,71.5156
L,1260901,900,405,70.40,70.55,69.55,L,3,71.4249
L,1260901,900,405,70.40,70.55,69.55,L,4,71.4265
L,1260901,900,405,70.40,70.55,69.55,L,5,71.5233
L,1260901,900,405,70.40,70.55,69.55,L,6,72.9741
L,1260901,900,405,70.40,70.55,69.55,L,7,73.9909
L,1260901,900,405,70.40,70.55,69.55,L,8,75.5042
L,1260901,900,405,70.40,70.55,69.55,L,9,75.6591
L,1260901,900,405,70.40,70.55,69.55,L,10,74.9737
L,1260901,900,405,70.40,70.55,69.55,L,11,76.6222
L,1260901,900,405,70.40,70.55,69.55,L,12,75.4281
L,1260901,900,405,70.40,70.55,69.55,L,13,72.4380
L,1260901,900,405,70.40,70.55,69.55,L,14,74.1730
L,1260901,900,405,70.40,70.55,69.55,L,15,76.5167
L,1260901,900,405,70.40,70.55,69.55,L,16,76.1159
L,1260901,900,405,70.40,70.55,69.55,L,17,83.1200
L,1260901,900,405,70.40,70.55,69.55,L,18,77.0440
L,1260901,900,405,70.40,70.55,69.55,L,19,81.0900
L,1260901,900,405,70.40,70.55,69.55,L,20,97.5750
X,1260901,900,405,70.40,70.55,69.55,71.4795
K,1260901,900,405,70.40,70.55,69.55,71.5105,8
Q,1260901,900,405,70.40,70.55,69.55,71.4795,10
L,1260901,1000,406,69.63,70.43,69.22,U,0,70.5073
L,1260901,1000,406,69.63,70.43,69.22,U,1,69.8418
L,1260901,1000,406,69.63,70.43,69.22,U,2,72.1087
L,1260901,1000,406,69.63,70.43,69.22,U,3,71.6785
L,1260901,1000,406,69.63,70.43,69.22,U,4,71.2568
L,1260901,1000,406,69.63,70.43,69.22,U,5,71.1843
L,1260901,1000,406,69.63,70.43,69.22,U,6,73.2719
L,1260901,1000,406,69.63,70.43,69.22,U,7,71.7049
L,1260901,1000,406,69.63,70.43,69.22,U,8,71.8441
L,1260901,1000,406,69.63,70.43,69.22,U,9,71.4044
L,1260901,1000,406,69.63,70.43,69.22,U,10,70.5909
L,1260901,1000,406,69.63,70.43,69.22,U,11,70.7256
L,1260901,1000,406,69.63,70.43,69.22,U,12,66.2838
L,1260901,1000,406,69.63,70.43,69.22,U,13,65.4434
L,1260901,1000,406,69.63,70.43,69.22,U,14,65.2030
L,1260901,1000,406,69.63,70.43,69.22,U,15,65.0077
L,1260901,1000,406,69.63,70.43,69.22,U,16,64.4048
L,1260901,1000,406,69.63,70.43,69.22,U,17,65.3929
L,1260901,1000,406,69.63,70.43,69.22,U,18,64.8695
L,1260901,1000,406,69.63,70.43,69.22,U,19,60.6339
L,1260901,1000,406,69.63,70.43,69.22,U,20,61.1141
L,1260901,1000,406,69.63,70.43,69.22,U,21,60.5667
L,1260901,1000,406,69.63,70.43,69.22,U,22,60.4620
L,1260901,1000,406,69.63,70.43,69.22,U,23,61.9709
L,1260901,1000,406,69.63,70.43,69.22,U,24,61.1770
L,1260901,1000,406,69.63,70.43,69.22,U,25,61.2670
L,1260901,1000,406,69.63,70.43,69.22,U,26,61.1720
L,1260901,1000,406,69.63,70.43,69.22,U,27,55.3783
L,1260901,1000,406,69.63,70.43,69.22,U,28,54.0772
L,1260901,1000,406,69.63,70.43,69.22,U,29,55.3411
L,1260901,1000,406,69.63,70.43,69.22,U,30,54.7627
L,1260901,1000,406,69.63,70.43,69.22,U,31,56.8114
L,1260901,1000,406,69.63,70.43,69.22,U,32,52.2540
L,1260901,1000,406,69.63,70.43,69.22,U,33,53.6621
L,1260901,1000,406,69.63,70.43,69.22,U,34,54.3524
L,1260901,1000,406,69.63,70.43,69.22,U,35,45.8840
L,1260901,1000,406,69.63,70.43,69.22,U,36,41.2300
L,1260901,1000,406,69.63,70.43,69.22,U,37,36.1718
L,1260901,1000,406,69.63,70.43,69.22,U,38,35.9144
L,1260901,1000,406,69.63,70.43,69.22,U,39,52.8000
L,1260901,1000,406,69.63,70.43,69.22,U,40,64.4480
L,1260901,1000,406,69.63,70.43,69.22,L,0,68.5694
L,1260901,1000,406,69.63,70.43,69.22,L,1,69.7271
L,1260901,1000,406,69.63,70.43,69.22,L,2,71.5522
L,1260901,1000,406,69.63,70.43,69.22,L,3,71.4606
L,1260901,1000,406,69.63,70.43,69.22,L,4,71.4622
L,1260901,1000,406,69.63,70.43,69.22,L,5,71.5600
L,1260901,1000,406,69.63,70.43,69.22,L,6,73.0256
L,1260901,1000,406,69.63,70.43,69.22,L,7,74.0528
L,1260901,1000,406,69.63,70.43,69.22,L,8,75.5815
L,1260901,1000,406,69.63,70.43,69.22,L,9,75.7379
L,1260901,1000,406,69.63,70.43,69.22,L,10,75.0456
L,1260901,1000,406,69.63,70.43,69.22,L,11,76.7109
L,1260901,1000,406,69.63,70.43,69.22,L,12,75.5047
L,1260901,1000,406,69.63,70.43,69.22,L,13,72.4840
L,1260901,1000,406,69.63,70.43,69.22,L,14,74.2367
L,1260901,1000,406,69.63,70.43,69.22,L,15,76.6043
L,1260901,1000,406,69.63,70.43,69.22,L,16,76.1994
L,1260901,1000,406,69.63,70.43,69.22,L,17,83.2750
L,1260901,1000,406,69.63,70.43,69.22,L,18,77.1370
L,1260901,1000,406,69.63,70.43,69.22,L,19,81.2243
L,1260901,1000,406,69.63,70.43,69.22,L,20,97.8775
X,1260901,1000,406,69.63,70.43,69.22,71.4333
X,1260901,1000,406,69.63,70.43,69.22,71.4342
K,1260901,1000,406,69.63,70.43,69.22,71.5100,8
Q,1260901,1000,406,69.63,70.43,69.22,71.4333,9
L,1260901,1100,407,69.26,69.65,68.95,U,0,70.4646
L,1260901,1100,407,69.26,69.65,68.95,U,1,69.7955
L,1260901,1100,407,69.26,69.65,68.95,U,2,72.0748
L,1260901,1100,407,69.26,69.65,68.95,U,3,71.6422
L,1260901,1100,407,69.26,69.65,68.95,U,4,71.2182
L,1260901,1100,407,69.26,69.65,68.95,U,5,71.1453
L,1260901,1100,407,69.26,69.65,68.95,U,6,73.2444
L,1260901,1100,407,69.26,69.65,68.95,U,7,71.6688
L,1260901,1100,407,69.26,69.65,68.95,U,8,71.8087
L,1260901,1100,407,69.26,69.65,68.95,U,9,71.3667
L,1260901,1100,407,69.26,69.65,68.95,U,10,70.5486
L,1260901,1100,407,69.26,69.65,68.95,U,11,70.6840
L,1260901,1100,407,69.26,69.65,68.95,U,12,66.2179
L,1260901,1100,407,69.26,69.65,68.95,U,13,65.3728
L,1260901,1100,407,69.26,69.65,68.95,U,14,65.1311
L,1260901,1100,407,69.26,69.65,68.95,U,15,64.9348
L,1260901,1100,407,69.26,69.65,68.95,U,16,64.3285
L,1260901,1100,407,69.26,69.65,68.95,U,17,65.3221
L,1260901,1100,407,69.26,69.65,68.95,U,18,64.7958
L,1260901,1100,407,69.26,69.65,68.95,U,19,60.5370
L,1260901,1100,407,69.26,69.65,68.95,U,20,61.0198
L,1260901,1100,407,69.26,69.65,68.95,U,21,60.4694
L,1260901,1100,407,69.26,69.65,68.95,U,22,60.3641
L,1260901,1100,407,69.26,69.65,68.95,U,23,61.8813
L,1260901,1100,407,69.26,69.65,68.95,U,24,61.0830
L,1260901,1100,407,69.26,69.65,68.95,U,25,61.1735
L,1260901,1100,407,69.26,69.65,68.95,U,26,61.0780
L,1260901,1100,407,69.26,69.65,68.95,U,27,55.2525
L,1260901,1100,407,69.26,69.65,68.95,U,28,53.9442
L,1260901,1100,407,69.26,69.65,68.95,U,29,55.2151
L,1260901,1100,407,69.26,69.65,68.95,U,30,54.6335
L,1260901,1100,407,69.26,69.65,68.95,U,31,56.6935
L,1260901,1100,407,69.26,69.65,68.95,U,32,52.1110
L,1260901,1100,407,69.26,69.65,68.95,U,33,53.5268
L,1260901,1100,407,69.26,69.65,68.95,U,34,54.2209
L,1260901,1100,407,69.26,69.65,68.95,U,35,45.7060
L,1260901,1100,407,69.26,69.65,68.95,U,36,41.0264
L,1260901,1100,407,69.26,69.65,68.95,U,37,35.9405
L,1260901,1100,407,69.26,69.65,68.95,U,38,35.6817
L,1260901,1100,407,69.26,69.65,68.95,U,39,52.6600
L,1260901,1100,407,69.26,69.65,68.95,U,40,64.3720
L,1260901,1100,407,69.26,69.65,68.95,L,0,68.5758
L,1260901,1100,407,69.26,69.65,68.95,L,1,69.7452
L,1260901,1100,407,69.26,69.65,68.95,L,2,71.5888
L,1260901,1100,407,69.26,69.65,68.95,L,3,71.4963
L,1260901,1100,407,69.26,69.65,68.95,L,4,71.4979
L,1260901,1100,407,69.26,69.65,68.95,L,5,71.5967
L,1260901,1100,407,69.26,69.65,68.95,L,6,73.0771
L,1260901,1100,407,69.26,69.65,68.95,L,7,74.1146
L,1260901,1100,407,69.26,69.65,68.95,L,8,75.6588
L,1260901,1100,407,69.26,69.65,68.95,L,9,75.8168
L,1260901,1100,407,69.26,69.65,68.95,L,10,75.1175
L,1260901,1100,407,69.26,69.65,68.95,L,11,76.7996
L,1260901,1100,407,69.26,69.65,68.95,L,12,75.5812
L,1260901,1100,407,69.26,69.65,68.95,L,13,72.5300
L,1260901,1100,407,69.26,69.65,68.95,L,14,74.3004
L,1260901,1100,407,69.26,69.65,68.95,L,15,76.6919
L,1260901,1100,407,69.26,69.65,68.95,L,16,76.2829
L,1260901,1100,407,69.26,69.65,68.95,L,17,83.4300
L,1260901,1100,407,69.26,69.65,68.95,L,18,77.2300
L,1260901,1100,407,69.26,69.65,68.95,L,19,81.3586
L,1260901,1100,407,69.26,69.65,68.95,L,20,98.1800
K,1260901,1100,407,69.26,69.65,68.95,70.5657,3
L,1260901,1200,408,68.79,69.34,68.25,U,0,70.4219
L,1260901,1200,408,68.79,69.34,68.25,U,1,69.7491
L,1260901,1200,408,68.79,69.34,68.25,U,2,72.0409
L,1260901,1200,408,68.79,69.34,68.25,U,3,71.6059
L,1260901,1200,408,68.79,69.34,68.25,U,4,71.1796
L,1260901,1200,408,68.79,69.34,68.25,U,5,71.1063
L,1260901,1200,408,68.79,69.34,68.25,U,6,73.2169
L,1260901,1200,408,68.79,69.34,68.25,U,7,71.6327
L,1260901,1200,408,68.79,69.34,68.25,U,8,71.7733
L,1260901,1200,408,68.79,69.34,68.25,U,9,71.3289
L,1260901,1200,408,68.79,69.34,68.25,U,10,70.5064
L,1260901,1200,408,68.79,69.34,68.25,U,11,70.6425
L,1260901,1200,408,68.79,69.34,68.25,U,12,66.1520
L,1260901,1200,408,68.79,69.34,68.25,U,13,65.3023
L,1260901,1200,408,68.79,69.34,68.25,U,14,65.0593
L,1260901,1200,408,68.79,69.34,68.25,U,15,64.8619
L,1260901,1200,408,68.79,69.34,68.25,U,16,64.2523
L,1260901,1200,408,68.79,69.34,68.25,U,17,65.2513
L,1260901,1200,408,68.79,69.34,68.25,U,18,64.7221
L,1260901,1200,408,68.79,69.34,68.25,U,19,60.4400
L,1260901,1200,408,68.79,69.34,68.25,U,20,60.9255
L,1260901,1200,408,68.79,69.34,68.25,U,21,60.3721
L,1260901,1200,408,68.79,69.34,68.25,U,22,60.2662
L,1260901,1200,408,68.79,69.34,68.25,U,23,61.7917
L,1260901,1200,408,68.79,69.34,68.25,U,24,60.9890
L,1260901,1200,408,68.79,69.34,68.25,U,25,61.0800
L,1260901,1200,408,68.79,69.34,68.25,U,26,60.9840
L,1260901,1200,408,68.79,69.34,68.25,U,27,55.1267
L,1260901,1200,408,68.79,69.34,68.25,U,28,53.8112
L,1260901,1200,408,68.79,69.34,68.25,U,29,55.0891
L,1260901,1200,408,68.79,69.34,68.25,U,30,54.5043
L,1260901,1200,408,68.79,69.34,68.25,U,31,56.5755
L,1260901,1200,408,68.79,69.34,68.25,U,32,51.9680
L,1260901,1200,408,68.79,69.34,68.25,U,33,53.3916
L,1260901,1200,408,68.79,69.34,68.25,U,34,54.0894
L,1260901,1200,408,68.79,69.34,68.25,U,35,45.5280
L,1260901,1200,408,68.79,69.34,68.25,U,36,40.8229
L,1260901,1200,408,68.79,69.34,68.25,U,37,35.7091
L,1260901,1200,408,68.79,69.34,68.25,U,38,35.4489
L,1260901,1200,408,68.79,69.34,68.25,U,39,52.5200
L,1260901,1200,408,68.79,69.34,68.25,U,40,64.2960
L,1260901,1200,408,68.79,69.34,68.25,L,0,68.5823
L,1260901,1200,408,68.79,69.34,68.25,L,1,69.7634
L,1260901,1200,408,68.79,69.34,68.25,L,2,71.6254
L,1260901,1200,408,68.79,69.34,68.25,L,3,71.5319
L,1260901,1200,408,68.79,69.34,68.25,L,4,71.5336
L,1260901,1200,408,68.79,69.34,68.25,L,5,71.6333
L,1260901,1200,408,68.79,69.34,68.25,L,6,73.1285
L,1260901,1200,408,68.79,69.34,68.25,L,7,74.1765
L,1260901,1200,408,68.79,69.34,68.25,L,8,75.7361
L,1260901,1200,408,68.79,69.34,68.25,L,9,75.8957
L,1260901,1200,408,68.79,69.34,68.25,L,10,75.1894
L,1260901,1200,408,68.79,69.34,68.25,L,11,76.8883
L,1260901,1200,408,68.79,69.34,68.25,L,12,75.6577
L,1260901,1200,408,68.79,69.34,68.25,L,13,72.5760
L,1260901,1200,408,68.79,69.34,68.25,L,14,74.3641
L,1260901,1200,408,68.79,69.34,68.25,L,15,76.7795
L,1260901,1200,408,68.79,69.34,68.25,L,16,76.3665
L,1260901,1200,408,68.79,69.34,68.25,L,17,83.5850
L,1260901,1200,408,68.79,69.34,68.25,L,18,77.3230
L,1260901,1200,408,68.79,69.34,68.25,L,19,81.4929
L,1260901,1200,408,68.79,69.34,68.25,L,20,98.4825
X,1260901,1200,408,68.79,69.34,68.25,69.7594
X,1260901,1200,408,68.79,69.34,68.25,71.6156
X,1260901,1200,408,68.79,69.34,68.25,71.6196
X,1260901,1200,408,68.79,69.34,68.25,71.6330
K,1260901,1200,408,68.79,69.34,68.25,70.5236,3
Q,1260901,1200,408,68.79,69.34,68.25,71.6156,6
L,1260901,1300,409,69.15,69.25,68.75,U,0,70.3792
L,1260901,1300,409,69.15,69.25,68.75,U,1,69.7027
L,1260901,1300,409,69.15,69.25,68.75,U,2,72.0070
L,1260901,1300,409,69.15,69.25,68.75,U,3,71.5696
L,1260901,1300,409,69.15,69.25,68.75,U,4,71.1410
L,1260901,1300,409,69.15,69.25,68.75,U,5,71.0673
L,1260901,1300,409,69.15,69.25,68.75,U,6,73.1894
L,1260901,1300,409,69.15,69.25,68.75,U,7,71.5965
L,1260901,1300,409,69.15,69.25,68.75,U,8,71.7380
L,1260901,1300,409,69.15,69.25,68.75,U,9,71.2911
L,1260901,1300,409,69.15,69.25,68.75,U,10,70.4641
L,1260901,1300,409,69.15,69.25,68.75,U,11,70.6010
L,1260901,1300,409,69.15,69.25,68.75,U,12,66.0861
L,1260901,1300,409,69.15,69.25,68.75,U,13,65.2318
L,1260901,1300,409,69.15,69.25,68.75,U,14,64.9874
L,1260901,1300,409,69.15,69.25,68.75,U,15,64.7890
L,1260901,1300,409,69.15,69.25,68.75,U,16,64.1760
L,1260901,1300,409,69.15,69.25,68.75,U,17,65.1805
L,1260901,1300,409,69.15,69.25,68.75,U,18,64.6484
L,1260901,1300,409,69.15,69.25,68.75,U,19,60.3430
L,1260901,1300,409,69.15,69.25,68.75,U,20,60.8311
L,1260901,1300,409,69.15,69.25,68.75,U,21,60.2748
L,1260901,1300,409,69.15,69.25,68.75,U,22,60.1683
L,1260901,1300,409,69.15,69.25,68.75,U,23,61.7021
L,1260901,1300,409,69.15,69.25,68.75,U,24,60.8951
L,1260901,1300,409,69.15,69.25,68.75,U,25,60.9865
L,1260901,1300,409,69.15,69.25,68.75,U,26,60.8900
L,1260901,1300,409,69.15,69.25,68.75,U,27,55.0008
L,1260901,1300,409,69.15,69.25,68.75,U,28,53.6782
L,1260901,1300,409,69.15,69.25,68.75,U,29,54.9630
L,1260901,1300,409,69.15,69.25,68.75,U,30,54.3751
L,1260901,1300,409,69.15,69.25,68.75,U,31,56.4576
L,1260901,1300,409,69.15,69.25,68.75,U,32,51.8250
L,1260901,1300,409,69.15,69.25,68.75,U,33,53.2563
L,1260901,1300,409,69.15,69.25,68.75,U,34,53.9579
L,1260901,1300,409,69.15,69.25,68.75,U,35,45.3500
L,1260901,1300,409,69.15,69.25,68.75,U,36,40.6193
L,1260901,1300,409,69.15,69.25,68.75,U,37,35.4777
L,1260901,1300,409,69.15,69.25,68.75,U,38,35.2161
L,1260901,1300,409,69.15,69.25,68.75,U,39,52.3800
L,1260901,1300,409,69.15,69.25,68.75,U,40,64.2200
L,1260901,1300,409,69.15,69.25,68.75,L,0,68.2532
L,1260901,1300,409,69.15,69.25,68.75,L,1,68.5887
L,1260901,1300,409,69.15,69.25,68.75,L,2,69.7815
L,1260901,1300,409,69.15,69.25,68.75,L,3,71.6620
L,1260901,1300,409,69.15,69.25,68.75,L,4,71.5676
L,1260901,1300,409,69.15,69.25,68.75,L,5,71.5693
L,1260901,1300,409,69.15,69.25,68.75,L,6,71.6700
L,1260901,1300,409,69.15,69.25,68.75,L,7,73.1800
L,1260901,1300,409,69.15,69.25,68.75,L,8,74.2383
L,1260901,1300,409,69.15,69.25,68.75,L,9,75.8134
L,1260901,1300,409,69.15,69.25,68.75,L,10,75.9745
L,1260901,1300,409,69.15,69.25,68.75,L,11,75.2612
L,1260901,1300,409,69.15,69.25,68.75,L,12,76.9770
L,1260901,1300,409,69.15,69.25,68.75,L,13,75.7342
L,1260901,1300,409,69.15,69.25,68.75,L,14,72.6220
L,1260901,1300,409,69.15,69.25,68.75,L,15,74.4278
L,1260901,1300,409,69.15,69.25,68.75,L,16,76.8671
L,1260901,1300,409,69.15,69.25,68.75,L,17,76.4500
L,1260901,1300,409,69.15,69.25,68.75,L,18,83.7400
L,1260901,1300,409,69.15,69.25,68.75,L,19,77.4160
L,1260901,1300,409,69.15,69.25,68.75,L,20,81.6271
L,1260901,1300,409,69.15,69.25,68.75,L,21,98.7850
X,1260901,1300,409,69.15,69.25,68.75,71.6291
K,1260901,1300,409,69.15,69.25,68.75,70.4814,3
Q,1260901,1300,409,69.15,69.25,68.75,71.6291,6
L,1260901,1400,410,69.20,69.36,69.05,U,0,70.3365
L,1260901,1400,410,69.20,69.36,69.05,U,1,69.6564
L,1260901,1400,410,69.20,69.36,69.05,U,2,71.9731
L,1260901,1400,410,69.20,69.36,69.05,U,3,71.5334
L,1260901,1400,410,69.20,69.36,69.05,U,4,71.1025
L,1260901,1400,410,69.20,69.36,69.05,U,5,71.0284
L,1260901,1400,410,69.20,69.36,69.05,U,6,73.1619
L,1260901,1400,410,69.20,69.36,69.05,U,7,71.5604
L,1260901,1400,410,69.20,69.36,69.05,U,8,71.7026
L,1260901,1400,410,69.20,69.36,69.05,U,9,71.2533
L,1260901,1400,410,69.20,69.36,69.05,U,10,70.4219
L,1260901,1400,410,69.20,69.36,69.05,U,11,70.5595
L,1260901,1400,410,69.20,69.36,69.05,U,12,66.0202
L,1260901,1400,410,69.20,69.36,69.05,U,13,65.1612
L,1260901,1400,410,69.20,69.36,69.05,U,14,64.9156
L,1260901,1400,410,69.20,69.36,69.05,U,15,64.7160
L,1260901,1400,410,69.20,69.36,69.05,U,16,64.0998
L,1260901,1400,410,69.20,69.36,69.05,U,17,65.1097
L,1260901,1400,410,69.20,69.36,69.05,U,18,64.5747
L,1260901,1400,410,69.20,69.36,69.05,U,19,60.2461
L,1260901,1400,410,69.20,69.36,69.05,U,20,60.7368
L,1260901,1400,410,69.20,69.36,69.05,U,21,60.1774
L,1260901,1400,410,69.20,69.36,69.05,U,22,60.0704
L,1260901,1400,410,69.20,69.36,69.05,U,23,61.6125
L,1260901,1400,410,69.20,69.36,69.05,U,24,60.8011
L,1260901,1400,410,69.20,69.36,69.05,U,25,60.8930
L,1260901,1400,410,69.20,69.36,69.05,U,26,60.7960
L,1260901,1400,410,69.20,69.36,69.05,U,27,54.8750
L,1260901,1400,410,69.20,69.36,69.05,U,28,53.5453
L,1260901,1400,410,69.20,69.36,69.05,U,29,54.8370
L,1260901,1400,410,69.20,69.36,69.05,U,30,54.2459
L,1260901,1400,410,69.20,69.36,69.05,U,31,56.3396
L,1260901,1400,410,69.20,69.36,69.05,U,32,51.6820
L,1260901,1400,410,69.20,69.36,69.05,U,33,53.1211
L,1260901,1400,410,69.20,69.36,69.05,U,34,53.8265
L,1260901,1400,410,69.20,69.36,69.05,U,35,45.1720
L,1260901,1400,410,69.20,69.36,69.05,U,36,40.4157
L,1260901,1400,410,69.20,69.36,69.05,U,37,35.2464
L,1260901,1400,410,69.20,69.36,69.05,U,38,34.9833
L,1260901,1400,410,69.20,69.36,69.05,U,39,52.2400
L,1260901,1400,410,69.20,69.36,69.05,U,40,64.1440
L,1260901,1400,410,69.20,69.36,69.05,L,0,68.2563
L,1260901,1400,410,69.20,69.36,69.05,L,1,68.5952
L,1260901,1400,410,69.20,69.36,69.05,L,2,69.7997
L,1260901,1400,410,69.20,69.36,69.05,L,3,71.6986
L,1260901,1400,410,69.20,69.36,69.05,L,4,71.6033
L,1260901,1400,410,69.20,69.36,69.05,L,5,71.6049
L,1260901,1400,410,69.20,69.36,69.05,L,6,71.7067
L,1260901,1400,410,69.20,69.36,69.05,L,7,73.2315
L,1260901,1400,410,69.20,69.36,69.05,L,8,74.3002
L,1260901,1400,410,69.20,69.36,69.05,L,9,75.8907
L,1260901,1400,410,69.20,69.36,69.05,L,10,76.0534
L,1260901,1400,410,69.20,69.36,69.05,L,11,75.3331
L,1260901,1400,410,69.20,69.36,69.05,L,12,77.0657
L,1260901,1400,410,69.20,69.36,69.05,L,13,75.8107
L,1260901,1400,410,69.20,69.36,69.05,L,14,72.6680
L,1260901,1400,410,69.20,69.36,69.05,L,15,74.4915
L,1260901,1400,410,69.20,69.36,69.05,L,16,76.9548
L,1260901,1400,410,69.20,69.36,69.05,L,17,76.5335
L,1260901,1400,410,69.20,69.36,69.05,L,18,83.8950
L,1260901,1400,410,69.20,69.36,69.05,L,19,77.5090
L,1260901,1400,410,69.20,69.36,69.05,L,20,81.7614
L,1260901,1400,410,69.20,69.36,69.05,L,21,99.0875
X,1260901,1400,410,69.20,69.36,69.05,71.5686
X,1260901,1400,410,69.20,69.36,69.05,71.5695
X,1260901,1400,410,69.20,69.36,69.05,73.1861
X,1260901,1400,410,69.20,69.36,69.05,71.5820
X,1260901,1400,410,69.20,69.36,69.05,71.5828
X,1260901,1400,410,69.20,69.36,69.05,71.7046
K,1260901,1400,410,69.20,69.36,69.05,71.5111,5
Q,1260901,1400,410,69.20,69.36,69.05,71.5686,9
L,1260901,1500,411,69.15,69.25,69.07,U,0,69.3120
L,1260901,1500,411,69.15,69.25,69.07,U,1,70.2938
L,1260901,1500,411,69.15,69.25,69.07,U,2,69.6100
L,1260901,1500,411,69.15,69.25,69.07,U,3,71.9392
L,1260901,1500,411,69.15,69.25,69.07,U,4,71.4971
L,1260901,1500,411,69.15,69.25,69.07,U,5,71.0639
L,1260901,1500,411,69.15,69.25,69.07,U,6,70.9894
L,1260901,1500,411,69.15,69.25,69.07,U,7,73.1344
L,1260901,1500,411,69.15,69.25,69.07,U,8,71.5243
L,1260901,1500,411,69.15,69.25,69.07,U,9,71.6672
L,1260901,1500,411,69.15,69.25,69.07,U,10,71.2156
L,1260901,1500,411,69.15,69.25,69.07,U,11,70.3796
L,1260901,1500,411,69.15,69.25,69.07,U,12,70.5180
L,1260901,1500,411,69.15,69.25,69.07,U,13,65.9543
L,1260901,1500,411,69.15,69.25,69.07,U,14,65.0907
L,1260901,1500,411,69.15,69.25,69.07,U,15,64.8437
L,1260901,1500,411,69.15,69.25,69.07,U,16,64.6431
L,1260901,1500,411,69.15,69.25,69.07,U,17,64.0236
L,1260901,1500,411,69.15,69.25,69.07,U,18,65.0389
L,1260901,1500,411,69.15,69.25,69.07,U,19,64.5011
L,1260901,1500,411,69.15,69.25,69.07,U,20,60.1491
L,1260901,1500,411,69.15,69.25,69.07,U,21,60.6425
L,1260901,1500,411,69.15,69.25,69.07,U,22,60.0801
L,1260901,1500,411,69.15,69.25,69.07,U,23,59.9725
L,1260901,1500,411,69.15,69.25,69.07,U,24,61.5229
L,1260901,1500,411,69.15,69.25,69.07,U,25,60.7071
L,1260901,1500,411,69.15,69.25,69.07,U,26,60.7996
L,1260901,1500,411,69.15,69.25,69.07,U,27,60.7020
L,1260901,1500,411,69.15,69.25,69.07,U,28,54.7492
L,1260901,1500,411,69.15,69.25,69.07,U,29,53.4123
L,1260901,1500,411,69.15,69.25,69.07,U,30,54.7109
L,1260901,1500,411,69.15,69.25,69.07,U,31,54.1167
L,1260901,1500,411,69.15,69.25,69.07,U,32,56.2216
L,1260901,1500,411,69.15,69.25,69.07,U,33,51.5390
L,1260901,1500,411,69.15,69.25,69.07,U,34,52.9858
L,1260901,1500,411,69.15,69.25,69.07,U,35,53.6950
L,1260901,1500,411,69.15,69.25,69.07,U,36,44.9940
L,1260901,1500,411,69.15,69.25,69.07,U,37,40.2121
L,1260901,1500,411,69.15,69.25,69.07,U,38,35.0150
L,1260901,1500,411,69.15,69.25,69.07,U,39,34.7506
L,1260901,1500,411,69.15,69.25,69.07,U,40,52.1000
L,1260901,1500,411,69.15,69.25,69.07,U,41,64.0680
L,1260901,1500,411,69.15,69.25,69.07,L,0,68.2595
L,1260901,1500,411,69.15,69.25,69.07,L,1,68.6017
L,1260901,1500,411,69.15,69.25,69.07,L,2,69.8178
L,1260901,1500,411,69.15,69.25,69.07,L,3,71.7352
L,1260901,1500,411,69.15,69.25,69.07,L,4,71.6389
L,1260901,1500,411,69.15,69.25,69.07,L,5,71.6406
L,1260901,1500,411,69.15,69.25,69.07,L,6,71.7433
L,1260901,1500,411,69.15,69.25,69.07,L,7,73.2829
L,1260901,1500,411,69.15,69.25,69.07,L,8,74.3620
L,1260901,1500,411,69.15,69.25,69.07,L,9,75.9680
L,1260901,1500,411,69.15,69.25,69.07,L,10,76.1323
L,1260901,1500,411,69.15,69.25,69.07,L,11,75.4050
L,1260901,1500,411,69.15,69.25,69.07,L,12,77.1543
L,1260901,1500,411,69.15,69.25,69.07,L,13,75.8872
L,1260901,1500,411,69.15,69.25,69.07,L,14,72.7140
L,1260901,1500,411,69.15,69.25,69.07,L,15,74.5552
L,1260901,1500,411,69.15,69.25,69.07,L,16,77.0424
L,1260901,1500,411,69.15,69.25,69.07,L,17,76.6171
L,1260901,1500,411,69.15,69.25,69.07,L,18,84.0500
L,1260901,1500,411,69.15,69.25,69.07,L,19,77.6020
L,1260901,1500,411,69.15,69.25,69.07,L,20,81.8957
L,1260901,1500,411,69.15,69.25,69.07,L,21,99.3900
X,1260901,1500,411,69.15,69.25,69.07,71.7006
K,1260901,1500,411,69.15,69.25,69.07,71.1915,4
Q,1260901,1500,411,69.15,69.25,69.07,71.7006,10
L,1260901,1600,412,69.18,69.29,68.98,U,0,69.2641
L,1260901,1600,412,69.18,69.29,68.98,U,1,70.2510
L,1260901,1600,412,69.18,69.29,68.98,U,2,69.5636
L,1260901,1600,412,69.18,69.29,68.98,U,3,71.9053
L,1260901,1600,412,69.18,69.29,68.98,U,4,71.4608
L,1260901,1600,412,69.18,69.29,68.98,U,5,71.0253
L,1260901,1600,412,69.18,69.29,68.98,U,6,70.9504
L,1260901,1600,412,69.18,69.29,68.98,U,7,73.1068
L,1260901,1600,412,69.18,69.29,68.98,U,8,71.4882
L,1260901,1600,412,69.18,69.29,68.98,U,9,71.6319
L,1260901,1600,412,69.18,69.29,68.98,U,10,71.1778
L,1260901,1600,412,69.18,69.29,68.98,U,11,70.3374
L,1260901,1600,412,69.18,69.29,68.98,U,12,70.4765
L,1260901,1600,412,69.18,69.29,68.98,U,13,65.8883
L,1260901,1600,412,69.18,69.29,68.98,U,14,65.0202
L,1260901,1600,412,69.18,69.29,68.98,U,15,64.7719
L,1260901,1600,412,69.18,69.29,68.98,U,16,64.5702
L,1260901,1600,412,69.18,69.29,68.98,U,17,63.9473
L,1260901,1600,412,69.18,69.29,68.98,U,18,64.9681
L,1260901,1600,412,69.18,69.29,68.98,U,19,64.4274
L,1260901,1600,412,69.18,69.29,68.98,U,20,60.0522
L,1260901,1600,412,69.18,69.29,68.98,U,21,60.5482
L,1260901,1600,412,69.18,69.29,68.98,U,22,59.9828
L,1260901,1600,412,69.18,69.29,68.98,U,23,59.8746
L,1260901,1600,412,69.18,69.29,68.98,U,24,61.4332
L,1260901,1600,412,69.18,69.29,68.98,U,25,60.6132
L,1260901,1600,412,69.18,69.29,68.98,U,26,60.7061
L,1260901,1600,412,69.18,69.29,68.98,U,27,60.6080
L,1260901,1600,412,69.18,69.29,68.98,U,28,54.6233
L,1260901,1600,412,69.18,69.29,68.98,U,29,53.2793
L,1260901,1600,412,69.18,69.29,68.98,U,30,54.5849
L,1260901,1600,412,69.18,69.29,68.98,U,31,53.9875
L,1260901,1600,412,69.18,69.29,68.98,U,32,56.1037
L,1260901,1600,412,69.18,69.29,68.98,U,33,51.3960
L,1260901,1600,412,69.18,69.29,68.98,U,34,52.8505
L,1260901,1600,412,69.18,69.29,68.98,U,35,53.5635
L,1260901,1600,412,69.18,69.29,68.98,U,36,44.8160
L,1260901,1600,412,69.18,69.29,68.98,U,37,40.0086
L,1260901,1600,412,69.18,69.29,68.98,U,38,34.7836
L,1260901,1600,412,69.18,69.29,68.98,U,39,34.5178
L,1260901,1600,412,69.18,69.29,68.98,U,40,51.9600
L,1260901,1600,412,69.18,69.29,68.98,U,41,63.9920
L,1260901,1600,412,69.18,69.29,68.98,L,0,68.2627
L,1260901,1600,412,69.18,69.29,68.98,L,1,68.6081
L,1260901,1600,412,69.18,69.29,68.98,L,2,69.8360
L,1260901,1600,412,69.18,69.29,68.98,L,3,71.7718
L,1260901,1600,412,69.18,69.29,68.98,L,4,71.6746
L,1260901,1600,412,69.18,69.29,68.98,L,5,71.6763
L,1260901,1600,412,69.18,69.29,68.98,L,6,71.7800
L,1260901,1600,412,69.18,69.29,68.98,L,7,73.3344
L,1260901,1600,412,69.18,69.29,68.98,L,8,74.4238
L,1260901,1600,412,69.18,69.29,68.98,L,9,76.0453
L,1260901,1600,412,69.18,69.29,68.98,L,10,76.2111
L,1260901,1600,412,69.18,69.29,68.98,L,11,75.4769
L,1260901,1600,412,69.18,69.29,68.98,L,12,77.2430
L,1260901,1600,412,69.18,69.29,68.98,L,13,75.9637
L,1260901,1600,412,69.18,69.29,68.98,L,14,72.7600
L,1260901,1600,412,69.18,69.29,68.98,L,15,74.6189
L,1260901,1600,412,69.18,69.29,68.98,L,16,77.1300
L,1260901,1600,412,69.18,69.29,68.98,L,17,76.7006
L,1260901,1600,412,69.18,69.29,68.98,L,18,84.2050
L,1260901,1600,412,69.18,69.29,68.98,L,19,77.6950
L,1260901,1600,412,69.18,69.29,68.98,L,20,82.0300
L,1260901,1600,412,69.18,69.29,68.98,L,21,99.6925
X,1260901,1600,412,69.18,69.29,68.98,71.6531
X,1260901,1600,412,69.18,69.29,68.98,71.6540
K,1260901,1600,412,69.18,69.29,68.98,70.3550,3
Q,1260901,1600,412,69.18,69.29,68.98,71.6531,9
L,1260901,1700,413,69.19,69.27,69.10,U,0,69.2422
L,1260901,1700,413,69.19,69.27,69.10,U,1,69.2161
L,1260901,1700,413,69.19,69.27,69.10,U,2,70.2083
L,1260901,1700,413,69.19,69.27,69.10,U,3,69.5173
L,1260901,1700,413,69.19,69.27,69.10,U,4,71.8714
L,1260901,1700,413,69.19,69.27,69.10,U,5,71.4246
L,1260901,1700,413,69.19,69.27,69.10,U,6,70.9867
L,1260901,1700,413,69.19,69.27,69.10,U,7,70.9114
L,1260901,1700,413,69.19,69.27,69.10,U,8,73.0793
L,1260901,1700,413,69.19,69.27,69.10,U,9,71.4520
L,1260901,1700,413,69.19,69.27,69.10,U,10,71.5965
L,1260901,1700,413,69.19,69.27,69.10,U,11,71.1400
L,1260901,1700,413,69.19,69.27,69.10,U,12,70.2951
L,1260901,1700,413,69.19,69.27,69.10,U,13,70.4350
L,1260901,1700,413,69.19,69.27,69.10,U,14,65.8224
L,1260901,1700,413,69.19,69.27,69.10,U,15,64.9496
L,1260901,1700,413,69.19,69.27,69.10,U,16,64.7000
L,1260901,1700,413,69.19,69.27,69.10,U,17,64.4973
L,1260901,1700,413,69.19,69.27,69.10,U,18,63.8711
L,1260901,1700,413,69.19,69.27,69.10,U,19,64.8973
L,1260901,1700,413,69.19,69.27,69.10,U,20,64.3537
L,1260901,1700,413,69.19,69.27,69.10,U,21,59.9552
L,1260901,1700,413,69.19,69.27,69.10,U,22,60.4539
L,1260901,1700,413,69.19,69.27,69.10,U,23,59.8855
L,1260901,1700,413,69.19,69.27,69.10,U,24,59.7767
L,1260901,1700,413,69.19,69.27,69.10,U,25,61.3436
L,1260901,1700,413,69.19,69.27,69.10,U,26,60.5192
L,1260901,1700,413,69.19,69.27,69.10,U,27,60.6126
L,1260901,1700,413,69.19,69.27,69.10,U,28,60.5140
L,1260901,1700,413,69.19,69.27,69.10,U,29,54.4975
L,1260901,1700,413,69.19,69.27,69.10,U,30,53.1463
L,1260901,1700,413,69.19,69.27,69.10,U,31,54.4589
L,1260901,1700,413,69.19,69.27,69.10,U,32,53.8582
L,1260901,1700,413,69.19,69.27,69.10,U,33,55.9857
L,1260901,1700,413,69.19,69.27,69.10,U,34,51.2530
L,1260901,1700,413,69.19,69.27,69.10,U,35,52.7153
L,1260901,1700,413,69.19,69.27,69.10,U,36,53.4321
L,1260901,1700,413,69.19,69.27,69.10,U,37,44.6380
L,1260901,1700,413,69.19,69.27,69.10,U,38,39.8050
L,1260901,1700,413,69.19,69.27,69.10,U,39,34.5523
L,1260901,1700,413,69.19,69.27,69.10,U,40,34.2850
L,1260901,1700,413,69.19,69.27,69.10,U,41,51.8200
L,1260901,1700,413,69.19,69.27,69.10,U,42,63.9160
L,1260901,1700,413,69.19,69.27,69.10,L,0,68.9900
L,1260901,1700,413,69.19,69.27,69.10,L,1,68.2658
L,1260901,1700,413,69.19,69.27,69.10,L,2,68.6146
L,1260901,1700,413,69.19,69.27,69.10,L,3,69.8541
L,1260901,1700,413,69.19,69.27,69.10,L,4,71.8084
L,1260901,1700,413,69.19,69.27,69.10,L,5,71.7102
L,1260901,1700,413,69.19,69.27,69.10,L,6,71.7120
L,1260901,1700,413,69.19,69.27,69.10,L,7,71.8167
L,1260901,1700,413,69.19,69.27,69.10,L,8,73.3859
L,1260901,1700,413,69.19,69.27,69.10,L,9,74.4857
L,1260901,1700,413,69.19,69.27,69.10,L,10,76.1225
L,1260901,1700,413,69.19,69.27,69.10,L,11,76.2900
L,1260901,1700,413,69.19,69.27,69.10,L,12,75.5487
L,1260901,1700,413,69.19,69.27,69.10,L,13,77.3317
L,1260901,1700,413,69.19,69.27,69.10,L,14,76.0402
L,1260901,1700,413,69.19,69.27,69.10,L,15,72.8060
L,1260901,1700,413,69.19,69.27,69.10,L,16,74.6826
L,1260901,1700,413,69.19,69.27,69.10,L,17,77.2176
L,1260901,1700,413,69.19,69.27,69.10,L,18,76.7841
L,1260901,1700,413,69.19,69.27,69.10,L,19,84.3600
L,1260901,1700,413,69.19,69.27,69.10,L,20,77.7880
L,1260901,1700,413,69.19,69.27,69.10,L,21,82.1643
L,1260901,1700,413,69.19,69.27,69.10,L,22,99.9950
K,1260901,1700,413,69.19,69.27,69.10,70.3128,3
L,1260902,200,414,68.10,69.11,67.95,U,0,69.1944
L,1260902,200,414,68.10,69.11,67.95,U,1,69.1682
L,1260902,200,414,68.10,69.11,67.95,U,2,70.1656
L,1260902,200,414,68.10,69.11,67.95,U,3,69.4709
L,1260902,200,414,68.10,69.11,67.95,U,4,71.8375
L,1260902,200,414,68.10,69.11,67.95,U,5,71.3883
L,1260902,200,414,68.10,69.11,67.95,U,6,70.9481
L,1260902,200,414,68.10,69.11,67.95,U,7,70.8724
L,1260902,200,414,68.10,69.11,67.95,U,8,73.0518
L,1260902,200,414,68.10,69.11,67.95,U,9,71.4159
L,1260902,200,414,68.10,69.11,67.95,U,10,71.5612
L,1260902,200,414,68.10,69.11,67.95,U,11,71.1022
L,1260902,200,414,68.10,69.11,67.95,U,12,70.2529
L,1260902,200,414,68.10,69.11,67.95,U,13,70.3935
L,1260902,200,414,68.10,69.11,67.95,U,14,65.7565
L,1260902,200,414,68.10,69.11,67.95,U,15,64.8791
L,1260902,200,414,68.10,69.11,67.95,U,16,64.6281
L,1260902,200,414,68.10,69.11,67.95,U,17,64.4243
L,1260902,200,414,68.10,69.11,67.95,U,18,63.7949
L,1260902,200,414,68.10,69.11,67.95,U,19,64.8265
L,1260902,200,414,68.10,69.11,67.95,U,20,64.2800
L,1260902,200,414,68.10,69.11,67.95,U,21,59.8583
L,1260902,200,414,68.10,69.11,67.95,U,22,60.3595
L,1260902,200,414,68.10,69.11,67.95,U,23,59.7881
L,1260902,200,414,68.10,69.11,67.95,U,24,59.6788
L,1260902,200,414,68.10,69.11,67.95,U,25,61.2540
L,1260902,200,414,68.10,69.11,67.95,U,26,60.4252
L,1260902,200,414,68.10,69.11,67.95,U,27,60.5191
L,1260902,200,414,68.10,69.11,67.95,U,28,60.4200
L,1260902,200,414,68.10,69.11,67.95,U,29,54.3717
L,1260902,200,414,68.10,69.11,67.95,U,30,53.0133
L,1260902,200,414,68.10,69.11,67.95,U,31,54.3328
L,1260902,200,414,68.10,69.11,67.95,U,32,53.7290
L,1260902,200,414,68.10,69.11,67.95,U,33,55.8678
L,1260902,200,414,68.10,69.11,67.95,U,34,51.1100
L,1260902,200,414,68.10,69.11,67.95,U,35,52.5800
L,1260902,200,414,68.10,69.11,67.95,U,36,53.3006
L,1260902,200,414,68.10,69.11,67.95,U,37,44.4600
L,1260902,200,414,68.10,69.11,67.95,U,38,39.6014
L,1260902,200,414,68.10,69.11,67.95,U,39,34.3209
L,1260902,200,414,68.10,69.11,67.95,U,40,34.0522
L,1260902,200,414,68.10,69.11,67.95,U,41,51.6800
L,1260902,200,414,68.10,69.11,67.95,U,42,63.8400
L,1260902,200,414,68.10,69.11,67.95,L,0,69.0000
L,1260902,200,414,68.10,69.11,67.95,L,1,68.2690
L,1260902,200,414,68.10,69.11,67.95,L,2,68.6210
L,1260902,200,414,68.10,69.11,67.95,L,3,69.8723
L,1260902,200,414,68.10,69.11,67.95,L,4,71.8449
L,1260902,200,414,68.10,69.11,67.95,L,5,71.7459
L,1260902,200,414,68.10,69.11,67.95,L,6,71.7477
L,1260902,200,414,68.10,69.11,67.95,L,7,71.8533
L,1260902,200,414,68.10,69.11,67.95,L,8,73.4374
L,1260902,200,414,68.10,69.11,67.95,L,9,74.5475
L,1260902,200,414,68.10,69.11,67.95,L,10,76.1998
L,1260902,200,414,68.10,69.11,67.95,L,11,76.3689
L,1260902,200,414,68.10,69.11,67.95,L,12,75.6206
L,1260902,200,414,68.10,69.11,67.95,L,13,77.4204
L,1260902,200,414,68.10,69.11,67.95,L,14,76.1167
L,1260902,200,414,68.10,69.11,67.95,L,15,72.8520
L,1260902,200,414,68.10,69.11,67.95,L,16,74.7463
L,1260902,200,414,68.10,69.11,67.95,L,17,77.3052
L,1260902,200,414,68.10,69.11,67.95,L,18,76.8676
L,1260902,200,414,68.10,69.11,67.95,L,19,84.5150
L,1260902,200,414,68.10,69.11,67.95,L,20,77.8810
L,1260902,200,414,68.10,69.11,67.95,L,21,82.2986
L,1260902,200,414,68.10,69.11,67.95,L,22,100.2975
X,1260902,200,414,68.10,69.11,67.95,71.8411
X,1260902,200,414,68.10,69.11,67.95,71.8451
K,1260902,200,414,68.10,69.11,67.95,69.1208,3
Q,1260902,200,414,68.10,69.11,67.95,71.8411,5
L,1260902,300,415,68.05,68.44,67.85,U,0,69.1465
L,1260902,300,415,68.05,68.44,67.85,U,1,69.1202
L,1260902,300,415,68.05,68.44,67.85,U,2,70.1229
L,1260902,300,415,68.05,68.44,67.85,U,3,69.4245
L,1260902,300,415,68.05,68.44,67.85,U,4,71.8036
L,1260902,300,415,68.05,68.44,67.85,U,5,71.3520
L,1260902,300,415,68.05,68.44,67.85,U,6,70.9095
L,1260902,300,415,68.05,68.44,67.85,U,7,70.8334
L,1260902,300,415,68.05,68.44,67.85,U,8,73.0243
L,1260902,300,415,68.05,68.44,67.85,U,9,71.3798
L,1260902,300,415,68.05,68.44,67.85,U,10,71.5258
L,1260902,300,415,68.05,68.44,67.85,U,11,71.0644
L,1260902,300,415,68.05,68.44,67.85,U,12,70.2106
L,1260902,300,415,68.05,68.44,67.85,U,13,70.3520
L,1260902,300,415,68.05,68.44,67.85,U,14,65.6906
L,1260902,300,415,68.05,68.44,67.85,U,15,64.8086
L,1260902,300,415,68.05,68.44,67.85,U,16,64.5563
L,1260902,300,415,68.05,68.44,67.85,U,17,64.3514
L,1260902,300,415,68.05,68.44,67.85,U,18,63.7186
L,1260902,300,415,68.05,68.44,67.85,U,19,64.7557
L,1260902,300,415,68.05,68.44,67.85,U,20,64.2063
L,1260902,300,415,68.05,68.44,67.85,U,21,59.7613
L,1260902,300,415,68.05,68.44,67.85,U,22,60.2652
L,1260902,300,415,68.05,68.44,67.85,U,23,59.6908
L,1260902,300,415,68.05,68.44,67.85,U,24,59.5809
L,1260902,300,415,68.05,68.44,67.85,U,25,61.1644
L,1260902,300,415,68.05,68.44,67.85,U,26,60.3312
L,1260902,300,415,68.05,68.44,67.85,U,27,60.4257
L,1260902,300,415,68.05,68.44,67.85,U,28,60.3260
L,1260902,300,415,68.05,68.44,67.85,U,29,54.2458
L,1260902,300,415,68.05,68.44,67.85,U,30,52.8804
L,1260902,300,415,68.05,68.44,67.85,U,31,54.2068
L,1260902,300,415,68.05,68.44,67.85,U,32,53.5998
L,1260902,300,415,68.05,68.44,67.85,U,33,55.7498
L,1260902,300,415,68.05,68.44,67.85,U,34,50.9670
L,1260902,300,415,68.05,68.44,67.85,U,35,52.4447
L,1260902,300,415,68.05,68.44,67.85,U,36,53.1691
L,1260902,300,415,68.05,68.44,67.85,U,37,44.2820
L,1260902,300,415,68.05,68.44,67.85,U,38,39.3979
L,1260902,300,415,68.05,68.44,67.85,U,39,34.0895
L,1260902,300,415,68.05,68.44,67.85,U,40,33.8194
L,1260902,300,415,68.05,68.44,67.85,U,41,51.5400
L,1260902,300,415,68.05,68.44,67.85,U,42,63.7640
L,1260902,300,415,68.05,68.44,67.85,L,0,69.0100
L,1260902,300,415,68.05,68.44,67.85,L,1,68.2722
L,1260902,300,415,68.05,68.44,67.85,L,2,68.6275
L,1260902,300,415,68.05,68.44,67.85,L,3,69.8904
L,1260902,300,415,68.05,68.44,67.85,L,4,71.8815
L,1260902,300,415,68.05,68.44,67.85,L,5,71.7816
L,1260902,300,415,68.05,68.44,67.85,L,6,71.7833
L,1260902,300,415,68.05,68.44,67.85,L,7,71.8900
L,1260902,300,415,68.05,68.44,67.85,L,8,73.4888
L,1260902,300,415,68.05,68.44,67.85,L,9,74.6094
L,1260902,300,415,68.05,68.44,67.85,L,10,76.2771
L,1260902,300,415,68.05,68.44,67.85,L,11,76.4477
L,1260902,300,415,68.05,68.44,67.85,L,12,75.6925
L,1260902,300,415,68.05,68.44,67.85,L,13,77.5091
L,1260902,300,415,68.05,68.44,67.85,L,14,76.1933
L,1260902,300,415,68.05,68.44,67.85,L,15,72.8980
L,1260902,300,415,68.05,68.44,67.85,L,16,74.8100
L,1260902,300,415,68.05,68.44,67.85,L,17,77.3929
L,1260902,300,415,68.05,68.44,67.85,L,18,76.9512
L,1260902,300,415,68.05,68.44,67.85,L,19,84.6700
L,1260902,300,415,68.05,68.44,67.85,L,20,77.9740
L,1260902,300,415,68.05,68.44,67.85,L,21,82.4329
L,1260902,300,415,68.05,68.44,67.85,L,22,100.6000
K,1260902,300,415,68.05,68.44,67.85,69.0923,3
A,1260902,400,416,68.16,68.22,67.90,L,415,67.8500
L,1260902,400,416,68.16,68.22,67.90,U,0,69.0987
L,1260902,400,416,68.16,68.22,67.90,U,1,69.0723
L,1260902,400,416,68.16,68.22,67.90,U,2,70.0802
L,1260902,400,416,68.16,68.22,67.90,U,3,69.3782
L,1260902,400,416,68.16,68.22,67.90,U,4,71.7697
L,1260902,400,416,68.16,68.22,67.90,U,5,71.3157
L,1260902,400,416,68.16,68.22,67.90,U,6,70.8709
L,1260902,400,416,68.16,68.22,67.90,U,7,70.7944
L,1260902,400,416,68.16,68.22,67.90,U,8,72.9968
L,1260902,400,416,68.16,68.22,67.90,U,9,71.3437
L,1260902,400,416,68.16,68.22,67.90,U,10,71.4904
L,1260902,400,416,68.16,68.22,67.90,U,11,71.0267
L,1260902,400,416,68.16,68.22,67.90,U,12,70.1684
L,1260902,400,416,68.16,68.22,67.90,U,13,70.3105
L,1260902,400,416,68.16,68.22,67.90,U,14,65.6247
L,1260902,400,416,68.16,68.22,67.90,U,15,64.7381
L,1260902,400,416,68.16,68.22,67.90,U,16,64.4844
L,1260902,400,416,68.16,68.22,67.90,U,17,64.2785
L,1260902,400,416,68.16,68.22,67.90,U,18,63.6424
L,1260902,400,416,68.16,68.22,67.90,U,19,64.6848
L,1260902,400,416,68.16,68.22,67.90,U,20,64.1326
L,1260902,400,416,68.16,68.22,67.90,U,21,59.6643
L,1260902,400,416,68.16,68.22,67.90,U,22,60.1709
L,1260902,400,416,68.16,68.22,67.90,U,23,59.5935
L,1260902,400,416,68.16,68.22,67.90,U,24,59.4830
L,1260902,400,416,68.16,68.22,67.90,U,25,61.0748
L,1260902,400,416,68.16,68.22,67.90,U,26,60.2373
L,1260902,400,416,68.16,68.22,67.90,U,27,60.3322
L,1260902,400,416,68.16,68.22,67.90,U,28,60.2320
L,1260902,400,416,68.16,68.22,67.90,U,29,54.1200
L,1260902,400,416,68.16,68.22,67.90,U,30,52.7474
L,1260902,400,416,68.16,68.22,67.90,U,31,54.0808
L,1260902,400,416,68.16,68.22,67.90,U,32,53.4706
L,1260902,400,416,68.16,68.22,67.90,U,33,55.6318
L,1260902,400,416,68.16,68.22,67.90,U,34,50.8240
L,1260902,400,416,68.16,68.22,67.90,U,35,52.3095
L,1260902,400,416,68.16,68.22,67.90,U,36,53.0376
L,1260902,400,416,68.16,68.22,67.90,U,37,44.1040
L,1260902,400,416,68.16,68.22,67.90,U,38,39.1943
L,1260902,400,416,68.16,68.22,67.90,U,39,33.8582
L,1260902,400,416,68.16,68.22,67.90,U,40,33.5867
L,1260902,400,416,68.16,68.22,67.90,U,41,51.4000
L,1260902,400,416,68.16,68.22,67.90,U,42,63.6880
L,1260902,500,417,68.85,68.85,67.75,U,0,69.0509
L,1260902,500,417,68.85,68.85,67.75,U,1,69.0243
L,1260902,500,417,68.85,68.85,67.75,U,2,70.0375
L,1260902,500,417,68.85,68.85,67.75,U,3,69.3318
L,1260902,500,417,68.85,68.85,67.75,U,4,71.7357
L,1260902,500,417,68.85,68.85,67.75,U,5,71.2795
L,1260902,500,417,68.85,68.85,67.75,U,6,70.8323
L,1260902,500,417,68.85,68.85,67.75,U,7,70.7554
L,1260902,500,417,68.85,68.85,67.75,U,8,72.9693
L,1260902,500,417,68.85,68.85,67.75,U,9,71.3075
L,1260902,500,417,68.85,68.85,67.75,U,10,71.4551
L,1260902,500,417,68.85,68.85,67.75,U,11,70.9889
L,1260902,500,417,68.85,68.85,67.75,U,12,70.1261
L,1260902,500,417,68.85,68.85,67.75,U,13,70.2690
L,1260902,500,417,68.85,68.85,67.75,U,14,65.5588
L,1260902,500,417,68.85,68.85,67.75,U,15,64.6675
L,1260902,500,417,68.85,68.85,67.75,U,16,64.4126
L,1260902,500,417,68.85,68.85,67.75,U,17,64.2056
L,1260902,500,417,68.85,68.85,67.75,U,18,63.5661
L,1260902,500,417,68.85,68.85,67.75,U,19,64.6140
L,1260902,500,417,68.85,68.85,67.75,U,20,64.0589
L,1260902,500,417,68.85,68.85,67.75,U,21,59.5674
L,1260902,500,417,68.85,68.85,67.75,U,22,60.0766
L,1260902,500,417,68.85,68.85,67.75,U,23,59.4962
L,1260902,500,417,68.85,68.85,67.75,U,24,59.3851
L,1260902,500,417,68.85,68.85,67.75,U,25,60.9852
L,1260902,500,417,68.85,68.85,67.75,U,26,60.1433
L,1260902,500,417,68.85,68.85,67.75,U,27,60.2387
L,1260902,500,417,68.85,68.85,67.75,U,28,60.1380
L,1260902,500,417,68.85,68.85,67.75,U,29,53.9942
L,1260902,500,417,68.85,68.85,67.75,U,30,52.6144
L,1260902,500,417,68.85,68.85,67.75,U,31,53.9547
L,1260902,500,417,68.85,68.85,67.75,U,32,53.3414
L,1260902,500,417,68.85,68.85,67.75,U,33,55.5139
L,1260902,500,417,68.85,68.85,67.75,U,34,50.6810
L,1260902,500,417,68.85,68.85,67.75,U,35,52.1742
L,1260902,500,417,68.85,68.85,67.75,U,36,52.9062
L,1260902,500,417,68.85,68.85,67.75,U,37,43.9260
L,1260902,500,417,68.85,68.85,67.75,U,38,38.9907
L,1260902,500,417,68.85,68.85,67.75,U,39,33.6268
L,1260902,500,417,68.85,68.85,67.75,U,40,33.3539
L,1260902,500,417,68.85,68.85,67.75,U,41,51.2600
L,1260902,500,417,68.85,68.85,67.75,U,42,63.6120
K,1260902,500,417,68.85,68.85,67.75,70.1442,3
A,1260902,600,418,68.56,69.32,68.51,L,417,67.7500
L,1260902,600,418,68.56,69.32,68.51,U,0,69.0031
L,1260902,600,418,68.56,69.32,68.51,U,1,68.9763
L,1260902,600,418,68.56,69.32,68.51,U,2,69.9948
L,1260902,600,418,68.56,69.32,68.51,U,3,69.2855
L,1260902,600,418,68.56,69.32,68.51,U,4,71.7018
L,1260902,600,418,68.56,69.32,68.51,U,5,71.2432
L,1260902,600,418,68.56,69.32,68.51,U,6,70.7937
L,1260902,600,418,68.56,69.32,68.51,U,7,70.7165
L,1260902,600,418,68.56,69.32,68.51,U,8,72.9417
L,1260902,600,418,68.56,69.32,68.51,U,9,71.2714
L,1260902,600,418,68.56,69.32,68.51,U,10,71.4197
L,1260902,600,418,68.56,69.32,68.51,U,11,70.9511
L,1260902,600,418,68.56,69.32,68.51,U,12,70.0839
L,1260902,600,418,68.56,69.32,68.51,U,13,70.2275
L,1260902,600,418,68.56,69.32,68.51,U,14,65.4929
L,1260902,600,418,68.56,69.32,68.51,U,15,64.5970
L,1260902,600,418,68.56,69.32,68.51,U,16,64.3407
L,1260902,600,418,68.56,69.32,68.51,U,17,64.1326
L,1260902,600,418,68.56,69.32,68.51,U,18,63.4899
L,1260902,600,418,68.56,69.32,68.51,U,19,64.5432
L,1260902,600,418,68.56,69.32,68.51,U,20,63.9853
L,1260902,600,418,68.56,69.32,68.51,U,21,59.4704
L,1260902,600,418,68.56,69.32,68.51,U,22,59.9823
L,1260902,600,418,68.56,69.32,68.51,U,23,59.3988
L,1260902,600,418,68.56,69.32,68.51,U,24,59.2872
L,1260902,600,418,68.56,69.32,68.51,U,25,60.8956
L,1260902,600,418,68.56,69.32,68.51,U,26,60.0493
L,1260902,600,418,68.56,69.32,68.51,U,27,60.1452
L,1260902,600,418,68.56,69.32,68.51,U,28,60.0440
L,1260902,600,418,68.56,69.32,68.51,U,29,53.8683
L,1260902,600,418,68.56,69.32,68.51,U,30,52.4814
L,1260902,600,418,68.56,69.32,68.51,U,31,53.8287
L,1260902,600,418,68.56,69.32,68.51,U,32,53.2122
L,1260902,600,418,68.56,69.32,68.51,U,33,55.3959
L,1260902,600,418,68.56,69.32,68.51,U,34,50.5380
L,1260902,600,418,68.56,69.32,68.51,U,35,52.0389
L,1260902,600,418,68.56,69.32,68.51,U,36,52.7747
L,1260902,600,418,68.56,69.32,68.51,U,37,43.7480
L,1260902,600,418,68.56,69.32,68.51,U,38,38.7871
L,1260902,600,418,68.56,69.32,68.51,U,39,33.3955
L,1260902,600,418,68.56,69.32,68.51,U,40,33.1211
L,1260902,600,418,68.56,69.32,68.51,U,41,51.1200
L,1260902,600,418,68.56,69.32,68.51,U,42,63.5360
K,1260902,600,418,68.56,69.32,68.51,70.1020,3
L,1260902,700,419,68.70,69.10,68.39,U,0,69.2738
L,1260902,700,419,68.70,69.10,68.39,U,1,68.9553
L,1260902,700,419,68.70,69.10,68.39,U,2,68.9284
L,1260902,700,419,68.70,69.10,68.39,U,3,69.9521
L,1260902,700,419,68.70,69.10,68.39,U,4,69.2391
L,1260902,700,419,68.70,69.10,68.39,U,5,71.6679
L,1260902,700,419,68.70,69.10,68.39,U,6,71.2069
L,1260902,700,419,68.70,69.10,68.39,U,7,70.7552
L,1260902,700,419,68.70,69.10,68.39,U,8,70.6775
L,1260902,700,419,68.70,69.10,68.39,U,9,72.9142
L,1260902,700,419,68.70,69.10,68.39,U,10,71.2353
L,1260902,700,419,68.70,69.10,68.39,U,11,71.3843
L,1260902,700,419,68.70,69.10,68.39,U,12,70.9133
L,1260902,700,419,68.70,69.10,68.39,U,13,70.0416
L,1260902,700,419,68.70,69.10,68.39,U,14,70.1860
L,1260902,700,419,68.70,69.10,68.39,U,15,65.4270
L,1260902,700,419,68.70,69.10,68.39,U,16,64.5265
L,1260902,700,419,68.70,69.10,68.39,U,17,64.2689
L,1260902,700,419,68.70,69.10,68.39,U,18,64.0597
L,1260902,700,419,68.70,69.10,68.39,U,19,63.4137
L,1260902,700,419,68.70,69.10,68.39,U,20,64.4724
L,1260902,700,419,68.70,69.10,68.39,U,21,63.9116
L,1260902,700,419,68.70,69.10,68.39,U,22,59.3735
L,1260902,700,419,68.70,69.10,68.39,U,23,59.8880
L,1260902,700,419,68.70,69.10,68.39,U,24,59.3015
L,1260902,700,419,68.70,69.10,68.39,U,25,59.1893
L,1260902,700,419,68.70,69.10,68.39,U,26,60.8060
L,1260902,700,419,68.70,69.10,68.39,U,27,59.9553
L,1260902,700,419,68.70,69.10,68.39,U,28,60.0517
L,1260902,700,419,68.70,69.10,68.39,U,29,59.9500
L,1260902,700,419,68.70,69.10,68.39,U,30,53.7425
L,1260902,700,419,68.70,69.10,68.39,U,31,52.3484
L,1260902,700,419,68.70,69.10,68.39,U,32,53.7026
L,1260902,700,419,68.70,69.10,68.39,U,33,53.0829
L,1260902,700,419,68.70,69.10,68.39,U,34,55.2780
L,1260902,700,419,68.70,69.10,68.39,U,35,50.3950
L,1260902,700,419,68.70,69.10,68.39,U,36,51.9037
L,1260902,700,419,68.70,69.10,68.39,U,37,52.6432
L,1260902,700,419,68.70,69.10,68.39,U,38,43.5700
L,1260902,700,419,68.70,69.10,68.39,U,39,38.5836
L,1260902,700,419,68.70,69.10,68.39,U,40,33.1641
L,1260902,700,419,68.70,69.10,68.39,U,41,32.8883
L,1260902,700,419,68.70,69.10,68.39,U,42,50.9800
L,1260902,700,419,68.70,69.10,68.39,U,43,63.4600
K,1260902,700,419,68.70,69.10,68.39,70.0599,3
L,1260902,800,420,69.11,69.76,68.49,U,0,69.2276
L,1260902,800,420,69.11,69.76,68.49,U,1,68.9074
L,1260902,800,420,69.11,69.76,68.49,U,2,68.8804
L,1260902,800,420,69.11,69.76,68.49,U,3,69.9094
L,1260902,800,420,69.11,69.76,68.49,U,4,69.1927
L,1260902,800,420,69.11,69.76,68.49,U,5,71.6340
L,1260902,800,420,69.11,69.76,68.49,U,6,71.1707
L,1260902,800,420,69.11,69.76,68.49,U,7,70.7166
L,1260902,800,420,69.11,69.76,68.49,U,8,70.6385
L,1260902,800,420,69.11,69.76,68.49,U,9,72.8867
L,1260902,800,420,69.11,69.76,68.49,U,10,71.1992
L,1260902,800,420,69.11,69.76,68.49,U,11,71.3490
L,1260902,800,420,69.11,69.76,68.49,U,12,70.8756
L,1260902,800,420,69.11,69.76,68.49,U,13,69.9994
L,1260902,800,420,69.11,69.76,68.49,U,14,70.1444
L,1260902,800,420,69.11,69.76,68.49,U,15,65.3610
L,1260902,800,420,69.11,69.76,68.49,U,16,64.4559
L,1260902,800,420,69.11,69.76,68.49,U,17,64.1970
L,1260902,800,420,69.11,69.76,68.49,U,18,63.9868
L,1260902,800,420,69.11,69.76,68.49,U,19,63.3374
L,1260902,800,420,69.11,69.76,68.49,U,20,64.4016
L,1260902,800,420,69.11,69.76,68.49,U,21,63.8379
L,1260902,800,420,69.11,69.76,68.49,U,22,59.2765
L,1260902,800,420,69.11,69.76,68.49,U,23,59.7936
L,1260902,800,420,69.11,69.76,68.49,U,24,59.2042
L,1260902,800,420,69.11,69.76,68.49,U,25,59.0914
L,1260902,800,420,69.11,69.76,68.49,U,26,60.7164
L,1260902,800,420,69.11,69.76,68.49,U,27,59.8614
L,1260902,800,420,69.11,69.76,68.49,U,28,59.9583
L,1260902,800,420,69.11,69.76,68.49,U,29,59.8560
L,1260902,800,420,69.11,69.76,68.49,U,30,53.6167
L,1260902,800,420,69.11,69.76,68.49,U,31,52.2154
L,1260902,800,420,69.11,69.76,68.49,U,32,53.5766
L,1260902,800,420,69.11,69.76,68.49,U,33,52.9537
L,1260902,800,420,69.11,69.76,68.49,U,34,55.1600
L,1260902,800,420,69.11,69.76,68.49,U,35,50.2520
L,1260902,800,420,69.11,69.76,68.49,U,36,51.7684
L,1260902,800,420,69.11,69.76,68.49,U,37,52.5118
L,1260902,800,420,69.11,69.76,68.49,U,38,43.3920
L,1260902,800,420,69.11,69.76,68.49,U,39,38.3800
L,1260902,800,420,69.11,69.76,68.49,U,40,32.9327
L,1260902,800,420,69.11,69.76,68.49,U,41,32.6556
L,1260902,800,420,69.11,69.76,68.49,U,42,50.8400
L,1260902,800,420,69.11,69.76,68.49,U,43,63.3840
L,1260902,800,420,69.11,69.76,68.49,L,0,68.7100
K,1260902,800,420,69.11,69.76,68.49,68.8326,3
L,1260902,900,421,69.58,69.74,69.01,U,0,69.7165
L,1260902,900,421,69.58,69.74,69.01,U,1,69.1814
L,1260902,900,421,69.58,69.74,69.01,U,2,68.8596
L,1260902,900,421,69.58,69.74,69.01,U,3,68.8325
L,1260902,900,421,69.58,69.74,69.01,U,4,69.8667
L,1260902,900,421,69.58,69.74,69.01,U,5,69.1464
L,1260902,900,421,69.58,69.74,69.01,U,6,71.6001
L,1260902,900,421,69.58,69.74,69.01,U,7,71.1344
L,1260902,900,421,69.58,69.74,69.01,U,8,70.6780
L,1260902,900,421,69.58,69.74,69.01,U,9,70.5995
L,1260902,900,421,69.58,69.74,69.01,U,10,72.8592
L,1260902,900,421,69.58,69.74,69.01,U,11,71.1630
L,1260902,900,421,69.58,69.74,69.01,U,12,71.3136
L,1260902,900,421,69.58,69.74,69.01,U,13,70.8378
L,1260902,900,421,69.58,69.74,69.01,U,14,69.9571
L,1260902,900,421,69.58,69.74,69.01,U,15,70.1029
L,1260902,900,421,69.58,69.74,69.01,U,16,65.2951
L,1260902,900,421,69.58,69.74,69.01,U,17,64.3854
L,1260902,900,421,69.58,69.74,69.01,U,18,64.1252
L,1260902,900,421,69.58,69.74,69.01,U,19,63.9139
L,1260902,900,421,69.58,69.74,69.01,U,20,63.2612
L,1260902,900,421,69.58,69.74,69.01,U,21,64.3308
L,1260902,900,421,69.58,69.74,69.01,U,22,63.7642
L,1260902,900,421,69.58,69.74,69.01,U,23,59.1796
L,1260902,900,421,69.58,69.74,69.01,U,24,59.6993
L,1260902,900,421,69.58,69.74,69.01,U,25,59.1069
L,1260902,900,421,69.58,69.74,69.01,U,26,58.9935
L,1260902,900,421,69.58,69.74,69.01,U,27,60.6268
L,1260902,900,421,69.58,69.74,69.01,U,28,59.7674
L,1260902,900,421,69.58,69.74,69.01,U,29,59.8648
L,1260902,900,421,69.58,69.74,69.01,U,30,59.7620
L,1260902,900,421,69.58,69.74,69.01,U,31,53.4908
L,1260902,900,421,69.58,69.74,69.01,U,32,52.0825
L,1260902,900,421,69.58,69.74,69.01,U,33,53.4506
L,1260902,900,421,69.58,69.74,69.01,U,34,52.8245
L,1260902,900,421,69.58,69.74,69.01,U,35,55.0420
L,1260902,900,421,69.58,69.74,69.01,U,36,50.1090
L,1260902,900,421,69.58,69.74,69.01,U,37,51.6332
L,1260902,900,421,69.58,69.74,69.01,U,38,52.3803
L,1260902,900,421,69.58,69.74,69.01,U,39,43.2140
L,1260902,900,421,69.58,69.74,69.01,U,40,38.1764
L,1260902,900,421,69.58,69.74,69.01,U,41,32.7014
L,1260902,900,421,69.58,69.74,69.01,U,42,32.4228
L,1260902,900,421,69.58,69.74,69.01,U,43,50.7000
L,1260902,900,421,69.58,69.74,69.01,U,44,63.3080
L,1260902,900,421,69.58,69.74,69.01,L,0,69.0300
X,1260902,900,421,69.58,69.74,69.01,68.8818
X,1260902,900,421,69.58,69.74,69.01,68.8582
K,1260902,900,421,69.58,69.74,69.01,69.0100,5
Q,1260902,900,421,69.58,69.74,69.01,68.8818,2
L,1260902,1000,422,69.35,69.66,69.23,U,0,69.6731
L,1260902,1000,422,69.35,69.66,69.23,U,1,69.1353
L,1260902,1000,422,69.35,69.66,69.23,U,2,68.8118
L,1260902,1000,422,69.35,69.66,69.23,U,3,68.7845
L,1260902,1000,422,69.35,69.66,69.23,U,4,69.8240
L,1260902,1000,422,69.35,69.66,69.23,U,5,69.1000
L,1260902,1000,422,69.35,69.66,69.23,U,6,71.5662
L,1260902,1000,422,69.35,69.66,69.23,U,7,71.0981
L,1260902,1000,422,69.35,69.66,69.23,U,8,70.6394
L,1260902,1000,422,69.35,69.66,69.23,U,9,70.5605
L,1260902,1000,422,69.35,69.66,69.23,U,10,72.8317
L,1260902,1000,422,69.35,69.66,69.23,U,11,71.1269
L,1260902,1000,422,69.35,69.66,69.23,U,12,71.2783
L,1260902,1000,422,69.35,69.66,69.23,U,13,70.8000
L,1260902,1000,422,69.35,69.66,69.23,U,14,69.9149
L,1260902,1000,422,69.35,69.66,69.23,U,15,70.0614
L,1260902,1000,422,69.35,69.66,69.23,U,16,65.2292
L,1260902,1000,422,69.35,69.66,69.23,U,17,64.3149
L,1260902,1000,422,69.35,69.66,69.23,U,18,64.0533
L,1260902,1000,422,69.35,69.66,69.23,U,19,63.8409
L,1260902,1000,422,69.35,69.66,69.23,U,20,63.1850
L,1260902,1000,422,69.35,69.66,69.23,U,21,64.2600
L,1260902,1000,422,69.35,69.66,69.23,U,22,63.6905
L,1260902,1000,422,69.35,69.66,69.23,U,23,59.0826
L,1260902,1000,422,69.35,69.66,69.23,U,24,59.6050
L,1260902,1000,422,69.35,69.66,69.23,U,25,59.0095
L,1260902,1000,422,69.35,69.66,69.23,U,26,58.8956
L,1260902,1000,422,69.35,69.66,69.23,U,27,60.5371
L,1260902,1000,422,69.35,69.66,69.23,U,28,59.6734
L,1260902,1000,422,69.35,69.66,69.23,U,29,59.7713
L,1260902,1000,422,69.35,69.66,69.23,U,30,59.6680
L,1260902,1000,422,69.35,69.66,69.23,U,31,53.3650
L,1260902,1000,422,69.35,69.66,69.23,U,32,51.9495
L,1260902,1000,422,69.35,69.66,69.23,U,33,53.3245
L,1260902,1000,422,69.35,69.66,69.23,U,34,52.6953
L,1260902,1000,422,69.35,69.66,69.23,U,35,54.9241
L,1260902,1000,422,69.35,69.66,69.23,U,36,49.9660
L,1260902,1000,422,69.35,69.66,69.23,U,37,51.4979
L,1260902,1000,422,69.35,69.66,69.23,U,38,52.2488
L,1260902,1000,422,69.35,69.66,69.23,U,39,43.0360
L,1260902,1000,422,69.35,69.66,69.23,U,40,37.9729
L,1260902,1000,422,69.35,69.66,69.23,U,41,32.4700
L,1260902,1000,422,69.35,69.66,69.23,U,42,32.1900
L,1260902,1000,422,69.35,69.66,69.23,U,43,50.5600
L,1260902,1000,422,69.35,69.66,69.23,U,44,63.2320
L,1260902,1000,422,69.35,69.66,69.23,L,0,69.3500
X,1260902,1000,422,69.35,69.66,69.23,69.1623
X,1260902,1000,422,69.35,69.66,69.23,69.1316
K,1260902,1000,422,69.35,69.66,69.23,69.1951,3
Q,1260902,1000,422,69.35,69.66,69.23,69.1623,4
L,1260902,1100,423,69.38,69.54,69.14,U,0,69.6296
L,1260902,1100,423,69.38,69.54,69.14,U,1,69.0891
L,1260902,1100,423,69.38,69.54,69.14,U,2,68.7640
L,1260902,1100,423,69.38,69.54,69.14,U,3,68.7366
L,1260902,1100,423,69.38,69.54,69.14,U,4,69.7813
L,1260902,1100,423,69.38,69.54,69.14,U,5,69.0536
L,1260902,1100,423,69.38,69.54,69.14,U,6,71.5323
L,1260902,1100,423,69.38,69.54,69.14,U,7,71.0618
L,1260902,1100,423,69.38,69.54,69.14,U,8,70.6008
L,1260902,1100,423,69.38,69.54,69.14,U,9,70.5215
L,1260902,1100,423,69.38,69.54,69.14,U,10,72.8042
L,1260902,1100,423,69.38,69.54,69.14,U,11,71.0908
L,1260902,1100,423,69.38,69.54,69.14,U,12,71.2429
L,1260902,1100,423,69.38,69.54,69.14,U,13,70.7622
L,1260902,1100,423,69.38,69.54,69.14,U,14,69.8726
L,1260902,1100,423,69.38,69.54,69.14,U,15,70.0199
L,1260902,1100,423,69.38,69.54,69.14,U,16,65.1633
L,1260902,1100,423,69.38,69.54,69.14,U,17,64.2443
L,1260902,1100,423,69.38,69.54,69.14,U,18,63.9815
L,1260902,1100,423,69.38,69.54,69.14,U,19,63.7680
L,1260902,1100,423,69.38,69.54,69.14,U,20,63.1087
L,1260902,1100,423,69.38,69.54,69.14,U,21,64.1892
L,1260902,1100,423,69.38,69.54,69.14,U,22,63.6168
L,1260902,1100,423,69.38,69.54,69.14,U,23,58.9857
L,1260902,1100,423,69.38,69.54,69.14,U,24,59.5107
L,1260902,1100,423,69.38,69.54,69.14,U,25,58.9122
L,1260902,1100,423,69.38,69.54,69.14,U,26,58.7977
L,1260902,1100,423,69.38,69.54,69.14,U,27,60.4475
L,1260902,1100,423,69.38,69.54,69.14,U,28,59.5795
L,1260902,1100,423,69.38,69.54,69.14,U,29,59.6778
L,1260902,1100,423,69.38,69.54,69.14,U,30,59.5740
L,1260902,1100,423,69.38,69.54,69.14,U,31,53.2392
L,1260902,1100,423,69.38,69.54,69.14,U,32,51.8165
L,1260902,1100,423,69.38,69.54,69.14,U,33,53.1985
L,1260902,1100,423,69.38,69.54,69.14,U,34,52.5661
L,1260902,1100,423,69.38,69.54,69.14,U,35,54.8061
L,1260902,1100,423,69.38,69.54,69.14,U,36,49.8230
L,1260902,1100,423,69.38,69.54,69.14,U,37,51.3626
L,1260902,1100,423,69.38,69.54,69.14,U,38,52.1174
L,1260902,1100,423,69.38,69.54,69.14,U,39,42.8580
L,1260902,1100,423,69.38,69.54,69.14,U,40,37.7693
L,1260902,1100,423,69.38,69.54,69.14,U,41,32.2386
L,1260902,1100,423,69.38,69.54,69.14,U,42,31.9572
L,1260902,1100,423,69.38,69.54,69.14,U,43,50.4200
L,1260902,1100,423,69.38,69.54,69.14,U,44,63.1560
L,1260902,1100,423,69.38,69.54,69.14,L,0,69.6700
X,1260902,1100,423,69.38,69.54,69.14,69.6344
K,1260902,1100,423,69.38,69.54,69.14,69.7384,4
L,1260902,1200,424,69.29,69.66,69.18,U,0,69.5861
L,1260902,1200,424,69.29,69.66,69.18,U,1,69.0429
L,1260902,1200,424,69.29,69.66,69.18,U,2,68.7162
L,1260902,1200,424,69.29,69.66,69.18,U,3,68.6886
L,1260902,1200,424,69.29,69.66,69.18,U,4,69.7386
L,1260902,1200,424,69.29,69.66,69.18,U,5,69.0073
L,1260902,1200,424,69.29,69.66,69.18,U,6,71.4984
L,1260902,1200,424,69.29,69.66,69.18,U,7,71.0256
L,1260902,1200,424,69.29,69.66,69.18,U,8,70.5622
L,1260902,1200,424,69.29,69.66,69.18,U,9,70.4825
L,1260902,1200,424,69.29,69.66,69.18,U,10,72.7766
L,1260902,1200,424,69.29,69.66,69.18,U,11,71.0546
L,1260902,1200,424,69.29,69.66,69.18,U,12,71.2075
L,1260902,1200,424,69.29,69.66,69.18,U,13,70.7244
L,1260902,1200,424,69.29,69.66,69.18,U,14,69.8304
L,1260902,1200,424,69.29,69.66,69.18,U,15,69.9784
L,1260902,1200,424,69.29,69.66,69.18,U,16,65.0974
L,1260902,1200,424,69.29,69.66,69.18,U,17,64.1738
L,1260902,1200,424,69.29,69.66,69.18,U,18,63.9096
L,1260902,1200,424,69.29,69.66,69.18,U,19,63.6951
L,1260902,1200,424,69.29,69.66,69.18,U,20,63.0325
L,1260902,1200,424,69.29,69.66,69.18,U,21,64.1184
L,1260902,1200,424,69.29,69.66,69.18,U,22,63.5432
L,1260902,1200,424,69.29,69.66,69.18,U,23,58.8887
L,1260902,1200,424,69.29,69.66,69.18,U,24,59.4164
L,1260902,1200,424,69.29,69.66,69.18,U,25,58.8149
L,1260902,1200,424,69.29,69.66,69.18,U,26,58.6998
L,1260902,1200,424,69.29,69.66,69.18,U,27,60.3579
L,1260902,1200,424,69.29,69.66,69.18,U,28,59.4855
L,1260902,1200,424,69.29,69.66,69.18,U,29,59.5843
L,1260902,1200,424,69.29,69.66,69.18,U,30,59.4800
L,1260902,1200,424,69.29,69.66,69.18,U,31,53.1133
L,1260902,1200,424,69.29,69.66,69.18,U,32,51.6835
L,1260902,1200,424,69.29,69.66,69.18,U,33,53.0725
L,1260902,1200,424,69.29,69.66,69.18,U,34,52.4369
L,1260902,1200,424,69.29,69.66,69.18,U,35,54.6882
L,1260902,1200,424,69.29,69.66,69.18,U,36,49.6800
L,1260902,1200,424,69.29,69.66,69.18,U,37,51.2274
L,1260902,1200,424,69.29,69.66,69.18,U,38,51.9859
L,1260902,1200,424,69.29,69.66,69.18,U,39,42.6800
L,1260902,1200,424,69.29,69.66,69.18,U,40,37.5657
L,1260902,1200,424,69.29,69.66,69.18,U,41,32.0073
L,1260902,1200,424,69.29,69.66,69.18,U,42,31.7244
L,1260902,1200,424,69.29,69.66,69.18,U,43,50.2800
L,1260902,1200,424,69.29,69.66,69.18,U,44,63.0800
L,1260902,1200,424,69.29,69.66,69.18,L,0,69.3717
L,1260902,1200,424,69.29,69.66,69.18,L,1,69.9900
X,1260902,1200,424,69.29,69.66,69.18,69.7682
X,1260902,1200,424,69.29,69.66,69.18,69.8490
X,1260902,1200,424,69.29,69.66,69.18,69.9797
K,1260902,1200,424,69.29,69.66,69.18,69.8843,4
Q,1260902,1200,424,69.29,69.66,69.18,69.7682,4
L,1260902,1300,425,69.59,69.65,69.26,U,0,69.6169
L,1260902,1300,425,69.59,69.65,69.26,U,1,69.5427
L,1260902,1300,425,69.59,69.65,69.26,U,2,68.9967
L,1260902,1300,425,69.59,69.65,69.26,U,3,68.6684
L,1260902,1300,425,69.59,69.65,69.26,U,4,68.6406
L,1260902,1300,425,69.59,69.65,69.26,U,5,69.6959
L,1260902,1300,425,69.59,69.65,69.26,U,6,68.9609
L,1260902,1300,425,69.59,69.65,69.26,U,7,71.4645
L,1260902,1300,425,69.59,69.65,69.26,U,8,70.9893
L,1260902,1300,425,69.59,69.65,69.26,U,9,70.5236
L,1260902,1300,425,69.59,69.65,69.26,U,10,70.4435
L,1260902,1300,425,69.59,69.65,69.26,U,11,72.7491
L,1260902,1300,425,69.59,69.65,69.26,U,12,71.0185
L,1260902,1300,425,69.59,69.65,69.26,U,13,71.1722
L,1260902,1300,425,69.59,69.65,69.26,U,14,70.6867
L,1260902,1300,425,69.59,69.65,69.26,U,15,69.7881
L,1260902,1300,425,69.59,69.65,69.26,U,16,69.9369
L,1260902,1300,425,69.59,69.65,69.26,U,17,65.0315
L,1260902,1300,425,69.59,69.65,69.26,U,18,64.1033
L,1260902,1300,425,69.59,69.65,69.26,U,19,63.8378
L,1260902,1300,425,69.59,69.65,69.26,U,20,63.6222
L,1260902,1300,425,69.59,69.65,69.26,U,21,62.9562
L,1260902,1300,425,69.59,69.65,69.26,U,22,64.0476
L,1260902,1300,425,69.59,69.65,69.26,U,23,63.4695
L,1260902,1300,425,69.59,69.65,69.26,U,24,58.7917
L,1260902,1300,425,69.59,69.65,69.26,U,25,59.3220
L,1260902,1300,425,69.59,69.65,69.26,U,26,58.7176
L,1260902,1300,425,69.59,69.65,69.26,U,27,58.6019
L,1260902,1300,425,69.59,69.65,69.26,U,28,60.2683
L,1260902,1300,425,69.59,69.65,69.26,U,29,59.3915
L,1260902,1300,425,69.59,69.65,69.26,U,30,59.4909
L,1260902,1300,425,69.59,69.65,69.26,U,31,59.3860
L,1260902,1300,425,69.59,69.65,69.26,U,32,52.9875
L,1260902,1300,425,69.59,69.65,69.26,U,33,51.5505
L,1260902,1300,425,69.59,69.65,69.26,U,34,52.9464
L,1260902,1300,425,69.59,69.65,69.26,U,35,52.3076
L,1260902,1300,425,69.59,69.65,69.26,U,36,54.5702
L,1260902,1300,425,69.59,69.65,69.26,U,37,49.5370
L,1260902,1300,425,69.59,69.65,69.26,U,38,51.0921
L,1260902,1300,425,69.59,69.65,69.26,U,39,51.8544
L,1260902,1300,425,69.59,69.65,69.26,U,40,42.5020
L,1260902,1300,425,69.59,69.65,69.26,U,41,37.3621
L,1260902,1300,425,69.59,69.65,69.26,U,42,31.7759
L,1260902,1300,425,69.59,69.65,69.26,U,43,31.4917
L,1260902,1300,425,69.59,69.65,69.26,U,44,50.1400
L,1260902,1300,425,69.59,69.65,69.26,U,45,63.0040
L,1260902,1300,425,69.59,69.65,69.26,L,0,69.6033
L,1260902,1300,425,69.59,69.65,69.26,L,1,70.3100
X,1260902,1300,425,69.59,69.65,69.26,69.5522
K,1260902,1300,425,69.59,69.65,69.26,69.6494,5
Q,1260902,1300,425,69.59,69.65,69.26,69.5522,4
L,1260902,1400,426,69.26,69.74,69.23,U,0,69.5738
L,1260902,1400,426,69.26,69.74,69.23,U,1,69.4992
L,1260902,1400,426,69.26,69.74,69.23,U,2,68.9505
L,1260902,1400,426,69.26,69.74,69.23,U,3,68.6205
L,1260902,1400,426,69.26,69.74,69.23,U,4,68.5927
L,1260902,1400,426,69.26,69.74,69.23,U,5,69.6531
L,1260902,1400,426,69.26,69.74,69.23,U,6,68.9145
L,1260902,1400,426,69.26,69.74,69.23,U,7,71.4306
L,1260902,1400,426,69.26,69.74,69.23,U,8,70.9530
L,1260902,1400,426,69.26,69.74,69.23,U,9,70.4850
L,1260902,1400,426,69.26,69.74,69.23,U,10,70.4046
L,1260902,1400,426,69.26,69.74,69.23,U,11,72.7216
L,1260902,1400,426,69.26,69.74,69.23,U,12,70.9824
L,1260902,1400,426,69.26,69.74,69.23,U,13,71.1368
L,1260902,1400,426,69.26,69.74,69.23,U,14,70.6489
L,1260902,1400,426,69.26,69.74,69.23,U,15,69.7459
L,1260902,1400,426,69.26,69.74,69.23,U,16,69.8954
L,1260902,1400,426,69.26,69.74,69.23,U,17,64.9656
L,1260902,1400,426,69.26,69.74,69.23,U,18,64.0327
L,1260902,1400,426,69.26,69.74,69.23,U,19,63.7659
L,1260902,1400,426,69.26,69.74,69.23,U,20,63.5492
L,1260902,1400,426,69.26,69.74,69.23,U,21,62.8800
L,1260902,1400,426,69.26,69.74,69.23,U,22,63.9768
L,1260902,1400,426,69.26,69.74,69.23,U,23,63.3958
L,1260902,1400,426,69.26,69.74,69.23,U,24,58.6948
L,1260902,1400,426,69.26,69.74,69.23,U,25,59.2277
L,1260902,1400,426,69.26,69.74,69.23,U,26,58.6202
L,1260902,1400,426,69.26,69.74,69.23,U,27,58.5040
L,1260902,1400,426,69.26,69.74,69.23,U,28,60.1787
L,1260902,1400,426,69.26,69.74,69.23,U,29,59.2975
L,1260902,1400,426,69.26,69.74,69.23,U,30,59.3974
L,1260902,1400,426,69.26,69.74,69.23,U,31,59.2920
L,1260902,1400,426,69.26,69.74,69.23,U,32,52.8617
L,1260902,1400,426,69.26,69.74,69.23,U,33,51.4175
L,1260902,1400,426,69.26,69.74,69.23,U,34,52.8204
L,1260902,1400,426,69.26,69.74,69.23,U,35,52.1784
L,1260902,1400,426,69.26,69.74,69.23,U,36,54.4522
L,1260902,1400,426,69.26,69.74,69.23,U,37,49.3940
L,1260902,1400,426,69.26,69.74,69.23,U,38,50.9568
L,1260902,1400,426,69.26,69.74,69.23,U,39,51.7229
L,1260902,1400,426,69.26,69.74,69.23,U,40,42.3240
L,1260902,1400,426,69.26,69.74,69.23,U,41,37.1586
L,1260902,1400,426,69.26,69.74,69.23,U,42,31.5445
L,1260902,1400,426,69.26,69.74,69.23,U,43,31.2589
L,1260902,1400,426,69.26,69.74,69.23,U,44,50.0000
L,1260902,1400,426,69.26,69.74,69.23,U,45,62.9280
L,1260902,1400,426,69.26,69.74,69.23,L,0,69.8350
L,1260902,1400,426,69.26,69.74,69.23,L,1,70.6300
X,1260902,1400,426,69.26,69.74,69.23,69.6148
X,1260902,1400,426,69.26,69.74,69.23,69.6815
X,1260902,1400,426,69.26,69.74,69.23,70.5006
X,1260902,1400,426,69.26,69.74,69.23,70.4290
X,1260902,1400,426,69.26,69.74,69.23,69.7596
K,1260902,1400,426,69.26,69.74,69.23,69.6614,5
Q,1260902,1400,426,69.26,69.74,69.23,69.6815,8
L,1260902,1500,427,69.59,69.62,69.24,U,0,69.6977
L,1260902,1500,427,69.59,69.62,69.24,U,1,69.5307
L,1260902,1500,427,69.59,69.62,69.24,U,2,69.4557
L,1260902,1500,427,69.59,69.62,69.24,U,3,68.9043
L,1260902,1500,427,69.59,69.62,69.24,U,4,68.5727
L,1260902,1500,427,69.59,69.62,69.24,U,5,68.5447
L,1260902,1500,427,69.59,69.62,69.24,U,6,69.6104
L,1260902,1500,427,69.59,69.62,69.24,U,7,68.8682
L,1260902,1500,427,69.59,69.62,69.24,U,8,71.3967
L,1260902,1500,427,69.59,69.62,69.24,U,9,70.9167
L,1260902,1500,427,69.59,69.62,69.24,U,10,70.4464
L,1260902,1500,427,69.59,69.62,69.24,U,11,70.3656
L,1260902,1500,427,69.59,69.62,69.24,U,12,72.6941
L,1260902,1500,427,69.59,69.62,69.24,U,13,70.9463
L,1260902,1500,427,69.59,69.62,69.24,U,14,71.1014
L,1260902,1500,427,69.59,69.62,69.24,U,15,70.6111
L,1260902,1500,427,69.59,69.62,69.24,U,16,69.7036
L,1260902,1500,427,69.59,69.62,69.24,U,17,69.8539
L,1260902,1500,427,69.59,69.62,69.24,U,18,64.8997
L,1260902,1500,427,69.59,69.62,69.24,U,19,63.9622
L,1260902,1500,427,69.59,69.62,69.24,U,20,63.6941
L,1260902,1500,427,69.59,69.62,69.24,U,21,63.4763
L,1260902,1500,427,69.59,69.62,69.24,U,22,62.8038
L,1260902,1500,427,69.59,69.62,69.24,U,23,63.9060
L,1260902,1500,427,69.59,69.62,69.24,U,24,63.3221
L,1260902,1500,427,69.59,69.62,69.24,U,25,58.5978
L,1260902,1500,427,69.59,69.62,69.24,U,26,59.1334
L,1260902,1500,427,69.59,69.62,69.24,U,27,58.5229
L,1260902,1500,427,69.59,69.62,69.24,U,28,58.4060
L,1260902,1500,427,69.59,69.62,69.24,U,29,60.0891
L,1260902,1500,427,69.59,69.62,69.24,U,30,59.2036
L,1260902,1500,427,69.59,69.62,69.24,U,31,59.3039
L,1260902,1500,427,69.59,69.62,69.24,U,32,59.1980
L,1260902,1500,427,69.59,69.62,69.24,U,33,52.7358
L,1260902,1500,427,69.59,69.62,69.24,U,34,51.2846
L,1260902,1500,427,69.59,69.62,69.24,U,35,52.6943
L,1260902,1500,427,69.59,69.62,69.24,U,36,52.0492
L,1260902,1500,427,69.59,69.62,69.24,U,37,54.3343
L,1260902,1500,427,69.59,69.62,69.24,U,38,49.2510
L,1260902,1500,427,69.59,69.62,69.24,U,39,50.8216
L,1260902,1500,427,69.59,69.62,69.24,U,40,51.5915
L,1260902,1500,427,69.59,69.62,69.24,U,41,42.1460
L,1260902,1500,427,69.59,69.62,69.24,U,42,36.9550
L,1260902,1500,427,69.59,69.62,69.24,U,43,31.3132
L,1260902,1500,427,69.59,69.62,69.24,U,44,31.0261
L,1260902,1500,427,69.59,69.62,69.24,U,45,49.8600
L,1260902,1500,427,69.59,69.62,69.24,U,46,62.8520
L,1260902,1500,427,69.59,69.62,69.24,L,0,69.3944
L,1260902,1500,427,69.59,69.62,69.24,L,1,70.0667
L,1260902,1500,427,69.59,69.62,69.24,L,2,70.9500
X,1260902,1500,427,69.59,69.62,69.24,70.9201
X,1260902,1500,427,69.59,69.62,69.24,70.9466
X,1260902,1500,427,69.59,69.62,69.24,70.6469
X,1260902,1500,427,69.59,69.62,69.24,69.8862
K,1260902,1500,427,69.59,69.62,69.24,69.5654,6
Q,1260902,1500,427,69.59,69.62,69.24,69.8862,8
L,1260902,1600,428,69.53,69.72,69.32,U,0,69.6554
L,1260902,1600,428,69.53,69.72,69.32,U,1,69.4876
L,1260902,1600,428,69.53,69.72,69.32,U,2,69.4122
L,1260902,1600,428,69.53,69.72,69.32,U,3,68.8581
L,1260902,1600,428,69.53,69.72,69.32,U,4,68.5249
L,1260902,1600,428,69.53,69.72,69.32,U,5,68.4968
L,1260902,1600,428,69.53,69.72,69.32,U,6,69.5677
L,1260902,1600,428,69.53,69.72,69.32,U,7,68.8218
L,1260902,1600,428,69.53,69.72,69.32,U,8,71.3628
L,1260902,1600,428,69.53,69.72,69.32,U,9,70.8805
L,1260902,1600,428,69.53,69.72,69.32,U,10,70.4079
L,1260902,1600,428,69.53,69.72,69.32,U,11,70.3266
L,1260902,1600,428,69.53,69.72,69.32,U,12,72.6666
L,1260902,1600,428,69.53,69.72,69.32,U,13,70.9101
L,1260902,1600,428,69.53,69.72,69.32,U,14,71.0661
L,1260902,1600,428,69.53,69.72,69.32,U,15,70.5733
L,1260902,1600,428,69.53,69.72,69.32,U,16,69.6614
L,1260902,1600,428,69.53,69.72,69.32,U,17,69.8124
L,1260902,1600,428,69.53,69.72,69.32,U,18,64.8337
L,1260902,1600,428,69.53,69.72,69.32,U,19,63.8917
L,1260902,1600,428,69.53,69.72,69.32,U,20,63.6222
L,1260902,1600,428,69.53,69.72,69.32,U,21,63.4034
L,1260902,1600,428,69.53,69.72,69.32,U,22,62.7275
L,1260902,1600,428,69.53,69.72,69.32,U,23,63.8352
L,1260902,1600,428,69.53,69.72,69.32,U,24,63.2484
L,1260902,1600,428,69.53,69.72,69.32,U,25,58.5009
L,1260902,1600,428,69.53,69.72,69.32,U,26,59.0391
L,1260902,1600,428,69.53,69.72,69.32,U,27,58.4256
L,1260902,1600,428,69.53,69.72,69.32,U,28,58.3081
L,1260902,1600,428,69.53,69.72,69.32,U,29,59.9995
L,1260902,1600,428,69.53,69.72,69.32,U,30,59.1096
L,1260902,1600,428,69.53,69.72,69.32,U,31,59.2104
L,1260902,1600,428,69.53,69.72,69.32,U,32,59.1040
L,1260902,1600,428,69.53,69.72,69.32,U,33,52.6100
L,1260902,1600,428,69.53,69.72,69.32,U,34,51.1516
L,1260902,1600,428,69.53,69.72,69.32,U,35,52.5683
L,1260902,1600,428,69.53,69.72,69.32,U,36,51.9200
L,1260902,1600,428,69.53,69.72,69.32,U,37,54.2163
L,1260902,1600,428,69.53,69.72,69.32,U,38,49.1080
L,1260902,1600,428,69.53,69.72,69.32,U,39,50.6863
L,1260902,1600,428,69.53,69.72,69.32,U,40,51.4600
L,1260902,1600,428,69.53,69.72,69.32,U,41,41.9680
L,1260902,1600,428,69.53,69.72,69.32,U,42,36.7514
L,1260902,1600,428,69.53,69.72,69.32,U,43,31.0818
L,1260902,1600,428,69.53,69.72,69.32,U,44,30.7933
L,1260902,1600,428,69.53,69.72,69.32,U,45,49.7200
L,1260902,1600,428,69.53,69.72,69.32,U,46,62.7760
L,1260902,1600,428,69.53,69.72,69.32,L,0,69.5589
L,1260902,1600,428,69.53,69.72,69.32,L,1,70.2983
L,1260902,1600,428,69.53,69.72,69.32,L,2,71.2700
X,1260902,1600,428,69.53,69.72,69.32,69.5024
X,1260902,1600,428,69.53,69.72,69.32,69.4429
X,1260902,1600,428,69.53,69.72,69.32,71.0864
K,1260902,1600,428,69.53,69.72,69.32,69.6239,6
Q,1260902,1600,428,69.53,69.72,69.32,69.5024,6
L,1260902,1700,429,69.69,69.76,69.45,U,0,69.6132
L,1260902,1700,429,69.69,69.76,69.45,U,1,69.4445
L,1260902,1700,429,69.69,69.76,69.45,U,2,69.3688
L,1260902,1700,429,69.69,69.76,69.45,U,3,68.8120
L,1260902,1700,429,69.69,69.76,69.45,U,4,68.4771
L,1260902,1700,429,69.69,69.76,69.45,U,5,68.4488
L,1260902,1700,429,69.69,69.76,69.45,U,6,69.5250
L,1260902,1700,429,69.69,69.76,69.45,U,7,68.7755
L,1260902,1700,429,69.69,69.76,69.45,U,8,71.3289
L,1260902,1700,429,69.69,69.76,69.45,U,9,70.8442
L,1260902,1700,429,69.69,69.76,69.45,U,10,70.3693
L,1260902,1700,429,69.69,69.76,69.45,U,11,70.2876
L,1260902,1700,429,69.69,69.76,69.45,U,12,72.6391
L,1260902,1700,429,69.69,69.76,69.45,U,13,70.8740
L,1260902,1700,429,69.69,69.76,69.45,U,14,71.0307
L,1260902,1700,429,69.69,69.76,69.45,U,15,70.5356
L,1260902,1700,429,69.69,69.76,69.45,U,16,69.6191
L,1260902,1700,429,69.69,69.76,69.45,U,17,69.7709
L,1260902,1700,429,69.69,69.76,69.45,U,18,64.7678
L,1260902,1700,429,69.69,69.76,69.45,U,19,63.8212
L,1260902,1700,429,69.69,69.76,69.45,U,20,63.5504
L,1260902,1700,429,69.69,69.76,69.45,U,21,63.3305
L,1260902,1700,429,69.69,69.76,69.45,U,22,62.6513
L,1260902,1700,429,69.69,69.76,69.45,U,23,63.7643
L,1260902,1700,429,69.69,69.76,69.45,U,24,63.1747
L,1260902,1700,429,69.69,69.76,69.45,U,25,58.4039
L,1260902,1700,429,69.69,69.76,69.45,U,26,58.9448
L,1260902,1700,429,69.69,69.76,69.45,U,27,58.3283
L,1260902,1700,429,69.69,69.76,69.45,U,28,58.2102
L,1260902,1700,429,69.69,69.76,69.45,U,29,59.9099
L,1260902,1700,429,69.69,69.76,69.45,U,30,59.0156
L,1260902,1700,429,69.69,69.76,69.45,U,31,59.1170
L,1260902,1700,429,69.69,69.76,69.45,U,32,59.0100
L,1260902,1700,429,69.69,69.76,69.45,U,33,52.4842
L,1260902,1700,429,69.69,69.76,69.45,U,34,51.0186
L,1260902,1700,429,69.69,69.76,69.45,U,35,52.4423
L,1260902,1700,429,69.69,69.76,69.45,U,36,51.7908
L,1260902,1700,429,69.69,69.76,69.45,U,37,54.0984
L,1260902,1700,429,69.69,69.76,69.45,U,38,48.9650
L,1260902,1700,429,69.69,69.76,69.45,U,39,50.5511
L,1260902,1700,429,69.69,69.76,69.45,U,40,51.3285
L,1260902,1700,429,69.69,69.76,69.45,U,41,41.7900
L,1260902,1700,429,69.69,69.76,69.45,U,42,36.5479
L,1260902,1700,429,69.69,69.76,69.45,U,43,30.8505
L,1260902,1700,429,69.69,69.76,69.45,U,44,30.5606
L,1260902,1700,429,69.69,69.76,69.45,U,45,49.5800
L,1260902,1700,429,69.69,69.76,69.45,U,46,62.7000
L,1260902,1700,429,69.69,69.76,69.45,L,0,69.7233
L,1260902,1700,429,69.69,69.76,69.45,L,1,70.5300
L,1260902,1700,429,69.69,69.76,69.45,L,2,71.5900
X,1260902,1700,429,69.69,69.76,69.45,69.6357
X,1260902,1700,429,69.69,69.76,69.45,69.5659
X,1260902,1700,429,69.69,69.76,69.45,71.3539
X,1260902,1700,429,69.69,69.76,69.45,70.3922
X,1260902,1700,429,69.69,69.76,69.45,70.3225
X,1260902,1700,429,69.69,69.76,69.45,69.6404
K,1260902,1700,429,69.69,69.76,69.45,69.6160,6
Q,1260902,1700,429,69.69,69.76,69.45,69.6357,9
L,1260903,200,430,69.80,70.34,68.79,U,0,69.5709
L,1260903,200,430,69.80,70.34,68.79,U,1,69.4014
L,1260903,200,430,69.80,70.34,68.79,U,2,69.3253
L,1260903,200,430,69.80,70.34,68.79,U,3,68.7658
L,1260903,200,430,69.80,70.34,68.79,U,4,68.4293
L,1260903,200,430,69.80,70.34,68.79,U,5,68.4009
L,1260903,200,430,69.80,70.34,68.79,U,6,69.4823
L,1260903,200,430,69.80,70.34,68.79,U,7,68.7291
L,1260903,200,430,69.80,70.34,68.79,U,8,71.2949
L,1260903,200,430,69.80,70.34,68.79,U,9,70.8079
L,1260903,200,430,69.80,70.34,68.79,U,10,70.3307
L,1260903,200,430,69.80,70.34,68.79,U,11,70.2486
L,1260903,200,430,69.80,70.34,68.79,U,12,72.6115
L,1260903,200,430,69.80,70.34,68.79,U,13,70.8379
L,1260903,200,430,69.80,70.34,68.79,U,14,70.9954
L,1260903,200,430,69.80,70.34,68.79,U,15,70.4978
L,1260903,200,430,69.80,70.34,68.79,U,16,69.5769
L,1260903,200,430,69.80,70.34,68.79,U,17,69.7294
L,1260903,200,430,69.80,70.34,68.79,U,18,64.7019
L,1260903,200,430,69.80,70.34,68.79,U,19,63.7506
L,1260903,200,430,69.80,70.34,68.79,U,20,63.4785
L,1260903,200,430,69.80,70.34,68.79,U,21,63.2575
L,1260903,200,430,69.80,70.34,68.79,U,22,62.5750
L,1260903,200,430,69.80,70.34,68.79,U,23,63.6935
L,1260903,200,430,69.80,70.34,68.79,U,24,63.1011
L,1260903,200,430,69.80,70.34,68.79,U,25,58.3070
L,1260903,200,430,69.80,70.34,68.79,U,26,58.8505
L,1260903,200,430,69.80,70.34,68.79,U,27,58.2309
L,1260903,200,430,69.80,70.34,68.79,U,28,58.1123
L,1260903,200,430,69.80,70.34,68.79,U,29,59.8203
L,1260903,200,430,69.80,70.34,68.79,U,30,58.9216
L,1260903,200,430,69.80,70.34,68.79,U,31,59.0235
L,1260903,200,430,69.80,70.34,68.79,U,32,58.9160
L,1260903,200,430,69.80,70.34,68.79,U,33,52.3583
L,1260903,200,430,69.80,70.34,68.79,U,34,50.8856
L,1260903,200,430,69.80,70.34,68.79,U,35,52.3162
L,1260903,200,430,69.80,70.34,68.79,U,36,51.6616
L,1260903,200,430,69.80,70.34,68.79,U,37,53.9804
L,1260903,200,430,69.80,70.34,68.79,U,38,48.8220
L,1260903,200,430,69.80,70.34,68.79,U,39,50.4158
L,1260903,200,430,69.80,70.34,68.79,U,40,51.1971
L,1260903,200,430,69.80,70.34,68.79,U,41,41.6120
L,1260903,200,430,69.80,70.34,68.79,U,42,36.3443
L,1260903,200,430,69.80,70.34,68.79,U,43,30.6191
L,1260903,200,430,69.80,70.34,68.79,U,44,30.3278
L,1260903,200,430,69.80,70.34,68.79,U,45,49.4400
L,1260903,200,430,69.80,70.34,68.79,U,46,62.6240
L,1260903,200,430,69.80,70.34,68.79,L,0,69.8878
L,1260903,200,430,69.80,70.34,68.79,L,1,70.7617
L,1260903,200,430,69.80,70.34,68.79,L,2,71.9100
X,1260903,200,430,69.80,70.34,68.79,70.5348
X,1260903,200,430,69.80,70.34,68.79,69.7613
K,1260903,200,430,69.80,70.34,68.79,69.5522,5
Q,1260903,200,430,69.80,70.34,68.79,69.7613,7
L,1260903,300,431,69.24,69.86,69.18,U,0,70.3015
L,1260903,300,431,69.24,69.86,69.18,U,1,69.5286
L,1260903,300,431,69.24,69.86,69.18,U,2,69.3583
L,1260903,300,431,69.24,69.86,69.18,U,3,69.2818
L,1260903,300,431,69.24,69.86,69.18,U,4,68.7196
L,1260903,300,431,69.24,69.86,69.18,U,5,68.3814
L,1260903,300,431,69.24,69.86,69.18,U,6,68.3529
L,1260903,300,431,69.24,69.86,69.18,U,7,69.4396
L,1260903,300,431,69.24,69.86,69.18,U,8,68.6827
L,1260903,300,431,69.24,69.86,69.18,U,9,71.2610
L,1260903,300,431,69.24,69.86,69.18,U,10,70.7717
L,1260903,300,431,69.24,69.86,69.18,U,11,70.2921
L,1260903,300,431,69.24,69.86,69.18,U,12,70.2096
L,1260903,300,431,69.24,69.86,69.18,U,13,72.5840
L,1260903,300,431,69.24,69.86,69.18,U,14,70.8018
L,1260903,300,431,69.24,69.86,69.18,U,15,70.9600
L,1260903,300,431,69.24,69.86,69.18,U,16,70.4600
L,1260903,300,431,69.24,69.86,69.18,U,17,69.5347
L,1260903,300,431,69.24,69.86,69.18,U,18,69.6879
L,1260903,300,431,69.24,69.86,69.18,U,19,64.6360
L,1260903,300,431,69.24,69.86,69.18,U,20,63.6801
L,1260903,300,431,69.24,69.86,69.18,U,21,63.4067
L,1260903,300,431,69.24,69.86,69.18,U,22,63.1846
L,1260903,300,431,69.24,69.86,69.18,U,23,62.4988
L,1260903,300,431,69.24,69.86,69.18,U,24,63.6227
L,1260903,300,431,69.24,69.86,69.18,U,25,63.0274
L,1260903,300,431,69.24,69.86,69.18,U,26,58.2100
L,1260903,300,431,69.24,69.86,69.18,U,27,58.7561
L,1260903,300,431,69.24,69.86,69.18,U,28,58.1336
L,1260903,300,431,69.24,69.86,69.18,U,29,58.0144
L,1260903,300,431,69.24,69.86,69.18,U,30,59.7306
L,1260903,300,431,69.24,69.86,69.18,U,31,58.8277
L,1260903,300,431,69.24,69.86,69.18,U,32,58.9300
L,1260903,300,431,69.24,69.86,69.18,U,33,58.8220
L,1260903,300,431,69.24,69.86,69.18,U,34,52.2325
L,1260903,300,431,69.24,69.86,69.18,U,35,50.7526
L,1260903,300,431,69.24,69.86,69.18,U,36,52.1902
L,1260903,300,431,69.24,69.86,69.18,U,37,51.5324
L,1260903,300,431,69.24,69.86,69.18,U,38,53.8624
L,1260903,300,431,69.24,69.86,69.18,U,39,48.6790
L,1260903,300,431,69.24,69.86,69.18,U,40,50.2805
L,1260903,300,431,69.24,69.86,69.18,U,41,51.0656
L,1260903,300,431,69.24,69.86,69.18,U,42,41.4340
L,1260903,300,431,69.24,69.86,69.18,U,43,36.1407
L,1260903,300,431,69.24,69.86,69.18,U,44,30.3877
L,1260903,300,431,69.24,69.86,69.18,U,45,30.0950
L,1260903,300,431,69.24,69.86,69.18,U,46,49.3000
L,1260903,300,431,69.24,69.86,69.18,U,47,62.5480
L,1260903,300,431,69.24,69.86,69.18,L,0,68.8700
L,1260903,300,431,69.24,69.86,69.18,L,1,70.0522
L,1260903,300,431,69.24,69.86,69.18,L,2,70.9933
L,1260903,300,431,69.24,69.86,69.18,L,3,72.2300
X,1260903,300,431,69.24,69.86,69.18,70.8017
X,1260903,300,431,69.24,69.86,69.18,70.8276
X,1260903,300,431,69.24,69.86,69.18,70.9644
K,1260903,300,431,69.24,69.86,69.18,69.5098,5
Q,1260903,300,431,69.24,69.86,69.18,70.8017,5
L,1260903,400,432,69.17,69.38,69.02,U,0,70.2629
L,1260903,400,432,69.17,69.38,69.02,U,1,69.4863
L,1260903,400,432,69.17,69.38,69.02,U,2,69.3152
L,1260903,400,432,69.17,69.38,69.02,U,3,69.2384
L,1260903,400,432,69.17,69.38,69.02,U,4,68.6734
L,1260903,400,432,69.17,69.38,69.02,U,5,68.3336
L,1260903,400,432,69.17,69.38,69.02,U,6,68.3049
L,1260903,400,432,69.17,69.38,69.02,U,7,69.3969
L,1260903,400,432,69.17,69.38,69.02,U,8,68.6364
L,1260903,400,432,69.17,69.38,69.02,U,9,71.2271
L,1260903,400,432,69.17,69.38,69.02,U,10,70.7354
L,1260903,400,432,69.17,69.38,69.02,U,11,70.2535
L,1260903,400,432,69.17,69.38,69.02,U,12,70.1706
L,1260903,400,432,69.17,69.38,69.02,U,13,72.5565
L,1260903,400,432,69.17,69.38,69.02,U,14,70.7656
L,1260903,400,432,69.17,69.38,69.02,U,15,70.9246
L,1260903,400,432,69.17,69.38,69.02,U,16,70.4222
L,1260903,400,432,69.17,69.38,69.02,U,17,69.4924
L,1260903,400,432,69.17,69.38,69.02,U,18,69.6463
L,1260903,400,432,69.17,69.38,69.02,U,19,64.5701
L,1260903,400,432,69.17,69.38,69.02,U,20,63.6096
L,1260903,400,432,69.17,69.38,69.02,U,21,63.3348
L,1260903,400,432,69.17,69.38,69.02,U,22,63.1117
L,1260903,400,432,69.17,69.38,69.02,U,23,62.4226
L,1260903,400,432,69.17,69.38,69.02,U,24,63.5519
L,1260903,400,432,69.17,69.38,69.02,U,25,62.9537
L,1260903,400,432,69.17,69.38,69.02,U,26,58.1130
L,1260903,400,432,69.17,69.38,69.02,U,27,58.6618
L,1260903,400,432,69.17,69.38,69.02,U,28,58.0363
L,1260903,400,432,69.17,69.38,69.02,U,29,57.9165
L,1260903,400,432,69.17,69.38,69.02,U,30,59.6410
L,1260903,400,432,69.17,69.38,69.02,U,31,58.7337
L,1260903,400,432,69.17,69.38,69.02,U,32,58.8365
L,1260903,400,432,69.17,69.38,69.02,U,33,58.7280
L,1260903,400,432,69.17,69.38,69.02,U,34,52.1067
L,1260903,400,432,69.17,69.38,69.02,U,35,50.6196
L,1260903,400,432,69.17,69.38,69.02,U,36,52.0642
L,1260903,400,432,69.17,69.38,69.02,U,37,51.4031
L,1260903,400,432,69.17,69.38,69.02,U,38,53.7445
L,1260903,400,432,69.17,69.38,69.02,U,39,48.5360
L,1260903,400,432,69.17,69.38,69.02,U,40,50.1453
L,1260903,400,432,69.17,69.38,69.02,U,41,50.9341
L,1260903,400,432,69.17,69.38,69.02,U,42,41.2560
L,1260903,400,432,69.17,69.38,69.02,U,43,35.9371
L,1260903,400,432,69.17,69.38,69.02,U,44,30.1564
L,1260903,400,432,69.17,69.38,69.02,U,45,29.8622
L,1260903,400,432,69.17,69.38,69.02,U,46,49.1600
L,1260903,400,432,69.17,69.38,69.02,U,47,62.4720
L,1260903,400,432,69.17,69.38,69.02,L,0,68.9500
L,1260903,400,432,69.17,69.38,69.02,L,1,70.2167
L,1260903,400,432,69.17,69.38,69.02,L,2,71.2250
L,1260903,400,432,69.17,69.38,69.02,L,3,72.5500
X,1260903,400,432,69.17,69.38,69.02,70.1795
K,1260903,400,432,69.17,69.38,69.02,70.2652,5
Q,1260903,400,432,69.17,69.38,69.02,70.1795,3
L,1260903,500,433,69.02,69.61,69.00,U,0,70.2244
L,1260903,500,433,69.02,69.61,69.00,U,1,69.4441
L,1260903,500,433,69.02,69.61,69.00,U,2,69.2721
L,1260903,500,433,69.02,69.61,69.00,U,3,69.1949
L,1260903,500,433,69.02,69.61,69.00,U,4,68.6272
L,1260903,500,433,69.02,69.61,69.00,U,5,68.2858
L,1260903,500,433,69.02,69.61,69.00,U,6,68.2570
L,1260903,500,433,69.02,69.61,69.00,U,7,69.3542
L,1260903,500,433,69.02,69.61,69.00,U,8,68.5900
L,1260903,500,433,69.02,69.61,69.00,U,9,71.1932
L,1260903,500,433,69.02,69.61,69.00,U,10,70.6991
L,1260903,500,433,69.02,69.61,69.00,U,11,70.2149
L,1260903,500,433,69.02,69.61,69.00,U,12,70.1316
L,1260903,500,433,69.02,69.61,69.00,U,13,72.5290
L,1260903,500,433,69.02,69.61,69.00,U,14,70.7295
L,1260903,500,433,69.02,69.61,69.00,U,15,70.8893
L,1260903,500,433,69.02,69.61,69.00,U,16,70.3844
L,1260903,500,433,69.02,69.61,69.00,U,17,69.4502
L,1260903,500,433,69.02,69.61,69.00,U,18,69.6048
L,1260903,500,433,69.02,69.61,69.00,U,19,64.5042
L,1260903,500,433,69.02,69.61,69.00,U,20,63.5390
L,1260903,500,433,69.02,69.61,69.00,U,21,63.2630
L,1260903,500,433,69.02,69.61,69.00,U,22,63.0388
L,1260903,500,433,69.02,69.61,69.00,U,23,62.3463
L,1260903,500,433,69.02,69.61,69.00,U,24,63.4811
L,1260903,500,433,69.02,69.61,69.00,U,25,62.8800
L,1260903,500,433,69.02,69.61,69.00,U,26,58.0161
L,1260903,500,433,69.02,69.61,69.00,U,27,58.5675
L,1260903,500,433,69.02,69.61,69.00,U,28,57.9390
L,1260903,500,433,69.02,69.61,69.00,U,29,57.8186
L,1260903,500,433,69.02,69.61,69.00,U,30,59.5514
L,1260903,500,433,69.02,69.61,69.00,U,31,58.6397
L,1260903,500,433,69.02,69.61,69.00,U,32,58.7430
L,1260903,500,433,69.02,69.61,69.00,U,33,58.6340
L,1260903,500,433,69.02,69.61,69.00,U,34,51.9808
L,1260903,500,433,69.02,69.61,69.00,U,35,50.4867
L,1260903,500,433,69.02,69.61,69.00,U,36,51.9381
L,1260903,500,433,69.02,69.61,69.00,U,37,51.2739
L,1260903,500,433,69.02,69.61,69.00,U,38,53.6265
L,1260903,500,433,69.02,69.61,69.00,U,39,48.3930
L,1260903,500,433,69.02,69.61,69.00,U,40,50.0100
L,1260903,500,433,69.02,69.61,69.00,U,41,50.8026
L,1260903,500,433,69.02,69.61,69.00,U,42,41.0780
L,1260903,500,433,69.02,69.61,69.00,U,43,35.7336
L,1260903,500,433,69.02,69.61,69.00,U,44,29.9250
L,1260903,500,433,69.02,69.61,69.00,U,45,29.6294
L,1260903,500,433,69.02,69.61,69.00,U,46,49.0200
L,1260903,500,433,69.02,69.61,69.00,U,47,62.3960
L,1260903,500,433,69.02,69.61,69.00,L,0,69.0300
L,1260903,500,433,69.02,69.61,69.00,L,1,70.3811
L,1260903,500,433,69.02,69.61,69.00,L,2,71.4567
L,1260903,500,433,69.02,69.61,69.00,L,3,72.8700
X,1260903,500,433,69.02,69.61,69.00,70.2541
X,1260903,500,433,69.02,69.61,69.00,71.2269
X,1260903,500,433,69.02,69.61,69.00,70.2465
X,1260903,500,433,69.02,69.61,69.00,72.5560
K,1260903,500,433,69.02,69.61,69.00,70.2673,5
Q,1260903,500,433,69.02,69.61,69.00,70.2541,4
L,1260903,600,434,70.03,70.10,69.01,U,0,70.1858
L,1260903,600,434,70.03,70.10,69.01,U,1,69.4018
L,1260903,600,434,70.03,70.10,69.01,U,2,69.2290
L,1260903,600,434,70.03,70.10,69.01,U,3,69.1514
L,1260903,600,434,70.03,70.10,69.01,U,4,68.5810
L,1260903,600,434,70.03,70.10,69.01,U,5,68.2380
L,1260903,600,434,70.03,70.10,69.01,U,6,68.2090
L,1260903,600,434,70.03,70.10,69.01,U,7,69.3115
L,1260903,600,434,70.03,70.10,69.01,U,8,68.5436
L,1260903,600,434,70.03,70.10,69.01,U,9,71.1593
L,1260903,600,434,70.03,70.10,69.01,U,10,70.6628
L,1260903,600,434,70.03,70.10,69.01,U,11,70.1763
L,1260903,600,434,70.03,70.10,69.01,U,12,70.0927
L,1260903,600,434,70.03,70.10,69.01,U,13,72.5015
L,1260903,600,434,70.03,70.10,69.01,U,14,70.6934
L,1260903,600,434,70.03,70.10,69.01,U,15,70.8539
L,1260903,600,434,70.03,70.10,69.01,U,16,70.3467
L,1260903,600,434,70.03,70.10,69.01,U,17,69.4079
L,1260903,600,434,70.03,70.10,69.01,U,18,69.5633
L,1260903,600,434,70.03,70.10,69.01,U,19,64.4383
L,1260903,600,434,70.03,70.10,69.01,U,20,63.4685
L,1260903,600,434,70.03,70.10,69.01,U,21,63.1911
L,1260903,600,434,70.03,70.10,69.01,U,22,62.9658
L,1260903,600,434,70.03,70.10,69.01,U,23,62.2701
L,1260903,600,434,70.03,70.10,69.01,U,24,63.4103
L,1260903,600,434,70.03,70.10,69.01,U,25,62.8063
L,1260903,600,434,70.03,70.10,69.01,U,26,57.9191
L,1260903,600,434,70.03,70.10,69.01,U,27,58.4732
L,1260903,600,434,70.03,70.10,69.01,U,28,57.8416
L,1260903,600,434,70.03,70.10,69.01,U,29,57.7207
L,1260903,600,434,70.03,70.10,69.01,U,30,59.4618
L,1260903,600,434,70.03,70.10,69.01,U,31,58.5458
L,1260903,600,434,70.03,70.10,69.01,U,32,58.6496
L,1260903,600,434,70.03,70.10,69.01,U,33,58.5400
L,1260903,600,434,70.03,70.10,69.01,U,34,51.8550
L,1260903,600,434,70.03,70.10,69.01,U,35,50.3537
L,1260903,600,434,70.03,70.10,69.01,U,36,51.8121
L,1260903,600,434,70.03,70.10,69.01,U,37,51.1447
L,1260903,600,434,70.03,70.10,69.01,U,38,53.5086
L,1260903,600,434,70.03,70.10,69.01,U,39,48.2500
L,1260903,600,434,70.03,70.10,69.01,U,40,49.8747
L,1260903,600,434,70.03,70.10,69.01,U,41,50.6712
L,1260903,600,434,70.03,70.10,69.01,U,42,40.9000
L,1260903,600,434,70.03,70.10,69.01,U,43,35.5300
L,1260903,600,434,70.03,70.10,69.01,U,44,29.6936
L,1260903,600,434,70.03,70.10,69.01,U,45,29.3967
L,1260903,600,434,70.03,70.10,69.01,U,46,48.8800
L,1260903,600,434,70.03,70.10,69.01,U,47,62.3200
L,1260903,600,434,70.03,70.10,69.01,L,0,69.0781
L,1260903,600,434,70.03,70.10,69.01,L,1,69.1100
L,1260903,600,434,70.03,70.10,69.01,L,2,70.5456
L,1260903,600,434,70.03,70.10,69.01,L,3,71.6883
L,1260903,600,434,70.03,70.10,69.01,L,4,73.1900
X,1260903,600,434,70.03,70.10,69.01,70.3838
K,1260903,600,434,70.03,70.10,69.01,69.2414,7
Q,1260903,600,434,70.03,70.10,69.01,70.3838,4
L,1260903,700,435,70.64,70.93,69.67,U,0,70.1473
L,1260903,700,435,70.64,70.93,69.67,U,1,69.3595
L,1260903,700,435,70.64,70.93,69.67,U,2,69.1859
L,1260903,700,435,70.64,70.93,69.67,U,3,69.1080
L,1260903,700,435,70.64,70.93,69.67,U,4,68.5348
L,1260903,700,435,70.64,70.93,69.67,U,5,68.1902
L,1260903,700,435,70.64,70.93,69.67,U,6,68.1611
L,1260903,700,435,70.64,70.93,69.67,U,7,69.2688
L,1260903,700,435,70.64,70.93,69.67,U,8,68.4973
L,1260903,700,435,70.64,70.93,69.67,U,9,71.1254
L,1260903,700,435,70.64,70.93,69.67,U,10,70.6266
L,1260903,700,435,70.64,70.93,69.67,U,11,70.1377
L,1260903,700,435,70.64,70.93,69.67,U,12,70.0537
L,1260903,700,435,70.64,70.93,69.67,U,13,72.4740
L,1260903,700,435,70.64,70.93,69.67,U,14,70.6573
L,1260903,700,435,70.64,70.93,69.67,U,15,70.8186
L,1260903,700,435,70.64,70.93,69.67,U,16,70.3089
L,1260903,700,435,70.64,70.93,69.67,U,17,69.3657
L,1260903,700,435,70.64,70.93,69.67,U,18,69.5218
L,1260903,700,435,70.64,70.93,69.67,U,19,64.3723
L,1260903,700,435,70.64,70.93,69.67,U,20,63.3980
L,1260903,700,435,70.64,70.93,69.67,U,21,63.1193
L,1260903,700,435,70.64,70.93,69.67,U,22,62.8929
L,1260903,700,435,70.64,70.93,69.67,U,23,62.1939
L,1260903,700,435,70.64,70.93,69.67,U,24,63.3395
L,1260903,700,435,70.64,70.93,69.67,U,25,62.7326
L,1260903,700,435,70.64,70.93,69.67,U,26,57.8222
L,1260903,700,435,70.64,70.93,69.67,U,27,58.3789
L,1260903,700,435,70.64,70.93,69.67,U,28,57.7443
L,1260903,700,435,70.64,70.93,69.67,U,29,57.6228
L,1260903,700,435,70.64,70.93,69.67,U,30,59.3722
L,1260903,700,435,70.64,70.93,69.67,U,31,58.4518
L,1260903,700,435,70.64,70.93,69.67,U,32,58.5561
L,1260903,700,435,70.64,70.93,69.67,U,33,58.4460
L,1260903,700,435,70.64,70.93,69.67,U,34,51.7292
L,1260903,700,435,70.64,70.93,69.67,U,35,50.2207
L,1260903,700,435,70.64,70.93,69.67,U,36,51.6860
L,1260903,700,435,70.64,70.93,69.67,U,37,51.0155
L,1260903,700,435,70.64,70.93,69.67,U,38,53.3906
L,1260903,700,435,70.64,70.93,69.67,U,39,48.1070
L,1260903,700,435,70.64,70.93,69.67,U,40,49.7395
L,1260903,700,435,70.64,70.93,69.67,U,41,50.5397
L,1260903,700,435,70.64,70.93,69.67,U,42,40.7220
L,1260903,700,435,70.64,70.93,69.67,U,43,35.3264
L,1260903,700,435,70.64,70.93,69.67,U,44,29.4623
L,1260903,700,435,70.64,70.93,69.67,U,45,29.1639
L,1260903,700,435,70.64,70.93,69.67,U,46,48.7400
L,1260903,700,435,70.64,70.93,69.67,U,47,62.2440
L,1260903,700,435,70.64,70.93,69.67,L,0,69.1562
L,1260903,700,435,70.64,70.93,69.67,L,1,69.1900
L,1260903,700,435,70.64,70.93,69.67,L,2,70.7100
L,1260903,700,435,70.64,70.93,69.67,L,3,71.9200
L,1260903,700,435,70.64,70.93,69.67,L,4,73.5100
X,1260903,700,435,70.64,70.93,69.67,69.1873
X,1260903,700,435,70.64,70.93,69.67,69.1252
X,1260903,700,435,70.64,70.93,69.67,69.1368
X,1260903,700,435,70.64,70.93,69.67,70.6416
X,1260903,700,435,70.64,70.93,69.67,70.6668
K,1260903,700,435,70.64,70.93,69.67,69.2926,7
Q,1260903,700,435,70.64,70.93,69.67,69.1873,3
L,1260903,800,436,70.84,70.87,70.00,U,0,70.8952
L,1260903,800,436,70.84,70.87,70.00,U,1,70.1087
L,1260903,800,436,70.84,70.87,70.00,U,2,69.3172
L,1260903,800,436,70.84,70.87,70.00,U,3,69.1428
L,1260903,800,436,70.84,70.87,70.00,U,4,69.0645
L,1260903,800,436,70.84,70.87,70.00,U,5,68.4887
L,1260903,800,436,70.84,70.87,70.00,U,6,68.1423
L,1260903,800,436,70.84,70.87,70.00,U,7,68.1131
L,1260903,800,436,70.84,70.87,70.00,U,8,69.2261
L,1260903,800,436,70.84,70.87,70.00,U,9,68.4509
L,1260903,800,436,70.84,70.87,70.00,U,10,71.0915
L,1260903,800,436,70.84,70.87,70.00,U,11,70.5903
L,1260903,800,436,70.84,70.87,70.00,U,12,70.0991
L,1260903,800,436,70.84,70.87,70.00,U,13,70.0147
L,1260903,800,436,70.84,70.87,70.00,U,14,72.4464
L,1260903,800,436,70.84,70.87,70.00,U,15,70.6211
L,1260903,800,436,70.84,70.87,70.00,U,16,70.7832
L,1260903,800,436,70.84,70.87,70.00,U,17,70.2711
L,1260903,800,436,70.84,70.87,70.00,U,18,69.3234
L,1260903,800,436,70.84,70.87,70.00,U,19,69.4803
L,1260903,800,436,70.84,70.87,70.00,U,20,64.3064
L,1260903,800,436,70.84,70.87,70.00,U,21,63.3274
L,1260903,800,436,70.84,70.87,70.00,U,22,63.0474
L,1260903,800,436,70.84,70.87,70.00,U,23,62.8200
L,1260903,800,436,70.84,70.87,70.00,U,24,62.1176
L,1260903,800,436,70.84,70.87,70.00,U,25,63.2687
L,1260903,800,436,70.84,70.87,70.00,U,26,62.6589
L,1260903,800,436,70.84,70.87,70.00,U,27,57.7252
L,1260903,800,436,70.84,70.87,70.00,U,28,58.2845
L,1260903,800,436,70.84,70.87,70.00,U,29,57.6470
L,1260903,800,436,70.84,70.87,70.00,U,30,57.5249
L,1260903,800,436,70.84,70.87,70.00,U,31,59.2826
L,1260903,800,436,70.84,70.87,70.00,U,32,58.3578
L,1260903,800,436,70.84,70.87,70.00,U,33,58.4626
L,1260903,800,436,70.84,70.87,70.00,U,34,58.3520
L,1260903,800,436,70.84,70.87,70.00,U,35,51.6033
L,1260903,800,436,70.84,70.87,70.00,U,36,50.0877
L,1260903,800,436,70.84,70.87,70.00,U,37,51.5600
L,1260903,800,436,70.84,70.87,70.00,U,38,50.8863
L,1260903,800,436,70.84,70.87,70.00,U,39,53.2727
L,1260903,800,436,70.84,70.87,70.00,U,40,47.9640
L,1260903,800,436,70.84,70.87,70.00,U,41,49.6042
L,1260903,800,436,70.84,70.87,70.00,U,42,50.4082
L,1260903,800,436,70.84,70.87,70.00,U,43,40.5440
L,1260903,800,436,70.84,70.87,70.00,U,44,35.1229
L,1260903,800,436,70.84,70.87,70.00,U,45,29.2309
L,1260903,800,436,70.84,70.87,70.00,U,46,28.9311
L,1260903,800,436,70.84,70.87,70.00,U,47,48.6000
L,1260903,800,436,70.84,70.87,70.00,U,48,62.1680
L,1260903,800,436,70.84,70.87,70.00,L,0,69.2344
L,1260903,800,436,70.84,70.87,70.00,L,1,69.2700
L,1260903,800,436,70.84,70.87,70.00,L,2,70.8744
L,1260903,800,436,70.84,70.87,70.00,L,3,72.1517
L,1260903,800,436,70.84,70.87,70.00,L,4,73.8300
X,1260903,800,436,70.84,70.87,70.00,69.1754
X,1260903,800,436,70.84,70.87,70.00,69.2290
X,1260903,800,436,70.84,70.87,70.00,69.2414
X,1260903,800,436,70.84,70.87,70.00,70.7993
K,1260903,800,436,70.84,70.87,70.00,69.2573,8
Q,1260903,800,436,70.84,70.87,70.00,69.1754,6
L,1260903,900,437,72.10,72.12,70.84,U,0,70.8603
L,1260903,900,437,72.10,72.12,70.84,U,1,70.0702
L,1260903,900,437,72.10,72.12,70.84,U,2,69.2750
L,1260903,900,437,72.10,72.12,70.84,U,3,69.0997
L,1260903,900,437,72.10,72.12,70.84,U,4,69.0210
L,1260903,900,437,72.10,72.12,70.84,U,5,68.4425
L,1260903,900,437,72.10,72.12,70.84,U,6,68.0945
L,1260903,900,437,72.10,72.12,70.84,U,7,68.0652
L,1260903,900,437,72.10,72.12,70.84,U,8,69.1834
L,1260903,900,437,72.10,72.12,70.84,U,9,68.4045
L,1260903,900,437,72.10,72.12,70.84,U,10,71.0576
L,1260903,900,437,72.10,72.12,70.84,U,11,70.5540
L,1260903,900,437,72.10,72.12,70.84,U,12,70.0606
L,1260903,900,437,72.10,72.12,70.84,U,13,69.9757
L,1260903,900,437,72.10,72.12,70.84,U,14,72.4189
L,1260903,900,437,72.10,72.12,70.84,U,15,70.5850
L,1260903,900,437,72.10,72.12,70.84,U,16,70.7478
L,1260903,900,437,72.10,72.12,70.84,U,17,70.2333
L,1260903,900,437,72.10,72.12,70.84,U,18,69.2812
L,1260903,900,437,72.10,72.12,70.84,U,19,69.4388
L,1260903,900,437,72.10,72.12,70.84,U,20,64.2405
L,1260903,900,437,72.10,72.12,70.84,U,21,63.2569
L,1260903,900,437,72.10,72.12,70.84,U,22,62.9756
L,1260903,900,437,72.10,72.12,70.84,U,23,62.7471
L,1260903,900,437,72.10,72.12,70.84,U,24,62.0414
L,1260903,900,437,72.10,72.12,70.84,U,25,63.1979
L,1260903,900,437,72.10,72.12,70.84,U,26,62.5853
L,1260903,900,437,72.10,72.12,70.84,U,27,57.6283
L,1260903,900,437,72.10,72.12,70.84,U,28,58.1902
L,1260903,900,437,72.10,72.12,70.84,U,29,57.5497
L,1260903,900,437,72.10,72.12,70.84,U,30,57.4270
L,1260903,900,437,72.10,72.12,70.84,U,31,59.1930
L,1260903,900,437,72.10,72.12,70.84,U,32,58.2638
L,1260903,900,437,72.10,72.12,70.84,U,33,58.3691
L,1260903,900,437,72.10,72.12,70.84,U,34,58.2580
L,1260903,900,437,72.10,72.12,70.84,U,35,51.4775
L,1260903,900,437,72.10,72.12,70.84,U,36,49.9547
L,1260903,900,437,72.10,72.12,70.84,U,37,51.4340
L,1260903,900,437,72.10,72.12,70.84,U,38,50.7571
L,1260903,900,437,72.10,72.12,70.84,U,39,53.1547
L,1260903,900,437,72.10,72.12,70.84,U,40,47.8210
L,1260903,900,437,72.10,72.12,70.84,U,41,49.4689
L,1260903,900,437,72.10,72.12,70.84,U,42,50.2768
L,1260903,900,437,72.10,72.12,70.84,U,43,40.3660
L,1260903,900,437,72.10,72.12,70.84,U,44,34.9193
L,1260903,900,437,72.10,72.12,70.84,U,45,28.9995
L,1260903,900,437,72.10,72.12,70.84,U,46,28.6983
L,1260903,900,437,72.10,72.12,70.84,U,47,48.4600
L,1260903,900,437,72.10,72.12,70.84,U,48,62.0920
L,1260903,900,437,72.10,72.12,70.84,L,0,69.3125
L,1260903,900,437,72.10,72.12,70.84,L,1,69.3500
L,1260903,900,437,72.10,72.12,70.84,L,2,71.0389
L,1260903,900,437,72.10,72.12,70.84,L,3,72.3833
L,1260903,900,437,72.10,72.12,70.84,L,4,74.1500
X,1260903,900,437,72.10,72.12,70.84,70.8915
X,1260903,900,437,72.10,72.12,70.84,69.2881
X,1260903,900,437,72.10,72.12,70.84,69.3009
X,1260903,900,437,72.10,72.12,70.84,69.2922
X,1260903,900,437,72.10,72.12,70.84,69.3050
K,1260903,900,437,72.10,72.12,70.84,70.9262,4
Q,1260903,900,437,72.10,72.12,70.84,69.2881,10
L,1260903,1000,438,72.02,72.13,71.70,U,0,70.8255
L,1260903,1000,438,72.02,72.13,71.70,U,1,70.0317
L,1260903,1000,438,72.02,72.13,71.70,U,2,69.2327
L,1260903,1000,438,72.02,72.13,71.70,U,3,69.0566
L,1260903,1000,438,72.02,72.13,71.70,U,4,68.9776
L,1260903,1000,438,72.02,72.13,71.70,U,5,68.3963
L,1260903,1000,438,72.02,72.13,71.70,U,6,68.0467
L,1260903,1000,438,72.02,72.13,71.70,U,7,68.0172
L,1260903,1000,438,72.02,72.13,71.70,U,8,69.1407
L,1260903,1000,438,72.02,72.13,71.70,U,9,68.3582
L,1260903,1000,438,72.02,72.13,71.70,U,10,71.0237
L,1260903,1000,438,72.02,72.13,71.70,U,11,70.5178
L,1260903,1000,438,72.02,72.13,71.70,U,12,70.0220
L,1260903,1000,438,72.02,72.13,71.70,U,13,69.9367
L,1260903,1000,438,72.02,72.13,71.70,U,14,72.3914
L,1260903,1000,438,72.02,72.13,71.70,U,15,70.5489
L,1260903,1000,438,72.02,72.13,71.70,U,16,70.7125
L,1260903,1000,438,72.02,72.13,71.70,U,17,70.1956
L,1260903,1000,438,72.02,72.13,71.70,U,18,69.2389
L,1260903,1000,438,72.02,72.13,71.70,U,19,69.3973
L,1260903,1000,438,72.02,72.13,71.70,U,20,64.1746
L,1260903,1000,438,72.02,72.13,71.70,U,21,63.1864
L,1260903,1000,438,72.02,72.13,71.70,U,22,62.9037
L,1260903,1000,438,72.02,72.13,71.70,U,23,62.6742
L,1260903,1000,438,72.02,72.13,71.70,U,24,61.9651
L,1260903,1000,438,72.02,72.13,71.70,U,25,63.1271
L,1260903,1000,438,72.02,72.13,71.70,U,26,62.5116
L,1260903,1000,438,72.02,72.13,71.70,U,27,57.5313
L,1260903,1000,438,72.02,72.13,71.70,U,28,58.0959
L,1260903,1000,438,72.02,72.13,71.70,U,29,57.4523
L,1260903,1000,438,72.02,72.13,71.70,U,30,57.3291
L,1260903,1000,438,72.02,72.13,71.70,U,31,59.1034
L,1260903,1000,438,72.02,72.13,71.70,U,32,58.1699
L,1260903,1000,438,72.02,72.13,71.70,U,33,58.2757
L,1260903,1000,438,72.02,72.13,71.70,U,34,58.1640
L,1260903,1000,438,72.02,72.13,71.70,U,35,51.3517
L,1260903,1000,438,72.02,72.13,71.70,U,36,49.8218
L,1260903,1000,438,72.02,72.13,71.70,U,37,51.3079
L,1260903,1000,438,72.02,72.13,71.70,U,38,50.6278
L,1260903,1000,438,72.02,72.13,71.70,U,39,53.0367
L,1260903,1000,438,72.02,72.13,71.70,U,40,47.6780
L,1260903,1000,438,72.02,72.13,71.70,U,41,49.3337
L,1260903,1000,438,72.02,72.13,71.70,U,42,50.1453
L,1260903,1000,438,72.02,72.13,71.70,U,43,40.1880
L,1260903,1000,438,72.02,72.13,71.70,U,44,34.7157
L,1260903,1000,438,72.02,72.13,71.70,U,45,28.7682
L,1260903,1000,438,72.02,72.13,71.70,U,46,28.4656
L,1260903,1000,438,72.02,72.13,71.70,U,47,48.3200
L,1260903,1000,438,72.02,72.13,71.70,U,48,62.0160
L,1260903,1000,438,72.02,72.13,71.70,L,0,69.3906
L,1260903,1000,438,72.02,72.13,71.70,L,1,69.4300
L,1260903,1000,438,72.02,72.13,71.70,L,2,71.2033
L,1260903,1000,438,72.02,72.13,71.70,L,3,72.6150
L,1260903,1000,438,72.02,72.13,71.70,L,4,74.4700
X,1260903,1000,438,72.02,72.13,71.70,71.0544
X,1260903,1000,438,72.02,72.13,71.70,72.4151
X,1260903,1000,438,72.02,72.13,71.70,69.4085
K,1260903,1000,438,72.02,72.13,71.70,70.0465,4
Q,1260903,1000,438,72.02,72.13,71.70,69.4085,11
L,1260903,1100,439,72.14,72.20,71.67,U,0,70.7907
L,1260903,1100,439,72.14,72.20,71.67,U,1,69.9931
L,1260903,1100,439,72.14,72.20,71.67,U,2,69.1904
L,1260903,1100,439,72.14,72.20,71.67,U,3,69.0135
L,1260903,1100,439,72.14,72.20,71.67,U,4,68.9341
L,1260903,1100,439,72.14,72.20,71.67,U,5,68.3501
L,1260903,1100,439,72.14,72.20,71.67,U,6,67.9989
L,1260903,1100,439,72.14,72.20,71.67,U,7,67.9692
L,1260903,1100,439,72.14,72.20,71.67,U,8,69.0980
L,1260903,1100,439,72.14,72.20,71.67,U,9,68.3118
L,1260903,1100,439,72.14,72.20,71.67,U,10,70.9898
L,1260903,1100,439,72.14,72.20,71.67,U,11,70.4815
L,1260903,1100,439,72.14,72.20,71.67,U,12,69.9834
L,1260903,1100,439,72.14,72.20,71.67,U,13,69.8977
L,1260903,1100,439,72.14,72.20,71.67,U,14,72.3639
L,1260903,1100,439,72.14,72.20,71.67,U,15,70.5127
L,1260903,1100,439,72.14,72.20,71.67,U,16,70.6771
L,1260903,1100,439,72.14,72.20,71.67,U,17,70.1578
L,1260903,1100,439,72.14,72.20,71.67,U,18,69.1967
L,1260903,1100,439,72.14,72.20,71.67,U,19,69.3558
L,1260903,1100,439,72.14,72.20,71.67,U,20,64.1087
L,1260903,1100,439,72.14,72.20,71.67,U,21,63.1158
L,1260903,1100,439,72.14,72.20,71.67,U,22,62.8319
L,1260903,1100,439,72.14,72.20,71.67,U,23,62.6012
L,1260903,1100,439,72.14,72.20,71.67,U,24,61.8889
L,1260903,1100,439,72.14,72.20,71.67,U,25,63.0563
L,1260903,1100,439,72.14,72.20,71.67,U,26,62.4379
L,1260903,1100,439,72.14,72.20,71.67,U,27,57.4343
L,1260903,1100,439,72.14,72.20,71.67,U,28,58.0016
L,1260903,1100,439,72.14,72.20,71.67,U,29,57.3550
L,1260903,1100,439,72.14,72.20,71.67,U,30,57.2312
L,1260903,1100,439,72.14,72.20,71.67,U,31,59.0138
L,1260903,1100,439,72.14,72.20,71.67,U,32,58.0759
L,1260903,1100,439,72.14,72.20,71.67,U,33,58.1822
L,1260903,1100,439,72.14,72.20,71.67,U,34,58.0700
L,1260903,1100,439,72.14,72.20,71.67,U,35,51.2258
L,1260903,1100,439,72.14,72.20,71.67,U,36,49.6888
L,1260903,1100,439,72.14,72.20,71.67,U,37,51.1819
L,1260903,1100,439,72.14,72.20,71.67,U,38,50.4986
L,1260903,1100,439,72.14,72.20,71.67,U,39,52.9188
L,1260903,1100,439,72.14,72.20,71.67,U,40,47.5350
L,1260903,1100,439,72.14,72.20,71.67,U,41,49.1984
L,1260903,1100,439,72.14,72.20,71.67,U,42,50.0138
L,1260903,1100,439,72.14,72.20,71.67,U,43,40.0100
L,1260903,1100,439,72.14,72.20,71.67,U,44,34.5121
L,1260903,1100,439,72.14,72.20,71.67,U,45,28.5368
L,1260903,1100,439,72.14,72.20,71.67,U,46,28.2328
L,1260903,1100,439,72.14,72.20,71.67,U,47,48.1800
L,1260903,1100,439,72.14,72.20,71.67,U,48,61.9400
L,1260903,1100,439,72.14,72.20,71.67,L,0,69.4688
L,1260903,1100,439,72.14,72.20,71.67,L,1,69.5100
L,1260903,1100,439,72.14,72.20,71.67,L,2,71.3678
L,1260903,1100,439,72.14,72.20,71.67,L,3,72.8467
L,1260903,1100,439,72.14,72.20,71.67,L,4,74.7900
X,1260903,1100,439,72.14,72.20,71.67,69.3950
K,1260903,1100,439,72.14,72.20,71.67,70.6155,4
Q,1260903,1100,439,72.14,72.20,71.67,69.3950,9
L,1260903,1200,440,72.31,72.42,72.13,U,0,70.7558
L,1260903,1200,440,72.31,72.42,72.13,U,1,69.9546
L,1260903,1200,440,72.31,72.42,72.13,U,2,69.1481
L,1260903,1200,440,72.31,72.42,72.13,U,3,68.9704
L,1260903,1200,440,72.31,72.42,72.13,U,4,68.8906
L,1260903,1200,440,72.31,72.42,72.13,U,5,68.3039
L,1260903,1200,440,72.31,72.42,72.13,U,6,67.9511
L,1260903,1200,440,72.31,72.42,72.13,U,7,67.9213
L,1260903,1200,440,72.31,72.42,72.13,U,8,69.0552
L,1260903,1200,440,72.31,72.42,72.13,U,9,68.2655
L,1260903,1200,440,72.31,72.42,72.13,U,10,70.9559
L,1260903,1200,440,72.31,72.42,72.13,U,11,70.4452
L,1260903,1200,440,72.31,72.42,72.13,U,12,69.9448
L,1260903,1200,440,72.31,72.42,72.13,U,13,69.8587
L,1260903,1200,440,72.31,72.42,72.13,U,14,72.3364
L,1260903,1200,440,72.31,72.42,72.13,U,15,70.4766
L,1260903,1200,440,72.31,72.42,72.13,U,16,70.6417
L,1260903,1200,440,72.31,72.42,72.13,U,17,70.1200
L,1260903,1200,440,72.31,72.42,72.13,U,18,69.1544
L,1260903,1200,440,72.31,72.42,72.13,U,19,69.3143
L,1260903,1200,440,72.31,72.42,72.13,U,20,64.0428
L,1260903,1200,440,72.31,72.42,72.13,U,21,63.0453
L,1260903,1200,440,72.31,72.42,72.13,U,22,62.7600
L,1260903,1200,440,72.31,72.42,72.13,U,23,62.5283
L,1260903,1200,440,72.31,72.42,72.13,U,24,61.8127
L,1260903,1200,440,72.31,72.42,72.13,U,25,62.9855
L,1260903,1200,440,72.31,72.42,72.13,U,26,62.3642
L,1260903,1200,440,72.31,72.42,72.13,U,27,57.3374
L,1260903,1200,440,72.31,72.42,72.13,U,28,57.9073
L,1260903,1200,440,72.31,72.42,72.13,U,29,57.2577
L,1260903,1200,440,72.31,72.42,72.13,U,30,57.1333
L,1260903,1200,440,72.31,72.42,72.13,U,31,58.9242
L,1260903,1200,440,72.31,72.42,72.13,U,32,57.9819
L,1260903,1200,440,72.31,72.42,72.13,U,33,58.0887
L,1260903,1200,440,72.31,72.42,72.13,U,34,57.9760
L,1260903,1200,440,72.31,72.42,72.13,U,35,51.1000
L,1260903,1200,440,72.31,72.42,72.13,U,36,49.5558
L,1260903,1200,440,72.31,72.42,72.13,U,37,51.0558
L,1260903,1200,440,72.31,72.42,72.13,U,38,50.3694
L,1260903,1200,440,72.31,72.42,72.13,U,39,52.8008
L,1260903,1200,440,72.31,72.42,72.13,U,40,47.3920
L,1260903,1200,440,72.31,72.42,72.13,U,41,49.0632
L,1260903,1200,440,72.31,72.42,72.13,U,42,49.8824
L,1260903,1200,440,72.31,72.42,72.13,U,43,39.8320
L,1260903,1200,440,72.31,72.42,72.13,U,44,34.3086
L,1260903,1200,440,72.31,72.42,72.13,U,45,28.3055
L,1260903,1200,440,72.31,72.42,72.13,U,46,28.0000
L,1260903,1200,440,72.31,72.42,72.13,U,47,48.0400
L,1260903,1200,440,72.31,72.42,72.13,U,48,61.8640
L,1260903,1200,440,72.31,72.42,72.13,L,0,71.8482
L,1260903,1200,440,72.31,72.42,72.13,L,1,69.5469
L,1260903,1200,440,72.31,72.42,72.13,L,2,69.5900
L,1260903,1200,440,72.31,72.42,72.13,L,3,71.5322
L,1260903,1200,440,72.31,72.42,72.13,L,4,73.0783
L,1260903,1200,440,72.31,72.42,72.13,L,5,75.1100
K,1260903,1200,440,72.31,72.42,72.13,70.5798,4
L,1260903,1300,441,72.04,72.33,71.90,U,0,72.3929
L,1260903,1300,441,72.04,72.33,71.90,U,1,70.7210
L,1260903,1300,441,72.04,72.33,71.90,U,2,69.9160
L,1260903,1300,441,72.04,72.33,71.90,U,3,69.1058
L,1260903,1300,441,72.04,72.33,71.90,U,4,68.9273
L,1260903,1300,441,72.04,72.33,71.90,U,5,68.8471
L,1260903,1300,441,72.04,72.33,71.90,U,6,68.2577
L,1260903,1300,441,72.04,72.33,71.90,U,7,67.9032
L,1260903,1300,441,72.04,72.33,71.90,U,8,67.8733
L,1260903,1300,441,72.04,72.33,71.90,U,9,69.0125
L,1260903,1300,441,72.04,72.33,71.90,U,10,68.2191
L,1260903,1300,441,72.04,72.33,71.90,U,11,70.9220
L,1260903,1300,441,72.04,72.33,71.90,U,12,70.4089
L,1260903,1300,441,72.04,72.33,71.90,U,13,69.9062
L,1260903,1300,441,72.04,72.33,71.90,U,14,69.8197
L,1260903,1300,441,72.04,72.33,71.90,U,15,72.3089
L,1260903,1300,441,72.04,72.33,71.90,U,16,70.4405
L,1260903,1300,441,72.04,72.33,71.90,U,17,70.6064
L,1260903,1300,441,72.04,72.33,71.90,U,18,70.0822
L,1260903,1300,441,72.04,72.33,71.90,U,19,69.1122
L,1260903,1300,441,72.04,72.33,71.90,U,20,69.2728
L,1260903,1300,441,72.04,72.33,71.90,U,21,63.9769
L,1260903,1300,441,72.04,72.33,71.90,U,22,62.9748
L,1260903,1300,441,72.04,72.33,71.90,U,23,62.6881
L,1260903,1300,441,72.04,72.33,71.90,U,24,62.4554
L,1260903,1300,441,72.04,72.33,71.90,U,25,61.7364
L,1260903,1300,441,72.04,72.33,71.90,U,26,62.9146
L,1260903,1300,441,72.04,72.33,71.90,U,27,62.2905
L,1260903,1300,441,72.04,72.33,71.90,U,28,57.2404
L,1260903,1300,441,72.04,72.33,71.90,U,29,57.8130
L,1260903,1300,441,72.04,72.33,71.90,U,30,57.1603
L,1260903,1300,441,72.04,72.33,71.90,U,31,57.0354
L,1260903,1300,441,72.04,72.33,71.90,U,32,58.8345
L,1260903,1300,441,72.04,72.33,71.90,U,33,57.8879
L,1260903,1300,441,72.04,72.33,71.90,U,34,57.9952
L,1260903,1300,441,72.04,72.33,71.90,U,35,57.8820
L,1260903,1300,441,72.04,72.33,71.90,U,36,50.9742
L,1260903,1300,441,72.04,72.33,71.90,U,37,49.4228
L,1260903,1300,441,72.04,72.33,71.90,U,38,50.9298
L,1260903,1300,441,72.04,72.33,71.90,U,39,50.2402
L,1260903,1300,441,72.04,72.33,71.90,U,40,52.6829
L,1260903,1300,441,72.04,72.33,71.90,U,41,47.2490
L,1260903,1300,441,72.04,72.33,71.90,U,42,48.9279
L,1260903,1300,441,72.04,72.33,71.90,U,43,49.7509
L,1260903,1300,441,72.04,72.33,71.90,U,44,39.6540
L,1260903,1300,441,72.04,72.33,71.90,U,45,34.1050
L,1260903,1300,441,72.04,72.33,71.90,U,46,28.0741
L,1260903,1300,441,72.04,72.33,71.90,U,47,27.7672
L,1260903,1300,441,72.04,72.33,71.90,U,48,47.9000
L,1260903,1300,441,72.04,72.33,71.90,U,49,61.7880
L,1260903,1300,441,72.04,72.33,71.90,L,0,72.0264
L,1260903,1300,441,72.04,72.33,71.90,L,1,69.6250
L,1260903,1300,441,72.04,72.33,71.90,L,2,69.6700
L,1260903,1300,441,72.04,72.33,71.90,L,3,71.6967
L,1260903,1300,441,72.04,72.33,71.90,L,4,73.3100
L,1260903,1300,441,72.04,72.33,71.90,L,5,75.4300
K,1260903,1300,441,72.04,72.33,71.90,70.5442,4
L,1260903,1400,442,71.83,72.05,71.82,U,0,72.3657
L,1260903,1400,442,71.83,72.05,71.82,U,1,70.6862
L,1260903,1400,442,71.83,72.05,71.82,U,2,69.8775
L,1260903,1400,442,71.83,72.05,71.82,U,3,69.0636
L,1260903,1400,442,71.83,72.05,71.82,U,4,68.8842
L,1260903,1400,442,71.83,72.05,71.82,U,5,68.8037
L,1260903,1400,442,71.83,72.05,71.82,U,6,68.2115
L,1260903,1400,442,71.83,72.05,71.82,U,7,67.8554
L,1260903,1400,442,71.83,72.05,71.82,U,8,67.8254
L,1260903,1400,442,71.83,72.05,71.82,U,9,68.9698
L,1260903,1400,442,71.83,72.05,71.82,U,10,68.1727
L,1260903,1400,442,71.83,72.05,71.82,U,11,70.8880
L,1260903,1400,442,71.83,72.05,71.82,U,12,70.3727
L,1260903,1400,442,71.83,72.05,71.82,U,13,69.8676
L,1260903,1400,442,71.83,72.05,71.82,U,14,69.7808
L,1260903,1400,442,71.83,72.05,71.82,U,15,72.2813
L,1260903,1400,442,71.83,72.05,71.82,U,16,70.4044
L,1260903,1400,442,71.83,72.05,71.82,U,17,70.5710
L,1260903,1400,442,71.83,72.05,71.82,U,18,70.0444
L,1260903,1400,442,71.83,72.05,71.82,U,19,69.0699
L,1260903,1400,442,71.83,72.05,71.82,U,20,69.2313
L,1260903,1400,442,71.83,72.05,71.82,U,21,63.9110
L,1260903,1400,442,71.83,72.05,71.82,U,22,62.9042
L,1260903,1400,442,71.83,72.05,71.82,U,23,62.6163
L,1260903,1400,442,71.83,72.05,71.82,U,24,62.3825
L,1260903,1400,442,71.83,72.05,71.82,U,25,61.6602
L,1260903,1400,442,71.83,72.05,71.82,U,26,62.8438
L,1260903,1400,442,71.83,72.05,71.82,U,27,62.2168
L,1260903,1400,442,71.83,72.05,71.82,U,28,57.1435
L,1260903,1400,442,71.83,72.05,71.82,U,29,57.7186
L,1260903,1400,442,71.83,72.05,71.82,U,30,57.0630
L,1260903,1400,442,71.83,72.05,71.82,U,31,56.9375
L,1260903,1400,442,71.83,72.05,71.82,U,32,58.7449
L,1260903,1400,442,71.83,72.05,71.82,U,33,57.7940
L,1260903,1400,442,71.83,72.05,71.82,U,34,57.9017
L,1260903,1400,442,71.83,72.05,71.82,U,35,57.7880
L,1260903,1400,442,71.83,72.05,71.82,U,36,50.8483
L,1260903,1400,442,71.83,72.05,71.82,U,37,49.2898
L,1260903,1400,442,71.83,72.05,71.82,U,38,50.8038
L,1260903,1400,442,71.83,72.05,71.82,U,39,50.1110
L,1260903,1400,442,71.83,72.05,71.82,U,40,52.5649
L,1260903,1400,442,71.83,72.05,71.82,U,41,47.1060
L,1260903,1400,442,71.83,72.05,71.82,U,42,48.7926
L,1260903,1400,442,71.83,72.05,71.82,U,43,49.6194
L,1260903,1400,442,71.83,72.05,71.82,U,44,39.4760
L,1260903,1400,442,71.83,72.05,71.82,U,45,33.9014
L,1260903,1400,442,71.83,72.05,71.82,U,46,27.8427
L,1260903,1400,442,71.83,72.05,71.82,U,47,27.5344
L,1260903,1400,442,71.83,72.05,71.82,U,48,47.7600
L,1260903,1400,442,71.83,72.05,71.82,U,49,61.7120
L,1260903,1400,442,71.83,72.05,71.82,L,0,72.2045
L,1260903,1400,442,71.83,72.05,71.82,L,1,69.7031
L,1260903,1400,442,71.83,72.05,71.82,L,2,69.7500
L,1260903,1400,442,71.83,72.05,71.82,L,3,71.8611
L,1260903,1400,442,71.83,72.05,71.82,L,4,73.5417
L,1260903,1400,442,71.83,72.05,71.82,L,5,75.7500
K,1260903,1400,442,71.83,72.05,71.82,69.8641,5
L,1260903,1500,443,71.89,71.97,71.80,U,0,72.3386
L,1260903,1500,443,71.89,71.97,71.80,U,1,70.6513
L,1260903,1500,443,71.89,71.97,71.80,U,2,69.8389
L,1260903,1500,443,71.89,71.97,71.80,U,3,69.0213
L,1260903,1500,443,71.89,71.97,71.80,U,4,68.8411
L,1260903,1500,443,71.89,71.97,71.80,U,5,68.7602
L,1260903,1500,443,71.89,71.97,71.80,U,6,68.1654
L,1260903,1500,443,71.89,71.97,71.80,U,7,67.8076
L,1260903,1500,443,71.89,71.97,71.80,U,8,67.7774
L,1260903,1500,443,71.89,71.97,71.80,U,9,68.9271
L,1260903,1500,443,71.89,71.97,71.80,U,10,68.1264
L,1260903,1500,443,71.89,71.97,71.80,U,11,70.8541
L,1260903,1500,443,71.89,71.97,71.80,U,12,70.3364
L,1260903,1500,443,71.89,71.97,71.80,U,13,69.8290
L,1260903,1500,443,71.89,71.97,71.80,U,14,69.7418
L,1260903,1500,443,71.89,71.97,71.80,U,15,72.2538
L,1260903,1500,443,71.89,71.97,71.80,U,16,70.3682
L,1260903,1500,443,71.89,71.97,71.80,U,17,70.5357
L,1260903,1500,443,71.89,71.97,71.80,U,18,70.0067
L,1260903,1500,443,71.89,71.97,71.80,U,19,69.0277
L,1260903,1500,443,71.89,71.97,71.80,U,20,69.1898
L,1260903,1500,443,71.89,71.97,71.80,U,21,63.8450
L,1260903,1500,443,71.89,71.97,71.80,U,22,62.8337
L,1260903,1500,443,71.89,71.97,71.80,U,23,62.5444
L,1260903,1500,443,71.89,71.97,71.80,U,24,62.3095
L,1260903,1500,443,71.89,71.97,71.80,U,25,61.5840
L,1260903,1500,443,71.89,71.97,71.80,U,26,62.7730
L,1260903,1500,443,71.89,71.97,71.80,U,27,62.1432
L,1260903,1500,443,71.89,71.97,71.80,U,28,57.0465
L,1260903,1500,443,71.89,71.97,71.80,U,29,57.6243
L,1260903,1500,443,71.89,71.97,71.80,U,30,56.9657
L,1260903,1500,443,71.89,71.97,71.80,U,31,56.8396
L,1260903,1500,443,71.89,71.97,71.80,U,32,58.6553
L,1260903,1500,443,71.89,71.97,71.80,U,33,57.7000
L,1260903,1500,443,71.89,71.97,71.80,U,34,57.8083
L,1260903,1500,443,71.89,71.97,71.80,U,35,57.6940
L,1260903,1500,443,71.89,71.97,71.80,U,36,50.7225
L,1260903,1500,443,71.89,71.97,71.80,U,37,49.1568
L,1260903,1500,443,71.89,71.97,71.80,U,38,50.6777
L,1260903,1500,443,71.89,71.97,71.80,U,39,49.9818
L,1260903,1500,443,71.89,71.97,71.80,U,40,52.4469
L,1260903,1500,443,71.89,71.97,71.80,U,41,46.9630
L,1260903,1500,443,71.89,71.97,71.80,U,42,48.6574
L,1260903,1500,443,71.89,71.97,71.80,U,43,49.4879
L,1260903,1500,443,71.89,71.97,71.80,U,44,39.2980
L,1260903,1500,443,71.89,71.97,71.80,U,45,33.6979
L,1260903,1500,443,71.89,71.97,71.80,U,46,27.6114
L,1260903,1500,443,71.89,71.97,71.80,U,47,27.3017
L,1260903,1500,443,71.89,71.97,71.80,U,48,47.6200
L,1260903,1500,443,71.89,71.97,71.80,U,49,61.6360
L,1260903,1500,443,71.89,71.97,71.80,L,0,72.3827
L,1260903,1500,443,71.89,71.97,71.80,L,1,69.7812
L,1260903,1500,443,71.89,71.97,71.80,L,2,69.8300
L,1260903,1500,443,71.89,71.97,71.80,L,3,72.0256
L,1260903,1500,443,71.89,71.97,71.80,L,4,73.7733
L,1260903,1500,443,71.89,71.97,71.80,L,5,76.0700
X,1260903,1500,443,71.89,71.97,71.80,72.3444
X,1260903,1500,443,71.89,71.97,71.80,69.8293
X,1260903,1500,443,71.89,71.97,71.80,69.7549
X,1260903,1500,443,71.89,71.97,71.80,69.7707
X,1260903,1500,443,71.89,71.97,71.80,72.2711
K,1260903,1500,443,71.89,71.97,71.80,69.8762,4
Q,1260903,1500,443,71.89,71.97,71.80,69.8293,3
L,1260903,1600,444,71.89,71.93,71.71,U,0,72.3115
L,1260903,1600,444,71.89,71.93,71.71,U,1,70.6165
L,1260903,1600,444,71.89,71.93,71.71,U,2,69.8004
L,1260903,1600,444,71.89,71.93,71.71,U,3,68.9790
L,1260903,1600,444,71.89,71.93,71.71,U,4,68.7980
L,1260903,1600,444,71.89,71.93,71.71,U,5,68.7167
L,1260903,1600,444,71.89,71.93,71.71,U,6,68.1192
L,1260903,1600,444,71.89,71.93,71.71,U,7,67.7598
L,1260903,1600,444,71.89,71.93,71.71,U,8,67.7295
L,1260903,1600,444,71.89,71.93,71.71,U,9,68.8844
L,1260903,1600,444,71.89,71.93,71.71,U,10,68.0800
L,1260903,1600,444,71.89,71.93,71.71,U,11,70.8202
L,1260903,1600,444,71.89,71.93,71.71,U,12,70.3001
L,1260903,1600,444,71.89,71.93,71.71,U,13,69.7904
L,1260903,1600,444,71.89,71.93,71.71,U,14,69.7028
L,1260903,1600,444,71.89,71.93,71.71,U,15,72.2263
L,1260903,1600,444,71.89,71.93,71.71,U,16,70.3321
L,1260903,1600,444,71.89,71.93,71.71,U,17,70.5003
L,1260903,1600,444,71.89,71.93,71.71,U,18,69.9689
L,1260903,1600,444,71.89,71.93,71.71,U,19,68.9854
L,1260903,1600,444,71.89,71.93,71.71,U,20,69.1483
L,1260903,1600,444,71.89,71.93,71.71,U,21,63.7791
L,1260903,1600,444,71.89,71.93,71.71,U,22,62.7632
L,1260903,1600,444,71.89,71.93,71.71,U,23,62.4726
L,1260903,1600,444,71.89,71.93,71.71,U,24,62.2366
L,1260903,1600,444,71.89,71.93,71.71,U,25,61.5077
L,1260903,1600,444,71.89,71.93,71.71,U,26,62.7022
L,1260903,1600,444,71.89,71.93,71.71,U,27,62.0695
L,1260903,1600,444,71.89,71.93,71.71,U,28,56.9496
L,1260903,1600,444,71.89,71.93,71.71,U,29,57.5300
L,1260903,1600,444,71.89,71.93,71.71,U,30,56.8684
L,1260903,1600,444,71.89,71.93,71.71,U,31,56.7417
L,1260903,1600,444,71.89,71.93,71.71,U,32,58.5657
L,1260903,1600,444,71.89,71.93,71.71,U,33,57.6060
L,1260903,1600,444,71.89,71.93,71.71,U,34,57.7148
L,1260903,1600,444,71.89,71.93,71.71,U,35,57.6000
L,1260903,1600,444,71.89,71.93,71.71,U,36,50.5967
L,1260903,1600,444,71.89,71.93,71.71,U,37,49.0239
L,1260903,1600,444,71.89,71.93,71.71,U,38,50.5517
L,1260903,1600,444,71.89,71.93,71.71,U,39,49.8525
L,1260903,1600,444,71.89,71.93,71.71,U,40,52.3290
L,1260903,1600,444,71.89,71.93,71.71,U,41,46.8200
L,1260903,1600,444,71.89,71.93,71.71,U,42,48.5221
L,1260903,1600,444,71.89,71.93,71.71,U,43,49.3565
L,1260903,1600,444,71.89,71.93,71.71,U,44,39.1200
L,1260903,1600,444,71.89,71.93,71.71,U,45,33.4943
L,1260903,1600,444,71.89,71.93,71.71,U,46,27.3800
L,1260903,1600,444,71.89,71.93,71.71,U,47,27.0689
L,1260903,1600,444,71.89,71.93,71.71,U,48,47.4800
L,1260903,1600,444,71.89,71.93,71.71,U,49,61.5600
L,1260903,1600,444,71.89,71.93,71.71,L,0,72.5609
L,1260903,1600,444,71.89,71.93,71.71,L,1,69.8594
L,1260903,1600,444,71.89,71.93,71.71,L,2,69.9100
L,1260903,1600,444,71.89,71.93,71.71,L,3,72.1900
L,1260903,1600,444,71.89,71.93,71.71,L,4,74.0050
L,1260903,1600,444,71.89,71.93,71.71,L,5,76.3900
X,1260903,1600,444,71.89,71.93,71.71,69.8199
X,1260903,1600,444,71.89,71.93,71.71,69.8360
X,1260903,1600,444,71.89,71.93,71.71,69.8132
K,1260903,1600,444,71.89,71.93,71.71,70.4373,4
Q,1260903,1600,444,71.89,71.93,71.71,69.8199,6
L,1260903,1700,445,71.87,71.94,71.83,U,0,72.2844
L,1260903,1700,445,71.87,71.94,71.83,U,1,70.5817
L,1260903,1700,445,71.87,71.94,71.83,U,2,69.7618
L,1260903,1700,445,71.87,71.94,71.83,U,3,68.9367
L,1260903,1700,445,71.87,71.94,71.83,U,4,68.7549
L,1260903,1700,445,71.87,71.94,71.83,U,5,68.6733
L,1260903,1700,445,71.87,71.94,71.83,U,6,68.0730
L,1260903,1700,445,71.87,71.94,71.83,U,7,67.7120
L,1260903,1700,445,71.87,71.94,71.83,U,8,67.6815
L,1260903,1700,445,71.87,71.94,71.83,U,9,68.8417
L,1260903,1700,445,71.87,71.94,71.83,U,10,68.0336
L,1260903,1700,445,71.87,71.94,71.83,U,11,70.7863
L,1260903,1700,445,71.87,71.94,71.83,U,12,70.2638
L,1260903,1700,445,71.87,71.94,71.83,U,13,69.7518
L,1260903,1700,445,71.87,71.94,71.83,U,14,69.6638
L,1260903,1700,445,71.87,71.94,71.83,U,15,72.1988
L,1260903,1700,445,71.87,71.94,71.83,U,16,70.2960
L,1260903,1700,445,71.87,71.94,71.83,U,17,70.4649
L,1260903,1700,445,71.87,71.94,71.83,U,18,69.9311
L,1260903,1700,445,71.87,71.94,71.83,U,19,68.9432
L,1260903,1700,445,71.87,71.94,71.83,U,20,69.1067
L,1260903,1700,445,71.87,71.94,71.83,U,21,63.7132
L,1260903,1700,445,71.87,71.94,71.83,U,22,62.6927
L,1260903,1700,445,71.87,71.94,71.83,U,23,62.4007
L,1260903,1700,445,71.87,71.94,71.83,U,24,62.1637
L,1260903,1700,445,71.87,71.94,71.83,U,25,61.4315
L,1260903,1700,445,71.87,71.94,71.83,U,26,62.6314
L,1260903,1700,445,71.87,71.94,71.83,U,27,61.9958
L,1260903,1700,445,71.87,71.94,71.83,U,28,56.8526
L,1260903,1700,445,71.87,71.94,71.83,U,29,57.4357
L,1260903,1700,445,71.87,71.94,71.83,U,30,56.7710
L,1260903,1700,445,71.87,71.94,71.83,U,31,56.6438
L,1260903,1700,445,71.87,71.94,71.83,U,32,58.4761
L,1260903,1700,445,71.87,71.94,71.83,U,33,57.5121
L,1260903,1700,445,71.87,71.94,71.83,U,34,57.6213
L,1260903,1700,445,71.87,71.94,71.83,U,35,57.5060
L,1260903,1700,445,71.87,71.94,71.83,U,36,50.4708
L,1260903,1700,445,71.87,71.94,71.83,U,37,48.8909
L,1260903,1700,445,71.87,71.94,71.83,U,38,50.4257
L,1260903,1700,445,71.87,71.94,71.83,U,39,49.7233
L,1260903,1700,445,71.87,71.94,71.83,U,40,52.2110
L,1260903,1700,445,71.87,71.94,71.83,U,41,46.6770
L,1260903,1700,445,71.87,71.94,71.83,U,42,48.3868
L,1260903,1700,445,71.87,71.94,71.83,U,43,49.2250
L,1260903,1700,445,71.87,71.94,71.83,U,44,38.9420
L,1260903,1700,445,71.87,71.94,71.83,U,45,33.2907
L,1260903,1700,445,71.87,71.94,71.83,U,46,27.1486
L,1260903,1700,445,71.87,71.94,71.83,U,47,26.8361
L,1260903,1700,445,71.87,71.94,71.83,U,48,47.3400
L,1260903,1700,445,71.87,71.94,71.83,U,49,61.4840
L,1260903,1700,445,71.87,71.94,71.83,L,0,71.8567
L,1260903,1700,445,71.87,71.94,71.83,L,1,72.7391
L,1260903,1700,445,71.87,71.94,71.83,L,2,69.9375
L,1260903,1700,445,71.87,71.94,71.83,L,3,69.9900
L,1260903,1700,445,71.87,71.94,71.83,L,4,72.3544
L,1260903,1700,445,71.87,71.94,71.83,L,5,74.2367
L,1260903,1700,445,71.87,71.94,71.83,L,6,76.7100
X,1260903,1700,445,71.87,71.94,71.83,72.2943
X,1260903,1700,445,71.87,71.94,71.83,72.2211
X,1260903,1700,445,71.87,71.94,71.83,69.9332
X,1260903,1700,445,71.87,71.94,71.83,69.9500
K,1260903,1700,445,71.87,71.94,71.83,72.2792,3
Q,1260903,1700,445,71.87,71.94,71.83,69.9332,8
L,1260904,200,446,73.00,73.10,72.15,U,0,72.2572
L,1260904,200,446,73.00,73.10,72.15,U,1,70.5468
L,1260904,200,446,73.00,73.10,72.15,U,2,69.7233
L,1260904,200,446,73.00,73.10,72.15,U,3,68.8945
L,1260904,200,446,73.00,73.10,72.15,U,4,68.7118
L,1260904,200,446,73.00,73.10,72.15,U,5,68.6298
L,1260904,200,446,73.00,73.10,72.15,U,6,68.0268
L,1260904,200,446,73.00,73.10,72.15,U,7,67.6641
L,1260904,200,446,73.00,73.10,72.15,U,8,67.6335
L,1260904,200,446,73.00,73.10,72.15,U,9,68.7990
L,1260904,200,446,73.00,73.10,72.15,U,10,67.9873
L,1260904,200,446,73.00,73.10,72.15,U,11,70.7524
L,1260904,200,446,73.00,73.10,72.15,U,12,70.2276
L,1260904,200,446,73.00,73.10,72.15,U,13,69.7133
L,1260904,200,446,73.00,73.10,72.15,U,14,69.6248
L,1260904,200,446,73.00,73.10,72.15,U,15,72.1713
L,1260904,200,446,73.00,73.10,72.15,U,16,70.2599
L,1260904,200,446,73.00,73.10,72.15,U,17,70.4296
L,1260904,200,446,73.00,73.10,72.15,U,18,69.8933
L,1260904,200,446,73.00,73.10,72.15,U,19,68.9009
L,1260904,200,446,73.00,73.10,72.15,U,20,69.0652
L,1260904,200,446,73.00,73.10,72.15,U,21,63.6473
L,1260904,200,446,73.00,73.10,72.15,U,22,62.6221
L,1260904,200,446,73.00,73.10,72.15,U,23,62.3289
L,1260904,200,446,73.00,73.10,72.15,U,24,62.0908
L,1260904,200,446,73.00,73.10,72.15,U,25,61.3552
L,1260904,200,446,73.00,73.10,72.15,U,26,62.5606
L,1260904,200,446,73.00,73.10,72.15,U,27,61.9221
L,1260904,200,446,73.00,73.10,72.15,U,28,56.7557
L,1260904,200,446,73.00,73.10,72.15,U,29,57.3414
L,1260904,200,446,73.00,73.10,72.15,U,30,56.6737
L,1260904,200,446,73.00,73.10,72.15,U,31,56.5459
L,1260904,200,446,73.00,73.10,72.15,U,32,58.3865
L,1260904,200,446,73.00,73.10,72.15,U,33,57.4181
L,1260904,200,446,73.00,73.10,72.15,U,34,57.5278
L,1260904,200,446,73.00,73.10,72.15,U,35,57.4120
L,1260904,200,446,73.00,73.10,72.15,U,36,50.3450
L,1260904,200,446,73.00,73.10,72.15,U,37,48.7579
L,1260904,200,446,73.00,73.10,72.15,U,38,50.2996
L,1260904,200,446,73.00,73.10,72.15,U,39,49.5941
L,1260904,200,446,73.00,73.10,72.15,U,40,52.0931
L,1260904,200,446,73.00,73.10,72.15,U,41,46.5340
L,1260904,200,446,73.00,73.10,72.15,U,42,48.2516
L,1260904,200,446,73.00,73.10,72.15,U,43,49.0935
L,1260904,200,446,73.00,73.10,72.15,U,44,38.7640
L,1260904,200,446,73.00,73.10,72.15,U,45,33.0871
L,1260904,200,446,73.00,73.10,72.15,U,46,26.9173
L,1260904,200,446,73.00,73.10,72.15,U,47,26.6033
L,1260904,200,446,73.00,73.10,72.15,U,48,47.2000
L,1260904,200,446,73.00,73.10,72.15,U,49,61.4080
L,1260904,200,446,73.00,73.10,72.15,L,0,72.0033
L,1260904,200,446,73.00,73.10,72.15,L,1,72.9173
L,1260904,200,446,73.00,73.10,72.15,L,2,70.0156
L,1260904,200,446,73.00,73.10,72.15,L,3,70.0700
L,1260904,200,446,73.00,73.10,72.15,L,4,72.5189
L,1260904,200,446,73.00,73.10,72.15,L,5,74.4683
L,1260904,200,446,73.00,73.10,72.15,L,6,77.0300
K,1260904,200,446,73.00,73.10,72.15,72.1439,3
L,1260904,300,447,72.99,73.02,72.70,U,0,73.0767
L,1260904,300,447,72.99,73.02,72.70,U,1,72.2301
L,1260904,300,447,72.99,73.02,72.70,U,2,70.5120
L,1260904,300,447,72.99,73.02,72.70,U,3,69.6848
L,1260904,300,447,72.99,73.02,72.70,U,4,68.8522
L,1260904,300,447,72.99,73.02,72.70,U,5,68.6687
L,1260904,300,447,72.99,73.02,72.70,U,6,68.5863
L,1260904,300,447,72.99,73.02,72.70,U,7,67.9806
L,1260904,300,447,72.99,73.02,72.70,U,8,67.6163
L,1260904,300,447,72.99,73.02,72.70,U,9,67.5856
L,1260904,300,447,72.99,73.02,72.70,U,10,68.7563
L,1260904,300,447,72.99,73.02,72.70,U,11,67.9409
L,1260904,300,447,72.99,73.02,72.70,U,12,70.7185
L,1260904,300,447,72.99,73.02,72.70,U,13,70.1913
L,1260904,300,447,72.99,73.02,72.70,U,14,69.6747
L,1260904,300,447,72.99,73.02,72.70,U,15,69.5858
L,1260904,300,447,72.99,73.02,72.70,U,16,72.1438
L,1260904,300,447,72.99,73.02,72.70,U,17,70.2237
L,1260904,300,447,72.99,73.02,72.70,U,18,70.3942
L,1260904,300,447,72.99,73.02,72.70,U,19,69.8556
L,1260904,300,447,72.99,73.02,72.70,U,20,68.8587
L,1260904,300,447,72.99,73.02,72.70,U,21,69.0237
L,1260904,300,447,72.99,73.02,72.70,U,22,63.5814
L,1260904,300,447,72.99,73.02,72.70,U,23,62.5516
L,1260904,300,447,72.99,73.02,72.70,U,24,62.2570
L,1260904,300,447,72.99,73.02,72.70,U,25,62.0178
L,1260904,300,447,72.99,73.02,72.70,U,26,61.2790
L,1260904,300,447,72.99,73.02,72.70,U,27,62.4898
L,1260904,300,447,72.99,73.02,72.70,U,28,61.8484
L,1260904,300,447,72.99,73.02,72.70,U,29,56.6587
L,1260904,300,447,72.99,73.02,72.70,U,30,57.2470
L,1260904,300,447,72.99,73.02,72.70,U,31,56.5764
L,1260904,300,447,72.99,73.02,72.70,U,32,56.4480
L,1260904,300,447,72.99,73.02,72.70,U,33,58.2969
L,1260904,300,447,72.99,73.02,72.70,U,34,57.3241
L,1260904,300,447,72.99,73.02,72.70,U,35,57.4343
L,1260904,300,447,72.99,73.02,72.70,U,36,57.3180
L,1260904,300,447,72.99,73.02,72.70,U,37,50.2192
L,1260904,300,447,72.99,73.02,72.70,U,38,48.6249
L,1260904,300,447,72.99,73.02,72.70,U,39,50.1736
L,1260904,300,447,72.99,73.02,72.70,U,40,49.4649
L,1260904,300,447,72.99,73.02,72.70,U,41,51.9751
L,1260904,300,447,72.99,73.02,72.70,U,42,46.3910
L,1260904,300,447,72.99,73.02,72.70,U,43,48.1163
L,1260904,300,447,72.99,73.02,72.70,U,44,48.9621
L,1260904,300,447,72.99,73.02,72.70,U,45,38.5860
L,1260904,300,447,72.99,73.02,72.70,U,46,32.8836
L,1260904,300,447,72.99,73.02,72.70,U,47,26.6859
L,1260904,300,447,72.99,73.02,72.70,U,48,26.3706
L,1260904,300,447,72.99,73.02,72.70,U,49,47.0600
L,1260904,300,447,72.99,73.02,72.70,U,50,61.3320
L,1260904,300,447,72.99,73.02,72.70,L,0,72.1500
L,1260904,300,447,72.99,73.02,72.70,L,1,73.0955
L,1260904,300,447,72.99,73.02,72.70,L,2,70.0938
L,1260904,300,447,72.99,73.02,72.70,L,3,70.1500
L,1260904,300,447,72.99,73.02,72.70,L,4,72.6833
L,1260904,300,447,72.99,73.02,72.70,L,5,74.7000
L,1260904,300,447,72.99,73.02,72.70,L,6,77.3500
X,1260904,300,447,72.99,73.02,72.70,73.0788
X,1260904,300,447,72.99,73.02,72.70,72.1447
K,1260904,300,447,72.99,73.02,72.70,72.1746,3
Q,1260904,300,447,72.99,73.02,72.70,72.1447,3
L,1260904,400,448,73.15,73.29,72.97,U,0,73.0533
L,1260904,400,448,73.15,73.29,72.97,U,1,72.2030
L,1260904,400,448,73.15,73.29,72.97,U,2,70.4772
L,1260904,400,448,73.15,73.29,72.97,U,3,69.6462
L,1260904,400,448,73.15,73.29,72.97,U,4,68.8099
L,1260904,400,448,73.15,73.29,72.97,U,5,68.6256
L,1260904,400,448,73.15,73.29,72.97,U,6,68.5429
L,1260904,400,448,73.15,73.29,72.97,U,7,67.9344
L,1260904,400,448,73.15,73.29,72.97,U,8,67.5685
L,1260904,400,448,73.15,73.29,72.97,U,9,67.5376
L,1260904,400,448,73.15,73.29,72.97,U,10,68.7136
L,1260904,400,448,73.15,73.29,72.97,U,11,67.8945
L,1260904,400,448,73.15,73.29,72.97,U,12,70.6846
L,1260904,400,448,73.15,73.29,72.97,U,13,70.1550
L,1260904,400,448,73.15,73.29,72.97,U,14,69.6361
L,1260904,400,448,73.15,73.29,72.97,U,15,69.5468
L,1260904,400,448,73.15,73.29,72.97,U,16,72.1162
L,1260904,400,448,73.15,73.29,72.97,U,17,70.1876
L,1260904,400,448,73.15,73.29,72.97,U,18,70.3588
L,1260904,400,448,73.15,73.29,72.97,U,19,69.8178
L,1260904,400,448,73.15,73.29,72.97,U,20,68.8164
L,1260904,400,448,73.15,73.29,72.97,U,21,68.9822
L,1260904,400,448,73.15,73.29,72.97,U,22,63.5155
L,1260904,400,448,73.15,73.29,72.97,U,23,62.4811
L,1260904,400,448,73.15,73.29,72.97,U,24,62.1852
L,1260904,400,448,73.15,73.29,72.97,U,25,61.9449
L,1260904,400,448,73.15,73.29,72.97,U,26,61.2028
L,1260904,400,448,73.15,73.29,72.97,U,27,62.4190
L,1260904,400,448,73.15,73.29,72.97,U,28,61.7747
L,1260904,400,448,73.15,73.29,72.97,U,29,56.5617
L,1260904,400,448,73.15,73.29,72.97,U,30,57.1527
L,1260904,400,448,73.15,73.29,72.97,U,31,56.4791
L,1260904,400,448,73.15,73.29,72.97,U,32,56.3501
L,1260904,400,448,73.15,73.29,72.97,U,33,58.2073
L,1260904,400,448,73.15,73.29,72.97,U,34,57.2301
L,1260904,400,448,73.15,73.29,72.97,U,35,57.3409
L,1260904,400,448,73.15,73.29,72.97,U,36,57.2240
L,1260904,400,448,73.15,73.29,72.97,U,37,50.0933
L,1260904,400,448,73.15,73.29,72.97,U,38,48.4919
L,1260904,400,448,73.15,73.29,72.97,U,39,50.0475
L,1260904,400,448,73.15,73.29,72.97,U,40,49.3357
L,1260904,400,448,73.15,73.29,72.97,U,41,51.8571
L,1260904,400,448,73.15,73.29,72.97,U,42,46.2480
L,1260904,400,448,73.15,73.29,72.97,U,43,47.9811
L,1260904,400,448,73.15,73.29,72.97,U,44,48.8306
L,1260904,400,448,73.15,73.29,72.97,U,45,38.4080
L,1260904,400,448,73.15,73.29,72.97,U,46,32.6800
L,1260904,400,448,73.15,73.29,72.97,U,47,26.4545
L,1260904,400,448,73.15,73.29,72.97,U,48,26.1378
L,1260904,400,448,73.15,73.29,72.97,U,49,46.9200
L,1260904,400,448,73.15,73.29,72.97,U,50,61.2560
L,1260904,400,448,73.15,73.29,72.97,L,0,72.2967
L,1260904,400,448,73.15,73.29,72.97,L,1,73.2736
L,1260904,400,448,73.15,73.29,72.97,L,2,70.1719
L,1260904,400,448,73.15,73.29,72.97,L,3,70.2300
L,1260904,400,448,73.15,73.29,72.97,L,4,72.8478
L,1260904,400,448,73.15,73.29,72.97,L,5,74.9317
L,1260904,400,448,73.15,73.29,72.97,L,6,77.6700
X,1260904,400,448,73.15,73.29,72.97,72.2176
X,1260904,400,448,73.15,73.29,72.97,70.1604
X,1260904,400,448,73.15,73.29,72.97,70.1784
X,1260904,400,448,73.15,73.29,72.97,70.2008
K,1260904,400,448,73.15,73.29,72.97,72.2053,3
Q,1260904,400,448,73.15,73.29,72.97,70.1604,5
L,1260904,500,449,73.17,73.22,72.95,U,0,73.2677
L,1260904,500,449,73.17,73.22,72.95,U,1,73.0300
L,1260904,500,449,73.17,73.22,72.95,U,2,72.1758
L,1260904,500,449,73.17,73.22,72.95,U,3,70.4423
L,1260904,500,449,73.17,73.22,72.95,U,4,69.6077
L,1260904,500,449,73.17,73.22,72.95,U,5,68.7676
L,1260904,500,449,73.17,73.22,72.95,U,6,68.5825
L,1260904,500,449,73.17,73.22,72.95,U,7,68.4994
L,1260904,500,449,73.17,73.22,72.95,U,8,67.8882
L,1260904,500,449,73.17,73.22,72.95,U,9,67.5207
L,1260904,500,449,73.17,73.22,72.95,U,10,67.4897
L,1260904,500,449,73.17,73.22,72.95,U,11,68.6709
L,1260904,500,449,73.17,73.22,72.95,U,12,67.8482
L,1260904,500,449,73.17,73.22,72.95,U,13,70.6507
L,1260904,500,449,73.17,73.22,72.95,U,14,70.1188
L,1260904,500,449,73.17,73.22,72.95,U,15,69.5975
L,1260904,500,449,73.17,73.22,72.95,U,16,69.5078
L,1260904,500,449,73.17,73.22,72.95,U,17,72.0887
L,1260904,500,449,73.17,73.22,72.95,U,18,70.1515
L,1260904,500,449,73.17,73.22,72.95,U,19,70.3235
L,1260904,500,449,73.17,73.22,72.95,U,20,69.7800
L,1260904,500,449,73.17,73.22,72.95,U,21,68.7742
L,1260904,500,449,73.17,73.22,72.95,U,22,68.9407
L,1260904,500,449,73.17,73.22,72.95,U,23,63.4496
L,1260904,500,449,73.17,73.22,72.95,U,24,62.4105
L,1260904,500,449,73.17,73.22,72.95,U,25,62.1133
L,1260904,500,449,73.17,73.22,72.95,U,26,61.8720
L,1260904,500,449,73.17,73.22,72.95,U,27,61.1265
L,1260904,500,449,73.17,73.22,72.95,U,28,62.3482
L,1260904,500,449,73.17,73.22,72.95,U,29,61.7011
L,1260904,500,449,73.17,73.22,72.95,U,30,56.4648
L,1260904,500,449,73.17,73.22,72.95,U,31,57.0584
L,1260904,500,449,73.17,73.22,72.95,U,32,56.3817
L,1260904,500,449,73.17,73.22,72.95,U,33,56.2522
L,1260904,500,449,73.17,73.22,72.95,U,34,58.1177
L,1260904,500,449,73.17,73.22,72.95,U,35,57.1362
L,1260904,500,449,73.17,73.22,72.95,U,36,57.2474
L,1260904,500,449,73.17,73.22,72.95,U,37,57.1300
L,1260904,500,449,73.17,73.22,72.95,U,38,49.9675
L,1260904,500,449,73.17,73.22,72.95,U,39,48.3589
L,1260904,500,449,73.17,73.22,72.95,U,40,49.9215
L,1260904,500,449,73.17,73.22,72.95,U,41,49.2065
L,1260904,500,449,73.17,73.22,72.95,U,42,51.7392
L,1260904,500,449,73.17,73.22,72.95,U,43,46.1050
L,1260904,500,449,73.17,73.22,72.95,U,44,47.8458
L,1260904,500,449,73.17,73.22,72.95,U,45,48.6991
L,1260904,500,449,73.17,73.22,72.95,U,46,38.2300
L,1260904,500,449,73.17,73.22,72.95,U,47,32.4764
L,1260904,500,449,73.17,73.22,72.95,U,48,26.2232
L,1260904,500,449,73.17,73.22,72.95,U,49,25.9050
L,1260904,500,449,73.17,73.22,72.95,U,50,46.7800
L,1260904,500,449,73.17,73.22,72.95,U,51,61.1800
L,1260904,500,449,73.17,73.22,72.95,L,0,72.4433
L,1260904,500,449,73.17,73.22,72.95,L,1,73.4518
L,1260904,500,449,73.17,73.22,72.95,L,2,70.2500
L,1260904,500,449,73.17,73.22,72.95,L,3,70.3100
L,1260904,500,449,73.17,73.22,72.95,L,4,73.0122
L,1260904,500,449,73.17,73.22,72.95,L,5,75.1633
L,1260904,500,449,73.17,73.22,72.95,L,6,77.9900
X,1260904,500,449,73.17,73.22,72.95,73.2882
X,1260904,500,449,73.17,73.22,72.95,70.1826
Q,1260904,500,449,73.17,73.22,72.95,70.1826,4
L,1260904,600,450,72.17,73.21,71.80,U,0,73.2454
L,1260904,600,450,72.17,73.21,71.80,U,1,73.0067
L,1260904,600,450,72.17,73.21,71.80,U,2,72.1487
L,1260904,600,450,72.17,73.21,71.80,U,3,70.4075
L,1260904,600,450,72.17,73.21,71.80,U,4,69.5691
L,1260904,600,450,72.17,73.21,71.80,U,5,68.7253
L,1260904,600,450,72.17,73.21,71.80,U,6,68.5394
L,1260904,600,450,72.17,73.21,71.80,U,7,68.4559
L,1260904,600,450,72.17,73.21,71.80,U,8,67.8421
L,1260904,600,450,72.17,73.21,71.80,U,9,67.4729
L,1260904,600,450,72.17,73.21,71.80,U,10,67.4417
L,1260904,600,450,72.17,73.21,71.80,U,11,68.6282
L,1260904,600,450,72.17,73.21,71.80,U,12,67.8018
L,1260904,600,450,72.17,73.21,71.80,U,13,70.6168
L,1260904,600,450,72.17,73.21,71.80,U,14,70.0825
L,1260904,600,450,72.17,73.21,71.80,U,15,69.5589
L,1260904,600,450,72.17,73.21,71.80,U,16,69.4689
L,1260904,600,450,72.17,73.21,71.80,U,17,72.0612
L,1260904,600,450,72.17,73.21,71.80,U,18,70.1154
L,1260904,600,450,72.17,73.21,71.80,U,19,70.2881
L,1260904,600,450,72.17,73.21,71.80,U,20,69.7422
L,1260904,600,450,72.17,73.21,71.80,U,21,68.7319
L,1260904,600,450,72.17,73.21,71.80,U,22,68.8992
L,1260904,600,450,72.17,73.21,71.80,U,23,63.3837
L,1260904,600,450,72.17,73.21,71.80,U,24,62.3400
L,1260904,600,450,72.17,73.21,71.80,U,25,62.0415
L,1260904,600,450,72.17,73.21,71.80,U,26,61.7991
L,1260904,600,450,72.17,73.21,71.80,U,27,61.0503
L,1260904,600,450,72.17,73.21,71.80,U,28,62.2774
L,1260904,600,450,72.17,73.21,71.80,U,29,61.6274
L,1260904,600,450,72.17,73.21,71.80,U,30,56.3678
L,1260904,600,450,72.17,73.21,71.80,U,31,56.9641
L,1260904,600,450,72.17,73.21,71.80,U,32,56.2844
L,1260904,600,450,72.17,73.21,71.80,U,33,56.1543
L,1260904,600,450,72.17,73.21,71.80,U,34,58.0281
L,1260904,600,450,72.17,73.21,71.80,U,35,57.0422
L,1260904,600,450,72.17,73.21,71.80,U,36,57.1539
L,1260904,600,450,72.17,73.21,71.80,U,37,57.0360
L,1260904,600,450,72.17,73.21,71.80,U,38,49.8417
L,1260904,600,450,72.17,73.21,71.80,U,39,48.2260
L,1260904,600,450,72.17,73.21,71.80,U,40,49.7955
L,1260904,600,450,72.17,73.21,71.80,U,41,49.0773
L,1260904,600,450,72.17,73.21,71.80,U,42,51.6212
L,1260904,600,450,72.17,73.21,71.80,U,43,45.9620
L,1260904,600,450,72.17,73.21,71.80,U,44,47.7105
L,1260904,600,450,72.17,73.21,71.80,U,45,48.5676
L,1260904,600,450,72.17,73.21,71.80,U,46,38.0520
L,1260904,600,450,72.17,73.21,71.80,U,47,32.2729
L,1260904,600,450,72.17,73.21,71.80,U,48,25.9918
L,1260904,600,450,72.17,73.21,71.80,U,49,25.6722
L,1260904,600,450,72.17,73.21,71.80,U,50,46.6400
L,1260904,600,450,72.17,73.21,71.80,U,51,61.1040
L,1260904,600,450,72.17,73.21,71.80,L,0,72.5900
L,1260904,600,450,72.17,73.21,71.80,L,1,73.6300
L,1260904,600,450,72.17,73.21,71.80,L,2,70.3281
L,1260904,600,450,72.17,73.21,71.80,L,3,70.3900
L,1260904,600,450,72.17,73.21,71.80,L,4,73.1767
L,1260904,600,450,72.17,73.21,71.80,L,5,75.3950
L,1260904,600,450,72.17,73.21,71.80,L,6,78.3100
X,1260904,600,450,72.17,73.21,71.80,73.0278
X,1260904,600,450,72.17,73.21,71.80,70.3006
X,1260904,600,450,72.17,73.21,71.80,70.3193
K,1260904,600,450,72.17,73.21,71.80,73.1429,3
Q,1260904,600,450,72.17,73.21,71.80,70.3006,6
L,1260904,700,451,73.23,73.24,72.02,U,0,73.2232
L,1260904,700,451,73.23,73.24,72.02,U,1,72.9833
L,1260904,700,451,73.23,73.24,72.02,U,2,72.1216
L,1260904,700,451,73.23,73.24,72.02,U,3,70.3727
L,1260904,700,451,73.23,73.24,72.02,U,4,69.5306
L,1260904,700,451,73.23,73.24,72.02,U,5,68.6831
L,1260904,700,451,73.23,73.24,72.02,U,6,68.4963
L,1260904,700,451,73.23,73.24,72.02,U,7,68.4124
L,1260904,700,451,73.23,73.24,72.02,U,8,67.7959
L,1260904,700,451,73.23,73.24,72.02,U,9,67.4251
L,1260904,700,451,73.23,73.24,72.02,U,10,67.3938
L,1260904,700,451,73.23,73.24,72.02,U,11,68.5855
L,1260904,700,451,73.23,73.24,72.02,U,12,67.7555
L,1260904,700,451,73.23,73.24,72.02,U,13,70.5829
L,1260904,700,451,73.23,73.24,72.02,U,14,70.0462
L,1260904,700,451,73.23,73.24,72.02,U,15,69.5203
L,1260904,700,451,73.23,73.24,72.02,U,16,69.4299
L,1260904,700,451,73.23,73.24,72.02,U,17,72.0337
L,1260904,700,451,73.23,73.24,72.02,U,18,70.0792
L,1260904,700,451,73.23,73.24,72.02,U,19,70.2528
L,1260904,700,451,73.23,73.24,72.02,U,20,69.7044
L,1260904,700,451,73.23,73.24,72.02,U,21,68.6897
L,1260904,700,451,73.23,73.24,72.02,U,22,68.8577
L,1260904,700,451,73.23,73.24,72.02,U,23,63.3177
L,1260904,700,451,73.23,73.24,72.02,U,24,62.2695
L,1260904,700,451,73.23,73.24,72.02,U,25,61.9696
L,1260904,700,451,73.23,73.24,72.02,U,26,61.7261
L,1260904,700,451,73.23,73.24,72.02,U,27,60.9741
L,1260904,700,451,73.23,73.24,72.02,U,28,62.2066
L,1260904,700,451,73.23,73.24,72.02,U,29,61.5537
L,1260904,700,451,73.23,73.24,72.02,U,30,56.2709
L,1260904,700,451,73.23,73.24,72.02,U,31,56.8698
L,1260904,700,451,73.23,73.24,72.02,U,32,56.1871
L,1260904,700,451,73.23,73.24,72.02,U,33,56.0564
L,1260904,700,451,73.23,73.24,72.02,U,34,57.9384
L,1260904,700,451,73.23,73.24,72.02,U,35,56.9482
L,1260904,700,451,73.23,73.24,72.02,U,36,57.0604
L,1260904,700,451,73.23,73.24,72.02,U,37,56.9420
L,1260904,700,451,73.23,73.24,72.02,U,38,49.7158
L,1260904,700,451,73.23,73.24,72.02,U,39,48.0930
L,1260904,700,451,73.23,73.24,72.02,U,40,49.6694
L,1260904,700,451,73.23,73.24,72.02,U,41,48.9480
L,1260904,700,451,73.23,73.24,72.02,U,42,51.5033
L,1260904,700,451,73.23,73.24,72.02,U,43,45.8190
L,1260904,700,451,73.23,73.24,72.02,U,44,47.5753
L,1260904,700,451,73.23,73.24,72.02,U,45,48.4362
L,1260904,700,451,73.23,73.24,72.02,U,46,37.8740
L,1260904,700,451,73.23,73.24,72.02,U,47,32.0693
L,1260904,700,451,73.23,73.24,72.02,U,48,25.7605
L,1260904,700,451,73.23,73.24,72.02,U,49,25.4394
L,1260904,700,451,73.23,73.24,72.02,U,50,46.5000
L,1260904,700,451,73.23,73.24,72.02,U,51,61.0280
L,1260904,700,451,73.23,73.24,72.02,L,0,71.9227
L,1260904,700,451,73.23,73.24,72.02,L,1,72.7367
L,1260904,700,451,73.23,73.24,72.02,L,2,73.8082
L,1260904,700,451,73.23,73.24,72.02,L,3,70.4062
L,1260904,700,451,73.23,73.24,72.02,L,4,70.4700
L,1260904,700,451,73.23,73.24,72.02,L,5,73.3411
L,1260904,700,451,73.23,73.24,72.02,L,6,75.6267
L,1260904,700,451,73.23,73.24,72.02,L,7,78.6300
X,1260904,700,451,73.23,73.24,72.02,73.2372
X,1260904,700,451,73.23,73.24,72.02,70.3830
X,1260904,700,451,73.23,73.24,72.02,70.4022
K,1260904,700,451,73.23,73.24,72.02,72.0260,3
Q,1260904,700,451,73.23,73.24,72.02,70.3830,8
L,1260904,800,452,72.01,73.24,71.85,U,0,73.2009
L,1260904,800,452,72.01,73.24,71.85,U,1,72.9600
L,1260904,800,452,72.01,73.24,71.85,U,2,72.0944
L,1260904,800,452,72.01,73.24,71.85,U,3,70.3378
L,1260904,800,452,72.01,73.24,71.85,U,4,69.4920
L,1260904,800,452,72.01,73.24,71.85,U,5,68.6408
L,1260904,800,452,72.01,73.24,71.85,U,6,68.4532
L,1260904,800,452,72.01,73.24,71.85,U,7,68.3690
L,1260904,800,452,72.01,73.24,71.85,U,8,67.7497
L,1260904,800,452,72.01,73.24,71.85,U,9,67.3772
L,1260904,800,452,72.01,73.24,71.85,U,10,67.3458
L,1260904,800,452,72.01,73.24,71.85,U,11,68.5428
L,1260904,800,452,72.01,73.24,71.85,U,12,67.7091
L,1260904,800,452,72.01,73.24,71.85,U,13,70.5490
L,1260904,800,452,72.01,73.24,71.85,U,14,70.0099
L,1260904,800,452,72.01,73.24,71.85,U,15,69.4817
L,1260904,800,452,72.01,73.24,71.85,U,16,69.3909
L,1260904,800,452,72.01,73.24,71.85,U,17,72.0062
L,1260904,800,452,72.01,73.24,71.85,U,18,70.0431
L,1260904,800,452,72.01,73.24,71.85,U,19,70.2174
L,1260904,800,452,72.01,73.24,71.85,U,20,69.6667
L,1260904,800,452,72.01,73.24,71.85,U,21,68.6474
L,1260904,800,452,72.01,73.24,71.85,U,22,68.8162
L,1260904,800,452,72.01,73.24,71.85,U,23,63.2518
L,1260904,800,452,72.01,73.24,71.85,U,24,62.1989
L,1260904,800,452,72.01,73.24,71.85,U,25,61.8978
L,1260904,800,452,72.01,73.24,71.85,U,26,61.6532
L,1260904,800,452,72.01,73.24,71.85,U,27,60.8978
L,1260904,800,452,72.01,73.24,71.85,U,28,62.1358
L,1260904,800,452,72.01,73.24,71.85,U,29,61.4800
L,1260904,800,452,72.01,73.24,71.85,U,30,56.1739
L,1260904,800,452,72.01,73.24,71.85,U,31,56.7755
L,1260904,800,452,72.01,73.24,71.85,U,32,56.0898
L,1260904,800,452,72.01,73.24,71.85,U,33,55.9585
L,1260904,800,452,72.01,73.24,71.85,U,34,57.8488
L,1260904,800,452,72.01,73.24,71.85,U,35,56.8542
L,1260904,800,452,72.01,73.24,71.85,U,36,56.9670
L,1260904,800,452,72.01,73.24,71.85,U,37,56.8480
L,1260904,800,452,72.01,73.24,71.85,U,38,49.5900
L,1260904,800,452,72.01,73.24,71.85,U,39,47.9600
L,1260904,800,452,72.01,73.24,71.85,U,40,49.5434
L,1260904,800,452,72.01,73.24,71.85,U,41,48.8188
L,1260904,800,452,72.01,73.24,71.85,U,42,51.3853
L,1260904,800,452,72.01,73.24,71.85,U,43,45.6760
L,1260904,800,452,72.01,73.24,71.85,U,44,47.4400
L,1260904,800,452,72.01,73.24,71.85,U,45,48.3047
L,1260904,800,452,72.01,73.24,71.85,U,46,37.6960
L,1260904,800,452,72.01,73.24,71.85,U,47,31.8657
L,1260904,800,452,72.01,73.24,71.85,U,48,25.5291
L,1260904,800,452,72.01,73.24,71.85,U,49,25.2067
L,1260904,800,452,72.01,73.24,71.85,U,50,46.3600
L,1260904,800,452,72.01,73.24,71.85,U,51,60.9520
L,1260904,800,452,72.01,73.24,71.85,L,0,72.0455
L,1260904,800,452,72.01,73.24,71.85,L,1,72.8833
L,1260904,800,452,72.01,73.24,71.85,L,2,73.9864
L,1260904,800,452,72.01,73.24,71.85,L,3,70.4844
L,1260904,800,452,72.01,73.24,71.85,L,4,70.5500
L,1260904,800,452,72.01,73.24,71.85,L,5,73.5056
L,1260904,800,452,72.01,73.24,71.85,L,6,75.8583
L,1260904,800,452,72.01,73.24,71.85,L,7,78.9500
X,1260904,800,452,72.01,73.24,71.85,70.5493
X,1260904,800,452,72.01,73.24,71.85,72.0134
K,1260904,800,452,72.01,73.24,71.85,70.4803,4
Q,1260904,800,452,72.01,73.24,71.85,70.5493,5
L,1260904,900,453,71.97,72.18,71.71,U,0,73.1786
L,1260904,900,453,71.97,72.18,71.71,U,1,72.9367
L,1260904,900,453,71.97,72.18,71.71,U,2,72.0673
L,1260904,900,453,71.97,72.18,71.71,U,3,70.3030
L,1260904,900,453,71.97,72.18,71.71,U,4,69.4535
L,1260904,900,453,71.97,72.18,71.71,U,5,68.5985
L,1260904,900,453,71.97,72.18,71.71,U,6,68.4101
L,1260904,900,453,71.97,72.18,71.71,U,7,68.3255
L,1260904,900,453,71.97,72.18,71.71,U,8,67.7035
L,1260904,900,453,71.97,72.18,71.71,U,9,67.3294
L,1260904,900,453,71.97,72.18,71.71,U,10,67.2978
L,1260904,900,453,71.97,72.18,71.71,U,11,68.5001
L,1260904,900,453,71.97,72.18,71.71,U,12,67.6627
L,1260904,900,453,71.97,72.18,71.71,U,13,70.5151
L,1260904,900,453,71.97,72.18,71.71,U,14,69.9737
L,1260904,900,453,71.97,72.18,71.71,U,15,69.4431
L,1260904,900,453,71.97,72.18,71.71,U,16,69.3519
L,1260904,900,453,71.97,72.18,71.71,U,17,71.9787
L,1260904,900,453,71.97,72.18,71.71,U,18,70.0070
L,1260904,900,453,71.97,72.18,71.71,U,19,70.1820
L,1260904,900,453,71.97,72.18,71.71,U,20,69.6289
L,1260904,900,453,71.97,72.18,71.71,U,21,68.6052
L,1260904,900,453,71.97,72.18,71.71,U,22,68.7747
L,1260904,900,453,71.97,72.18,71.71,U,23,63.1859
L,1260904,900,453,71.97,72.18,71.71,U,24,62.1284
L,1260904,900,453,71.97,72.18,71.71,U,25,61.8259
L,1260904,900,453,71.97,72.18,71.71,U,26,61.5803
L,1260904,900,453,71.97,72.18,71.71,U,27,60.8216
L,1260904,900,453,71.97,72.18,71.71,U,28,62.0649
L,1260904,900,453,71.97,72.18,71.71,U,29,61.4063
L,1260904,900,453,71.97,72.18,71.71,U,30,56.0770
L,1260904,900,453,71.97,72.18,71.71,U,31,56.6811
L,1260904,900,453,71.97,72.18,71.71,U,32,55.9924
L,1260904,900,453,71.97,72.18,71.71,U,33,55.8606
L,1260904,900,453,71.97,72.18,71.71,U,34,57.7592
L,1260904,900,453,71.97,72.18,71.71,U,35,56.7603
L,1260904,900,453,71.97,72.18,71.71,U,36,56.8735
L,1260904,900,453,71.97,72.18,71.71,U,37,56.7540
L,1260904,900,453,71.97,72.18,71.71,U,38,49.4642
L,1260904,900,453,71.97,72.18,71.71,U,39,47.8270
L,1260904,900,453,71.97,72.18,71.71,U,40,49.4174
L,1260904,900,453,71.97,72.18,71.71,U,41,48.6896
L,1260904,900,453,71.97,72.18,71.71,U,42,51.2673
L,1260904,900,453,71.97,72.18,71.71,U,43,45.5330
L,1260904,900,453,71.97,72.18,71.71,U,44,47.3047
L,1260904,900,453,71.97,72.18,71.71,U,45,48.1732
L,1260904,900,453,71.97,72.18,71.71,U,46,37.5180
L,1260904,900,453,71.97,72.18,71.71,U,47,31.6621
L,1260904,900,453,71.97,72.18,71.71,U,48,25.2977
L,1260904,900,453,71.97,72.18,71.71,U,49,24.9739
L,1260904,900,453,71.97,72.18,71.71,U,50,46.2200
L,1260904,900,453,71.97,72.18,71.71,U,51,60.8760
L,1260904,900,453,71.97,72.18,71.71,L,0,72.1682
L,1260904,900,453,71.97,72.18,71.71,L,1,73.0300
L,1260904,900,453,71.97,72.18,71.71,L,2,74.1645
L,1260904,900,453,71.97,72.18,71.71,L,3,70.5625
L,1260904,900,453,71.97,72.18,71.71,L,4,70.6300
L,1260904,900,453,71.97,72.18,71.71,L,5,73.6700
L,1260904,900,453,71.97,72.18,71.71,L,6,76.0900
L,1260904,900,453,71.97,72.18,71.71,L,7,79.2700
X,1260904,900,453,71.97,72.18,71.71,72.9495
X,1260904,900,453,71.97,72.18,71.71,72.0856
X,1260904,900,453,71.97,72.18,71.71,70.5294
K,1260904,900,453,71.97,72.18,71.71,72.0714,3
Q,1260904,900,453,71.97,72.18,71.71,70.5294,6
L,1260904,1000,454,72.43,72.56,71.91,U,0,73.1563
L,1260904,1000,454,72.43,72.56,71.91,U,1,72.9133
L,1260904,1000,454,72.43,72.56,71.91,U,2,72.0402
L,1260904,1000,454,72.43,72.56,71.91,U,3,70.2682
L,1260904,1000,454,72.43,72.56,71.91,U,4,69.4150
L,1260904,1000,454,72.43,72.56,71.91,U,5,68.5562
L,1260904,1000,454,72.43,72.56,71.91,U,6,68.3670
L,1260904,1000,454,72.43,72.56,71.91,U,7,68.2820
L,1260904,1000,454,72.43,72.56,71.91,U,8,67.6573
L,1260904,1000,454,72.43,72.56,71.91,U,9,67.2816
L,1260904,1000,454,72.43,72.56,71.91,U,10,67.2499
L,1260904,1000,454,72.43,72.56,71.91,U,11,68.4573
L,1260904,1000,454,72.43,72.56,71.91,U,12,67.6164
L,1260904,1000,454,72.43,72.56,71.91,U,13,70.4811
L,1260904,1000,454,72.43,72.56,71.91,U,14,69.9374
L,1260904,1000,454,72.43,72.56,71.91,U,15,69.4045
L,1260904,1000,454,72.43,72.56,71.91,U,16,69.3129
L,1260904,1000,454,72.43,72.56,71.91,U,17,71.9511
L,1260904,1000,454,72.43,72.56,71.91,U,18,69.9708
L,1260904,1000,454,72.43,72.56,71.91,U,19,70.1467
L,1260904,1000,454,72.43,72.56,71.91,U,20,69.5911
L,1260904,1000,454,72.43,72.56,71.91,U,21,68.5629
L,1260904,1000,454,72.43,72.56,71.91,U,22,68.7332
L,1260904,1000,454,72.43,72.56,71.91,U,23,63.1200
L,1260904,1000,454,72.43,72.56,71.91,U,24,62.0579
L,1260904,1000,454,72.43,72.56,71.91,U,25,61.7541
L,1260904,1000,454,72.43,72.56,71.91,U,26,61.5074
L,1260904,1000,454,72.43,72.56,71.91,U,27,60.7453
L,1260904,1000,454,72.43,72.56,71.91,U,28,61.9941
L,1260904,1000,454,72.43,72.56,71.91,U,29,61.3326
L,1260904,1000,454,72.43,72.56,71.91,U,30,55.9800
L,1260904,1000,454,72.43,72.56,71.91,U,31,56.5868
L,1260904,1000,454,72.43,72.56,71.91,U,32,55.8951
L,1260904,1000,454,72.43,72.56,71.91,U,33,55.7627
L,1260904,1000,454,72.43,72.56,71.91,U,34,57.6696
L,1260904,1000,454,72.43,72.56,71.91,U,35,56.6663
L,1260904,1000,454,72.43,72.56,71.91,U,36,56.7800
L,1260904,1000,454,72.43,72.56,71.91,U,37,56.6600
L,1260904,1000,454,72.43,72.56,71.91,U,38,49.3383
L,1260904,1000,454,72.43,72.56,71.91,U,39,47.6940
L,1260904,1000,454,72.43,72.56,71.91,U,40,49.2913
L,1260904,1000,454,72.43,72.56,71.91,U,41,48.5604
L,1260904,1000,454,72.43,72.56,71.91,U,42,51.1494
L,1260904,1000,454,72.43,72.56,71.91,U,43,45.3900
L,1260904,1000,454,72.43,72.56,71.91,U,44,47.1695
L,1260904,1000,454,72.43,72.56,71.91,U,45,48.0418
L,1260904,1000,454,72.43,72.56,71.91,U,46,37.3400
L,1260904,1000,454,72.43,72.56,71.91,U,47,31.4586
L,1260904,1000,454,72.43,72.56,71.91,U,48,25.0664
L,1260904,1000,454,72.43,72.56,71.91,U,49,24.7411
L,1260904,1000,454,72.43,72.56,71.91,U,50,46.0800
L,1260904,1000,454,72.43,72.56,71.91,U,51,60.8000
L,1260904,1000,454,72.43,72.56,71.91,L,0,71.8200
L,1260904,1000,454,72.43,72.56,71.91,L,1,72.2909
L,1260904,1000,454,72.43,72.56,71.91,L,2,73.1767
L,1260904,1000,454,72.43,72.56,71.91,L,3,74.3427
L,1260904,1000,454,72.43,72.56,71.91,L,4,70.6406
L,1260904,1000,454,72.43,72.56,71.91,L,5,70.7100
L,1260904,1000,454,72.43,72.56,71.91,L,6,73.8344
L,1260904,1000,454,72.43,72.56,71.91,L,7,76.3217
L,1260904,1000,454,72.43,72.56,71.91,L,8,79.5900
X,1260904,1000,454,72.43,72.56,71.91,73.1590
K,1260904,1000,454,72.43,72.56,71.91,71.9371,3
Q,1260904,1000,454,72.43,72.56,71.91,73.1590,3
L,1260904,1100,455,71.82,72.46,71.65,U,0,72.5351
L,1260904,1100,455,71.82,72.46,71.65,U,1,73.1341
L,1260904,1100,455,71.82,72.46,71.65,U,2,72.8900
L,1260904,1100,455,71.82,72.46,71.65,U,3,72.0131
L,1260904,1100,455,71.82,72.46,71.65,U,4,70.2333
L,1260904,1100,455,71.82,72.46,71.65,U,5,69.3764
L,1260904,1100,455,71.82,72.46,71.65,U,6,68.5140
L,1260904,1100,455,71.82,72.46,71.65,U,7,68.3239
L,1260904,1100,455,71.82,72.46,71.65,U,8,68.2386
L,1260904,1100,455,71.82,72.46,71.65,U,9,67.6111
L,1260904,1100,455,71.82,72.46,71.65,U,10,67.2338
L,1260904,1100,455,71.82,72.46,71.65,U,11,67.2019
L,1260904,1100,455,71.82,72.46,71.65,U,12,68.4146
L,1260904,1100,455,71.82,72.46,71.65,U,13,67.5700
L,1260904,1100,455,71.82,72.46,71.65,U,14,70.4472
L,1260904,1100,455,71.82,72.46,71.65,U,15,69.9011
L,1260904,1100,455,71.82,72.46,71.65,U,16,69.3660
L,1260904,1100,455,71.82,72.46,71.65,U,17,69.2739
L,1260904,1100,455,71.82,72.46,71.65,U,18,71.9236
L,1260904,1100,455,71.82,72.46,71.65,U,19,69.9347
L,1260904,1100,455,71.82,72.46,71.65,U,20,70.1113
L,1260904,1100,455,71.82,72.46,71.65,U,21,69.5533
L,1260904,1100,455,71.82,72.46,71.65,U,22,68.5207
L,1260904,1100,455,71.82,72.46,71.65,U,23,68.6917
L,1260904,1100,455,71.82,72.46,71.65,U,24,63.0541
L,1260904,1100,455,71.82,72.46,71.65,U,25,61.9873
L,1260904,1100,455,71.82,72.46,71.65,U,26,61.6822
L,1260904,1100,455,71.82,72.46,71.65,U,27,61.4344
L,1260904,1100,455,71.82,72.46,71.65,U,28,60.6691
L,1260904,1100,455,71.82,72.46,71.65,U,29,61.9233
L,1260904,1100,455,71.82,72.46,71.65,U,30,61.2589
L,1260904,1100,455,71.82,72.46,71.65,U,31,55.8830
L,1260904,1100,455,71.82,72.46,71.65,U,32,56.4925
L,1260904,1100,455,71.82,72.46,71.65,U,33,55.7978
L,1260904,1100,455,71.82,72.46,71.65,U,34,55.6648
L,1260904,1100,455,71.82,72.46,71.65,U,35,57.5800
L,1260904,1100,455,71.82,72.46,71.65,U,36,56.5723
L,1260904,1100,455,71.82,72.46,71.65,U,37,56.6865
L,1260904,1100,455,71.82,72.46,71.65,U,38,56.5660
L,1260904,1100,455,71.82,72.46,71.65,U,39,49.2125
L,1260904,1100,455,71.82,72.46,71.65,U,40,47.5611
L,1260904,1100,455,71.82,72.46,71.65,U,41,49.1653
L,1260904,1100,455,71.82,72.46,71.65,U,42,48.4312
L,1260904,1100,455,71.82,72.46,71.65,U,43,51.0314
L,1260904,1100,455,71.82,72.46,71.65,U,44,45.2470
L,1260904,1100,455,71.82,72.46,71.65,U,45,47.0342
L,1260904,1100,455,71.82,72.46,71.65,U,46,47.9103
L,1260904,1100,455,71.82,72.46,71.65,U,47,37.1620
L,1260904,1100,455,71.82,72.46,71.65,U,48,31.2550
L,1260904,1100,455,71.82,72.46,71.65,U,49,24.8350
L,1260904,1100,455,71.82,72.46,71.65,U,50,24.5083
L,1260904,1100,455,71.82,72.46,71.65,U,51,45.9400
L,1260904,1100,455,71.82,72.46,71.65,U,52,60.7240
L,1260904,1100,455,71.82,72.46,71.65,L,0,71.9300
L,1260904,1100,455,71.82,72.46,71.65,L,1,72.4136
L,1260904,1100,455,71.82,72.46,71.65,L,2,73.3233
L,1260904,1100,455,71.82,72.46,71.65,L,3,74.5209
L,1260904,1100,455,71.82,72.46,71.65,L,4,70.7188
L,1260904,1100,455,71.82,72.46,71.65,L,5,70.7900
L,1260904,1100,455,71.82,72.46,71.65,L,6,73.9989
L,1260904,1100,455,71.82,72.46,71.65,L,7,76.5533
L,1260904,1100,455,71.82,72.46,71.65,L,8,79.9100
X,1260904,1100,455,71.82,72.46,71.65,71.9249
K,1260904,1100,455,71.82,72.46,71.65,71.9556,3
Q,1260904,1100,455,71.82,72.46,71.65,71.9249,3
L,1260904,1200,456,72.16,72.18,71.67,U,0,72.5103
L,1260904,1200,456,72.16,72.18,71.67,U,1,73.1118
L,1260904,1200,456,72.16,72.18,71.67,U,2,72.8667
L,1260904,1200,456,72.16,72.18,71.67,U,3,71.9859
L,1260904,1200,456,72.16,72.18,71.67,U,4,70.1985
L,1260904,1200,456,72.16,72.18,71.67,U,5,69.3379
L,1260904,1200,456,72.16,72.18,71.67,U,6,68.4717
L,1260904,1200,456,72.16,72.18,71.67,U,7,68.2808
L,1260904,1200,456,72.16,72.18,71.67,U,8,68.1951
L,1260904,1200,456,72.16,72.18,71.67,U,9,67.5649
L,1260904,1200,456,72.16,72.18,71.67,U,10,67.1860
L,1260904,1200,456,72.16,72.18,71.67,U,11,67.1540
L,1260904,1200,456,72.16,72.18,71.67,U,12,68.3719
L,1260904,1200,456,72.16,72.18,71.67,U,13,67.5236
L,1260904,1200,456,72.16,72.18,71.67,U,14,70.4133
L,1260904,1200,456,72.16,72.18,71.67,U,15,69.8649
L,1260904,1200,456,72.16,72.18,71.67,U,16,69.3274
L,1260904,1200,456,72.16,72.18,71.67,U,17,69.2349
L,1260904,1200,456,72.16,72.18,71.67,U,18,71.8961
L,1260904,1200,456,72.16,72.18,71.67,U,19,69.8986
L,1260904,1200,456,72.16,72.18,71.67,U,20,70.0759
L,1260904,1200,456,72.16,72.18,71.67,U,21,69.5156
L,1260904,1200,456,72.16,72.18,71.67,U,22,68.4784
L,1260904,1200,456,72.16,72.18,71.67,U,23,68.6502
L,1260904,1200,456,72.16,72.18,71.67,U,24,62.9882
L,1260904,1200,456,72.16,72.18,71.67,U,25,61.9168
L,1260904,1200,456,72.16,72.18,71.67,U,26,61.6104
L,1260904,1200,456,72.16,72.18,71.67,U,27,61.3615
L,1260904,1200,456,72.16,72.18,71.67,U,28,60.5929
L,1260904,1200,456,72.16,72.18,71.67,U,29,61.8525
L,1260904,1200,456,72.16,72.18,71.67,U,30,61.1853
L,1260904,1200,456,72.16,72.18,71.67,U,31,55.7861
L,1260904,1200,456,72.16,72.18,71.67,U,32,56.3982
L,1260904,1200,456,72.16,72.18,71.67,U,33,55.7005
L,1260904,1200,456,72.16,72.18,71.67,U,34,55.5669
L,1260904,1200,456,72.16,72.18,71.67,U,35,57.4904
L,1260904,1200,456,72.16,72.18,71.67,U,36,56.4784
L,1260904,1200,456,72.16,72.18,71.67,U,37,56.5930
L,1260904,1200,456,72.16,72.18,71.67,U,38,56.4720
L,1260904,1200,456,72.16,72.18,71.67,U,39,49.0867
L,1260904,1200,456,72.16,72.18,71.67,U,40,47.4281
L,1260904,1200,456,72.16,72.18,71.67,U,41,49.0392
L,1260904,1200,456,72.16,72.18,71.67,U,42,48.3020
L,1260904,1200,456,72.16,72.18,71.67,U,43,50.9135
L,1260904,1200,456,72.16,72.18,71.67,U,44,45.1040
L,1260904,1200,456,72.16,72.18,71.67,U,45,46.8989
L,1260904,1200,456,72.16,72.18,71.67,U,46,47.7788
L,1260904,1200,456,72.16,72.18,71.67,U,47,36.9840
L,1260904,1200,456,72.16,72.18,71.67,U,48,31.0514
L,1260904,1200,456,72.16,72.18,71.67,U,49,24.6036
L,1260904,1200,456,72.16,72.18,71.67,U,50,24.2756
L,1260904,1200,456,72.16,72.18,71.67,U,51,45.8000
L,1260904,1200,456,72.16,72.18,71.67,U,52,60.6480
L,1260904,1200,456,72.16,72.18,71.67,L,0,71.7526
L,1260904,1200,456,72.16,72.18,71.67,L,1,72.0400
L,1260904,1200,456,72.16,72.18,71.67,L,2,72.5364
L,1260904,1200,456,72.16,72.18,71.67,L,3,73.4700
L,1260904,1200,456,72.16,72.18,71.67,L,4,74.6991
L,1260904,1200,456,72.16,72.18,71.67,L,5,70.7969
L,1260904,1200,456,72.16,72.18,71.67,L,6,70.8700
L,1260904,1200,456,72.16,72.18,71.67,L,7,74.1633
L,1260904,1200,456,72.16,72.18,71.67,L,8,76.7850
L,1260904,1200,456,72.16,72.18,71.67,L,9,80.2300
X,1260904,1200,456,72.16,72.18,71.67,72.5147
X,1260904,1200,456,72.16,72.18,71.67,71.9966
K,1260904,1200,456,72.16,72.18,71.67,71.9187,4
Q,1260904,1200,456,72.16,72.18,71.67,71.9966,3
L,1260904,1300,457,72.39,72.51,71.92,U,0,72.4854
L,1260904,1300,457,72.39,72.51,71.92,U,1,73.0895
L,1260904,1300,457,72.39,72.51,71.92,U,2,72.8433
L,1260904,1300,457,72.39,72.51,71.92,U,3,71.9588
L,1260904,1300,457,72.39,72.51,71.92,U,4,70.1636
L,1260904,1300,457,72.39,72.51,71.92,U,5,69.2993
L,1260904,1300,457,72.39,72.51,71.92,U,6,68.4294
L,1260904,1300,457,72.39,72.51,71.92,U,7,68.2377
L,1260904,1300,457,72.39,72.51,71.92,U,8,68.1516
L,1260904,1300,457,72.39,72.51,71.92,U,9,67.5188
L,1260904,1300,457,72.39,72.51,71.92,U,10,67.1381
L,1260904,1300,457,72.39,72.51,71.92,U,11,67.1060
L,1260904,1300,457,72.39,72.51,71.92,U,12,68.3292
L,1260904,1300,457,72.39,72.51,71.92,U,13,67.4773
L,1260904,1300,457,72.39,72.51,71.92,U,14,70.3794
L,1260904,1300,457,72.39,72.51,71.92,U,15,69.8286
L,1260904,1300,457,72.39,72.51,71.92,U,16,69.2888
L,1260904,1300,457,72.39,72.51,71.92,U,17,69.1959
L,1260904,1300,457,72.39,72.51,71.92,U,18,71.8686
L,1260904,1300,457,72.39,72.51,71.92,U,19,69.8625
L,1260904,1300,457,72.39,72.51,71.92,U,20,70.0406
L,1260904,1300,457,72.39,72.51,71.92,U,21,69.4778
L,1260904,1300,457,72.39,72.51,71.92,U,22,68.4362
L,1260904,1300,457,72.39,72.51,71.92,U,23,68.6087
L,1260904,1300,457,72.39,72.51,71.92,U,24,62.9223
L,1260904,1300,457,72.39,72.51,71.92,U,25,61.8463
L,1260904,1300,457,72.39,72.51,71.92,U,26,61.5385
L,1260904,1300,457,72.39,72.51,71.92,U,27,61.2886
L,1260904,1300,457,72.39,72.51,71.92,U,28,60.5166
L,1260904,1300,457,72.39,72.51,71.92,U,29,61.7817
L,1260904,1300,457,72.39,72.51,71.92,U,30,61.1116
L,1260904,1300,457,72.39,72.51,71.92,U,31,55.6891
L,1260904,1300,457,72.39,72.51,71.92,U,32,56.3039
L,1260904,1300,457,72.39,72.51,71.92,U,33,55.6031
L,1260904,1300,457,72.39,72.51,71.92,U,34,55.4690
L,1260904,1300,457,72.39,72.51,71.92,U,35,57.4008
L,1260904,1300,457,72.39,72.51,71.92,U,36,56.3844
L,1260904,1300,457,72.39,72.51,71.92,U,37,56.4996
L,1260904,1300,457,72.39,72.51,71.92,U,38,56.3780
L,1260904,1300,457,72.39,72.51,71.92,U,39,48.9608
L,1260904,1300,457,72.39,72.51,71.92,U,40,47.2951
L,1260904,1300,457,72.39,72.51,71.92,U,41,48.9132
L,1260904,1300,457,72.39,72.51,71.92,U,42,48.1727
L,1260904,1300,457,72.39,72.51,71.92,U,43,50.7955
L,1260904,1300,457,72.39,72.51,71.92,U,44,44.9610
L,1260904,1300,457,72.39,72.51,71.92,U,45,46.7637
L,1260904,1300,457,72.39,72.51,71.92,U,46,47.6474
L,1260904,1300,457,72.39,72.51,71.92,U,47,36.8060
L,1260904,1300,457,72.39,72.51,71.92,U,48,30.8479
L,1260904,1300,457,72.39,72.51,71.92,U,49,24.3723
L,1260904,1300,457,72.39,72.51,71.92,U,50,24.0428
L,1260904,1300,457,72.39,72.51,71.92,U,51,45.6600
L,1260904,1300,457,72.39,72.51,71.92,U,52,60.5720
L,1260904,1300,457,72.39,72.51,71.92,L,0,71.8553
L,1260904,1300,457,72.39,72.51,71.92,L,1,72.1500
L,1260904,1300,457,72.39,72.51,71.92,L,2,72.6591
L,1260904,1300,457,72.39,72.51,71.92,L,3,73.6167
L,1260904,1300,457,72.39,72.51,71.92,L,4,74.8773
L,1260904,1300,457,72.39,72.51,71.92,L,5,70.8750
L,1260904,1300,457,72.39,72.51,71.92,L,6,70.9500
L,1260904,1300,457,72.39,72.51,71.92,L,7,74.3278
L,1260904,1300,457,72.39,72.51,71.92,L,8,77.0167
L,1260904,1300,457,72.39,72.51,71.92,L,9,80.5500
K,1260904,1300,457,72.39,72.51,71.92,71.9582,4
L,1260904,1400,458,72.07,72.43,71.98,U,0,72.4852
L,1260904,1400,458,72.07,72.43,71.98,U,1,72.4605
L,1260904,1400,458,72.07,72.43,71.98,U,2,73.0672
L,1260904,1400,458,72.07,72.43,71.98,U,3,72.8200
L,1260904,1400,458,72.07,72.43,71.98,U,4,71.9317
L,1260904,1400,458,72.07,72.43,71.98,U,5,70.1288
L,1260904,1400,458,72.07,72.43,71.98,U,6,69.2608
L,1260904,1400,458,72.07,72.43,71.98,U,7,68.3871
L,1260904,1400,458,72.07,72.43,71.98,U,8,68.1946
L,1260904,1400,458,72.07,72.43,71.98,U,9,68.1082
L,1260904,1400,458,72.07,72.43,71.98,U,10,67.4726
L,1260904,1400,458,72.07,72.43,71.98,U,11,67.0903
L,1260904,1400,458,72.07,72.43,71.98,U,12,67.0581
L,1260904,1400,458,72.07,72.43,71.98,U,13,68.2865
L,1260904,1400,458,72.07,72.43,71.98,U,14,67.4309
L,1260904,1400,458,72.07,72.43,71.98,U,15,70.3455
L,1260904,1400,458,72.07,72.43,71.98,U,16,69.7923
L,1260904,1400,458,72.07,72.43,71.98,U,17,69.2502
L,1260904,1400,458,72.07,72.43,71.98,U,18,69.1570
L,1260904,1400,458,72.07,72.43,71.98,U,19,71.8411
L,1260904,1400,458,72.07,72.43,71.98,U,20,69.8263
L,1260904,1400,458,72.07,72.43,71.98,U,21,70.0052
L,1260904,1400,458,72.07,72.43,71.98,U,22,69.4400
L,1260904,1400,458,72.07,72.43,71.98,U,23,68.3940
L,1260904,1400,458,72.07,72.43,71.98,U,24,68.5671
L,1260904,1400,458,72.07,72.43,71.98,U,25,62.8563
L,1260904,1400,458,72.07,72.43,71.98,U,26,61.7758
L,1260904,1400,458,72.07,72.43,71.98,U,27,61.4667
L,1260904,1400,458,72.07,72.43,71.98,U,28,61.2157
L,1260904,1400,458,72.07,72.43,71.98,U,29,60.4404
L,1260904,1400,458,72.07,72.43,71.98,U,30,61.7109
L,1260904,1400,458,72.07,72.43,71.98,U,31,61.0379
L,1260904,1400,458,72.07,72.43,71.98,U,32,55.5922
L,1260904,1400,458,72.07,72.43,71.98,U,33,56.2095
L,1260904,1400,458,72.07,72.43,71.98,U,34,55.5058
L,1260904,1400,458,72.07,72.43,71.98,U,35,55.3711
L,1260904,1400,458,72.07,72.43,71.98,U,36,57.3112
L,1260904,1400,458,72.07,72.43,71.98,U,37,56.2904
L,1260904,1400,458,72.07,72.43,71.98,U,38,56.4061
L,1260904,1400,458,72.07,72.43,71.98,U,39,56.2840
L,1260904,1400,458,72.07,72.43,71.98,U,40,48.8350
L,1260904,1400,458,72.07,72.43,71.98,U,41,47.1621
L,1260904,1400,458,72.07,72.43,71.98,U,42,48.7872
L,1260904,1400,458,72.07,72.43,71.98,U,43,48.0435
L,1260904,1400,458,72.07,72.43,71.98,U,44,50.6776
L,1260904,1400,458,72.07,72.43,71.98,U,45,44.8180
L,1260904,1400,458,72.07,72.43,71.98,U,46,46.6284
L,1260904,1400,458,72.07,72.43,71.98,U,47,47.5159
L,1260904,1400,458,72.07,72.43,71.98,U,48,36.6280
L,1260904,1400,458,72.07,72.43,71.98,U,49,30.6443
L,1260904,1400,458,72.07,72.43,71.98,U,50,24.1409
L,1260904,1400,458,72.07,72.43,71.98,U,51,23.8100
L,1260904,1400,458,72.07,72.43,71.98,U,52,45.5200
L,1260904,1400,458,72.07,72.43,71.98,U,53,60.4960
L,1260904,1400,458,72.07,72.43,71.98,L,0,71.9579
L,1260904,1400,458,72.07,72.43,71.98,L,1,72.2600
L,1260904,1400,458,72.07,72.43,71.98,L,2,72.7818
L,1260904,1400,458,72.07,72.43,71.98,L,3,73.7633
L,1260904,1400,458,72.07,72.43,71.98,L,4,75.0555
L,1260904,1400,458,72.07,72.43,71.98,L,5,70.9531
L,1260904,1400,458,72.07,72.43,71.98,L,6,71.0300
L,1260904,1400,458,72.07,72.43,71.98,L,7,74.4922
L,1260904,1400,458,72.07,72.43,71.98,L,8,77.2483
L,1260904,1400,458,72.07,72.43,71.98,L,9,80.8700
X,1260904,1400,458,72.07,72.43,71.98,71.9372
X,1260904,1400,458,72.07,72.43,71.98,71.8658
K,1260904,1400,458,72.07,72.43,71.98,72.4019,3
Q,1260904,1400,458,72.07,72.43,71.98,71.9372,4
L,1260904,1500,459,72.11,72.15,72.05,U,0,72.4605
L,1260904,1500,459,72.11,72.15,72.05,U,1,72.4357
L,1260904,1500,459,72.11,72.15,72.05,U,2,73.0450
L,1260904,1500,459,72.11,72.15,72.05,U,3,72.7967
L,1260904,1500,459,72.11,72.15,72.05,U,4,71.9045
L,1260904,1500,459,72.11,72.15,72.05,U,5,70.0940
L,1260904,1500,459,72.11,72.15,72.05,U,6,69.2222
L,1260904,1500,459,72.11,72.15,72.05,U,7,68.3449
L,1260904,1500,459,72.11,72.15,72.05,U,8,68.1515
L,1260904,1500,459,72.11,72.15,72.05,U,9,68.0647
L,1260904,1500,459,72.11,72.15,72.05,U,10,67.4264
L,1260904,1500,459,72.11,72.15,72.05,U,11,67.0425
L,1260904,1500,459,72.11,72.15,72.05,U,12,67.0101
L,1260904,1500,459,72.11,72.15,72.05,U,13,68.2438
L,1260904,1500,459,72.11,72.15,72.05,U,14,67.3845
L,1260904,1500,459,72.11,72.15,72.05,U,15,70.3116
L,1260904,1500,459,72.11,72.15,72.05,U,16,69.7560
L,1260904,1500,459,72.11,72.15,72.05,U,17,69.2116
L,1260904,1500,459,72.11,72.15,72.05,U,18,69.1180
L,1260904,1500,459,72.11,72.15,72.05,U,19,71.8136
L,1260904,1500,459,72.11,72.15,72.05,U,20,69.7902
L,1260904,1500,459,72.11,72.15,72.05,U,21,69.9699
L,1260904,1500,459,72.11,72.15,72.05,U,22,69.4022
L,1260904,1500,459,72.11,72.15,72.05,U,23,68.3517
L,1260904,1500,459,72.11,72.15,72.05,U,24,68.5256
L,1260904,1500,459,72.11,72.15,72.05,U,25,62.7904
L,1260904,1500,459,72.11,72.15,72.05,U,26,61.7052
L,1260904,1500,459,72.11,72.15,72.05,U,27,61.3948
L,1260904,1500,459,72.11,72.15,72.05,U,28,61.1427
L,1260904,1500,459,72.11,72.15,72.05,U,29,60.3642
L,1260904,1500,459,72.11,72.15,72.05,U,30,61.6401
L,1260904,1500,459,72.11,72.15,72.05,U,31,60.9642
L,1260904,1500,459,72.11,72.15,72.05,U,32,55.4952
L,1260904,1500,459,72.11,72.15,72.05,U,33,56.1152
L,1260904,1500,459,72.11,72.15,72.05,U,34,55.4085
L,1260904,1500,459,72.11,72.15,72.05,U,35,55.2732
L,1260904,1500,459,72.11,72.15,72.05,U,36,57.2216
L,1260904,1500,459,72.11,72.15,72.05,U,37,56.1964
L,1260904,1500,459,72.11,72.15,72.05,U,38,56.3126
L,1260904,1500,459,72.11,72.15,72.05,U,39,56.1900
L,1260904,1500,459,72.11,72.15,72.05,U,40,48.7092
L,1260904,1500,459,72.11,72.15,72.05,U,41,47.0291
L,1260904,1500,459,72.11,72.15,72.05,U,42,48.6611
L,1260904,1500,459,72.11,72.15,72.05,U,43,47.9143
L,1260904,1500,459,72.11,72.15,72.05,U,44,50.5596
L,1260904,1500,459,72.11,72.15,72.05,U,45,44.6750
L,1260904,1500,459,72.11,72.15,72.05,U,46,46.4932
L,1260904,1500,459,72.11,72.15,72.05,U,47,47.3844
L,1260904,1500,459,72.11,72.15,72.05,U,48,36.4500
L,1260904,1500,459,72.11,72.15,72.05,U,49,30.4407
L,1260904,1500,459,72.11,72.15,72.05,U,50,23.9095
L,1260904,1500,459,72.11,72.15,72.05,U,51,23.5772
L,1260904,1500,459,72.11,72.15,72.05,U,52,45.3800
L,1260904,1500,459,72.11,72.15,72.05,U,53,60.4200
L,1260904,1500,459,72.11,72.15,72.05,L,0,72.0605
L,1260904,1500,459,72.11,72.15,72.05,L,1,72.3700
L,1260904,1500,459,72.11,72.15,72.05,L,2,72.9045
L,1260904,1500,459,72.11,72.15,72.05,L,3,73.9100
L,1260904,1500,459,72.11,72.15,72.05,L,4,75.2336
L,1260904,1500,459,72.11,72.15,72.05,L,5,71.0312
L,1260904,1500,459,72.11,72.15,72.05,L,6,71.1100
L,1260904,1500,459,72.11,72.15,72.05,L,7,74.6567
L,1260904,1500,459,72.11,72.15,72.05,L,8,77.4800
L,1260904,1500,459,72.11,72.15,72.05,L,9,81.1900
X,1260904,1500,459,72.11,72.15,72.05,72.8139
K,1260904,1500,459,72.11,72.15,72.05,72.4220,3
Q,1260904,1500,459,72.11,72.15,72.05,72.8139,2
L,1260904,1600,460,72.11,72.13,72.08,U,0,72.4357
L,1260904,1600,460,72.11,72.13,72.08,U,1,72.4108
L,1260904,1600,460,72.11,72.13,72.08,U,2,73.0227
L,1260904,1600,460,72.11,72.13,72.08,U,3,72.7733
L,1260904,1600,460,72.11,72.13,72.08,U,4,71.8774
L,1260904,1600,460,72.11,72.13,72.08,U,5,70.0591
L,1260904,1600,460,72.11,72.13,72.08,U,6,69.1837
L,1260904,1600,460,72.11,72.13,72.08,U,7,68.3026
L,1260904,1600,460,72.11,72.13,72.08,U,8,68.1084
L,1260904,1600,460,72.11,72.13,72.08,U,9,68.0212
L,1260904,1600,460,72.11,72.13,72.08,U,10,67.3802
L,1260904,1600,460,72.11,72.13,72.08,U,11,66.9947
L,1260904,1600,460,72.11,72.13,72.08,U,12,66.9622
L,1260904,1600,460,72.11,72.13,72.08,U,13,68.2011
L,1260904,1600,460,72.11,72.13,72.08,U,14,67.3382
L,1260904,1600,460,72.11,72.13,72.08,U,15,70.2777
L,1260904,1600,460,72.11,72.13,72.08,U,16,69.7198
L,1260904,1600,460,72.11,72.13,72.08,U,17,69.1730
L,1260904,1600,460,72.11,72.13,72.08,U,18,69.0790
L,1260904,1600,460,72.11,72.13,72.08,U,19,71.7860
L,1260904,1600,460,72.11,72.13,72.08,U,20,69.7541
L,1260904,1600,460,72.11,72.13,72.08,U,21,69.9345
L,1260904,1600,460,72.11,72.13,72.08,U,22,69.3644
L,1260904,1600,460,72.11,72.13,72.08,U,23,68.3095
L,1260904,1600,460,72.11,72.13,72.08,U,24,68.4841
L,1260904,1600,460,72.11,72.13,72.08,U,25,62.7245
L,1260904,1600,460,72.11,72.13,72.08,U,26,61.6347
L,1260904,1600,460,72.11,72.13,72.08,U,27,61.3230
L,1260904,1600,460,72.11,72.13,72.08,U,28,61.0698
L,1260904,1600,460,72.11,72.13,72.08,U,29,60.2879
L,1260904,1600,460,72.11,72.13,72.08,U,30,61.5693
L,1260904,1600,460,72.11,72.13,72.08,U,31,60.8905
L,1260904,1600,460,72.11,72.13,72.08,U,32,55.3983
L,1260904,1600,460,72.11,72.13,72.08,U,33,56.0209
L,1260904,1600,460,72.11,72.13,72.08,U,34,55.3112
L,1260904,1600,460,72.11,72.13,72.08,U,35,55.1753
L,1260904,1600,460,72.11,72.13,72.08,U,36,57.1319
L,1260904,1600,460,72.11,72.13,72.08,U,37,56.1025
L,1260904,1600,460,72.11,72.13,72.08,U,38,56.2191
L,1260904,1600,460,72.11,72.13,72.08,U,39,56.0960
L,1260904,1600,460,72.11,72.13,72.08,U,40,48.5833
L,1260904,1600,460,72.11,72.13,72.08,U,41,46.8961
L,1260904,1600,460,72.11,72.13,72.08,U,42,48.5351
L,1260904,1600,460,72.11,72.13,72.08,U,43,47.7851
L,1260904,1600,460,72.11,72.13,72.08,U,44,50.4416
L,1260904,1600,460,72.11,72.13,72.08,U,45,44.5320
L,1260904,1600,460,72.11,72.13,72.08,U,46,46.3579
L,1260904,1600,460,72.11,72.13,72.08,U,47,47.2529
L,1260904,1600,460,72.11,72.13,72.08,U,48,36.2720
L,1260904,1600,460,72.11,72.13,72.08,U,49,30.2371
L,1260904,1600,460,72.11,72.13,72.08,U,50,23.6782
L,1260904,1600,460,72.11,72.13,72.08,U,51,23.3444
L,1260904,1600,460,72.11,72.13,72.08,U,52,45.2400
L,1260904,1600,460,72.11,72.13,72.08,U,53,60.3440
L,1260904,1600,460,72.11,72.13,72.08,L,0,72.1632
L,1260904,1600,460,72.11,72.13,72.08,L,1,72.4800
L,1260904,1600,460,72.11,72.13,72.08,L,2,73.0273
L,1260904,1600,460,72.11,72.13,72.08,L,3,74.0567
L,1260904,1600,460,72.11,72.13,72.08,L,4,75.4118
L,1260904,1600,460,72.11,72.13,72.08,L,5,71.1094
L,1260904,1600,460,72.11,72.13,72.08,L,6,71.1900
L,1260904,1600,460,72.11,72.13,72.08,L,7,74.8211
L,1260904,1600,460,72.11,72.13,72.08,L,8,77.7117
L,1260904,1600,460,72.11,72.13,72.08,L,9,81.5100
X,1260904,1600,460,72.11,72.13,72.08,72.4438
X,1260904,1600,460,72.11,72.13,72.08,72.4235
X,1260904,1600,460,72.11,72.13,72.08,73.0234
K,1260904,1600,460,72.11,72.13,72.08,72.4422,3
Q,1260904,1600,460,72.11,72.13,72.08,72.4438,2
L,1260904,1700,461,72.04,72.11,72.02,U,0,72.4109
L,1260904,1700,461,72.04,72.11,72.02,U,1,72.3859
L,1260904,1700,461,72.04,72.11,72.02,U,2,73.0004
L,1260904,1700,461,72.04,72.11,72.02,U,3,72.7500
L,1260904,1700,461,72.04,72.11,72.02,U,4,71.8503
L,1260904,1700,461,72.04,72.11,72.02,U,5,70.0243
L,1260904,1700,461,72.04,72.11,72.02,U,6,69.1451
L,1260904,1700,461,72.04,72.11,72.02,U,7,68.2603
L,1260904,1700,461,72.04,72.11,72.02,U,8,68.0653
L,1260904,1700,461,72.04,72.11,72.02,U,9,67.9778
L,1260904,1700,461,72.04,72.11,72.02,U,10,67.3340
L,1260904,1700,461,72.04,72.11,72.02,U,11,66.9469
L,1260904,1700,461,72.04,72.11,72.02,U,12,66.9142
L,1260904,1700,461,72.04,72.11,72.02,U,13,68.1584
L,1260904,1700,461,72.04,72.11,72.02,U,14,67.2918
L,1260904,1700,461,72.04,72.11,72.02,U,15,70.2438
L,1260904,1700,461,72.04,72.11,72.02,U,16,69.6835
L,1260904,1700,461,72.04,72.11,72.02,U,17,69.1344
L,1260904,1700,461,72.04,72.11,72.02,U,18,69.0400
L,1260904,1700,461,72.04,72.11,72.02,U,19,71.7585
L,1260904,1700,461,72.04,72.11,72.02,U,20,69.7180
L,1260904,1700,461,72.04,72.11,72.02,U,21,69.8991
L,1260904,1700,461,72.04,72.11,72.02,U,22,69.3267
L,1260904,1700,461,72.04,72.11,72.02,U,23,68.2672
L,1260904,1700,461,72.04,72.11,72.02,U,24,68.4426
L,1260904,1700,461,72.04,72.11,72.02,U,25,62.6586
L,1260904,1700,461,72.04,72.11,72.02,U,26,61.5642
L,1260904,1700,461,72.04,72.11,72.02,U,27,61.2511
L,1260904,1700,461,72.04,72.11,72.02,U,28,60.9969
L,1260904,1700,461,72.04,72.11,72.02,U,29,60.2117
L,1260904,1700,461,72.04,72.11,72.02,U,30,61.4985
L,1260904,1700,461,72.04,72.11,72.02,U,31,60.8168
L,1260904,1700,461,72.04,72.11,72.02,U,32,55.3013
L,1260904,1700,461,72.04,72.11,72.02,U,33,55.9266
L,1260904,1700,461,72.04,72.11,72.02,U,34,55.2138
L,1260904,1700,461,72.04,72.11,72.02,U,35,55.0774
L,1260904,1700,461,72.04,72.11,72.02,U,36,57.0423
L,1260904,1700,461,72.04,72.11,72.02,U,37,56.0085
L,1260904,1700,461,72.04,72.11,72.02,U,38,56.1257
L,1260904,1700,461,72.04,72.11,72.02,U,39,56.0020
L,1260904,1700,461,72.04,72.11,72.02,U,40,48.4575
L,1260904,1700,461,72.04,72.11,72.02,U,41,46.7632
L,1260904,1700,461,72.04,72.11,72.02,U,42,48.4091
L,1260904,1700,461,72.04,72.11,72.02,U,43,47.6559
L,1260904,1700,461,72.04,72.11,72.02,U,44,50.3237
L,1260904,1700,461,72.04,72.11,72.02,U,45,44.3890
L,1260904,1700,461,72.04,72.11,72.02,U,46,46.2226
L,1260904,1700,461,72.04,72.11,72.02,U,47,47.1215
L,1260904,1700,461,72.04,72.11,72.02,U,48,36.0940
L,1260904,1700,461,72.04,72.11,72.02,U,49,30.0336
L,1260904,1700,461,72.04,72.11,72.02,U,50,23.4468
L,1260904,1700,461,72.04,72.11,72.02,U,51,23.1117
L,1260904,1700,461,72.04,72.11,72.02,U,52,45.1000
L,1260904,1700,461,72.04,72.11,72.02,U,53,60.2680
L,1260904,1700,461,72.04,72.11,72.02,L,0,72.2658
L,1260904,1700,461,72.04,72.11,72.02,L,1,72.5900
L,1260904,1700,461,72.04,72.11,72.02,L,2,73.1500
L,1260904,1700,461,72.04,72.11,72.02,L,3,74.2033
L,1260904,1700,461,72.04,72.11,72.02,L,4,75.5900
L,1260904,1700,461,72.04,72.11,72.02,L,5,71.1875
L,1260904,1700,461,72.04,72.11,72.02,L,6,71.2700
L,1260904,1700,461,72.04,72.11,72.02,L,7,74.9856
L,1260904,1700,461,72.04,72.11,72.02,L,8,77.9433
L,1260904,1700,461,72.04,72.11,72.02,L,9,81.8300
K,1260904,1700,461,72.04,72.11,72.02,72.4132,4
L,1260908,200,462,71.91,73.79,71.73,U,0,72.3862
L,1260908,200,462,71.91,73.79,71.73,U,1,72.3610
L,1260908,200,462,71.91,73.79,71.73,U,2,72.9781
L,1260908,200,462,71.91,73.79,71.73,U,3,72.7267
L,1260908,200,462,71.91,73.79,71.73,U,4,71.8231
L,1260908,200,462,71.91,73.79,71.73,U,5,69.9895
L,1260908,200,462,71.91,73.79,71.73,U,6,69.1066
L,1260908,200,462,71.91,73.79,71.73,U,7,68.2180
L,1260908,200,462,71.91,73.79,71.73,U,8,68.0222
L,1260908,200,462,71.91,73.79,71.73,U,9,67.9343
L,1260908,200,462,71.91,73.79,71.73,U,10,67.2878
L,1260908,200,462,71.91,73.79,71.73,U,11,66.8990
L,1260908,200,462,71.91,73.79,71.73,U,12,66.8662
L,1260908,200,462,71.91,73.79,71.73,U,13,68.1157
L,1260908,200,462,71.91,73.79,71.73,U,14,67.2455
L,1260908,200,462,71.91,73.79,71.73,U,15,70.2099
L,1260908,200,462,71.91,73.79,71.73,U,16,69.6472
L,1260908,200,462,71.91,73.79,71.73,U,17,69.0958
L,1260908,200,462,71.91,73.79,71.73,U,18,69.0010
L,1260908,200,462,71.91,73.79,71.73,U,19,71.7310
L,1260908,200,462,71.91,73.79,71.73,U,20,69.6818
L,1260908,200,462,71.91,73.79,71.73,U,21,69.8638
L,1260908,200,462,71.91,73.79,71.73,U,22,69.2889
L,1260908,200,462,71.91,73.79,71.73,U,23,68.2250
L,1260908,200,462,71.91,73.79,71.73,U,24,68.4011
L,1260908,200,462,71.91,73.79,71.73,U,25,62.5927
L,1260908,200,462,71.91,73.79,71.73,U,26,61.4936
L,1260908,200,462,71.91,73.79,71.73,U,27,61.1793
L,1260908,200,462,71.91,73.79,71.73,U,28,60.9240
L,1260908,200,462,71.91,73.79,71.73,U,29,60.1354
L,1260908,200,462,71.91,73.79,71.73,U,30,61.4277
L,1260908,200,462,71.91,73.79,71.73,U,31,60.7432
L,1260908,200,462,71.91,73.79,71.73,U,32,55.2043
L,1260908,200,462,71.91,73.79,71.73,U,33,55.8323
L,1260908,200,462,71.91,73.79,71.73,U,34,55.1165
L,1260908,200,462,71.91,73.79,71.73,U,35,54.9795
L,1260908,200,462,71.91,73.79,71.73,U,36,56.9527
L,1260908,200,462,71.91,73.79,71.73,U,37,55.9145
L,1260908,200,462,71.91,73.79,71.73,U,38,56.0322
L,1260908,200,462,71.91,73.79,71.73,U,39,55.9080
L,1260908,200,462,71.91,73.79,71.73,U,40,48.3317
L,1260908,200,462,71.91,73.79,71.73,U,41,46.6302
L,1260908,200,462,71.91,73.79,71.73,U,42,48.2830
L,1260908,200,462,71.91,73.79,71.73,U,43,47.5267
L,1260908,200,462,71.91,73.79,71.73,U,44,50.2057
L,1260908,200,462,71.91,73.79,71.73,U,45,44.2460
L,1260908,200,462,71.91,73.79,71.73,U,46,46.0874
L,1260908,200,462,71.91,73.79,71.73,U,47,46.9900
L,1260908,200,462,71.91,73.79,71.73,U,48,35.9160
L,1260908,200,462,71.91,73.79,71.73,U,49,29.8300
L,1260908,200,462,71.91,73.79,71.73,U,50,23.2155
L,1260908,200,462,71.91,73.79,71.73,U,51,22.8789
L,1260908,200,462,71.91,73.79,71.73,U,52,44.9600
L,1260908,200,462,71.91,73.79,71.73,U,53,60.1920
L,1260908,200,462,71.91,73.79,71.73,L,0,72.3684
L,1260908,200,462,71.91,73.79,71.73,L,1,72.7000
L,1260908,200,462,71.91,73.79,71.73,L,2,73.2727
L,1260908,200,462,71.91,73.79,71.73,L,3,74.3500
L,1260908,200,462,71.91,73.79,71.73,L,4,75.7682
L,1260908,200,462,71.91,73.79,71.73,L,5,71.2656
L,1260908,200,462,71.91,73.79,71.73,L,6,71.3500
L,1260908,200,462,71.91,73.79,71.73,L,7,75.1500
L,1260908,200,462,71.91,73.79,71.73,L,8,78.1750
L,1260908,200,462,71.91,73.79,71.73,L,9,82.1500
X,1260908,200,462,71.91,73.79,71.73,72.3625
K,1260908,200,462,71.91,73.79,71.73,72.3719,3
Q,1260908,200,462,71.91,73.79,71.73,72.3625,3
L,1260908,300,463,72.60,72.60,71.76,U,0,73.7711
L,1260908,300,463,72.60,72.60,71.76,U,1,72.3614
L,1260908,300,463,72.60,72.60,71.76,U,2,72.3362
L,1260908,300,463,72.60,72.60,71.76,U,3,72.9558
L,1260908,300,463,72.60,72.60,71.76,U,4,72.7033
L,1260908,300,463,72.60,72.60,71.76,U,5,71.7960
L,1260908,300,463,72.60,72.60,71.76,U,6,69.9546
L,1260908,300,463,72.60,72.60,71.76,U,7,69.0681
L,1260908,300,463,72.60,72.60,71.76,U,8,68.1757
L,1260908,300,463,72.60,72.60,71.76,U,9,67.9791
L,1260908,300,463,72.60,72.60,71.76,U,10,67.8908
L,1260908,300,463,72.60,72.60,71.76,U,11,67.2416
L,1260908,300,463,72.60,72.60,71.76,U,12,66.8512
L,1260908,300,463,72.60,72.60,71.76,U,13,66.8183
L,1260908,300,463,72.60,72.60,71.76,U,14,68.0730
L,1260908,300,463,72.60,72.60,71.76,U,15,67.1991
L,1260908,300,463,72.60,72.60,71.76,U,16,70.1760
L,1260908,300,463,72.60,72.60,71.76,U,17,69.6109
L,1260908,300,463,72.60,72.60,71.76,U,18,69.0572
L,1260908,300,463,72.60,72.60,71.76,U,19,68.9620
L,1260908,300,463,72.60,72.60,71.76,U,20,71.7035
L,1260908,300,463,72.60,72.60,71.76,U,21,69.6457
L,1260908,300,463,72.60,72.60,71.76,U,22,69.8284
L,1260908,300,463,72.60,72.60,71.76,U,23,69.2511
L,1260908,300,463,72.60,72.60,71.76,U,24,68.1827
L,1260908,300,463,72.60,72.60,71.76,U,25,68.3596
L,1260908,300,463,72.60,72.60,71.76,U,26,62.5268
L,1260908,300,463,72.60,72.60,71.76,U,27,61.4231
L,1260908,300,463,72.60,72.60,71.76,U,28,61.1074
L,1260908,300,463,72.60,72.60,71.76,U,29,60.8510
L,1260908,300,463,72.60,72.60,71.76,U,30,60.0592
L,1260908,300,463,72.60,72.60,71.76,U,31,61.3569
L,1260908,300,463,72.60,72.60,71.76,U,32,60.6695
L,1260908,300,463,72.60,72.60,71.76,U,33,55.1074
L,1260908,300,463,72.60,72.60,71.76,U,34,55.7380
L,1260908,300,463,72.60,72.60,71.76,U,35,55.0192
L,1260908,300,463,72.60,72.60,71.76,U,36,54.8816
L,1260908,300,463,72.60,72.60,71.76,U,37,56.8631
L,1260908,300,463,72.60,72.60,71.76,U,38,55.8205
L,1260908,300,463,72.60,72.60,71.76,U,39,55.9387
L,1260908,300,463,72.60,72.60,71.76,U,40,55.8140
L,1260908,300,463,72.60,72.60,71.76,U,41,48.2058
L,1260908,300,463,72.60,72.60,71.76,U,42,46.4972
L,1260908,300,463,72.60,72.60,71.76,U,43,48.1570
L,1260908,300,463,72.60,72.60,71.76,U,44,47.3975
L,1260908,300,463,72.60,72.60,71.76,U,45,50.0878
L,1260908,300,463,72.60,72.60,71.76,U,46,44.1030
L,1260908,300,463,72.60,72.60,71.76,U,47,45.9521
L,1260908,300,463,72.60,72.60,71.76,U,48,46.8585
L,1260908,300,463,72.60,72.60,71.76,U,49,35.7380
L,1260908,300,463,72.60,72.60,71.76,U,50,29.6264
L,1260908,300,463,72.60,72.60,71.76,U,51,22.9841
L,1260908,300,463,72.60,72.60,71.76,U,52,22.6461
L,1260908,300,463,72.60,72.60,71.76,U,53,44.8200
L,1260908,300,463,72.60,72.60,71.76,U,54,60.1160
L,1260908,300,463,72.60,72.60,71.76,L,0,71.8184
L,1260908,300,463,72.60,72.60,71.76,L,1,72.4711
L,1260908,300,463,72.60,72.60,71.76,L,2,72.8100
L,1260908,300,463,72.60,72.60,71.76,L,3,73.3955
L,1260908,300,463,72.60,72.60,71.76,L,4,74.4967
L,1260908,300,463,72.60,72.60,71.76,L,5,75.9464
L,1260908,300,463,72.60,72.60,71.76,L,6,71.3438
L,1260908,300,463,72.60,72.60,71.76,L,7,71.4300
L,1260908,300,463,72.60,72.60,71.76,L,8,75.3144
L,1260908,300,463,72.60,72.60,71.76,L,9,78.4067
L,1260908,300,463,72.60,72.60,71.76,L,10,82.4700
X,1260908,300,463,72.60,72.60,71.76,72.3827
X,1260908,300,463,72.60,72.60,71.76,72.7220
X,1260908,300,463,72.60,72.60,71.76,71.8013
X,1260908,300,463,72.60,72.60,71.76,71.7308
K,1260908,300,463,72.60,72.60,71.76,72.7351,4
Q,1260908,300,463,72.60,72.60,71.76,72.7220,6
L,1260908,400,464,72.36,72.94,72.24,U,0,73.7523
L,1260908,400,464,72.36,72.94,72.24,U,1,72.3367
L,1260908,400,464,72.36,72.94,72.24,U,2,72.3113
L,1260908,400,464,72.36,72.94,72.24,U,3,72.9336
L,1260908,400,464,72.36,72.94,72.24,U,4,72.6800
L,1260908,400,464,72.36,72.94,72.24,U,5,71.7689
L,1260908,400,464,72.36,72.94,72.24,U,6,69.9198
L,1260908,400,464,72.36,72.94,72.24,U,7,69.0295
L,1260908,400,464,72.36,72.94,72.24,U,8,68.1335
L,1260908,400,464,72.36,72.94,72.24,U,9,67.9360
L,1260908,400,464,72.36,72.94,72.24,U,10,67.8473
L,1260908,400,464,72.36,72.94,72.24,U,11,67.1955
L,1260908,400,464,72.36,72.94,72.24,U,12,66.8034
L,1260908,400,464,72.36,72.94,72.24,U,13,66.7703
L,1260908,400,464,72.36,72.94,72.24,U,14,68.0303
L,1260908,400,464,72.36,72.94,72.24,U,15,67.1527
L,1260908,400,464,72.36,72.94,72.24,U,16,70.1421
L,1260908,400,464,72.36,72.94,72.24,U,17,69.5747
L,1260908,400,464,72.36,72.94,72.24,U,18,69.0187
L,1260908,400,464,72.36,72.94,72.24,U,19,68.9230
L,1260908,400,464,72.36,72.94,72.24,U,20,71.6760
L,1260908,400,464,72.36,72.94,72.24,U,21,69.6096
L,1260908,400,464,72.36,72.94,72.24,U,22,69.7930
L,1260908,400,464,72.36,72.94,72.24,U,23,69.2133
L,1260908,400,464,72.36,72.94,72.24,U,24,68.1405
L,1260908,400,464,72.36,72.94,72.24,U,25,68.3181
L,1260908,400,464,72.36,72.94,72.24,U,26,62.4609
L,1260908,400,464,72.36,72.94,72.24,U,27,61.3526
L,1260908,400,464,72.36,72.94,72.24,U,28,61.0356
L,1260908,400,464,72.36,72.94,72.24,U,29,60.7781
L,1260908,400,464,72.36,72.94,72.24,U,30,59.9830
L,1260908,400,464,72.36,72.94,72.24,U,31,61.2861
L,1260908,400,464,72.36,72.94,72.24,U,32,60.5958
L,1260908,400,464,72.36,72.94,72.24,U,33,55.0104
L,1260908,400,464,72.36,72.94,72.24,U,34,55.6436
L,1260908,400,464,72.36,72.94,72.24,U,35,54.9219
L,1260908,400,464,72.36,72.94,72.24,U,36,54.7837
L,1260908,400,464,72.36,72.94,72.24,U,37,56.7735
L,1260908,400,464,72.36,72.94,72.24,U,38,55.7266
L,1260908,400,464,72.36,72.94,72.24,U,39,55.8452
L,1260908,400,464,72.36,72.94,72.24,U,40,55.7200
L,1260908,400,464,72.36,72.94,72.24,U,41,48.0800
L,1260908,400,464,72.36,72.94,72.24,U,42,46.3642
L,1260908,400,464,72.36,72.94,72.24,U,43,48.0309
L,1260908,400,464,72.36,72.94,72.24,U,44,47.2682
L,1260908,400,464,72.36,72.94,72.24,U,45,49.9698
L,1260908,400,464,72.36,72.94,72.24,U,46,43.9600
L,1260908,400,464,72.36,72.94,72.24,U,47,45.8168
L,1260908,400,464,72.36,72.94,72.24,U,48,46.7271
L,1260908,400,464,72.36,72.94,72.24,U,49,35.5600
L,1260908,400,464,72.36,72.94,72.24,U,50,29.4229
L,1260908,400,464,72.36,72.94,72.24,U,51,22.7527
L,1260908,400,464,72.36,72.94,72.24,U,52,22.4133
L,1260908,400,464,72.36,72.94,72.24,U,53,44.6800
L,1260908,400,464,72.36,72.94,72.24,U,54,60.0400
L,1260908,400,464,72.36,72.94,72.24,L,0,71.9069
L,1260908,400,464,72.36,72.94,72.24,L,1,72.5737
L,1260908,400,464,72.36,72.94,72.24,L,2,72.9200
L,1260908,400,464,72.36,72.94,72.24,L,3,73.5182
L,1260908,400,464,72.36,72.94,72.24,L,4,74.6433
L,1260908,400,464,72.36,72.94,72.24,L,5,76.1245
L,1260908,400,464,72.36,72.94,72.24,L,6,71.4219
L,1260908,400,464,72.36,72.94,72.24,L,7,71.5100
L,1260908,400,464,72.36,72.94,72.24,L,8,75.4789
L,1260908,400,464,72.36,72.94,72.24,L,9,78.6383
L,1260908,400,464,72.36,72.94,72.24,L,10,82.7900
K,1260908,400,464,72.36,72.94,72.24,71.7154,4
L,1260908,500,465,72.61,72.61,72.14,U,0,72.9177
L,1260908,500,465,72.61,72.61,72.14,U,1,73.7334
L,1260908,500,465,72.61,72.61,72.14,U,2,72.3119
L,1260908,500,465,72.61,72.61,72.14,U,3,72.2864
L,1260908,500,465,72.61,72.61,72.14,U,4,72.9113
L,1260908,500,465,72.61,72.61,72.14,U,5,72.6567
L,1260908,500,465,72.61,72.61,72.14,U,6,71.7418
L,1260908,500,465,72.61,72.61,72.14,U,7,69.8850
L,1260908,500,465,72.61,72.61,72.14,U,8,68.9910
L,1260908,500,465,72.61,72.61,72.14,U,9,68.0912
L,1260908,500,465,72.61,72.61,72.14,U,10,67.8929
L,1260908,500,465,72.61,72.61,72.14,U,11,67.8039
L,1260908,500,465,72.61,72.61,72.14,U,12,67.1493
L,1260908,500,465,72.61,72.61,72.14,U,13,66.7556
L,1260908,500,465,72.61,72.61,72.14,U,14,66.7224
L,1260908,500,465,72.61,72.61,72.14,U,15,67.9876
L,1260908,500,465,72.61,72.61,72.14,U,16,67.1064
L,1260908,500,465,72.61,72.61,72.14,U,17,70.1082
L,1260908,500,465,72.61,72.61,72.14,U,18,69.5384
L,1260908,500,465,72.61,72.61,72.14,U,19,68.9801
L,1260908,500,465,72.61,72.61,72.14,U,20,68.8841
L,1260908,500,465,72.61,72.61,72.14,U,21,71.6485
L,1260908,500,465,72.61,72.61,72.14,U,22,69.5735
L,1260908,500,465,72.61,72.61,72.14,U,23,69.7577
L,1260908,500,465,72.61,72.61,72.14,U,24,69.1756
L,1260908,500,465,72.61,72.61,72.14,U,25,68.0982
L,1260908,500,465,72.61,72.61,72.14,U,26,68.2766
L,1260908,500,465,72.61,72.61,72.14,U,27,62.3950
L,1260908,500,465,72.61,72.61,72.14,U,28,61.2820
L,1260908,500,465,72.61,72.61,72.14,U,29,60.9637
L,1260908,500,465,72.61,72.61,72.14,U,30,60.7052
L,1260908,500,465,72.61,72.61,72.14,U,31,59.9067
L,1260908,500,465,72.61,72.61,72.14,U,32,61.2153
L,1260908,500,465,72.61,72.61,72.14,U,33,60.5221
L,1260908,500,465,72.61,72.61,72.14,U,34,54.9135
L,1260908,500,465,72.61,72.61,72.14,U,35,55.5493
L,1260908,500,465,72.61,72.61,72.14,U,36,54.8245
L,1260908,500,465,72.61,72.61,72.14,U,37,54.6858
L,1260908,500,465,72.61,72.61,72.14,U,38,56.6839
L,1260908,500,465,72.61,72.61,72.14,U,39,55.6326
L,1260908,500,465,72.61,72.61,72.14,U,40,55.7517
L,1260908,500,465,72.61,72.61,72.14,U,41,55.6260
L,1260908,500,465,72.61,72.61,72.14,U,42,47.9542
L,1260908,500,465,72.61,72.61,72.14,U,43,46.2312
L,1260908,500,465,72.61,72.61,72.14,U,44,47.9049
L,1260908,500,465,72.61,72.61,72.14,U,45,47.1390
L,1260908,500,465,72.61,72.61,72.14,U,46,49.8518
L,1260908,500,465,72.61,72.61,72.14,U,47,43.8170
L,1260908,500,465,72.61,72.61,72.14,U,48,45.6816
L,1260908,500,465,72.61,72.61,72.14,U,49,46.5956
L,1260908,500,465,72.61,72.61,72.14,U,50,35.3820
L,1260908,500,465,72.61,72.61,72.14,U,51,29.2193
L,1260908,500,465,72.61,72.61,72.14,U,52,22.5214
L,1260908,500,465,72.61,72.61,72.14,U,53,22.1806
L,1260908,500,465,72.61,72.61,72.14,U,54,44.5400
L,1260908,500,465,72.61,72.61,72.14,U,55,59.9640
L,1260908,500,465,72.61,72.61,72.14,L,0,71.9953
L,1260908,500,465,72.61,72.61,72.14,L,1,72.6763
L,1260908,500,465,72.61,72.61,72.14,L,2,73.0300
L,1260908,500,465,72.61,72.61,72.14,L,3,73.6409
L,1260908,500,465,72.61,72.61,72.14,L,4,74.7900
L,1260908,500,465,72.61,72.61,72.14,L,5,76.3027
L,1260908,500,465,72.61,72.61,72.14,L,6,71.5000
L,1260908,500,465,72.61,72.61,72.14,L,7,71.5900
L,1260908,500,465,72.61,72.61,72.14,L,8,75.6433
L,1260908,500,465,72.61,72.61,72.14,L,9,78.8700
L,1260908,500,465,72.61,72.61,72.14,L,10,83.1100
X,1260908,500,465,72.61,72.61,72.14,72.9366
X,1260908,500,465,72.61,72.61,72.14,72.9313
X,1260908,500,465,72.61,72.61,72.14,72.6603
K,1260908,500,465,72.61,72.61,72.14,71.6201,4
Q,1260908,500,465,72.61,72.61,72.14,72.6603,6
L,1260908,600,466,72.99,72.99,72.23,U,0,72.8955
L,1260908,600,466,72.99,72.99,72.23,U,1,73.7145
L,1260908,600,466,72.99,72.99,72.23,U,2,72.2871
L,1260908,600,466,72.99,72.99,72.23,U,3,72.2616
L,1260908,600,466,72.99,72.99,72.23,U,4,72.8890
L,1260908,600,466,72.99,72.99,72.23,U,5,72.6333
L,1260908,600,466,72.99,72.99,72.23,U,6,71.7146
L,1260908,600,466,72.99,72.99,72.23,U,7,69.8501
L,1260908,600,466,72.99,72.99,72.23,U,8,68.9524
L,1260908,600,466,72.99,72.99,72.23,U,9,68.0489
L,1260908,600,466,72.99,72.99,72.23,U,10,67.8498
L,1260908,600,466,72.99,72.99,72.23,U,11,67.7604
L,1260908,600,466,72.99,72.99,72.23,U,12,67.1031
L,1260908,600,466,72.99,72.99,72.23,U,13,66.7078
L,1260908,600,466,72.99,72.99,72.23,U,14,66.6744
L,1260908,600,466,72.99,72.99,72.23,U,15,67.9449
L,1260908,600,466,72.99,72.99,72.23,U,16,67.0600
L,1260908,600,466,72.99,72.99,72.23,U,17,70.0743
L,1260908,600,466,72.99,72.99,72.23,U,18,69.5021
L,1260908,600,466,72.99,72.99,72.23,U,19,68.9415
L,1260908,600,466,72.99,72.99,72.23,U,20,68.8451
L,1260908,600,466,72.99,72.99,72.23,U,21,71.6209
L,1260908,600,466,72.99,72.99,72.23,U,22,69.5373
L,1260908,600,466,72.99,72.99,72.23,U,23,69.7223
L,1260908,600,466,72.99,72.99,72.23,U,24,69.1378
L,1260908,600,466,72.99,72.99,72.23,U,25,68.0560
L,1260908,600,466,72.99,72.99,72.23,U,26,68.2351
L,1260908,600,466,72.99,72.99,72.23,U,27,62.3290
L,1260908,600,466,72.99,72.99,72.23,U,28,61.2115
L,1260908,600,466,72.99,72.99,72.23,U,29,60.8919
L,1260908,600,466,72.99,72.99,72.23,U,30,60.6323
L,1260908,600,466,72.99,72.99,72.23,U,31,59.8305
L,1260908,600,466,72.99,72.99,72.23,U,32,61.1444
L,1260908,600,466,72.99,72.99,72.23,U,33,60.4484
L,1260908,600,466,72.99,72.99,72.23,U,34,54.8165
L,1260908,600,466,72.99,72.99,72.23,U,35,55.4550
L,1260908,600,466,72.99,72.99,72.23,U,36,54.7272
L,1260908,600,466,72.99,72.99,72.23,U,37,54.5879
L,1260908,600,466,72.99,72.99,72.23,U,38,56.5943
L,1260908,600,466,72.99,72.99,72.23,U,39,55.5386
L,1260908,600,466,72.99,72.99,72.23,U,40,55.6583
L,1260908,600,466,72.99,72.99,72.23,U,41,55.5320
L,1260908,600,466,72.99,72.99,72.23,U,42,47.8283
L,1260908,600,466,72.99,72.99,72.23,U,43,46.0982
L,1260908,600,466,72.99,72.99,72.23,U,44,47.7789
L,1260908,600,466,72.99,72.99,72.23,U,45,47.0098
L,1260908,600,466,72.99,72.99,72.23,U,46,49.7339
L,1260908,600,466,72.99,72.99,72.23,U,47,43.6740
L,1260908,600,466,72.99,72.99,72.23,U,48,45.5463
L,1260908,600,466,72.99,72.99,72.23,U,49,46.4641
L,1260908,600,466,72.99,72.99,72.23,U,50,35.2040
L,1260908,600,466,72.99,72.99,72.23,U,51,29.0157
L,1260908,600,466,72.99,72.99,72.23,U,52,22.2900
L,1260908,600,466,72.99,72.99,72.23,U,53,21.9478
L,1260908,600,466,72.99,72.99,72.23,U,54,44.4000
L,1260908,600,466,72.99,72.99,72.23,U,55,59.8880
L,1260908,600,466,72.99,72.99,72.23,L,0,72.2315
L,1260908,600,466,72.99,72.99,72.23,L,1,72.0838
L,1260908,600,466,72.99,72.99,72.23,L,2,72.7789
L,1260908,600,466,72.99,72.99,72.23,L,3,73.1400
L,1260908,600,466,72.99,72.99,72.23,L,4,73.7636
L,1260908,600,466,72.99,72.99,72.23,L,5,74.9367
L,1260908,600,466,72.99,72.99,72.23,L,6,76.4809
L,1260908,600,466,72.99,72.99,72.23,L,7,71.5781
L,1260908,600,466,72.99,72.99,72.23,L,8,71.6700
L,1260908,600,466,72.99,72.99,72.23,L,9,75.8078
L,1260908,600,466,72.99,72.99,72.23,L,10,79.1017
L,1260908,600,466,72.99,72.99,72.23,L,11,83.4300
X,1260908,600,466,72.99,72.99,72.23,73.7211
X,1260908,600,466,72.99,72.99,72.23,71.6335
K,1260908,600,466,72.99,72.99,72.23,72.2160,4
Q,1260908,600,466,72.99,72.99,72.23,71.6335,3
L,1260908,700,467,71.90,73.21,71.54,U,0,72.8732
L,1260908,700,467,71.90,73.21,71.54,U,1,73.6957
L,1260908,700,467,71.90,73.21,71.54,U,2,72.2624
L,1260908,700,467,71.90,73.21,71.54,U,3,72.2367
L,1260908,700,467,71.90,73.21,71.54,U,4,72.8667
L,1260908,700,467,71.90,73.21,71.54,U,5,72.6100
L,1260908,700,467,71.90,73.21,71.54,U,6,71.6875
L,1260908,700,467,71.90,73.21,71.54,U,7,69.8153
L,1260908,700,467,71.90,73.21,71.54,U,8,68.9139
L,1260908,700,467,71.90,73.21,71.54,U,9,68.0066
L,1260908,700,467,71.90,73.21,71.54,U,10,67.8067
L,1260908,700,467,71.90,73.21,71.54,U,11,67.7169
L,1260908,700,467,71.90,73.21,71.54,U,12,67.0569
L,1260908,700,467,71.90,73.21,71.54,U,13,66.6599
L,1260908,700,467,71.90,73.21,71.54,U,14,66.6265
L,1260908,700,467,71.90,73.21,71.54,U,15,67.9022
L,1260908,700,467,71.90,73.21,71.54,U,16,67.0136
L,1260908,700,467,71.90,73.21,71.54,U,17,70.0403
L,1260908,700,467,71.90,73.21,71.54,U,18,69.4659
L,1260908,700,467,71.90,73.21,71.54,U,19,68.9029
L,1260908,700,467,71.90,73.21,71.54,U,20,68.8061
L,1260908,700,467,71.90,73.21,71.54,U,21,71.5934
L,1260908,700,467,71.90,73.21,71.54,U,22,69.5012
L,1260908,700,467,71.90,73.21,71.54,U,23,69.6870
L,1260908,700,467,71.90,73.21,71.54,U,24,69.1000
L,1260908,700,467,71.90,73.21,71.54,U,25,68.0137
L,1260908,700,467,71.90,73.21,71.54,U,26,68.1936
L,1260908,700,467,71.90,73.21,71.54,U,27,62.2631
L,1260908,700,467,71.90,73.21,71.54,U,28,61.1410
L,1260908,700,467,71.90,73.21,71.54,U,29,60.8200
L,1260908,700,467,71.90,73.21,71.54,U,30,60.5593
L,1260908,700,467,71.90,73.21,71.54,U,31,59.7543
L,1260908,700,467,71.90,73.21,71.54,U,32,61.0736
L,1260908,700,467,71.90,73.21,71.54,U,33,60.3747
L,1260908,700,467,71.90,73.21,71.54,U,34,54.7196
L,1260908,700,467,71.90,73.21,71.54,U,35,55.3607
L,1260908,700,467,71.90,73.21,71.54,U,36,54.6299
L,1260908,700,467,71.90,73.21,71.54,U,37,54.4900
L,1260908,700,467,71.90,73.21,71.54,U,38,56.5047
L,1260908,700,467,71.90,73.21,71.54,U,39,55.4447
L,1260908,700,467,71.90,73.21,71.54,U,40,55.5648
L,1260908,700,467,71.90,73.21,71.54,U,41,55.4380
L,1260908,700,467,71.90,73.21,71.54,U,42,47.7025
L,1260908,700,467,71.90,73.21,71.54,U,43,45.9653
L,1260908,700,467,71.90,73.21,71.54,U,44,47.6528
L,1260908,700,467,71.90,73.21,71.54,U,45,46.8806
L,1260908,700,467,71.90,73.21,71.54,U,46,49.6159
L,1260908,700,467,71.90,73.21,71.54,U,47,43.5310
L,1260908,700,467,71.90,73.21,71.54,U,48,45.4111
L,1260908,700,467,71.90,73.21,71.54,U,49,46.3326
L,1260908,700,467,71.90,73.21,71.54,U,50,35.0260
L,1260908,700,467,71.90,73.21,71.54,U,51,28.8121
L,1260908,700,467,71.90,73.21,71.54,U,52,22.0586
L,1260908,700,467,71.90,73.21,71.54,U,53,21.7150
L,1260908,700,467,71.90,73.21,71.54,U,54,44.2600
L,1260908,700,467,71.90,73.21,71.54,U,55,59.8120
L,1260908,700,467,71.90,73.21,71.54,L,0,72.3229
L,1260908,700,467,71.90,73.21,71.54,L,1,72.1722
L,1260908,700,467,71.90,73.21,71.54,L,2,72.8816
L,1260908,700,467,71.90,73.21,71.54,L,3,73.2500
L,1260908,700,467,71.90,73.21,71.54,L,4,73.8864
L,1260908,700,467,71.90,73.21,71.54,L,5,75.0833
L,1260908,700,467,71.90,73.21,71.54,L,6,76.6591
L,1260908,700,467,71.90,73.21,71.54,L,7,71.6562
L,1260908,700,467,71.90,73.21,71.54,L,8,71.7500
L,1260908,700,467,71.90,73.21,71.54,L,9,75.9722
L,1260908,700,467,71.90,73.21,71.54,L,10,79.3333
L,1260908,700,467,71.90,73.21,71.54,L,11,83.7500
X,1260908,700,467,71.90,73.21,71.54,72.8747
X,1260908,700,467,71.90,73.21,71.54,72.2753
X,1260908,700,467,71.90,73.21,71.54,72.2551
X,1260908,700,467,71.90,73.21,71.54,72.8694
X,1260908,700,467,71.90,73.21,71.54,71.7033
X,1260908,700,467,71.90,73.21,71.54,71.6098
K,1260908,700,467,71.90,73.21,71.54,72.2485,4
Q,1260908,700,467,71.90,73.21,71.54,72.8747,5
